<?xml version="1.0" encoding="UTF-8"?>
<clinical_study rank="18">
  <!-- This xml conforms to an XML Schema at:
    https://clinicaltrials.gov/ct2/html/images/info/public.xsd -->
  <required_header>
    <download_date>ClinicalTrials.gov processed this data on February 06, 2024</download_date>
    <link_text>Link to the current ClinicalTrials.gov record.</link_text>
    <url>https://clinicaltrials.gov/ct2/show/NCT02862743</url>
  </required_header>
  <id_info>
    <org_study_id>PO15097*</org_study_id>
    <nct_id>NCT02862743</nct_id>
  </id_info>
  <brief_title>Molecular Characterization of Advanced Stage Melanoma by Blood Sampling</brief_title>
  <acronym>MELCIRC</acronym>
  <official_title>Molecular Characterization of Advanced Stage Melanoma by Blood Sampling</official_title>
  <sponsors>
    <lead_sponsor>
      <agency>CHU de Reims</agency>
      <agency_class>Other</agency_class>
    </lead_sponsor>
  </sponsors>
  <source>CHU de Reims</source>
  <brief_summary>
    <textblock>
      Analysis of somatic mutations in tumors is currently indicated for daily practice in all&#xD;
      metastatic melanoma. Actually, this research is limited to the mutation of three biomarkers&#xD;
      validated by the l'Institut National du CAncer (INCA): BRAF, NRAS and CKIT. Moreover, in some&#xD;
      cases it requires invasive biopsies.&#xD;
&#xD;
      In this context, molecular characterization of a tumor material flowing (circulating tumor&#xD;
      DNA and / or circulating tumor cells) could afford to benefit patients in the best conditions&#xD;
      of current targeted therapies and future.&#xD;
    </textblock>
  </brief_summary>
  <detailed_description>
    <textblock>
      The main objective of this study will be to define the diagnostic sensitivity of a panel of&#xD;
      biomarker on the circulating tumor DNA from peripheral blood.&#xD;
&#xD;
      The secondary objectives of this study will be:&#xD;
&#xD;
        -  Study the concordance between mutations in circulating tumor DNA and mutations in tumor&#xD;
           tissue - Study the associations between mutational profiles and clinical and&#xD;
           histological features of melanoma.&#xD;
&#xD;
        -  Study the prognostic impact on survival of the identified genetic profile from the&#xD;
           circulating tumor DNA&#xD;
    </textblock>
  </detailed_description>
  <overall_status>Completed</overall_status>
  <start_date type="Actual">January 14, 2016</start_date>
  <completion_date type="Actual">December 31, 2019</completion_date>
  <primary_completion_date type="Actual">December 31, 2019</primary_completion_date>
  <phase>N/A</phase>
  <study_type>Interventional</study_type>
  <has_expanded_access>No</has_expanded_access>
  <study_design_info>
    <allocation>N/A</allocation>
    <intervention_model>Single Group Assignment</intervention_model>
    <primary_purpose>Basic Science</primary_purpose>
    <masking>None (Open Label)</masking>
  </study_design_info>
  <primary_outcome>
    <measure>Diagnostic sensitivity of a panel of biomarker on the circulating tumor DNA from peripheral blood</measure>
    <time_frame>Day 0</time_frame>
    <description>Number of patients for which a circulating tumor DNA is detected (positivity of at least one marker of the panel)</description>
  </primary_outcome>
  <number_of_arms>1</number_of_arms>
  <enrollment type="Actual">50</enrollment>
  <condition>Metastatic Melanoma</condition>
  <arm_group>
    <arm_group_label>patients with metastatic melanoma</arm_group_label>
    <arm_group_type>Experimental</arm_group_type>
    <description>patients with metastatic melanoma (stage III unresectable or stage IV)</description>
  </arm_group>
  <intervention>
    <intervention_type>Other</intervention_type>
    <intervention_name>patients with metastatic melanoma</intervention_name>
    <description>Blood sample to realize molecular characterization of melanoma</description>
    <arm_group_label>patients with metastatic melanoma</arm_group_label>
  </intervention>
  <eligibility>
    <criteria>
      <textblock>
        Inclusion Criteria:&#xD;
&#xD;
          -  patient with melanoma confirmed histologically&#xD;
&#xD;
          -  patient with metastatic melanoma (stage III unresectable or stage IV)&#xD;
&#xD;
          -  patient consenting to participate to the study&#xD;
&#xD;
          -  patient enrolled in the national healthcare insurance program&#xD;
&#xD;
          -  patient older than 18 years&#xD;
&#xD;
        Exclusion Criteria:&#xD;
&#xD;
        - Metastatic tumor whose origin is doubtful (uncertain melanoma)&#xD;
      </textblock>
    </criteria>
    <gender>All</gender>
    <minimum_age>18 Years</minimum_age>
    <maximum_age>N/A</maximum_age>
    <healthy_volunteers>No</healthy_volunteers>
  </eligibility>
  <location>
    <facility>
      <name>Chu de Reims</name>
      <address>
        <city>Reims</city>
        <zip>51092</zip>
        <country>France</country>
      </address>
    </facility>
  </location>
  <location_countries>
    <country>France</country>
  </location_countries>
  <verification_date>September 2022</verification_date>
  <study_first_submitted>August 8, 2016</study_first_submitted>
  <study_first_submitted_qc>August 8, 2016</study_first_submitted_qc>
  <study_first_posted type="Estimate">August 11, 2016</study_first_posted>
  <last_update_submitted>September 16, 2022</last_update_submitted>
  <last_update_submitted_qc>September 16, 2022</last_update_submitted_qc>
  <last_update_posted type="Actual">September 19, 2022</last_update_posted>
  <responsible_party>
    <responsible_party_type>Sponsor</responsible_party_type>
  </responsible_party>
  <condition_browse>
    <!-- CAUTION:  The following MeSH terms are assigned with an imperfect algorithm            -->
    <mesh_term>Melanoma</mesh_term>
  </condition_browse>
  <!-- Results have not yet been posted for this study                                          -->
</clinical_study>

