<?xml version="1.0" encoding="UTF-8"?>
<clinical_study rank="51">
  <!-- This xml conforms to an XML Schema at:
    https://clinicaltrials.gov/ct2/html/images/info/public.xsd -->
  <required_header>
    <download_date>ClinicalTrials.gov processed this data on February 06, 2024</download_date>
    <link_text>Link to the current ClinicalTrials.gov record.</link_text>
    <url>https://clinicaltrials.gov/ct2/show/NCT03464604</url>
  </required_header>
  <id_info>
    <org_study_id>1023029</org_study_id>
    <nct_id>NCT03464604</nct_id>
  </id_info>
  <brief_title>Melanoma Accuracy Study; Phase 2</brief_title>
  <official_title>Melanoma Accuracy Study, Phase Two</official_title>
  <sponsors>
    <lead_sponsor>
      <agency>Nova Scotia Health Authority</agency>
      <agency_class>Other</agency_class>
    </lead_sponsor>
  </sponsors>
  <source>Nova Scotia Health Authority</source>
  <oversight_info>
    <has_dmc>No</has_dmc>
    <is_fda_regulated_drug>No</is_fda_regulated_drug>
    <is_fda_regulated_device>No</is_fda_regulated_device>
  </oversight_info>
  <brief_summary>
    <textblock>
      The purpose of this study is to evaluate the process, accuracy and patient outcomes of&#xD;
      pre-screening dermatology referrals in a clinical setting by a qualified nurse. The&#xD;
      long-range goal of the proposed program is to improve referral wait times for patients to see&#xD;
      a dermatologist for lesions suspicious for melanoma in comparison to normal standards of care&#xD;
      in NS. If effective, this screening program would decrease wait times for those patients with&#xD;
      lesions suspicious for melanoma providing earlier diagnosis and expedited treatment, and&#xD;
      potentially reducing mortality rates.&#xD;
    </textblock>
  </brief_summary>
  <detailed_description>
    <textblock>
      The purpose of this study is to evaluate the process, accuracy and patient outcomes of&#xD;
      pre-screening dermatology referrals in a clinical setting by a qualified nurse using a&#xD;
      dermatoscope, triaging suspicious lesions vs. benign lesions. The long-range goal of the&#xD;
      proposed program is to improve referral wait times for patients to see a dermatologist for&#xD;
      lesions suspicious for melanoma in comparison to normal standards of care in NS. If&#xD;
      effective, this screening program would decrease wait times for those patients with lesions&#xD;
      suspicious for melanoma providing earlier diagnosis and expedited treatment, and potentially&#xD;
      reducing mortality rates.&#xD;
    </textblock>
  </detailed_description>
  <overall_status>Terminated</overall_status>
  <why_stopped>
    COVID forced the termination of this study. No impact on participants already enrolled.&#xD;
  </why_stopped>
  <start_date type="Actual">February 28, 2018</start_date>
  <completion_date type="Actual">October 10, 2018</completion_date>
  <primary_completion_date type="Actual">October 10, 2018</primary_completion_date>
  <study_type>Observational</study_type>
  <has_expanded_access>No</has_expanded_access>
  <study_design_info>
    <observational_model>Case-Control</observational_model>
    <time_perspective>Prospective</time_perspective>
  </study_design_info>
  <primary_outcome>
    <measure>Pre-screening lesions low to moderate risk for melanoma by a nurse, will facilitate a more timely diagnosis of melanoma.</measure>
    <time_frame>3 years</time_frame>
    <description>Pre-screening referrals to the Department of Dermatology by a qualified nurse for patients with lesions, low to moderate risk for melanoma, would facilitate a more timely diagnosis of melanoma, and appropriate triaging of benign lesions.</description>
  </primary_outcome>
  <number_of_groups>2</number_of_groups>
  <enrollment type="Actual">121</enrollment>
  <condition>Melanoma</condition>
  <arm_group>
    <arm_group_label>Group 1 Control group</arm_group_label>
    <description>Patients randomized into this group will follow normal standard of care in Nova Scotia</description>
  </arm_group>
  <arm_group>
    <arm_group_label>Group 2 Active group</arm_group_label>
    <description>Patients randomized into this group will be part of the active arm of the study. They will be pre-screened and asked the following questions:&#xD;
Sign an Information and Authorization form&#xD;
Demographic data: gender, date of birth, ethnicity&#xD;
Health history (duration of lesion, changes in lesion, specific changes, who identified the lesion, measurement in two greatest dimensions radially and color.</description>
  </arm_group>
  <intervention>
    <intervention_type>Diagnostic Test</intervention_type>
    <intervention_name>active</intervention_name>
    <description>Pre-screening for melanoma by qualified nurse</description>
    <arm_group_label>Group 2 Active group</arm_group_label>
  </intervention>
  <eligibility>
    <study_pop>
      <textblock>
        Patients are 18+ (male or female) referred to the Department of Dermatology at the NSHA for&#xD;
        a suspicious pigmented lesion(s).&#xD;
      </textblock>
    </study_pop>
    <sampling_method>Non-Probability Sample</sampling_method>
    <criteria>
      <textblock>
        Inclusion Criteria:&#xD;
&#xD;
          -  New referral from a general practitioner to a dermatologist&#xD;
&#xD;
          -  Males and females, over the age of 18 are eligible to participate&#xD;
&#xD;
          -  Written informed consent from the patient&#xD;
&#xD;
          -  Lesion or mole is new, changing color, growing rapidly or has a change in sensation&#xD;
&#xD;
          -  Willing to have the lesion excised if necessary per standard of care&#xD;
&#xD;
          -  Ability to complete the imaging procedure and willing to complete a basic history&#xD;
&#xD;
          -  Pigmented lesion considered low, moderate or high risk for melanoma by a general&#xD;
             practitioner&#xD;
&#xD;
        Exclusion Criteria&#xD;
&#xD;
          -  Lesions which are not amenable&#xD;
&#xD;
          -  Participant unable to read, understand or sign consent&#xD;
&#xD;
          -  Participant under active care by a dermatologist&#xD;
&#xD;
          -  Lesion &lt;2 mm or &gt;15mm in diameter&#xD;
&#xD;
          -  Lesion located on areas of scars, crusts, psoriasis, eczema or similar skin conditions&#xD;
&#xD;
          -  Lesion on hair covered areas (e.g. scalp, beard, mustache) where hair cannot be&#xD;
             removed&#xD;
&#xD;
          -  Lesions located on genitalia not accessible to equipment&#xD;
&#xD;
          -  Lesions located in an area that has previously biopsied or subjected to any kind of&#xD;
             surgical or ablative procedure&#xD;
&#xD;
          -  Lesion with foreign matter, e.g. tattoo or splinter&#xD;
&#xD;
          -  Lesion and/or reference located on acute sunburn&#xD;
&#xD;
          -  Skin surface not measurable, e.g. lesion on a stalk&#xD;
&#xD;
          -  Skin surface not accessible, e.g. inside ears, ears, under nails&#xD;
&#xD;
          -  Skin not intact (measurement area), e.g. bleeding or with clinically noticeable&#xD;
             ulceration&#xD;
&#xD;
          -  Lesions located within 1cm of the eye&#xD;
&#xD;
          -  Lesions light in pigment or thick and nodular&#xD;
&#xD;
          -  Participants not willing to have the lesion excised&#xD;
      </textblock>
    </criteria>
    <gender>All</gender>
    <minimum_age>18 Years</minimum_age>
    <maximum_age>N/A</maximum_age>
    <healthy_volunteers>Accepts Healthy Volunteers</healthy_volunteers>
  </eligibility>
  <overall_official>
    <last_name>Richard G Lngley, PhD</last_name>
    <role>Principal Investigator</role>
    <affiliation>Nova Scotia Health Authority</affiliation>
  </overall_official>
  <location>
    <facility>
      <name>Nova Scotia Health</name>
      <address>
        <city>Halifax</city>
        <state>Nova Scotia</state>
        <zip>B3A 4A7</zip>
        <country>Canada</country>
      </address>
    </facility>
  </location>
  <location>
    <facility>
      <name>Nova Scotia Health</name>
      <address>
        <city>Halifax</city>
        <state>Nova Scotia</state>
        <zip>B3H 4A7</zip>
        <country>Canada</country>
      </address>
    </facility>
  </location>
  <location_countries>
    <country>Canada</country>
  </location_countries>
  <verification_date>November 2022</verification_date>
  <study_first_submitted>February 27, 2018</study_first_submitted>
  <study_first_submitted_qc>March 7, 2018</study_first_submitted_qc>
  <study_first_posted type="Actual">March 14, 2018</study_first_posted>
  <last_update_submitted>November 18, 2022</last_update_submitted>
  <last_update_submitted_qc>November 18, 2022</last_update_submitted_qc>
  <last_update_posted type="Actual">November 23, 2022</last_update_posted>
  <responsible_party>
    <responsible_party_type>Sponsor</responsible_party_type>
  </responsible_party>
  <condition_browse>
    <!-- CAUTION:  The following MeSH terms are assigned with an imperfect algorithm            -->
    <mesh_term>Melanoma</mesh_term>
  </condition_browse>
  <patient_data>
    <sharing_ipd>No</sharing_ipd>
  </patient_data>
  <!-- Results have not yet been posted for this study                                          -->
</clinical_study>

