<?xml version="1.0" encoding="UTF-8"?>
<clinical_study rank="458">
  <!-- This xml conforms to an XML Schema at:
    https://clinicaltrials.gov/ct2/html/images/info/public.xsd -->
  <required_header>
    <download_date>ClinicalTrials.gov processed this data on February 06, 2024</download_date>
    <link_text>Link to the current ClinicalTrials.gov record.</link_text>
    <url>https://clinicaltrials.gov/ct2/show/NCT03552549</url>
  </required_header>
  <id_info>
    <org_study_id>C98135</org_study_id>
    <secondary_id>MK-4031-002</secondary_id>
    <secondary_id>C98-135</secondary_id>
    <nct_id>NCT03552549</nct_id>
  </id_info>
  <brief_title>SCH 54031 PEG12000 Interferon Alfa-2b (PEG Intron, MK-4031) vs. INTRON®A (SCH 30500, MK-2958) as Adjuvant Therapy for Melanoma (C98-135, MK-4031-002)</brief_title>
  <official_title>A Randomized Phase II/III Trial of SCH 54031 PEG12000 Interferon Alfa-2b (PEG Intron) vs. INTRON®A as Adjuvant Therapy for Melanoma</official_title>
  <sponsors>
    <lead_sponsor>
      <agency>Merck Sharp &amp; Dohme LLC</agency>
      <agency_class>Industry</agency_class>
    </lead_sponsor>
  </sponsors>
  <source>Merck Sharp &amp; Dohme LLC</source>
  <oversight_info>
    <has_dmc>No</has_dmc>
  </oversight_info>
  <brief_summary>
    <textblock>
      This is a Phase II/III randomized, controlled, multicenter, open-label study designed to&#xD;
      assess the safety, efficacy, and impact on quality of life of PEG Intron (MK-4031) and&#xD;
      INTRON® A (MK-2958) and the pharmacokinetics of PEG Intron when given as adjuvant (after&#xD;
      surgery) therapy in participants with resected (surgically removed) Stage III node-positive&#xD;
      cutaneous melanoma.&#xD;
    </textblock>
  </brief_summary>
  <detailed_description>
    <textblock>
      This study was closed to enrollment prematurely due to sub-optimal accrual. Participants who&#xD;
      were enrolled prior to enrollment closure were allowed to continue to receive study drug;&#xD;
      these participants were followed for safety only.&#xD;
    </textblock>
  </detailed_description>
  <overall_status>Terminated</overall_status>
  <why_stopped>
    This study was closed to enrollment prematurely due to sub-optimal accrual.&#xD;
  </why_stopped>
  <start_date type="Actual">August 5, 1998</start_date>
  <completion_date type="Actual">February 19, 2001</completion_date>
  <primary_completion_date type="Actual">February 19, 2001</primary_completion_date>
  <phase>Phase 2/Phase 3</phase>
  <study_type>Interventional</study_type>
  <has_expanded_access>No</has_expanded_access>
  <study_design_info>
    <allocation>Randomized</allocation>
    <intervention_model>Parallel Assignment</intervention_model>
    <primary_purpose>Treatment</primary_purpose>
    <masking>None (Open Label)</masking>
  </study_design_info>
  <primary_outcome>
    <measure>Progression-free Survival (PFS)</measure>
    <time_frame>From time of randomization to time of progression or death (up to approximately 26 months)</time_frame>
    <description>Progression-free survival time was defined as the time from the date of randomization to the date of disease progression or the date of death regardless of the cause. PFS was to be assessed by clinical observation, with recurrence documented by appropriate radiographic and histologic methods, and confirmed by Independent Central Review.</description>
  </primary_outcome>
  <secondary_outcome>
    <measure>Overall Survival</measure>
    <time_frame>From time of randomization to time of death (up to approximately 26 months)</time_frame>
    <description>Overall survival (OS) is the time from randomization to death due to any cause. Participants were to be followed for survival every 3 months. Participants without documented death at the time of the final analysis were to be censored at the date of the last follow-up. After the early termination of the study, participants were followed for safety only. Although the OS analysis is not in the clinical study report due to early termination of the study, an OS ad hoc analysis was requested by the FDA and is therefore presented in this outcome measure. Below table presents the median duration of survival for participants.</description>
  </secondary_outcome>
  <number_of_arms>2</number_of_arms>
  <enrollment type="Actual">126</enrollment>
  <condition>Melanoma</condition>
  <arm_group>
    <arm_group_label>PEG-Intron</arm_group_label>
    <arm_group_type>Experimental</arm_group_type>
    <description>Participants with stage III node positive cutaneous melanoma will receive subcutaneous PEG-Intron (6.0 ug/kg weekly) for 2 years post-surgery.</description>
  </arm_group>
  <arm_group>
    <arm_group_label>INTRON A</arm_group_label>
    <arm_group_type>Experimental</arm_group_type>
    <description>Participants with stage III node positive cutaneous melanoma will receive intravenous INTRON A (20 million international units [MIU]/m^2/day, 5 days a week) for 4 weeks followed by subcutaneous INTRON A (10 MIU/m^2 three times per week) for 48 weeks post-surgery.</description>
  </arm_group>
  <intervention>
    <intervention_type>Biological</intervention_type>
    <intervention_name>PEG-Intron</intervention_name>
    <description>Polyethylene glycol (PEG)12000 Interferon alfa 2-b subcutaneous injection.</description>
    <arm_group_label>PEG-Intron</arm_group_label>
    <other_name>peginterferon alfa-2b, SCH 54031, MK-4031</other_name>
  </intervention>
  <intervention>
    <intervention_type>Biological</intervention_type>
    <intervention_name>INTRON A</intervention_name>
    <description>Interferon alfa-2b, recombinant for intravenous injection.</description>
    <arm_group_label>INTRON A</arm_group_label>
    <other_name>interferon alfa-2b, SCH 30500, MK-2958</other_name>
  </intervention>
  <eligibility>
    <criteria>
      <textblock>
        Inclusion Criteria:&#xD;
&#xD;
          -  Participants must have histologically documented primary cutaneous melanoma meeting&#xD;
             one of the following staging criteria:&#xD;
&#xD;
               -  Primary melanoma of any stage in the presence of N1 regional lymph node&#xD;
                  metastases detected at elective lymph node dissection or sentinel node biopsy,&#xD;
                  with clinically inapparent regional lymph node metastasis (any pTN1M0).&#xD;
&#xD;
               -  Clinically apparent N1 or N2a regional lymph node involvement synchronous with&#xD;
                  primary melanoma of T1-4 (any pTN1-2aM0).&#xD;
&#xD;
               -  Regional lymph node recurrence at any interval after appropriate surgery for&#xD;
                  primary melanoma of any depth (any primary tumor [pT], r N1-2a M0).&#xD;
&#xD;
          -  Participants must have had all known disease completely resected with adequate&#xD;
             surgical margins within 56 days prior to randomization into the study&#xD;
&#xD;
          -  Participants must have an Eastern Cooperative Oncology Group (ECOG) performance status&#xD;
             of 0 or 1&#xD;
&#xD;
          -  Participants must have adequate hepatic, renal and bone marrow function as defined by&#xD;
             the following parameters obtained within 14 days prior to initiation of study&#xD;
             treatment:&#xD;
&#xD;
               -  Hematology: white blood cells (WBC) ≥3,000 cells/µL and hemoglobin ≥9 g/dL.&#xD;
&#xD;
               -  Renal and hepatic function: serum creatinine &lt;2.0 mg/dL; aspartate&#xD;
                  aminotransferase (AST or SGOT) and alanine aminotransferase (ALT or SGPT) &lt;2&#xD;
                  times upper limit of laboratory normal (ULN); and serum bilirubin &lt;2 times ULN&#xD;
&#xD;
          -  Participants must sign and date a voluntary informed consent form before study entry,&#xD;
             be willing to participate in this study and agree to complete all follow-up&#xD;
             assessments.&#xD;
&#xD;
        Exclusion Criteria:&#xD;
&#xD;
          -  Participants who have received any prior chemotherapy, immunotherapy hormonal or&#xD;
             radiation therapy for melanoma.&#xD;
&#xD;
          -  Participants who have evidence of distant or non-regional lymph node metastases,&#xD;
             in-transit metastases, or positive lymph nodes with an unknown primary.&#xD;
&#xD;
          -  Participants whose disease cannot be completely surgically resected because of gross&#xD;
             extracapsular extension.&#xD;
&#xD;
          -  Participants who have previously received interferon for any reason.&#xD;
&#xD;
          -  Participants who have severe cardiovascular disease, i.e., arrhythmias requiring&#xD;
             chronic treatment, congestive heart failure (New York Heart Association [NYHA] Class&#xD;
             III or IV) or symptomatic ischemic heart disease.&#xD;
&#xD;
          -  Participants who have a history of neuropsychiatric disorder requiring&#xD;
             hospitalization.&#xD;
&#xD;
          -  Participants with thyroid dysfunction not responsive to therapy.&#xD;
&#xD;
          -  Participants with uncontrolled diabetes mellitus.&#xD;
&#xD;
          -  Participants with a history of prior malignancy within the past 5 years other than&#xD;
             surgically cured non-melanoma skin cancer or cervical carcinoma in situ.&#xD;
&#xD;
          -  Participants who have a history of seropositivity for human immunodeficiency virus&#xD;
             (HIV).&#xD;
&#xD;
          -  Participants who are pregnant, lactating, or of reproductive potential and not&#xD;
             practicing an effective means of contraception.&#xD;
&#xD;
          -  Participants with active and/or uncontrolled infection, including active hepatitis.&#xD;
&#xD;
          -  Participants with a medical condition requiring chronic systemic corticosteroids.&#xD;
&#xD;
          -  Participants who are known to be actively abusing alcohol or drugs.&#xD;
&#xD;
          -  Participants who have received any experimental therapy within 30 days prior to&#xD;
             randomization in this study.&#xD;
&#xD;
          -  Participants who have not recovered from the effects of recent surgery.&#xD;
      </textblock>
    </criteria>
    <gender>All</gender>
    <minimum_age>18 Years</minimum_age>
    <maximum_age>70 Years</maximum_age>
    <healthy_volunteers>No</healthy_volunteers>
  </eligibility>
  <overall_official>
    <last_name>Medical Director</last_name>
    <role>Study Director</role>
    <affiliation>Merck Sharp &amp; Dohme LLC</affiliation>
  </overall_official>
  <verification_date>July 2019</verification_date>
  <study_first_submitted>May 29, 2018</study_first_submitted>
  <study_first_submitted_qc>May 29, 2018</study_first_submitted_qc>
  <study_first_posted type="Actual">June 12, 2018</study_first_posted>
  <results_first_submitted>March 29, 2019</results_first_submitted>
  <results_first_submitted_qc>July 16, 2019</results_first_submitted_qc>
  <results_first_posted type="Actual">July 24, 2019</results_first_posted>
  <last_update_submitted>July 16, 2019</last_update_submitted>
  <last_update_submitted_qc>July 16, 2019</last_update_submitted_qc>
  <last_update_posted type="Actual">July 24, 2019</last_update_posted>
  <responsible_party>
    <responsible_party_type>Sponsor</responsible_party_type>
  </responsible_party>
  <condition_browse>
    <!-- CAUTION:  The following MeSH terms are assigned with an imperfect algorithm            -->
    <mesh_term>Melanoma</mesh_term>
  </condition_browse>
  <intervention_browse>
    <!-- CAUTION:  The following MeSH terms are assigned with an imperfect algorithm            -->
    <mesh_term>Interferons</mesh_term>
    <mesh_term>Interferon-alpha</mesh_term>
    <mesh_term>Interferon alpha-2</mesh_term>
    <mesh_term>Peginterferon alfa-2b</mesh_term>
  </intervention_browse>

  <clinical_results>

    <participant_flow>
      <group_list>
        <group group_id="P1">
          <title>PEG-Intron</title>
          <description>Participants with stage III node positive cutaneous melanoma received subcutaneous PEG-Intron (6.0 ug/kg weekly) for up to 24 months post-surgery</description>
        </group>
        <group group_id="P2">
          <title>INTRON A</title>
          <description>Participants with stage III node positive cutaneous melanoma received intravenous INTRON A (20 million international units [MIU]/m^2/day, 5 days a week) for 4 weeks followed by subcutaneous INTRON A (10 MIU/m^2 three times per week) for up to 12 months post-surgery</description>
        </group>
      </group_list>
      <period_list>
        <period>
          <title>Overall Study</title>
          <milestone_list>
            <milestone>
              <title>STARTED</title>
              <participants_list>
                <participants group_id="P1" count="63"/>
                <participants group_id="P2" count="63"/>
              </participants_list>
            </milestone>
            <milestone>
              <title>Treated</title>
              <participants_list>
                <participants group_id="P1" count="62"/>
                <participants group_id="P2" count="62"/>
              </participants_list>
            </milestone>
            <milestone>
              <title>COMPLETED</title>
              <participants_list>
                <participants group_id="P1" count="10"/>
                <participants group_id="P2" count="11"/>
              </participants_list>
            </milestone>
            <milestone>
              <title>NOT COMPLETED</title>
              <participants_list>
                <participants group_id="P1" count="53"/>
                <participants group_id="P2" count="52"/>
              </participants_list>
            </milestone>
          </milestone_list>
          <drop_withdraw_reason_list>
            <drop_withdraw_reason>
              <title>Disease progression</title>
              <participants_list>
                <participants group_id="P1" count="25"/>
                <participants group_id="P2" count="17"/>
              </participants_list>
            </drop_withdraw_reason>
            <drop_withdraw_reason>
              <title>Adverse event in first 12 months</title>
              <participants_list>
                <participants group_id="P1" count="12"/>
                <participants group_id="P2" count="8"/>
              </participants_list>
            </drop_withdraw_reason>
            <drop_withdraw_reason>
              <title>Withdrawal by Subject</title>
              <participants_list>
                <participants group_id="P1" count="7"/>
                <participants group_id="P2" count="7"/>
              </participants_list>
            </drop_withdraw_reason>
            <drop_withdraw_reason>
              <title>Unknown (no reason provided)</title>
              <participants_list>
                <participants group_id="P1" count="4"/>
                <participants group_id="P2" count="2"/>
              </participants_list>
            </drop_withdraw_reason>
            <drop_withdraw_reason>
              <title>Not in participant's best interest</title>
              <participants_list>
                <participants group_id="P1" count="2"/>
                <participants group_id="P2" count="1"/>
              </participants_list>
            </drop_withdraw_reason>
            <drop_withdraw_reason>
              <title>Did not complete study treatment</title>
              <participants_list>
                <participants group_id="P1" count="2"/>
                <participants group_id="P2" count="3"/>
              </participants_list>
            </drop_withdraw_reason>
            <drop_withdraw_reason>
              <title>Did not meet eligibility criteria</title>
              <participants_list>
                <participants group_id="P1" count="1"/>
                <participants group_id="P2" count="0"/>
              </participants_list>
            </drop_withdraw_reason>
            <drop_withdraw_reason>
              <title>Administrative</title>
              <participants_list>
                <participants group_id="P1" count="0"/>
                <participants group_id="P2" count="14"/>
              </participants_list>
            </drop_withdraw_reason>
          </drop_withdraw_reason_list>
        </period>
      </period_list>
    </participant_flow>

    <baseline>
      <group_list>
        <group group_id="B1">
          <title>PEG-Intron</title>
          <description>Participants with stage III node positive cutaneous melanoma received subcutaneous PEG-Intron (6.0 ug/kg weekly) for up to 24 months post-surgery</description>
        </group>
        <group group_id="B2">
          <title>INTRON A</title>
          <description>Participants with stage III node positive cutaneous melanoma received intravenous INTRON A (20 million international units [MIU]/m^2/day, 5 days a week) for 4 weeks followed by subcutaneous INTRON A (10 MIU/m^2 three times per week) for up to 12 months post-surgery</description>
        </group>
        <group group_id="B3">
          <title>Total</title>
          <description>Total of all reporting groups</description>
        </group>
      </group_list>
      <analyzed_list>
        <analyzed>
          <units>Participants</units>
          <scope>Overall</scope>
          <count_list>
            <count group_id="B1" value="63"/>
            <count group_id="B2" value="63"/>
            <count group_id="B3" value="126"/>
          </count_list>
        </analyzed>
      </analyzed_list>
      <measure_list>
        <measure>
          <title>Age</title>
          <population>Age is unknown for 1 participant in each treatment group.</population>
          <units>Years</units>
          <param>Mean</param>
          <dispersion>Standard Deviation</dispersion>
          <class_list>
            <class>
              <analyzed_list>
                <analyzed>
                  <units>Participants</units>
                  <scope>Class</scope>
                  <count_list>
                    <count group_id="B1" value="62"/>
                    <count group_id="B2" value="62"/>
                    <count group_id="B3" value="124"/>
                  </count_list>
                </analyzed>
              </analyzed_list>
              <category_list>
                <category>
                  <measurement_list>
                    <measurement group_id="B1" value="48.1" spread="13.6"/>
                    <measurement group_id="B2" value="49.2" spread="12.2"/>
                    <measurement group_id="B3" value="48.6" spread="12.9"/>
                  </measurement_list>
                </category>
              </category_list>
            </class>
          </class_list>
        </measure>
        <measure>
          <title>Sex: Female, Male</title>
          <units>Participants</units>
          <param>Count of Participants</param>
          <class_list>
            <class>
              <analyzed_list>
                <analyzed>
                  <units>Participants</units>
                  <scope>Class</scope>
                  <count_list>
                    <count group_id="B1" value="63"/>
                    <count group_id="B2" value="63"/>
                    <count group_id="B3" value="126"/>
                  </count_list>
                </analyzed>
              </analyzed_list>
              <category_list>
                <category>
                  <title>Female</title>
                  <measurement_list>
                    <measurement group_id="B1" value="24"/>
                    <measurement group_id="B2" value="22"/>
                    <measurement group_id="B3" value="46"/>
                  </measurement_list>
                </category>
                <category>
                  <title>Male</title>
                  <measurement_list>
                    <measurement group_id="B1" value="39"/>
                    <measurement group_id="B2" value="41"/>
                    <measurement group_id="B3" value="80"/>
                  </measurement_list>
                </category>
              </category_list>
            </class>
          </class_list>
        </measure>
      </measure_list>
    </baseline>

    <outcome_list>
      <outcome>
        <type>Primary</type>
        <title>Progression-free Survival (PFS)</title>
        <description>Progression-free survival time was defined as the time from the date of randomization to the date of disease progression or the date of death regardless of the cause. PFS was to be assessed by clinical observation, with recurrence documented by appropriate radiographic and histologic methods, and confirmed by Independent Central Review.</description>
        <time_frame>From time of randomization to time of progression or death (up to approximately 26 months)</time_frame>
        <population>All randomized participants. Due to the early termination of this study, confirmation of PFS by Independent Central Review was not collected and; therefore, PFS could not be analyzed as planned per protocol.</population>
        <group_list>
          <group group_id="O1">
            <title>PEG-Intron</title>
            <description>Participants with stage III node positive cutaneous melanoma received subcutaneous PEG-Intron (6.0 ug/kg weekly) for up to 24 months post-surgery</description>
          </group>
          <group group_id="O2">
            <title>INTRON A</title>
            <description>Participants with stage III node positive cutaneous melanoma received intravenous INTRON A (20 million international units [MIU]/m^2/day, 5 days a week) for 4 weeks followed by subcutaneous INTRON A (10 MIU/m^2 three times per week) for up to 12 months post-surgery</description>
          </group>
        </group_list>
        <measure>
          <title>Progression-free Survival (PFS)</title>
          <description>Progression-free survival time was defined as the time from the date of randomization to the date of disease progression or the date of death regardless of the cause. PFS was to be assessed by clinical observation, with recurrence documented by appropriate radiographic and histologic methods, and confirmed by Independent Central Review.</description>
          <population>All randomized participants. Due to the early termination of this study, confirmation of PFS by Independent Central Review was not collected and; therefore, PFS could not be analyzed as planned per protocol.</population>
          <analyzed_list>
            <analyzed>
              <units>Participants</units>
              <scope>Measure</scope>
              <count_list>
                <count group_id="O1" value="0"/>
                <count group_id="O2" value="0"/>
              </count_list>
            </analyzed>
          </analyzed_list>
        </measure>
      </outcome>
      <outcome>
        <type>Secondary</type>
        <title>Overall Survival</title>
        <description>Overall survival (OS) is the time from randomization to death due to any cause. Participants were to be followed for survival every 3 months. Participants without documented death at the time of the final analysis were to be censored at the date of the last follow-up. After the early termination of the study, participants were followed for safety only. Although the OS analysis is not in the clinical study report due to early termination of the study, an OS ad hoc analysis was requested by the FDA and is therefore presented in this outcome measure. Below table presents the median duration of survival for participants.</description>
        <time_frame>From time of randomization to time of death (up to approximately 26 months)</time_frame>
        <population>All treated participants.</population>
        <group_list>
          <group group_id="O1">
            <title>PEG-Intron</title>
            <description>Participants with stage III node positive cutaneous melanoma received subcutaneous PEG-Intron (6.0 ug/kg weekly) for up to 24 months post-surgery</description>
          </group>
          <group group_id="O2">
            <title>INTRON A</title>
            <description>Participants with stage III node positive cutaneous melanoma received intravenous INTRON A (20 million international units [MIU]/m^2/day, 5 days a week) for 4 weeks followed by subcutaneous INTRON A (10 MIU/m^2 three times per week) for up to 12 months post-surgery</description>
          </group>
        </group_list>
        <measure>
          <title>Overall Survival</title>
          <description>Overall survival (OS) is the time from randomization to death due to any cause. Participants were to be followed for survival every 3 months. Participants without documented death at the time of the final analysis were to be censored at the date of the last follow-up. After the early termination of the study, participants were followed for safety only. Although the OS analysis is not in the clinical study report due to early termination of the study, an OS ad hoc analysis was requested by the FDA and is therefore presented in this outcome measure. Below table presents the median duration of survival for participants.</description>
          <population>All treated participants.</population>
          <units>Months</units>
          <param>Median</param>
          <dispersion>95% Confidence Interval</dispersion>
          <analyzed_list>
            <analyzed>
              <units>Participants</units>
              <scope>Measure</scope>
              <count_list>
                <count group_id="O1" value="62"/>
                <count group_id="O2" value="62"/>
              </count_list>
            </analyzed>
          </analyzed_list>
          <class_list>
            <class>
              <category_list>
                <category>
                  <measurement_list>
                    <measurement group_id="O1" value="NA" lower_limit="25.63" upper_limit="NA">NA=Median OS could not be calculated due to an insufficient number of deaths on study (i.e. median OS was not reached).&#xD;
NA=Upper limit OS could not be calculated due to an insufficient number of deaths on study (i.e. upper limit OS was not reached).</measurement>
                    <measurement group_id="O2" value="23.72" lower_limit="20.67" upper_limit="NA">NA=Upper limit OS could not be calculated due to an insufficient number of deaths on study (i.e. upper limit OS was not reached).</measurement>
                  </measurement_list>
                </category>
              </category_list>
            </class>
          </class_list>
        </measure>
        <analysis_list>
          <analysis>
            <group_id_list>
              <group_id>O1</group_id>
              <group_id>O2</group_id>
            </group_id_list>
            <non_inferiority_type>Other</non_inferiority_type>
            <param_type>Hazard Ratio (HR)</param_type>
            <param_value>0.71</param_value>
            <ci_percent>95</ci_percent>
            <ci_n_sides>2-Sided</ci_n_sides>
            <ci_lower_limit>0.28</ci_lower_limit>
            <ci_upper_limit>1.77</ci_upper_limit>
            <estimate_desc>Hazard ratio presented as PEG-Intron/INTRON A; HR &lt;1 indicates treatment effect in favor of PEG-Intron.</estimate_desc>
          </analysis>
        </analysis_list>
      </outcome>
    </outcome_list>

    <reported_events>
      <time_frame>Up to approximately 26 months</time_frame>
      <desc>Analysis population includes all participants randomized/enrolled. Adverse event preferred terms were converted from WHO-ART dictionary to the MedDRA version 10.0.</desc>
      <group_list>
        <group group_id="E1">
          <title>PEG-Intron</title>
          <description>Participants with stage III node positive cutaneous melanoma received subcutaneous PEG-Intron (6.0 ug/kg weekly) for up to 24 months post-surgery</description>
        </group>
        <group group_id="E2">
          <title>INTRON A</title>
          <description>Participants with stage III node positive cutaneous melanoma received intravenous INTRON A (20 million international units [MIU]/m^2/day, 5 days a week) for 4 weeks followed by subcutaneous INTRON A (10 MIU/m^2 three times per week) for up to 12 months post-surgery</description>
        </group>
      </group_list>
      <serious_events>
        <default_vocab>MedDRA 10.0</default_vocab>
        <default_assessment>Systematic Assessment</default_assessment>
        <category_list>
          <category>
            <title>Total</title>
            <event_list>
              <event>
                <sub_title>Total, all-cause mortality</sub_title>
                <counts group_id="E1" subjects_affected="11" subjects_at_risk="63"/>
                <counts group_id="E2" subjects_affected="9" subjects_at_risk="63"/>
              </event>
              <event>
                <sub_title>Total, serious adverse events</sub_title>
                <counts group_id="E1" subjects_affected="24" subjects_at_risk="63"/>
                <counts group_id="E2" subjects_affected="19" subjects_at_risk="63"/>
              </event>
            </event_list>
          </category>
          <category>
            <title>Blood and lymphatic system disorders</title>
            <event_list>
              <event>
                <sub_title>LYMPHADENOPATHY</sub_title>
                <counts group_id="E1" events="3" subjects_affected="3" subjects_at_risk="63"/>
                <counts group_id="E2" events="1" subjects_affected="1" subjects_at_risk="63"/>
              </event>
              <event>
                <sub_title>NEUTROPENIA</sub_title>
                <counts group_id="E1" events="1" subjects_affected="1" subjects_at_risk="63"/>
                <counts group_id="E2" events="1" subjects_affected="1" subjects_at_risk="63"/>
              </event>
              <event>
                <sub_title>THROMBOCYTOPENIA</sub_title>
                <counts group_id="E1" events="1" subjects_affected="1" subjects_at_risk="63"/>
                <counts group_id="E2" events="0" subjects_affected="0" subjects_at_risk="63"/>
              </event>
            </event_list>
          </category>
          <category>
            <title>Cardiac disorders</title>
            <event_list>
              <event>
                <sub_title>TACHYARRHYTHMIA</sub_title>
                <counts group_id="E1" events="0" subjects_affected="0" subjects_at_risk="63"/>
                <counts group_id="E2" events="1" subjects_affected="1" subjects_at_risk="63"/>
              </event>
            </event_list>
          </category>
          <category>
            <title>Ear and labyrinth disorders</title>
            <event_list>
              <event>
                <sub_title>VERTIGO</sub_title>
                <counts group_id="E1" events="0" subjects_affected="0" subjects_at_risk="63"/>
                <counts group_id="E2" events="2" subjects_affected="2" subjects_at_risk="63"/>
              </event>
            </event_list>
          </category>
          <category>
            <title>Eye disorders</title>
            <event_list>
              <event>
                <sub_title>EYELID PTOSIS</sub_title>
                <counts group_id="E1" events="0" subjects_affected="0" subjects_at_risk="63"/>
                <counts group_id="E2" events="1" subjects_affected="1" subjects_at_risk="63"/>
              </event>
              <event>
                <sub_title>VISION BLURRED</sub_title>
                <counts group_id="E1" events="0" subjects_affected="0" subjects_at_risk="63"/>
                <counts group_id="E2" events="1" subjects_affected="1" subjects_at_risk="63"/>
              </event>
            </event_list>
          </category>
          <category>
            <title>Gastrointestinal disorders</title>
            <event_list>
              <event>
                <sub_title>ABDOMINAL PAIN</sub_title>
                <counts group_id="E1" events="1" subjects_affected="1" subjects_at_risk="63"/>
                <counts group_id="E2" events="0" subjects_affected="0" subjects_at_risk="63"/>
              </event>
              <event>
                <sub_title>DIARRHOEA</sub_title>
                <counts group_id="E1" events="1" subjects_affected="1" subjects_at_risk="63"/>
                <counts group_id="E2" events="0" subjects_affected="0" subjects_at_risk="63"/>
              </event>
              <event>
                <sub_title>NAUSEA</sub_title>
                <counts group_id="E1" events="2" subjects_affected="2" subjects_at_risk="63"/>
                <counts group_id="E2" events="0" subjects_affected="0" subjects_at_risk="63"/>
              </event>
              <event>
                <sub_title>VOMITING</sub_title>
                <counts group_id="E1" events="2" subjects_affected="2" subjects_at_risk="63"/>
                <counts group_id="E2" events="2" subjects_affected="2" subjects_at_risk="63"/>
              </event>
            </event_list>
          </category>
          <category>
            <title>General disorders</title>
            <event_list>
              <event>
                <sub_title>ASTHENIA</sub_title>
                <counts group_id="E1" events="0" subjects_affected="0" subjects_at_risk="63"/>
                <counts group_id="E2" events="1" subjects_affected="1" subjects_at_risk="63"/>
              </event>
              <event>
                <sub_title>INJECTION SITE ERYTHEMA</sub_title>
                <counts group_id="E1" events="1" subjects_affected="1" subjects_at_risk="63"/>
                <counts group_id="E2" events="0" subjects_affected="0" subjects_at_risk="63"/>
              </event>
              <event>
                <sub_title>INJECTION SITE NECROSIS</sub_title>
                <counts group_id="E1" events="3" subjects_affected="2" subjects_at_risk="63"/>
                <counts group_id="E2" events="0" subjects_affected="0" subjects_at_risk="63"/>
              </event>
              <event>
                <sub_title>MUCOSAL INFLAMMATION</sub_title>
                <counts group_id="E1" events="0" subjects_affected="0" subjects_at_risk="63"/>
                <counts group_id="E2" events="1" subjects_affected="1" subjects_at_risk="63"/>
              </event>
              <event>
                <sub_title>PYREXIA</sub_title>
                <counts group_id="E1" events="0" subjects_affected="0" subjects_at_risk="63"/>
                <counts group_id="E2" events="2" subjects_affected="2" subjects_at_risk="63"/>
              </event>
            </event_list>
          </category>
          <category>
            <title>Infections and infestations</title>
            <event_list>
              <event>
                <sub_title>BRONCHITIS</sub_title>
                <counts group_id="E1" events="1" subjects_affected="1" subjects_at_risk="63"/>
                <counts group_id="E2" events="0" subjects_affected="0" subjects_at_risk="63"/>
              </event>
              <event>
                <sub_title>CELLULITIS</sub_title>
                <counts group_id="E1" events="1" subjects_affected="1" subjects_at_risk="63"/>
                <counts group_id="E2" events="0" subjects_affected="0" subjects_at_risk="63"/>
              </event>
              <event>
                <sub_title>GROIN INFECTION</sub_title>
                <counts group_id="E1" events="1" subjects_affected="1" subjects_at_risk="63"/>
                <counts group_id="E2" events="0" subjects_affected="0" subjects_at_risk="63"/>
              </event>
              <event>
                <sub_title>INCISION SITE CELLULITIS</sub_title>
                <counts group_id="E1" events="0" subjects_affected="0" subjects_at_risk="63"/>
                <counts group_id="E2" events="1" subjects_affected="1" subjects_at_risk="63"/>
              </event>
              <event>
                <sub_title>LOBAR PNEUMONIA</sub_title>
                <counts group_id="E1" events="1" subjects_affected="1" subjects_at_risk="63"/>
                <counts group_id="E2" events="0" subjects_affected="0" subjects_at_risk="63"/>
              </event>
              <event>
                <sub_title>PNEUMONIA</sub_title>
                <counts group_id="E1" events="1" subjects_affected="1" subjects_at_risk="63"/>
                <counts group_id="E2" events="0" subjects_affected="0" subjects_at_risk="63"/>
              </event>
              <event>
                <sub_title>POSTOPERATIVE WOUND INFECTION</sub_title>
                <counts group_id="E1" events="1" subjects_affected="1" subjects_at_risk="63"/>
                <counts group_id="E2" events="1" subjects_affected="1" subjects_at_risk="63"/>
              </event>
              <event>
                <sub_title>URINARY TRACT INFECTION</sub_title>
                <counts group_id="E1" events="1" subjects_affected="1" subjects_at_risk="63"/>
                <counts group_id="E2" events="0" subjects_affected="0" subjects_at_risk="63"/>
              </event>
              <event>
                <sub_title>WOUND ABSCESS</sub_title>
                <counts group_id="E1" events="0" subjects_affected="0" subjects_at_risk="63"/>
                <counts group_id="E2" events="1" subjects_affected="1" subjects_at_risk="63"/>
              </event>
              <event>
                <sub_title>WOUND INFECTION</sub_title>
                <counts group_id="E1" events="1" subjects_affected="1" subjects_at_risk="63"/>
                <counts group_id="E2" events="0" subjects_affected="0" subjects_at_risk="63"/>
              </event>
            </event_list>
          </category>
          <category>
            <title>Injury, poisoning and procedural complications</title>
            <event_list>
              <event>
                <sub_title>INJURY</sub_title>
                <counts group_id="E1" events="1" subjects_affected="1" subjects_at_risk="63"/>
                <counts group_id="E2" events="0" subjects_affected="0" subjects_at_risk="63"/>
              </event>
              <event>
                <sub_title>PROCEDURAL PAIN</sub_title>
                <counts group_id="E1" events="1" subjects_affected="1" subjects_at_risk="63"/>
                <counts group_id="E2" events="0" subjects_affected="0" subjects_at_risk="63"/>
              </event>
              <event>
                <sub_title>SEROMA</sub_title>
                <counts group_id="E1" events="1" subjects_affected="1" subjects_at_risk="63"/>
                <counts group_id="E2" events="0" subjects_affected="0" subjects_at_risk="63"/>
              </event>
            </event_list>
          </category>
          <category>
            <title>Investigations</title>
            <event_list>
              <event>
                <sub_title>ALANINE AMINOTRANSFERASE INCREASED</sub_title>
                <counts group_id="E1" events="3" subjects_affected="2" subjects_at_risk="63"/>
                <counts group_id="E2" events="1" subjects_affected="1" subjects_at_risk="63"/>
              </event>
              <event>
                <sub_title>ASPARTATE AMINOTRANSFERASE INCREASED</sub_title>
                <counts group_id="E1" events="2" subjects_affected="1" subjects_at_risk="63"/>
                <counts group_id="E2" events="0" subjects_affected="0" subjects_at_risk="63"/>
              </event>
              <event>
                <sub_title>GRANULOCYTE COUNT DECREASED</sub_title>
                <counts group_id="E1" events="1" subjects_affected="1" subjects_at_risk="63"/>
                <counts group_id="E2" events="0" subjects_affected="0" subjects_at_risk="63"/>
              </event>
              <event>
                <sub_title>HEPATIC ENZYME INCREASED</sub_title>
                <counts group_id="E1" events="2" subjects_affected="2" subjects_at_risk="63"/>
                <counts group_id="E2" events="5" subjects_affected="4" subjects_at_risk="63"/>
              </event>
              <event>
                <sub_title>TRANSAMINASES INCREASED</sub_title>
                <counts group_id="E1" events="2" subjects_affected="1" subjects_at_risk="63"/>
                <counts group_id="E2" events="0" subjects_affected="0" subjects_at_risk="63"/>
              </event>
              <event>
                <sub_title>WHITE BLOOD CELL COUNT DECREASED</sub_title>
                <counts group_id="E1" events="1" subjects_affected="1" subjects_at_risk="63"/>
                <counts group_id="E2" events="0" subjects_affected="0" subjects_at_risk="63"/>
              </event>
            </event_list>
          </category>
          <category>
            <title>Metabolism and nutrition disorders</title>
            <event_list>
              <event>
                <sub_title>ANOREXIA</sub_title>
                <counts group_id="E1" events="0" subjects_affected="0" subjects_at_risk="63"/>
                <counts group_id="E2" events="1" subjects_affected="1" subjects_at_risk="63"/>
              </event>
              <event>
                <sub_title>HYPERTRIGLYCERIDAEMIA</sub_title>
                <counts group_id="E1" events="1" subjects_affected="1" subjects_at_risk="63"/>
                <counts group_id="E2" events="0" subjects_affected="0" subjects_at_risk="63"/>
              </event>
            </event_list>
          </category>
          <category>
            <title>Musculoskeletal and connective tissue disorders</title>
            <event_list>
              <event>
                <sub_title>MUSCULAR WEAKNESS</sub_title>
                <counts group_id="E1" events="0" subjects_affected="0" subjects_at_risk="63"/>
                <counts group_id="E2" events="1" subjects_affected="1" subjects_at_risk="63"/>
              </event>
              <event>
                <sub_title>MYALGIA</sub_title>
                <counts group_id="E1" events="0" subjects_affected="0" subjects_at_risk="63"/>
                <counts group_id="E2" events="1" subjects_affected="1" subjects_at_risk="63"/>
              </event>
            </event_list>
          </category>
          <category>
            <title>Neoplasms benign, malignant and unspecified (incl cysts and polyps)</title>
            <event_list>
              <event>
                <sub_title>BREAST CANCER</sub_title>
                <counts group_id="E1" events="0" subjects_affected="0" subjects_at_risk="63"/>
                <counts group_id="E2" events="1" subjects_affected="1" subjects_at_risk="63"/>
              </event>
              <event>
                <sub_title>METASTASES TO CENTRAL NERVOUS SYSTEM</sub_title>
                <counts group_id="E1" events="0" subjects_affected="0" subjects_at_risk="63"/>
                <counts group_id="E2" events="1" subjects_affected="1" subjects_at_risk="63"/>
              </event>
              <event>
                <sub_title>METASTASES TO LIVER</sub_title>
                <counts group_id="E1" events="0" subjects_affected="0" subjects_at_risk="63"/>
                <counts group_id="E2" events="1" subjects_affected="1" subjects_at_risk="63"/>
              </event>
              <event>
                <sub_title>METASTASES TO LYMPH NODES</sub_title>
                <counts group_id="E1" events="1" subjects_affected="1" subjects_at_risk="63"/>
                <counts group_id="E2" events="0" subjects_affected="0" subjects_at_risk="63"/>
              </event>
              <event>
                <sub_title>METASTASIS</sub_title>
                <counts group_id="E1" events="1" subjects_affected="1" subjects_at_risk="63"/>
                <counts group_id="E2" events="0" subjects_affected="0" subjects_at_risk="63"/>
              </event>
              <event>
                <sub_title>METASTATIC MALIGNANT MELANOMA</sub_title>
                <counts group_id="E1" events="0" subjects_affected="0" subjects_at_risk="63"/>
                <counts group_id="E2" events="1" subjects_affected="1" subjects_at_risk="63"/>
              </event>
              <event>
                <sub_title>NEOPLASM</sub_title>
                <counts group_id="E1" events="1" subjects_affected="1" subjects_at_risk="63"/>
                <counts group_id="E2" events="0" subjects_affected="0" subjects_at_risk="63"/>
              </event>
            </event_list>
          </category>
          <category>
            <title>Nervous system disorders</title>
            <event_list>
              <event>
                <sub_title>CONVULSION</sub_title>
                <counts group_id="E1" events="1" subjects_affected="1" subjects_at_risk="63"/>
                <counts group_id="E2" events="1" subjects_affected="1" subjects_at_risk="63"/>
              </event>
              <event>
                <sub_title>HEADACHE</sub_title>
                <counts group_id="E1" events="0" subjects_affected="0" subjects_at_risk="63"/>
                <counts group_id="E2" events="2" subjects_affected="1" subjects_at_risk="63"/>
              </event>
              <event>
                <sub_title>HEMIPLEGIA</sub_title>
                <counts group_id="E1" events="2" subjects_affected="1" subjects_at_risk="63"/>
                <counts group_id="E2" events="0" subjects_affected="0" subjects_at_risk="63"/>
              </event>
              <event>
                <sub_title>LETHARGY</sub_title>
                <counts group_id="E1" events="0" subjects_affected="0" subjects_at_risk="63"/>
                <counts group_id="E2" events="1" subjects_affected="1" subjects_at_risk="63"/>
              </event>
              <event>
                <sub_title>PARAPARESIS</sub_title>
                <counts group_id="E1" events="0" subjects_affected="0" subjects_at_risk="63"/>
                <counts group_id="E2" events="1" subjects_affected="1" subjects_at_risk="63"/>
              </event>
            </event_list>
          </category>
          <category>
            <title>Psychiatric disorders</title>
            <event_list>
              <event>
                <sub_title>AGITATION</sub_title>
                <counts group_id="E1" events="1" subjects_affected="1" subjects_at_risk="63"/>
                <counts group_id="E2" events="0" subjects_affected="0" subjects_at_risk="63"/>
              </event>
              <event>
                <sub_title>CONFUSIONAL STATE</sub_title>
                <counts group_id="E1" events="1" subjects_affected="1" subjects_at_risk="63"/>
                <counts group_id="E2" events="0" subjects_affected="0" subjects_at_risk="63"/>
              </event>
              <event>
                <sub_title>DEPRESSION</sub_title>
                <counts group_id="E1" events="1" subjects_affected="1" subjects_at_risk="63"/>
                <counts group_id="E2" events="0" subjects_affected="0" subjects_at_risk="63"/>
              </event>
            </event_list>
          </category>
          <category>
            <title>Skin and subcutaneous tissue disorders</title>
            <event_list>
              <event>
                <sub_title>RASH ERYTHEMATOUS</sub_title>
                <counts group_id="E1" events="0" subjects_affected="0" subjects_at_risk="63"/>
                <counts group_id="E2" events="1" subjects_affected="1" subjects_at_risk="63"/>
              </event>
              <event>
                <sub_title>SWEAT GLAND DISORDER</sub_title>
                <counts group_id="E1" events="1" subjects_affected="1" subjects_at_risk="63"/>
                <counts group_id="E2" events="0" subjects_affected="0" subjects_at_risk="63"/>
              </event>
            </event_list>
          </category>
          <category>
            <title>Surgical and medical procedures</title>
            <event_list>
              <event>
                <sub_title>ABSCESS DRAINAGE</sub_title>
                <counts group_id="E1" events="0" subjects_affected="0" subjects_at_risk="63"/>
                <counts group_id="E2" events="1" subjects_affected="1" subjects_at_risk="63"/>
              </event>
              <event>
                <sub_title>ORCHIDECTOMY</sub_title>
                <counts group_id="E1" events="1" subjects_affected="1" subjects_at_risk="63"/>
                <counts group_id="E2" events="0" subjects_affected="0" subjects_at_risk="63"/>
              </event>
            </event_list>
          </category>
          <category>
            <title>Vascular disorders</title>
            <event_list>
              <event>
                <sub_title>CIRCULATORY COLLAPSE</sub_title>
                <counts group_id="E1" events="1" subjects_affected="1" subjects_at_risk="63"/>
                <counts group_id="E2" events="0" subjects_affected="0" subjects_at_risk="63"/>
              </event>
            </event_list>
          </category>
        </category_list>
      </serious_events>
      <other_events>
        <frequency_threshold>5</frequency_threshold>
        <default_vocab>MedDRA 10.0</default_vocab>
        <default_assessment>Systematic Assessment</default_assessment>
        <category_list>
          <category>
            <title>Total</title>
            <event_list>
              <event>
                <sub_title>Total, other adverse events</sub_title>
                <counts group_id="E1" subjects_affected="61" subjects_at_risk="63"/>
                <counts group_id="E2" subjects_affected="60" subjects_at_risk="63"/>
              </event>
            </event_list>
          </category>
          <category>
            <title>Blood and lymphatic system disorders</title>
            <event_list>
              <event>
                <sub_title>LEUKOPENIA</sub_title>
                <counts group_id="E1" events="20" subjects_affected="7" subjects_at_risk="63"/>
                <counts group_id="E2" events="2" subjects_affected="2" subjects_at_risk="63"/>
              </event>
              <event>
                <sub_title>NEUTROPENIA</sub_title>
                <counts group_id="E1" events="5" subjects_affected="4" subjects_at_risk="63"/>
                <counts group_id="E2" events="4" subjects_affected="1" subjects_at_risk="63"/>
              </event>
              <event>
                <sub_title>THROMBOCYTOPENIA</sub_title>
                <counts group_id="E1" events="6" subjects_affected="4" subjects_at_risk="63"/>
                <counts group_id="E2" events="5" subjects_affected="1" subjects_at_risk="63"/>
              </event>
            </event_list>
          </category>
          <category>
            <title>Ear and labyrinth disorders</title>
            <event_list>
              <event>
                <sub_title>VERTIGO</sub_title>
                <counts group_id="E1" events="24" subjects_affected="7" subjects_at_risk="63"/>
                <counts group_id="E2" events="22" subjects_affected="4" subjects_at_risk="63"/>
              </event>
            </event_list>
          </category>
          <category>
            <title>Eye disorders</title>
            <event_list>
              <event>
                <sub_title>EYE PAIN</sub_title>
                <counts group_id="E1" events="13" subjects_affected="5" subjects_at_risk="63"/>
                <counts group_id="E2" events="7" subjects_affected="5" subjects_at_risk="63"/>
              </event>
            </event_list>
          </category>
          <category>
            <title>Gastrointestinal disorders</title>
            <event_list>
              <event>
                <sub_title>ABDOMINAL PAIN</sub_title>
                <counts group_id="E1" events="18" subjects_affected="12" subjects_at_risk="63"/>
                <counts group_id="E2" events="4" subjects_affected="3" subjects_at_risk="63"/>
              </event>
              <event>
                <sub_title>ABDOMINAL PAIN UPPER</sub_title>
                <counts group_id="E1" events="9" subjects_affected="6" subjects_at_risk="63"/>
                <counts group_id="E2" events="8" subjects_affected="7" subjects_at_risk="63"/>
              </event>
              <event>
                <sub_title>CONSTIPATION</sub_title>
                <counts group_id="E1" events="10" subjects_affected="5" subjects_at_risk="63"/>
                <counts group_id="E2" events="10" subjects_affected="9" subjects_at_risk="63"/>
              </event>
              <event>
                <sub_title>DIARRHOEA</sub_title>
                <counts group_id="E1" events="65" subjects_affected="21" subjects_at_risk="63"/>
                <counts group_id="E2" events="26" subjects_affected="15" subjects_at_risk="63"/>
              </event>
              <event>
                <sub_title>DRY MOUTH</sub_title>
                <counts group_id="E1" events="36" subjects_affected="10" subjects_at_risk="63"/>
                <counts group_id="E2" events="23" subjects_affected="15" subjects_at_risk="63"/>
              </event>
              <event>
                <sub_title>DYSPEPSIA</sub_title>
                <counts group_id="E1" events="1" subjects_affected="1" subjects_at_risk="63"/>
                <counts group_id="E2" events="4" subjects_affected="4" subjects_at_risk="63"/>
              </event>
              <event>
                <sub_title>NAUSEA</sub_title>
                <counts group_id="E1" events="89" subjects_affected="29" subjects_at_risk="63"/>
                <counts group_id="E2" events="57" subjects_affected="27" subjects_at_risk="63"/>
              </event>
              <event>
                <sub_title>VOMITING</sub_title>
                <counts group_id="E1" events="79" subjects_affected="20" subjects_at_risk="63"/>
                <counts group_id="E2" events="21" subjects_affected="13" subjects_at_risk="63"/>
              </event>
            </event_list>
          </category>
          <category>
            <title>General disorders</title>
            <event_list>
              <event>
                <sub_title>ASTHENIA</sub_title>
                <counts group_id="E1" events="47" subjects_affected="22" subjects_at_risk="63"/>
                <counts group_id="E2" events="31" subjects_affected="15" subjects_at_risk="63"/>
              </event>
              <event>
                <sub_title>CHILLS</sub_title>
                <counts group_id="E1" events="56" subjects_affected="24" subjects_at_risk="63"/>
                <counts group_id="E2" events="76" subjects_affected="32" subjects_at_risk="63"/>
              </event>
              <event>
                <sub_title>FATIGUE</sub_title>
                <counts group_id="E1" events="186" subjects_affected="26" subjects_at_risk="63"/>
                <counts group_id="E2" events="54" subjects_affected="28" subjects_at_risk="63"/>
              </event>
              <event>
                <sub_title>INFLUENZA LIKE ILLNESS</sub_title>
                <counts group_id="E1" events="53" subjects_affected="14" subjects_at_risk="63"/>
                <counts group_id="E2" events="39" subjects_affected="11" subjects_at_risk="63"/>
              </event>
              <event>
                <sub_title>INJECTION SITE ERYTHEMA</sub_title>
                <counts group_id="E1" events="40" subjects_affected="10" subjects_at_risk="63"/>
                <counts group_id="E2" events="1" subjects_affected="1" subjects_at_risk="63"/>
              </event>
              <event>
                <sub_title>INJECTION SITE PAIN</sub_title>
                <counts group_id="E1" events="6" subjects_affected="5" subjects_at_risk="63"/>
                <counts group_id="E2" events="3" subjects_affected="1" subjects_at_risk="63"/>
              </event>
              <event>
                <sub_title>INJECTION SITE REACTION</sub_title>
                <counts group_id="E1" events="7" subjects_affected="5" subjects_at_risk="63"/>
                <counts group_id="E2" events="0" subjects_affected="0" subjects_at_risk="63"/>
              </event>
              <event>
                <sub_title>MALAISE</sub_title>
                <counts group_id="E1" events="6" subjects_affected="6" subjects_at_risk="63"/>
                <counts group_id="E2" events="8" subjects_affected="4" subjects_at_risk="63"/>
              </event>
              <event>
                <sub_title>OEDEMA PERIPHERAL</sub_title>
                <counts group_id="E1" events="4" subjects_affected="4" subjects_at_risk="63"/>
                <counts group_id="E2" events="5" subjects_affected="5" subjects_at_risk="63"/>
              </event>
              <event>
                <sub_title>PAIN</sub_title>
                <counts group_id="E1" events="77" subjects_affected="11" subjects_at_risk="63"/>
                <counts group_id="E2" events="11" subjects_affected="8" subjects_at_risk="63"/>
              </event>
              <event>
                <sub_title>PYREXIA</sub_title>
                <counts group_id="E1" events="211" subjects_affected="36" subjects_at_risk="63"/>
                <counts group_id="E2" events="65" subjects_affected="30" subjects_at_risk="63"/>
              </event>
            </event_list>
          </category>
          <category>
            <title>Infections and infestations</title>
            <event_list>
              <event>
                <sub_title>BRONCHITIS</sub_title>
                <counts group_id="E1" events="4" subjects_affected="4" subjects_at_risk="63"/>
                <counts group_id="E2" events="1" subjects_affected="1" subjects_at_risk="63"/>
              </event>
              <event>
                <sub_title>INFLUENZA</sub_title>
                <counts group_id="E1" events="4" subjects_affected="4" subjects_at_risk="63"/>
                <counts group_id="E2" events="4" subjects_affected="3" subjects_at_risk="63"/>
              </event>
              <event>
                <sub_title>NASOPHARYNGITIS</sub_title>
                <counts group_id="E1" events="11" subjects_affected="5" subjects_at_risk="63"/>
                <counts group_id="E2" events="6" subjects_affected="4" subjects_at_risk="63"/>
              </event>
            </event_list>
          </category>
          <category>
            <title>Investigations</title>
            <event_list>
              <event>
                <sub_title>BODY TEMPERATURE INCREASED</sub_title>
                <counts group_id="E1" events="15" subjects_affected="13" subjects_at_risk="63"/>
                <counts group_id="E2" events="11" subjects_affected="10" subjects_at_risk="63"/>
              </event>
              <event>
                <sub_title>HEPATIC ENZYME INCREASED</sub_title>
                <counts group_id="E1" events="1" subjects_affected="1" subjects_at_risk="63"/>
                <counts group_id="E2" events="4" subjects_affected="4" subjects_at_risk="63"/>
              </event>
              <event>
                <sub_title>TRANSAMINASES INCREASED</sub_title>
                <counts group_id="E1" events="0" subjects_affected="0" subjects_at_risk="63"/>
                <counts group_id="E2" events="6" subjects_affected="4" subjects_at_risk="63"/>
              </event>
              <event>
                <sub_title>WEIGHT DECREASED</sub_title>
                <counts group_id="E1" events="9" subjects_affected="7" subjects_at_risk="63"/>
                <counts group_id="E2" events="5" subjects_affected="5" subjects_at_risk="63"/>
              </event>
            </event_list>
          </category>
          <category>
            <title>Metabolism and nutrition disorders</title>
            <event_list>
              <event>
                <sub_title>ANOREXIA</sub_title>
                <counts group_id="E1" events="51" subjects_affected="23" subjects_at_risk="63"/>
                <counts group_id="E2" events="20" subjects_affected="15" subjects_at_risk="63"/>
              </event>
              <event>
                <sub_title>DECREASED APPETITE</sub_title>
                <counts group_id="E1" events="7" subjects_affected="6" subjects_at_risk="63"/>
                <counts group_id="E2" events="10" subjects_affected="7" subjects_at_risk="63"/>
              </event>
            </event_list>
          </category>
          <category>
            <title>Musculoskeletal and connective tissue disorders</title>
            <event_list>
              <event>
                <sub_title>ARTHRALGIA</sub_title>
                <counts group_id="E1" events="52" subjects_affected="15" subjects_at_risk="63"/>
                <counts group_id="E2" events="6" subjects_affected="4" subjects_at_risk="63"/>
              </event>
              <event>
                <sub_title>BACK PAIN</sub_title>
                <counts group_id="E1" events="81" subjects_affected="20" subjects_at_risk="63"/>
                <counts group_id="E2" events="22" subjects_affected="15" subjects_at_risk="63"/>
              </event>
              <event>
                <sub_title>MUSCULAR WEAKNESS</sub_title>
                <counts group_id="E1" events="1" subjects_affected="1" subjects_at_risk="63"/>
                <counts group_id="E2" events="11" subjects_affected="5" subjects_at_risk="63"/>
              </event>
              <event>
                <sub_title>MUSCULOSKELETAL PAIN</sub_title>
                <counts group_id="E1" events="8" subjects_affected="4" subjects_at_risk="63"/>
                <counts group_id="E2" events="0" subjects_affected="0" subjects_at_risk="63"/>
              </event>
              <event>
                <sub_title>MYALGIA</sub_title>
                <counts group_id="E1" events="99" subjects_affected="28" subjects_at_risk="63"/>
                <counts group_id="E2" events="52" subjects_affected="28" subjects_at_risk="63"/>
              </event>
              <event>
                <sub_title>NECK PAIN</sub_title>
                <counts group_id="E1" events="6" subjects_affected="4" subjects_at_risk="63"/>
                <counts group_id="E2" events="2" subjects_affected="2" subjects_at_risk="63"/>
              </event>
              <event>
                <sub_title>PAIN IN EXTREMITY</sub_title>
                <counts group_id="E1" events="47" subjects_affected="14" subjects_at_risk="63"/>
                <counts group_id="E2" events="17" subjects_affected="11" subjects_at_risk="63"/>
              </event>
            </event_list>
          </category>
          <category>
            <title>Nervous system disorders</title>
            <event_list>
              <event>
                <sub_title>DIZZINESS</sub_title>
                <counts group_id="E1" events="62" subjects_affected="17" subjects_at_risk="63"/>
                <counts group_id="E2" events="10" subjects_affected="8" subjects_at_risk="63"/>
              </event>
              <event>
                <sub_title>DYSGEUSIA</sub_title>
                <counts group_id="E1" events="13" subjects_affected="8" subjects_at_risk="63"/>
                <counts group_id="E2" events="10" subjects_affected="10" subjects_at_risk="63"/>
              </event>
              <event>
                <sub_title>HEADACHE</sub_title>
                <counts group_id="E1" events="231" subjects_affected="39" subjects_at_risk="63"/>
                <counts group_id="E2" events="83" subjects_affected="33" subjects_at_risk="63"/>
              </event>
              <event>
                <sub_title>LETHARGY</sub_title>
                <counts group_id="E1" events="24" subjects_affected="8" subjects_at_risk="63"/>
                <counts group_id="E2" events="7" subjects_affected="5" subjects_at_risk="63"/>
              </event>
              <event>
                <sub_title>PARAESTHESIA</sub_title>
                <counts group_id="E1" events="8" subjects_affected="4" subjects_at_risk="63"/>
                <counts group_id="E2" events="5" subjects_affected="5" subjects_at_risk="63"/>
              </event>
              <event>
                <sub_title>SOMNOLENCE</sub_title>
                <counts group_id="E1" events="2" subjects_affected="2" subjects_at_risk="63"/>
                <counts group_id="E2" events="4" subjects_affected="4" subjects_at_risk="63"/>
              </event>
            </event_list>
          </category>
          <category>
            <title>Psychiatric disorders</title>
            <event_list>
              <event>
                <sub_title>DEPRESSED MOOD</sub_title>
                <counts group_id="E1" events="5" subjects_affected="4" subjects_at_risk="63"/>
                <counts group_id="E2" events="1" subjects_affected="1" subjects_at_risk="63"/>
              </event>
              <event>
                <sub_title>DEPRESSION</sub_title>
                <counts group_id="E1" events="22" subjects_affected="16" subjects_at_risk="63"/>
                <counts group_id="E2" events="16" subjects_affected="11" subjects_at_risk="63"/>
              </event>
              <event>
                <sub_title>INSOMNIA</sub_title>
                <counts group_id="E1" events="25" subjects_affected="9" subjects_at_risk="63"/>
                <counts group_id="E2" events="17" subjects_affected="10" subjects_at_risk="63"/>
              </event>
              <event>
                <sub_title>SLEEP DISORDER</sub_title>
                <counts group_id="E1" events="6" subjects_affected="5" subjects_at_risk="63"/>
                <counts group_id="E2" events="2" subjects_affected="2" subjects_at_risk="63"/>
              </event>
            </event_list>
          </category>
          <category>
            <title>Respiratory, thoracic and mediastinal disorders</title>
            <event_list>
              <event>
                <sub_title>COUGH</sub_title>
                <counts group_id="E1" events="21" subjects_affected="11" subjects_at_risk="63"/>
                <counts group_id="E2" events="9" subjects_affected="7" subjects_at_risk="63"/>
              </event>
              <event>
                <sub_title>DYSPNOEA</sub_title>
                <counts group_id="E1" events="15" subjects_affected="7" subjects_at_risk="63"/>
                <counts group_id="E2" events="16" subjects_affected="9" subjects_at_risk="63"/>
              </event>
              <event>
                <sub_title>EPISTAXIS</sub_title>
                <counts group_id="E1" events="6" subjects_affected="4" subjects_at_risk="63"/>
                <counts group_id="E2" events="3" subjects_affected="2" subjects_at_risk="63"/>
              </event>
              <event>
                <sub_title>OROPHARYNGEAL PAIN</sub_title>
                <counts group_id="E1" events="5" subjects_affected="5" subjects_at_risk="63"/>
                <counts group_id="E2" events="3" subjects_affected="2" subjects_at_risk="63"/>
              </event>
            </event_list>
          </category>
          <category>
            <title>Skin and subcutaneous tissue disorders</title>
            <event_list>
              <event>
                <sub_title>ALOPECIA</sub_title>
                <counts group_id="E1" events="19" subjects_affected="14" subjects_at_risk="63"/>
                <counts group_id="E2" events="11" subjects_affected="11" subjects_at_risk="63"/>
              </event>
              <event>
                <sub_title>ECZEMA</sub_title>
                <counts group_id="E1" events="11" subjects_affected="5" subjects_at_risk="63"/>
                <counts group_id="E2" events="0" subjects_affected="0" subjects_at_risk="63"/>
              </event>
              <event>
                <sub_title>ERYTHEMA</sub_title>
                <counts group_id="E1" events="10" subjects_affected="5" subjects_at_risk="63"/>
                <counts group_id="E2" events="0" subjects_affected="0" subjects_at_risk="63"/>
              </event>
              <event>
                <sub_title>HYPERHIDROSIS</sub_title>
                <counts group_id="E1" events="9" subjects_affected="3" subjects_at_risk="63"/>
                <counts group_id="E2" events="11" subjects_affected="10" subjects_at_risk="63"/>
              </event>
              <event>
                <sub_title>PRURITUS</sub_title>
                <counts group_id="E1" events="14" subjects_affected="6" subjects_at_risk="63"/>
                <counts group_id="E2" events="2" subjects_affected="2" subjects_at_risk="63"/>
              </event>
              <event>
                <sub_title>RASH</sub_title>
                <counts group_id="E1" events="10" subjects_affected="6" subjects_at_risk="63"/>
                <counts group_id="E2" events="6" subjects_affected="3" subjects_at_risk="63"/>
              </event>
            </event_list>
          </category>
          <category>
            <title>Vascular disorders</title>
            <event_list>
              <event>
                <sub_title>HYPOTENSION</sub_title>
                <counts group_id="E1" events="5" subjects_affected="4" subjects_at_risk="63"/>
                <counts group_id="E2" events="1" subjects_affected="1" subjects_at_risk="63"/>
              </event>
            </event_list>
          </category>
        </category_list>
      </other_events>
    </reported_events>

    <certain_agreements>
      <pi_employee>Principal Investigators are NOT employed by the organization sponsoring the study.</pi_employee>
      <restrictive_agreement>The Principal Investigator agrees not to publish or publicly present any interim results of the Protocol study without the prior written consent of the Sponsor. The Principal Investigator further agrees to provide to the Sponsor thirty (30) days prior to submission for publication or presentation, review copies of abstracts or manuscripts for publication that report any results of the Protocol study.</restrictive_agreement>
    </certain_agreements>
    <limitations_and_caveats>The study was closed to enrollment prematurely due to sub-optimal accrual. Adverse event preferred terms were converted from WHO-ART dictionary to the MedDRA version 10.0.</limitations_and_caveats>
    <point_of_contact>
      <name_or_title>Senior Vice President, Global Clinical Development</name_or_title>
      <organization>Merck Sharp &amp; Dohme Corp.</organization>
      <phone>1-800-672-6372</phone>
      <email>ClinicalTrialsDisclosure@merck.com</email>
    </point_of_contact>
  </clinical_results>
</clinical_study>

