<?xml version="1.0" encoding="UTF-8"?>
<clinical_study rank="259">
  <!-- This xml conforms to an XML Schema at:
    https://clinicaltrials.gov/ct2/html/images/info/public.xsd -->
  <required_header>
    <download_date>ClinicalTrials.gov processed this data on February 06, 2024</download_date>
    <link_text>Link to the current ClinicalTrials.gov record.</link_text>
    <url>https://clinicaltrials.gov/ct2/show/NCT01558349</url>
  </required_header>
  <id_info>
    <org_study_id>LOCAL/2011/LM-05</org_study_id>
    <secondary_id>2011-A01156-35</secondary_id>
    <nct_id>NCT01558349</nct_id>
  </id_info>
  <brief_title>Circulating Tumor Cells and Melanoma: Comparing the EPISPOT and CellSearch Techniques</brief_title>
  <official_title>Circulating Tumor Cells and Melanoma: Comparing the EPISPOT (EPithelial ImmunoSPOT) and CellSearch Techniques</official_title>
  <sponsors>
    <lead_sponsor>
      <agency>Centre Hospitalier Universitaire de Nīmes</agency>
      <agency_class>Other</agency_class>
    </lead_sponsor>
  </sponsors>
  <source>Centre Hospitalier Universitaire de Nīmes</source>
  <oversight_info>
    <has_dmc>No</has_dmc>
  </oversight_info>
  <brief_summary>
    <textblock>
      The main objective of this study is to compare results for the detection of circulating&#xD;
      melanoma cells (CMC) using CellSearch versus EPISPOT (EPithelial ImmunoSPOT) techniques&#xD;
      between a group of patients with metastatic melanoma and a group of hospitalized control&#xD;
      patients.&#xD;
    </textblock>
  </brief_summary>
  <detailed_description>
    <textblock>
      The secondary objectives of this study include:&#xD;
&#xD;
      A. To compare the following elements between the two patient groups:&#xD;
&#xD;
        -  the number of CMCs per ml of blood as determined by EPISPOT&#xD;
&#xD;
        -  the number of CMCs per ml of blood as determined by CellSearch&#xD;
&#xD;
        -  the percentage of patients with at least 2 CMCs per ml of blood according to the two&#xD;
           techniques&#xD;
&#xD;
        -  the % of CMCs expressing KI67&#xD;
&#xD;
        -  the % of CMCs expressions S100 (only the EPISPOT technique)&#xD;
&#xD;
      B. To compare the EPISPOT and CellSearch techniques is terms of the following:&#xD;
&#xD;
        -  the number of CMCs detected per ml blood&#xD;
&#xD;
        -  the number of CMCs expressing antigen KI67&#xD;
&#xD;
      C. To re-evaluate the 2-CMC per ml blood threshold&#xD;
    </textblock>
  </detailed_description>
  <overall_status>Completed</overall_status>
  <start_date type="Actual">June 27, 2013</start_date>
  <completion_date type="Actual">June 27, 2017</completion_date>
  <primary_completion_date type="Actual">June 27, 2017</primary_completion_date>
  <study_type>Observational</study_type>
  <has_expanded_access>No</has_expanded_access>
  <study_design_info>
    <observational_model>Cohort</observational_model>
    <time_perspective>Prospective</time_perspective>
  </study_design_info>
  <primary_outcome>
    <measure>Presence/absence of at least 2 CMCs per ml blood, both techniques</measure>
    <time_frame>Day 1 at 8 am</time_frame>
    <description>Presence/absence of at least 2 CMCs per ml blood, using both the Epispot and the CellSearch techniques</description>
  </primary_outcome>
  <secondary_outcome>
    <measure>CMCs per ml blood, Epispot</measure>
    <time_frame>Day 1 at 8 am</time_frame>
    <description>The number of CMCs per ml blood as determined by the Epispot technique</description>
  </secondary_outcome>
  <secondary_outcome>
    <measure>CMCs per ml blood, CellSearch</measure>
    <time_frame>Day 1 at 8 am</time_frame>
    <description>The number of CMCs per ml blood as determined by the CellSearch technique</description>
  </secondary_outcome>
  <secondary_outcome>
    <measure>delta CMC</measure>
    <time_frame>Day 1 at 8 am</time_frame>
    <description>The difference between the number of CMCs per ml blood detected with the CellSearch technique and the Epispot Technique (CellSearch - Epispot)</description>
  </secondary_outcome>
  <secondary_outcome>
    <measure>% delta CMC</measure>
    <time_frame>Day 1 at 8 am</time_frame>
    <description>The % difference between the number of CMCs per ml blood detected with the CellSearch technique and the Epispot Technique (CellSearch - Epispot)/CellSearch*100</description>
  </secondary_outcome>
  <secondary_outcome>
    <measure>Presence/absence of KI67 antigen markers</measure>
    <time_frame>Day 1 at 8 am</time_frame>
  </secondary_outcome>
  <secondary_outcome>
    <measure>% cells with S100 protein markers</measure>
    <time_frame>Day 1 at 8 am</time_frame>
  </secondary_outcome>
  <number_of_groups>2</number_of_groups>
  <enrollment type="Actual">73</enrollment>
  <condition>Metastatic Melanoma</condition>
  <arm_group>
    <arm_group_label>Hospitalized controls</arm_group_label>
    <description>Patients that have been hospitalized at the Nîmes University Hospital and who do not have dermatological cancer.</description>
  </arm_group>
  <arm_group>
    <arm_group_label>Metastatic melanoma</arm_group_label>
    <description>This cohort includes patients with metastatic melanoma.</description>
  </arm_group>
  <eligibility>
    <study_pop>
      <textblock>
        The two cohorts in this study are composed of (1) patients suffering from metastatic&#xD;
        melanome and (2) hospitalized patients with no history of cancer.&#xD;
      </textblock>
    </study_pop>
    <sampling_method>Non-Probability Sample</sampling_method>
    <criteria>
      <textblock>
        Inclusion Criteria:&#xD;
&#xD;
          -  The patient must have given his/her informed and signed consent&#xD;
&#xD;
          -  The patient must be insured or beneficiary of a health insurance plan&#xD;
&#xD;
          -  The patient is available, within the hours of his/her normally scheduled medical care,&#xD;
             for blood sampling at 8 am and 4 pm on the same day.&#xD;
&#xD;
        Inclusion Criteria for patients:&#xD;
&#xD;
          -  Stage 4 melanoma, without other associated neoplasms&#xD;
&#xD;
        Inclusion Criteria for controls:&#xD;
&#xD;
          -  Patient without cancer, nor history of cancer&#xD;
&#xD;
        Exclusion Criteria:&#xD;
&#xD;
          -  The patient is participating in another study&#xD;
&#xD;
          -  The patient is in an exclusion period determined by a previous study&#xD;
&#xD;
          -  The patient is under judicial protection, under tutorship or curatorship&#xD;
&#xD;
          -  The patient refuses to sign the consent&#xD;
&#xD;
          -  It is impossible to correctly inform the patient&#xD;
&#xD;
          -  The patient is pregnant, parturient, or breastfeeding&#xD;
&#xD;
          -  The patient has a contra-indication for a treatment used in this study&#xD;
&#xD;
        Exclusion criteria for patients:&#xD;
&#xD;
          -  Stage 1 to 3 melanoma, or other types of cancer&#xD;
&#xD;
        Exclusion criteria for controls:&#xD;
&#xD;
          -  History of cancer&#xD;
      </textblock>
    </criteria>
    <gender>All</gender>
    <minimum_age>18 Years</minimum_age>
    <maximum_age>N/A</maximum_age>
    <healthy_volunteers>No</healthy_volunteers>
  </eligibility>
  <overall_official>
    <last_name>Laurent Meunier, MD</last_name>
    <role>Principal Investigator</role>
    <affiliation>Centre Hospitalier Universitaire de Nîmes</affiliation>
  </overall_official>
  <location>
    <facility>
      <name>CHU de Montpellier - Hôpital Saint-Eloi</name>
      <address>
        <city>Montpellier</city>
        <zip>34295</zip>
        <country>France</country>
      </address>
    </facility>
  </location>
  <location>
    <facility>
      <name>CHU de Nîmes - Hôpital Universitaire Carémeau</name>
      <address>
        <city>Nîmes Cedex 09</city>
        <zip>30029</zip>
        <country>France</country>
      </address>
    </facility>
  </location>
  <location_countries>
    <country>France</country>
  </location_countries>
  <verification_date>January 2017</verification_date>
  <study_first_submitted>March 17, 2012</study_first_submitted>
  <study_first_submitted_qc>March 19, 2012</study_first_submitted_qc>
  <study_first_posted type="Estimate">March 20, 2012</study_first_posted>
  <last_update_submitted>August 23, 2019</last_update_submitted>
  <last_update_submitted_qc>August 23, 2019</last_update_submitted_qc>
  <last_update_posted type="Actual">August 28, 2019</last_update_posted>
  <responsible_party>
    <responsible_party_type>Sponsor</responsible_party_type>
  </responsible_party>
  <keyword>Epispot</keyword>
  <keyword>CellSearch</keyword>
  <keyword>Circulating melanoma cells</keyword>
  <keyword>circulating cells</keyword>
  <condition_browse>
    <!-- CAUTION:  The following MeSH terms are assigned with an imperfect algorithm            -->
    <mesh_term>Melanoma</mesh_term>
    <mesh_term>Neoplastic Cells, Circulating</mesh_term>
  </condition_browse>
  <!-- Results have not yet been posted for this study                                          -->
</clinical_study>

