<?xml version="1.0" encoding="UTF-8"?>
<clinical_study rank="247">
  <!-- This xml conforms to an XML Schema at:
    https://clinicaltrials.gov/ct2/html/images/info/public.xsd -->
  <required_header>
    <download_date>ClinicalTrials.gov processed this data on February 06, 2024</download_date>
    <link_text>Link to the current ClinicalTrials.gov record.</link_text>
    <url>https://clinicaltrials.gov/ct2/show/NCT01841463</url>
  </required_header>
  <id_info>
    <org_study_id>P1446A-05/72/12</org_study_id>
    <nct_id>NCT01841463</nct_id>
  </id_info>
  <brief_title>Study of an Oral Cdk Inhibitor Administered With an Oral BRAF Inhibitor in Patients With Advanced or Inoperable Malignant Melanoma With BRAF Mutation</brief_title>
  <official_title>An Open Label, Multicenter, Phase I Extension Study of an Oral Cdk Inhibitor P1446A-05 Administered With an Oral BRAF Inhibitor Vemurafenib (Zelboraf®) in Patients With Advanced or Inoperable Malignant Melanoma With BRAF Mutation</official_title>
  <sponsors>
    <lead_sponsor>
      <agency>Piramal Enterprises Limited</agency>
      <agency_class>Industry</agency_class>
    </lead_sponsor>
    <collaborator>
      <agency>Melanoma Research Foundation Breakthrough Consortium</agency>
      <agency_class>Other</agency_class>
    </collaborator>
  </sponsors>
  <source>Piramal Enterprises Limited</source>
  <oversight_info>
    <has_dmc>No</has_dmc>
  </oversight_info>
  <brief_summary>
    <textblock>
      -  An Open Label, Multicenter, Phase I Extension Study of an Oral Cdk Inhibitor P1446A-05&#xD;
           Administered with an Oral BRAF Inhibitor Vemurafenib (Zelboraf®) in Patients with&#xD;
           Advanced or Inoperable Malignant Melanoma with BRAF Mutation&#xD;
&#xD;
        -  The primary objective is to determine the safety, maximum tolerated dose (MTD), and dose&#xD;
           limiting toxicity (DLT) of the co-administration of P1446A-05 with vemurafenib, in&#xD;
           melanoma patients with BRAF mutation&#xD;
    </textblock>
  </brief_summary>
  <overall_status>Suspended</overall_status>
  <why_stopped>
    Sponsor decision not related to patient safety&#xD;
  </why_stopped>
  <start_date>August 2013</start_date>
  <completion_date type="Anticipated">March 2016</completion_date>
  <primary_completion_date type="Anticipated">March 2015</primary_completion_date>
  <phase>Phase 1</phase>
  <study_type>Interventional</study_type>
  <has_expanded_access>No</has_expanded_access>
  <study_design_info>
    <allocation>N/A</allocation>
    <intervention_model>Single Group Assignment</intervention_model>
    <primary_purpose>Treatment</primary_purpose>
    <masking>None (Open Label)</masking>
  </study_design_info>
  <primary_outcome>
    <measure>Maximum Tolerated Dose and Dose Limiting Toxicity</measure>
    <time_frame>Until disease progression or unacceptable toxicity (expected to be 6-8 months)</time_frame>
    <description>The study will be conducted in two phases- Phase I (Dose escalation phase), and Extension phase. In the Dose escalation' phase patients will be co-administered P1446A-05 (150, 250, 350 mg qd) and vemurafenib (720, 960 mg bid) in a cohort of three to six patients on a 28-day cycle, until the occurrence of disease progression or unacceptable toxicity. Escalation to the next higher dose during the dose escalation phase will depend upon demonstrated safety in the previous dose group. The maximum tolerated dose (MTD) of P1446A-05 and vemurafenib co-administered will be determined. In the 'Extension' phase, sixty patients with BRAF V600E/K mutations (forty patients naïve to selective BRAF inhibitor therapy, and twenty progressing on selective BRAF inhibitor therapy) will be treated at the MTD on a 28-day cycle, until the occurrence of disease progression or unacceptable toxicity to determine efficacy of the co-administration.</description>
  </primary_outcome>
  <secondary_outcome>
    <measure>Tumor Response</measure>
    <time_frame>Until disease progression or unacceptable toxicity (expected to be 6-8 months)</time_frame>
    <description>- To determine best Overall Response Rate (ORR), Duration of response (DOR), Progression Free Survival (PFS), and Overall Survival (OS) of the co-administration of P1446A 05 and vemurafenib using RECIST version 1.1 in melanoma patients with BRAF mutation</description>
  </secondary_outcome>
  <secondary_outcome>
    <measure>Pharmacokinetic (PK)</measure>
    <time_frame>Cycle1 (Day 15 and 22) and Cycle 2 (Day1,15 and 28)</time_frame>
    <description>PK parameters such as Cmax, Tmax, AUC0-t, AUC0-inf, Kel, CL, Vz and t1/2 will be determined using standard non-compartmental and population pharmacokinetic approach (wherever possible).&#xD;
Blood samples (6 mL at each time point) for pharmacokinetic assessment will be collected at the following time points in Dose Escalation Phase- Cycle 1- Day 15: pre-dose (within 30 min before swallowing the capsule/s, 1, 2, 4, 6, 8hr; Day 19: pre-dose (within 30 min before swallowing the capsule/s, 1, 2, 4, 8hr; and within one hour post dose on Day 22.&#xD;
Additionally, blood samples for PK analysis may be collected should patient develop SAE at the earliest feasible time point.</description>
  </secondary_outcome>
  <secondary_outcome>
    <measure>Biomarker Analysis</measure>
    <time_frame>Until disease progression or unacceptable toxicity (expected to be 6-8 months)</time_frame>
    <description>The biomarkers will be assessed pre- and post-treatment and will focus on (a) inhibition of the MAPK pathway as a target of vemurafenib, a RAF inhibitor; (b) cell cycle pathways as an effect of P1446A-05, a Cdk inhibitor; (c) mechanisms of resistance; and (d) markers for senescence and apoptosis as evidence of target engagement/drug response.&#xD;
During phase I dose escalation, optional tumor samples will be collected at screening, within 4 to 6 hours of drug administration on Day 14 of Monotherapy and between Cycle 1 Day 15 and Cycle 1 Day 21, and at disease progression&#xD;
After the MTD is determined, 10 additional patients will be enrolled in &quot;Serial Tumor biopsy cohort&quot;&#xD;
During the Extension phase, tumor samples will be collected at screening, Cycle 1 Day 15 and Cycle 1 Day 21 within 4 to 6 hours of drug administration, and at disease progression.</description>
  </secondary_outcome>
  <number_of_arms>1</number_of_arms>
  <enrollment type="Anticipated">100</enrollment>
  <condition>Advanced or Inoperable Malignant Melanoma With BRAF Mutation</condition>
  <arm_group>
    <arm_group_label>P1446A-05</arm_group_label>
    <arm_group_type>Experimental</arm_group_type>
    <description>The study will be conducted in two phases- Phase I ('Dose escalation' phase), and Extension phase:-&#xD;
In the 'Dose escalation' phase patients will be co-administered P1446A-05 (150, 250, 350 mg qd) and vemurafenib (720, 960 mg bid) in a cohort of three to six patients on a 28-day cycle, until the occurrence of disease progression or unacceptable toxicity.&#xD;
In the 'Extension' phase, sixty patients with BRAF V600E/K mutations (forty patients naïve to selective BRAF inhibitor therapy, and twenty progressing on selective BRAF inhibitor therapy) will be treated at the MTD on a 28-day cycle, until the occurrence of disease progression or unacceptable toxicity</description>
  </arm_group>
  <intervention>
    <intervention_type>Drug</intervention_type>
    <intervention_name>P1446A-05</intervention_name>
    <description>- In the 'Dose escalation' phase patients will be co-administered P1446A-05 (150, 250, 350 mg qd) &amp; vemurafenib (720, 960 mg bid) in a cohort of 3 to 6 patients on a 28-day cycle, until the occurrence of disease progression or unacceptable toxicity. The next higher dose during the dose escalation phase will depend upon demonstrated safety in the previous dose group. The max tolerated dose (MTD) of P1446A-05 &amp; vemurafenib co-administered will be determined. In the 'Extension' phase, 60 patients with BRAF V600E/K mutations (40 patients naïve to selective BRAF inhibitor therapy, &amp; 20 progressing on selective BRAF inhibitor therapy) will be treated at the MTD on a 28-day cycle, until the occurrence of disease progression or unacceptable toxicity to determine efficacy of the co-administration. Additionally, there will be a cohort of 10 patients who consent for mandatory serial tumor biopsy samples &amp; undergo 'Monotherapy' for 14 days with P1446A-05 at the MTD of the co-administration.</description>
    <arm_group_label>P1446A-05</arm_group_label>
  </intervention>
  <intervention>
    <intervention_type>Drug</intervention_type>
    <intervention_name>Vemurafenib (Zelboraf®)</intervention_name>
    <description>In the 'Dose escalation' phase patients will be co-administered P1446A-05 (150, 250, 350 mg qd) and vemurafenib (720, 960 mg bid) in a cohort of 3 to 6 patients on a 28-day cycle, until the occurrence of disease progression or unacceptable toxicity. Escalation to the next higher dose during the dose escalation phase will depend upon demonstrated safety in the previous dose group. The maximum tolerated dose (MTD) of P1446A-05 and vemurafenib co-administered will be determined.&#xD;
In the 'Extension' phase, 60 patients with BRAF V600E/K mutations (40 patients naïve to selective BRAF inhibitor therapy, and 20 progressing on selective BRAF inhibitor therapy) will be treated at the MTD on a 28-day cycle&#xD;
Additionally, there will be a cohort of 10 patients who consent for mandatory serial tumor biopsy samples and undergo 'Monotherapy' for 14 days with P1446A-05 at the MTD of the co-administration.</description>
    <arm_group_label>P1446A-05</arm_group_label>
  </intervention>
  <eligibility>
    <criteria>
      <textblock>
        Inclusion Criteria:&#xD;
&#xD;
          1. Patients having histologically confirmed unresectable (Stage III) or metastatic (Stage&#xD;
             IV) malignant melanoma with a positive BRAF mutation result determined by Roche CoDx&#xD;
             or local CLIA-certified analysis&#xD;
&#xD;
          2. Patients naïve to a selective BRAF inhibitor therapy or must have progressed after&#xD;
             therapy on a selective BRAF inhibitor. For patients entering the protocol progressing&#xD;
             on vemurafenib therapy, they must be tolerant of the 960 mg po bid dose.&#xD;
&#xD;
          3. Tumor biopsies are optional in this study except for patients entering the mandatory&#xD;
             biopsy cohorts. Nevertheless tumor biopsies are encouraged, especially in patients&#xD;
             with accessible tumors for biopsy to include the collection of formalin-fixed,&#xD;
             paraffin-embedded (FFPE) and fresh- frozen tissue (FF) as outlined in the biomarker&#xD;
             sections of the protocol. Willingness of patient to give consent of biopsy, should be&#xD;
             ascertained&#xD;
&#xD;
          4. Patients of ≥ 18 years of age&#xD;
&#xD;
          5. Patients with Eastern Cooperative Oncology Group (ECOG) performance status 0 or1&#xD;
&#xD;
          6. Patients with measurable disease per 'Response Evaluation Criteria In Solid Tumors'&#xD;
             (RECIST version 1.1)&#xD;
&#xD;
          7. Patients must have normal organ and adequate marrow function&#xD;
&#xD;
          8. Patients with ability to swallow and retain oral medication&#xD;
&#xD;
          9. Women of childbearing potential and men willing to agree to use adequate contraception&#xD;
             (hormonal or barrier method of birth control; abstinence) prior to study entry, during&#xD;
             the duration of study participation and for at least 4 weeks after withdrawal from the&#xD;
             study, unless they are surgically sterilized.&#xD;
&#xD;
         10. Negative serum pregnancy test within 10 days prior to commencement of therapy dosing&#xD;
             in premenopausal women. Women of non-childbearing potential may be included if they&#xD;
             are either surgically sterile or have been postmenopausal for ≥1 year.&#xD;
&#xD;
         11. Ability to understand and the willingness to offer a written Informed Consent document&#xD;
             prior to the screening procedures for participation into the study&#xD;
&#xD;
               -  For Extension phase-&#xD;
&#xD;
               -  For patients entering the protocol progressing on vemurafenib therapy, they must&#xD;
                  be tolerant of the vemurafenib dose selected for the extension phase&#xD;
&#xD;
        Exclusion Criteria:&#xD;
&#xD;
          1. Prior malignancy (within the last 2 years) except for adequately treated basal cell or&#xD;
             squamous cell skin cancer, in situ cervical cancer, in situ breast cancer, in situ&#xD;
             prostate cancer or any other cancer for which the patient has been disease-free for at&#xD;
             least 2 years&#xD;
&#xD;
          2. Patients who have received any prior chemotherapy, radiotherapy, biologic/targeted&#xD;
             anti-cancer therapy (one week for BRAF inhibitor for melanoma) or surgery within 4&#xD;
             weeks (6 weeks for monoclonal antibodies, radioactive monoclonal antibodies or any&#xD;
             radio-or toxin-immunoconjugates) before Day 1 of Investigational product&#xD;
             administration and have not recovered (to &lt; Grade 1) from the toxic effects from any&#xD;
             prior therapy&#xD;
&#xD;
          3. Patients having received any other investigational agents within 4 weeks prior to Day&#xD;
             1 of Investigational product administration and have not recovered completely (to &lt;&#xD;
             Grade 1) from the side effects of the earlier investigational agent&#xD;
&#xD;
          4. Anticipated administration of any anti-cancer therapies (chemotherapy, radiation&#xD;
             therapy, immunotherapy, biological therapy, hormonal therapy, surgery, and/or tumor&#xD;
             embolisation) other than those administered in this study such as BRAF inhibitor&#xD;
&#xD;
          5. Patients with symptomatic or untreated leptomeningeal or brain metastases, or spinal&#xD;
             cord compression [patients with previous brain metastases will be allowed to enter the&#xD;
             trial if metastases have been surgically removed or all known sites of metastases have&#xD;
             been treated with stereotactic high dose radiosurgery. Patients must be off&#xD;
             corticosteroids for at least one month and have a stable lesion with verification by&#xD;
             imaging (CT/MRI) within 28 days prior to Day 1 of Investigational product&#xD;
             administration]&#xD;
&#xD;
          6. Patients with clinically significant medical condition of malabsorption, inflammatory&#xD;
             bowel disease, chronic diarrheal condition, refractory nausea, vomiting or any other&#xD;
             condition that will interfere significantly with the absorption of study drugs&#xD;
&#xD;
          7. Patients with mean QTc interval &gt;480 msec at screening&#xD;
&#xD;
          8. Treatment with drugs with potential to cause dysrhythmias including but not limited to&#xD;
             terfenadine, quinidine, procainamide, diisopyramide, sotalol, probucol, bepridil,&#xD;
             haloperidol, risperidone and/or indapamide&#xD;
&#xD;
          9. Patients on warfarin treatment&#xD;
&#xD;
         10. Any condition for which participation in this study as judged by the Investigator to&#xD;
             be detrimental to the patient with (such as) inter-current illness including, but not&#xD;
             limited to ongoing or active infection, New York Heart Association functional&#xD;
             classification class III, or IV heart failure; unstable angina pectoris; cardiac&#xD;
             arrhythmia; history of myocardial infarction; uncontrolled hypertension (blood&#xD;
             pressure above 160/100 mm Hg despite antihypertensive treatment); coronary artery&#xD;
             bypass graft; cerebrovascular accident; transient ischemic attack or pulmonary&#xD;
             embolism during the previous 6 months or psychiatric illness/social situations that&#xD;
             would jeopardize compliance with study requirements&#xD;
&#xD;
         11. Patients with a known immediate or delayed hypersensitivity reaction or idiosyncrasy&#xD;
             to any other medication chemically related to P1446A-05 or vemurafenib, or excipients&#xD;
             considered to be clinically significant by the investigator&#xD;
&#xD;
         12. Nursing woman&#xD;
&#xD;
         13. Patients with known HIV positivity or AIDS- related illness, or active Hepatitis B&#xD;
             virus, and active Hepatitis C virus&#xD;
&#xD;
         14. Patients taking drugs known to prolong the QTc interval who cannot be switched to an&#xD;
             alternative drug.&#xD;
&#xD;
        For Extension phase-&#xD;
&#xD;
          1. Patients with active second malignancy will be eligible as long as they do not need&#xD;
             systemic therapy for the second malignancy&#xD;
&#xD;
          2. Patients with active brain metastases will be included in the study as long as the&#xD;
             tumor size is less than 1 cm without the requirement of steroid use for neurological&#xD;
             symptoms&#xD;
&#xD;
          3. Patients with evaluable metastatic disease will be allowed even if there is no&#xD;
             measurable disease per RECIST 1.1. In this case patients with many sub centimeter&#xD;
             in-transit skin/SQ nodules will be eligible for the biopsy cohort.&#xD;
      </textblock>
    </criteria>
    <gender>All</gender>
    <minimum_age>18 Years</minimum_age>
    <maximum_age>N/A</maximum_age>
    <healthy_volunteers>No</healthy_volunteers>
  </eligibility>
  <overall_official>
    <last_name>Adil Daud, MD</last_name>
    <role>Principal Investigator</role>
    <affiliation>UCSF Medical Center at Mount Zion</affiliation>
  </overall_official>
  <overall_official>
    <last_name>Kevin B Kim, MD</last_name>
    <role>Principal Investigator</role>
    <affiliation>The University of Texas MD Anderson Cancer Center</affiliation>
  </overall_official>
  <location>
    <facility>
      <name>UCSF Medical Center at Mount Zion</name>
      <address>
        <city>South San Francisco</city>
        <state>California</state>
        <zip>94115</zip>
        <country>United States</country>
      </address>
    </facility>
  </location>
  <location>
    <facility>
      <name>University of Colorado Anschutz Medical Campus</name>
      <address>
        <city>Aurora</city>
        <state>Colorado</state>
        <zip>80045</zip>
        <country>United States</country>
      </address>
    </facility>
  </location>
  <location>
    <facility>
      <name>Georgetown-Lombardi Comprehensive Cancer Ctr</name>
      <address>
        <city>Washington</city>
        <state>District of Columbia</state>
        <zip>20057</zip>
        <country>United States</country>
      </address>
    </facility>
  </location>
  <location>
    <facility>
      <name>The University of Texas, MD Anderson Cancer Center</name>
      <address>
        <city>Houston</city>
        <state>Texas</state>
        <zip>77030</zip>
        <country>United States</country>
      </address>
    </facility>
  </location>
  <location_countries>
    <country>United States</country>
  </location_countries>
  <verification_date>September 2014</verification_date>
  <study_first_submitted>April 17, 2013</study_first_submitted>
  <study_first_submitted_qc>April 23, 2013</study_first_submitted_qc>
  <study_first_posted type="Estimate">April 26, 2013</study_first_posted>
  <last_update_submitted>September 3, 2014</last_update_submitted>
  <last_update_submitted_qc>September 3, 2014</last_update_submitted_qc>
  <last_update_posted type="Estimate">September 4, 2014</last_update_posted>
  <responsible_party>
    <responsible_party_type>Sponsor</responsible_party_type>
  </responsible_party>
  <keyword>Malignant Melanoma</keyword>
  <condition_browse>
    <!-- CAUTION:  The following MeSH terms are assigned with an imperfect algorithm            -->
    <mesh_term>Melanoma</mesh_term>
  </condition_browse>
  <intervention_browse>
    <!-- CAUTION:  The following MeSH terms are assigned with an imperfect algorithm            -->
    <mesh_term>Vemurafenib</mesh_term>
  </intervention_browse>
  <!-- Results have not yet been posted for this study                                          -->
</clinical_study>

