<?xml version="1.0" encoding="UTF-8"?>
<clinical_study rank="108">
  <!-- This xml conforms to an XML Schema at:
    https://clinicaltrials.gov/ct2/html/images/info/public.xsd -->
  <required_header>
    <download_date>ClinicalTrials.gov processed this data on February 06, 2024</download_date>
    <link_text>Link to the current ClinicalTrials.gov record.</link_text>
    <url>https://clinicaltrials.gov/ct2/show/NCT02706353</url>
  </required_header>
  <id_info>
    <org_study_id>2015-0654</org_study_id>
    <secondary_id>NCI-2016-00675</secondary_id>
    <nct_id>NCT02706353</nct_id>
  </id_info>
  <brief_title>APX005M in Combination With Systemic Pembrolizumab in Patients With Metastatic Melanoma</brief_title>
  <official_title>Phase I/II Dose Escalation and Cohort Expansion of Safety and Tolerability Study of Intratumoral CD40 Agonistic Monoclonal Antibody APX005M in Combination With Systemic Pembrolizumab in Patients With Metastatic Melanoma</official_title>
  <sponsors>
    <lead_sponsor>
      <agency>M.D. Anderson Cancer Center</agency>
      <agency_class>Other</agency_class>
    </lead_sponsor>
    <collaborator>
      <agency>Apexigen America, Inc.</agency>
      <agency_class>Industry</agency_class>
    </collaborator>
  </sponsors>
  <source>M.D. Anderson Cancer Center</source>
  <oversight_info>
    <has_dmc>No</has_dmc>
    <is_fda_regulated_drug>Yes</is_fda_regulated_drug>
    <is_fda_regulated_device>No</is_fda_regulated_device>
  </oversight_info>
  <brief_summary>
    <textblock>
      You are being asked to take part in this study because you have metastatic (cancer that has&#xD;
      spread) melanoma.&#xD;
&#xD;
      The goal of Part 1 of this clinical research study is to find the highest tolerable dose of&#xD;
      APX005M that can be given with pembrolizumab that can be given to patients with metastatic&#xD;
      melanoma.&#xD;
&#xD;
      The goal of Part 2 of this study is to learn if the combination can help to control&#xD;
      metastatic melanoma.&#xD;
&#xD;
      The safety of this drug combination will also be studied.&#xD;
&#xD;
      This is an investigational study. APX005M is not FDA approved or commercially available. It&#xD;
      is currently being used for research purposes only. Pembrolizumab is FDA approved and&#xD;
      commercially available for the treatment of metastatic melanoma. The combination of these&#xD;
      drugs to treat metastatic melanoma is investigational.&#xD;
&#xD;
      The study doctor can explain how the study drug is designed to work.&#xD;
&#xD;
      Up to 41 participants will be treated in this study. All will take part at MD Anderson.&#xD;
    </textblock>
  </brief_summary>
  <detailed_description>
    <textblock>
      Study Groups:&#xD;
&#xD;
      If you are found to be eligible to take part in this study, you will be assigned to a study&#xD;
      group based on when you join this study. Up to 4 groups of 3 participants will be enrolled in&#xD;
      Part 1, and up to 20 participants will be enrolled in Part 2.&#xD;
&#xD;
      If you are enrolled in Part 1, the dose of APX005M you receive will depend on when you join&#xD;
      this study. The first group of participants will receive the lowest dose level of APX005M.&#xD;
      Each new group will receive a higher dose of APX005M than the group before it, if no&#xD;
      intolerable side effects were seen. This will continue until the highest tolerable dose of&#xD;
      APX005M is found.&#xD;
&#xD;
      If you are enrolled in Part 2, you will receive APX005M at the highest dose that was&#xD;
      tolerated in Phase 1&#xD;
&#xD;
      All participants will receive the same dose level of pembrolizumab.&#xD;
&#xD;
      Study Drug Administration:&#xD;
&#xD;
      APX005M will be injected directly into 1 tumor every 3 weeks (Weeks 0, 3, 6, and 9) for up to&#xD;
      4 doses.&#xD;
&#xD;
      The injections may be done with or without the help of a ultrasound, CT, and MRI.&#xD;
&#xD;
      If the doctor thinks it is needed, you may need to stay in the hospital overnight or be&#xD;
      monitored by a caregiver for 24 hours after you receive APX005M.&#xD;
&#xD;
      You will receive pembrolizumab by vein 1 time every 3 weeks (Weeks 0, 3, 6, 9, and 12). The&#xD;
      first dose of pembrolizumab will be given 1-2 days before or after your first dose of&#xD;
      APX005M.&#xD;
&#xD;
      You will be given a diary to write down any injection site reactions you may have.&#xD;
&#xD;
      Study Visits:&#xD;
&#xD;
      Within 1 week before your first APX005M injection:&#xD;
&#xD;
        -  You will have a physical exam.&#xD;
&#xD;
        -  You will have a punch biopsy or image-guided biopsy of a tumor to check the status of&#xD;
           the disease. To collect a biopsy, the area of skin is numbed with anesthetic and a small&#xD;
           cut is made to remove all or part of the affected tissue. To collect a punch biopsy, the&#xD;
           area of skin is numbed with anesthetic and a small cut is made to remove all or part of&#xD;
           the affected tissue. To perform an image-guided biopsy, a needle is inserted into the&#xD;
           affected area using imaging such as CT or ultrasound to collect cells or tissue from an&#xD;
           organ, lymph node, or suspected tumor mass. The doctor will use the imaging to guide the&#xD;
           needle into the area.&#xD;
&#xD;
        -  Blood (about 4½ tablespoons) will be drawn to test your immune system. If you can become&#xD;
           pregnant, blood (about 1 teaspoon) may be drawn for a pregnancy test or urine may be&#xD;
           collected to test for pregnancy.&#xD;
&#xD;
        -  The tumors may be measured and photographed.&#xD;
&#xD;
      On Day 1 of Cycle 1:&#xD;
&#xD;
        -  You will have a physical exam.&#xD;
&#xD;
        -  Blood (about 5½ tablespoons) will be drawn for routine tests and test your immune&#xD;
           system.&#xD;
&#xD;
        -  The tumor may be measured and photographed.&#xD;
&#xD;
      On Day 2 of Cycle 1:&#xD;
&#xD;
        -  Your vital signs (blood pressure, heart rate, temperature, and breathing rate) will be&#xD;
           measured.&#xD;
&#xD;
        -  Blood (about 1 teaspoon) will be drawn for routine tests.&#xD;
&#xD;
        -  You will have a biopsy of one of the injected tumor sites within about 24 hours after&#xD;
           the 1st injection to check the status of the disease.&#xD;
&#xD;
      On Day 3 of Cycle 1:&#xD;
&#xD;
        -  Your vital signs will be measured.&#xD;
&#xD;
        -  Blood (about 5 tablespoons) will be drawn for routine tests and to test your immune&#xD;
           system.&#xD;
&#xD;
      On Days 8 and 15 of Cycle 1:&#xD;
&#xD;
        -  Your vital signs will be measured.&#xD;
&#xD;
        -  Blood (about 1½ teaspoons) will be drawn for routine tests.&#xD;
&#xD;
        -  Blood (about 4½ tablespoons) may be drawn to test your immune system (Day 8 only).&#xD;
&#xD;
      On Day 1 of Cycle 2:&#xD;
&#xD;
        -  You will have a physical exam.&#xD;
&#xD;
        -  Blood (about 5½ tablespoons) will be drawn for routine tests and to test your immune&#xD;
           system.&#xD;
&#xD;
      On Days 8 and 15 of Cycle 2:&#xD;
&#xD;
        -  Your vital signs will be measured.&#xD;
&#xD;
        -  Blood (about 1½ teaspoons) will be drawn for routine tests.&#xD;
&#xD;
        -  Blood (about 4½ tablespoons) may be drawn to test your immune system (Day 8 only).&#xD;
&#xD;
      On Day 1 of Cycle 3 (± 3 days):&#xD;
&#xD;
        -  Your vital signs will be measured.&#xD;
&#xD;
        -  You will have a physical exam.&#xD;
&#xD;
        -  You will have a biopsy of one of the injected tumors and one of the tumors for which you&#xD;
           did not have an injection to check the status of the disease.&#xD;
&#xD;
        -  The tumors may be measured and photographed.&#xD;
&#xD;
        -  You will have CT, MRI/CT, and/or an ultrasound to check the status of the disease.&#xD;
&#xD;
        -  Blood (about 2½ teaspoons) will be drawn for routine tests. If you can become pregnant,&#xD;
           a pregnancy test may be performed. Urine may be collected for the pregnancy test.&#xD;
&#xD;
        -  Blood (about 4½ tablespoons) will be drawn to test your immune system.&#xD;
&#xD;
      On Day 1 of Cycle 4:&#xD;
&#xD;
        -  Your vital signs will be measured&#xD;
&#xD;
        -  You will have a physical exam.&#xD;
&#xD;
        -  Blood (about 2½ teaspoons) will be drawn for routine tests&#xD;
&#xD;
        -  Blood (about 4½ tablespoons) will be drawn to test your immune system.&#xD;
&#xD;
      On Day 1 of Cycles 5-8:&#xD;
&#xD;
        -  Your vital signs will be measured.&#xD;
&#xD;
        -  You will have a physical exam.&#xD;
&#xD;
        -  Blood (about 1½ teaspoons) will be drawn for routine tests.&#xD;
&#xD;
      On Day 1 of Cycles 5 and 8 ONLY (± 3 days):&#xD;
&#xD;
        -  Blood (about 1½ teaspoons) will be drawn for routine tests.&#xD;
&#xD;
        -  Blood (about 4½ tablespoons) will be drawn to test your immune system.&#xD;
&#xD;
        -  You may have a biopsy of one of the injected tumors and one of the tumors for which you&#xD;
           did not have an injection to check the status of the disease (Cycle 5 only).&#xD;
&#xD;
        -  The tumors may be measured and photographed.&#xD;
&#xD;
        -  You will have CT, MRI/CT, and/or an ultrasound to check the status of the disease.&#xD;
&#xD;
      Cycles beyond Cycle 8:&#xD;
&#xD;
      °You will have CT, MRI/CT, and/or an ultrasound to check the status of the disease (every 3&#xD;
      months for up to 2 years).&#xD;
&#xD;
      Length of Treatment:&#xD;
&#xD;
      You will be on study for up to 2 years. You will be taken off study if the disease gets&#xD;
      worse, if intolerable side effects occur, or if you are unable to follow study directions.&#xD;
&#xD;
      If your doctor thinks it is in your benefit, you may continue to receive pembrolizumab as&#xD;
      standard of care after you are off this study. Your doctor will describe this in more detail.&#xD;
&#xD;
      Off-Study Visit:&#xD;
&#xD;
      If you have to go off study early because the disease got worse or you had intolerable side&#xD;
      effects:&#xD;
&#xD;
        -  Your vital signs will be measured.&#xD;
&#xD;
        -  You will have a physical exam.&#xD;
&#xD;
        -  Blood (about 1½ teaspoons) will be drawn for routine tests.&#xD;
&#xD;
        -  Blood (about 4½ tablespoons) will be drawn to test your immune system.&#xD;
&#xD;
      Follow-Up:&#xD;
&#xD;
      Within 2 weeks after your last study drug dose and every 8-12 weeks after that, you may have&#xD;
      scans to check the status of the disease. Your doctor will decide what type of scans you will&#xD;
      have.&#xD;
&#xD;
      If you choose to seek care at another hospital, the study staff will call you every 3 months&#xD;
      for up to 2 years after your last study drug dose. You will be asked how you are doing. The&#xD;
      calls should last about 5 minutes.&#xD;
    </textblock>
  </detailed_description>
  <overall_status>Active, not recruiting</overall_status>
  <start_date type="Actual">June 2, 2017</start_date>
  <completion_date type="Anticipated">April 30, 2024</completion_date>
  <primary_completion_date type="Anticipated">April 30, 2024</primary_completion_date>
  <phase>Phase 1/Phase 2</phase>
  <study_type>Interventional</study_type>
  <has_expanded_access>No</has_expanded_access>
  <study_design_info>
    <allocation>N/A</allocation>
    <intervention_model>Single Group Assignment</intervention_model>
    <primary_purpose>Treatment</primary_purpose>
    <masking>None (Open Label)</masking>
  </study_design_info>
  <primary_outcome>
    <measure>Maximum Tolerated Dose/Recommended Phase 2 Dose (MTD/RP2D) of APX005M in Combination with Pembrolizumab in Participants with Metastatic Melanoma - Dose Escalation Phase</measure>
    <time_frame>3 weeks</time_frame>
    <description>MTD defined as the highest dose for which the posterior probability of toxicity is closes to 30%, among all the tried doses i for which Pr (δ i &gt; 0.30 | data) &lt; 0.95. Toxicities graded according to the National Cancer Institute Common Terminology Criteria (CTC) for Adverse Events version 4.03.</description>
  </primary_outcome>
  <primary_outcome>
    <measure>Overall Response Rate (ORR) After Intratumoral Injection of APX005M in Combination with Pembrolizumab in Participants with Metastatic Melanoma - Dose Expansion Phase</measure>
    <time_frame>12 weeks</time_frame>
    <description>Tumor response to therapy assessed using immune-related response criteria (irRC), which is a modified version of the World Health Organization (WHO) criteria.</description>
  </primary_outcome>
  <secondary_outcome>
    <measure>Immune-Related Best Overall Response (irBOR) of APX005M in Combination with Pembrolizumab in Participants with Metastatic Melanoma</measure>
    <time_frame>12 weeks</time_frame>
    <description>irBOR is the best confirmed immune-related response criteria (irRC) overall response over the study as a whole, recorded between the date of first dose until the last tumor assessment.&#xD;
Correlation between change in cluster of differentiation 8 (CD8+) T-cell density of injected lesion and tumor shrinkage of non-injected lesion conducted based on Pearson's correlation coefficient and Spearman's rank correlation coefficient.</description>
  </secondary_outcome>
  <number_of_arms>1</number_of_arms>
  <enrollment type="Actual">34</enrollment>
  <condition>Melanoma</condition>
  <arm_group>
    <arm_group_label>APX005M + Pembrolizumab</arm_group_label>
    <arm_group_type>Experimental</arm_group_type>
    <description>Dose Escalation Phase:&#xD;
Starting dose level of APX005M is 0.1 mg injected directly into 1-3 tumors every 3 weeks (Weeks 0, 3, 6, and 9) for up to 4 doses. Tumor site chosen based on volume to be injected.&#xD;
All participants receive Pembrolizumab at 2 mg/kg by vein 1 time every 3 weeks (Weeks 0, 3, 6, 9, and 12). First dose of Pembrolizumab given 1-2 days before or after first dose of APX005M.&#xD;
Dose Expansion Phase:&#xD;
Starting dose level of APX005M is maximum tolerated dose from Dose Escalation Phase.&#xD;
Participants receive same dosage of Pembrolizumab as in Dose Escalation Phase.</description>
  </arm_group>
  <intervention>
    <intervention_type>Drug</intervention_type>
    <intervention_name>APX005M</intervention_name>
    <description>Dose Escalation Phase Starting Dose Level of APX005M: 0.1 mg injected directly into 1-3 tumors every 3 weeks (Weeks 0, 3, 6, and 9) for up to 4 doses.&#xD;
Dose Expansion Phase Starting Dose Level of APX005M: Maximum tolerated dose from Dose Escalation Phase.</description>
    <arm_group_label>APX005M + Pembrolizumab</arm_group_label>
  </intervention>
  <intervention>
    <intervention_type>Drug</intervention_type>
    <intervention_name>Pembrolizumab</intervention_name>
    <description>Dose Escalation and Expansion Phase Dose of Pembrolizumab: 2 mg/kg by vein 1 time every 3 weeks (Weeks 0, 3, 6, 9, and 12). First dose of Pembrolizumab given 1-2 days before or after first dose of APX005M.</description>
    <arm_group_label>APX005M + Pembrolizumab</arm_group_label>
    <other_name>Keytruda</other_name>
    <other_name>MK-3475</other_name>
    <other_name>SCH-900475</other_name>
  </intervention>
  <eligibility>
    <criteria>
      <textblock>
        Inclusion Criteria:&#xD;
&#xD;
          1. Be willing and able to provide written informed consent/assent for the trial.&#xD;
&#xD;
          2. Histologically or cytologically confirmed malignant melanoma from skin, or mucosal&#xD;
             melanoma (i.e. ocular melanoma subjects are not eligible)&#xD;
&#xD;
          3. Measurable, unresectable stage III (in transit lesions) or stage IVA, IVB, IVC disease&#xD;
&#xD;
          4. At least two injectable lesions (amenable for direct injection or through the use of&#xD;
             image guidance such ultrasound [US], CT or MRI) defined as any injectable cutaneous,&#xD;
             subcutaneous, nodal, or visceral melanoma lesion &gt;/= 10 mm in longest diameter&#xD;
&#xD;
          5. Age &gt;/= 18 years&#xD;
&#xD;
          6. ECOG performance status 0 or 1&#xD;
&#xD;
          7. Total bilirubin less than or equal to 2.0 mg/dl, except in patients with Gilbert's&#xD;
             Syndrome who must have a total bilirubin less than 3.0 mg/dl.&#xD;
&#xD;
          8. Platelet count greater than or equal to 100,000/mm^3&#xD;
&#xD;
          9. WBC &gt;3000/mm^3&#xD;
&#xD;
         10. ANC&gt;= 1500/mm^3&#xD;
&#xD;
         11. Hemoglobin &gt;9 g/dL&#xD;
&#xD;
         12. Serum ALT and AST &lt;3 the upper limit of normal (ULN); &lt;5 ULN if there is liver&#xD;
             involvement secondary to the tumor&#xD;
&#xD;
         13. Serum creatinine &lt;/= 2.0 mg/dl&#xD;
&#xD;
         14. Seronegative for HIV antibody&#xD;
&#xD;
         15. Patients with a negative pregnancy test (urine or serum) must be documented within 14&#xD;
             days of screening for women of childbearing potential (WOCBP). A WOCBP has not&#xD;
             undergone a hysterectomy or who has not been naturally postmenopausal for at least 12&#xD;
             consecutive months (i.e. who has not had menses at any time in the preceding 12&#xD;
             consecutive months).&#xD;
&#xD;
         16. Unless surgically sterile by bilateral tubal ligation or vasectomy of partner(s), the&#xD;
             patient agrees to continue to use a barrier method of contraception throughout the&#xD;
             study and for 4 months after the last dose of APX005M or Pembrolizumab such as:&#xD;
             condom, diaphragm, hormonal, IUD, or sponge plus spermicide. Abstinence is an&#xD;
             acceptable form of birth control.&#xD;
&#xD;
        Exclusion Criteria:&#xD;
&#xD;
          1. Patients who have previously received pembrolizumab or PD-/L1 blockade therapy.&#xD;
             Adjuvant IFN-a, is allowed if last dose was received at least 6 months of starting&#xD;
             study treatment.&#xD;
&#xD;
          2. Active autoimmune disease requiring disease-modifying therapy.&#xD;
&#xD;
          3. Concurrent systemic steroid therapy higher than physiologic dose (&gt;7.5 mg/day of&#xD;
             prednisone or equivalent).&#xD;
&#xD;
          4. Any form of active primary or secondary immunodeficiency.&#xD;
&#xD;
          5. Patients with history of hematologic malignancy.&#xD;
&#xD;
          6. Active coagulopathy.&#xD;
&#xD;
          7. History of New York Heart Association class 3-4 congestive heart failure or history&#xD;
             myocardial infarction within 6 months of starting study treatment.&#xD;
&#xD;
          8. History of arterial thrombosis within 3 months of starting study treatment.&#xD;
&#xD;
          9. History of clinically manifested CNS metastases, except if brain metastases have been&#xD;
             treated, are stable and are asymptomatic&#xD;
&#xD;
         10. Prior malignancy except the following: adequately treated basal cell or squamous cell&#xD;
             skin cancer, in-situ cervical cancer, thyroid cancer (except anaplastic) or any cancer&#xD;
             from which the patient has been disease-free for 2 years.&#xD;
&#xD;
         11. Subjects who have received prior immune checkpoint inhibitors (e.g., anti-PD-1,&#xD;
             anti-PD-L1), anti-CD40.&#xD;
&#xD;
         12. Subjects that have received experimental vaccines or other immune therapies should be&#xD;
             discussed with the Principal Investigator to confirm eligibility.&#xD;
&#xD;
         13. Active known clinically serious infections (&gt; Grade 2 NCI-CTCAE version 4.03).&#xD;
&#xD;
         14. Prior systemic therapy, radiation therapy, or surgery within the 28 days of starting&#xD;
             study treatment. Palliative radiotherapy to a limited field or palliative cryoablation&#xD;
             is allowed after consultation with the Principal Investigator, at any time during the&#xD;
             study participation including screening.&#xD;
&#xD;
         15. Women of child-bearing potential (WOCBP), women who are pregnant, or women who are&#xD;
             nursing.&#xD;
      </textblock>
    </criteria>
    <gender>All</gender>
    <minimum_age>18 Years</minimum_age>
    <maximum_age>N/A</maximum_age>
    <healthy_volunteers>No</healthy_volunteers>
  </eligibility>
  <overall_official>
    <last_name>Adi Diab, MD</last_name>
    <role>Principal Investigator</role>
    <affiliation>M.D. Anderson Cancer Center</affiliation>
  </overall_official>
  <location>
    <facility>
      <name>University of Texas MD Anderson Cancer Center</name>
      <address>
        <city>Houston</city>
        <state>Texas</state>
        <zip>77030</zip>
        <country>United States</country>
      </address>
    </facility>
  </location>
  <location_countries>
    <country>United States</country>
  </location_countries>
  <link>
    <url>http://www.mdanderson.org</url>
    <description>University of Texas MD Anderson Cancer Center Website</description>
  </link>
  <verification_date>December 2023</verification_date>
  <study_first_submitted>March 8, 2016</study_first_submitted>
  <study_first_submitted_qc>March 8, 2016</study_first_submitted_qc>
  <study_first_posted type="Estimate">March 11, 2016</study_first_posted>
  <last_update_submitted>December 21, 2023</last_update_submitted>
  <last_update_submitted_qc>December 21, 2023</last_update_submitted_qc>
  <last_update_posted type="Actual">December 27, 2023</last_update_posted>
  <responsible_party>
    <responsible_party_type>Sponsor</responsible_party_type>
  </responsible_party>
  <keyword>Melanoma</keyword>
  <keyword>Metastatic Melanoma</keyword>
  <keyword>Intratumoral APX005M</keyword>
  <keyword>Pembrolizumab</keyword>
  <keyword>Keytruda</keyword>
  <keyword>MK-3475</keyword>
  <keyword>SCH-900475</keyword>
  <condition_browse>
    <!-- CAUTION:  The following MeSH terms are assigned with an imperfect algorithm            -->
    <mesh_term>Melanoma</mesh_term>
  </condition_browse>
  <intervention_browse>
    <!-- CAUTION:  The following MeSH terms are assigned with an imperfect algorithm            -->
    <mesh_term>Pembrolizumab</mesh_term>
  </intervention_browse>
  <!-- Results have not yet been posted for this study                                          -->
</clinical_study>

