<?xml version="1.0" encoding="UTF-8"?>
<clinical_study rank="235">
  <!-- This xml conforms to an XML Schema at:
    https://clinicaltrials.gov/ct2/html/images/info/public.xsd -->
  <required_header>
    <download_date>ClinicalTrials.gov processed this data on February 06, 2024</download_date>
    <link_text>Link to the current ClinicalTrials.gov record.</link_text>
    <url>https://clinicaltrials.gov/ct2/show/NCT06221397</url>
  </required_header>
  <id_info>
    <org_study_id>PI2019216</org_study_id>
    <nct_id>NCT06221397</nct_id>
  </id_info>
  <brief_title>Clinical Validation Study of an AI-based CAD System for Early Non-Invasive Detection of Cutaneous Melanoma</brief_title>
  <acronym>LEGIT_MC_EVCDA</acronym>
  <official_title>Clinical Validation Study of a CAD System With Artificial Intelligence Algorithms for Early Non-invasive Detection of in Vivo Cutaneous Melanoma</official_title>
  <sponsors>
    <lead_sponsor>
      <agency>AI Labs Group S.L</agency>
      <agency_class>Industry</agency_class>
    </lead_sponsor>
    <collaborator>
      <agency>Servicio Vasco de Salud Osakidetza, Spain</agency>
      <agency_class>Other</agency_class>
    </collaborator>
    <collaborator>
      <agency>Osakidetza</agency>
      <agency_class>Other</agency_class>
    </collaborator>
    <collaborator>
      <agency>Hospital de Basurto</agency>
      <agency_class>Other</agency_class>
    </collaborator>
    <collaborator>
      <agency>Hospital de Cruces</agency>
      <agency_class>Other</agency_class>
    </collaborator>
  </sponsors>
  <source>AI Labs Group S.L</source>
  <oversight_info>
    <has_dmc>No</has_dmc>
    <is_fda_regulated_drug>No</is_fda_regulated_drug>
    <is_fda_regulated_device>No</is_fda_regulated_device>
  </oversight_info>
  <brief_summary>
    <textblock>
      The goal of this Cross-sectional analytical observational study of clinical case series is to&#xD;
      validate a Computer-aided diagnosis software developed by AI Labs Group for the&#xD;
      identification of cutaneous melanoma in images of lesions taken with a dermatoscopic camera.&#xD;
      This study will be carried out in patients with skin lesions with suspected malignancy seen&#xD;
      at the Dermatology Department of the Cruces University Hospital and Basurto University&#xD;
      Hospital. The main questions it aims to answer are:&#xD;
&#xD;
        -  If the AI algorithm developed by AI Labs group is a valid tool to identify cutaneous&#xD;
           melanoma in dermoscopic images with high reliability.&#xD;
&#xD;
        -  Comparing the device&amp;#39;s performance with dermatologists, with primary care&#xD;
           physicians&amp;#39; assessment to be considered in later phases.&#xD;
&#xD;
        -  Assessing the utility and feasibility of the device in adverse environments with&#xD;
           technical limitations.&#xD;
&#xD;
      In this way, patients with skin lesions with suspected malignancy seen at the Dermatology&#xD;
      Department of the Cruces and Basurto University Hospitals will be recruited. Patients in this&#xD;
      study will not receive any specific treatment as part of the research protocol. In addition,&#xD;
      they will continue their regular prescribed medications and treatments as directed by their&#xD;
      primary healthcare providers. This study does not require doing a follow-up of the subjects.&#xD;
      Every patient only gets their skin lesions photographed at the time of visit.&#xD;
    </textblock>
  </brief_summary>
  <detailed_description>
    <textblock>
      Introduction Cutaneous melanoma (CM), a type of skin cancer, has seen a significant rise in&#xD;
      incidence and mortality. It&amp;#39;s particularly aggressive and can metastasize rapidly, making&#xD;
      it resistant to chemotherapy and radiotherapy. However, early detection through simple&#xD;
      surgical excision is highly treatable. Differentiating between benign and malignant pigmented&#xD;
      lesions, especially during visual examination, is challenging.&#xD;
&#xD;
      Due to low public awareness and limited access to dermatologists, melanoma often gets&#xD;
      diagnosed at a later stage. To address this, there&amp;#39;s growing interest in computer-aided&#xD;
      diagnostics (CAD) using Artificial intelligence (AI) for early melanoma detection. AI&#xD;
      technologies have shown competence comparable to dermatologists in classifying lesions from&#xD;
      photographs. Machine vision and AI present a significant opportunity for improving diagnosis.&#xD;
&#xD;
      Preventive activities and early diagnosis campaigns have improved patient survival, pointing&#xD;
      at the fact that AI-based devices to assess skin lesion malignancy and distinguish between&#xD;
      micro melanomas and other skin lesions like nevus and lentigines may further increase patient&#xD;
      survival. This study aims to clinically validate the detection of cutaneous melanoma using&#xD;
      computer vision and machine learning applications.&#xD;
&#xD;
      Objectives Hypothesis A CAD system powered by with machine vision allows early and&#xD;
      non-invasive diagnosis of cutaneous melanoma in-vivo.&#xD;
&#xD;
      Primary objective&#xD;
&#xD;
      To validate that the artificial intelligence algorithm developed by AI Labs Group S.L. for&#xD;
      the identification of cutaneous melanoma in images of lesions taken with a dermatoscopic&#xD;
      camera achieves the following values:&#xD;
&#xD;
        -  Area Under the Curve (AUC) greater than 0.8&#xD;
&#xD;
        -  Sensitivity of 80% or higher&#xD;
&#xD;
        -  Specificity of 70% or higher&#xD;
&#xD;
      Secondary objective&#xD;
&#xD;
      To compare the performance of the artificial intelligence algorithm developed by the&#xD;
      manufacturer with the performance of healthcare professionals of different specializations:&#xD;
&#xD;
      Dermatologists Primary care physicians Validate the usefulness and feasibility of the&#xD;
      artificial intelligence algorithm developed by the manufacturer in adverse environments with&#xD;
      severe technical limitations, such as lack of instrumentation or lack of internet connection.&#xD;
&#xD;
      PRIMARY CARE PHYSICIANS The study does not compare the performance of the device against&#xD;
      Primary care physicians; it only focuses on dermatologists. However, it is widely known that&#xD;
      dermatologists have a significantly higher diagnostic success rate in the detection of&#xD;
      melanoma.&#xD;
&#xD;
      Population Patients with skin lesions of suspected malignancy seen at the Dermatology&#xD;
      Department of the Cruces and Basurto University Hospitals.&#xD;
&#xD;
      Design and Methods Design This is an analytical observational case series study for the&#xD;
      performance of a diagnostic test study. Measurements are performed in a single case, so it is&#xD;
      a cross-sectional study.&#xD;
&#xD;
      Number of Subjects The initial number of subjects for the study was 40. However, due to the&#xD;
      need for a balanced dataset (i.e., same number of melanoma and non-melanoma images), we&#xD;
      considered it necessary to collect cases of nevus and/or other types of skin lesions if&#xD;
      necessary. For this reason, the proposed number of subjects was increased to approximately&#xD;
      200 people, of which at least 40 present cutaneous melanoma.&#xD;
&#xD;
      At the time of this report, a total of 96 subjects have been included in the study, 70 from&#xD;
      Basurto University Hospital and 26 from Cruces University Hospital.&#xD;
&#xD;
      Initiation Date The date of inclusion of the first subject was September 17th, 2020.&#xD;
&#xD;
      Completion Date The last subject of the initial sample of 40 participants was included on&#xD;
      March 24, 2021.&#xD;
&#xD;
      The readjusted target sample size (200 participants) has not been reached yet, with 96&#xD;
      subjects included at the time of the report.&#xD;
&#xD;
      Duration This study is estimated to have a recruitment period of 10 months for the inclusion&#xD;
      of the first 40 patients. The recruitment period is extended by 12 months for the inclusion&#xD;
      of patients up to a total of 200, with a minimum of 40 melanomas.&#xD;
&#xD;
      The total duration of the study is estimated at 36 months, including the time required after&#xD;
      recruitment of the last subject for closing and editing the database, data analysis and&#xD;
      preparation of the final study report.&#xD;
&#xD;
      Methods&#xD;
&#xD;
      All the skin lesions are photographed following these technical indications:&#xD;
&#xD;
      Uncompressed image format, such as PNG, HEIC or TIFF. Taken with the DermLite Foto X&#xD;
      dermatoscope of the 3Gen Inc.&#xD;
&#xD;
      Taken from a Smartphone with the following characteristics:&#xD;
&#xD;
      With a camera with a minimum resolution of not less than 13 megapixels.&#xD;
&#xD;
      Taken with one of the following models:&#xD;
&#xD;
        -  Google Pixel 3 and Google Pixel 3 XL.&#xD;
&#xD;
        -  Samsung Galaxy Note 10, Samsung Galaxy S10, Samsung Galaxy S10E&#xD;
&#xD;
        -  iPhone X and below&#xD;
&#xD;
        -  Disabling all image post-processing, such as HDR, portrait mode, color filters or&#xD;
           digital zoom.&#xD;
&#xD;
      On a monthly basis, the research team collects the images and verifies their correctness. If&#xD;
      any image is not of sufficient quality, the investigator repeats the photograph. The research&#xD;
      team also collects diagnostic data from the expert dermatologists.&#xD;
    </textblock>
  </detailed_description>
  <overall_status>Recruiting</overall_status>
  <start_date type="Actual">September 17, 2020</start_date>
  <completion_date type="Anticipated">September 2024</completion_date>
  <primary_completion_date type="Anticipated">September 2024</primary_completion_date>
  <study_type>Observational [Patient Registry]</study_type>
  <has_expanded_access>No</has_expanded_access>
  <study_design_info>
    <observational_model>Cohort</observational_model>
    <time_perspective>Cross-Sectional</time_perspective>
  </study_design_info>
  <target_duration>1 Day</target_duration>
  <primary_outcome>
    <measure>Number of images per subject</measure>
    <time_frame>The moment of enrollment</time_frame>
    <description>Number of images that every patient upload to the web app with tha AI algorithm</description>
  </primary_outcome>
  <primary_outcome>
    <measure>Diagnosis</measure>
    <time_frame>Moment of enrollment</time_frame>
    <description>Diagnosis made by the AI algorithm</description>
  </primary_outcome>
  <primary_outcome>
    <measure>Quality of the image</measure>
    <time_frame>The moment of enrollment</time_frame>
    <description>Quality of the uploaded image by patient. A bad quality will not be accepted for the study and the patient will be asked to upload an image with a better quality</description>
  </primary_outcome>
  <primary_outcome>
    <measure>Melanoma detection</measure>
    <time_frame>The moment of enrollment</time_frame>
    <description>Sensitivity of the algorithm to detect the presence of melanoma or not</description>
  </primary_outcome>
  <secondary_outcome>
    <measure>Age and sex</measure>
    <time_frame>The moment of enrollment</time_frame>
    <description>Age and sex of patients</description>
  </secondary_outcome>
  <enrollment type="Anticipated">200</enrollment>
  <condition>Melanoma</condition>
  <condition>Melanoma, Skin</condition>
  <eligibility>
    <study_pop>
      <textblock>
        Patients with skin lesions with suspected malignancy seen at the Dermatology Department of&#xD;
        the Hospital Universitario Cruces and Hospital Universitario Basurto.&#xD;
      </textblock>
    </study_pop>
    <sampling_method>Non-Probability Sample</sampling_method>
    <criteria>
      <textblock>
        Inclusion Criteria:&#xD;
&#xD;
          -  Patients with skin lesions with suspected malignancy&#xD;
&#xD;
          -  Age over 18 years old&#xD;
&#xD;
          -  Patients who consent to participate in the study by signing the Informed Consent form&#xD;
&#xD;
        Exclusion Criteria:&#xD;
&#xD;
          -  Patients under 18 years of age&#xD;
      </textblock>
    </criteria>
    <gender>All</gender>
    <minimum_age>18 Years</minimum_age>
    <maximum_age>N/A</maximum_age>
    <healthy_volunteers>No</healthy_volunteers>
  </eligibility>
  <overall_official>
    <last_name>Jesús Gardeazabal, PhD</last_name>
    <role>Principal Investigator</role>
    <affiliation>Hospital Universitario Cruces</affiliation>
  </overall_official>
  <overall_official>
    <last_name>Rosa María Ize, PhD</last_name>
    <role>Principal Investigator</role>
    <affiliation>Hospital Universitario Basurto</affiliation>
  </overall_official>
  <overall_contact>
    <last_name>Alfonso Medela, MsC</last_name>
    <phone>+34 638127476</phone>
    <email>alfonso@legit.health</email>
  </overall_contact>
  <overall_contact_backup>
    <last_name>Jordi Barrachina, PhD</last_name>
    <phone>+34 660675578</phone>
    <email>jordibarrachina@legit.health</email>
  </overall_contact_backup>
  <location>
    <facility>
      <name>University Hospital of Cruces</name>
      <address>
        <city>Barakaldo</city>
        <state>Biscay</state>
        <zip>48903</zip>
        <country>Spain</country>
      </address>
    </facility>
    <status>Recruiting</status>
    <contact>
      <last_name>Jesús Gardeazabal, PhD</last_name>
      <phone>+34 946006149</phone>
      <email>secretaria.dermatologiacruces@osakidetza.net</email>
    </contact>
    <contact_backup>
      <last_name>Alfonso Medela, MsC</last_name>
      <phone>+34 638127476</phone>
      <email>alfonso@legit.health</email>
    </contact_backup>
    <investigator>
      <last_name>Jesús Gardeazabal, PhD</last_name>
      <role>Principal Investigator</role>
    </investigator>
    <investigator>
      <last_name>Rosa María Izu, PhD</last_name>
      <role>Principal Investigator</role>
    </investigator>
    <investigator>
      <last_name>Juan Antonio Ratón Nieto, PhD</last_name>
      <role>Sub-Investigator</role>
    </investigator>
    <investigator>
      <last_name>Ana Sánchez Diez, PhD</last_name>
      <role>Sub-Investigator</role>
    </investigator>
    <investigator>
      <last_name>Alfonso Medela, MsC</last_name>
      <role>Sub-Investigator</role>
    </investigator>
    <investigator>
      <last_name>Andy Aguilar, MsC</last_name>
      <role>Sub-Investigator</role>
    </investigator>
    <investigator>
      <last_name>Taig Mac Carthy, MsC</last_name>
      <role>Sub-Investigator</role>
    </investigator>
  </location>
  <location_countries>
    <country>Spain</country>
  </location_countries>
  <verification_date>January 2024</verification_date>
  <study_first_submitted>January 15, 2024</study_first_submitted>
  <study_first_submitted_qc>January 23, 2024</study_first_submitted_qc>
  <study_first_posted type="Actual">January 24, 2024</study_first_posted>
  <last_update_submitted>January 24, 2024</last_update_submitted>
  <last_update_submitted_qc>January 24, 2024</last_update_submitted_qc>
  <last_update_posted type="Actual">January 25, 2024</last_update_posted>
  <responsible_party>
    <responsible_party_type>Sponsor</responsible_party_type>
  </responsible_party>
  <keyword>melanoma</keyword>
  <keyword>primary care</keyword>
  <keyword>dermatology</keyword>
  <keyword>diagnosis</keyword>
  <keyword>Artificial Intelligence</keyword>
  <keyword>Severity</keyword>
  <condition_browse>
    <!-- CAUTION:  The following MeSH terms are assigned with an imperfect algorithm            -->
    <mesh_term>Melanoma</mesh_term>
  </condition_browse>
  <!-- Results have not yet been posted for this study                                          -->
</clinical_study>

