<?xml version="1.0" encoding="UTF-8"?>
<clinical_study rank="183">
  <!-- This xml conforms to an XML Schema at:
    https://clinicaltrials.gov/ct2/html/images/info/public.xsd -->
  <required_header>
    <download_date>ClinicalTrials.gov processed this data on February 06, 2024</download_date>
    <link_text>Link to the current ClinicalTrials.gov record.</link_text>
    <url>https://clinicaltrials.gov/ct2/show/NCT03136783</url>
  </required_header>
  <id_info>
    <org_study_id>PI2016_843_0021</org_study_id>
    <nct_id>NCT03136783</nct_id>
  </id_info>
  <brief_title>New Tumor Models in Three Dimensions and in a Human Skin Environment for Personalized Melanoma Therapy</brief_title>
  <acronym>SkinTher</acronym>
  <official_title>New Tumor Models in Three Dimensions and in a Human Skin Environment for Personalized Melanoma Therapy</official_title>
  <sponsors>
    <lead_sponsor>
      <agency>Centre Hospitalier Universitaire, Amiens</agency>
      <agency_class>Other</agency_class>
    </lead_sponsor>
  </sponsors>
  <source>Centre Hospitalier Universitaire, Amiens</source>
  <oversight_info>
    <is_fda_regulated_drug>No</is_fda_regulated_drug>
    <is_fda_regulated_device>No</is_fda_regulated_device>
  </oversight_info>
  <brief_summary>
    <textblock>
      The choice of treatment of patients with metastatic melanoma depends on the status of B-RAF&#xD;
      of the tumor: in the absence of mutation, treatment with immunotherapy (currently anti-PD1)&#xD;
      is proposed in the first line; When B-RAF is mutated, treatment with targeted therapies is&#xD;
      retained: B-RAF and MEK inhibitors are prescribed in combination (vemurafenib + cobimetinib&#xD;
      or dabrafenib + trametinib).&#xD;
&#xD;
      Patient response rates for targeted therapies range from 50 to 60%, and the occurrence of&#xD;
      sometimes severe side effects is not predictable. There are currently no predictive&#xD;
      biomarkers of patients' response to targeted therapy molecules. The in vitro evaluation of&#xD;
      the intrinsic sensitivity of the cells of patients to different combinations of targeted&#xD;
      therapy molecules would make it possible to propose the best therapeutic combinations. The&#xD;
      cutaneous metastases are chosen in the model because of easy access to collect tumor tissue.&#xD;
&#xD;
      The most relevant in vitro models for mimicking cutaneous melanoma metastases are explant&#xD;
      cultures and human skin equivalents.&#xD;
    </textblock>
  </brief_summary>
  <overall_status>Unknown status</overall_status>
  <last_known_status>Recruiting</last_known_status>
  <start_date type="Actual">March 22, 2017</start_date>
  <completion_date type="Anticipated">September 22, 2019</completion_date>
  <primary_completion_date type="Anticipated">September 22, 2019</primary_completion_date>
  <phase>N/A</phase>
  <study_type>Interventional</study_type>
  <has_expanded_access>No</has_expanded_access>
  <study_design_info>
    <allocation>N/A</allocation>
    <intervention_model>Single Group Assignment</intervention_model>
    <primary_purpose>Other</primary_purpose>
    <masking>None (Open Label)</masking>
  </study_design_info>
  <primary_outcome>
    <measure>Evaluating in vitro the response of tumor cells to different combinations of targeted therapy molecules</measure>
    <time_frame>30 months</time_frame>
  </primary_outcome>
  <number_of_arms>1</number_of_arms>
  <enrollment type="Anticipated">8</enrollment>
  <condition>Melanoma (Skin)</condition>
  <arm_group>
    <arm_group_label>Patient with stage IV melanoma</arm_group_label>
    <arm_group_type>Other</arm_group_type>
  </arm_group>
  <intervention>
    <intervention_type>Other</intervention_type>
    <intervention_name>Development of the most specific physiologically relevant experimental patient models</intervention_name>
    <description>Development of the most specific physiologically relevant experimental patient models: organotypic culture of biopsies, reconstituted skin (equivalents of dermis with melanoma, dermis equivalents and epidermis with melanoma), and in vitro evaluation The response of tumor cells to different combinations of targeted therapy molecules</description>
    <arm_group_label>Patient with stage IV melanoma</arm_group_label>
  </intervention>
  <eligibility>
    <criteria>
      <textblock>
        Inclusion Criteria:&#xD;
&#xD;
          -  Major Patients,&#xD;
&#xD;
          -  patients with melanoma (stage IV) with cutaneous metastases,&#xD;
&#xD;
          -  seronegative HIV, HBV, HCV, HTLV1.&#xD;
&#xD;
        Exclusion Criteria:&#xD;
&#xD;
          -  Absence of cutaneous metastasis or in transit&#xD;
&#xD;
          -  HIV or HBV or HCV or HTLV1 seropositivity&#xD;
&#xD;
          -  Patient minor, patient under guardianship or curatorship&#xD;
      </textblock>
    </criteria>
    <gender>All</gender>
    <minimum_age>18 Years</minimum_age>
    <maximum_age>N/A</maximum_age>
    <healthy_volunteers>No</healthy_volunteers>
  </eligibility>
  <overall_contact>
    <last_name>Catherine LOK-CHARLES, PhD</last_name>
    <phone>+33322455841</phone>
    <email>lok.catherine@chu-amiens.fr</email>
  </overall_contact>
  <location>
    <facility>
      <name>CHU Amiens Picardie</name>
      <address>
        <city>Amiens</city>
        <state>Picardie</state>
        <zip>80054</zip>
        <country>France</country>
      </address>
    </facility>
    <status>Recruiting</status>
    <contact>
      <last_name>Catherine LOK-CHARLES, PhD</last_name>
      <phone>+33322455841</phone>
      <email>lok.catherine@chu-amiens.fr</email>
    </contact>
  </location>
  <location_countries>
    <country>France</country>
  </location_countries>
  <verification_date>April 2017</verification_date>
  <study_first_submitted>April 28, 2017</study_first_submitted>
  <study_first_submitted_qc>April 28, 2017</study_first_submitted_qc>
  <study_first_posted type="Actual">May 2, 2017</study_first_posted>
  <last_update_submitted>April 28, 2017</last_update_submitted>
  <last_update_submitted_qc>April 28, 2017</last_update_submitted_qc>
  <last_update_posted type="Actual">May 2, 2017</last_update_posted>
  <responsible_party>
    <responsible_party_type>Sponsor</responsible_party_type>
  </responsible_party>
  <condition_browse>
    <!-- CAUTION:  The following MeSH terms are assigned with an imperfect algorithm            -->
    <mesh_term>Melanoma</mesh_term>
  </condition_browse>
  <!-- Results have not yet been posted for this study                                          -->
</clinical_study>

