<?xml version="1.0" encoding="UTF-8"?>
<clinical_study rank="147">
  <!-- This xml conforms to an XML Schema at:
    https://clinicaltrials.gov/ct2/html/images/info/public.xsd -->
  <required_header>
    <download_date>ClinicalTrials.gov processed this data on February 06, 2024</download_date>
    <link_text>Link to the current ClinicalTrials.gov record.</link_text>
    <url>https://clinicaltrials.gov/ct2/show/NCT03319693</url>
  </required_header>
  <id_info>
    <org_study_id>PA16108</org_study_id>
    <nct_id>NCT03319693</nct_id>
  </id_info>
  <brief_title>Molecular Characterization of Primary Mucosal Melanoma</brief_title>
  <acronym>MELMUQ</acronym>
  <official_title>Molecular Characterization of Primary Mucosal Melanoma</official_title>
  <sponsors>
    <lead_sponsor>
      <agency>CHU de Reims</agency>
      <agency_class>Other</agency_class>
    </lead_sponsor>
  </sponsors>
  <source>CHU de Reims</source>
  <oversight_info>
    <has_dmc>No</has_dmc>
    <is_fda_regulated_drug>No</is_fda_regulated_drug>
    <is_fda_regulated_device>No</is_fda_regulated_device>
  </oversight_info>
  <brief_summary>
    <textblock>
      Primary mucosal melanomas (MPM) are rarer than cutaneous melanomas, but also more severe.&#xD;
      They are usually refractory to conventional approaches, regularly excluded from major&#xD;
      therapeutic programs and not sensitive to new targeted therapies orphans. &quot; The&#xD;
      identification of therapeutic targets and accessibility to existing, developing or future&#xD;
      targeted therapies improves the survival of patients with MPM.&#xD;
&#xD;
      The principal goal is to describe, using a large panel of genes, the prevalence of major&#xD;
      mutations in a cohort of MPMs based on the population of a French region.&#xD;
    </textblock>
  </brief_summary>
  <overall_status>Unknown status</overall_status>
  <last_known_status>Active, not recruiting</last_known_status>
  <start_date type="Actual">August 28, 2017</start_date>
  <completion_date type="Anticipated">April 28, 2021</completion_date>
  <primary_completion_date type="Actual">April 28, 2019</primary_completion_date>
  <study_type>Observational</study_type>
  <has_expanded_access>No</has_expanded_access>
  <study_design_info>
    <observational_model>Cohort</observational_model>
    <time_perspective>Retrospective</time_perspective>
  </study_design_info>
  <primary_outcome>
    <measure>The frequency of main mutations identified using the NGS panel</measure>
    <time_frame>Day 0</time_frame>
    <description>NGS panel</description>
  </primary_outcome>
  <number_of_groups>1</number_of_groups>
  <enrollment type="Anticipated">65</enrollment>
  <condition>Mucosal Melanoma</condition>
  <arm_group>
    <arm_group_label>Mucosal melanoma</arm_group_label>
    <description>Incident Mucosal melanoma in the Champagne-Ardenne region 2004-2014</description>
  </arm_group>
  <intervention>
    <intervention_type>Genetic</intervention_type>
    <intervention_name>Somatic Genetic</intervention_name>
    <description>NGS analysis</description>
    <arm_group_label>Mucosal melanoma</arm_group_label>
  </intervention>
  <eligibility>
    <study_pop>
      <textblock>
        Patients with MPM&#xD;
      </textblock>
    </study_pop>
    <sampling_method>Non-Probability Sample</sampling_method>
    <criteria>
      <textblock>
        Inclusion criteria:&#xD;
&#xD;
          -  Incident Mucosal melanoma in the Champagne-Ardenne region 2004-2014&#xD;
&#xD;
        Exclusion criteria:&#xD;
&#xD;
          -  Cutaneous melanoma&#xD;
&#xD;
          -  Uveal melanoma&#xD;
      </textblock>
    </criteria>
    <gender>All</gender>
    <minimum_age>18 Years</minimum_age>
    <maximum_age>N/A</maximum_age>
    <healthy_volunteers>No</healthy_volunteers>
  </eligibility>
  <location>
    <facility>
      <name>Chu Reims</name>
      <address>
        <city>Reims</city>
        <zip>51092</zip>
        <country>France</country>
      </address>
    </facility>
  </location>
  <location_countries>
    <country>France</country>
  </location_countries>
  <verification_date>December 2019</verification_date>
  <study_first_submitted>October 20, 2017</study_first_submitted>
  <study_first_submitted_qc>October 23, 2017</study_first_submitted_qc>
  <study_first_posted type="Actual">October 24, 2017</study_first_posted>
  <last_update_submitted>December 13, 2019</last_update_submitted>
  <last_update_submitted_qc>December 13, 2019</last_update_submitted_qc>
  <last_update_posted type="Actual">December 16, 2019</last_update_posted>
  <responsible_party>
    <responsible_party_type>Sponsor</responsible_party_type>
  </responsible_party>
  <condition_browse>
    <!-- CAUTION:  The following MeSH terms are assigned with an imperfect algorithm            -->
    <mesh_term>Melanoma</mesh_term>
  </condition_browse>
  <!-- Results have not yet been posted for this study                                          -->
</clinical_study>

