<?xml version="1.0" encoding="UTF-8"?>
<clinical_study rank="321">
  <!-- This xml conforms to an XML Schema at:
    https://clinicaltrials.gov/ct2/html/images/info/public.xsd -->
  <required_header>
    <download_date>ClinicalTrials.gov processed this data on February 06, 2024</download_date>
    <link_text>Link to the current ClinicalTrials.gov record.</link_text>
    <url>https://clinicaltrials.gov/ct2/show/NCT03167177</url>
  </required_header>
  <id_info>
    <org_study_id>QUILT-3.046</org_study_id>
    <nct_id>NCT03167177</nct_id>
  </id_info>
  <brief_title>QUILT-3.046: NANT Melanoma Vaccine: Combination Immunotherapy in Subjects With Melanoma Who Have Progressed On or After Chemotherapy and PD-1/PD-L1 Therapy</brief_title>
  <official_title>NANT Melanoma Vaccine: Combination Immunotherapy in Subjects With Melanoma Who Have Progressed on or After Chemotherapy and Anti-programmed Cell Death Protein 1 (PD-1)/Programmed Death Ligand 1 (PD-L1) Therapy</official_title>
  <sponsors>
    <lead_sponsor>
      <agency>ImmunityBio, Inc.</agency>
      <agency_class>Industry</agency_class>
    </lead_sponsor>
  </sponsors>
  <source>ImmunityBio, Inc.</source>
  <oversight_info>
    <has_dmc>No</has_dmc>
    <is_fda_regulated_drug>Yes</is_fda_regulated_drug>
    <is_fda_regulated_device>No</is_fda_regulated_device>
  </oversight_info>
  <brief_summary>
    <textblock>
      This is a phase 1b/2 study to evaluate the safety and efficacy of metronomic combination&#xD;
      therapy in subjects with melanoma who have progressed on or after chemotherapy and&#xD;
      anti-PD-1/PD-L1 therapy.&#xD;
    </textblock>
  </brief_summary>
  <detailed_description>
    <textblock>
      Treatment will be administered in two phases. Subjects will continue treatment for up to 1&#xD;
      year or until they experience progressive disease (PD) or experience unacceptable toxicity&#xD;
      (not correctable with dose reduction), withdraw consent, or if the Investigator feels it is&#xD;
      no longer in the subject's best interest to continue treatment. Those who have a complete&#xD;
      response (CR) in the induction phase will enter phase 2 of the study. Subjects may remain on&#xD;
      phase 2 of the study for up to 1 year. Treatment will continue in phase 2 until the subject&#xD;
      experiences PD or unacceptable toxicity (not correctable with dose reduction), withdraws&#xD;
      consent, or if the Investigator feels it is no longer in the subject's best interest to&#xD;
      continue treatment. The maximum time on study treatment, including both phases, is up to 2&#xD;
      years.&#xD;
    </textblock>
  </detailed_description>
  <overall_status>Withdrawn</overall_status>
  <why_stopped>
    Trial not initiated&#xD;
  </why_stopped>
  <start_date type="Anticipated">December 2017</start_date>
  <completion_date type="Anticipated">March 2019</completion_date>
  <primary_completion_date type="Anticipated">January 2019</primary_completion_date>
  <phase>Phase 1/Phase 2</phase>
  <study_type>Interventional</study_type>
  <study_design_info>
    <allocation>N/A</allocation>
    <intervention_model>Single Group Assignment</intervention_model>
    <primary_purpose>Treatment</primary_purpose>
    <masking>None (Open Label)</masking>
  </study_design_info>
  <primary_outcome>
    <measure>Incidence of treatment-emergent Adverse Events (AEs) and Serious Adverse Events (SAEs), graded using the NCI CTCAE Version 4.03.</measure>
    <time_frame>1 year</time_frame>
    <description>Phase 1b primary endpoint</description>
  </primary_outcome>
  <primary_outcome>
    <measure>Objective response rate by RECIST Version 1.1</measure>
    <time_frame>1 year</time_frame>
    <description>Phase 2 primary endpoint</description>
  </primary_outcome>
  <primary_outcome>
    <measure>Objective response rate by irRC</measure>
    <time_frame>1 year</time_frame>
    <description>Phase 2 primary endpoint</description>
  </primary_outcome>
  <secondary_outcome>
    <measure>Objective response rate by irRC</measure>
    <time_frame>1 year</time_frame>
    <description>Phase 1b secondary endpoint</description>
  </secondary_outcome>
  <secondary_outcome>
    <measure>Objective response rate by RECIST Version 1.1</measure>
    <time_frame>1 year</time_frame>
    <description>Phase 1b secondary endpoint</description>
  </secondary_outcome>
  <secondary_outcome>
    <measure>Progression-free survival by irRC</measure>
    <time_frame>up to 2 years</time_frame>
    <description>Phase 1b and Phase 2 secondary endpoint</description>
  </secondary_outcome>
  <secondary_outcome>
    <measure>Progression-free survival by RECIST Version 1.1</measure>
    <time_frame>up to 2 years</time_frame>
    <description>Phase 1b and Phase 2 secondary endpoint</description>
  </secondary_outcome>
  <secondary_outcome>
    <measure>Overall survival</measure>
    <time_frame>up to 2 years</time_frame>
    <description>Phase 1b and Phase 2 secondary endpoint</description>
  </secondary_outcome>
  <secondary_outcome>
    <measure>Duration of response</measure>
    <time_frame>up to 2 years</time_frame>
    <description>Phase 1b and Phase 2 secondary endpoint</description>
  </secondary_outcome>
  <secondary_outcome>
    <measure>Disease control rate (confirmed complete response, partial response, or stable disease lasting for at least 2 months)</measure>
    <time_frame>up to 2 years</time_frame>
    <description>Phase 1b and Phase 2 secondary endpoint</description>
  </secondary_outcome>
  <secondary_outcome>
    <measure>Quality of life by patient-reported outcome using Functional Assessment of Cancer Therapy - Melanoma (FACT-M) Questionnaire</measure>
    <time_frame>up to 2 years</time_frame>
    <description>Phase 1b and Phase 2 secondary endpoint</description>
  </secondary_outcome>
  <secondary_outcome>
    <measure>Incidence of treatment-emergent Adverse Events (AEs) and Serious Adverse Events (SAEs), graded using the NCI CTCAE Version 4.03.</measure>
    <time_frame>1 year</time_frame>
    <description>Phase 2 secondary endpoint</description>
  </secondary_outcome>
  <number_of_arms>1</number_of_arms>
  <enrollment type="Actual">0</enrollment>
  <condition>Melanoma</condition>
  <arm_group>
    <arm_group_label>NANT Melanoma Vaccine</arm_group_label>
    <arm_group_type>Experimental</arm_group_type>
    <description>A combination of agents will be administered to subjects in this study:&#xD;
avelumab, bevacizumab, capecitabine, cisplatin, cyclophosphamide, 5-fluorouracil, leucovorin, nab-paclitaxel, nivolumab, omega-3-acid ethyl esters, stereotactic body radiation therapy, ALT-803, ETBX-011, ETBX-051, ETBX-061, GI-6207, GI-6301, and haNK.</description>
  </arm_group>
  <intervention>
    <intervention_type>Biological</intervention_type>
    <intervention_name>Avelumab</intervention_name>
    <description>Fully human anti-PD-L1 IgG1 lambda monoclonal antibody</description>
    <arm_group_label>NANT Melanoma Vaccine</arm_group_label>
  </intervention>
  <intervention>
    <intervention_type>Biological</intervention_type>
    <intervention_name>Bevacizumab</intervention_name>
    <description>Recombinant human anti-VEGF IgG1 monoclonal antibody</description>
    <arm_group_label>NANT Melanoma Vaccine</arm_group_label>
  </intervention>
  <intervention>
    <intervention_type>Drug</intervention_type>
    <intervention_name>Capecitabine</intervention_name>
    <description>5'-deoxy-5-fluoro-N-[(pentyloxy) carbonyl]-cytidine</description>
    <arm_group_label>NANT Melanoma Vaccine</arm_group_label>
  </intervention>
  <intervention>
    <intervention_type>Drug</intervention_type>
    <intervention_name>Cisplatin</intervention_name>
    <description>(SP-4-2)-diamminedichloroplatinum(II)</description>
    <arm_group_label>NANT Melanoma Vaccine</arm_group_label>
  </intervention>
  <intervention>
    <intervention_type>Drug</intervention_type>
    <intervention_name>Cyclophosphamide</intervention_name>
    <description>2-[bis(2-chloroethyl)amino]tetrahydro-2H-1,3,2-oxazaphosphorine 2-oxide monohydrate</description>
    <arm_group_label>NANT Melanoma Vaccine</arm_group_label>
  </intervention>
  <intervention>
    <intervention_type>Drug</intervention_type>
    <intervention_name>5-fluorouracil</intervention_name>
    <description>5-fluoro-2,4 (1H,3H)-pyrimidinedione</description>
    <arm_group_label>NANT Melanoma Vaccine</arm_group_label>
  </intervention>
  <intervention>
    <intervention_type>Drug</intervention_type>
    <intervention_name>Leucovorin</intervention_name>
    <description>Calcium N-[p-[[[(6RS)-2-amino-5-formyl-5,6,7,8-tetrahydro-4-hydroxy-6- pteridinyl]methyl]amino]benzoyl]-L-glutamate (1:1)</description>
    <arm_group_label>NANT Melanoma Vaccine</arm_group_label>
  </intervention>
  <intervention>
    <intervention_type>Drug</intervention_type>
    <intervention_name>nab-paclitaxel</intervention_name>
    <description>5β,20-Epoxy-1,2α,4,7β,10β,13α-hexahydroxytax-11-en-9-one 4,10-diacetate 2-benzoate 13-ester with (2R,3S)-N-benzoyl-3-phenylisoserine</description>
    <arm_group_label>NANT Melanoma Vaccine</arm_group_label>
  </intervention>
  <intervention>
    <intervention_type>Biological</intervention_type>
    <intervention_name>Nivolumab</intervention_name>
    <description>Recombinant human anti-PD-1 IgG4 monoclonal antibody</description>
    <arm_group_label>NANT Melanoma Vaccine</arm_group_label>
  </intervention>
  <intervention>
    <intervention_type>Drug</intervention_type>
    <intervention_name>omega-3-acid ethyl esters</intervention_name>
    <description>Omega-3-acid ethyl esters</description>
    <arm_group_label>NANT Melanoma Vaccine</arm_group_label>
  </intervention>
  <intervention>
    <intervention_type>Radiation</intervention_type>
    <intervention_name>Stereotactic Body Radiation Therapy</intervention_name>
    <description>radiation</description>
    <arm_group_label>NANT Melanoma Vaccine</arm_group_label>
  </intervention>
  <intervention>
    <intervention_type>Biological</intervention_type>
    <intervention_name>ALT-803</intervention_name>
    <description>Recombinant human super agonist interleukin-15 (IL-15) complex</description>
    <arm_group_label>NANT Melanoma Vaccine</arm_group_label>
  </intervention>
  <intervention>
    <intervention_type>Biological</intervention_type>
    <intervention_name>ETBX-011</intervention_name>
    <description>Ad5 [E1-, E2b-]-CEA</description>
    <arm_group_label>NANT Melanoma Vaccine</arm_group_label>
  </intervention>
  <intervention>
    <intervention_type>Biological</intervention_type>
    <intervention_name>ETBX-051</intervention_name>
    <description>Ad5 [E1-, E2b-]-Brachyury</description>
    <arm_group_label>NANT Melanoma Vaccine</arm_group_label>
  </intervention>
  <intervention>
    <intervention_type>Biological</intervention_type>
    <intervention_name>ETBX-061</intervention_name>
    <description>Ad5 [E1-, E2b-]-MUC1</description>
    <arm_group_label>NANT Melanoma Vaccine</arm_group_label>
  </intervention>
  <intervention>
    <intervention_type>Biological</intervention_type>
    <intervention_name>GI-6207</intervention_name>
    <description>Heat-killed S. cerevisiae yeast expressing CEA</description>
    <arm_group_label>NANT Melanoma Vaccine</arm_group_label>
  </intervention>
  <intervention>
    <intervention_type>Biological</intervention_type>
    <intervention_name>GI-6301</intervention_name>
    <description>Heat-killed S. cerevisiae yeast expressing the human Brachyury (hBrachyury) oncoprotein</description>
    <arm_group_label>NANT Melanoma Vaccine</arm_group_label>
  </intervention>
  <intervention>
    <intervention_type>Biological</intervention_type>
    <intervention_name>haNK</intervention_name>
    <description>NK-92 [CD16.158V, ER IL-2] (high-affinity activated Natural Killer cells)</description>
    <arm_group_label>NANT Melanoma Vaccine</arm_group_label>
  </intervention>
  <eligibility>
    <criteria>
      <textblock>
        Inclusion Criteria:&#xD;
&#xD;
          1. Age ≥ 18 years.&#xD;
&#xD;
          2. Able to understand and provide a signed informed consent that fulfills the relevant&#xD;
             IRB or IEC guidelines.&#xD;
&#xD;
          3. Histologically-confirmed metastatic or unresectable melanoma with progression on or&#xD;
             after chemotherapy and anti-PD-1/PD-L1 therapy.&#xD;
&#xD;
          4. ECOG performance status of 0 to 2.&#xD;
&#xD;
          5. Have at least 1 measurable lesion of ≥ 1.5 cm.&#xD;
&#xD;
          6. Must have a recent tumor biopsy specimen obtained following the conclusion of the most&#xD;
             recent anti-cancer treatment. If a historic specimen is not available, the subject&#xD;
             must be willing to undergo a biopsy during the screening period.&#xD;
&#xD;
          7. Must be willing to provide blood samples for exploratory analyses, and, if considered&#xD;
             safe by the Investigator, a tumor biopsy specimen at 8 weeks after the start of&#xD;
             treatment.&#xD;
&#xD;
          8. Ability to attend required study visits and return for adequate follow-up, as required&#xD;
             by this protocol.&#xD;
&#xD;
          9. Agreement to practice effective contraception for female subjects of child-bearing&#xD;
             potential and non-sterile males. Female subjects of child-bearing potential must agree&#xD;
             to use effective contraception for up to 1 year after completion of therapy, and&#xD;
             non-sterile male subjects must agree to use a condom for up to 4 months after&#xD;
             treatment.&#xD;
&#xD;
        Exclusion Criteria:&#xD;
&#xD;
          1. History of persistent grade 2 or higher (CTCAE Version 4.03) hematologic toxicity&#xD;
             resulting from previous therapy.&#xD;
&#xD;
          2. History of other active malignancies or brain metastasis except: controlled basal cell&#xD;
             carcinoma; prior history of prostate cancer that is not under active systemic&#xD;
             treatment (except hormonal therapy) and with undetectable PSA (&lt; 0.2 ng/mL); bulky (≥&#xD;
             1.5 cm) disease with metastasis in the central hilar area of the chest and involving&#xD;
             the pulmonary vasculature. Subjects with a history of another malignancy must have &gt; 5&#xD;
             years without evidence of disease.&#xD;
&#xD;
          3. Serious uncontrolled concomitant disease that would contraindicate the use of the&#xD;
             investigational drug used in this study or that would put the subject at high risk for&#xD;
             treatment-related complications.&#xD;
&#xD;
          4. Systemic autoimmune disease (eg, lupus erythematosus, rheumatoid arthritis, Addison's&#xD;
             disease, autoimmune disease associated with lymphoma).&#xD;
&#xD;
          5. History of organ transplant requiring immunosuppression.&#xD;
&#xD;
          6. History of or active inflammatory bowel disease (eg, Crohn's disease, ulcerative&#xD;
             colitis).&#xD;
&#xD;
          7. Requires whole blood transfusion to meet eligibility criteria.&#xD;
&#xD;
          8. Inadequate organ function, evidenced by the following laboratory results:&#xD;
&#xD;
               1. WBC count &lt; 3,500 cells/mm3.&#xD;
&#xD;
               2. Absolute neutrophil count &lt; 1,500 cells/mm3.&#xD;
&#xD;
               3. Platelet count &lt; 100,000 cells/mm3.&#xD;
&#xD;
               4. Hemoglobin &lt; 9 g/dL.&#xD;
&#xD;
               5. Total bilirubin greater than the ULN (unless the subject has documented Gilbert's&#xD;
                  syndrome).&#xD;
&#xD;
               6. AST (SGOT)) or ALT (SGPT) &gt; 2.5 × ULN (&gt; 5 × ULN in subjects with liver&#xD;
                  metastases).&#xD;
&#xD;
               7. Alkaline phosphatase levels &gt; 2.5 × ULN (&gt; 5 × ULN in subjects with liver&#xD;
                  metastases, or &gt;10 × ULN in subjects with bone metastases).&#xD;
&#xD;
               8. Serum creatinine &gt; 2.0 mg/dL or 177 μmol/L.&#xD;
&#xD;
               9. INR or aPTT or PTT &gt;1.5 × ULN (unless on therapeutic anti-coagulation).&#xD;
&#xD;
          9. Uncontrolled hypertension (systolic &gt; 150 mm Hg and/or diastolic &gt; 100 mm Hg) or&#xD;
             clinically significant (ie, active) cardiovascular disease, cerebrovascular&#xD;
             accident/stroke, or myocardial infarction within 6 months prior to first study&#xD;
             medication; unstable angina; congestive heart failure of New York Heart Association&#xD;
             grade 2 or higher; or serious cardiac arrhythmia requiring medication.&#xD;
&#xD;
         10. Dyspnea at rest due to complications of advanced malignancy or other disease requiring&#xD;
             continuous oxygen therapy.&#xD;
&#xD;
         11. Positive results of screening test for HIV, HBV, or HCV.&#xD;
&#xD;
         12. Current chronic daily treatment (continuous for &gt; 3 months) with systemic&#xD;
             corticosteroids (dose equivalent to or greater than 10 mg/day methylprednisolone),&#xD;
             excluding inhaled steroids. Short-term steroid use to prevent IV contrast allergic&#xD;
             reaction or anaphylaxis in subjects who have known contrast allergies is allowed.&#xD;
&#xD;
         13. Known hypersensitivity to any component of the study medication(s).&#xD;
&#xD;
         14. Subjects taking any medication(s) (herbal or prescribed) known to have an adverse drug&#xD;
             reaction with any of the study medications.&#xD;
&#xD;
         15. Concurrent or prior use of a strong CYP3A4 inhibitor (including ketoconazole,&#xD;
             itraconazole, posaconazole, clarithromycin, indinavir, nefazodone, nelfinavir,&#xD;
             ritonavir, saquinavir, telithromycin, voriconazole, and grapefruit products) or strong&#xD;
             CYP3A4 inducers (including phenytoin, carbamazepine, rifampin, rifabutin, rifapentin,&#xD;
             phenobarbital, and St John's Wort) within 14 days before study day 1.&#xD;
&#xD;
         16. Concurrent or prior use of a strong CYP2C8 inhibitor (gemfibrozil) or moderate CYP2C8&#xD;
             inducer (rifampin) within 14 days before study day 1.&#xD;
&#xD;
         17. Participation in an investigational drug study or history of receiving any&#xD;
             investigational treatment within 14 days prior to screening for this study, except for&#xD;
             testosterone lowering therapy in men with prostate cancer.&#xD;
&#xD;
         18. Assessed by the Investigator to be unable or unwilling to comply with the requirements&#xD;
             of the protocol.&#xD;
&#xD;
         19. Concurrent participation in any interventional clinical trial.&#xD;
&#xD;
         20. Pregnant and nursing women.&#xD;
      </textblock>
    </criteria>
    <gender>All</gender>
    <minimum_age>18 Years</minimum_age>
    <maximum_age>N/A</maximum_age>
    <healthy_volunteers>No</healthy_volunteers>
  </eligibility>
  <verification_date>October 2017</verification_date>
  <study_first_submitted>May 23, 2017</study_first_submitted>
  <study_first_submitted_qc>May 24, 2017</study_first_submitted_qc>
  <study_first_posted type="Actual">May 25, 2017</study_first_posted>
  <last_update_submitted>March 17, 2021</last_update_submitted>
  <last_update_submitted_qc>March 17, 2021</last_update_submitted_qc>
  <last_update_posted type="Actual">March 19, 2021</last_update_posted>
  <responsible_party>
    <responsible_party_type>Sponsor</responsible_party_type>
  </responsible_party>
  <condition_browse>
    <!-- CAUTION:  The following MeSH terms are assigned with an imperfect algorithm            -->
    <mesh_term>Melanoma</mesh_term>
  </condition_browse>
  <intervention_browse>
    <!-- CAUTION:  The following MeSH terms are assigned with an imperfect algorithm            -->
    <mesh_term>Leucovorin</mesh_term>
    <mesh_term>Paclitaxel</mesh_term>
    <mesh_term>Cyclophosphamide</mesh_term>
    <mesh_term>Bevacizumab</mesh_term>
    <mesh_term>Capecitabine</mesh_term>
    <mesh_term>Fluorouracil</mesh_term>
    <mesh_term>Nivolumab</mesh_term>
    <mesh_term>Avelumab</mesh_term>
  </intervention_browse>
  <patient_data>
    <sharing_ipd>No</sharing_ipd>
  </patient_data>
  <!-- Results have not yet been posted for this study                                          -->
</clinical_study>

