<?xml version="1.0" encoding="UTF-8"?>
<clinical_study rank="256">
  <!-- This xml conforms to an XML Schema at:
    https://clinicaltrials.gov/ct2/html/images/info/public.xsd -->
  <required_header>
    <download_date>ClinicalTrials.gov processed this data on February 06, 2024</download_date>
    <link_text>Link to the current ClinicalTrials.gov record.</link_text>
    <url>https://clinicaltrials.gov/ct2/show/NCT00631618</url>
  </required_header>
  <id_info>
    <org_study_id>GA6181DN</org_study_id>
    <nct_id>NCT00631618</nct_id>
  </id_info>
  <brief_title>Clinical Trial of Sutent to Treat Metastatic Melanoma</brief_title>
  <official_title>A Phase II Trial of Sutent in Metastatic Melanoma Patients With KIT Aberrations.</official_title>
  <sponsors>
    <lead_sponsor>
      <agency>California Pacific Medical Center Research Institute</agency>
      <agency_class>Other</agency_class>
    </lead_sponsor>
    <collaborator>
      <agency>Pfizer</agency>
      <agency_class>Industry</agency_class>
    </collaborator>
    <collaborator>
      <agency>University of California, San Francisco</agency>
      <agency_class>Other</agency_class>
    </collaborator>
  </sponsors>
  <source>California Pacific Medical Center Research Institute</source>
  <brief_summary>
    <textblock>
      The purpose of this study is to investigate whether an investigational drug called sunitinib&#xD;
      malate is safe and effective in treating metastatic melanoma in patients with KIT mutations.&#xD;
&#xD;
      KIT is a gene that &quot;codes for&quot; (contains the genetic code that the body uses to make) a&#xD;
      protein on the surface of cells in your body that is important in cell growth and cell&#xD;
      division. The KIT protein seems to play a role in abnormal cell growth seen in acute&#xD;
      leukemia, germ cell tumors, gastrointestinal stromal tumors (GIST), and certain melanomas.&#xD;
      Melanomas that arise on acral skin (palms, soles, nail beds), mucosal membranes, and&#xD;
      chronically sun damaged skin have recently been found to frequently contain mutations or&#xD;
      increased copy numbers of the KIT gene. Your tumor tissue has previously been tested and has&#xD;
      been found to contain abnormalities in the KIT gene.&#xD;
&#xD;
      Sunitinib malate is drug that has been shown to inhibit the activity of the KIT protein. The&#xD;
      FDA approved sunitinib in 2006 for patients with GIST. It has been shown that sunitinib&#xD;
      malate works in these patients because of its activity against the KIT protein. The FDA also&#xD;
      approved Sunitinib malate in 2006 for the treatment of metastatic kidney cancer, where its&#xD;
      effectiveness is probably due to its ability to block a different set of proteins.&#xD;
&#xD;
      Sunitinib malate has not been approved by the FDA for the treatment of metastatic melanoma.&#xD;
    </textblock>
  </brief_summary>
  <overall_status>Completed</overall_status>
  <start_date>September 2007</start_date>
  <completion_date type="Actual">March 2012</completion_date>
  <primary_completion_date type="Actual">March 2012</primary_completion_date>
  <phase>Phase 2</phase>
  <study_type>Interventional</study_type>
  <has_expanded_access>No</has_expanded_access>
  <study_design_info>
    <allocation>N/A</allocation>
    <intervention_model>Single Group Assignment</intervention_model>
    <primary_purpose>Treatment</primary_purpose>
    <masking>None (Open Label)</masking>
  </study_design_info>
  <primary_outcome>
    <measure>Determine the objective response rate of metastatic melanoma patients with KIT aberrations to therapy with sunitinib.</measure>
    <time_frame>5 years</time_frame>
  </primary_outcome>
  <secondary_outcome>
    <measure>Study the safety and toxicity of sunitinib when given to metastatic melanoma patients with KIT aberrations.</measure>
    <time_frame>5 years</time_frame>
  </secondary_outcome>
  <number_of_arms>1</number_of_arms>
  <enrollment type="Actual">12</enrollment>
  <condition>Metastatic Melanoma</condition>
  <arm_group>
    <arm_group_label>Suntinib</arm_group_label>
    <arm_group_type>Experimental</arm_group_type>
    <description>Suntinib</description>
  </arm_group>
  <intervention>
    <intervention_type>Drug</intervention_type>
    <intervention_name>Sutent (sunitinib)</intervention_name>
    <description>The initial dose will be 50mg daily taken for 4 consecutive weeks followed by 2-weeks off to comprise a complete cycle of 6 weeks.</description>
    <arm_group_label>Suntinib</arm_group_label>
    <other_name>sunitinib malate</other_name>
  </intervention>
  <eligibility>
    <criteria>
      <textblock>
        Inclusion Criteria:&#xD;
&#xD;
          -  Histologically confirmed advanced stage III or IV melanoma with primary origin in&#xD;
             mucosal, acral-lentiginous, or chronic sun-damaged skin. Advanced disease is defined&#xD;
             as locally recurrent disease or metastatic disease not amenable to surgical therapy.&#xD;
             Patients may enter tumor-testing phase even if they do not have recurrent disease.&#xD;
&#xD;
          -  Aberration of the KIT gene or KIT receptor on in-vitro testing of their tumor tissue.&#xD;
&#xD;
          -  Evidence of measurable disease by RECIST criteria [Appendix 2]. Bone lesions, ascites,&#xD;
             peritoneal carcinomatosis or miliary lesions, pleural or pericardial effusions,&#xD;
             lymphangitis of the skin or lung, cystic lesions, or irradiated lesions are not&#xD;
             considered measurable.&#xD;
&#xD;
          -  Resolution of all acute toxic effects of prior chemotherapy, immunotherapy,&#xD;
             radiotherapy or surgical procedures to NCI CTCAE Version 3.0 grade ≤1.&#xD;
&#xD;
          -  Adequate organ function&#xD;
&#xD;
          -  ECOG performance status 0 or 1.&#xD;
&#xD;
        Exclusion Criteria:&#xD;
&#xD;
          -  Major surgery or radiation therapy within 2 weeks of starting the study treatment.&#xD;
             Prior palliative radiotherapy to metastatic lesion(s) is permitted, provided there is&#xD;
             at least one measurable lesion that has not been irradiated.&#xD;
&#xD;
          -  NCI CTCAE Version 3.0 grade 3 hemorrhage within 4 weeks of starting the study&#xD;
             treatment.&#xD;
&#xD;
          -  Diagnosis of any second malignancy within the last 2 years, except for adequately&#xD;
             treated basal cell carcinoma, squamous cell skin cancer, localized prostate cancer, or&#xD;
             in situ cervical cancer.&#xD;
&#xD;
          -  Active brain metastases, spinal cord compression, or evidence of symptomatic brain or&#xD;
             leptomeningeal carcinomatosis on screening CT or MRI scan. Patients who have had&#xD;
             central nervous system metastases treated by surgery or radiation therapy and with&#xD;
             those CNS metastases considered in control will be eligible, provided measurable&#xD;
             disease outside the CNS is present.&#xD;
&#xD;
          -  Any of the following within the 2 months prior to study drug administration:&#xD;
             myocardial infarction, severe/unstable angina, coronary/peripheral artery bypass&#xD;
             graft, symptomatic congestive heart failure, cerebrovascular accident or transient&#xD;
             ischemic attack, or pulmonary embolism.&#xD;
&#xD;
          -  Ongoing cardiac dysrhythmias of NCI CTCAE Version 3.0 grade &gt; 2.&#xD;
&#xD;
          -  Prolonged QTc interval on baseline EKG (&gt;450 msec for males or &gt;470 msec for females)&#xD;
&#xD;
          -  Uncontrolled hypertension (&gt; 160/100 mm hg despite optimal medical therapy).&#xD;
&#xD;
          -  Concurrent treatment on another clinical trial. Supportive care trials or&#xD;
             non-treatment trials, e.g., QOL, are allowed.&#xD;
&#xD;
          -  Ongoing treatment with therapeutic doses of warfarin (low dose warfarin up to 2 mg po&#xD;
             daily for thromboprophylaxis is allowed).&#xD;
&#xD;
          -  Pregnant or breastfeeding.&#xD;
&#xD;
          -  Life expectancy less than 3 months.&#xD;
      </textblock>
    </criteria>
    <gender>All</gender>
    <minimum_age>18 Years</minimum_age>
    <maximum_age>N/A</maximum_age>
    <healthy_volunteers>No</healthy_volunteers>
  </eligibility>
  <overall_official>
    <last_name>David R Minor, MD</last_name>
    <role>Principal Investigator</role>
    <affiliation>California Pacific Medical Center</affiliation>
  </overall_official>
  <location>
    <facility>
      <name>California Pacific Medical Center</name>
      <address>
        <city>San Francisco</city>
        <state>California</state>
        <zip>94115</zip>
        <country>United States</country>
      </address>
    </facility>
  </location>
  <location_countries>
    <country>United States</country>
  </location_countries>
  <results_reference>
    <citation>Minor DR, Kashani-Sabet M, Garrido M, O'Day SJ, Hamid O, Bastian BC. Sunitinib therapy for melanoma patients with KIT mutations. Clin Cancer Res. 2012 Mar 1;18(5):1457-63. doi: 10.1158/1078-0432.CCR-11-1987. Epub 2012 Jan 18.</citation>
    <PMID>22261812</PMID>
  </results_reference>
  <verification_date>February 2014</verification_date>
  <study_first_submitted>March 3, 2008</study_first_submitted>
  <study_first_submitted_qc>March 7, 2008</study_first_submitted_qc>
  <study_first_posted type="Estimate">March 10, 2008</study_first_posted>
  <last_update_submitted>February 22, 2014</last_update_submitted>
  <last_update_submitted_qc>February 22, 2014</last_update_submitted_qc>
  <last_update_posted type="Estimate">February 25, 2014</last_update_posted>
  <responsible_party>
    <responsible_party_type>Principal Investigator</responsible_party_type>
    <investigator_affiliation>California Pacific Medical Center Research Institute</investigator_affiliation>
    <investigator_full_name>David Minor, MD</investigator_full_name>
    <investigator_title>Medical Doctor</investigator_title>
  </responsible_party>
  <condition_browse>
    <!-- CAUTION:  The following MeSH terms are assigned with an imperfect algorithm            -->
    <mesh_term>Melanoma</mesh_term>
  </condition_browse>
  <intervention_browse>
    <!-- CAUTION:  The following MeSH terms are assigned with an imperfect algorithm            -->
    <mesh_term>Sunitinib</mesh_term>
  </intervention_browse>
  <!-- Results have not yet been posted for this study                                          -->
</clinical_study>

