<?xml version="1.0" encoding="UTF-8"?>
<clinical_study rank="27">
  <!-- This xml conforms to an XML Schema at:
    https://clinicaltrials.gov/ct2/html/images/info/public.xsd -->
  <required_header>
    <download_date>ClinicalTrials.gov processed this data on February 06, 2024</download_date>
    <link_text>Link to the current ClinicalTrials.gov record.</link_text>
    <url>https://clinicaltrials.gov/ct2/show/NCT05179174</url>
  </required_header>
  <id_info>
    <org_study_id>71/2020/PO</org_study_id>
    <nct_id>NCT05179174</nct_id>
  </id_info>
  <brief_title>The Role of Genetic Mutations and of Circulating mRNAs in Uveal Melanoma</brief_title>
  <official_title>The Role of Genetic Mutations and of Circulating mRNAs in Uveal Melanoma</official_title>
  <sponsors>
    <lead_sponsor>
      <agency>University of Catania</agency>
      <agency_class>Other</agency_class>
    </lead_sponsor>
  </sponsors>
  <source>University of Catania</source>
  <oversight_info>
    <has_dmc>No</has_dmc>
    <is_fda_regulated_drug>No</is_fda_regulated_drug>
    <is_fda_regulated_device>No</is_fda_regulated_device>
  </oversight_info>
  <brief_summary>
    <textblock>
      The aim of the study is to identify genetic and epigenetic biomarkers in uveal melanoma, and&#xD;
      to evaluate their diagnostic and prognostic role.&#xD;
&#xD;
      In particular, the specific objectives are:&#xD;
&#xD;
        1. to identify the circulating somatic mutations associated with uveal melanoma;&#xD;
&#xD;
        2. to identify the de-regulated miRNAs associated with uveal melanoma;&#xD;
&#xD;
        3. to evaluate the diagnostic and prognostic role of the identified genetic and epigenetic&#xD;
           markers;&#xD;
&#xD;
        4. to identify possible therapeutic targets.&#xD;
    </textblock>
  </brief_summary>
  <detailed_description>
    <textblock>
      This is a prospective, multicentric, case-control study, aimed at studying the gene and&#xD;
      epigenetic mechanisms involved in uveal melanoma.&#xD;
&#xD;
      Patients with uveal melanoma, will be enrolled. For each subject included in the study, in a&#xD;
      blood sample will be searched the mutations of the GNA11 and GNAQ genes and the expression of&#xD;
      the following microRNAs: miR - 506-514 cluster, hsamiR - 592 and hsa - miR - 199a - 5p; the&#xD;
      digital PCR droplet system will be used.&#xD;
&#xD;
      The study will not change the diagnostic-therapeutic process adopted in the clinical practice&#xD;
      and will have no influence on the clinical management of enrolled patients.&#xD;
&#xD;
      A group of age sex matched controls will be recruited among patients scheduled for cataract&#xD;
      surgery.&#xD;
&#xD;
      The sample size was calculated to detect, with a power of 80% and a confidence interval of&#xD;
      95%, a difference of 13.5% between the incidence of mutation of the GNA11 gene in patients&#xD;
      with melanoma and healthy controls. (13.5% vs 0%). Overall, at least 51 patients with uveal&#xD;
      melanoma and 51 controls will be recruited, for a total of at least 102 subjects.&#xD;
    </textblock>
  </detailed_description>
  <overall_status>Unknown status</overall_status>
  <last_known_status>Recruiting</last_known_status>
  <start_date type="Actual">April 20, 2021</start_date>
  <completion_date type="Anticipated">December 2023</completion_date>
  <primary_completion_date type="Anticipated">April 2023</primary_completion_date>
  <study_type>Observational</study_type>
  <has_expanded_access>No</has_expanded_access>
  <study_design_info>
    <observational_model>Case-Control</observational_model>
    <time_perspective>Prospective</time_perspective>
  </study_design_info>
  <primary_outcome>
    <measure>circulating GNA11 mutation detection through digital droplet PCR</measure>
    <time_frame>at the diagnosis of uveal melanoma (first visit), through study completion, in an average of 1 year</time_frame>
    <description>the incidence of GNA11 mutations in uveal melanoma patients and in controls</description>
  </primary_outcome>
  <secondary_outcome>
    <measure>micro RNA levels in serum</measure>
    <time_frame>at the diagnosis of uveal melanoma (first visit), through study completion, in an average of 1 year</time_frame>
    <description>the expression levels of circulating miRNAs (miR - 506-514 cluster, hsamiR - 592 and hsa - miR - 199a - 5p) in uveal melanoma patients and in controls</description>
  </secondary_outcome>
  <number_of_groups>2</number_of_groups>
  <enrollment type="Anticipated">102</enrollment>
  <condition>Uveal Melanoma</condition>
  <arm_group>
    <arm_group_label>patients with uveal melanoma</arm_group_label>
    <description>51 patients with a diagnosed with uveal melanoma; of both sexes, aging more than 18 years. The exclusion criteria are: a) subjects with autoimmune diseases, tumors, diseases kidney, atherosclerosis; b) subjects undergoing anti-inflammatory therapies.</description>
  </arm_group>
  <arm_group>
    <arm_group_label>healthy controls</arm_group_label>
    <description>51 age sex matched controls, patients with diagnosed with cataracts; of both sexes, aging more than 18 years. The exclusion criteria are: a) subjects with autoimmune diseases, tumors, kidney diseases, atherosclerosis; b) subjects undergoing anti-inflammatory therapies.</description>
  </arm_group>
  <intervention>
    <intervention_type>Genetic</intervention_type>
    <intervention_name>blood sample examination</intervention_name>
    <description>droplet digital PCR in blood sample for research of mutations of GNA11 and GNAQ genes and the following microRNAs: miR - 506-514 cluster, hsamiR - 592 and hsa - miR - 199a - 5p.</description>
    <arm_group_label>healthy controls</arm_group_label>
    <arm_group_label>patients with uveal melanoma</arm_group_label>
  </intervention>
  <biospec_retention>Samples With DNA</biospec_retention>
  <biospec_descr>
    <textblock>
      blood from routine sample will be analyzed at the Laboratory of Experimental Oncology of the&#xD;
      Department of Biomedical and Biotechnological Sciences, University of Catania, Italy, in&#xD;
      order to research the mutations of the GNA11 and GNAQ genes and the following microRNAs: miR&#xD;
      - 506-514 cluster, hsamiR - 592 and hsa - miR - 199a - 5p, using the digital PCR droplet&#xD;
      system.&#xD;
    </textblock>
  </biospec_descr>
  <eligibility>
    <study_pop>
      <textblock>
        Patients with uveal melanoma and controls will be recruited in three centers:&#xD;
&#xD;
          1. the Ophthalmology Clinic of the &quot;Policlinico-Vittorio Emanuele&quot; University Hospital,&#xD;
             Catania, Italy&#xD;
&#xD;
          2. the Ophthalmology Clinic of the University of Turin, Italy&#xD;
&#xD;
          3. the Department of General and Pediatric Ophthalmology, Medical University of Lublin,&#xD;
             Lublin, Poland&#xD;
      </textblock>
    </study_pop>
    <sampling_method>Probability Sample</sampling_method>
    <criteria>
      <textblock>
        Inclusion Criteria:&#xD;
&#xD;
          -  subjects diagnosed with uveal melanoma&#xD;
&#xD;
          -  both sexes&#xD;
&#xD;
          -  age ≥ 18 years&#xD;
&#xD;
        Exclusion Criteria:&#xD;
&#xD;
          -  a) autoimmune diseases&#xD;
&#xD;
          -  b) tumors&#xD;
&#xD;
          -  c) kidney diseases&#xD;
&#xD;
          -  d) atherosclerosis&#xD;
&#xD;
          -  e) subjects undergoing anti-inflammatory therapies.&#xD;
      </textblock>
    </criteria>
    <gender>All</gender>
    <minimum_age>18 Years</minimum_age>
    <maximum_age>N/A</maximum_age>
    <healthy_volunteers>No</healthy_volunteers>
  </eligibility>
  <overall_contact>
    <last_name>Antonio Longo, MD PhD</last_name>
    <phone>+393460131548</phone>
    <email>antlongo@unict.it</email>
  </overall_contact>
  <overall_contact_backup>
    <last_name>Matteo R Fallico, MD PhD</last_name>
    <phone>+393334159433</phone>
    <email>matteofallico@hotmail.com</email>
  </overall_contact_backup>
  <location>
    <facility>
      <name>Eye Clinic, Azienda Policlinico San Marco</name>
      <address>
        <city>Catania</city>
        <zip>95123</zip>
        <country>Italy</country>
      </address>
    </facility>
    <status>Recruiting</status>
    <contact>
      <last_name>Antonio Longo, MD PhD</last_name>
      <email>antlongo@unict.it</email>
    </contact>
  </location>
  <location>
    <facility>
      <name>Eye Clinic University of Turin</name>
      <address>
        <city>Turin</city>
        <country>Italy</country>
      </address>
    </facility>
    <status>Recruiting</status>
    <contact>
      <last_name>Michele Reibaldi, MD PhD</last_name>
      <email>mreibaldi@libero.it</email>
    </contact>
  </location>
  <location>
    <facility>
      <name>Department of General and Pediatric Ophthalmology, Medical University of Lublin</name>
      <address>
        <city>Lublin</city>
        <country>Poland</country>
      </address>
    </facility>
    <status>Recruiting</status>
    <contact>
      <last_name>Robert Reidak, MD</last_name>
    </contact>
  </location>
  <location_countries>
    <country>Italy</country>
    <country>Poland</country>
  </location_countries>
  <reference>
    <citation>Krantz BA, Dave N, Komatsubara KM, Marr BP, Carvajal RD. Uveal melanoma: epidemiology, etiology, and treatment of primary disease. Clin Ophthalmol. 2017 Jan 31;11:279-289. doi: 10.2147/OPTH.S89591. eCollection 2017.</citation>
    <PMID>28203054</PMID>
  </reference>
  <reference>
    <citation>Diener-West M, Reynolds SM, Agugliaro DJ, Caldwell R, Cumming K, Earle JD, Hawkins BS, Hayman JA, Jaiyesimi I, Jampol LM, Kirkwood JM, Koh WJ, Robertson DM, Shaw JM, Straatsma BR, Thoma J; Collaborative Ocular Melanoma Study Group. Development of metastatic disease after enrollment in the COMS trials for treatment of choroidal melanoma: Collaborative Ocular Melanoma Study Group Report No. 26. Arch Ophthalmol. 2005 Dec;123(12):1639-43. doi: 10.1001/archopht.123.12.1639.</citation>
    <PMID>16344433</PMID>
  </reference>
  <reference>
    <citation>Van Raamsdonk CD, Griewank KG, Crosby MB, Garrido MC, Vemula S, Wiesner T, Obenauf AC, Wackernagel W, Green G, Bouvier N, Sozen MM, Baimukanova G, Roy R, Heguy A, Dolgalev I, Khanin R, Busam K, Speicher MR, O'Brien J, Bastian BC. Mutations in GNA11 in uveal melanoma. N Engl J Med. 2010 Dec 2;363(23):2191-9. doi: 10.1056/NEJMoa1000584. Epub 2010 Nov 17.</citation>
    <PMID>21083380</PMID>
  </reference>
  <reference>
    <citation>Falzone L, Romano GL, Salemi R, Bucolo C, Tomasello B, Lupo G, Anfuso CD, Spandidos DA, Libra M, Candido S. Prognostic significance of deregulated microRNAs in uveal melanomas. Mol Med Rep. 2019 Apr;19(4):2599-2610. doi: 10.3892/mmr.2019.9949. Epub 2019 Feb 11.</citation>
    <PMID>30816460</PMID>
  </reference>
  <verification_date>December 2021</verification_date>
  <study_first_submitted>September 19, 2021</study_first_submitted>
  <study_first_submitted_qc>December 20, 2021</study_first_submitted_qc>
  <study_first_posted type="Actual">January 5, 2022</study_first_posted>
  <last_update_submitted>December 20, 2021</last_update_submitted>
  <last_update_submitted_qc>December 20, 2021</last_update_submitted_qc>
  <last_update_posted type="Actual">January 5, 2022</last_update_posted>
  <responsible_party>
    <responsible_party_type>Principal Investigator</responsible_party_type>
    <investigator_affiliation>University of Catania</investigator_affiliation>
    <investigator_full_name>Antonio Longo</investigator_full_name>
    <investigator_title>Associate Professor</investigator_title>
  </responsible_party>
  <keyword>uveal melanoma</keyword>
  <keyword>GNA11 mutation</keyword>
  <keyword>GNAQ mutation</keyword>
  <keyword>micro RNA</keyword>
  <condition_browse>
    <!-- CAUTION:  The following MeSH terms are assigned with an imperfect algorithm            -->
    <mesh_term>Melanoma</mesh_term>
    <mesh_term>Uveal Neoplasms</mesh_term>
  </condition_browse>
  <patient_data>
    <sharing_ipd>No</sharing_ipd>
  </patient_data>
  <!-- Results have not yet been posted for this study                                          -->
</clinical_study>

