<?xml version="1.0" encoding="UTF-8"?>
<clinical_study rank="297">
  <!-- This xml conforms to an XML Schema at:
    https://clinicaltrials.gov/ct2/html/images/info/public.xsd -->
  <required_header>
    <download_date>ClinicalTrials.gov processed this data on February 06, 2024</download_date>
    <link_text>Link to the current ClinicalTrials.gov record.</link_text>
    <url>https://clinicaltrials.gov/ct2/show/NCT04274816</url>
  </required_header>
  <id_info>
    <org_study_id>2011-000139-10</org_study_id>
    <nct_id>NCT04274816</nct_id>
  </id_info>
  <brief_title>Intradermal Injection of Anti-CTLA-4 in Patients With Stage I/II Melanoma</brief_title>
  <official_title>Releasing the Brakes on CD8+ T Cells in the Melanoma Sentinel Lymph Node by Pre-operative Local Administration of Low-dose Anti-CTLA-4 (Tremelimumab)</official_title>
  <sponsors>
    <lead_sponsor>
      <agency>A.J.M. van den Eertwegh</agency>
      <agency_class>Other</agency_class>
    </lead_sponsor>
  </sponsors>
  <source>Amsterdam UMC, location VUmc</source>
  <oversight_info>
    <has_dmc>No</has_dmc>
    <is_fda_regulated_drug>No</is_fda_regulated_drug>
    <is_fda_regulated_device>No</is_fda_regulated_device>
  </oversight_info>
  <brief_summary>
    <textblock>
      This study evaluates the clinical safety and tolerability, and the immunological effects of&#xD;
      local intradermal injection of tremelimumab in patients with clinical stage I/II melanoma&#xD;
      patients undergoing a sentinel node biopsy (SNB). Patients will be treated by local&#xD;
      intradermal injections around the excision site of the primary tumor with escalating doses of&#xD;
      2, 5, 10 or 20 mg tremelimumab.&#xD;
    </textblock>
  </brief_summary>
  <detailed_description>
    <textblock>
      Although of limited therapeutic value, the SLN procedure has proven a useful prognostic tool&#xD;
      for the assessment of melanoma relapse and mortality risk. Moreover, the SLN is of great&#xD;
      value for the assessment of immunological interventions for melanoma. Since early melanoma&#xD;
      development is accompanied by impaired immune effector functions primarily in the SLN, there&#xD;
      is a strong rationale for therapeutic immune modulation of the SLN aimed at strengthening&#xD;
      cellular immune functions.&#xD;
&#xD;
      The investigator now propose a phase I dose escalation study to administer intradermally a&#xD;
      single clinical dose of tremelimumab/anti-CTLA-4 locally at the primary tumor excision site&#xD;
      of patients with clinical stage I/II melanoma. Such a single local administration aimed at&#xD;
      conditioning of the SLN should allow for the use of relatively low anti-CTLA-4 dosages&#xD;
      without excess risk of autoimmune effects.&#xD;
    </textblock>
  </detailed_description>
  <overall_status>Completed</overall_status>
  <start_date type="Actual">July 10, 2012</start_date>
  <completion_date type="Actual">February 27, 2014</completion_date>
  <primary_completion_date type="Actual">February 27, 2014</primary_completion_date>
  <phase>Phase 1</phase>
  <study_type>Interventional</study_type>
  <has_expanded_access>No</has_expanded_access>
  <study_design_info>
    <allocation>N/A</allocation>
    <intervention_model>Single Group Assignment</intervention_model>
    <intervention_model_description>Seven days before undergoing a SNB, clinical stage I/II melanoma patients will be treated with an intradermal injection of tremelimumab, around the excision site of the primary tumor. Escalating doses of 2, 5, 10, or 20 mg of tremelimumab will be given (3 patients per dose level with an expansion at the optimal dose level with an additional 5 patients).</intervention_model_description>
    <primary_purpose>Treatment</primary_purpose>
    <masking>None (Open Label)</masking>
  </study_design_info>
  <primary_outcome>
    <measure>Number of participants with adverse events as assessed by CTCAE V3.0</measure>
    <time_frame>From the time of injection until 28 days after injection of tremelimumab</time_frame>
    <description>The descriptions and grading scales of CTCAE V 3.0 will be utilized for all toxicity reporting</description>
  </primary_outcome>
  <primary_outcome>
    <measure>Change in frequency of immune cell populations (compared to baseline) assessed by immune monitoring through flow cytometry,</measure>
    <time_frame>7 days after the intradermal injection of tremelimumab</time_frame>
    <description>Blood samples and sentinel lymph node material will be collected and then analyzed by flow cytometry. Changes in frequency of tumor-specific T-cells, Tregs and dendritic subsets will be assesess and compared to baseline (time of the injection of the intradermal injection)</description>
  </primary_outcome>
  <primary_outcome>
    <measure>Change in activation status of immune cell populations (compared to baseline) assessed by immune monitoring through flow cytometry,</measure>
    <time_frame>7 days after the intradermal injection of tremelimumab</time_frame>
    <description>Blood samples and sentinel lymph node material will be collected and then analyzed by flow cytometry. Changes in expression level of surface antigens for tumor-specific T-cells, Tregs and dendritic subsets are analyzed and compared to baseline (time of injection of tremelimumab)</description>
  </primary_outcome>
  <number_of_arms>1</number_of_arms>
  <enrollment type="Actual">13</enrollment>
  <condition>Cutaneous Melanoma</condition>
  <arm_group>
    <arm_group_label>Tremelimumab</arm_group_label>
    <arm_group_type>Experimental</arm_group_type>
    <description>Intradermal injection of tremelimumab at the primary melanoma excision site, 7 days prior to sentinel node biopsy (SNB), with escalating doses of 2, 5, 10 or 20 mg tremelimumab (3 patients per dose level with an expansion at the optimal dose level with an additional 5 patients).</description>
  </arm_group>
  <intervention>
    <intervention_type>Drug</intervention_type>
    <intervention_name>Tremelimumab</intervention_name>
    <description>Intradermal injection of tremelimumab 7 days prior to sentinel node biopsy, with escalating doses of 2, 5, 10 or 20 mg tremelimumab (3 patients per dose level with an expansion at the optimal dose level with an additional 5 patients).</description>
    <arm_group_label>Tremelimumab</arm_group_label>
    <other_name>Anti-CTLA-4</other_name>
  </intervention>
  <eligibility>
    <criteria>
      <textblock>
        Inclusion Criteria:&#xD;
&#xD;
          -  Age ≥ 18 years&#xD;
&#xD;
          -  Clinical stage I/II melanoma patients, planned to undergo a sentinel lymph node biopsy&#xD;
             (SNB)&#xD;
&#xD;
          -  ECOG performance status 0 or 1&#xD;
&#xD;
          -  White blood count (WBC) ≥ 3 x10^9/L&#xD;
&#xD;
          -  Platelet count ≥ 100 x10^9/L&#xD;
&#xD;
          -  Hemoglobin ≥ 6.5 mmol/L&#xD;
&#xD;
          -  Serum creatinine ≤ 2.5 x ULN&#xD;
&#xD;
          -  Total serum bilirubin, AST, ALT and LDH ≤ 2x ULN&#xD;
&#xD;
        Exclusion Criteria:&#xD;
&#xD;
          -  Non-oncology vaccine therapy used for prevention of infectious diseases (up-to) 4&#xD;
             weeks prior and/r 8 weeks after any dose of tremelimumab&#xD;
&#xD;
          -  Prior treatment with a CD137 agonist or CTLA-4 inhibitor or agonist&#xD;
&#xD;
          -  Uncontrolled infectious disease including negative testing for HIV, HBV, HCV&#xD;
&#xD;
          -  Autoimmune disease&#xD;
      </textblock>
    </criteria>
    <gender>All</gender>
    <minimum_age>18 Years</minimum_age>
    <maximum_age>N/A</maximum_age>
    <healthy_volunteers>No</healthy_volunteers>
  </eligibility>
  <overall_official>
    <last_name>Tanja D de Gruijl</last_name>
    <role>Principal Investigator</role>
    <affiliation>Amsterdam UMC, location VUmc</affiliation>
  </overall_official>
  <overall_official>
    <last_name>Alfons JM van den Eertwegh</last_name>
    <role>Principal Investigator</role>
    <affiliation>Amsterdam UMC, location VUmc</affiliation>
  </overall_official>
  <verification_date>February 2020</verification_date>
  <study_first_submitted>February 6, 2020</study_first_submitted>
  <study_first_submitted_qc>February 17, 2020</study_first_submitted_qc>
  <study_first_posted type="Actual">February 18, 2020</study_first_posted>
  <last_update_submitted>February 17, 2020</last_update_submitted>
  <last_update_submitted_qc>February 17, 2020</last_update_submitted_qc>
  <last_update_posted type="Actual">February 18, 2020</last_update_posted>
  <responsible_party>
    <responsible_party_type>Sponsor-Investigator</responsible_party_type>
    <investigator_affiliation>Amsterdam UMC, location VUmc</investigator_affiliation>
    <investigator_full_name>A.J.M. van den Eertwegh</investigator_full_name>
    <investigator_title>Principal Investigator</investigator_title>
  </responsible_party>
  <keyword>Stage I-II melanoma</keyword>
  <keyword>Anti-CTLA-4</keyword>
  <keyword>Immunotherapy</keyword>
  <keyword>Neoadjuvant</keyword>
  <condition_browse>
    <!-- CAUTION:  The following MeSH terms are assigned with an imperfect algorithm            -->
    <mesh_term>Melanoma</mesh_term>
  </condition_browse>
  <intervention_browse>
    <!-- CAUTION:  The following MeSH terms are assigned with an imperfect algorithm            -->
    <mesh_term>Tremelimumab</mesh_term>
  </intervention_browse>
  <patient_data>
    <sharing_ipd>No</sharing_ipd>
  </patient_data>
  <!-- Results have not yet been posted for this study                                          -->
</clinical_study>

