<?xml version="1.0" encoding="UTF-8"?>
<clinical_study rank="459">
  <!-- This xml conforms to an XML Schema at:
    https://clinicaltrials.gov/ct2/html/images/info/public.xsd -->
  <required_header>
    <download_date>ClinicalTrials.gov processed this data on February 06, 2024</download_date>
    <link_text>Link to the current ClinicalTrials.gov record.</link_text>
    <url>https://clinicaltrials.gov/ct2/show/NCT03683550</url>
  </required_header>
  <id_info>
    <org_study_id>SNEPS 2018</org_study_id>
    <nct_id>NCT03683550</nct_id>
  </id_info>
  <brief_title>Comparing SLNE With or Without Preoperative Hybrid SPECT/CT in Melanoma</brief_title>
  <official_title>Randomized Trial Comparing Sentinel Lymph Node Excision (SLNE) With or Without Preoperative Hybrid Single-photon Emission Computed Tomography/Computed Tomography (SPECT/CT) in Melanoma</official_title>
  <sponsors>
    <lead_sponsor>
      <agency>University Hospital, Essen</agency>
      <agency_class>Other</agency_class>
    </lead_sponsor>
  </sponsors>
  <source>University Hospital, Essen</source>
  <oversight_info>
    <has_dmc>Yes</has_dmc>
    <is_fda_regulated_drug>No</is_fda_regulated_drug>
    <is_fda_regulated_device>No</is_fda_regulated_device>
  </oversight_info>
  <brief_summary>
    <textblock>
      Melanoma has become a growing interdisciplinary problem in public health worldwide. It&#xD;
      characteristically disseminates in an orderly progression through lymphatic channels to the&#xD;
      regional lymph node and then to more distant sites.&#xD;
&#xD;
      Sentinel lymph node excision (SLNE) is probably the most important diagnostic and potentially&#xD;
      therapeutic procedure for melanoma patients.&#xD;
&#xD;
      This is a randomized, open-label, multi-center, superiority, 2-parallel arms trial comparing&#xD;
      sentinel lymph node excision with or without preoperative hybrid single photon emission&#xD;
      computed tomography/computed tomography in patients with malignant melanoma.&#xD;
    </textblock>
  </brief_summary>
  <detailed_description>
    <textblock>
      The presence of regional lymph node involvement is the single most important prognostic&#xD;
      factor, lowering the 5-year survival rate to approximately 50%.&#xD;
&#xD;
      Recommendations for the use of SLNE for primary melanoma are included in the current American&#xD;
      Joint Committee on Cancer guidelines. Critics argue that the routinely performed SLNE is a&#xD;
      cost intensive surgical intervention with potential morbidity that does not offer patients&#xD;
      any advantage in overall survival. The current gold standard for detection and targeted&#xD;
      extirpation of the sentinel lymph node (SLN) is preoperative lymphoscintigraphy as an imaging&#xD;
      technique to identify the lymph drainage basin, determine the number of sentinel nodes,&#xD;
      differentiate sentinel nodes from subsequent nodes, locate the sentinel node in an unexpected&#xD;
      location, and mark the sentinel node over the skin for biopsy. Single-photon emission&#xD;
      computed tomography/computed tomography (SPECT/CT) provides complementary functional and&#xD;
      anatomical information and has been shown to be superior to planar imaging in a number of&#xD;
      indications. It can provide valuable information before sentinel lymph node biopsy and&#xD;
      advocate its use in a range of tumors such as truncal and head and neck melanomas.&#xD;
&#xD;
      The objective of the planned multi-center randomized prospective trial is to compare distant&#xD;
      metastasis-free survival (DMFS) in patients with cutaneous melanoma between sentinel lymph&#xD;
      node excision with versus without preoperative SPECT/CT imaging and metastatic node&#xD;
      detection.&#xD;
    </textblock>
  </detailed_description>
  <overall_status>Active, not recruiting</overall_status>
  <start_date type="Actual">September 25, 2018</start_date>
  <completion_date type="Anticipated">June 2025</completion_date>
  <primary_completion_date type="Anticipated">June 2025</primary_completion_date>
  <phase>N/A</phase>
  <study_type>Interventional</study_type>
  <has_expanded_access>No</has_expanded_access>
  <study_design_info>
    <allocation>Randomized</allocation>
    <intervention_model>Parallel Assignment</intervention_model>
    <primary_purpose>Treatment</primary_purpose>
    <masking>None (Open Label)</masking>
  </study_design_info>
  <primary_outcome>
    <measure>Distant free metastasis survival (DFMS)</measure>
    <time_frame>6 years</time_frame>
    <description>The number of patients free of distant metastasis after randomization in arm A compared to DFMS in arm B.</description>
  </primary_outcome>
  <secondary_outcome>
    <measure>Overall survival (OS)</measure>
    <time_frame>6 years</time_frame>
    <description>Overall Survival (OS) of a patient defined as the time frame start of run-in phase until documented date of death</description>
  </secondary_outcome>
  <secondary_outcome>
    <measure>Disease-free survival (DFS)</measure>
    <time_frame>6 years</time_frame>
    <description>The number of patients alive and free of disease after randomization in arm A compared to DFS in arm B.</description>
  </secondary_outcome>
  <secondary_outcome>
    <measure>False negative rate of SLN</measure>
    <time_frame>3 years</time_frame>
    <description>Rate of local relapse within a 12 month follow-up period (false negative rate of sentinel lymph nodes [SLN])</description>
  </secondary_outcome>
  <secondary_outcome>
    <measure>Sensitivity</measure>
    <time_frame>3 years</time_frame>
    <description>Number of positive SLN</description>
  </secondary_outcome>
  <secondary_outcome>
    <measure>Complication rate</measure>
    <time_frame>6 years</time_frame>
    <description>Intraoperative and postoperative complications due to SLNE</description>
  </secondary_outcome>
  <secondary_outcome>
    <measure>Quality of Life (QoL)</measure>
    <time_frame>6 years</time_frame>
    <description>Measure of health outcome by questionnaire. The EuroQol-5 Dimensions-5 Level (EQ-5D-5L) questionnaire consists of five HrQoL dimensions (mobility, self-care, usual activities, pain/discomfort, and anxiety/depression), with each dimension specifying five levels of severity [no (level 1), slight (level 2), moderate (level 3), severe (level 4), and extreme problems/unable (level 5)], which allows the description of 3125 health states.</description>
  </secondary_outcome>
  <secondary_outcome>
    <measure>Quality adjusted life years (QALY)</measure>
    <time_frame>6 years</time_frame>
    <description>Assessing the health economic relevance</description>
  </secondary_outcome>
  <secondary_outcome>
    <measure>Number of inpatient days</measure>
    <time_frame>6 years</time_frame>
    <description>To calculate the cost of the two treatment options the number of inpatient days will be counted and compared for each treatment arm.</description>
  </secondary_outcome>
  <secondary_outcome>
    <measure>Overall costs during hospital stays</measure>
    <time_frame>6 years</time_frame>
    <description>Overall costs during hospital stays will be summed up and compared.</description>
  </secondary_outcome>
  <secondary_outcome>
    <measure>Incidence of Treatment-Emergent Adverse Events</measure>
    <time_frame>6 years</time_frame>
    <description>Intervention-related safety events will be documented during the trial period</description>
  </secondary_outcome>
  <number_of_arms>2</number_of_arms>
  <enrollment type="Anticipated">836</enrollment>
  <condition>Melanoma</condition>
  <arm_group>
    <arm_group_label>SPEC/CT</arm_group_label>
    <arm_group_type>Experimental</arm_group_type>
    <description>SLNE with preoperative hybrid SPECT/CT</description>
  </arm_group>
  <arm_group>
    <arm_group_label>Standard</arm_group_label>
    <arm_group_type>Active Comparator</arm_group_type>
    <description>Standard SLNE (with planar preoperative lymphoscintigraphy)</description>
  </arm_group>
  <intervention>
    <intervention_type>Procedure</intervention_type>
    <intervention_name>SLNE with preoperative hybrid SPECT/CT</intervention_name>
    <description>Single-photon emission computed tomography/computed tomography (SPECT/CT) provides complementary functional and anatomical information and has been shown to be superior to planar imaging in a number of indications. It can provide valuable information before sentinel lymph node biopsy and advocate its use in a range of tumors such as truncal and head and neck melanomas.</description>
    <arm_group_label>SPEC/CT</arm_group_label>
  </intervention>
  <intervention>
    <intervention_type>Procedure</intervention_type>
    <intervention_name>Standard SLNE</intervention_name>
    <description>The current gold standard for detection and targeted extirpation of the sentinel lymph node (SLN) is preoperative lymphoscintigraphy.&#xD;
Lymphoscintigraphy (sentinel lymph node mapping) is an imaging technique used to identify the lymph drainage basin, determine the number of sentinel nodes, differentiate sentinel nodes from subsequent nodes, locate the sentinel node in an unexpected location, and mark the sentinel node over the skin for biopsy.</description>
    <arm_group_label>Standard</arm_group_label>
  </intervention>
  <eligibility>
    <criteria>
      <textblock>
        Inclusion Criteria:&#xD;
&#xD;
          -  Patients with malignant melanoma in AJCC stages Ib / II&#xD;
&#xD;
          -  Tumor depth of ≥1.0 mm&#xD;
&#xD;
          -  Age ≥18 years to ≤75 years&#xD;
&#xD;
          -  Have a primary melanoma that is cutaneous (including head, neck, trunk, extremity,&#xD;
             scalp, palm, sole, subungual skin tissues&#xD;
&#xD;
          -  Eastern Cooperative Oncology Group (ECOG) performance status 0-1&#xD;
&#xD;
          -  Life expectancy of at least 5 years from the time of diagnosis, not considering the&#xD;
             melanoma in question, as determined by the principal investigator (PI)&#xD;
&#xD;
          -  Willing to return to the trial center for follow-up examinations and procedures as&#xD;
             outlined in the protocol&#xD;
&#xD;
          -  Randomization must be completed no more than 120 days following the diagnostic biopsy&#xD;
             of the primary melanoma&#xD;
&#xD;
          -  Negative pregnancy test for female and effective contraception for both male and&#xD;
             female subjects if the risk of conception exists&#xD;
&#xD;
          -  Signed written informed consent prior to the performance of any trial specific&#xD;
             procedure&#xD;
&#xD;
        Exclusion Criteria:&#xD;
&#xD;
          -  History of previous or concurrent (i.e., second primary) invasive melanoma&#xD;
&#xD;
          -  Primary melanoma of the eye, mucous membranes or internal viscera&#xD;
&#xD;
          -  Any additional solid tumor or hematologic malignancy during the past 5 years except&#xD;
             skin lesions of squamous cell carcinoma, basal cell carcinoma, or uterine cervical&#xD;
             cancer&#xD;
&#xD;
          -  Skin grafts, tissue transfers or flaps that have the potential to alter the lymphatic&#xD;
             drainage pattern from the primary melanoma to a lymph node basin&#xD;
&#xD;
          -  Hypersensitivity to the active substance(s), to any of the excipients or to any of the&#xD;
             components of the labelled radiopharmaceutical&#xD;
&#xD;
          -  Extensive previous surgery in the region of the primary tumor site or complete lymph&#xD;
             node dissection (CLNDs) or sentinel lymphadenectomy (SLs) (before evaluation of the&#xD;
             current melanoma) that may have altered the lymphatic drainage pattern from the&#xD;
             primary cutaneous melanoma to a potential lymph node basin&#xD;
&#xD;
          -  Organic brain syndrome or significant impairment of basal cognitive function or any&#xD;
             psychiatric disorder that might preclude participation in the full protocol, or be&#xD;
             exacerbated by therapy (e.g., severe depression)&#xD;
&#xD;
          -  Pregnancy (absence to be confirmed by ß-human chorionic gonadotropin test) or&#xD;
             lactation period&#xD;
&#xD;
          -  Medical or psychological conditions that would not permit the subject to complete the&#xD;
             study or sign informed consent&#xD;
&#xD;
          -  Known alcohol or drug abuse&#xD;
&#xD;
          -  Participation in another clinical study within the 30 days before registration&#xD;
&#xD;
          -  Significant disease which, in the investigator's opinion, would exclude the patient&#xD;
             from the study&#xD;
&#xD;
          -  Legal incapacity or limited legal capacity&#xD;
      </textblock>
    </criteria>
    <gender>All</gender>
    <minimum_age>18 Years</minimum_age>
    <maximum_age>75 Years</maximum_age>
    <healthy_volunteers>No</healthy_volunteers>
  </eligibility>
  <overall_official>
    <last_name>Ingo Stoffels, MD</last_name>
    <role>Principal Investigator</role>
    <affiliation>Department of Dermatology, University Hospital Essen</affiliation>
  </overall_official>
  <overall_official>
    <last_name>Joachim Klode, MD</last_name>
    <role>Principal Investigator</role>
    <affiliation>Department of Dermatology, University Hospital Essen</affiliation>
  </overall_official>
  <location>
    <facility>
      <name>Department of Dermatology, University Hospital Essen</name>
      <address>
        <city>Essen</city>
        <state>NRW</state>
        <zip>45122</zip>
        <country>Germany</country>
      </address>
    </facility>
  </location>
  <location>
    <facility>
      <name>Hospital Augsburg, Department of Dermatology</name>
      <address>
        <city>Augsburg</city>
        <zip>86156</zip>
        <country>Germany</country>
      </address>
    </facility>
  </location>
  <location>
    <facility>
      <name>Vivantes Hospital Berlin Neukölln</name>
      <address>
        <city>Berlin</city>
        <zip>12351</zip>
        <country>Germany</country>
      </address>
    </facility>
  </location>
  <location>
    <facility>
      <name>University Hospital Bonn</name>
      <address>
        <city>Bonn</city>
        <zip>53127</zip>
        <country>Germany</country>
      </address>
    </facility>
  </location>
  <location>
    <facility>
      <name>Hospital Dresden Friedrichstadt, Department of Dermatology and Allergology</name>
      <address>
        <city>Dresden</city>
        <zip>01067</zip>
        <country>Germany</country>
      </address>
    </facility>
  </location>
  <location>
    <facility>
      <name>Universitätsklinik Dresden</name>
      <address>
        <city>Dresden</city>
        <country>Germany</country>
      </address>
    </facility>
  </location>
  <location>
    <facility>
      <name>Universitätskliniken Düsseldorf</name>
      <address>
        <city>Düsseldorf</city>
        <country>Germany</country>
      </address>
    </facility>
  </location>
  <location>
    <facility>
      <name>Universitätsklinikum Giessen</name>
      <address>
        <city>Giessen</city>
        <zip>35392</zip>
        <country>Germany</country>
      </address>
    </facility>
  </location>
  <location>
    <facility>
      <name>University Hospital Göttingen, Department of Dermatology</name>
      <address>
        <city>Göttingen</city>
        <zip>37075</zip>
        <country>Germany</country>
      </address>
    </facility>
  </location>
  <location>
    <facility>
      <name>Universitätsklinikum Hamburg Eppendorf</name>
      <address>
        <city>Hamburg</city>
        <country>Germany</country>
      </address>
    </facility>
  </location>
  <location>
    <facility>
      <name>University Hospital Heidelberg, Department of Dermatology</name>
      <address>
        <city>Heidelberg</city>
        <zip>69120</zip>
        <country>Germany</country>
      </address>
    </facility>
  </location>
  <location>
    <facility>
      <name>University Hospital Lübeck, Department of Dermatology</name>
      <address>
        <city>Lübeck</city>
        <zip>23538</zip>
        <country>Germany</country>
      </address>
    </facility>
  </location>
  <location>
    <facility>
      <name>University Hospital Tübingen</name>
      <address>
        <city>Tübingen</city>
        <zip>72076</zip>
        <country>Germany</country>
      </address>
    </facility>
  </location>
  <location_countries>
    <country>Germany</country>
  </location_countries>
  <verification_date>May 2023</verification_date>
  <study_first_submitted>September 20, 2018</study_first_submitted>
  <study_first_submitted_qc>September 21, 2018</study_first_submitted_qc>
  <study_first_posted type="Actual">September 25, 2018</study_first_posted>
  <last_update_submitted>May 9, 2023</last_update_submitted>
  <last_update_submitted_qc>May 9, 2023</last_update_submitted_qc>
  <last_update_posted type="Actual">May 10, 2023</last_update_posted>
  <responsible_party>
    <responsible_party_type>Principal Investigator</responsible_party_type>
    <investigator_affiliation>University Hospital, Essen</investigator_affiliation>
    <investigator_full_name>Dr. Joachim Klode</investigator_full_name>
    <investigator_title>Prof. Dr. med</investigator_title>
  </responsible_party>
  <keyword>SLNE</keyword>
  <keyword>SPECT/CT</keyword>
  <condition_browse>
    <!-- CAUTION:  The following MeSH terms are assigned with an imperfect algorithm            -->
    <mesh_term>Melanoma</mesh_term>
  </condition_browse>
  <!-- Results have not yet been posted for this study                                          -->
</clinical_study>

