<?xml version="1.0" encoding="UTF-8"?>
<clinical_study rank="263">
  <!-- This xml conforms to an XML Schema at:
    https://clinicaltrials.gov/ct2/html/images/info/public.xsd -->
  <required_header>
    <download_date>ClinicalTrials.gov processed this data on February 06, 2024</download_date>
    <link_text>Link to the current ClinicalTrials.gov record.</link_text>
    <url>https://clinicaltrials.gov/ct2/show/NCT01264081</url>
  </required_header>
  <id_info>
    <org_study_id>110048</org_study_id>
    <secondary_id>11-C-0048</secondary_id>
    <nct_id>NCT01264081</nct_id>
  </id_info>
  <brief_title>Lapatinib in Stage IV Melanoma With ERBB4 Mutations</brief_title>
  <official_title>A Phase II Study of Lapatinib for the Treatment of Stage IV Melanoma Harboring ERBB4 Mutations</official_title>
  <sponsors>
    <lead_sponsor>
      <agency>National Cancer Institute (NCI)</agency>
      <agency_class>NIH</agency_class>
    </lead_sponsor>
  </sponsors>
  <source>National Institutes of Health Clinical Center (CC)</source>
  <oversight_info>
    <has_dmc>No</has_dmc>
    <is_fda_regulated_drug>Yes</is_fda_regulated_drug>
    <is_fda_regulated_device>No</is_fda_regulated_device>
  </oversight_info>
  <brief_summary>
    <textblock>
      Background:&#xD;
&#xD;
      - Studies of melanoma tumor samples have shown that tumor cells from approximately 20 percent&#xD;
      of melanoma patients contain a specific mutation of a gene involved in making a protein&#xD;
      called ERBB4, and that changes in this gene have been associated with cancer. Lapatinib, a&#xD;
      drug that is currently approved for the treatment of breast cancer, has been shown in the&#xD;
      laboratory to significantly slow the growth of melanoma cells that contain this specific&#xD;
      ERBB4 gene mutation. Researchers are interested in determining whether lapatinib can be&#xD;
      effective against melanoma in individuals who have the ERBB4 mutation.&#xD;
&#xD;
      Objectives:&#xD;
&#xD;
      - To evaluate the safety and effectiveness of lapatinib as a treatment for melanoma with&#xD;
      ERBB4 mutation that has not responded to standard therapy.&#xD;
&#xD;
      Eligibility:&#xD;
&#xD;
      - Individuals at least 18 years of age who have stage 4 melanoma that has not responded to&#xD;
      standard therapy.&#xD;
&#xD;
      Design:&#xD;
&#xD;
        -  Participants will be screened with a full physical examination and medical history, as&#xD;
           well as tests of tumor tissue taken from previous surgeries or biopsies or from a new&#xD;
           biopsy that will be conducted before the start of the study. Test results to determine&#xD;
           eligibility will be available within about 2 weeks.&#xD;
&#xD;
        -  Participants will take four lapatinib tablets daily (two in the morning, 1 hour before&#xD;
           or after breakfast and two in the evening, 1 hour before or after dinner) during every&#xD;
           28-day cycle of treatment. Participants will keep a medication diary to record tablets&#xD;
           taken and any side effects from the medication.&#xD;
&#xD;
        -  After the first 2 weeks, and every 2 to 4 weeks afterward for the first 12 weeks,&#xD;
           participants will have clinic visits with blood samples and other tests to determine if&#xD;
           lapatinib is causing their disease to shrink or be controlled. If the disease has not&#xD;
           progressed, participants will continue to receive a new lapatinib supply every 28 days&#xD;
           for up to 2 years (27 cycles), and will continue to have regular clinic visits to&#xD;
           monitor the progress of treatment.&#xD;
&#xD;
        -  When tumor tissue is easily accessible and can be easily biopsied, researchers will&#xD;
           collect two additional biopsies, one after 2 weeks of treatment and one after 12 weeks&#xD;
           of treatment....&#xD;
    </textblock>
  </brief_summary>
  <detailed_description>
    <textblock>
      Background:&#xD;
&#xD;
        -  Patients with stage IV melanoma have few available treatment options and an overall poor&#xD;
           prognosis.&#xD;
&#xD;
        -  Pre-clinical evidence suggests that lapatinib has activity against metastatic melanoma&#xD;
           harboring ERBB4 mutations.&#xD;
&#xD;
      Objectives:&#xD;
&#xD;
      Primary Objectives:&#xD;
&#xD;
      -Determine the response rate to lapatinib administered as 500 mg orally twice daily on a&#xD;
      continuous schedule in patients with metastatic melanoma harboring ERBB4 mutations.&#xD;
&#xD;
      Secondary Objectives:&#xD;
&#xD;
        -  To determine the progression free survival of patients with stage IV melanoma treated&#xD;
           with lapatinib monotherapy.&#xD;
&#xD;
        -  To evaluate the safety of lapatinib in patients with metastatic melanoma&#xD;
&#xD;
        -  To determine the impact of additional genetic alterations on the response to lapatinib&#xD;
           in melanoma harboring ERBB4 mutations&#xD;
&#xD;
        -  To develop a clinically applicable biomarker predictive of response to lapatinib in&#xD;
           patients with melanoma harboring ERBB4 mutations&#xD;
&#xD;
        -  To determine the pharmacokinetics of lapatinib administered as 500 mg orally twice daily&#xD;
           on a continuous schedule in patients with metastatic melanoma harboring ERBB4 mutations&#xD;
&#xD;
      Eligibility:&#xD;
&#xD;
        -  Patients greater than or equal to 18 years of age with stage IV melanoma, who have&#xD;
           measurable disease and whose tumors express up to two ERBB4 gene mutations.&#xD;
&#xD;
        -  Patient must be Eastern Cooperative Oncology Group (ECOG) performance status of less&#xD;
           than or equal to 1 and a life expectancy of more than 3 months.&#xD;
&#xD;
        -  Patients must have adequate organ function.&#xD;
&#xD;
        -  Patients must not have had surgery, chemotherapy, hormonal therapy, radiation therapy,&#xD;
           or biological therapy for at least 4 weeks prior to starting study medication.&#xD;
&#xD;
        -  Patients must not have an acute, critical illness.&#xD;
&#xD;
        -  All patients who are sexually active and able to conceive will be required to use&#xD;
           contraception during treatment with lapatinib.&#xD;
&#xD;
      Design:&#xD;
&#xD;
        -  Patients will be screened for the presence of ERBB4 gene mutations in their tumor and&#xD;
           only patients who harbor less than or equal to 2 ERBB4 mutations will be enrolled in the&#xD;
           treatment phase of the study.&#xD;
&#xD;
        -  Lapatinib will be administered as an oral dose of 500 mg twice daily (in the morning and&#xD;
           evening) taken one hour before or after meals. Lapatinib will be given continuously; one&#xD;
           cycle equals 28 days. Course 1 equals cycle 1; all subsequent courses are 8 weeks long&#xD;
           (2 cycles). A patient may receive up to 27 cycles (14 courses).&#xD;
&#xD;
        -  Up to 25 patients (allowing for a staged accrual of initially 16 patients who will&#xD;
           receive lapatinib and are evaluable after the 1st cycle) will be enrolled over 2-3 years&#xD;
           and the trial will be completed over 3-5 years, allowing for completion of follow-up.&#xD;
&#xD;
        -  The primary objective of the trial will be to determine whether lapatinib monotherapy in&#xD;
           this setting is able to be associated with a response rate (Partial Response (PR) +&#xD;
           Complete Response (CR)) that can rule out 10% (p0=0.10) in favor of an improved response&#xD;
           rate of 30% (p1=0.30).&#xD;
    </textblock>
  </detailed_description>
  <overall_status>Terminated</overall_status>
  <why_stopped>
    Protocol would not be able to reach stated accrual.&#xD;
  </why_stopped>
  <start_date type="Actual">May 20, 2011</start_date>
  <completion_date type="Actual">November 22, 2013</completion_date>
  <primary_completion_date type="Actual">November 22, 2013</primary_completion_date>
  <phase>Phase 2</phase>
  <study_type>Interventional</study_type>
  <has_expanded_access>No</has_expanded_access>
  <study_design_info>
    <allocation>N/A</allocation>
    <intervention_model>Single Group Assignment</intervention_model>
    <primary_purpose>Treatment</primary_purpose>
    <masking>None (Open Label)</masking>
  </study_design_info>
  <primary_outcome>
    <measure>Count of Participants With a Partial Response (PR) and Complete Response (CR) to Lapatinib Who Have Metastatic Melanoma Harboring ERBB4 Mutations.</measure>
    <time_frame>3 years</time_frame>
    <description>The count of participants with a partial response and complete response is defined by the Response Evaluation Criteria in Solid Tumors (RECIST) v1.1 criteria. Partial response is at least a 30% decrease in the sum of the diameters of target lesions, taking as reference the baseline sum diameters. Complete response is disappearance of all target lesions. Any pathological lymph nodes (whether target or non-target) must have reduction in short axis to &lt;10 mm. Stable disease (SD) is neither sufficient shrinkage to qualify for PR nor sufficient increase to qualify for PD, taking as reference the smallest sum diameters while on study. Progressive disease (PD) is at least a 20% increase in the sum of the diameters of target lesions, taking as reference the smallest sum on study (this includes the baseline sum if that is the smallest on study). The appearance of one or more new lesions is also considered progressions.</description>
  </primary_outcome>
  <secondary_outcome>
    <measure>Number of Participants With Serious and Non-Serious Adverse Events</measure>
    <time_frame>Date treatment consent signed to date off study, approximately, 3 years</time_frame>
    <description>Here is the count of participants with serious and non-serious adverse events assessed by the Common Terminology Criteria for Adverse Events (CTCAE v4.0). A non-serious adverse event is any untoward medical occurrence. A serious adverse event is an adverse event or suspected adverse reaction that results in death, a life-threatening adverse drug experience, hospitalization, disruption of the ability to conduct normal life functions, congenital anomaly/birth defect or important medical events that jeopardize the patient or subject and may require medical or surgical intervention to prevent one of the previous outcomes mentioned.</description>
  </secondary_outcome>
  <number_of_arms>1</number_of_arms>
  <enrollment type="Actual">34</enrollment>
  <condition>Malignant Melanoma</condition>
  <arm_group>
    <arm_group_label>Lapatinib</arm_group_label>
    <arm_group_type>Experimental</arm_group_type>
    <description>Lapatinib will be administered as an oral dose of 500 mg twice daily in the morning and evening one hour before or after meals.</description>
  </arm_group>
  <intervention>
    <intervention_type>Drug</intervention_type>
    <intervention_name>Lapatinib</intervention_name>
    <description>500 mg PO (orally) twice a day for 28 days (1 cycle). Up to 27 cycles allowed if response seen.</description>
    <arm_group_label>Lapatinib</arm_group_label>
  </intervention>
  <eligibility>
    <criteria>
      <textblock>
        -  INCLUSION CRITERIA:&#xD;
&#xD;
          -  Patients must have histologically confirmed stage IV cutaneous melanoma.&#xD;
&#xD;
          -  Patients must have measurable disease defined by Response Evaluation Criteria in Solid&#xD;
             Tumors (RECIST) 1.1. Measurable disease is defined as at least one lesion that can be&#xD;
             accurately measured in at least one dimension (longest diameter to be recorded). Each&#xD;
             lesion must be greater than 10 mm when measured by computed tomography (CT), magnetic&#xD;
             resonance imaging (MRI) or caliper measurement by clinical exam; or greater than 20 mm&#xD;
             when measured by chest x-ray. Lymph nodes must be greater than 15 mm in short axis&#xD;
             when measured by CT or MRI.&#xD;
&#xD;
          -  Patients must have no more than two oncogenic somatic ERBB4 mutations detected in one&#xD;
             of the 28 exons of the ERBB4 gene analyzed from the tumor and which is not present in&#xD;
             the matched normal deoxyribonucleic acid (DNA) as confirmed by sequence analysis of&#xD;
             tumor genomic DNA derived from any biopsy specimen obtained at the participating&#xD;
             clinical sites. Sequence analysis will be performed at the National Institutes of&#xD;
             Health (NIH) Clinical Molecular Profiling Core, a Clinical Laboratory Improvement&#xD;
             Amendments (CLIA)-certified laboratory.&#xD;
&#xD;
        Note: Patients with 3 or more mutations in their ERBB4 gene may have an increased&#xD;
        resistance to lapatinib and are not eligible for lapatinib treatment&#xD;
&#xD;
          -  Patients must not have had chemotherapy, molecular therapy with B-RAF, mouse embryonic&#xD;
             fibroblast (MEK), or c-kit inhibitors, hormonal therapy, radiation therapy, or&#xD;
             biological therapy for at least 4 weeks prior to starting study medication. Patients&#xD;
             who received mitomycin C, nitrosoureas, anti-cytotoxic T-lymphocyte antigen 4&#xD;
             (CTLA-4), or carboplatin must be 6 weeks from the last administration of therapy.&#xD;
             Patients must have recovered from any acute toxicity related to prior therapy or&#xD;
             surgery, to a grade 1 or less unless specified.&#xD;
&#xD;
          -  Patients with no more than 3 intracranial metastases, which have been definitively&#xD;
             treated by surgery or radiation therapy may be eligible for study provided there is no&#xD;
             evidence of active disease for at least 2 months and no requirement for anticonvulsant&#xD;
             therapy or steroids following treatment.&#xD;
&#xD;
          -  Age greater than or equal to 18 years.&#xD;
&#xD;
        Note: Because no dosing or adverse event data are currently available on the use of&#xD;
        lapatinib in patients less than 18 years of age, children are excluded from this study but&#xD;
        will be eligible for future pediatric single-agent trials, if applicable.&#xD;
&#xD;
          -  Life expectancy of greater than 3 months.&#xD;
&#xD;
          -  Eastern Cooperative Oncology Group (ECOG) performance status less than or equal to 1&#xD;
             (Karnofsky greater than or equal to 70%).&#xD;
&#xD;
          -  Patients must have normal organ and marrow function as defined below:&#xD;
&#xD;
               -  absolute neutrophil count greater than or equal to 1,500/mcL&#xD;
&#xD;
               -  platelets greater than or equal to 100,000/mcL&#xD;
&#xD;
               -  total bilirubin within normal institutional limits&#xD;
&#xD;
               -  Aspartate aminotransferase (AST)(serum glutamic oxaloacetic transaminase&#xD;
                  (SGOT))/alanine aminotransferase (ALT)(serum glutamic pyruvic transaminase&#xD;
                  (SGPT)) less than or equal to 3 times institutional upper limit of normal&#xD;
&#xD;
               -  creatinine less than or equal to institutional upper limit of normal&#xD;
&#xD;
        OR&#xD;
&#xD;
        --creatinine clearance greater than or equal to 60 mL/min/1.73 m^2 for patients with&#xD;
        creatinine levels above institutional normal.&#xD;
&#xD;
          -  Patients must be willing to return to the Clinic for follow-up visits.&#xD;
&#xD;
          -  Women of childbearing potential must have a negative beta-human chorionic gonadotropin&#xD;
             (HCG) (serum or urine) within 14 days prior to study treatment and must be willing to&#xD;
             practice effective birth control to prevent pregnancy while receiving treatment and&#xD;
             for four months after treatment is discontinued. All males of child fathering&#xD;
             potential must also be willing to practice effective birth control.&#xD;
&#xD;
        Note: Lapatinib is a tyrosine kinase inhibitor with the potential for teratogenic or&#xD;
        abortifacient effects. Because there is an unknown but potential risk for adverse events in&#xD;
        nursing infants secondary to treatment of the mother with lapatinib, breastfeeding should&#xD;
        be discontinued if the mother is treated with lapatinib. Should a woman become pregnant or&#xD;
        suspect she is pregnant while she or her partner is participating in this study, the&#xD;
        patient should inform the treating physician immediately.&#xD;
&#xD;
          -  Ability to understand and the willingness to sign the Informed Consent Document.&#xD;
&#xD;
          -  Patients who agree to participate in the pharmacokinetics (PK) portion of the study&#xD;
             must be able to swallow lapatinib tablets for the duration of the PK studies.&#xD;
&#xD;
        EXCLUSION CRITERIA:&#xD;
&#xD;
          -  Patients may not be currently receiving any other investigational agents.&#xD;
&#xD;
          -  Patients may not have received prior treatment with tyrosine kinase inhibitors (e.g.,&#xD;
             lapatinib erlotinib, or gefitinib).&#xD;
&#xD;
          -  Patients currently receiving any medication known to induce/inhibit cytochrome P450&#xD;
             3A4 (CYP3A4) as listed in Appendix D, which in the opinion of the principal&#xD;
             investigator, would make the administration of study drug hazardous. Note: patients&#xD;
             receiving any strong or moderate CYP3A4 inhibitors will be excluded.&#xD;
&#xD;
          -  Patients with active hepatic or biliary disease (with exception of patients with&#xD;
             Gilberts syndrome, asymptomatic gallstones, liver metastases or stable chronic liver&#xD;
             disease per investigator assessment)&#xD;
&#xD;
          -  Patients with uncontrolled intercurrent illness including, but not limited to, ongoing&#xD;
             or active infection, symptomatic congestive heart failure, unstable angina pectoris,&#xD;
             cardiac arrhythmia, or psychiatric illness/social situations that would limit&#xD;
             compliance with study requirements.&#xD;
&#xD;
          -  Human immunodeficiency virus (HIV)-positive patients on antiretroviral therapy are&#xD;
             excluded because most antiretrovirals are strong or moderate CYP3A4 inhibitors.&#xD;
&#xD;
          -  Any underlying medical condition which, in the opinion of the principal investigator,&#xD;
             will make the administration of study drug hazardous or obscure the interpretation of&#xD;
             adverse events&#xD;
&#xD;
          -  Patients with any other concurrent malignancy, except for the following:&#xD;
&#xD;
               -  adequately treated basal or squamous cell skin cancer, superficial bladder&#xD;
                  cancer, carcinoma in situ of the cervix, or any other cancer from which the&#xD;
                  patient has been disease-free for five (5) years or more.&#xD;
&#xD;
        INCLUSION OF WOMEN AND MINORITIES:&#xD;
&#xD;
        Both men and women and members of all races and ethnic groups are eligible for this trial.&#xD;
      </textblock>
    </criteria>
    <gender>All</gender>
    <minimum_age>18 Years</minimum_age>
    <maximum_age>N/A</maximum_age>
    <healthy_volunteers>No</healthy_volunteers>
  </eligibility>
  <overall_official>
    <last_name>Udo Rudloff, M.D.</last_name>
    <role>Principal Investigator</role>
    <affiliation>National Cancer Institute (NCI)</affiliation>
  </overall_official>
  <location>
    <facility>
      <name>National Institutes of Health Clinical Center, 9000 Rockville Pike</name>
      <address>
        <city>Bethesda</city>
        <state>Maryland</state>
        <zip>20892</zip>
        <country>United States</country>
      </address>
    </facility>
  </location>
  <location_countries>
    <country>United States</country>
  </location_countries>
  <reference>
    <citation>Davies MA, Samuels Y. Analysis of the genome to personalize therapy for melanoma. Oncogene. 2010 Oct 14;29(41):5545-55. doi: 10.1038/onc.2010.323. Epub 2010 Aug 9.</citation>
    <PMID>20697348</PMID>
  </reference>
  <reference>
    <citation>Prickett TD, Agrawal NS, Wei X, Yates KE, Lin JC, Wunderlich JR, Cronin JC, Cruz P, Rosenberg SA, Samuels Y. Analysis of the tyrosine kinome in melanoma reveals recurrent mutations in ERBB4. Nat Genet. 2009 Oct;41(10):1127-32. doi: 10.1038/ng.438. Epub 2009 Aug 30.</citation>
    <PMID>19718025</PMID>
  </reference>
  <reference>
    <citation>Geyer CE, Forster J, Lindquist D, Chan S, Romieu CG, Pienkowski T, Jagiello-Gruszfeld A, Crown J, Chan A, Kaufman B, Skarlos D, Campone M, Davidson N, Berger M, Oliva C, Rubin SD, Stein S, Cameron D. Lapatinib plus capecitabine for HER2-positive advanced breast cancer. N Engl J Med. 2006 Dec 28;355(26):2733-43. doi: 10.1056/NEJMoa064320. Erratum In: N Engl J Med. 2007 Apr 5;356(14):1487.</citation>
    <PMID>17192538</PMID>
  </reference>
  <results_reference>
    <citation>Kerkar SP, Kemp CD, Duffy A, Kammula US, Schrump DS, Kwong KF, Quezado M, Goldspiel BR, Venkatesan A, Berger A, Walker M, Toomey MA, Steinberg SM, Giaccone G, Rosenberg SA, Avital I. The GYMSSA trial: a prospective randomized trial comparing gastrectomy, metastasectomy plus systemic therapy versus systemic therapy alone. Trials. 2009 Dec 23;10:121. doi: 10.1186/1745-6215-10-121.</citation>
    <PMID>20030854</PMID>
  </results_reference>
  <verification_date>November 2019</verification_date>
  <study_first_submitted>December 18, 2010</study_first_submitted>
  <study_first_submitted_qc>December 18, 2010</study_first_submitted_qc>
  <study_first_posted type="Estimate">December 21, 2010</study_first_posted>
  <results_first_submitted>March 10, 2015</results_first_submitted>
  <results_first_submitted_qc>March 10, 2015</results_first_submitted_qc>
  <results_first_posted type="Estimate">March 19, 2015</results_first_posted>
  <last_update_submitted>November 4, 2019</last_update_submitted>
  <last_update_submitted_qc>November 4, 2019</last_update_submitted_qc>
  <last_update_posted type="Actual">November 13, 2019</last_update_posted>
  <responsible_party>
    <responsible_party_type>Principal Investigator</responsible_party_type>
    <investigator_affiliation>National Cancer Institute (NCI)</investigator_affiliation>
    <investigator_full_name>Udo Rudloff, M.D.</investigator_full_name>
    <investigator_title>Principal Investigator</investigator_title>
  </responsible_party>
  <keyword>Lapatinib</keyword>
  <keyword>Melanoma</keyword>
  <keyword>ERBB4 Mutation</keyword>
  <keyword>Malignant Melanoma</keyword>
  <keyword>Skin Cancer</keyword>
  <condition_browse>
    <!-- CAUTION:  The following MeSH terms are assigned with an imperfect algorithm            -->
    <mesh_term>Melanoma</mesh_term>
  </condition_browse>
  <intervention_browse>
    <!-- CAUTION:  The following MeSH terms are assigned with an imperfect algorithm            -->
    <mesh_term>Lapatinib</mesh_term>
  </intervention_browse>
  <patient_data>
    <sharing_ipd>No</sharing_ipd>
  </patient_data>
  <provided_document_section>
    <provided_document>
      <document_type>Study Protocol and Statistical Analysis Plan</document_type>
      <document_has_protocol>Yes</document_has_protocol>
      <document_has_icf>No</document_has_icf>
      <document_has_sap>Yes</document_has_sap>
      <document_date>February 2, 2012</document_date>
      <document_url>https://ClinicalTrials.gov/ProvidedDocs/81/NCT01264081/Prot_SAP_000.pdf</document_url>
    </provided_document>
    <provided_document>
      <document_type>Informed Consent Form</document_type>
      <document_has_protocol>No</document_has_protocol>
      <document_has_icf>Yes</document_has_icf>
      <document_has_sap>No</document_has_sap>
      <document_date>February 10, 2012</document_date>
      <document_url>https://ClinicalTrials.gov/ProvidedDocs/81/NCT01264081/ICF_001.pdf</document_url>
    </provided_document>
  </provided_document_section>

  <clinical_results>

    <participant_flow>
      <pre_assignment_details>Thirty participants were registered, tested for the ERBB4 mutation, and taken off study as screening failures as they did not have the ERBB4 mutation to be treated with Lapatinib.</pre_assignment_details>
      <group_list>
        <group group_id="P1">
          <title>Lapatinib</title>
          <description>Lapatinib: 500 mg PO (orally) twice a day for 28 days (1 cycle). Up to 27 cycles allowed if response seen.</description>
        </group>
      </group_list>
      <period_list>
        <period>
          <title>Participants Screened</title>
          <milestone_list>
            <milestone>
              <title>STARTED</title>
              <participants_list>
                <participants group_id="P1" count="34"/>
              </participants_list>
            </milestone>
            <milestone>
              <title>COMPLETED</title>
              <participants_list>
                <participants group_id="P1" count="4"/>
              </participants_list>
            </milestone>
            <milestone>
              <title>NOT COMPLETED</title>
              <participants_list>
                <participants group_id="P1" count="30"/>
              </participants_list>
            </milestone>
          </milestone_list>
          <drop_withdraw_reason_list>
            <drop_withdraw_reason>
              <title>Screening failures</title>
              <participants_list>
                <participants group_id="P1" count="30"/>
              </participants_list>
            </drop_withdraw_reason>
          </drop_withdraw_reason_list>
        </period>
        <period>
          <title>Started Treatment</title>
          <milestone_list>
            <milestone>
              <title>STARTED</title>
              <participants_list>
                <participants group_id="P1" count="4"/>
              </participants_list>
            </milestone>
            <milestone>
              <title>COMPLETED</title>
              <participants_list>
                <participants group_id="P1" count="2"/>
              </participants_list>
            </milestone>
            <milestone>
              <title>NOT COMPLETED</title>
              <participants_list>
                <participants group_id="P1" count="2"/>
              </participants_list>
            </milestone>
          </milestone_list>
          <drop_withdraw_reason_list>
            <drop_withdraw_reason>
              <title>Withdrawal by Subject</title>
              <participants_list>
                <participants group_id="P1" count="1"/>
              </participants_list>
            </drop_withdraw_reason>
            <drop_withdraw_reason>
              <title>Not complete cycle 1 due to death</title>
              <participants_list>
                <participants group_id="P1" count="1"/>
              </participants_list>
            </drop_withdraw_reason>
          </drop_withdraw_reason_list>
        </period>
        <period>
          <title>Analysis</title>
          <milestone_list>
            <milestone>
              <title>STARTED</title>
              <participants_list>
                <participants group_id="P1" count="2"/>
              </participants_list>
            </milestone>
            <milestone>
              <title>COMPLETED</title>
              <participants_list>
                <participants group_id="P1" count="2"/>
              </participants_list>
            </milestone>
            <milestone>
              <title>NOT COMPLETED</title>
              <participants_list>
                <participants group_id="P1" count="0"/>
              </participants_list>
            </milestone>
          </milestone_list>
        </period>
      </period_list>
    </participant_flow>

    <baseline>
      <group_list>
        <group group_id="B1">
          <title>Lapatinib</title>
          <description>Lapatinib: 500 mg PO (orally) twice a day for 28 days (1 cycle). Up to 27 cycles allowed if response seen.</description>
        </group>
      </group_list>
      <analyzed_list>
        <analyzed>
          <units>Participants</units>
          <scope>Overall</scope>
          <count_list>
            <count group_id="B1" value="34"/>
          </count_list>
        </analyzed>
      </analyzed_list>
      <measure_list>
        <measure>
          <title>Age</title>
          <units>Participants</units>
          <param>Count of Participants</param>
          <class_list>
            <class>
              <category_list>
                <category>
                  <title>&lt;=18 years</title>
                  <measurement_list>
                    <measurement group_id="B1" value="0"/>
                  </measurement_list>
                </category>
                <category>
                  <title>Between 18 and 65 years</title>
                  <measurement_list>
                    <measurement group_id="B1" value="34"/>
                  </measurement_list>
                </category>
                <category>
                  <title>&gt;=65 years</title>
                  <measurement_list>
                    <measurement group_id="B1" value="0"/>
                  </measurement_list>
                </category>
              </category_list>
            </class>
          </class_list>
        </measure>
        <measure>
          <title>Age</title>
          <units>years</units>
          <param>Mean</param>
          <dispersion>Standard Deviation</dispersion>
          <class_list>
            <class>
              <category_list>
                <category>
                  <measurement_list>
                    <measurement group_id="B1" value="49" spread="0"/>
                  </measurement_list>
                </category>
              </category_list>
            </class>
          </class_list>
        </measure>
        <measure>
          <title>Sex: Female, Male</title>
          <units>Participants</units>
          <param>Count of Participants</param>
          <class_list>
            <class>
              <category_list>
                <category>
                  <title>Female</title>
                  <measurement_list>
                    <measurement group_id="B1" value="14"/>
                  </measurement_list>
                </category>
                <category>
                  <title>Male</title>
                  <measurement_list>
                    <measurement group_id="B1" value="20"/>
                  </measurement_list>
                </category>
              </category_list>
            </class>
          </class_list>
        </measure>
        <measure>
          <title>Ethnicity (NIH/OMB)</title>
          <units>Participants</units>
          <param>Count of Participants</param>
          <class_list>
            <class>
              <category_list>
                <category>
                  <title>Hispanic or Latino</title>
                  <measurement_list>
                    <measurement group_id="B1" value="1"/>
                  </measurement_list>
                </category>
                <category>
                  <title>Not Hispanic or Latino</title>
                  <measurement_list>
                    <measurement group_id="B1" value="32"/>
                  </measurement_list>
                </category>
                <category>
                  <title>Unknown or Not Reported</title>
                  <measurement_list>
                    <measurement group_id="B1" value="1"/>
                  </measurement_list>
                </category>
              </category_list>
            </class>
          </class_list>
        </measure>
        <measure>
          <title>Race (NIH/OMB)</title>
          <units>Participants</units>
          <param>Count of Participants</param>
          <class_list>
            <class>
              <category_list>
                <category>
                  <title>American Indian or Alaska Native</title>
                  <measurement_list>
                    <measurement group_id="B1" value="0"/>
                  </measurement_list>
                </category>
                <category>
                  <title>Asian</title>
                  <measurement_list>
                    <measurement group_id="B1" value="1"/>
                  </measurement_list>
                </category>
                <category>
                  <title>Native Hawaiian or Other Pacific Islander</title>
                  <measurement_list>
                    <measurement group_id="B1" value="0"/>
                  </measurement_list>
                </category>
                <category>
                  <title>Black or African American</title>
                  <measurement_list>
                    <measurement group_id="B1" value="1"/>
                  </measurement_list>
                </category>
                <category>
                  <title>White</title>
                  <measurement_list>
                    <measurement group_id="B1" value="29"/>
                  </measurement_list>
                </category>
                <category>
                  <title>More than one race</title>
                  <measurement_list>
                    <measurement group_id="B1" value="0"/>
                  </measurement_list>
                </category>
                <category>
                  <title>Unknown or Not Reported</title>
                  <measurement_list>
                    <measurement group_id="B1" value="3"/>
                  </measurement_list>
                </category>
              </category_list>
            </class>
          </class_list>
        </measure>
        <measure>
          <title>Region of Enrollment</title>
          <units>Participants</units>
          <param>Count of Participants</param>
          <class_list>
            <class>
              <title>United States</title>
              <category_list>
                <category>
                  <measurement_list>
                    <measurement group_id="B1" value="34"/>
                  </measurement_list>
                </category>
              </category_list>
            </class>
          </class_list>
        </measure>
      </measure_list>
    </baseline>

    <outcome_list>
      <outcome>
        <type>Primary</type>
        <title>Count of Participants With a Partial Response (PR) and Complete Response (CR) to Lapatinib Who Have Metastatic Melanoma Harboring ERBB4 Mutations.</title>
        <description>The count of participants with a partial response and complete response is defined by the Response Evaluation Criteria in Solid Tumors (RECIST) v1.1 criteria. Partial response is at least a 30% decrease in the sum of the diameters of target lesions, taking as reference the baseline sum diameters. Complete response is disappearance of all target lesions. Any pathological lymph nodes (whether target or non-target) must have reduction in short axis to &lt;10 mm. Stable disease (SD) is neither sufficient shrinkage to qualify for PR nor sufficient increase to qualify for PD, taking as reference the smallest sum diameters while on study. Progressive disease (PD) is at least a 20% increase in the sum of the diameters of target lesions, taking as reference the smallest sum on study (this includes the baseline sum if that is the smallest on study). The appearance of one or more new lesions is also considered progressions.</description>
        <time_frame>3 years</time_frame>
        <population>Only two participants could be evaluated for response and they had SD (none with a PR or CR). Other participants did not reach the evaluation point (i.e. discontinued Lapatinib)as per study protocol, therefore not evaluable.</population>
        <group_list>
          <group group_id="O1">
            <title>Lapatinib</title>
            <description>Lapatinib: 500 mg PO (orally) twice a day for 28 days (1 cycle). Up to 27 cycles allowed if response seen.</description>
          </group>
        </group_list>
        <measure>
          <title>Count of Participants With a Partial Response (PR) and Complete Response (CR) to Lapatinib Who Have Metastatic Melanoma Harboring ERBB4 Mutations.</title>
          <description>The count of participants with a partial response and complete response is defined by the Response Evaluation Criteria in Solid Tumors (RECIST) v1.1 criteria. Partial response is at least a 30% decrease in the sum of the diameters of target lesions, taking as reference the baseline sum diameters. Complete response is disappearance of all target lesions. Any pathological lymph nodes (whether target or non-target) must have reduction in short axis to &lt;10 mm. Stable disease (SD) is neither sufficient shrinkage to qualify for PR nor sufficient increase to qualify for PD, taking as reference the smallest sum diameters while on study. Progressive disease (PD) is at least a 20% increase in the sum of the diameters of target lesions, taking as reference the smallest sum on study (this includes the baseline sum if that is the smallest on study). The appearance of one or more new lesions is also considered progressions.</description>
          <population>Only two participants could be evaluated for response and they had SD (none with a PR or CR). Other participants did not reach the evaluation point (i.e. discontinued Lapatinib)as per study protocol, therefore not evaluable.</population>
          <units>Participants</units>
          <param>Count of Participants</param>
          <analyzed_list>
            <analyzed>
              <units>Participants</units>
              <scope>Measure</scope>
              <count_list>
                <count group_id="O1" value="2"/>
              </count_list>
            </analyzed>
          </analyzed_list>
          <class_list>
            <class>
              <title>Partial Response</title>
              <category_list>
                <category>
                  <measurement_list>
                    <measurement group_id="O1" value="0"/>
                  </measurement_list>
                </category>
              </category_list>
            </class>
            <class>
              <title>Complete Response</title>
              <category_list>
                <category>
                  <measurement_list>
                    <measurement group_id="O1" value="0"/>
                  </measurement_list>
                </category>
              </category_list>
            </class>
            <class>
              <title>Stable Disease</title>
              <category_list>
                <category>
                  <measurement_list>
                    <measurement group_id="O1" value="2"/>
                  </measurement_list>
                </category>
              </category_list>
            </class>
            <class>
              <title>Progressive Disease</title>
              <category_list>
                <category>
                  <measurement_list>
                    <measurement group_id="O1" value="0"/>
                  </measurement_list>
                </category>
              </category_list>
            </class>
          </class_list>
        </measure>
      </outcome>
      <outcome>
        <type>Secondary</type>
        <title>Number of Participants With Serious and Non-Serious Adverse Events</title>
        <description>Here is the count of participants with serious and non-serious adverse events assessed by the Common Terminology Criteria for Adverse Events (CTCAE v4.0). A non-serious adverse event is any untoward medical occurrence. A serious adverse event is an adverse event or suspected adverse reaction that results in death, a life-threatening adverse drug experience, hospitalization, disruption of the ability to conduct normal life functions, congenital anomaly/birth defect or important medical events that jeopardize the patient or subject and may require medical or surgical intervention to prevent one of the previous outcomes mentioned.</description>
        <time_frame>Date treatment consent signed to date off study, approximately, 3 years</time_frame>
        <population>Three study participants were affected by the adverse events: 2 - who completed the study and 1 who did not complete cycle 1 due to death of progressive disease. The participant who withdrew from study didn't take Lapatinib and experience any adverse events.</population>
        <group_list>
          <group group_id="O1">
            <title>Lapatinib</title>
            <description>Lapatinib: 500 mg PO (orally) twice a day for 28 days (1 cycle). Up to 27 cycles allowed if response seen.</description>
          </group>
        </group_list>
        <measure>
          <title>Number of Participants With Serious and Non-Serious Adverse Events</title>
          <description>Here is the count of participants with serious and non-serious adverse events assessed by the Common Terminology Criteria for Adverse Events (CTCAE v4.0). A non-serious adverse event is any untoward medical occurrence. A serious adverse event is an adverse event or suspected adverse reaction that results in death, a life-threatening adverse drug experience, hospitalization, disruption of the ability to conduct normal life functions, congenital anomaly/birth defect or important medical events that jeopardize the patient or subject and may require medical or surgical intervention to prevent one of the previous outcomes mentioned.</description>
          <population>Three study participants were affected by the adverse events: 2 - who completed the study and 1 who did not complete cycle 1 due to death of progressive disease. The participant who withdrew from study didn't take Lapatinib and experience any adverse events.</population>
          <units>Participants</units>
          <param>Count of Participants</param>
          <analyzed_list>
            <analyzed>
              <units>Participants</units>
              <scope>Measure</scope>
              <count_list>
                <count group_id="O1" value="3"/>
              </count_list>
            </analyzed>
          </analyzed_list>
          <class_list>
            <class>
              <category_list>
                <category>
                  <measurement_list>
                    <measurement group_id="O1" value="3"/>
                  </measurement_list>
                </category>
              </category_list>
            </class>
          </class_list>
        </measure>
      </outcome>
    </outcome_list>

    <reported_events>
      <time_frame>Date treatment consent signed to date off study, approximately, 3 years.</time_frame>
      <desc>Three study participants were affected by the adverse events: 2 - who completed the study and 1 who did not complete cycle 1 due to death of progressive disease. The participant who withdrew from study didn't take Lapatinib and experience any adverse events.</desc>
      <group_list>
        <group group_id="E1">
          <title>Lapatinib</title>
          <description>Lapatinib: 500 mg PO (orally) twice a day for 28 days (1 cycle). Up to 27 cycles allowed if response seen.</description>
        </group>
      </group_list>
      <serious_events>
        <default_vocab>CTCAE (4.0)</default_vocab>
        <default_assessment>Systematic Assessment</default_assessment>
        <category_list>
          <category>
            <title>Total</title>
            <event_list>
              <event>
                <sub_title>Total, all-cause mortality</sub_title>
                <counts group_id="E1" subjects_affected="2" subjects_at_risk="3"/>
              </event>
              <event>
                <sub_title>Total, serious adverse events</sub_title>
                <counts group_id="E1" subjects_affected="3" subjects_at_risk="3"/>
              </event>
            </event_list>
          </category>
          <category>
            <title>General disorders</title>
            <event_list>
              <event>
                <sub_title>Death NOS</sub_title>
                <description>Death due to progressive disease</description>
                <counts group_id="E1" events="2" subjects_affected="2" subjects_at_risk="3"/>
              </event>
            </event_list>
          </category>
          <category>
            <title>Vascular disorders</title>
            <event_list>
              <event>
                <sub_title>Thromboembolic event</sub_title>
                <description>Pulmonary embolus</description>
                <counts group_id="E1" events="1" subjects_affected="1" subjects_at_risk="3"/>
              </event>
            </event_list>
          </category>
        </category_list>
      </serious_events>
      <other_events>
        <frequency_threshold>0</frequency_threshold>
        <default_vocab>CTCAE (4.0)</default_vocab>
        <default_assessment>Systematic Assessment</default_assessment>
        <category_list>
          <category>
            <title>Total</title>
            <event_list>
              <event>
                <sub_title>Total, other adverse events</sub_title>
                <counts group_id="E1" subjects_affected="3" subjects_at_risk="3"/>
              </event>
            </event_list>
          </category>
          <category>
            <title>Psychiatric disorders</title>
            <event_list>
              <event>
                <sub_title>Agitation</sub_title>
                <description>Psychiatric disorders</description>
                <counts group_id="E1" events="1" subjects_affected="1" subjects_at_risk="3"/>
              </event>
            </event_list>
          </category>
          <category>
            <title>Skin and subcutaneous tissue disorders</title>
            <event_list>
              <event>
                <sub_title>Rash maculo-paular</sub_title>
                <description>Skin and subcutaneous tissue disorders</description>
                <counts group_id="E1" events="2" subjects_affected="2" subjects_at_risk="3"/>
              </event>
            </event_list>
          </category>
        </category_list>
      </other_events>
    </reported_events>

    <certain_agreements>
      <pi_employee>Principal Investigators are NOT employed by the organization sponsoring the study.</pi_employee>
      <restrictive_agreement>There is NOT an agreement between Principal Investigators and the Sponsor (or its agents) that restricts the PI's rights to discuss or publish trial results after the trial is completed. </restrictive_agreement>
    </certain_agreements>
    <point_of_contact>
      <name_or_title>Dr. Udo Rudloff'</name_or_title>
      <organization>National Cancer Institute</organization>
      <phone>301-496-3098</phone>
      <email>rudloff@nih.gov</email>
    </point_of_contact>
  </clinical_results>
</clinical_study>

