<?xml version="1.0" encoding="UTF-8"?>
<clinical_study rank="470">
  <!-- This xml conforms to an XML Schema at:
    https://clinicaltrials.gov/ct2/html/images/info/public.xsd -->
  <required_header>
    <download_date>ClinicalTrials.gov processed this data on February 06, 2024</download_date>
    <link_text>Link to the current ClinicalTrials.gov record.</link_text>
    <url>https://clinicaltrials.gov/ct2/show/NCT03941795</url>
  </required_header>
  <id_info>
    <org_study_id>BJCH-MM-0624</org_study_id>
    <nct_id>NCT03941795</nct_id>
  </id_info>
  <brief_title>Phase II Study in the Treatment of Patients With Advanced Mucinous Melanoma</brief_title>
  <acronym>BJCH-MM-0624</acronym>
  <official_title>A Randomized, Controlled, Multicenter Phase II Clinical Study to Evaluate the Efficacy and Safety of Toripalimab Injection Combined With Axitinib in the First-Line Treatment of Patients With Advanced Mucosal Melanoma</official_title>
  <sponsors>
    <lead_sponsor>
      <agency>Peking University Cancer Hospital &amp; Institute</agency>
      <agency_class>Other</agency_class>
    </lead_sponsor>
  </sponsors>
  <source>Peking University Cancer Hospital &amp; Institute</source>
  <oversight_info>
    <is_fda_regulated_drug>No</is_fda_regulated_drug>
    <is_fda_regulated_device>No</is_fda_regulated_device>
  </oversight_info>
  <brief_summary>
    <textblock>
      This is a randomized, controlled, multicenter Phase II clinical study to evaluate the&#xD;
      efficacy and safety of toripalimab injection combined with axitinib in the first-line&#xD;
      treatment of patients with advanced mucosal melanoma. The target population is the patients&#xD;
      with previously untreated, histopathologically confirmed, unresectable or metastatic mucosal&#xD;
      melanoma. At the randomization, patients are randomized 1:1:1 into three groups with&#xD;
      approximately 33 subjects in each group to receive toripalimab injection plus axitinib,&#xD;
      toripalimab injection monotherapy (subjects who meet the criteria after disease progression&#xD;
      may cross over to receive toripalimab plus axitinib), or axitinib monotherapy (subjects who&#xD;
      meet the criteria after disease progression may cross over to receive toripalimab plus&#xD;
      axitinib); when the patient has disease progression or intolerable toxicity, the treatment is&#xD;
      terminated, and the survival follow-up will be initiated.&#xD;
    </textblock>
  </brief_summary>
  <overall_status>Unknown status</overall_status>
  <last_known_status>Recruiting</last_known_status>
  <start_date type="Actual">November 11, 2019</start_date>
  <completion_date type="Anticipated">December 2022</completion_date>
  <primary_completion_date type="Anticipated">June 2022</primary_completion_date>
  <phase>Phase 2</phase>
  <study_type>Interventional</study_type>
  <has_expanded_access>No</has_expanded_access>
  <study_design_info>
    <allocation>Randomized</allocation>
    <intervention_model>Crossover Assignment</intervention_model>
    <primary_purpose>Treatment</primary_purpose>
    <masking>None (Open Label)</masking>
  </study_design_info>
  <primary_outcome>
    <measure>the progression-free survival (PFS)</measure>
    <time_frame>36 months</time_frame>
    <description>Progression-free survival (PFS) per RECIST 1.1 criteria: Time from the date of randomization to the first documented disease progression (per RECIST 1.1 criteria), or death from any cause, whichever occurs first.</description>
  </primary_outcome>
  <secondary_outcome>
    <measure>INV-ORR</measure>
    <time_frame>36 months</time_frame>
    <description>INV-ORR in crossover subjects is the number of subjects with DOR of CR or PR based on INV assessment divided by the number of crossover subjects. DOR is defined as the best response recorded as measured by INV from the date of the first crossover dose to the date of objective documentation of progression per RECIST 1.1 or the date of subsequent therapy, including tumor-directed radiotherapy and tumor-directed surgery, whichever occurs first. For subjects without documented progression or subsequent treatment, all available response designations will be assigned to the DOR evaluation. Baseline tumor assessments for crossover subjects are based on the last tumor assessment for monotherapy prior to the combination crossover. Exploratory endpoints will be analyzed at the time of primary endpoint analysis if data are available.</description>
  </secondary_outcome>
  <secondary_outcome>
    <measure>ORR</measure>
    <time_frame>36 months</time_frame>
    <description>Objective response rate (ORR) according to RECIST 1.1;</description>
  </secondary_outcome>
  <secondary_outcome>
    <measure>PFS</measure>
    <time_frame>36 months</time_frame>
    <description>Progression-free survival (PFS) according to RECIST 1.1;</description>
  </secondary_outcome>
  <secondary_outcome>
    <measure>DOR</measure>
    <time_frame>36 months</time_frame>
    <description>Duration of response (DOR) according to RECIST 1.1;</description>
  </secondary_outcome>
  <secondary_outcome>
    <measure>TTR</measure>
    <time_frame>36 months</time_frame>
    <description>Time to response (TTR) according to RECIST 1.1;</description>
  </secondary_outcome>
  <secondary_outcome>
    <measure>DCR</measure>
    <time_frame>36 months</time_frame>
    <description>Disease control rate (DCR) according to RECIST 1.1;</description>
  </secondary_outcome>
  <secondary_outcome>
    <measure>OS</measure>
    <time_frame>36 months</time_frame>
    <description>Overall survival (OS): Time from the date of randomization to death from any cause. Surviving patients as of the date of analysis will be censored at the date of their last contact.</description>
  </secondary_outcome>
  <secondary_outcome>
    <measure>safety: Number of Participants With Abnormal Laboratory Values and/or Adverse Events That Are Related to Treatment</measure>
    <time_frame>36 months</time_frame>
    <description>Number of Participants With Abnormal Laboratory Values and/or Adverse Events That Are Related to Treatment.</description>
  </secondary_outcome>
  <number_of_arms>3</number_of_arms>
  <enrollment type="Anticipated">99</enrollment>
  <condition>Advanced Mucosal Melanoma</condition>
  <arm_group>
    <arm_group_label>JS001(Toripalimab Injection) Combined With Axitinib</arm_group_label>
    <arm_group_type>Experimental</arm_group_type>
  </arm_group>
  <arm_group>
    <arm_group_label>JS001 alone</arm_group_label>
    <arm_group_type>Experimental</arm_group_type>
  </arm_group>
  <arm_group>
    <arm_group_label>Axitinib alone</arm_group_label>
    <arm_group_type>Active Comparator</arm_group_type>
  </arm_group>
  <intervention>
    <intervention_type>Biological</intervention_type>
    <intervention_name>JS001(Toripalimab Injection)</intervention_name>
    <description>Test Group:&#xD;
Toripalimab (240 mg, IV, Q3W) + axitinib (5 mg/tablet, one tablet, twice a day, orally); axitinib is started on the second day of administration of toripalimab until disease progression or intolerable toxicity, the investigator or subject decides to withdraw, lost to follow-up, initiation of other antineoplastic therapy, or death, with a maximum duration of toripalimab use of no more than 2 years.</description>
    <arm_group_label>JS001 alone</arm_group_label>
  </intervention>
  <intervention>
    <intervention_type>Drug</intervention_type>
    <intervention_name>Axitinib 1 MG [Inlyta]</intervention_name>
    <description>Axitinib (5 mg/tablet) one tablet, twice a day, orally until disease progression or intolerable toxicity, the investigator or subject decides to withdraw, lost to follow-up, initiation of other antineoplastic therapy, or death</description>
    <arm_group_label>Axitinib alone</arm_group_label>
  </intervention>
  <intervention>
    <intervention_type>Other</intervention_type>
    <intervention_name>JS001 and Axitinib</intervention_name>
    <description>Control Group:&#xD;
Toripalimab (240 mg, IV, Q3W) is administered on the first day until disease progression or intolerable toxicity, the investigator or subject decides to withdraw, lost to follow-up, initiation of other antineoplastic therapy, or death, with a maximum duration of no more than 2 years</description>
    <arm_group_label>JS001(Toripalimab Injection) Combined With Axitinib</arm_group_label>
  </intervention>
  <eligibility>
    <criteria>
      <textblock>
        Inclusion Criteria Patients are eligible for the trial if they meet the following criteria:&#xD;
&#xD;
          1. Men and women, aged 18 to 80 years.&#xD;
&#xD;
          2. Patients with pathohistologically confirmed, unresectable or metastatic mucosal&#xD;
             melanoma.&#xD;
&#xD;
          3. No prior treatment with any systemic antineoplastic agents (prior adjuvant or&#xD;
             neoadjuvant therapy is allowed, but should be completed at least 3 weeks prior to&#xD;
             randomization and all related adverse events have returned to normal or CTC-AE Grade&#xD;
             1).&#xD;
&#xD;
          4. Have a score of 0 or 1 on the ECOG scale.&#xD;
&#xD;
          5. Tumor tissue samples must be available for PD-L1 expression testing.&#xD;
&#xD;
          6. At least one measurable lesion according to RECIST 1.1, and the lesion has not been&#xD;
             irradiated.&#xD;
&#xD;
          7. Organ function must meet the following requirements (within 7 days prior to&#xD;
             randomization):&#xD;
&#xD;
             Peripheral blood: absolute neutrophil count (ANC) ≥1.5 × 109/L, platelets (PLT) ≥100 ×&#xD;
             109/L, hemoglobin (HB) ≥9 g/dL (no blood transfusion or blood components within 14&#xD;
             days before testing); Liver: Serum bilirubin (TBIL) ≤1.5 x upper limit of normal&#xD;
             (ULN),, aspartate aminotransferase (AST) and alanine aminotransferase (ALT) ≤3 x ULN&#xD;
             (≤5 x ULN in case of liver metastases); Serum creatinine ≤1.5 x ULN; International&#xD;
             normalized ratio (INR) and activated partial thromboplastin time (APTT) ≤1.5 x ULN&#xD;
             (only for patients not receiving anticoagulant therapy; patients receiving&#xD;
             anticoagulant therapy should keep the anticoagulant within the therapeutic&#xD;
             requirements); Normal cardiac function, i.e., normal or abnormal electrocardiogram&#xD;
             without clinical significance, and left ventricular ejection fraction (LVEF) greater&#xD;
             than 50% on cardiac ultrasound.&#xD;
&#xD;
          8. Women of childbearing age must have a negative pregnancy test within 7 days prior to&#xD;
             treatment; men of reproductive potential or women of childbearing potential must use&#xD;
             highly effective contraceptive methods (e.g., oral contraceptives, intrauterine&#xD;
             contraceptive devices, abstinence or barrier contraception in combination with&#xD;
             spermicides) throughout the trial and continue contraception for 3 months after the&#xD;
             end of treatment.&#xD;
&#xD;
          9. Subjects are willing to participate in this study and sign informed consent form, have&#xD;
             good compliance and cooperate with the follow-up.&#xD;
&#xD;
        Exclusion Criteria Patients with any of the following conditions will be excluded from the&#xD;
        trial:&#xD;
&#xD;
          1. Patients previously treated with anti-PD-1, anti-PD-L1, anti-PD-L2 therapy and/or&#xD;
             VEGFR TKIs.&#xD;
&#xD;
          2. Patients who have participated in or are participating in clinical trial of other&#xD;
             drug/therapy within 4 weeks prior to this study treatment (before randomization).&#xD;
&#xD;
          3. Major surgery, live vaccination, immunotherapy within 4 weeks prior to study start,&#xD;
             and radiotherapy within 2 weeks prior to study start.&#xD;
&#xD;
          4. History of malignancy other than mucosal melanoma within the past 3 years, with the&#xD;
             exception of cured basal cell carcinoma of the skin, squamous cell carcinoma of the&#xD;
             skin, early stage prostate cancer, and carcinoma in situ of the cervix.&#xD;
&#xD;
          5. Patients who received hematopoietic stimulating factors, such as granulocyte&#xD;
             colony-stimulating factor (G-CSF) and erythropoietin, within 1 week prior to study&#xD;
             start.&#xD;
&#xD;
          6. HIV test positive.&#xD;
&#xD;
          7. Patients with active hepatitis B or C:&#xD;
&#xD;
               -  If HBsAg or HBcAb is positive, additionally test HBV DNA (results above the lower&#xD;
                  limit of detection at site);&#xD;
&#xD;
               -  If the result of HCV antibody test is positive, additionally test HCV RNA.&#xD;
&#xD;
          8. Known to be allergic to recombinant humanized PD-1 monoclonal antibody drug and its&#xD;
             components; known to be allergic to axitinib and any of its excipients.&#xD;
&#xD;
          9. Hypertension that cannot be controlled by medication.&#xD;
&#xD;
         10. Massive pleural effusion or ascites with clinical symptoms requiring symptomatic&#xD;
             management.&#xD;
&#xD;
         11. Subjects with active central nervous system (CNS) metastases are excluded. Subjects&#xD;
             with metastatic brain lesions are eligible if they have received treatment and have no&#xD;
             evidence of disease progression on magnetic resonance imaging (MRI) at least 8 weeks&#xD;
             after completion of treatment and within 28 days before the first dose.&#xD;
             Immunosuppressive doses of systemic corticosteroids (&gt;10 mg/day prednisone equivalent)&#xD;
             must not be required at least 2 weeks prior to study drug administration.&#xD;
&#xD;
         12. History of active pulmonary tuberculosis.&#xD;
&#xD;
         13. Have any uncontrollable clinical problems, including but not limited to:&#xD;
&#xD;
               -  Active autoimmune disease requiring systemic steroid/immunosuppressive therapy,&#xD;
                  such as hypophysitis, colitis, hepatitis, nephritis, etc.;&#xD;
&#xD;
               -  Have the following occurrence within 6 months prior to randomization: 1) deep&#xD;
                  vein thrombosis or pulmonary embolism; 2) percutaneous coronary intervention,&#xD;
                  acute coronary syndrome, coronary artery bypass grafting; 3) cerebrovascular&#xD;
                  accident, transient ischemic attack.&#xD;
&#xD;
               -  Other serious, uncontrollable concomitant illness that may affect protocol&#xD;
                  compliance or interfere with interpretation of results, including active&#xD;
                  opportunistic infection or progressive (severe) infection, uncontrolled diabetes,&#xD;
                  cardiovascular disease (New York Heart Association class III or IV heart failure,&#xD;
                  second degree or higher heart block, myocardial infarction within the past 6&#xD;
                  months, unstable arrhythmia or unstable angina, cerebral infarction within 3&#xD;
                  months, etc.) or pulmonary disease (history of interstitial pneumonia,&#xD;
                  obstructive pulmonary disease, and symptomatic bronchospasm).&#xD;
&#xD;
         14. Any condition that affects the subject's swallowing of the drug, and any condition&#xD;
             that affects the absorption or pharmacokinetics of the investigational product.&#xD;
&#xD;
         15. Have received stem cell transplant or organ transplant.&#xD;
&#xD;
         16. Women of childbearing age, pregnant or lactating women with positive serum or urine&#xD;
             pregnancy test 7 days before starting treatment.&#xD;
&#xD;
         17. Have a history of psychotropic drug abuse and unable to withdraw or have a history of&#xD;
             mental disorders.&#xD;
&#xD;
         18. Other severe, acute, or chronic medical conditions or laboratory abnormalities that,&#xD;
             in the judgment of the investigator, may increase the risk associated with study&#xD;
             participation or may interfere with the interpretation of study results.&#xD;
&#xD;
         19. Patients who are judged by the investigator to have poor compliance, or other&#xD;
             conditions that make them unsuitable for this trial.&#xD;
      </textblock>
    </criteria>
    <gender>All</gender>
    <minimum_age>18 Years</minimum_age>
    <maximum_age>80 Years</maximum_age>
    <healthy_volunteers>No</healthy_volunteers>
  </eligibility>
  <overall_official>
    <last_name>Jun Guo, MD,PhD</last_name>
    <role>Principal Investigator</role>
    <affiliation>Peking University Cancer Hospital &amp; Institute</affiliation>
  </overall_official>
  <overall_contact>
    <last_name>Jun Guo, MD,PhD</last_name>
    <phone>010-88121122</phone>
    <email>Guoj307@126.com</email>
  </overall_contact>
  <overall_contact_backup>
    <last_name>Xinan Sheng, MD</last_name>
  </overall_contact_backup>
  <location>
    <facility>
      <name>Beijing Cancer Hospital</name>
      <address>
        <city>Beijing</city>
        <state>Beijing</state>
        <zip>100142</zip>
        <country>China</country>
      </address>
    </facility>
    <status>Recruiting</status>
    <contact>
      <last_name>Jun Guo, MD,PHD</last_name>
      <phone>010-88121122</phone>
      <email>Guoj307@126.com</email>
    </contact>
    <investigator>
      <last_name>Jun Guo, MD,PHD</last_name>
      <role>Principal Investigator</role>
    </investigator>
    <investigator>
      <last_name>Xinan Sheng, MD</last_name>
      <role>Sub-Investigator</role>
    </investigator>
  </location>
  <location>
    <facility>
      <name>Baishen First Hospital of Jilin University</name>
      <address>
        <city>Shengyang</city>
        <state>Liaoning</state>
        <country>China</country>
      </address>
    </facility>
    <status>Not yet recruiting</status>
    <contact>
      <last_name>Di Wu, Professor</last_name>
      <phone>13944888991</phone>
      <email>wudi888991@163.com</email>
    </contact>
  </location>
  <location_countries>
    <country>China</country>
  </location_countries>
  <verification_date>December 2019</verification_date>
  <study_first_submitted>May 5, 2019</study_first_submitted>
  <study_first_submitted_qc>May 6, 2019</study_first_submitted_qc>
  <study_first_posted type="Actual">May 8, 2019</study_first_posted>
  <last_update_submitted>December 5, 2019</last_update_submitted>
  <last_update_submitted_qc>December 5, 2019</last_update_submitted_qc>
  <last_update_posted type="Actual">December 6, 2019</last_update_posted>
  <responsible_party>
    <responsible_party_type>Principal Investigator</responsible_party_type>
    <investigator_affiliation>Peking University Cancer Hospital &amp; Institute</investigator_affiliation>
    <investigator_full_name>Jun Guo</investigator_full_name>
    <investigator_title>Director of department of renal cancer and melanoma</investigator_title>
  </responsible_party>
  <keyword>PD-1 monoclonal antibody</keyword>
  <keyword>the First Line Therapy</keyword>
  <keyword>Axitinib</keyword>
  <keyword>Mucosal Melanoma</keyword>
  <keyword>Toripalimab</keyword>
  <keyword>JS001</keyword>
  <condition_browse>
    <!-- CAUTION:  The following MeSH terms are assigned with an imperfect algorithm            -->
    <mesh_term>Melanoma</mesh_term>
  </condition_browse>
  <intervention_browse>
    <!-- CAUTION:  The following MeSH terms are assigned with an imperfect algorithm            -->
    <mesh_term>Axitinib</mesh_term>
  </intervention_browse>
  <!-- Results have not yet been posted for this study                                          -->
</clinical_study>

