<?xml version="1.0" encoding="UTF-8"?>
<clinical_study rank="421">
  <!-- This xml conforms to an XML Schema at:
    https://clinicaltrials.gov/ct2/html/images/info/public.xsd -->
  <required_header>
    <download_date>ClinicalTrials.gov processed this data on February 06, 2024</download_date>
    <link_text>Link to the current ClinicalTrials.gov record.</link_text>
    <url>https://clinicaltrials.gov/ct2/show/NCT01970358</url>
  </required_header>
  <id_info>
    <org_study_id>13-240</org_study_id>
    <nct_id>NCT01970358</nct_id>
  </id_info>
  <brief_title>A Phase I Study With a Personalized NeoAntigen Cancer Vaccine in Melanoma</brief_title>
  <official_title>A Phase I Study With a Personalized NeoAntigen Cancer Vaccine in Melanoma</official_title>
  <sponsors>
    <lead_sponsor>
      <agency>Patrick Ott, MD</agency>
      <agency_class>Other</agency_class>
    </lead_sponsor>
  </sponsors>
  <source>Dana-Farber Cancer Institute</source>
  <oversight_info>
    <has_dmc>Yes</has_dmc>
  </oversight_info>
  <brief_summary>
    <textblock>
      This research study is evaluating a new type of melanoma vaccine called &quot;Personalized&#xD;
      NeoAntigen Cancer Vaccine&quot;. The purpose of this study is to determine if it is possible to&#xD;
      make and administer safely a vaccine against melanoma by using information gained from&#xD;
      specific characteristics of the participant's own melanoma. It is known that melanomas have&#xD;
      mutations (changes in genetic material) that are specific to an individual patient and tumor.&#xD;
      These mutations can cause the tumor cells to produce proteins that appear very different from&#xD;
      the body's own cells. It is possible that these proteins used in a vaccine may induce strong&#xD;
      immune responses, which may help the participant's body fight any tumor cells that could&#xD;
      cause the melanoma to come back in the future. The study will examine the safety of the&#xD;
      vaccine when given at several different time points and will examine the participant's blood&#xD;
      cells for signs that the vaccine induced an immune response.&#xD;
    </textblock>
  </brief_summary>
  <overall_status>Completed</overall_status>
  <start_date type="Actual">January 2014</start_date>
  <completion_date type="Actual">June 2018</completion_date>
  <primary_completion_date type="Actual">September 2015</primary_completion_date>
  <phase>Phase 1</phase>
  <study_type>Interventional</study_type>
  <has_expanded_access>No</has_expanded_access>
  <study_design_info>
    <allocation>N/A</allocation>
    <intervention_model>Single Group Assignment</intervention_model>
    <primary_purpose>Prevention</primary_purpose>
    <masking>None (Open Label)</masking>
  </study_design_info>
  <primary_outcome>
    <measure>Number of participants experiencing clinical and laboratory adverse events (AEs)</measure>
    <time_frame>7 weeks from first study drug administration</time_frame>
  </primary_outcome>
  <primary_outcome>
    <measure>Number of participants for whom sequencing and analysis leads to identification of at least 10 actionable peptides to initiate vaccine production</measure>
    <time_frame>12 weeks</time_frame>
  </primary_outcome>
  <secondary_outcome>
    <measure>Number of participants with specific cellular immune responses following administration of NeoVax</measure>
    <time_frame>16 weeks</time_frame>
  </secondary_outcome>
  <secondary_outcome>
    <measure>Number of participants alive without progression at two years after surgery following administration of NeoVax</measure>
    <time_frame>2 Years</time_frame>
  </secondary_outcome>
  <number_of_arms>1</number_of_arms>
  <enrollment type="Anticipated">20</enrollment>
  <condition>Melanoma</condition>
  <arm_group>
    <arm_group_label>Personalized NeoAntigen Cancer Vaccine</arm_group_label>
    <arm_group_type>Experimental</arm_group_type>
    <description>- NeoVax (peptides + poly-ICLC)&#xD;
Poly-ICLC: 4 x 0.5 mg (total dose 2 mg) given on days Days 1, 4, 8, 15, 22, 78, and 162&#xD;
Peptides: 4 x 300 mcg per peptide given on days Days 1, 4, 8, 15, 22, 78, and 162</description>
  </arm_group>
  <intervention>
    <intervention_type>Biological</intervention_type>
    <intervention_name>Poly-ICLC</intervention_name>
    <arm_group_label>Personalized NeoAntigen Cancer Vaccine</arm_group_label>
    <other_name>Hiltonol</other_name>
  </intervention>
  <intervention>
    <intervention_type>Biological</intervention_type>
    <intervention_name>Peptides</intervention_name>
    <arm_group_label>Personalized NeoAntigen Cancer Vaccine</arm_group_label>
    <other_name>NeoAntigen peptides</other_name>
  </intervention>
  <eligibility>
    <criteria>
      <textblock>
        Inclusion Criteria:&#xD;
&#xD;
          -  Patients must meet the following criteria on screening examination to be eligible to&#xD;
             participate in the study:&#xD;
&#xD;
          -  Patient is willing and able to give written informed consent.&#xD;
&#xD;
          -  Patient is agreeable to allow tumor and normal tissue samples to be submitted for&#xD;
             complete exome and transcriptome sequencing.&#xD;
&#xD;
          -  Pathologically confirmed, clinically evident (by physical examination or radiographic&#xD;
             imaging) stage IIIB, IIIC, and IVM1a and b cutaneous melanoma (anatomic stages T1-4b&#xD;
             N1a and T1-4b N2a not included). ) The current diagnosis may be the patient's first&#xD;
             diagnosis of melanoma or recurrent melanoma after previous diagnosis of an earlier&#xD;
             stage melanoma.&#xD;
&#xD;
          -  Complete surgical resection of metastatic disease (lymph node, in transit, satellite&#xD;
             lesion(s), distant metastastases) with negative margins on resected specimens as&#xD;
             confirmed by pathologic review has not been performed, but is deemed feasible by the&#xD;
             treating surgical oncologist. Surgical resection of the primary melanoma may or may&#xD;
             not have been performed.&#xD;
&#xD;
          -  The patient must be free of unresectable metastatic disease within 4 weeks prior to&#xD;
             the surgery being performed with the intention to remove all melanoma.&#xD;
&#xD;
          -  This pre-surgery baseline assessment must be documented by complete physical&#xD;
             examination and imaging studies. Imaging studies must include a total body PET-CT in&#xD;
             conjunction with a brain MRI (or head CT if brain MRI is contraindicated). If a PET/CT&#xD;
             scan cannot be done, a CT of the neck, chest, abdomen, and pelvis should be performed.&#xD;
&#xD;
          -  Patients may have received prior interferon alpha (IFN-α), but must have discontinued&#xD;
             IFN-α therapy within 4 weeks prior to enrollment on the trial. - Patients who have not&#xD;
             received prior adjuvant therapy should be informed of the potential therapeutic&#xD;
             benefit of IFN-α. Previous radiation therapy, including after the surgical resection,&#xD;
             is allowed as long as 14 days have elapsed between the radiation and initiation of&#xD;
             first vaccination with NeoVax.&#xD;
&#xD;
          -  Age ≥ 18 years.&#xD;
&#xD;
          -  ECOG performance status &lt;1&#xD;
&#xD;
          -  Normal organ and bone marrow function as defined below:&#xD;
&#xD;
          -  Leukocytes ≥ 3,500/mcL&#xD;
&#xD;
          -  Absolute lymphocyte count &gt; 800/mcL&#xD;
&#xD;
          -  Absolute neutrophil count &gt; 1,500/mcL&#xD;
&#xD;
          -  Platelets &gt; 100,000/mcL&#xD;
&#xD;
          -  Hemoglobin &gt; 10.0 g/dL&#xD;
&#xD;
          -  Total serum bilirubin &lt; 1.0 x institutional upper limit of normal&#xD;
&#xD;
          -  AST (SGOT)/ALT (SGPT) &lt; 2.0 x institutional upper limit of normal&#xD;
&#xD;
          -  Serum creatinine&lt; 1.5 x institutional upper limit of normal&#xD;
&#xD;
          -  Women of childbearing potential (WOCBP) must have a negative pregnancy test (minimum&#xD;
             sensitivity 25 IU/L or equivalent of HCG) before entry onto the trial and within 7&#xD;
             days prior to start of study medication, because the effects NeoVax on the developing&#xD;
             human fetus are unknown. It is the investigators' responsibility to repeat the&#xD;
             pregnancy test should start of treatment be delayed.&#xD;
&#xD;
          -  Female patients enrolled in the study, who are not free from menses for &gt;2 years, post&#xD;
             hysterectomy / oophorectomy, or surgically sterilized, must be willing to use either 2&#xD;
             adequate barrier methods or a barrier method plus a hormonal method of contraception&#xD;
             to prevent pregnancy or to abstain from sexual activity throughout the study, starting&#xD;
             with visit 1 through 4 weeks after the last dose of study therapy. Approved&#xD;
             contraceptive methods include for example; intra uterine device, diaphragm with&#xD;
             spermicide, cervical cap with spermicide, male condoms, or female condom with&#xD;
             spermicide. Spermicides alone are not an acceptable method of contraception.&#xD;
&#xD;
          -  Male patients must agree to use an adequate method of contraception starting with the&#xD;
             first dose of NeoVax through 4 weeks after the last dose of study therapy.&#xD;
&#xD;
        Exclusion Criteria:&#xD;
&#xD;
          -  Prior treatment with immune-modulatory agents including, but not limited to: IL-2,&#xD;
             CTLA-4 blockade, PD-1/PD-L1 blockade, CD40 stimulation, CD137 stimulation with the&#xD;
             exception of INF-α given as adjuvant treatment for high-risk, surgically resected&#xD;
             melanoma&#xD;
&#xD;
          -  Prior investigational melanoma-directed cancer vaccine therapy&#xD;
&#xD;
          -  Prior chemotherapy, including targeted therapy such as BRAF or MEK inhibition&#xD;
&#xD;
          -  Treatment with other investigational products within the last 2 months prior to entry&#xD;
             into this study&#xD;
&#xD;
          -  Previous bone marrow or stem cell transplant&#xD;
&#xD;
          -  Concomitant therapy with any anti-cancer agents, other investigational anti-cancer&#xD;
             therapies, or immunosuppressive agents; chronic use of systemic corticosteroids&#xD;
&#xD;
          -  Use of a non-oncology vaccine therapy for prevention of infectious diseases (up-to) 4&#xD;
             weeks prior to enrollment to the study. Patients may not receive any non-oncology&#xD;
             vaccine therapy during the period of NeoVax administration and until at least 8 weeks&#xD;
             after the last dose of study therapy&#xD;
&#xD;
          -  History of severe allergic reactions attributed to any vaccine therapy for the&#xD;
             prevention of infectious diseases&#xD;
&#xD;
          -  Mucosal melanoma and uveal melanoma are not allowed&#xD;
&#xD;
          -  Active, known, or suspected autoimmune disease or immunosuppressive conditions with&#xD;
             the exception of vitiligo, type 1 diabetes, residual autoimmune-related hypothyroidism&#xD;
             requiring hormone replacement, or psoriasis not requiring systemic treatment.&#xD;
&#xD;
          -  Concomitant treatment with corticosteroids greater than physiologic doses (used in the&#xD;
             management of cancer or non-cancer-related illnesses). Topical (if not including the&#xD;
             proposed vaccination sites) or inhalational steroids are allowed.&#xD;
&#xD;
          -  Known chronic infections with HIV, hepatitis B or C&#xD;
&#xD;
          -  Uncontrolled intercurrent illness including, but not limited to ongoing or active&#xD;
             infection, symptomatic congestive heart failure, unstable angina pectoris, cardiac&#xD;
             arrhythmia&#xD;
&#xD;
          -  Any underlying medical condition, psychiatric condition or social situation that in&#xD;
             the opinion of the investigator would compromise study administration as per protocol&#xD;
             or compromise the assessment of AEs.&#xD;
&#xD;
          -  Pregnant women are excluded from this study because personalized neoantigen peptides&#xD;
             and poly-ICLC are agents with unknown risks to the developing fetus. Because there is&#xD;
             an unknown but potential risk of adverse events in nursing infants secondary to&#xD;
             treatment of the mother with personalized neoantigen peptides and poly-ICLC, nursing&#xD;
             women are excluded from this study.&#xD;
&#xD;
          -  Individuals with a history of a different malignancy are ineligible except for the&#xD;
             following circumstances: Individuals with a history of other malignancies are eligible&#xD;
             if they have been disease-free for at least 5 years and are deemed by the investigator&#xD;
             to be at low risk for recurrence of that malignancy. Individuals with the following&#xD;
             cancers are eligible if diagnosed and treated within the past 5 years: cervical cancer&#xD;
             in situ and basal cell or squamous cell carcinoma of the skin&#xD;
      </textblock>
    </criteria>
    <gender>All</gender>
    <minimum_age>18 Years</minimum_age>
    <maximum_age>N/A</maximum_age>
    <healthy_volunteers>No</healthy_volunteers>
  </eligibility>
  <overall_official>
    <last_name>Patrick Ott, MD, PhD</last_name>
    <role>Principal Investigator</role>
    <affiliation>Dana-Farber Cancer Institute</affiliation>
  </overall_official>
  <location>
    <facility>
      <name>Brigham and Women's Hospital</name>
      <address>
        <city>Boston</city>
        <state>Massachusetts</state>
        <zip>02115</zip>
        <country>United States</country>
      </address>
    </facility>
  </location>
  <location>
    <facility>
      <name>Dana Farber Cancer Institute</name>
      <address>
        <city>Boston</city>
        <state>Massachusetts</state>
        <zip>02115</zip>
        <country>United States</country>
      </address>
    </facility>
  </location>
  <location_countries>
    <country>United States</country>
  </location_countries>
  <verification_date>December 2020</verification_date>
  <study_first_submitted>October 9, 2013</study_first_submitted>
  <study_first_submitted_qc>October 22, 2013</study_first_submitted_qc>
  <study_first_posted type="Estimate">October 28, 2013</study_first_posted>
  <last_update_submitted>December 7, 2020</last_update_submitted>
  <last_update_submitted_qc>December 7, 2020</last_update_submitted_qc>
  <last_update_posted type="Actual">December 9, 2020</last_update_posted>
  <responsible_party>
    <responsible_party_type>Sponsor-Investigator</responsible_party_type>
    <investigator_affiliation>Dana-Farber Cancer Institute</investigator_affiliation>
    <investigator_full_name>Patrick Ott, MD</investigator_full_name>
    <investigator_title>Principal Investigator</investigator_title>
  </responsible_party>
  <keyword>melanoma</keyword>
  <keyword>melanoma vaccine</keyword>
  <keyword>adjuvant therapy</keyword>
  <condition_browse>
    <!-- CAUTION:  The following MeSH terms are assigned with an imperfect algorithm            -->
    <mesh_term>Melanoma</mesh_term>
  </condition_browse>
  <intervention_browse>
    <!-- CAUTION:  The following MeSH terms are assigned with an imperfect algorithm            -->
    <mesh_term>Poly ICLC</mesh_term>
  </intervention_browse>
  <!-- Results have not yet been posted for this study                                          -->
</clinical_study>

