<?xml version="1.0" encoding="UTF-8"?>
<clinical_study rank="233">
  <!-- This xml conforms to an XML Schema at:
    https://clinicaltrials.gov/ct2/html/images/info/public.xsd -->
  <required_header>
    <download_date>ClinicalTrials.gov processed this data on February 06, 2024</download_date>
    <link_text>Link to the current ClinicalTrials.gov record.</link_text>
    <url>https://clinicaltrials.gov/ct2/show/NCT04309409</url>
  </required_header>
  <id_info>
    <org_study_id>CA209-7DL</org_study_id>
    <nct_id>NCT04309409</nct_id>
  </id_info>
  <brief_title>Adjuvant Nivolumab Treatment in Stage II (IIA, IIB, IIC) High-risk Melanoma</brief_title>
  <acronym>NivoMela</acronym>
  <official_title>Adjuvant Nivolumab Treatment in Stage II High-risk Melanoma - A Randomized, Controlled, Phase III Trial With Biomarker-based Risk Stratification</official_title>
  <sponsors>
    <lead_sponsor>
      <agency>University Hospital, Essen</agency>
      <agency_class>Other</agency_class>
    </lead_sponsor>
  </sponsors>
  <source>University Hospital, Essen</source>
  <oversight_info>
    <has_dmc>No</has_dmc>
    <is_fda_regulated_drug>No</is_fda_regulated_drug>
    <is_fda_regulated_device>No</is_fda_regulated_device>
  </oversight_info>
  <brief_summary>
    <textblock>
      Stage II patients with primary surgical treatment of cuMM are often at risk for recurrence of&#xD;
      their disease. This risk may be reduced by adjuvant systemic treatment. Due to toxicities of&#xD;
      adjuvant therapies the aim is to identify patients at high risk for relapse and to administer&#xD;
      adjuvant treatment only to these patients. Thus an optimal balance between insufficient&#xD;
      treatment vs. overtreatment has to be found.&#xD;
&#xD;
      To define these patients a prognostic biomarker test will be used in addition to conventional&#xD;
      AJCC staging. AJCC staging takes into account several prognostic factors. However, to&#xD;
      subdivide stage II melanoma patients into having a low or high risk for relapse further&#xD;
      methods are needed.&#xD;
&#xD;
      This clinical trial will evaluate whether adjuvant nivolumab treatment will improve&#xD;
      relapse-free survival (RFS) in patients with stage II high-risk melanoma as compared to&#xD;
      observation only. The randomized approach of this trial offers the most objective method with&#xD;
      the least influence of bias. Since patients with stage II melanoma are usually not receiving&#xD;
      adjuvant treatment, no patient will be undertreated in case of randomization into&#xD;
      observational arm.&#xD;
    </textblock>
  </brief_summary>
  <detailed_description>
    <textblock>
      The NivoMela trial is a randomized, controlled, prospective, multi-center national phase III&#xD;
      trial with biomarker-based risk stratification.&#xD;
&#xD;
      Stage II melanoma patients having undergone surgery of the malignant melanoma will be&#xD;
      screened using the MelaGenix GEP score to identify patients at high risk for relapse. It is&#xD;
      expected, that 61% of screened patients will belong to this group.&#xD;
&#xD;
      Patients with a risk score of &gt; 0.0 (HR 1.48, 1.11-1.98) corresponding to high risk of&#xD;
      relapse will be randomized at a ratio of 2:1 to receive either nivolumab as adjuvant&#xD;
      treatment (arm A) or observation only (arm B).&#xD;
&#xD;
      Stratification factors for randomization are:&#xD;
&#xD;
        1. Tumor stage: IIA versus IIB versus IIC&#xD;
&#xD;
        2. Gender: Female versus Male&#xD;
&#xD;
        3. Site of primary tumor: extremities versus trunk versus head &amp;neck&#xD;
&#xD;
      All screened patients with a risk score of ≤ 0.0 who are not eligible for randomization will&#xD;
      be followed for RFS, DMFS and OS for at least 5 years according to German Follow-up&#xD;
      guidelines (Arm C).&#xD;
&#xD;
      Various factors that could potentially predict clinical response and incidence of AEs to&#xD;
      treatment with nivolumab will be investigated in peripheral blood and tumor specimen taken at&#xD;
      baseline. Data from these investigations will be evaluated for associations with clinical&#xD;
      efficacy (eg, ORR, PFS, OS) and safety/toxicity (AE). The samples may also be used for&#xD;
      exploratory analyses to assess biomarkers associated with melanoma and/or with immunotherapy&#xD;
      treatment.&#xD;
    </textblock>
  </detailed_description>
  <overall_status>Active, not recruiting</overall_status>
  <start_date type="Actual">July 1, 2020</start_date>
  <completion_date type="Anticipated">January 2028</completion_date>
  <primary_completion_date type="Anticipated">September 2027</primary_completion_date>
  <phase>Phase 3</phase>
  <study_type>Interventional</study_type>
  <has_expanded_access>No</has_expanded_access>
  <study_design_info>
    <allocation>Randomized</allocation>
    <intervention_model>Parallel Assignment</intervention_model>
    <intervention_model_description>Patients with a risk score of &gt; 0.0 (HR 1.48, 1.11-1.98) corresponding to high risk of relapse will be randomized at a ratio of 2:1 to receive either nivolumab as adjuvant treatment (arm A) or observation only (arm B).&#xD;
All screened patients with a risk score of ≤ 0.0 who are not eligible for randomization will be followed for RFS, DMFS and OS for at least 5 years according to German Follow-up guidelines (Arm C).</intervention_model_description>
    <primary_purpose>Treatment</primary_purpose>
    <masking>None (Open Label)</masking>
  </study_design_info>
  <primary_outcome>
    <measure>Relapse-Free Survival (RFS) rates</measure>
    <time_frame>5 years</time_frame>
    <description>Determination of efficacy of nivolumab in a biomarker-selected high-risk-enriched stage II melanoma patient population in comparison to control receiving observation only in a 2 (Arm A=nivolumab) : 1 (Arm B=observation) randomization, as measured by Relapse-Free Survival (RFS) rates at 36 and 60 months.&#xD;
RFS is defined as the time from date of registration until documented tumor progression date or date of death of any cause, whichever occurs first in all patients tested with the MelaGenix gene expression profiling (GEP).</description>
  </primary_outcome>
  <secondary_outcome>
    <measure>Distant metastasis-free survival (DMFS) rates</measure>
    <time_frame>5 years</time_frame>
    <description>DMFS rates at 36 and 60 months</description>
  </secondary_outcome>
  <secondary_outcome>
    <measure>Melanoma-specific survival (MSS) rates</measure>
    <time_frame>5 years</time_frame>
    <description>MSS rates at 36 and 60 months</description>
  </secondary_outcome>
  <secondary_outcome>
    <measure>Overall survival (OS) rates</measure>
    <time_frame>5 years</time_frame>
    <description>OS rates at 36 and 60 months</description>
  </secondary_outcome>
  <secondary_outcome>
    <measure>Adverse events ≥ Grade 3 according to CTCAE Version 5.0 criteria (Safety / Toxicity)</measure>
    <time_frame>Arm A: Until 100 days after discontinuation of dosing of the investigational product; Arm B: Until 1 year after patient´s written consent</time_frame>
    <description>All adverse events ≥ Grade 3 according to CTCAE Version 5.0 criteria, that are definitely, probably, or possibly related to the administration of the investigational agent</description>
  </secondary_outcome>
  <secondary_outcome>
    <measure>Clinical utility/decision impact of the MelaGenix Gene Expression Profiling (GEP) Score in stratifying patients for adjuvant therapy</measure>
    <time_frame>5 years</time_frame>
    <description>Patients with a risk score of &gt; 0.0 (HR 1.48, 1.11-1.98) will be classified as high risk for relapse. It is expected, that 61% of screened patients will belong to this group.&#xD;
Patients with a risk score of score of ≤ 0.0 will be classified as low risk for relapse.</description>
  </secondary_outcome>
  <other_outcome>
    <measure>Treatment-free interval (TFI)</measure>
    <time_frame>5 years</time_frame>
    <description>Treatment-free interval (TFI) defined as the time from registration/randomization to the start of subsequent systemic therapy or the last known date alive (for those who never received subsequent cancer therapy).</description>
  </other_outcome>
  <other_outcome>
    <measure>Tumor mutational burden (TMB)</measure>
    <time_frame>5 years</time_frame>
  </other_outcome>
  <number_of_arms>3</number_of_arms>
  <enrollment type="Anticipated">374</enrollment>
  <condition>Malignant Melanoma Stage II</condition>
  <arm_group>
    <arm_group_label>Nivolumab (Arm A)</arm_group_label>
    <arm_group_type>Experimental</arm_group_type>
    <description>Patients with a risk score of &gt; 0.0 corresponding to high risk of relapse (randomized):&#xD;
Nivolumab will be applied at a flat dose of 480 mg given as 60-minute iv infusion every 4 weeks for 12 doses over 1 year. Afterwards these patients will receive intense clinical follow up according German Follow up guidelines.</description>
  </arm_group>
  <arm_group>
    <arm_group_label>Observation, High Risk (Arm B)</arm_group_label>
    <arm_group_type>No Intervention</arm_group_type>
    <description>Patients with a risk score of &gt; 0.0 corresponding to high risk of relapse (randomized):&#xD;
Control group (observation only). These patients will receive intense clinical follow up but no further specific therapy according German Follow up guidelines.</description>
  </arm_group>
  <arm_group>
    <arm_group_label>Observation, Low Risk (Arm C)</arm_group_label>
    <arm_group_type>No Intervention</arm_group_type>
    <description>Patients with a risk score of ≤ 0.0 corresponding to low risk of relapse who are not eligible for randomization:&#xD;
These patients will receive intense clinical follow up but no further specific therapy according German Follow up guidelines. Documentation of clinical outcome of these patients.</description>
  </arm_group>
  <intervention>
    <intervention_type>Drug</intervention_type>
    <intervention_name>Nivolumab</intervention_name>
    <description>480 mg nivolumab fixed dose given as 60-minute iv infusion every 4 weeks for 12 doses over 1 year</description>
    <arm_group_label>Nivolumab (Arm A)</arm_group_label>
    <other_name>Opdivo</other_name>
  </intervention>
  <eligibility>
    <criteria>
      <textblock>
        Inclusion Criteria:&#xD;
&#xD;
          1. Histologically confirmed diagnosis of stage II (AJCCv8) melanoma arising from a&#xD;
             primary cutaneous site after surgery therapy&#xD;
&#xD;
          2. Sentinel node biopsy (SNB) without detection of melanoma deposits&#xD;
&#xD;
          3. Randomization not later than 12 weeks after SNB procedure&#xD;
&#xD;
          4. Tumor tissue from primary tumor must be provided for biomarker analyses. In order to&#xD;
             be randomized, a subject must be classified by MelaGenix risk analysis.&#xD;
&#xD;
          5. Men and women at the age of 18 to 80 years&#xD;
&#xD;
          6. Signed written, informed consent&#xD;
&#xD;
          7. Patients must be willing and able to comply with scheduled visits, treatment schedule,&#xD;
             laboratory testing, and other requirements of the study&#xD;
&#xD;
          8. Minimum life expectancy of five years excluding their melanoma diagnosis&#xD;
&#xD;
          9. ECOG performance status of 0-1&#xD;
&#xD;
         10. Screening laboratory values must meet the following criteria and should be obtained&#xD;
             within 14 days prior to randomization:&#xD;
&#xD;
               -  White blood cells (WBC) ≥ 2000/μL&#xD;
&#xD;
               -  Neutrophils ≥ 1500/μL&#xD;
&#xD;
               -  Platelets ≥ 100 x103/μL&#xD;
&#xD;
               -  Hemoglobin ≥ 9.0 g/dL&#xD;
&#xD;
               -  Serum creatinine ≤ 1.5xUL&#xD;
&#xD;
               -  Creatinine clearance (CrCl) ≥ 40mL/min (using the Cockcroft-Gault formula)&#xD;
&#xD;
               -  AST / ALT ≤ 3 x ULN&#xD;
&#xD;
               -  Total Bilirubin ≤ 1.5 x ULN (except subjects with Gilbert Syndrome, who may have&#xD;
                  total bilirubin &lt; 3.0 mg/dL)&#xD;
&#xD;
         11. Negative serum or urine pregnancy test (minimum sensitivity 25 IU/L or equivalent&#xD;
             units of HCG) for women of childbearing potential (WOCBP) within 72 hours prior to&#xD;
             registration.&#xD;
&#xD;
             Women will be considered to be of childbearing potential unless surgically sterilized&#xD;
             (hysterectomy, bilateral tubal ligation, or bilateral oophorectomy), or being&#xD;
             post-menopausal for at least 24 months or being amenorrheic for &gt; 12 months and&#xD;
             follicle-stimulating hormone (FSH) levels ≥ 40 IU/L.&#xD;
&#xD;
         12. WOCBP and male patients with partners of childbearing potential must agree to always&#xD;
             use a highly effective form of contraception according to CTFG during the course of&#xD;
             this study and for at least 5 months after last dose of study medication (in Arm A&#xD;
             only).&#xD;
&#xD;
        Exclusion Criteria:&#xD;
&#xD;
          1. History of primary uveal or mucosal melanoma&#xD;
&#xD;
          2. No access to sufficient tumor tissue of primary tumor&#xD;
&#xD;
          3. SNB procedure &gt; 12 weeks before randomization&#xD;
&#xD;
          4. Prior active malignancy within the previous 3 years except for locally curable cancers&#xD;
             that have been apparently cured, such as: basal or squamous cell skin cancer,&#xD;
             superficial bladder cancer or carcinoma in situ of the prostate, cervix, or breast.&#xD;
             Exception: Participants with a history of non-ulcerated cutaneous/acral primary&#xD;
             melanoma &lt;1 mm in depth with no nodal involvement are allowed in this trial.&#xD;
&#xD;
          5. Prior or planned therapy with Interferon alpha, CTLA4 or PD-1 / PD L1 antibodies&#xD;
&#xD;
          6. Use of any investigational or non-registered product (drug or vaccine) other than the&#xD;
             study treatment&#xD;
&#xD;
          7. Administration of live vaccines within 4 weeks before start of study therapy&#xD;
&#xD;
          8. Any immunosuppressive therapy given within the past 30 days&#xD;
&#xD;
          9. Active psychiatric or addictive disorders that may compromise his/her ability to give&#xD;
             informed consent or to comply with the trial procedures&#xD;
&#xD;
         10. Active immune deficiencies or significant autoimmune disease&#xD;
&#xD;
         11. Serious cardiac, gastrointestinal, hepatic or pulmonary disease which would reduce&#xD;
             life expectancy to less than five years&#xD;
&#xD;
         12. Serious intercurrent illness, requiring hospitalization&#xD;
&#xD;
         13. Other serious illnesses, e.g., serious infections requiring antibiotics or bleeding&#xD;
             disorders&#xD;
&#xD;
         14. The patient is known to be positive for Human Immunodeficiency Virus (HIV) or other&#xD;
             active chronic infections (HBV, HCV) or has another confirmed or suspected&#xD;
             immunosuppressive or immunodeficient condition&#xD;
&#xD;
         15. Any serious or uncontrolled medical disorder that, in the opinion of the investigator,&#xD;
             may increase the risk associated with study participation or study drug&#xD;
             administration, impair the ability of the subject to receive protocol therapy, or&#xD;
             interfere with the interpretation of study results.&#xD;
&#xD;
         16. Hypersensitivity to the active substance or to any of the excipients&#xD;
&#xD;
         17. Participation in another clinical study within the 30 days before registration&#xD;
&#xD;
         18. For female patients: Pregnancy or breast-feeding&#xD;
&#xD;
         19. For WOCBP and male patients with partners of childbearing potential: Refusal or&#xD;
             inability to use effective means of contraception&#xD;
&#xD;
         20. Lack of availability for clinical follow-up assessments&#xD;
&#xD;
         21. Legal incapacity or limited legal capacity&#xD;
      </textblock>
    </criteria>
    <gender>All</gender>
    <minimum_age>18 Years</minimum_age>
    <maximum_age>80 Years</maximum_age>
    <healthy_volunteers>No</healthy_volunteers>
  </eligibility>
  <overall_official>
    <last_name>Dirk Schadendorf, Prof. Dr.</last_name>
    <role>Principal Investigator</role>
    <affiliation>University Hospital, Essen</affiliation>
  </overall_official>
  <location>
    <facility>
      <name>Universitätsklinikum Würzburg - Klinik für Dermatologie, Venerologie und Allergologie</name>
      <address>
        <city>Würzburg</city>
        <state>Bayern</state>
        <zip>97080</zip>
        <country>Germany</country>
      </address>
    </facility>
  </location>
  <location>
    <facility>
      <name>Universitätsmedizin Rostock -Klinik und Poliklinik für Dermatologie und Venerologie</name>
      <address>
        <city>Rostock</city>
        <state>Mecklenburg-Vorpommern</state>
        <zip>18057</zip>
        <country>Germany</country>
      </address>
    </facility>
  </location>
  <location>
    <facility>
      <name>Universitätsklinikum Augsburg, Campus Süd</name>
      <address>
        <city>Augsburg</city>
        <zip>86179</zip>
        <country>Germany</country>
      </address>
    </facility>
  </location>
  <location>
    <facility>
      <name>St. Josef-Hospital - Dermatologische Studienambulanz</name>
      <address>
        <city>Bochum</city>
        <zip>44791</zip>
        <country>Germany</country>
      </address>
    </facility>
  </location>
  <location>
    <facility>
      <name>Klinikum Dortmund gGmbH - Dermatologie</name>
      <address>
        <city>Dortmund</city>
        <zip>44137</zip>
        <country>Germany</country>
      </address>
    </facility>
  </location>
  <location>
    <facility>
      <name>Universitätsklinik Carl Gustav Carus der Technischen Universität Dresden - Klinik und Poliklinik für Dermatologie</name>
      <address>
        <city>Dresden</city>
        <zip>01307</zip>
        <country>Germany</country>
      </address>
    </facility>
  </location>
  <location>
    <facility>
      <name>HELIOS Klinikum Erfurt</name>
      <address>
        <city>Erfurt</city>
        <zip>99089</zip>
        <country>Germany</country>
      </address>
    </facility>
  </location>
  <location>
    <facility>
      <name>University Hospital Essen, Department of Dermatology, Skin Cancer Center</name>
      <address>
        <city>Essen</city>
        <zip>45122</zip>
        <country>Germany</country>
      </address>
    </facility>
  </location>
  <location>
    <facility>
      <name>Universitätsklinikum Freiburg - Klinik für Dermatologie und Venerologie</name>
      <address>
        <city>Freiburg</city>
        <zip>79106</zip>
        <country>Germany</country>
      </address>
    </facility>
  </location>
  <location>
    <facility>
      <name>Universitätsklinikum Gießen und Marburg GmbH - Klinik für Dermatologie und Allergologie</name>
      <address>
        <city>Gießen</city>
        <zip>35392</zip>
        <country>Germany</country>
      </address>
    </facility>
  </location>
  <location>
    <facility>
      <name>Universitätsklinikum Hamburg-Eppendorf - Hauttumorzentrum</name>
      <address>
        <city>Hamburg</city>
        <zip>20246</zip>
        <country>Germany</country>
      </address>
    </facility>
  </location>
  <location>
    <facility>
      <name>Universitätsklinikum Schleswig-Holstein, Campus Kiel - Dermatologie</name>
      <address>
        <city>Kiel</city>
        <zip>24105</zip>
        <country>Germany</country>
      </address>
    </facility>
  </location>
  <location>
    <facility>
      <name>Universitätsklinikum Leipzig - Klinik u. Poliklinik f. Dermatologie, Venerologie u. Allergologie</name>
      <address>
        <city>Leipzig</city>
        <zip>04103</zip>
        <country>Germany</country>
      </address>
    </facility>
  </location>
  <location>
    <facility>
      <name>Universitätsklinikum Mannheim - Klinik f. Dermatologie, Venerologie u. Allergologie</name>
      <address>
        <city>Mannheim</city>
        <zip>68167</zip>
        <country>Germany</country>
      </address>
    </facility>
  </location>
  <location>
    <facility>
      <name>Klinikum der Universität München - Klinik und Poliklinik für Dermatologie und Allergologie</name>
      <address>
        <city>München</city>
        <zip>80337</zip>
        <country>Germany</country>
      </address>
    </facility>
  </location>
  <location>
    <facility>
      <name>Universitätsklinikum Münster - Zentrale Studienkoordination für innovative Dermatologie (ZID)</name>
      <address>
        <city>Münster</city>
        <zip>48149</zip>
        <country>Germany</country>
      </address>
    </facility>
  </location>
  <location>
    <facility>
      <name>Fachklinik Hornheide - Internistische Onkologie</name>
      <address>
        <city>Münster</city>
        <zip>48157</zip>
        <country>Germany</country>
      </address>
    </facility>
  </location>
  <location>
    <facility>
      <name>Klinikum Nürnberg Nord - Hautklinik</name>
      <address>
        <city>Nürnberg</city>
        <zip>90419</zip>
        <country>Germany</country>
      </address>
    </facility>
  </location>
  <location>
    <facility>
      <name>Harzklinikum Dorothea Christiane Erxleben - Klinik für Dermatologie &amp; Allergologie</name>
      <address>
        <city>Quedlinburg</city>
        <zip>06484</zip>
        <country>Germany</country>
      </address>
    </facility>
  </location>
  <location>
    <facility>
      <name>Universitätsklinikum Tübingen - Dermatoonkologie</name>
      <address>
        <city>Tübingen</city>
        <zip>72076</zip>
        <country>Germany</country>
      </address>
    </facility>
  </location>
  <location_countries>
    <country>Germany</country>
  </location_countries>
  <verification_date>November 2022</verification_date>
  <study_first_submitted>March 12, 2020</study_first_submitted>
  <study_first_submitted_qc>March 12, 2020</study_first_submitted_qc>
  <study_first_posted type="Actual">March 16, 2020</study_first_posted>
  <last_update_submitted>November 1, 2022</last_update_submitted>
  <last_update_submitted_qc>November 1, 2022</last_update_submitted_qc>
  <last_update_posted type="Actual">November 2, 2022</last_update_posted>
  <responsible_party>
    <responsible_party_type>Principal Investigator</responsible_party_type>
    <investigator_affiliation>University Hospital, Essen</investigator_affiliation>
    <investigator_full_name>Prof. Dr. med. Dirk Schadendorf</investigator_full_name>
    <investigator_title>Director of the Department of Dermatology and the West German Tumour Centre at the University Hospital</investigator_title>
  </responsible_party>
  <keyword>Stage II malignant melanoma</keyword>
  <keyword>patients having undergone surgery</keyword>
  <keyword>IIA melanoma</keyword>
  <keyword>IIB melanoma</keyword>
  <keyword>IIC melanoma</keyword>
  <condition_browse>
    <!-- CAUTION:  The following MeSH terms are assigned with an imperfect algorithm            -->
    <mesh_term>Melanoma</mesh_term>
  </condition_browse>
  <intervention_browse>
    <!-- CAUTION:  The following MeSH terms are assigned with an imperfect algorithm            -->
    <mesh_term>Nivolumab</mesh_term>
  </intervention_browse>
  <patient_data>
    <sharing_ipd>No</sharing_ipd>
  </patient_data>
  <!-- Results have not yet been posted for this study                                          -->
</clinical_study>

