<?xml version="1.0" encoding="UTF-8"?>
<clinical_study rank="164">
  <!-- This xml conforms to an XML Schema at:
    https://clinicaltrials.gov/ct2/html/images/info/public.xsd -->
  <required_header>
    <download_date>ClinicalTrials.gov processed this data on February 06, 2024</download_date>
    <link_text>Link to the current ClinicalTrials.gov record.</link_text>
    <url>https://clinicaltrials.gov/ct2/show/NCT00924001</url>
  </required_header>
  <id_info>
    <org_study_id>070210</org_study_id>
    <secondary_id>07-C-0210</secondary_id>
    <nct_id>NCT00924001</nct_id>
    <nct_alias>NCT00537069</nct_alias>
  </id_info>
  <brief_title>Chemotherapy Followed by Infusion of DMF5 Cells to Treat Metastatic Melanoma</brief_title>
  <official_title>Phase I/II Study Using a Non-Myeloablative Lymphocyte Depleting Regimen of Chemotherapy Followed by Infusion of Allogeneic Tumor-Reactive Lymphocyte Cell Line DMF5 in Metastatic Melanoma</official_title>
  <sponsors>
    <lead_sponsor>
      <agency>National Cancer Institute (NCI)</agency>
      <agency_class>NIH</agency_class>
    </lead_sponsor>
  </sponsors>
  <source>National Institutes of Health Clinical Center (CC)</source>
  <oversight_info>
    <has_dmc>Yes</has_dmc>
  </oversight_info>
  <brief_summary>
    <textblock>
      Background:&#xD;
&#xD;
        -  This study will use cells called DMF5 to treat patients with metastatic melanoma&#xD;
           (melanoma that has spread beyond the primary tumor site).&#xD;
&#xD;
        -  The DMF5 cells were first obtained from a tumor of a patient with melanoma with HLA-A201&#xD;
           tissue type. The tumor cells were grown in the laboratory, and when the laboratory-grown&#xD;
           cells were given back to the patient, the patient's tumors shrank dramatically. In&#xD;
           laboratory tests, DMF5 cells were also shown to shrink mouse melanoma tumors.&#xD;
&#xD;
      Objectives:&#xD;
&#xD;
      -To determine whether preparatory chemotherapy followed by infusion of DMF5 cells is a safe&#xD;
      and effective for shrinking melanoma tumors.&#xD;
&#xD;
      Eligibility:&#xD;
&#xD;
      -Patients with metastatic melanoma and tissue type HLA-A201 who are 18 years of age or older.&#xD;
&#xD;
      Design:&#xD;
&#xD;
        -  Patients have a preparatory regimen of chemotherapy with cyclophosphamide and&#xD;
           fludarabine followed by infusion of DMF5 cells and then high-dose interleukin. The&#xD;
           chemotherapy, interleukin and cells are given intravenously (through a vein).&#xD;
&#xD;
        -  Patients have frequent blood tests to look for the side effects and response to&#xD;
           treatment.&#xD;
&#xD;
        -  Patients may be asked to have a tumor biopsy (surgical removal of a small piece of tumor&#xD;
           tissue) to examine the effects of treatment on the immune cells in the tumor.&#xD;
&#xD;
        -  Patients have a physical examination, computed tomography (CT) of the chest, abdomen and&#xD;
           pelvis and laboratory tests 4 to 6 weeks after treatment and then monthly to evaluate&#xD;
           the tumor.&#xD;
&#xD;
        -  The first group of patients participates in the Phase I portion of the study, called the&#xD;
           dose escalation phase. This phase will determine the highest safe dose of DMF5 cells.&#xD;
           There will be three dose levels of DMF5 cells, with the first patients enrolled getting&#xD;
           the smallest dose and then increasing the dose when the preceding level has been shown&#xD;
           to be safe.&#xD;
&#xD;
        -  Patients in the Phase II portion of the study receive DMF5 cells at the highest dose&#xD;
           found to be safe in Phase I, to test the effectiveness of the treatment.&#xD;
    </textblock>
  </brief_summary>
  <detailed_description>
    <textblock>
      Background:&#xD;
&#xD;
      In previous trials in the Surgery Branch, a 51 percent objective response rate has been&#xD;
      observed in heavily pre-treated patients with metastatic melanoma undergoing adoptive cell&#xD;
      transfer therapy utilizing a non-myeloablative preparative regimen followed by administration&#xD;
      of autologous tumor-reactive lymphocytes and subsequent treatment with high-dose aldesleukin.&#xD;
&#xD;
      However, in patients with metastatic melanoma undergoing metastasectomy, recovery of adequate&#xD;
      numbers of tumor specific T lymphocytes from surgical specimens is possible in approximately&#xD;
      half of all patients, thus limiting the application of adoptive cell transfer therapy.&#xD;
&#xD;
      Murine models performed in the Surgery Branch have demonstrated solid tumor regression in&#xD;
      mice treated with allogeneic tumor specific T cells combined with a preinfusion&#xD;
      lymphodepleting regimen.&#xD;
&#xD;
      We have identified a tumor specific lymphocyte cell line (DMF5) used previously in an&#xD;
      autologous adoptive cell transfer protocol that was associated with an objective clinical&#xD;
      response in that patient.&#xD;
&#xD;
      In subsequent preclinical testing of this lymphocyte population, we have demonstrated high&#xD;
      specificity against HLA-A 0201 positive melanoma cell lines as well as the common shared&#xD;
      melanocyte differentiation antigen MART-1:27-35. We have expanded this lymphocyte population&#xD;
      to provide up to 30 individual allogeneic cell transfers to HLAA 0201 positive patients with&#xD;
      metastatic melanoma.&#xD;
&#xD;
      In this trial we want to test our hypothesis that objective tumor regression can be achieved&#xD;
      with the DMF5 allogeneic T-cell product using a non-myeloablative regimen followed by cell&#xD;
      transfer and high-dose aldesleukin.&#xD;
&#xD;
      It should be emphasized that this protocol is designed to test whether highly melanoma&#xD;
      reactive allogeneic lymphocytes can mediate cancer regression. The DMF5 cell line is a&#xD;
      limited reagent only available for the treatment of up to 30 patients. However, if this&#xD;
      treatment results in cancer regression, it will represent an important step in our&#xD;
      development of an allogeneic T-cell receptor engineered universal effector cell line for the&#xD;
      treatment of patients with cancer.&#xD;
&#xD;
      Objectives:&#xD;
&#xD;
      To evaluate the safety of the administration of the DMF5 allogeneic T-cell product in&#xD;
      patients receiving the non- myeloablative conditioning regimen, and aldesleukin.&#xD;
&#xD;
      To determine whether this allogeneic tumor-specific lymphocyte cell line, hereafter referred&#xD;
      to as DMF5, infused in conjunction with the administration of high-dose aldesleukin may&#xD;
      result in objective clinical tumor regression in eligible HLA-A 0201 positive patients with&#xD;
      metastatic melanoma receiving a non-myeloablative lymphoid depleting preparative regimen.&#xD;
&#xD;
      To determine the in vivo survival of the infused cells following the non-myeloablative&#xD;
      regimen, via analysis of the sequence of the variable region of the T cell receptor or flow&#xD;
      cytometry (FACS).&#xD;
&#xD;
      Eligibility:&#xD;
&#xD;
      Patients with metastatic melanoma who are greater than or equal to 18 years of age, HLA-A&#xD;
      0201 positive, do not have suitable autologous tumor reactive TIL cells available, and are&#xD;
      able to tolerate high-dose aldesleukin.&#xD;
&#xD;
      Design:&#xD;
&#xD;
      Patients will receive a non-myeloablative lymphocyte depleting preparative regiment&#xD;
      consisting of cyclophosphamide (60 mg/kg/day times 2 days intravenous (IV)) and fludarabine&#xD;
      (25 mg/m2/day IV times 5 days).&#xD;
&#xD;
      Patients will receive intravenous adoptive transfer of the tumor reactive lymphocyte cell&#xD;
      line DMF5 (after its expansion in interleukin-2 and OKT3) followed by high-dose intravenous&#xD;
      (IV) aldesleukin (720,000 IU/kg/dose every 8 hours for up to 15 doses).&#xD;
&#xD;
      Patients will undergo complete evaluation of tumor with physical examination, CT of the&#xD;
      chest, abdomen, and pelvis and clinical laboratory evaluation four to six weeks after&#xD;
      treatment and then monthly for approximately 3 to 4 months or until off study criteria are&#xD;
      met. The study will be conducted using a Phase I/II optimal design. The protocol will proceed&#xD;
      in a phase 1 dose escalation design, with three cohorts. Should a single patient experience a&#xD;
      dose limiting toxicity at a particular dose level, three more patients would be treated at&#xD;
      that dose to confirm that no greater than 1/6 patients have a DLT prior to proceeding to the&#xD;
      next higher level. If a level with 2 or more DLTs in 3-6 patients has been identified, three&#xD;
      additional patients will be accrued at the next lowest dose, for a total of 6, in order to&#xD;
      further characterize the safety of the maximum tolerated dose prior to starting the phase II&#xD;
      portion. If a dose limiting toxicity occurs in the first cohort, that cohort will be expanded&#xD;
      to 6 patients. If 2 DLTs are encountered in this cohort, the study will be terminated.&#xD;
&#xD;
      Once the MTD has been determined, the study then would proceed to the phase II portion, and&#xD;
      initially, 9 total patients will be administered the therapy at the maximum tolerated dose.&#xD;
      The plan will utilize a Simon two-stage optimal phase II design. If 0 of the 9 patients&#xD;
      experiences a clinical response, then no further patients will be enrolled but if 1 or more&#xD;
      of the first 9 evaluable patients enrolled have a clinical response, then accrual will&#xD;
      continue until a total of 30 evaluable patients have been enrolled.&#xD;
&#xD;
      This design has the ability to distinguish a 5% response rate (p0=0.05) from a 25% response&#xD;
      rate (p1=0.25), with 10% probability of falsely &quot;accepting&quot; the DMF5 cell therapy approach&#xD;
      (alpha=0.10), and 10% probability of incorrectly discarding this strategy as if it were&#xD;
      unacceptably poor (beta=0.10). This design also has 63% probability of stopping early (at 9&#xD;
      patients) if the true response rate is 5%.&#xD;
    </textblock>
  </detailed_description>
  <overall_status>Terminated</overall_status>
  <why_stopped>
    study was stopped due to low accrual&#xD;
  </why_stopped>
  <start_date>August 2007</start_date>
  <completion_date type="Actual">October 2010</completion_date>
  <primary_completion_date type="Actual">October 2010</primary_completion_date>
  <phase>Phase 1/Phase 2</phase>
  <study_type>Interventional</study_type>
  <has_expanded_access>No</has_expanded_access>
  <study_design_info>
    <allocation>N/A</allocation>
    <intervention_model>Single Group Assignment</intervention_model>
    <primary_purpose>Treatment</primary_purpose>
    <masking>None (Open Label)</masking>
  </study_design_info>
  <primary_outcome>
    <measure>Number of Participants With an Objective Clinical Tumor Regression Response According to RECIST Criteria</measure>
    <time_frame>44 days</time_frame>
    <description>Response is determined by the Response Evaluation Criteria in Solid Tumors (RECIST). Complete response (CR) is the disappearance of all target lesions, partial response (PR) is at least a 30% decrease in the target lesions, progression (PD) is at least a 20% increase in the target lesions or appearance of one or more new lesions, and stable disease is neither sufficient shrinkage to qualify for PR nor sufficient increase to qualify for PD.</description>
  </primary_outcome>
  <primary_outcome>
    <measure>Number of Participants With Adverse Events</measure>
    <time_frame>44 days</time_frame>
    <description>Here are the number of participants with adverse events. For a detailed list of adverse events see the adverse event module.</description>
  </primary_outcome>
  <secondary_outcome>
    <measure>Number of Participiants With In-vivo Survival of Infused Cells</measure>
    <time_frame>44 days</time_frame>
    <description>In-vivo survival of infused cells is determined by analysis of the sequence of the variable region of the T cell receptor or flow cytometry (FACS).</description>
  </secondary_outcome>
  <number_of_arms>1</number_of_arms>
  <enrollment type="Actual">1</enrollment>
  <condition>Melanoma</condition>
  <condition>Malignant Melanoma</condition>
  <condition>Melanoma, Experimental</condition>
  <arm_group>
    <arm_group_label>Metastatic Melanoma</arm_group_label>
    <arm_group_type>Experimental</arm_group_type>
    <description>Melanoma that has invaded deep into the skin, lymph nodes, or other parts of the body.</description>
  </arm_group>
  <intervention>
    <intervention_type>Drug</intervention_type>
    <intervention_name>DMF5 Melanoma Reactive TIL</intervention_name>
    <description>given intravenously over 20-30 minutes (between 1 x 10^9 and 1 x 10^11 lymphocytes) after expansion in interleukin-2 and OKT-3</description>
    <arm_group_label>Metastatic Melanoma</arm_group_label>
  </intervention>
  <intervention>
    <intervention_type>Drug</intervention_type>
    <intervention_name>Cyclophosphamide</intervention_name>
    <description>60 mg/kg/day x 2 days intravenously</description>
    <arm_group_label>Metastatic Melanoma</arm_group_label>
    <other_name>Cytoxan</other_name>
    <other_name>Endoxan</other_name>
    <other_name>Neosar</other_name>
    <other_name>Procytox</other_name>
    <other_name>Revimmune</other_name>
  </intervention>
  <intervention>
    <intervention_type>Drug</intervention_type>
    <intervention_name>Fludarabine</intervention_name>
    <description>25 mg/m^2/day intravenously x 5 days</description>
    <arm_group_label>Metastatic Melanoma</arm_group_label>
    <other_name>Fludara</other_name>
  </intervention>
  <intervention>
    <intervention_type>Drug</intervention_type>
    <intervention_name>Aldesleukin</intervention_name>
    <description>720,000 IU/kg/dose intravenously every 8 hours for up to 15 doses</description>
    <arm_group_label>Metastatic Melanoma</arm_group_label>
    <other_name>Proleukin</other_name>
  </intervention>
  <eligibility>
    <criteria>
      <textblock>
        -INCLUSION CRITERIA:&#xD;
&#xD;
          1. Measurable metastatic melanoma that is refractory to standard treatment including high&#xD;
             dose aldesleukin.&#xD;
&#xD;
          2. Unsuitable autologous cells for Institutional Review Board (IRB) approved Surgery&#xD;
             Branch adoptive cell therapy studies.&#xD;
&#xD;
          3. Greater than or equal to 18 years of age.&#xD;
&#xD;
          4. Life expectancy of greater than three months.&#xD;
&#xD;
          5. Willing to sign a durable power of attorney.&#xD;
&#xD;
          6. Able to understand and sign the Informed Consent Document.&#xD;
&#xD;
          7. Human leukocyte antigen A (HLA-A) 0201 positive.&#xD;
&#xD;
          8. Willing to practice birth control during treatment and for four months after receiving&#xD;
             the preparative regimen.&#xD;
&#xD;
          9. Clinical performance status of Eastern Cooperative Oncology Group (ECOG) 0 or 1.&#xD;
&#xD;
         10. Hematology:&#xD;
&#xD;
               -  Absolute neutrophil count greater than 1000/mm^3 without support of filgrastim.&#xD;
&#xD;
               -  WBC greater than 3000/mm^3.&#xD;
&#xD;
               -  Hemoglobin greater than 8.0 g/dl.&#xD;
&#xD;
               -  Platelet count greater than 100,000/mm^3.&#xD;
&#xD;
         11. Serology:&#xD;
&#xD;
               -  Seronegative for human immunodeficiency virus (HIV) antibody. (The experimental&#xD;
                  treatment being evaluated in this protocol depends on an intact immune system.&#xD;
                  Patients who are HIV seropositive can have decreased immune - competence and thus&#xD;
                  be less responsive to the experimental treatment and more susceptible to its&#xD;
                  toxicities.)&#xD;
&#xD;
               -  Seronegative for hepatitis B antigen and hepatitis C antibody unless antigen&#xD;
                  negative.&#xD;
&#xD;
         12. Chemistry:&#xD;
&#xD;
               -  Serum alanine aminotransferase (ALT)/aspartate aminotransferase (AST) less than&#xD;
                  three times the upper limit of normal.&#xD;
&#xD;
               -  Serum creatinine less than or equal to 1.6 mg/dl.&#xD;
&#xD;
               -  Total bilirubin less than or equal to 2.0 mg/dl, except in patients with&#xD;
                  Gilbert's Syndrome who must have a total bilirubin less than 3.0 mg/dl.&#xD;
&#xD;
         13. More than four weeks must have elapsed since any prior systemic therapy at the time&#xD;
             the patient receives the preparative regimen, and patients' toxicities must have&#xD;
             recovered to a grade 1 or less (except for toxicities such as alopecia or vitiligo).&#xD;
&#xD;
         14. Six weeks must have elapsed since prior Ipilimumab (MDX-010) therapy to allow antibody&#xD;
             levels to decline.&#xD;
&#xD;
         15. Patients who have previously received MDX-010 must have a normal colonoscopy with&#xD;
             normal colonic biopsies.&#xD;
&#xD;
        EXCLUSION CRITERIA:&#xD;
&#xD;
          1. Women of child-bearing potential who are pregnant or breastfeeding because of the&#xD;
             potentially dangerous effects of the preparative chemotherapy on the fetus or infant.&#xD;
&#xD;
          2. Active systemic infections, coagulation disorders or other major medical illnesses of&#xD;
             the cardiovascular, respiratory or immune system, myocardial infarction, cardiac&#xD;
             arrhythmias, obstructive or restrictive pulmonary disease.&#xD;
&#xD;
          3. Any form of primary immunodeficiency (such as Severe Combined Immunodeficiency&#xD;
             Disease).&#xD;
&#xD;
          4. Opportunistic infections (The experimental treatment being evaluated in his protocol&#xD;
             depends on an intact immune system. Patients who have decreased immune competence may&#xD;
             be less responsive to the experimental treatment and more susceptible to its&#xD;
             toxicities.)&#xD;
&#xD;
          5. Symptomatic central nervous system (CNS) lesions (Patients maybe eligible after&#xD;
             treatment of their symptomatic lesions.)&#xD;
&#xD;
          6. Systemic steroid therapy.&#xD;
&#xD;
          7. History of severe immediate hypersensitivity reaction to any of the agents used in&#xD;
             this study.&#xD;
&#xD;
          8. History of coronary revascularization or ischemic symptoms.&#xD;
&#xD;
          9. Patients with a prolonged (greater than 20 pk/yrs) history of cigarette smoking or&#xD;
             symptoms of respiratory dysfunction with pulmonary function tests (PFT's) indicating&#xD;
             an forced expiratory volume (FEV1) less than 60 percent predicted for age.&#xD;
&#xD;
         10. Patients with a history of clinically significant atrial and/or ventricular&#xD;
             arrhythmias including but not limited to: atrial fibrillation, ventricular&#xD;
             tachycardia, heart block or greater than or equal to age 60 with an left ventricular&#xD;
             ejection fraction (LVEF) of less than 45 percent on cardiac evaluation&#xD;
             (echocardiogram, multi-gated acquisition scan (MUGA), etc.) will be excluded.&#xD;
&#xD;
         11. Positive allo-specific reactivity of the DMF5 cells to the patient's peripheral blood&#xD;
             mononuclear cells (PBMC).&#xD;
&#xD;
         12. Documented penicillin allergy.&#xD;
      </textblock>
    </criteria>
    <gender>All</gender>
    <minimum_age>18 Years</minimum_age>
    <maximum_age>N/A</maximum_age>
    <healthy_volunteers>No</healthy_volunteers>
  </eligibility>
  <overall_official>
    <last_name>Steven Rosenberg, M.D.</last_name>
    <role>Principal Investigator</role>
    <affiliation>National Cancer Institute, National Institutes of Health</affiliation>
  </overall_official>
  <location>
    <facility>
      <name>National Institutes of Health Clinical Center, 9000 Rockville Pike</name>
      <address>
        <city>Bethesda</city>
        <state>Maryland</state>
        <zip>20892</zip>
        <country>United States</country>
      </address>
    </facility>
  </location>
  <location_countries>
    <country>United States</country>
  </location_countries>
  <reference>
    <citation>Mills CD, North RJ. Expression of passively transferred immunity against an established tumor depends on generation of cytolytic T cells in recipient. Inhibition by suppressor T cells. J Exp Med. 1983 May 1;157(5):1448-60. doi: 10.1084/jem.157.5.1448.</citation>
    <PMID>6189937</PMID>
  </reference>
  <reference>
    <citation>Fernandez-Cruz E, Woda BA, Feldman JD. Elimination of syngeneic sarcomas in rats by a subset of T lymphocytes. J Exp Med. 1980 Oct 1;152(4):823-41. doi: 10.1084/jem.152.4.823.</citation>
    <PMID>6968337</PMID>
  </reference>
  <reference>
    <citation>Greenberg PD, Kern DE, Cheever MA. Therapy of disseminated murine leukemia with cyclophosphamide and immune Lyt-1+,2- T cells. Tumor eradication does not require participation of cytotoxic T cells. J Exp Med. 1985 May 1;161(5):1122-34. doi: 10.1084/jem.161.5.1122.</citation>
    <PMID>3921652</PMID>
  </reference>
  <verification_date>October 2012</verification_date>
  <study_first_submitted>June 17, 2009</study_first_submitted>
  <study_first_submitted_qc>June 17, 2009</study_first_submitted_qc>
  <study_first_posted type="Estimate">June 18, 2009</study_first_posted>
  <results_first_submitted>December 22, 2011</results_first_submitted>
  <results_first_submitted_qc>May 7, 2012</results_first_submitted_qc>
  <results_first_posted type="Estimate">June 7, 2012</results_first_posted>
  <last_update_submitted>October 18, 2012</last_update_submitted>
  <last_update_submitted_qc>October 18, 2012</last_update_submitted_qc>
  <last_update_posted type="Estimate">October 25, 2012</last_update_posted>
  <responsible_party>
    <name_title>Steven A. Rosenberg, M.D./National Cancer Institute</name_title>
    <organization>National Institutes of Health</organization>
  </responsible_party>
  <keyword>Clinical Response</keyword>
  <keyword>Immunotherapy</keyword>
  <keyword>Cancer</keyword>
  <keyword>Cytokines</keyword>
  <keyword>Adoptive Cell Therapy</keyword>
  <keyword>Melanoma</keyword>
  <keyword>Metastatic Melanoma</keyword>
  <condition_browse>
    <!-- CAUTION:  The following MeSH terms are assigned with an imperfect algorithm            -->
    <mesh_term>Melanoma</mesh_term>
    <mesh_term>Melanoma, Experimental</mesh_term>
  </condition_browse>
  <intervention_browse>
    <!-- CAUTION:  The following MeSH terms are assigned with an imperfect algorithm            -->
    <mesh_term>Aldesleukin</mesh_term>
    <mesh_term>Cyclophosphamide</mesh_term>
    <mesh_term>Fludarabine</mesh_term>
  </intervention_browse>

  <clinical_results>

    <participant_flow>
      <recruitment_details>One participant was enrolled to this study.</recruitment_details>
      <group_list>
        <group group_id="P1">
          <title>Metastatic Melanoma</title>
          <description>Melanoma that has invaded deep into the skin, lymph nodes, or other parts of the body.</description>
        </group>
      </group_list>
      <period_list>
        <period>
          <title>Overall Study</title>
          <milestone_list>
            <milestone>
              <title>STARTED</title>
              <participants_list>
                <participants group_id="P1" count="1"/>
              </participants_list>
            </milestone>
            <milestone>
              <title>COMPLETED</title>
              <participants_list>
                <participants group_id="P1" count="1"/>
              </participants_list>
            </milestone>
            <milestone>
              <title>NOT COMPLETED</title>
              <participants_list>
                <participants group_id="P1" count="0"/>
              </participants_list>
            </milestone>
          </milestone_list>
        </period>
      </period_list>
    </participant_flow>

    <baseline>
      <group_list>
        <group group_id="B1">
          <title>Metastatic Melanoma</title>
          <description>Melanoma that has invaded deep into the skin, lymph nodes, or other parts of the body.</description>
        </group>
      </group_list>
      <analyzed_list>
        <analyzed>
          <units>Participants</units>
          <scope>Overall</scope>
          <count_list>
            <count group_id="B1" value="1"/>
          </count_list>
        </analyzed>
      </analyzed_list>
      <measure_list>
        <measure>
          <title>Age</title>
          <units>Participants</units>
          <param>Count of Participants</param>
          <class_list>
            <class>
              <category_list>
                <category>
                  <title>&lt;=18 years</title>
                  <measurement_list>
                    <measurement group_id="B1" value="0"/>
                  </measurement_list>
                </category>
                <category>
                  <title>Between 18 and 65 years</title>
                  <measurement_list>
                    <measurement group_id="B1" value="1"/>
                  </measurement_list>
                </category>
                <category>
                  <title>&gt;=65 years</title>
                  <measurement_list>
                    <measurement group_id="B1" value="0"/>
                  </measurement_list>
                </category>
              </category_list>
            </class>
          </class_list>
        </measure>
        <measure>
          <title>Age</title>
          <units>years</units>
          <param>Mean</param>
          <dispersion>Standard Deviation</dispersion>
          <class_list>
            <class>
              <category_list>
                <category>
                  <measurement_list>
                    <measurement group_id="B1" value="32.0"/>
                  </measurement_list>
                </category>
              </category_list>
            </class>
          </class_list>
        </measure>
        <measure>
          <title>Sex: Female, Male</title>
          <units>Participants</units>
          <param>Count of Participants</param>
          <class_list>
            <class>
              <category_list>
                <category>
                  <title>Female</title>
                  <measurement_list>
                    <measurement group_id="B1" value="0"/>
                  </measurement_list>
                </category>
                <category>
                  <title>Male</title>
                  <measurement_list>
                    <measurement group_id="B1" value="1"/>
                  </measurement_list>
                </category>
              </category_list>
            </class>
          </class_list>
        </measure>
        <measure>
          <title>Ethnicity (NIH/OMB)</title>
          <units>Participants</units>
          <param>Count of Participants</param>
          <class_list>
            <class>
              <category_list>
                <category>
                  <title>Hispanic or Latino</title>
                  <measurement_list>
                    <measurement group_id="B1" value="0"/>
                  </measurement_list>
                </category>
                <category>
                  <title>Not Hispanic or Latino</title>
                  <measurement_list>
                    <measurement group_id="B1" value="1"/>
                  </measurement_list>
                </category>
                <category>
                  <title>Unknown or Not Reported</title>
                  <measurement_list>
                    <measurement group_id="B1" value="0"/>
                  </measurement_list>
                </category>
              </category_list>
            </class>
          </class_list>
        </measure>
        <measure>
          <title>Race (NIH/OMB)</title>
          <units>Participants</units>
          <param>Count of Participants</param>
          <class_list>
            <class>
              <category_list>
                <category>
                  <title>American Indian or Alaska Native</title>
                  <measurement_list>
                    <measurement group_id="B1" value="0"/>
                  </measurement_list>
                </category>
                <category>
                  <title>Asian</title>
                  <measurement_list>
                    <measurement group_id="B1" value="0"/>
                  </measurement_list>
                </category>
                <category>
                  <title>Native Hawaiian or Other Pacific Islander</title>
                  <measurement_list>
                    <measurement group_id="B1" value="0"/>
                  </measurement_list>
                </category>
                <category>
                  <title>Black or African American</title>
                  <measurement_list>
                    <measurement group_id="B1" value="0"/>
                  </measurement_list>
                </category>
                <category>
                  <title>White</title>
                  <measurement_list>
                    <measurement group_id="B1" value="1"/>
                  </measurement_list>
                </category>
                <category>
                  <title>More than one race</title>
                  <measurement_list>
                    <measurement group_id="B1" value="0"/>
                  </measurement_list>
                </category>
                <category>
                  <title>Unknown or Not Reported</title>
                  <measurement_list>
                    <measurement group_id="B1" value="0"/>
                  </measurement_list>
                </category>
              </category_list>
            </class>
          </class_list>
        </measure>
        <measure>
          <title>Region of Enrollment</title>
          <units>participants</units>
          <param>Number</param>
          <class_list>
            <class>
              <title>United States</title>
              <category_list>
                <category>
                  <measurement_list>
                    <measurement group_id="B1" value="1"/>
                  </measurement_list>
                </category>
              </category_list>
            </class>
          </class_list>
        </measure>
      </measure_list>
    </baseline>

    <outcome_list>
      <outcome>
        <type>Primary</type>
        <title>Number of Participants With an Objective Clinical Tumor Regression Response According to RECIST Criteria</title>
        <description>Response is determined by the Response Evaluation Criteria in Solid Tumors (RECIST). Complete response (CR) is the disappearance of all target lesions, partial response (PR) is at least a 30% decrease in the target lesions, progression (PD) is at least a 20% increase in the target lesions or appearance of one or more new lesions, and stable disease is neither sufficient shrinkage to qualify for PR nor sufficient increase to qualify for PD.</description>
        <time_frame>44 days</time_frame>
        <group_list>
          <group group_id="O1">
            <title>Metastatic Melanoma</title>
            <description>Melanoma that has invaded deep into the skin, lymph nodes, or other parts of the body.</description>
          </group>
        </group_list>
        <measure>
          <title>Number of Participants With an Objective Clinical Tumor Regression Response According to RECIST Criteria</title>
          <description>Response is determined by the Response Evaluation Criteria in Solid Tumors (RECIST). Complete response (CR) is the disappearance of all target lesions, partial response (PR) is at least a 30% decrease in the target lesions, progression (PD) is at least a 20% increase in the target lesions or appearance of one or more new lesions, and stable disease is neither sufficient shrinkage to qualify for PR nor sufficient increase to qualify for PD.</description>
          <units>Participants</units>
          <param>Number</param>
          <analyzed_list>
            <analyzed>
              <units>Participants</units>
              <scope>Measure</scope>
              <count_list>
                <count group_id="O1" value="1"/>
              </count_list>
            </analyzed>
          </analyzed_list>
          <class_list>
            <class>
              <category_list>
                <category>
                  <measurement_list>
                    <measurement group_id="O1" value="0"/>
                  </measurement_list>
                </category>
              </category_list>
            </class>
          </class_list>
        </measure>
      </outcome>
      <outcome>
        <type>Primary</type>
        <title>Number of Participants With Adverse Events</title>
        <description>Here are the number of participants with adverse events. For a detailed list of adverse events see the adverse event module.</description>
        <time_frame>44 days</time_frame>
        <group_list>
          <group group_id="O1">
            <title>Metastatic Melanoma</title>
            <description>Melanoma that has invaded deep into the skin, lymph nodes, or other parts of the body.</description>
          </group>
        </group_list>
        <measure>
          <title>Number of Participants With Adverse Events</title>
          <description>Here are the number of participants with adverse events. For a detailed list of adverse events see the adverse event module.</description>
          <units>Participants</units>
          <param>Number</param>
          <analyzed_list>
            <analyzed>
              <units>Participants</units>
              <scope>Measure</scope>
              <count_list>
                <count group_id="O1" value="1"/>
              </count_list>
            </analyzed>
          </analyzed_list>
          <class_list>
            <class>
              <category_list>
                <category>
                  <measurement_list>
                    <measurement group_id="O1" value="1"/>
                  </measurement_list>
                </category>
              </category_list>
            </class>
          </class_list>
        </measure>
      </outcome>
      <outcome>
        <type>Secondary</type>
        <title>Number of Participiants With In-vivo Survival of Infused Cells</title>
        <description>In-vivo survival of infused cells is determined by analysis of the sequence of the variable region of the T cell receptor or flow cytometry (FACS).</description>
        <time_frame>44 days</time_frame>
        <group_list>
          <group group_id="O1">
            <title>Metastatic Melanoma</title>
            <description>Melanoma that has invaded deep into the skin, lymph nodes, or other parts of the body.</description>
          </group>
        </group_list>
        <measure>
          <title>Number of Participiants With In-vivo Survival of Infused Cells</title>
          <description>In-vivo survival of infused cells is determined by analysis of the sequence of the variable region of the T cell receptor or flow cytometry (FACS).</description>
          <units>Participants</units>
          <param>Number</param>
          <analyzed_list>
            <analyzed>
              <units>Participants</units>
              <scope>Measure</scope>
              <count_list>
                <count group_id="O1" value="1"/>
              </count_list>
            </analyzed>
          </analyzed_list>
          <class_list>
            <class>
              <category_list>
                <category>
                  <measurement_list>
                    <measurement group_id="O1" value="1"/>
                  </measurement_list>
                </category>
              </category_list>
            </class>
          </class_list>
        </measure>
      </outcome>
    </outcome_list>

    <reported_events>
      <time_frame>44 days</time_frame>
      <group_list>
        <group group_id="E1">
          <title>Metastatic Melanoma</title>
          <description>Melanoma that has invaded deep into the skin, lymph nodes, or other parts of the body.</description>
        </group>
      </group_list>
      <serious_events>
        <category_list>
          <category>
            <title>Total</title>
            <event_list>
              <event>
                <sub_title>Total, serious adverse events</sub_title>
                <counts group_id="E1" subjects_affected="0" subjects_at_risk="1"/>
              </event>
            </event_list>
          </category>
        </category_list>
      </serious_events>
      <other_events>
        <frequency_threshold>0</frequency_threshold>
        <default_vocab>CTCv3.0</default_vocab>
        <default_assessment>Systematic Assessment</default_assessment>
        <category_list>
          <category>
            <title>Total</title>
            <event_list>
              <event>
                <sub_title>Total, other adverse events</sub_title>
                <counts group_id="E1" subjects_affected="1" subjects_at_risk="1"/>
              </event>
            </event_list>
          </category>
          <category>
            <title>Blood and lymphatic system disorders</title>
            <event_list>
              <event>
                <sub_title>Hemoglobin decreased</sub_title>
                <counts group_id="E1" events="1" subjects_affected="1" subjects_at_risk="1"/>
              </event>
              <event>
                <sub_title>Leukocyte count decreased</sub_title>
                <counts group_id="E1" events="1" subjects_affected="1" subjects_at_risk="1"/>
              </event>
              <event>
                <sub_title>Lymphocyte count decreased</sub_title>
                <counts group_id="E1" events="1" subjects_affected="1" subjects_at_risk="1"/>
              </event>
              <event>
                <sub_title>Neutrophil count decreased</sub_title>
                <counts group_id="E1" events="1" subjects_affected="1" subjects_at_risk="1"/>
              </event>
              <event>
                <sub_title>Platelet cout decreased</sub_title>
                <counts group_id="E1" events="1" subjects_affected="1" subjects_at_risk="1"/>
              </event>
            </event_list>
          </category>
          <category>
            <title>Gastrointestinal disorders</title>
            <event_list>
              <event>
                <sub_title>Diarrhea</sub_title>
                <counts group_id="E1" events="1" subjects_affected="1" subjects_at_risk="1"/>
              </event>
              <event>
                <sub_title>Dyspepsia</sub_title>
                <counts group_id="E1" events="1" subjects_affected="1" subjects_at_risk="1"/>
              </event>
              <event>
                <sub_title>Nausea</sub_title>
                <counts group_id="E1" events="2" subjects_affected="1" subjects_at_risk="1"/>
              </event>
              <event>
                <sub_title>Vomiting</sub_title>
                <counts group_id="E1" events="1" subjects_affected="1" subjects_at_risk="1"/>
              </event>
              <event>
                <sub_title>Oral pain</sub_title>
                <counts group_id="E1" events="1" subjects_affected="1" subjects_at_risk="1"/>
              </event>
            </event_list>
          </category>
          <category>
            <title>General disorders</title>
            <event_list>
              <event>
                <sub_title>Chest pain</sub_title>
                <counts group_id="E1" events="1" subjects_affected="1" subjects_at_risk="1"/>
              </event>
            </event_list>
          </category>
          <category>
            <title>Infections and infestations</title>
            <event_list>
              <event>
                <sub_title>Sepsis</sub_title>
                <counts group_id="E1" events="1" subjects_affected="1" subjects_at_risk="1"/>
              </event>
            </event_list>
          </category>
          <category>
            <title>Nervous system disorders</title>
            <event_list>
              <event>
                <sub_title>Dizziness</sub_title>
                <counts group_id="E1" events="1" subjects_affected="1" subjects_at_risk="1"/>
              </event>
              <event>
                <sub_title>Headache</sub_title>
                <counts group_id="E1" events="2" subjects_affected="1" subjects_at_risk="1"/>
              </event>
            </event_list>
          </category>
          <category>
            <title>Skin and subcutaneous tissue disorders</title>
            <event_list>
              <event>
                <sub_title>Rash desquamating</sub_title>
                <counts group_id="E1" events="1" subjects_affected="1" subjects_at_risk="1"/>
              </event>
            </event_list>
          </category>
        </category_list>
      </other_events>
    </reported_events>

    <certain_agreements>
      <pi_employee>Principal Investigators are NOT employed by the organization sponsoring the study.</pi_employee>
      <restrictive_agreement>There is NOT an agreement between Principal Investigators and the Sponsor (or its agents) that restricts the PI's rights to discuss or publish trial results after the trial is completed. </restrictive_agreement>
    </certain_agreements>
    <point_of_contact>
      <name_or_title>Steven Rosenberg</name_or_title>
      <organization>National Cancer Institute, National Institutes of Health</organization>
      <phone>301-496-4164</phone>
      <email>sar@mail.nih.gov</email>
    </point_of_contact>
  </clinical_results>
</clinical_study>

