<?xml version="1.0" encoding="UTF-8"?>
<clinical_study rank="35">
  <!-- This xml conforms to an XML Schema at:
    https://clinicaltrials.gov/ct2/html/images/info/public.xsd -->
  <required_header>
    <download_date>ClinicalTrials.gov processed this data on February 06, 2024</download_date>
    <link_text>Link to the current ClinicalTrials.gov record.</link_text>
    <url>https://clinicaltrials.gov/ct2/show/NCT05545969</url>
  </required_header>
  <id_info>
    <org_study_id>MIA2022/442</org_study_id>
    <nct_id>NCT05545969</nct_id>
  </id_info>
  <brief_title>Neoadjuvant Pembrolizumab and Lenvatinib for Mucosal Melanoma</brief_title>
  <acronym>Neo PeLeMM</acronym>
  <official_title>A Multicentre, Open Label, Phase II Study to Determine the Response to Neoadjuvant Pembrolizumab and Lenvatinib Followed by Adjuvant Treatment With Pembrolizumab and Lenvatinib in Mucosal Melanoma</official_title>
  <sponsors>
    <lead_sponsor>
      <agency>Melanoma Institute Australia</agency>
      <agency_class>Other</agency_class>
    </lead_sponsor>
    <collaborator>
      <agency>Merck Sharp &amp; Dohme LLC</agency>
      <agency_class>Industry</agency_class>
    </collaborator>
  </sponsors>
  <source>Melanoma Institute Australia</source>
  <oversight_info>
    <has_dmc>Yes</has_dmc>
    <is_fda_regulated_drug>No</is_fda_regulated_drug>
    <is_fda_regulated_device>No</is_fda_regulated_device>
  </oversight_info>
  <brief_summary>
    <textblock>
      In many cancers, early stage diagnosis and early treatment offers the best chance of a&#xD;
      prolonged recurrence free- and overall survival. Neoadjuvant immunotherapy involves&#xD;
      administering immune checkpoint inhibitors before surgical resection in high-risk resectable&#xD;
      disease, such as mucosal melanoma. In resectable cancers, immune checkpoint inhibitors can&#xD;
      enhance anti-tumour immunity by exploiting a competent immune system prior to surgery.&#xD;
      Activating antigen-specific T cells found in the primary or baseline tumour continue to exert&#xD;
      anti-tumour effects on remaining neoplastic cells after the resection of the original tumour,&#xD;
      potentially preventing recurrences from occurring.&#xD;
&#xD;
      In resectable mucosal melanoma, an opportunity exists to improve clinical outcomes with the&#xD;
      addition of neoadjuvant and adjuvant systemic therapy with nivolumab and lenvatinib as an&#xD;
      adjunct to surgery.&#xD;
    </textblock>
  </brief_summary>
  <overall_status>Not yet recruiting</overall_status>
  <start_date type="Anticipated">March 2024</start_date>
  <completion_date type="Anticipated">May 2036</completion_date>
  <primary_completion_date type="Anticipated">May 2026</primary_completion_date>
  <phase>Phase 2</phase>
  <study_type>Interventional</study_type>
  <has_expanded_access>No</has_expanded_access>
  <study_design_info>
    <allocation>N/A</allocation>
    <intervention_model>Single Group Assignment</intervention_model>
    <intervention_model_description>Multicentre, open label, clinical trial</intervention_model_description>
    <primary_purpose>Treatment</primary_purpose>
    <masking>None (Open Label)</masking>
  </study_design_info>
  <primary_outcome>
    <measure>Change in immune cell expression of HIF1 and immune cell densities</measure>
    <time_frame>Baseline, week 1 week 6</time_frame>
    <description>Tumour and immune cell expression of HIF1a and immune cell densities will be compared between baseline and day 8 melanoma tissue biopsies.</description>
  </primary_outcome>
  <primary_outcome>
    <measure>Pathological response rate</measure>
    <time_frame>6 weeks</time_frame>
    <description>Proportion of patients with complete absence of residual melanoma cells in the the planned resected tumour site(s) at week 6 surgery</description>
  </primary_outcome>
  <secondary_outcome>
    <measure>RECIST response rate</measure>
    <time_frame>6 weeks</time_frame>
    <description>Proportion of patients with a complete or partial RECIST response; patients with no RECIST response and patients who have RECIST confirmed disease progression in the neoadjuvant period.</description>
  </secondary_outcome>
  <other_outcome>
    <measure>PERCIST metabolic response rate</measure>
    <time_frame>6 weeks</time_frame>
    <description>Proportion of patients with a complete metabolic resolution (complete resolution of 18F-FDG uptake within the tumour volume); partial metabolic response (reduction of a minimum of 30% in tumour SUV normalised by lean body mass [SUL]; stable metabolic response (neither CR, PR or PD) and progressive metabolic disease (an increase of 30% in tumour SUL peak or the appearance of new lesions) in the neoadjuvant period</description>
  </other_outcome>
  <other_outcome>
    <measure>Immune-related response criteria</measure>
    <time_frame>6 weeks</time_frame>
    <description>Proportion of patients with a complete or partial immune related response; patients with no response and patients who have confirmed disease progression in the neoadjuvant period</description>
  </other_outcome>
  <other_outcome>
    <measure>Event-free survival</measure>
    <time_frame>10 years</time_frame>
    <description>Proportion of patients with either of: progression of disease prior to surgery or which precludes surgery, local or distant disease recurrence, mucosal melanoma related death and treatment related death, whichever occurs first from the first dose of neoadjuvant treatment or from surgery (disease recurrence).</description>
  </other_outcome>
  <other_outcome>
    <measure>Recurrence-free survival</measure>
    <time_frame>10 years</time_frame>
    <description>Proportion of patients who are recurrence-free at yearly time points from the date of definitive surgery and from the end of adjuvant treatment until the end of 5 years from C1D1. To include time to any recurrence, new primary disease, locoregional recurrence and distant recurrence.</description>
  </other_outcome>
  <other_outcome>
    <measure>Overall survival</measure>
    <time_frame>10 years</time_frame>
    <description>Proportion of patients alive at yearly time points from the date of first neoadjuvant study treatment (C1D1) until the end of 5 years follow up.</description>
  </other_outcome>
  <other_outcome>
    <measure>Incidence of any treatment-emergent adverse events</measure>
    <time_frame>52 weeks</time_frame>
    <description>Number, grade and duration of drug related adverse events across different grades, with attribution to pembrolizumab, lenvatinib or both.&#xD;
Number, grade and duration of drug related adverse events requiring an interruption or permanent discontinuation of pembrolizumab, lenvatinib or both.&#xD;
The completion rate of scheduled pembrolizumab, lenvatinib or both (administered doses / scheduled doses).</description>
  </other_outcome>
  <other_outcome>
    <measure>Surgical outcomes</measure>
    <time_frame>6 weeks</time_frame>
    <description>The rate of surgical complications during and following definitive surgery</description>
  </other_outcome>
  <other_outcome>
    <measure>Patient reported quality of life measures</measure>
    <time_frame>52 weeks</time_frame>
    <description>The change in longitudinal quality of life individual and overall scores from baseline.</description>
  </other_outcome>
  <other_outcome>
    <measure>Gut microbiome influence on response outcomes</measure>
    <time_frame>52 weeks</time_frame>
    <description>To correlate gastrointestinal mucosal integrity with bacterial composition in stool samples, clinical outcomes.</description>
  </other_outcome>
  <other_outcome>
    <measure>Concordance of INMC-rated pathological response with with RECIST response, PERCIST response and immune-related response crtieria.</measure>
    <time_frame>6 weeks</time_frame>
    <description>Concordance of pathological response with RECIST response, PERCIST response and immune-related response crtieria.</description>
  </other_outcome>
  <number_of_arms>1</number_of_arms>
  <enrollment type="Anticipated">44</enrollment>
  <condition>Mucosal Melanoma</condition>
  <arm_group>
    <arm_group_label>Neoadjuvant and Adjuvant Therapy</arm_group_label>
    <arm_group_type>Experimental</arm_group_type>
    <description>Neoadjuvant pembrolizumab &amp; lenvatinib for 6 weeks followed by definitive surgery then adjuvant pembrolizumab alone for 46 weeks</description>
  </arm_group>
  <intervention>
    <intervention_type>Drug</intervention_type>
    <intervention_name>Pembrolizumab</intervention_name>
    <description>Pembrolizumab is a potent and highly selective humanized monoclonal antibody (mAb) of the IgG4/kappa isotype designed to directly block the interaction between PD-1 and its ligands, PD-L1 and PD-L2.</description>
    <arm_group_label>Neoadjuvant and Adjuvant Therapy</arm_group_label>
    <other_name>Keytruda</other_name>
  </intervention>
  <intervention>
    <intervention_type>Drug</intervention_type>
    <intervention_name>Lenvatinib</intervention_name>
    <description>Lenvatinib is an oral potent multiple RTK inhibitor that selectively inhibits VEGF receptors, VEGFR1 (FLT1), VEGFR2 (KDR), and VEGFR3 (FLT4), fibroblast growth factor receptor (FGFR1-4), platelet derived growth factor (PDGFRα), stem cell factor receptor (KIT), and rearranged during transfection (RET)</description>
    <arm_group_label>Neoadjuvant and Adjuvant Therapy</arm_group_label>
    <other_name>Lenvima</other_name>
  </intervention>
  <eligibility>
    <criteria>
      <textblock>
        Inclusion Criteria:&#xD;
&#xD;
          -  Written informed consent&#xD;
&#xD;
          -  Histologically confirmed diagnosis of fully-resectable mucosal melanoma&#xD;
&#xD;
          -  Pathological ± clinical confirmation that the presenting lesion(s) does not represent&#xD;
             metastasis from an unknown primary cutaneous or ocular melanoma&#xD;
&#xD;
          -  Measurable disease per RECIST&#xD;
&#xD;
          -  Availability of a newly obtained core or excisional biopsy of an affected lesion which&#xD;
             has not been previously irradiated&#xD;
&#xD;
          -  Ability to swallow and retain oral medication&#xD;
&#xD;
          -  ECOG 0 - 1&#xD;
&#xD;
          -  Adequate organ function per laboratory values&#xD;
&#xD;
          -  Adequately controlled blood pressure with or without anti-hypertensive medications,&#xD;
             defined as ≤ 150/90 mmHg at screening&#xD;
&#xD;
          -  Anticpated life expectabcy of &gt; 12 months.&#xD;
&#xD;
        Exclusion Criteria:&#xD;
&#xD;
          -  A diagnosis of uveal or cutaneous melanoma&#xD;
&#xD;
          -  A WOCBP who has a positive serum pregnancy test within 72 hours prior to starting&#xD;
             study treatment&#xD;
&#xD;
          -  Prior therapy with an anti-PD-1, anti-PD-L1, or anti PD L2 agent or with an agent&#xD;
             directed to another stimulatory or co-inhibitory T-cell receptor for any disease&#xD;
&#xD;
          -  Prior systemic treatment for mucosal melanoma including investigational agents. Prior&#xD;
             surgery is acceptable&#xD;
&#xD;
          -  Major surgery within 3 weeks prior to first dose of lenvatinib&#xD;
&#xD;
          -  Patients who have not recovered adequately from any toxicity from other permitted&#xD;
             anti- cancer treatment regimens&#xD;
&#xD;
          -  Prior radiotherapy within 2 weeks of start of study treatment&#xD;
&#xD;
          -  Received a live vaccine or live-attenuated vaccine within 30 days before the first&#xD;
             dose of study treatment&#xD;
&#xD;
          -  Patient is currently participating in or has participated in a study of an&#xD;
             investigational agent or has used an investigational device within 4 weeks prior to&#xD;
             the first dose of study treatment&#xD;
&#xD;
          -  A diagnosis of immunodeficiency or is receiving chronic systemic steroid therapy (in&#xD;
             dosing exceeding 10 mg daily of prednisone equivalent) or any other form of&#xD;
             immunosuppressive therapy within 14 days prior to the first dose of study treatment&#xD;
&#xD;
          -  Active autoimmune disease that has required systemic treatment in the past 12 months&#xD;
&#xD;
          -  Known additional malignancy that is progressing or has required active treatment&#xD;
             within the past 3 years&#xD;
&#xD;
          -  Has known central nervous system metastases and/or carcinomatous meningitis&#xD;
&#xD;
          -  A history of (non-infectious) pneumonitis//interstitial lung disease that required&#xD;
             steroids or has current pneumonitis or current interstitial lung disease&#xD;
&#xD;
          -  Active infection requiring systemic therapy&#xD;
&#xD;
          -  Known history of Human Immunodeficiency Virus, active Hepatitis B or C&#xD;
&#xD;
          -  Has a known history of active TB&#xD;
&#xD;
          -  A current diagnosis of any gastrointestinal condition that might affect the absorption&#xD;
             of lenvatinib&#xD;
&#xD;
          -  Has a pre-existing ≥ Grade 3 gastrointestinal adverse event or a non-gastrointestinal&#xD;
             fistula&#xD;
&#xD;
          -  Prolonged QT interval &gt;480 ms&#xD;
&#xD;
          -  History of, or current cardiovascular disease&#xD;
&#xD;
          -  Has a history of, or a current bleeding or thrombotic disorders or patients at risk&#xD;
             for severe haemorrhage&#xD;
&#xD;
          -  Active haemoptysis&#xD;
&#xD;
          -  Patients with a ≥2+ (≥100 mg/dL) proteinuria on urine dipstick testing&#xD;
&#xD;
          -  Pregnant or breastfeeding, or expecting to conceive or father children within the&#xD;
             projected duration of the study&#xD;
&#xD;
          -  Has had an allogenic tissue/solid organ transplant.&#xD;
      </textblock>
    </criteria>
    <gender>All</gender>
    <minimum_age>18 Years</minimum_age>
    <maximum_age>100 Years</maximum_age>
    <healthy_volunteers>No</healthy_volunteers>
  </eligibility>
  <overall_official>
    <last_name>Georgina Long, MBBS, PhD</last_name>
    <role>Principal Investigator</role>
    <affiliation>Melanoma Institute Australia</affiliation>
  </overall_official>
  <overall_contact>
    <last_name>Georgina Long, MBBS, PhD</last_name>
    <phone>+612 9911 7200</phone>
    <email>ealong@melanoma.org.au</email>
  </overall_contact>
  <overall_contact_backup>
    <last_name>Maria Gonzalez</last_name>
    <phone>+612 9911 7200</phone>
    <email>maria.gonzalez@melanoma.org.au</email>
  </overall_contact_backup>
  <location>
    <facility>
      <name>Melanoma Institute Australia</name>
      <address>
        <city>Wollstonecraft</city>
        <state>New South Wales</state>
        <zip>2065</zip>
        <country>Australia</country>
      </address>
    </facility>
  </location>
  <location_countries>
    <country>Australia</country>
  </location_countries>
  <verification_date>January 2024</verification_date>
  <study_first_submitted>September 6, 2022</study_first_submitted>
  <study_first_submitted_qc>September 15, 2022</study_first_submitted_qc>
  <study_first_posted type="Actual">September 19, 2022</study_first_posted>
  <last_update_submitted>January 28, 2024</last_update_submitted>
  <last_update_submitted_qc>January 28, 2024</last_update_submitted_qc>
  <last_update_posted type="Actual">January 30, 2024</last_update_posted>
  <responsible_party>
    <responsible_party_type>Sponsor</responsible_party_type>
  </responsible_party>
  <keyword>Immunotherapy</keyword>
  <keyword>VEGF inhibitor</keyword>
  <keyword>Neoadjuvant</keyword>
  <keyword>Adjuvant</keyword>
  <keyword>Pembrolizumab</keyword>
  <keyword>Lenvatinib</keyword>
  <keyword>Pathlogical respone</keyword>
  <condition_browse>
    <!-- CAUTION:  The following MeSH terms are assigned with an imperfect algorithm            -->
    <mesh_term>Melanoma</mesh_term>
  </condition_browse>
  <intervention_browse>
    <!-- CAUTION:  The following MeSH terms are assigned with an imperfect algorithm            -->
    <mesh_term>Pembrolizumab</mesh_term>
    <mesh_term>Lenvatinib</mesh_term>
  </intervention_browse>
  <!-- Results have not yet been posted for this study                                          -->
</clinical_study>

