<?xml version="1.0" encoding="UTF-8"?>
<clinical_study rank="427">
  <!-- This xml conforms to an XML Schema at:
    https://clinicaltrials.gov/ct2/html/images/info/public.xsd -->
  <required_header>
    <download_date>ClinicalTrials.gov processed this data on February 06, 2024</download_date>
    <link_text>Link to the current ClinicalTrials.gov record.</link_text>
    <url>https://clinicaltrials.gov/ct2/show/NCT02780089</url>
  </required_header>
  <id_info>
    <org_study_id>CA209-357</org_study_id>
    <nct_id>NCT02780089</nct_id>
  </id_info>
  <brief_title>Study in Patients With Unresectable And Metastatic Melanoma: The Optimize Study</brief_title>
  <official_title>A US Multi-Site Observational Study in Patients With Unresectable And Metastatic Melanoma: The OPTIMIzE Study</official_title>
  <sponsors>
    <lead_sponsor>
      <agency>Bristol-Myers Squibb</agency>
      <agency_class>Industry</agency_class>
    </lead_sponsor>
  </sponsors>
  <source>Bristol-Myers Squibb</source>
  <oversight_info>
    <has_dmc>Yes</has_dmc>
  </oversight_info>
  <brief_summary>
    <textblock>
      This study evaluates the different patterns of care for patients who have unresectable or&#xD;
      metastatic melanoma. The dosing, duration, regimen, indication, and treatments will be&#xD;
      observed. The survival rate of these patients will also be observed.&#xD;
    </textblock>
  </brief_summary>
  <detailed_description>
    <textblock>
      This is a non-interventional, observational study with the primary objective to assess and&#xD;
      describe &quot;real world&quot; patterns of care in the treatment of patients with unresectable or&#xD;
      metastatic melanoma. A sample size of 1,600 prospective patients will provide sufficient&#xD;
      information to explore this primary objective. There will be no forced number of patients&#xD;
      enrolled into a specific treatment cohort. Setting or controlling specific treatment&#xD;
      enrollment cohort counts would invalidate the results of the primary objective of the study.&#xD;
      No primary hypothesis is being tested.&#xD;
    </textblock>
  </detailed_description>
  <overall_status>Completed</overall_status>
  <start_date type="Actual">October 23, 2015</start_date>
  <completion_date type="Actual">September 8, 2020</completion_date>
  <primary_completion_date type="Actual">September 8, 2020</primary_completion_date>
  <study_type>Observational</study_type>
  <has_expanded_access>No</has_expanded_access>
  <study_design_info>
    <observational_model>Cohort</observational_model>
    <time_perspective>Other</time_perspective>
  </study_design_info>
  <primary_outcome>
    <measure>Patterns of Care</measure>
    <time_frame>Up to 5 years</time_frame>
    <description>To assess the selection and sequencing of drugs and practice patterns used to treat unresectable and metastatic melanoma (e.g. immune checkpoint agents, targeted agents, or combination therapies) in a real-world setting. Reasons for initial treatment decisions across and between drug classes, changes in treatment, and discontinuation will be recorded (e.g. lack of benefit, safety, cost, or other barriers to care).</description>
  </primary_outcome>
  <primary_outcome>
    <measure>Demographics</measure>
    <time_frame>Up to 5 years</time_frame>
    <description>Baseline characteristics (age, gender, race/ethnicity)</description>
  </primary_outcome>
  <primary_outcome>
    <measure>Overall Survival</measure>
    <time_frame>Up to 5 years</time_frame>
    <description>To estimate overall survival in patients receiving therapy for unresectable or metastatic melanoma some statistical measurements and actual survival will be used.</description>
  </primary_outcome>
  <primary_outcome>
    <measure>Disease Characteristics</measure>
    <time_frame>Up to 5 years</time_frame>
    <description>Disease characteristics (date of diagnosis, disease stage, performance status)</description>
  </primary_outcome>
  <secondary_outcome>
    <measure>Healthcare Resource</measure>
    <time_frame>up to 5 years</time_frame>
    <description>To compare and describe healthcare utilization, imputed costs, and impact of initial treatment choice on lifetime or periodic costs. Due to potential differences between in patterns of care among various regions, region-specific analyses may be conducted for healthcare resource utilization.</description>
  </secondary_outcome>
  <secondary_outcome>
    <measure>Functional Assessments of Cancer Therapy-Melanoma (FACT-M)</measure>
    <time_frame>Up to 12 months</time_frame>
  </secondary_outcome>
  <secondary_outcome>
    <measure>European Quality of Life-5 Dimensions (EQ-5D)</measure>
    <time_frame>Up to 12 months</time_frame>
  </secondary_outcome>
  <secondary_outcome>
    <measure>Work Productivity and Activity Impairment: General Health (WPAI:GH)</measure>
    <time_frame>Up to 12 months</time_frame>
  </secondary_outcome>
  <secondary_outcome>
    <measure>The Caregiver Quality of Life Index - Cancer (CQOLC)</measure>
    <time_frame>Up to 12 months</time_frame>
  </secondary_outcome>
  <number_of_groups>8</number_of_groups>
  <enrollment type="Actual">408</enrollment>
  <condition>Melanoma</condition>
  <arm_group>
    <arm_group_label>Prospective Patients</arm_group_label>
    <description>There will be 1,600 prospective patients recruited over a period of two years and followed-up for a planned minimum of three years. For the prospective cohort, patients will be recruited after the course of treatment has been decided by the physician and prior to the start of treatment.Prior advanced melanoma treatment information will be collected from patient charts for pre-treated patients. Patients will be followed for a minimum of 3 years from their study index date until death, withdrawal of consent, lost to follow-up/record, or end of study, whichever comes first. Study index date will be the date when first study therapy is initiated.</description>
  </arm_group>
  <arm_group>
    <arm_group_label>Treatment Group No. 1</arm_group_label>
    <description>Immune checkpoint inhibitor patients who remain on an immune checkpoint inhibitor therapy. Defined as immune checkpoint inhibitor therapy patients who either remained on their initial (index) immune checkpoint inhibitor therapy or switched to another immune checkpoint inhibitor therapy during the study period. Patients in this group remained on an immune checkpoint inhibitor therapy and did not switch to a non-immune checkpoint inhibitor therapy anytime during the study period.</description>
  </arm_group>
  <arm_group>
    <arm_group_label>Treatment Group No. 2</arm_group_label>
    <description>Immune checkpoint inhibitor patients who switched to a non-immune checkpoint inhibitor therapy. Defined as patients who switched from their index immune checkpoint inhibitor therapy to a non-immune checkpoint inhibitor therapy anytime during the study period.</description>
  </arm_group>
  <arm_group>
    <arm_group_label>Treatment Group No. 3</arm_group_label>
    <description>Targeted therapy patients who remain on a targeted therapy. Defined as targeted therapy patients who either remained on their initial (index) targeted therapy or switched to another targeted therapy during the study period. Patients in this group remained on a targeted therapy and did not switch to a non-targeted therapy anytime during the study period.</description>
  </arm_group>
  <arm_group>
    <arm_group_label>Treatment Group No. 4</arm_group_label>
    <description>Targeted therapy patients who switched to a non-targeted therapy. Defined as patients who switched from their index targeted therapy to a non-targeted therapy anytime during the study period.</description>
  </arm_group>
  <arm_group>
    <arm_group_label>Treatment Group No. 5</arm_group_label>
    <description>Chemotherapy/other therapy patients who remain on a chemotherapy/other therapy. Defined as chemotherapy/other therapy patients who either remained on their initial (index) chemotherapy/other therapy or switched to another chemotherapy/other therapy during the study period. Patients in this group remained on a chemotherapy/other therapy and did not switch to an immune checkpoint inhibitor therapy or targeted therapy anytime during the study period.</description>
  </arm_group>
  <arm_group>
    <arm_group_label>Treatment Group No. 6</arm_group_label>
    <description>Chemotherapy/other patients who switched to an immune checkpoint inhibitor therapy or targeted therapy. Defined as patients who switched from their index chemotherapy/other therapy to an immune checkpoint inhibitor therapy or targeted therapy anytime during the study period.</description>
  </arm_group>
  <arm_group>
    <arm_group_label>Retrospective Patients</arm_group_label>
    <description>Retrospective cohort of 600 patients with unresectable or metastatic melanoma, receiving therapies other than immune checkpoint inhibitor or targeted therapies during the four year period prior to the release of ipilimumab (March 25, 2007 -March 24, 2011), will be identified. The data for these 600 retrospective patients will be used as a benchmark for treatment patterns and outcomes prior to the marketed availability of immune checkpoint inhibitors or targeted therapies.</description>
  </arm_group>
  <eligibility>
    <study_pop>
      <textblock>
        Patients diagnosed with histologically-confirmed unresectable stage III or stage IV&#xD;
        melanoma, (including mucosal, uveal, acral-lentiginous, leptomeningeal disease). Patients&#xD;
        can be treatment-naïve or previously treated for unresectable or metastatic melanoma.&#xD;
      </textblock>
    </study_pop>
    <sampling_method>Non-Probability Sample</sampling_method>
    <criteria>
      <textblock>
        Inclusion Criteria:&#xD;
&#xD;
        Prospective cohort patients:&#xD;
&#xD;
          -  Diagnosis date must occur on or after March 24, 2011 (date of ipilimumab approval in&#xD;
             US)&#xD;
&#xD;
          -  Diagnosis of stage III (unresectable) or stage IV melanoma (includes mucosal, uveal&#xD;
             acral-lentiginous, leptomeningeal disease)&#xD;
&#xD;
          -  Age ≥ 18 years at time of entry into study&#xD;
&#xD;
          -  Patients must be actively receiving or scheduled to receive systemic treatment (any&#xD;
             line, eg, first, second, third line [including investigational drugs]).&#xD;
&#xD;
               -  For patients initiating new treatment, treatment must be started within 28 days&#xD;
                  after signing informed consent.&#xD;
&#xD;
               -  For patients currently receiving treatment, patients must enroll within the first&#xD;
                  21 days of starting new treatment&#xD;
&#xD;
        Retrospective cohort patients:&#xD;
&#xD;
          -  Patients with diagnosis of confirmed unresectable stage III or stage IV melanoma&#xD;
             (including mucosal, uveal, acral-lentiginous, leptomeningeal disease)&#xD;
&#xD;
          -  Age ≥ 18 years at time of unresectable or metastatic melanoma diagnosis&#xD;
&#xD;
          -  Initiated therapy for unresectable or metastatic melanoma within 4 years prior to&#xD;
             approval of ipilimumab (first immune checkpoint inhibitor therapy approved in US)&#xD;
&#xD;
               -  March 25, 2007 - March 24, 2011&#xD;
&#xD;
          -  One year of follow-up data is required from date of therapy initiation, if a patient&#xD;
             passed away within the one year of follow-up; such patients are still eligible and the&#xD;
             date of death will be collected.&#xD;
&#xD;
               1. If retrospective patients have at least one year of follow-up data and are then&#xD;
                  treated with immuno-oncology, immune checkpoint inhibitor therapy, or targeted&#xD;
                  therapy, these patients will be analyzed separately.&#xD;
&#xD;
        Exclusion Criteria:&#xD;
&#xD;
        Prospective patients:&#xD;
&#xD;
          -  Patients participating in a clinical study that does not allow enrollment into a non&#xD;
             interventional study or clinical studies in which the investigational treatment is&#xD;
             blinded&#xD;
&#xD;
          -  Patients who started new treatment &gt; 21 days&#xD;
&#xD;
          -  Patients who enrolled in study but did not initiate treatment before 28 days&#xD;
&#xD;
          -  Patients with current malignancies (except non-melanoma skin cancer and the following&#xD;
             in situ cancers: bladder, gastric, colon, endometrial, cervical/dysplasia, melanoma,&#xD;
             or breast) that requires additional systemic therapy&#xD;
      </textblock>
    </criteria>
    <gender>All</gender>
    <minimum_age>18 Years</minimum_age>
    <maximum_age>N/A</maximum_age>
    <healthy_volunteers>No</healthy_volunteers>
  </eligibility>
  <overall_official>
    <last_name>Bristol-Myers Squibb</last_name>
    <role>Study Director</role>
    <affiliation>Bristol-Myers Squibb</affiliation>
  </overall_official>
  <location>
    <facility>
      <name>Northwest Alabama Cancer Center</name>
      <address>
        <city>Muscle Shoals</city>
        <state>Alabama</state>
        <zip>35661</zip>
        <country>United States</country>
      </address>
    </facility>
  </location>
  <location>
    <facility>
      <name>Genesis Cancer Center</name>
      <address>
        <city>Hot Springs</city>
        <state>Arkansas</state>
        <zip>71913</zip>
        <country>United States</country>
      </address>
    </facility>
  </location>
  <location>
    <facility>
      <name>Pacific Shores Medical Group</name>
      <address>
        <city>Long Beach</city>
        <state>California</state>
        <zip>90813</zip>
        <country>United States</country>
      </address>
    </facility>
  </location>
  <location>
    <facility>
      <name>Cancer Care Associates</name>
      <address>
        <city>Redondo Beach</city>
        <state>California</state>
        <zip>90277</zip>
        <country>United States</country>
      </address>
    </facility>
  </location>
  <location>
    <facility>
      <name>University of Colorado</name>
      <address>
        <city>Aurora</city>
        <state>Colorado</state>
        <zip>80045</zip>
        <country>United States</country>
      </address>
    </facility>
  </location>
  <location>
    <facility>
      <name>21st Century Oncology</name>
      <address>
        <city>Jacksonville</city>
        <state>Florida</state>
        <zip>32204</zip>
        <country>United States</country>
      </address>
    </facility>
  </location>
  <location>
    <facility>
      <name>Cancer Specialits, LLC D/B/A</name>
      <address>
        <city>Jacksonville</city>
        <state>Florida</state>
        <zip>32256</zip>
        <country>United States</country>
      </address>
    </facility>
  </location>
  <location>
    <facility>
      <name>Lakeland Regional Health</name>
      <address>
        <city>Lakeland</city>
        <state>Florida</state>
        <zip>33805</zip>
        <country>United States</country>
      </address>
    </facility>
  </location>
  <location>
    <facility>
      <name>Watson Clinical Center for Research, INC</name>
      <address>
        <city>Lakeland</city>
        <state>Florida</state>
        <zip>33805</zip>
        <country>United States</country>
      </address>
    </facility>
  </location>
  <location>
    <facility>
      <name>UF Health Cancer Center at Orlando Health</name>
      <address>
        <city>Longwood</city>
        <state>Florida</state>
        <zip>32750</zip>
        <country>United States</country>
      </address>
    </facility>
  </location>
  <location>
    <facility>
      <name>Mount Sinai Medical Center</name>
      <address>
        <city>Miami Beach</city>
        <state>Florida</state>
        <zip>33140</zip>
        <country>United States</country>
      </address>
    </facility>
  </location>
  <location>
    <facility>
      <name>Mid Florida Hematology and Oncology Centers</name>
      <address>
        <city>Orange City</city>
        <state>Florida</state>
        <zip>32763</zip>
        <country>United States</country>
      </address>
    </facility>
  </location>
  <location>
    <facility>
      <name>Sacred Heart Medical Oncology Group</name>
      <address>
        <city>Pensacola</city>
        <state>Florida</state>
        <zip>32504</zip>
        <country>United States</country>
      </address>
    </facility>
  </location>
  <location>
    <facility>
      <name>Tallahassee Memorial Healthcare</name>
      <address>
        <city>Tallahassee</city>
        <state>Florida</state>
        <zip>32308</zip>
        <country>United States</country>
      </address>
    </facility>
  </location>
  <location>
    <facility>
      <name>H. Lee Moffitt Cancer Center Moffitt Cancer Center</name>
      <address>
        <city>Tampa</city>
        <state>Florida</state>
        <zip>33612</zip>
        <country>United States</country>
      </address>
    </facility>
  </location>
  <location>
    <facility>
      <name>Harbin Clinic</name>
      <address>
        <city>Rome</city>
        <state>Georgia</state>
        <zip>30165</zip>
        <country>United States</country>
      </address>
    </facility>
  </location>
  <location>
    <facility>
      <name>Summit Cancer Care</name>
      <address>
        <city>Savannah</city>
        <state>Georgia</state>
        <zip>31405</zip>
        <country>United States</country>
      </address>
    </facility>
  </location>
  <location>
    <facility>
      <name>The Queen's Medical Center</name>
      <address>
        <city>Honolulu</city>
        <state>Hawaii</state>
        <zip>96813</zip>
        <country>United States</country>
      </address>
    </facility>
  </location>
  <location>
    <facility>
      <name>North Shore University Health System</name>
      <address>
        <city>Evanston</city>
        <state>Illinois</state>
        <zip>60201</zip>
        <country>United States</country>
      </address>
    </facility>
  </location>
  <location>
    <facility>
      <name>Ingalls Cancer Research Center</name>
      <address>
        <city>Harvey</city>
        <state>Illinois</state>
        <zip>60426</zip>
        <country>United States</country>
      </address>
    </facility>
  </location>
  <location>
    <facility>
      <name>Oncology Specialits, S.C.</name>
      <address>
        <city>Niles</city>
        <state>Illinois</state>
        <zip>60714</zip>
        <country>United States</country>
      </address>
    </facility>
  </location>
  <location>
    <facility>
      <name>Orchard Healthcare Research Inc.</name>
      <address>
        <city>Skokie</city>
        <state>Illinois</state>
        <zip>60077</zip>
        <country>United States</country>
      </address>
    </facility>
  </location>
  <location>
    <facility>
      <name>Simmons Cancer Institute at SIU School of Medicine</name>
      <address>
        <city>Springfield</city>
        <state>Illinois</state>
        <zip>62702</zip>
        <country>United States</country>
      </address>
    </facility>
  </location>
  <location>
    <facility>
      <name>Stormont-Vail Cancer Center</name>
      <address>
        <city>Topeka</city>
        <state>Kansas</state>
        <zip>66606</zip>
        <country>United States</country>
      </address>
    </facility>
  </location>
  <location>
    <facility>
      <name>University of Kansas Medical Center</name>
      <address>
        <city>Westwood</city>
        <state>Kansas</state>
        <zip>66205</zip>
        <country>United States</country>
      </address>
    </facility>
  </location>
  <location>
    <facility>
      <name>West Ky Hematology &amp; Oncology</name>
      <address>
        <city>Paducah</city>
        <state>Kentucky</state>
        <zip>42003</zip>
        <country>United States</country>
      </address>
    </facility>
  </location>
  <location>
    <facility>
      <name>Ochsner Clinic Foundation</name>
      <address>
        <city>New Orleans</city>
        <state>Louisiana</state>
        <zip>70121</zip>
        <country>United States</country>
      </address>
    </facility>
  </location>
  <location>
    <facility>
      <name>CHRISTUS Schumpert Cancer Treatment Center</name>
      <address>
        <city>Shreveport</city>
        <state>Louisiana</state>
        <zip>71101</zip>
        <country>United States</country>
      </address>
    </facility>
  </location>
  <location>
    <facility>
      <name>Saint Agnes Hospital</name>
      <address>
        <city>Baltimore</city>
        <state>Maryland</state>
        <zip>21229</zip>
        <country>United States</country>
      </address>
    </facility>
  </location>
  <location>
    <facility>
      <name>Beth Israel Deaconess Medical Center</name>
      <address>
        <city>Boston</city>
        <state>Massachusetts</state>
        <zip>02215</zip>
        <country>United States</country>
      </address>
    </facility>
  </location>
  <location>
    <facility>
      <name>Masonic Cancer Center</name>
      <address>
        <city>Minneapolis</city>
        <state>Minnesota</state>
        <zip>55455</zip>
        <country>United States</country>
      </address>
    </facility>
  </location>
  <location>
    <facility>
      <name>Mayo Clinic Cancer Center (MCCC)</name>
      <address>
        <city>Rochester</city>
        <state>Minnesota</state>
        <zip>55905</zip>
        <country>United States</country>
      </address>
    </facility>
  </location>
  <location>
    <facility>
      <name>Forrest General Cancer Center</name>
      <address>
        <city>Hattiesburg</city>
        <state>Mississippi</state>
        <zip>39119</zip>
        <country>United States</country>
      </address>
    </facility>
  </location>
  <location>
    <facility>
      <name>Central Care Cancer Center</name>
      <address>
        <city>Bolivar</city>
        <state>Missouri</state>
        <zip>65613</zip>
        <country>United States</country>
      </address>
    </facility>
  </location>
  <location>
    <facility>
      <name>Nebraska Hematology-Oncology, P.C.</name>
      <address>
        <city>Lincoln</city>
        <state>Nebraska</state>
        <zip>68506</zip>
        <country>United States</country>
      </address>
    </facility>
  </location>
  <location>
    <facility>
      <name>Oncology Hematology West P.C.</name>
      <address>
        <city>Omaha</city>
        <state>Nebraska</state>
        <zip>68130</zip>
        <country>United States</country>
      </address>
    </facility>
  </location>
  <location>
    <facility>
      <name>John Theurer Cancer Center at Hackensack University Medical Center</name>
      <address>
        <city>Hackensack</city>
        <state>New Jersey</state>
        <zip>76520</zip>
        <country>United States</country>
      </address>
    </facility>
  </location>
  <location>
    <facility>
      <name>Atlantic Health, Morristown Medical Center</name>
      <address>
        <city>Morristown</city>
        <state>New Jersey</state>
        <zip>07960</zip>
        <country>United States</country>
      </address>
    </facility>
  </location>
  <location>
    <facility>
      <name>Meridian Health</name>
      <address>
        <city>Neptune</city>
        <state>New Jersey</state>
        <zip>07753</zip>
        <country>United States</country>
      </address>
    </facility>
  </location>
  <location>
    <facility>
      <name>Rosewell Park Cancer Institute</name>
      <address>
        <city>Buffalo</city>
        <state>New York</state>
        <zip>14263</zip>
        <country>United States</country>
      </address>
    </facility>
  </location>
  <location>
    <facility>
      <name>Center of Learning Healthcare</name>
      <address>
        <city>Durham</city>
        <state>North Carolina</state>
        <zip>27705</zip>
        <country>United States</country>
      </address>
    </facility>
  </location>
  <location>
    <facility>
      <name>Hematolgoy and Oncology Associates, Inc.</name>
      <address>
        <city>Canton</city>
        <state>Ohio</state>
        <zip>44708</zip>
        <country>United States</country>
      </address>
    </facility>
  </location>
  <location>
    <facility>
      <name>Aultman Hospital</name>
      <address>
        <city>Canton</city>
        <state>Ohio</state>
        <zip>44710</zip>
        <country>United States</country>
      </address>
    </facility>
  </location>
  <location>
    <facility>
      <name>Tri-County Hematology and Oncology Associates, Inc</name>
      <address>
        <city>Massillon</city>
        <state>Ohio</state>
        <zip>44646</zip>
        <country>United States</country>
      </address>
    </facility>
  </location>
  <location>
    <facility>
      <name>Genesis Cancer Care Center</name>
      <address>
        <city>Zanesville</city>
        <state>Ohio</state>
        <zip>43701</zip>
        <country>United States</country>
      </address>
    </facility>
  </location>
  <location>
    <facility>
      <name>St. Charles Medical Center - Cancer Center</name>
      <address>
        <city>Bend</city>
        <state>Oregon</state>
        <zip>97701</zip>
        <country>United States</country>
      </address>
    </facility>
  </location>
  <location>
    <facility>
      <name>Network Office of Research &amp; Innovation / Lehigh Valley Health Network</name>
      <address>
        <city>Allentown</city>
        <state>Pennsylvania</state>
        <zip>18103</zip>
        <country>United States</country>
      </address>
    </facility>
  </location>
  <location>
    <facility>
      <name>St. Luke's Hospital and Health Network</name>
      <address>
        <city>Bethlehem</city>
        <state>Pennsylvania</state>
        <zip>18015</zip>
        <country>United States</country>
      </address>
    </facility>
  </location>
  <location>
    <facility>
      <name>The Regional Cancer Center</name>
      <address>
        <city>Erie</city>
        <state>Pennsylvania</state>
        <zip>15505</zip>
        <country>United States</country>
      </address>
    </facility>
  </location>
  <location>
    <facility>
      <name>Lancaster General Health</name>
      <address>
        <city>Lancaster</city>
        <state>Pennsylvania</state>
        <zip>17604</zip>
        <country>United States</country>
      </address>
    </facility>
  </location>
  <location>
    <facility>
      <name>Jefferson Medical Oncology</name>
      <address>
        <city>Philadelphia</city>
        <state>Pennsylvania</state>
        <zip>19107</zip>
        <country>United States</country>
      </address>
    </facility>
  </location>
  <location>
    <facility>
      <name>Allegheny Health Network</name>
      <address>
        <city>Pittsburgh</city>
        <state>Pennsylvania</state>
        <zip>15224</zip>
        <country>United States</country>
      </address>
    </facility>
  </location>
  <location>
    <facility>
      <name>UPCI - UPMC Cancer Center</name>
      <address>
        <city>Pittsburgh</city>
        <state>Pennsylvania</state>
        <zip>15232</zip>
        <country>United States</country>
      </address>
    </facility>
  </location>
  <location>
    <facility>
      <name>Thompson Cancer Survival Center</name>
      <address>
        <city>Knoxville</city>
        <state>Tennessee</state>
        <zip>37916</zip>
        <country>United States</country>
      </address>
    </facility>
  </location>
  <location>
    <facility>
      <name>Texas Oncology</name>
      <address>
        <city>Austin</city>
        <state>Texas</state>
        <zip>78731</zip>
        <country>United States</country>
      </address>
    </facility>
  </location>
  <location>
    <facility>
      <name>Texas Oncology</name>
      <address>
        <city>El Paso</city>
        <state>Texas</state>
        <zip>79902</zip>
        <country>United States</country>
      </address>
    </facility>
  </location>
  <location>
    <facility>
      <name>Texas Oncology</name>
      <address>
        <city>Paris</city>
        <state>Texas</state>
        <zip>75460</zip>
        <country>United States</country>
      </address>
    </facility>
  </location>
  <location>
    <facility>
      <name>Huntsman Cancer Institute at the University of Utah</name>
      <address>
        <city>Salt Lake City</city>
        <state>Utah</state>
        <zip>84112</zip>
        <country>United States</country>
      </address>
    </facility>
  </location>
  <location>
    <facility>
      <name>Inova Melanoma and Skin Cancer Center</name>
      <address>
        <city>Fairfax</city>
        <state>Virginia</state>
        <zip>22031</zip>
        <country>United States</country>
      </address>
    </facility>
  </location>
  <location>
    <facility>
      <name>Providence Regional Medical Center Everett</name>
      <address>
        <city>Everett</city>
        <state>Washington</state>
        <zip>98201</zip>
        <country>United States</country>
      </address>
    </facility>
  </location>
  <location>
    <facility>
      <name>Cancer Care Northwest</name>
      <address>
        <city>Spokane</city>
        <state>Washington</state>
        <zip>99216</zip>
        <country>United States</country>
      </address>
    </facility>
  </location>
  <location>
    <facility>
      <name>West Virginia University</name>
      <address>
        <city>Bridgeport</city>
        <state>West Virginia</state>
        <zip>26330</zip>
        <country>United States</country>
      </address>
    </facility>
  </location>
  <location>
    <facility>
      <name>West Virginia University</name>
      <address>
        <city>Huntington</city>
        <state>West Virginia</state>
        <zip>25702</zip>
        <country>United States</country>
      </address>
    </facility>
  </location>
  <location>
    <facility>
      <name>West Virginia University Hematolgoy &amp; Oncology</name>
      <address>
        <city>Martinsburg</city>
        <state>West Virginia</state>
        <zip>25401</zip>
        <country>United States</country>
      </address>
    </facility>
  </location>
  <location>
    <facility>
      <name>West Virginia University</name>
      <address>
        <city>Morgantown</city>
        <state>West Virginia</state>
        <zip>26506</zip>
        <country>United States</country>
      </address>
    </facility>
  </location>
  <location>
    <facility>
      <name>Gundersen Lutheran Medical Foundations, Inc.</name>
      <address>
        <city>La Crosse</city>
        <state>Wisconsin</state>
        <zip>54601</zip>
        <country>United States</country>
      </address>
    </facility>
  </location>
  <location_countries>
    <country>United States</country>
  </location_countries>
  <link>
    <url>https://www.bms.com/researchers-and-partners/clinical-trials-and-research.html</url>
    <description>BMS Clinical Trial Information</description>
  </link>
  <link>
    <url>https://www.bms.com/researchers-and-partners/clinical-trials-and-research.html</url>
    <description>Investigator Inquiry Form</description>
  </link>
  <link>
    <url>https://www.fda.gov/Safety/MedWatch/SafetyInformation/default.htm</url>
    <description>FDA Safety Alerts and Recalls</description>
  </link>
  <link>
    <url>https://www.bmsstudyconnect.com/s/US/English/USenHome</url>
    <description>BMS Clinical Trial Patient Recruiting</description>
  </link>
  <verification_date>May 2022</verification_date>
  <study_first_submitted>April 25, 2016</study_first_submitted>
  <study_first_submitted_qc>May 19, 2016</study_first_submitted_qc>
  <study_first_posted type="Estimate">May 23, 2016</study_first_posted>
  <last_update_submitted>May 17, 2022</last_update_submitted>
  <last_update_submitted_qc>May 17, 2022</last_update_submitted_qc>
  <last_update_posted type="Actual">May 23, 2022</last_update_posted>
  <responsible_party>
    <responsible_party_type>Sponsor</responsible_party_type>
  </responsible_party>
  <keyword>Metastatic</keyword>
  <keyword>Unresectable</keyword>
  <condition_browse>
    <!-- CAUTION:  The following MeSH terms are assigned with an imperfect algorithm            -->
    <mesh_term>Melanoma</mesh_term>
  </condition_browse>
  <patient_data>
    <sharing_ipd>Undecided</sharing_ipd>
  </patient_data>
  <!-- Results have not yet been posted for this study                                          -->
</clinical_study>

