<?xml version="1.0" encoding="UTF-8"?>
<clinical_study rank="318">
  <!-- This xml conforms to an XML Schema at:
    https://clinicaltrials.gov/ct2/html/images/info/public.xsd -->
  <required_header>
    <download_date>ClinicalTrials.gov processed this data on February 06, 2024</download_date>
    <link_text>Link to the current ClinicalTrials.gov record.</link_text>
    <url>https://clinicaltrials.gov/ct2/show/NCT02656706</url>
  </required_header>
  <id_info>
    <org_study_id>BrUOG 324</org_study_id>
    <nct_id>NCT02656706</nct_id>
  </id_info>
  <brief_title>Adjuvant Nivolumab &amp; Low Dose Ipilimumab for Stage III &amp; Resected Stage IV Melanoma</brief_title>
  <official_title>Adjuvant Nivolumab and Low Dose Ipilimumab for Stage III and Resected Stage IV Melanoma: A Phase II Brown University Oncology Research Group Trial</official_title>
  <sponsors>
    <lead_sponsor>
      <agency>Brown University</agency>
      <agency_class>Other</agency_class>
    </lead_sponsor>
    <collaborator>
      <agency>Rhode Island Hospital</agency>
      <agency_class>Other</agency_class>
    </collaborator>
    <collaborator>
      <agency>The Miriam Hospital</agency>
      <agency_class>Other</agency_class>
    </collaborator>
  </sponsors>
  <source>Brown University</source>
  <oversight_info>
    <has_dmc>Yes</has_dmc>
  </oversight_info>
  <brief_summary>
    <textblock>
      Effective adjuvant treatment can increase cure in patients with high-risk resected melanoma.&#xD;
      High dose interferon is a standard of care in the adjuvant setting but is highly toxic and&#xD;
      marginally effective. The combination of ipilimumab and nivolumab is the most active regimen&#xD;
      in patients with advanced melanoma so there is clear rationale to test this regimen in the&#xD;
      adjuvant setting. Investigators are testing if nivolumab 3mg/kg every 2 weeks with 1mg/kg&#xD;
      ipilimumab every 6 weeks in the high risk adjuvant setting. The duration of therapy will be&#xD;
      six months.&#xD;
    </textblock>
  </brief_summary>
  <detailed_description>
    <textblock>
      See above summary&#xD;
    </textblock>
  </detailed_description>
  <overall_status>Active, not recruiting</overall_status>
  <start_date type="Actual">July 2016</start_date>
  <completion_date type="Anticipated">July 2024</completion_date>
  <primary_completion_date type="Actual">March 2019</primary_completion_date>
  <phase>Phase 2</phase>
  <study_type>Interventional</study_type>
  <has_expanded_access>No</has_expanded_access>
  <study_design_info>
    <allocation>N/A</allocation>
    <intervention_model>Single Group Assignment</intervention_model>
    <primary_purpose>Treatment</primary_purpose>
    <masking>None (Open Label)</masking>
  </study_design_info>
  <primary_outcome>
    <measure>Number of Participants With Treatment Related Toxicities</measure>
    <time_frame>From day 1 of treatment through 30 days post the last dose of drug, for a total of about 7 months.</time_frame>
  </primary_outcome>
  <primary_outcome>
    <measure>Number of Participants With Progression-free and Survival Overall</measure>
    <time_frame>Post treatment for up to 5 years</time_frame>
  </primary_outcome>
  <number_of_arms>1</number_of_arms>
  <enrollment type="Actual">22</enrollment>
  <condition>Melanoma</condition>
  <arm_group>
    <arm_group_label>Adjuvant treatment</arm_group_label>
    <arm_group_type>Experimental</arm_group_type>
    <description>Ipilumumab:1mg/kg q6weeks (1 dose per cycle, 4 planned treatments over 6 months total) Nivolumab:3mg/kg q2weeks (3 doses per cycle, 12 planned treatments over 6 months total)</description>
  </arm_group>
  <intervention>
    <intervention_type>Drug</intervention_type>
    <intervention_name>Ipilumumab</intervention_name>
    <arm_group_label>Adjuvant treatment</arm_group_label>
  </intervention>
  <intervention>
    <intervention_type>Drug</intervention_type>
    <intervention_name>Nivolumab</intervention_name>
    <arm_group_label>Adjuvant treatment</arm_group_label>
  </intervention>
  <eligibility>
    <criteria>
      <textblock>
        Inclusion Criteria:&#xD;
&#xD;
          -  Histologically or cytologically proven melanoma. The primary site of melanoma may be&#xD;
             cutaneous on other body site such as ocular or anorectal. Documentation required to be&#xD;
             sent to BrUOG.&#xD;
&#xD;
          -  Completely resected stage III (lymph node positive) or resected stage IV disease.&#xD;
             Patients with stage T4BN0 are also eligible. It is required that patients with stage&#xD;
             IIIA disease have &gt; 1mm nodal involvement via pathology assessment of the resected&#xD;
             node. All patients must be disease free to be eligible.&#xD;
&#xD;
          -  No prior treatment for melanoma other than surgical resection or radiation. At least 4&#xD;
             weeks since prior surgery and 3 weeks since prior radiation to registration date.&#xD;
&#xD;
          -  Age &gt;/= 18 years&#xD;
&#xD;
          -  ECOG performance status 0-1&#xD;
&#xD;
          -  Patients must have organ and marrow function as defined below within 14 days of study&#xD;
             entry:&#xD;
&#xD;
        Hematologic Absolute neutrophil count (ANC) &gt;/= 1.5 X 109/L; Hemoglobin &gt;/= 9.5 g/dL;&#xD;
        Platelets &gt;/= 100 X 109/L; Total Bilirubin ≤ 1.5 x ULN except subjects with normal direct&#xD;
        bilirubin or those with known Gilbert's syndrome. Send information to BrUOG if patient has&#xD;
        known Gilbert's syndrome AST and ALT &lt;/= 2.5 X ULN Albumin &gt;/= 2.5 g/dL Renal Creatinine OR&#xD;
        Calculated creatinine clearance : Creatinine &lt;/= 1.5 mg/dl or creatinine clearance &gt;&#xD;
        50ml/min&#xD;
&#xD;
          -  No clinically significant coagulation disorder as defined by the treating MD.&#xD;
             Therapeutic use of anticoagulants is permissible. Add to concomitant medication log if&#xD;
             applicable.&#xD;
&#xD;
          -  Not pregnant and not nursing. Women of child bearing potential must have a negative&#xD;
             serum pregnancy test (minimum sensitivity 25 IU/L or equivalent units of HCG) within 7&#xD;
             days prior to Day 1 of treatment. Post-menopausal women (surgical menopause or lack of&#xD;
             menses &gt;12 months) do not need to have a pregnancy test, please document status.&#xD;
&#xD;
          -  Confirmation of informed consent.&#xD;
&#xD;
          -  Men and women of childbearing potential enrolled in this study must agree to use&#xD;
             adequate barrier birth control measures during the course of the study and up to 2&#xD;
             months after end of treatment.&#xD;
&#xD;
        Exclusion Criteria:&#xD;
&#xD;
          -  Currently receiving cancer therapy (chemotherapy, radiation therapy, immunotherapy, or&#xD;
             biologic therapy) or investigational anti-cancer drug&#xD;
&#xD;
          -  Brain metastases, whether resected or not, and any known leptomeningeal disease or&#xD;
             known bone metastases.&#xD;
&#xD;
          -  Pregnant or breastfeeding female&#xD;
&#xD;
          -  Unwillingness or inability to follow the procedures required in the protocol, to&#xD;
             document&#xD;
&#xD;
          -  Any serious or uncontrolled medical disorder that, in the opinion of the investigator,&#xD;
             may increase the risk associated with study participation or study drug&#xD;
             administration, impair the ability of the subject to receive protocol therapy, or&#xD;
             interfere with the interpretation of study results.&#xD;
&#xD;
          -  Prior malignancy active within the previous 2 years except for locally curable cancers&#xD;
             that have been apparently cured, such as basal or squamous cell skin cancer,&#xD;
             superficial bladder cancer, or carcinoma in situ of the prostate, cervix, or breast.&#xD;
             Documentation required to be sent to BrUOG&#xD;
&#xD;
          -  Subjects with active, known or suspected autoimmune disease. Subjects with vitiligo,&#xD;
             controlled type I diabetes mellitus, residual hypothyroidism due to autoimmune&#xD;
             condition only requiring hormone replacement, psoriasis not requiring systemic&#xD;
             treatment, or conditions not expected to recur in the absence of an external trigger&#xD;
             are permitted to enroll.&#xD;
&#xD;
          -  Subjects with a condition requiring systemic treatment with either corticosteroids (&gt;&#xD;
             10 mg daily prednisone equivalents) or other immunosuppressive medications within 14&#xD;
             days of study drug administration. Inhaled or topical steroids and adrenal replacement&#xD;
             doses &gt;10mg daily of prednisone equivalents are permitted in the absence of active&#xD;
             autoimmune disease.&#xD;
&#xD;
          -  Prior treatment with an anti-PD-1, anti-PD-L1 or anti-CTLA-4 antibody&#xD;
&#xD;
          -  Any positive test result for hepatitis B or C virus indicating acute or chronic&#xD;
             infection&#xD;
&#xD;
          -  Known history of testing positive for human immunodeficiency virus or known acquired&#xD;
             immunodeficiency syndrome&#xD;
&#xD;
          -  History of severe hypersensitivity reaction to any monoclonal antibody.&#xD;
&#xD;
          -  Patients with unstable angina (anginal symptoms at rest) or new-onset angina (began&#xD;
             within the last 3 months) or myocardial infarction within the past 6 months.&#xD;
&#xD;
          -  History of autologous transplant or organ allograft even if not taking&#xD;
             immunosuppressive medications&#xD;
      </textblock>
    </criteria>
    <gender>All</gender>
    <minimum_age>18 Years</minimum_age>
    <maximum_age>N/A</maximum_age>
    <healthy_volunteers>No</healthy_volunteers>
  </eligibility>
  <overall_official>
    <last_name>Howard Safran, MD</last_name>
    <role>Study Chair</role>
    <affiliation>BrUOG Study Chair</affiliation>
  </overall_official>
  <location>
    <facility>
      <name>Rhode Island Hospital and The Miriam Hospital</name>
      <address>
        <city>Providence</city>
        <state>Rhode Island</state>
        <zip>02903/02906</zip>
        <country>United States</country>
      </address>
    </facility>
  </location>
  <location_countries>
    <country>United States</country>
  </location_countries>
  <verification_date>February 2023</verification_date>
  <study_first_submitted>January 11, 2016</study_first_submitted>
  <study_first_submitted_qc>January 13, 2016</study_first_submitted_qc>
  <study_first_posted type="Estimate">January 15, 2016</study_first_posted>
  <results_first_submitted>January 5, 2022</results_first_submitted>
  <results_first_submitted_qc>February 24, 2022</results_first_submitted_qc>
  <results_first_posted type="Actual">March 22, 2022</results_first_posted>
  <last_update_submitted>February 22, 2023</last_update_submitted>
  <last_update_submitted_qc>February 22, 2023</last_update_submitted_qc>
  <last_update_posted type="Actual">February 23, 2023</last_update_posted>
  <responsible_party>
    <responsible_party_type>Sponsor</responsible_party_type>
  </responsible_party>
  <keyword>Adjuvant melanoma</keyword>
  <keyword>Advanced melanoma</keyword>
  <condition_browse>
    <!-- CAUTION:  The following MeSH terms are assigned with an imperfect algorithm            -->
    <mesh_term>Melanoma</mesh_term>
  </condition_browse>
  <intervention_browse>
    <!-- CAUTION:  The following MeSH terms are assigned with an imperfect algorithm            -->
    <mesh_term>Nivolumab</mesh_term>
  </intervention_browse>
  <patient_data>
    <sharing_ipd>No</sharing_ipd>
  </patient_data>
  <provided_document_section>
    <provided_document>
      <document_type>Study Protocol, Statistical Analysis Plan, and Informed Consent Form</document_type>
      <document_has_protocol>Yes</document_has_protocol>
      <document_has_icf>Yes</document_has_icf>
      <document_has_sap>Yes</document_has_sap>
      <document_date>December 8, 2018</document_date>
      <document_url>https://ClinicalTrials.gov/ProvidedDocs/06/NCT02656706/Prot_SAP_ICF_000.pdf</document_url>
    </provided_document>
  </provided_document_section>

  <clinical_results>

    <participant_flow>
      <group_list>
        <group group_id="P1">
          <title>Adjuvant Treatment</title>
          <description>Ipilumumab:1mg/kg q6weeks (1 dose per cycle, 4 planned treatments over 6 months total) Nivolumab:3mg/kg q2weeks (3 doses per cycle, 12 planned treatments over 6 months total)</description>
        </group>
      </group_list>
      <period_list>
        <period>
          <title>Overall Study</title>
          <milestone_list>
            <milestone>
              <title>STARTED</title>
              <participants_list>
                <participants group_id="P1" count="22"/>
              </participants_list>
            </milestone>
            <milestone>
              <title>COMPLETED</title>
              <participants_list>
                <participants group_id="P1" count="21"/>
              </participants_list>
            </milestone>
            <milestone>
              <title>NOT COMPLETED</title>
              <participants_list>
                <participants group_id="P1" count="1"/>
              </participants_list>
            </milestone>
          </milestone_list>
          <drop_withdraw_reason_list>
            <drop_withdraw_reason>
              <title>Insurance Denial</title>
              <participants_list>
                <participants group_id="P1" count="1"/>
              </participants_list>
            </drop_withdraw_reason>
          </drop_withdraw_reason_list>
        </period>
      </period_list>
    </participant_flow>

    <baseline>
      <group_list>
        <group group_id="B1">
          <title>Adjuvant Treatment</title>
          <description>Ipilumumab:1mg/kg q6weeks (1 dose per cycle, 4 planned treatments over 6 months total) Nivolumab:3mg/kg q2weeks (3 doses per cycle, 12 planned treatments over 6 months total)</description>
        </group>
      </group_list>
      <analyzed_list>
        <analyzed>
          <units>Participants</units>
          <scope>Overall</scope>
          <count_list>
            <count group_id="B1" value="21"/>
          </count_list>
        </analyzed>
      </analyzed_list>
      <measure_list>
        <measure>
          <title>Age</title>
          <units>Participants</units>
          <param>Count of Participants</param>
          <class_list>
            <class>
              <category_list>
                <category>
                  <title>&lt;=18 years</title>
                  <measurement_list>
                    <measurement group_id="B1" value="0"/>
                  </measurement_list>
                </category>
                <category>
                  <title>Between 18 and 65 years</title>
                  <measurement_list>
                    <measurement group_id="B1" value="12"/>
                  </measurement_list>
                </category>
                <category>
                  <title>&gt;=65 years</title>
                  <measurement_list>
                    <measurement group_id="B1" value="9"/>
                  </measurement_list>
                </category>
              </category_list>
            </class>
          </class_list>
        </measure>
        <measure>
          <title>Age</title>
          <units>years</units>
          <param>Mean</param>
          <dispersion>Full Range</dispersion>
          <class_list>
            <class>
              <category_list>
                <category>
                  <measurement_list>
                    <measurement group_id="B1" value="57" lower_limit="25" upper_limit="84"/>
                  </measurement_list>
                </category>
              </category_list>
            </class>
          </class_list>
        </measure>
        <measure>
          <title>Sex: Female, Male</title>
          <units>Participants</units>
          <param>Count of Participants</param>
          <class_list>
            <class>
              <category_list>
                <category>
                  <title>Female</title>
                  <measurement_list>
                    <measurement group_id="B1" value="8"/>
                  </measurement_list>
                </category>
                <category>
                  <title>Male</title>
                  <measurement_list>
                    <measurement group_id="B1" value="13"/>
                  </measurement_list>
                </category>
              </category_list>
            </class>
          </class_list>
        </measure>
        <measure>
          <title>Race (NIH/OMB)</title>
          <units>Participants</units>
          <param>Count of Participants</param>
          <class_list>
            <class>
              <category_list>
                <category>
                  <title>American Indian or Alaska Native</title>
                  <measurement_list>
                    <measurement group_id="B1" value="0"/>
                  </measurement_list>
                </category>
                <category>
                  <title>Asian</title>
                  <measurement_list>
                    <measurement group_id="B1" value="0"/>
                  </measurement_list>
                </category>
                <category>
                  <title>Native Hawaiian or Other Pacific Islander</title>
                  <measurement_list>
                    <measurement group_id="B1" value="0"/>
                  </measurement_list>
                </category>
                <category>
                  <title>Black or African American</title>
                  <measurement_list>
                    <measurement group_id="B1" value="0"/>
                  </measurement_list>
                </category>
                <category>
                  <title>White</title>
                  <measurement_list>
                    <measurement group_id="B1" value="21"/>
                  </measurement_list>
                </category>
                <category>
                  <title>More than one race</title>
                  <measurement_list>
                    <measurement group_id="B1" value="0"/>
                  </measurement_list>
                </category>
                <category>
                  <title>Unknown or Not Reported</title>
                  <measurement_list>
                    <measurement group_id="B1" value="0"/>
                  </measurement_list>
                </category>
              </category_list>
            </class>
          </class_list>
        </measure>
        <measure>
          <title>Region of Enrollment</title>
          <units>participants</units>
          <param>Number</param>
          <class_list>
            <class>
              <title>United States</title>
              <category_list>
                <category>
                  <measurement_list>
                    <measurement group_id="B1" value="21"/>
                  </measurement_list>
                </category>
              </category_list>
            </class>
          </class_list>
        </measure>
      </measure_list>
    </baseline>

    <outcome_list>
      <outcome>
        <type>Primary</type>
        <title>Number of Participants With Treatment Related Toxicities</title>
        <time_frame>From day 1 of treatment through 30 days post the last dose of drug, for a total of about 7 months.</time_frame>
        <group_list>
          <group group_id="O1">
            <title>Adjuvant Treatment</title>
            <description>Ipilumumab:1mg/kg q6weeks (1 dose per cycle, 4 planned treatments over 6 months total) Nivolumab:3mg/kg q2weeks (3 doses per cycle, 12 planned treatments over 6 months total)</description>
          </group>
        </group_list>
        <measure>
          <title>Number of Participants With Treatment Related Toxicities</title>
          <units>Participants</units>
          <param>Count of Participants</param>
          <analyzed_list>
            <analyzed>
              <units>Participants</units>
              <scope>Measure</scope>
              <count_list>
                <count group_id="O1" value="21"/>
              </count_list>
            </analyzed>
          </analyzed_list>
          <class_list>
            <class>
              <category_list>
                <category>
                  <measurement_list>
                    <measurement group_id="O1" value="21"/>
                  </measurement_list>
                </category>
              </category_list>
            </class>
          </class_list>
        </measure>
      </outcome>
      <outcome>
        <type>Primary</type>
        <title>Number of Participants With Progression-free and Survival Overall</title>
        <time_frame>Post treatment for up to 5 years</time_frame>
        <group_list>
          <group group_id="O1">
            <title>Adjuvant Treatment</title>
            <description>Ipilumumab:1mg/kg q6weeks (1 dose per cycle, 4 planned treatments over 6 months total) Nivolumab:3mg/kg q2weeks (3 doses per cycle, 12 planned treatments over 6 months total)</description>
          </group>
        </group_list>
        <measure>
          <title>Number of Participants With Progression-free and Survival Overall</title>
          <units>Participants</units>
          <param>Count of Participants</param>
          <analyzed_list>
            <analyzed>
              <units>Participants</units>
              <scope>Measure</scope>
              <count_list>
                <count group_id="O1" value="21"/>
              </count_list>
            </analyzed>
          </analyzed_list>
          <class_list>
            <class>
              <title>2-year progression free survival</title>
              <category_list>
                <category>
                  <measurement_list>
                    <measurement group_id="O1" value="18"/>
                  </measurement_list>
                </category>
              </category_list>
            </class>
            <class>
              <title>2-year overall survall</title>
              <category_list>
                <category>
                  <measurement_list>
                    <measurement group_id="O1" value="19"/>
                  </measurement_list>
                </category>
              </category_list>
            </class>
          </class_list>
        </measure>
      </outcome>
    </outcome_list>

    <reported_events>
      <time_frame>Adverse events were collected from the time a signed and dated ICF is obtained until 30 days after the last dose of treatment, or until the subject withdrew consent from study participation, whichever occurs first. All cause mortality was assessed from the time a signed and dated ICF is obtained until up to 5 years post treatment (approximately 5.5 years).</time_frame>
      <group_list>
        <group group_id="E1">
          <title>Adjuvant Treatment</title>
          <description>Ipilumumab:1mg/kg q6weeks (1 dose per cycle, 4 planned treatments over 6 months total) Nivolumab:3mg/kg q2weeks (3 doses per cycle, 12 planned treatments over 6 months total)</description>
        </group>
      </group_list>
      <serious_events>
        <default_vocab>CTCAE (4.0)</default_vocab>
        <default_assessment>Non-systematic Assessment</default_assessment>
        <category_list>
          <category>
            <title>Total</title>
            <event_list>
              <event>
                <sub_title>Total, all-cause mortality</sub_title>
                <counts group_id="E1" subjects_affected="2" subjects_at_risk="21"/>
              </event>
              <event>
                <sub_title>Total, serious adverse events</sub_title>
                <counts group_id="E1" subjects_affected="11" subjects_at_risk="21"/>
              </event>
            </event_list>
          </category>
          <category>
            <title>Cardiac disorders</title>
            <event_list>
              <event>
                <sub_title>Cardiac Disorders, other</sub_title>
                <description>Unstable angina</description>
                <counts group_id="E1" subjects_affected="1" subjects_at_risk="21"/>
              </event>
              <event>
                <sub_title>Pericardial effusion</sub_title>
                <counts group_id="E1" subjects_affected="1" subjects_at_risk="21"/>
              </event>
            </event_list>
          </category>
          <category>
            <title>Endocrine disorders</title>
            <event_list>
              <event>
                <sub_title>Adrenal insufficiency</sub_title>
                <counts group_id="E1" subjects_affected="1" subjects_at_risk="21"/>
              </event>
              <event>
                <sub_title>Endocrine disorders, other</sub_title>
                <counts group_id="E1" subjects_affected="1" subjects_at_risk="21"/>
              </event>
            </event_list>
          </category>
          <category>
            <title>Gastrointestinal disorders</title>
            <event_list>
              <event>
                <sub_title>Colitis</sub_title>
                <counts group_id="E1" subjects_affected="2" subjects_at_risk="21"/>
              </event>
              <event>
                <sub_title>Diarrhea</sub_title>
                <counts group_id="E1" subjects_affected="1" subjects_at_risk="21"/>
              </event>
              <event>
                <sub_title>Nausea</sub_title>
                <counts group_id="E1" subjects_affected="1" subjects_at_risk="21"/>
              </event>
              <event>
                <sub_title>Vomitting</sub_title>
                <counts group_id="E1" subjects_affected="1" subjects_at_risk="21"/>
              </event>
            </event_list>
          </category>
          <category>
            <title>General disorders</title>
            <event_list>
              <event>
                <sub_title>Pain</sub_title>
                <counts group_id="E1" subjects_affected="2" subjects_at_risk="21"/>
              </event>
            </event_list>
          </category>
          <category>
            <title>Immune system disorders</title>
            <event_list>
              <event>
                <sub_title>Immune system disorders, other</sub_title>
                <description>Immune Mediated Hepatitis</description>
                <counts group_id="E1" subjects_affected="3" subjects_at_risk="21"/>
              </event>
            </event_list>
          </category>
          <category>
            <title>Infections and infestations</title>
            <event_list>
              <event>
                <sub_title>Infection</sub_title>
                <counts group_id="E1" subjects_affected="1" subjects_at_risk="21"/>
              </event>
            </event_list>
          </category>
          <category>
            <title>Investigations</title>
            <event_list>
              <event>
                <sub_title>Alanine aminotransferase increased</sub_title>
                <counts group_id="E1" subjects_affected="1" subjects_at_risk="21"/>
              </event>
              <event>
                <sub_title>Creatinine increased</sub_title>
                <counts group_id="E1" subjects_affected="2" subjects_at_risk="21"/>
              </event>
            </event_list>
          </category>
          <category>
            <title>Metabolism and nutrition disorders</title>
            <event_list>
              <event>
                <sub_title>Dehydration</sub_title>
                <counts group_id="E1" subjects_affected="3" subjects_at_risk="21"/>
              </event>
              <event>
                <sub_title>Hyperglycemia</sub_title>
                <counts group_id="E1" subjects_affected="1" subjects_at_risk="21"/>
              </event>
              <event>
                <sub_title>Hyponatremia</sub_title>
                <counts group_id="E1" subjects_affected="1" subjects_at_risk="21"/>
              </event>
            </event_list>
          </category>
          <category>
            <title>Nervous system disorders</title>
            <event_list>
              <event>
                <sub_title>Meningismus</sub_title>
                <counts group_id="E1" subjects_affected="1" subjects_at_risk="21"/>
              </event>
              <event>
                <sub_title>Stroke</sub_title>
                <counts group_id="E1" subjects_affected="1" subjects_at_risk="21"/>
              </event>
              <event>
                <sub_title>Syncope</sub_title>
                <counts group_id="E1" subjects_affected="1" subjects_at_risk="21"/>
              </event>
            </event_list>
          </category>
          <category>
            <title>Psychiatric disorders</title>
            <event_list>
              <event>
                <sub_title>Confusion</sub_title>
                <counts group_id="E1" subjects_affected="1" subjects_at_risk="21"/>
              </event>
            </event_list>
          </category>
          <category>
            <title>Respiratory, thoracic and mediastinal disorders</title>
            <event_list>
              <event>
                <sub_title>Chylothorax</sub_title>
                <counts group_id="E1" subjects_affected="1" subjects_at_risk="21"/>
              </event>
              <event>
                <sub_title>Pleural effusion</sub_title>
                <counts group_id="E1" subjects_affected="1" subjects_at_risk="21"/>
              </event>
            </event_list>
          </category>
          <category>
            <title>Skin and subcutaneous tissue disorders</title>
            <event_list>
              <event>
                <sub_title>Rash</sub_title>
                <counts group_id="E1" subjects_affected="1" subjects_at_risk="21"/>
              </event>
            </event_list>
          </category>
        </category_list>
      </serious_events>
      <other_events>
        <frequency_threshold>5</frequency_threshold>
        <default_vocab>CTCAE (4.0)</default_vocab>
        <default_assessment>Non-systematic Assessment</default_assessment>
        <category_list>
          <category>
            <title>Total</title>
            <event_list>
              <event>
                <sub_title>Total, other adverse events</sub_title>
                <counts group_id="E1" subjects_affected="20" subjects_at_risk="21"/>
              </event>
            </event_list>
          </category>
          <category>
            <title>Blood and lymphatic system disorders</title>
            <event_list>
              <event>
                <sub_title>Anemia</sub_title>
                <counts group_id="E1" subjects_affected="10" subjects_at_risk="21"/>
              </event>
            </event_list>
          </category>
          <category>
            <title>Endocrine disorders</title>
            <event_list>
              <event>
                <sub_title>Adrenal insufficiency</sub_title>
                <counts group_id="E1" subjects_affected="2" subjects_at_risk="21"/>
              </event>
              <event>
                <sub_title>Hyperthyroidism</sub_title>
                <counts group_id="E1" subjects_affected="7" subjects_at_risk="21"/>
              </event>
              <event>
                <sub_title>Hypothyroidism</sub_title>
                <counts group_id="E1" subjects_affected="2" subjects_at_risk="21"/>
              </event>
            </event_list>
          </category>
          <category>
            <title>Eye disorders</title>
            <event_list>
              <event>
                <sub_title>Blurred vision</sub_title>
                <counts group_id="E1" subjects_affected="5" subjects_at_risk="21"/>
              </event>
            </event_list>
          </category>
          <category>
            <title>Gastrointestinal disorders</title>
            <event_list>
              <event>
                <sub_title>Colitis</sub_title>
                <counts group_id="E1" subjects_affected="2" subjects_at_risk="21"/>
              </event>
              <event>
                <sub_title>Constipation</sub_title>
                <counts group_id="E1" subjects_affected="2" subjects_at_risk="21"/>
              </event>
              <event>
                <sub_title>Diarrhea</sub_title>
                <counts group_id="E1" subjects_affected="8" subjects_at_risk="21"/>
              </event>
              <event>
                <sub_title>Dry mouth</sub_title>
                <counts group_id="E1" subjects_affected="4" subjects_at_risk="21"/>
              </event>
              <event>
                <sub_title>Gastroesophageal reflux disease</sub_title>
                <counts group_id="E1" subjects_affected="3" subjects_at_risk="21"/>
              </event>
              <event>
                <sub_title>Nausea</sub_title>
                <counts group_id="E1" subjects_affected="11" subjects_at_risk="21"/>
              </event>
              <event>
                <sub_title>Vomiting</sub_title>
                <counts group_id="E1" subjects_affected="4" subjects_at_risk="21"/>
              </event>
            </event_list>
          </category>
          <category>
            <title>General disorders</title>
            <event_list>
              <event>
                <sub_title>Edema</sub_title>
                <counts group_id="E1" subjects_affected="6" subjects_at_risk="21"/>
              </event>
              <event>
                <sub_title>Fatigue</sub_title>
                <counts group_id="E1" subjects_affected="13" subjects_at_risk="21"/>
              </event>
              <event>
                <sub_title>Non cardiac chest pain</sub_title>
                <counts group_id="E1" subjects_affected="3" subjects_at_risk="21"/>
              </event>
              <event>
                <sub_title>Pain</sub_title>
                <counts group_id="E1" subjects_affected="9" subjects_at_risk="21"/>
              </event>
            </event_list>
          </category>
          <category>
            <title>Immune system disorders</title>
            <event_list>
              <event>
                <sub_title>Immune system disorders, other</sub_title>
                <counts group_id="E1" subjects_affected="2" subjects_at_risk="21"/>
              </event>
              <event>
                <sub_title>Immune system disorders, other</sub_title>
                <description>Immune mediated hepatitis</description>
                <counts group_id="E1" subjects_affected="2" subjects_at_risk="21"/>
              </event>
            </event_list>
          </category>
          <category>
            <title>Infections and infestations</title>
            <event_list>
              <event>
                <sub_title>Infection</sub_title>
                <counts group_id="E1" subjects_affected="6" subjects_at_risk="21"/>
              </event>
            </event_list>
          </category>
          <category>
            <title>Investigations</title>
            <event_list>
              <event>
                <sub_title>Alanine aminotransferase increased</sub_title>
                <counts group_id="E1" subjects_affected="8" subjects_at_risk="21"/>
              </event>
              <event>
                <sub_title>Aspartate aminotransferase increased</sub_title>
                <counts group_id="E1" subjects_affected="6" subjects_at_risk="21"/>
              </event>
              <event>
                <sub_title>Blood bilirubin increased</sub_title>
                <counts group_id="E1" subjects_affected="3" subjects_at_risk="21"/>
              </event>
              <event>
                <sub_title>Creatinine increased</sub_title>
                <counts group_id="E1" subjects_affected="4" subjects_at_risk="21"/>
              </event>
              <event>
                <sub_title>Hemoglobin increased</sub_title>
                <counts group_id="E1" subjects_affected="5" subjects_at_risk="21"/>
              </event>
              <event>
                <sub_title>Lymphocyte count decreased</sub_title>
                <counts group_id="E1" subjects_affected="9" subjects_at_risk="21"/>
              </event>
              <event>
                <sub_title>Platelet count decreased</sub_title>
                <counts group_id="E1" subjects_affected="5" subjects_at_risk="21"/>
              </event>
              <event>
                <sub_title>Weight gain</sub_title>
                <counts group_id="E1" subjects_affected="3" subjects_at_risk="21"/>
              </event>
              <event>
                <sub_title>Weight loss</sub_title>
                <counts group_id="E1" subjects_affected="6" subjects_at_risk="21"/>
              </event>
            </event_list>
          </category>
          <category>
            <title>Metabolism and nutrition disorders</title>
            <event_list>
              <event>
                <sub_title>Anorexia</sub_title>
                <counts group_id="E1" subjects_affected="3" subjects_at_risk="21"/>
              </event>
              <event>
                <sub_title>Dehydration</sub_title>
                <counts group_id="E1" subjects_affected="4" subjects_at_risk="21"/>
              </event>
              <event>
                <sub_title>Hyperglycemia</sub_title>
                <counts group_id="E1" subjects_affected="2" subjects_at_risk="21"/>
              </event>
              <event>
                <sub_title>Hypoalbuminemia</sub_title>
                <counts group_id="E1" subjects_affected="4" subjects_at_risk="21"/>
              </event>
              <event>
                <sub_title>Hypocalcemia</sub_title>
                <counts group_id="E1" subjects_affected="4" subjects_at_risk="21"/>
              </event>
              <event>
                <sub_title>Hypokalemia</sub_title>
                <counts group_id="E1" subjects_affected="13" subjects_at_risk="21"/>
              </event>
              <event>
                <sub_title>Hypomagnesemia</sub_title>
                <counts group_id="E1" subjects_affected="9" subjects_at_risk="21"/>
              </event>
              <event>
                <sub_title>Hyponatremia</sub_title>
                <counts group_id="E1" subjects_affected="12" subjects_at_risk="21"/>
              </event>
            </event_list>
          </category>
          <category>
            <title>Musculoskeletal and connective tissue disorders</title>
            <event_list>
              <event>
                <sub_title>Generalized muscle weakness</sub_title>
                <counts group_id="E1" subjects_affected="2" subjects_at_risk="21"/>
              </event>
              <event>
                <sub_title>Myalgia</sub_title>
                <counts group_id="E1" subjects_affected="2" subjects_at_risk="21"/>
              </event>
            </event_list>
          </category>
          <category>
            <title>Nervous system disorders</title>
            <event_list>
              <event>
                <sub_title>Paresthesia</sub_title>
                <counts group_id="E1" subjects_affected="2" subjects_at_risk="21"/>
              </event>
            </event_list>
          </category>
          <category>
            <title>Psychiatric disorders</title>
            <event_list>
              <event>
                <sub_title>Anxiety</sub_title>
                <counts group_id="E1" subjects_affected="4" subjects_at_risk="21"/>
              </event>
              <event>
                <sub_title>Insomnia</sub_title>
                <counts group_id="E1" subjects_affected="6" subjects_at_risk="21"/>
              </event>
            </event_list>
          </category>
          <category>
            <title>Renal and urinary disorders</title>
            <event_list>
              <event>
                <sub_title>Acute kidney injury</sub_title>
                <counts group_id="E1" subjects_affected="2" subjects_at_risk="21"/>
              </event>
            </event_list>
          </category>
          <category>
            <title>Respiratory, thoracic and mediastinal disorders</title>
            <event_list>
              <event>
                <sub_title>Allergic rhinitis</sub_title>
                <counts group_id="E1" subjects_affected="3" subjects_at_risk="21"/>
              </event>
              <event>
                <sub_title>Nasal congestion</sub_title>
                <counts group_id="E1" subjects_affected="2" subjects_at_risk="21"/>
              </event>
              <event>
                <sub_title>Productive cough</sub_title>
                <counts group_id="E1" subjects_affected="3" subjects_at_risk="21"/>
              </event>
              <event>
                <sub_title>Sore throat</sub_title>
                <counts group_id="E1" subjects_affected="2" subjects_at_risk="21"/>
              </event>
              <event>
                <sub_title>Wheezing</sub_title>
                <counts group_id="E1" subjects_affected="2" subjects_at_risk="21"/>
              </event>
            </event_list>
          </category>
          <category>
            <title>Skin and subcutaneous tissue disorders</title>
            <event_list>
              <event>
                <sub_title>Pruritus</sub_title>
                <counts group_id="E1" subjects_affected="8" subjects_at_risk="21"/>
              </event>
              <event>
                <sub_title>Rash</sub_title>
                <counts group_id="E1" subjects_affected="10" subjects_at_risk="21"/>
              </event>
              <event>
                <sub_title>Skin and subcutaneous tissue disorders, other</sub_title>
                <description>Pimple axilla</description>
                <counts group_id="E1" subjects_affected="2" subjects_at_risk="21"/>
              </event>
              <event>
                <sub_title>Skin hypopigmentation</sub_title>
                <counts group_id="E1" subjects_affected="2" subjects_at_risk="21"/>
              </event>
            </event_list>
          </category>
        </category_list>
      </other_events>
    </reported_events>

    <certain_agreements>
      <pi_employee>Principal Investigators are NOT employed by the organization sponsoring the study.</pi_employee>
      <restrictive_agreement>There is NOT an agreement between Principal Investigators and the Sponsor (or its agents) that restricts the PI's rights to discuss or publish trial results after the trial is completed. </restrictive_agreement>
    </certain_agreements>
    <point_of_contact>
      <name_or_title>Maria Constantinou, MD</name_or_title>
      <organization>Brown University Oncology Research Group</organization>
      <phone>401-863-300</phone>
      <email>BrUOG@BROWN.EDU</email>
    </point_of_contact>
  </clinical_results>
</clinical_study>

