<?xml version="1.0" encoding="UTF-8"?>
<clinical_study rank="16">
  <!-- This xml conforms to an XML Schema at:
    https://clinicaltrials.gov/ct2/html/images/info/public.xsd -->
  <required_header>
    <download_date>ClinicalTrials.gov processed this data on February 06, 2024</download_date>
    <link_text>Link to the current ClinicalTrials.gov record.</link_text>
    <url>https://clinicaltrials.gov/ct2/show/NCT05172232</url>
  </required_header>
  <id_info>
    <org_study_id>CIV-21-12-038346</org_study_id>
    <nct_id>NCT05172232</nct_id>
  </id_info>
  <brief_title>Diagnostic Precision of the AI Tool Dermalyzer to Identify Malignant Melanomas in Subjects Seeking Primary Care for Melanoma-suspected Cutaneous Lesions</brief_title>
  <acronym>AI-DSMM</acronym>
  <official_title>A Prospective Clinical Investigation to Assess the Diagnostic Precision of the AI Tool Dermalyzer to Identify Malignant Melanomas in Subjects Seeking Primary Care for Melanoma-suspected Cutaneous Lesions</official_title>
  <sponsors>
    <lead_sponsor>
      <agency>Linkoeping University</agency>
      <agency_class>Other</agency_class>
    </lead_sponsor>
    <collaborator>
      <agency>Karolinska Institutet</agency>
      <agency_class>Other</agency_class>
    </collaborator>
    <collaborator>
      <agency>Region Östergötland</agency>
      <agency_class>Other</agency_class>
    </collaborator>
    <collaborator>
      <agency>Region Stockholm</agency>
      <agency_class>Other</agency_class>
    </collaborator>
    <collaborator>
      <agency>Landstinget i Kalmar Län</agency>
      <agency_class>Other</agency_class>
    </collaborator>
    <collaborator>
      <agency>Kronoberg County Council</agency>
      <agency_class>Other</agency_class>
    </collaborator>
  </sponsors>
  <source>Linkoeping University</source>
  <oversight_info>
    <has_dmc>Yes</has_dmc>
    <is_fda_regulated_drug>No</is_fda_regulated_drug>
    <is_fda_regulated_device>No</is_fda_regulated_device>
  </oversight_info>
  <brief_summary>
    <textblock>
      Dermalyzer is a device intended to be used as a decision support system for assessing&#xD;
      cutaneous lesions suspected of being melanomas. The input from the device is not intended to&#xD;
      be used as the sole source of information for diagnosis. Intended to be used by medical&#xD;
      professionals. The service does not provide any other diagnosis. The study is a&#xD;
      pre-marketing, prospective, confirmatory, first in clinical setting, pivotal multi-centre,&#xD;
      non-interventional clinical investigation to evaluate the clinical safety, performance and&#xD;
      benefit of Dermalyzer in patients with cutaneous lesions where malignant melanoma (MM) cannot&#xD;
      be ruled out.&#xD;
&#xD;
      Primary objective: The primary objective of the investigation is to determine the diagnostic&#xD;
      precision of the device; to answer at which level the AI tool Dermalyzer can identify&#xD;
      malignant melanomas among cutaneous lesions that are assessed in clinical use due to any&#xD;
      degree of malignancy suspicion.&#xD;
&#xD;
      Secondary objectives: A) To evaluate usability and applicability in clinical praxis of&#xD;
      Dermalyzer by users (medical professionals), B)To gain an increased knowledge and&#xD;
      understanding of how digital tools enhanced co-artificial intelligence can assist physicians&#xD;
      with the right support for an earlier diagnosis of malignant melanoma.&#xD;
&#xD;
      Exploratory objective: To explore health economic aspects of improved diagnosis support&#xD;
&#xD;
      Methods: The subjects will be included from around 30 primary care centers in Sweden. If the&#xD;
      subject's lesion(s) is suspected of melanoma or melanoma cannot be ruled out, the subject is&#xD;
      asked to participate in the investigation. The investigator examines the subject's lesion(s)&#xD;
      and makes the clinical assessment of the subject lesion(s) based on established clinical&#xD;
      decision algorithms The investigator takes dermoscopy images according to standard of care&#xD;
      and archives the image(s) according to clinical routine. The investigator decides on action,&#xD;
      based on his or her MM suspicion (excision at the primary care center or referral for&#xD;
      excision or referral to a dermatologist for further assessment). The investigator takes&#xD;
      images of the lesion(s) again, this time with a mobile phone, containing the AI software,&#xD;
      connected to a dermatoscope, and follows the on-screen instructions. The image is processed&#xD;
      by the AI and the results are visible on the screen within seconds. The investigator records&#xD;
      how he considers that the degree of suspicion of MM (higher vs lower) would have been&#xD;
      affected by the AI SW result if it had been the governing body for the treatment. At study&#xD;
      follow-up, the final tumor diagnosis from the histopathology results (melanoma/non melanoma)&#xD;
      or by dermatologist assessment (if stated as undoubtedly benign), the degree of agreement&#xD;
      between the true final diagmosis and the outcome of the AI decision support is determined,&#xD;
      and the diagnostic accuracy in distinguishing melanoma from non-melanoma, in terms of&#xD;
      sensitivity and specificity as well the positive and predictive value. The corresponding&#xD;
      comparison is performed from the examining investigators estimated clinical degree of&#xD;
      suspicion. The clinical investigation will collect information from the users, how&#xD;
      participating users (investigators at the site) experience the usability of the AI decision&#xD;
      support and attaching applications, from short surveys including the validated System&#xD;
      Usability Scale.&#xD;
    </textblock>
  </brief_summary>
  <detailed_description>
    <textblock>
      Background: Malignant melanoma is a worldwide health issue of concern, of increasing&#xD;
      incidence. Early melanoma detection is crucial for survival and prognosis. Dermalyzer is a&#xD;
      device intended to be used as a decision support system for assessing cutaneous lesions&#xD;
      suspected of being melanomas, based on artificial intelligence (AI), often referred to as&#xD;
      &quot;machine learning&quot;. The input from the device is not intended to be used as the sole source&#xD;
      of information for diagnosis. Intended to be used by medical professionals. The service does&#xD;
      not provide any other diagnosis.&#xD;
&#xD;
      Study aims/objectives:&#xD;
&#xD;
      Primary objective: The primary objective of the investigation is to determine the diagnostic&#xD;
      precision of the device; to answer at which level the AI tool Dermalyzer can identify&#xD;
      malignant melanomas among cutaneous lesions that are assessed in clinical use due to any&#xD;
      degree of malignancy suspicion.&#xD;
&#xD;
      Secondary objectives: A) To evaluate usability and applicability in clinical praxis of&#xD;
      Dermalyzer by users (medical professionals), and B) To gain an increased knowledge and&#xD;
      understanding of how digital tools enhanced co-artificial intelligence can assist physicians&#xD;
      with the right support for an earlier diagnosis of malignant melanoma.&#xD;
&#xD;
      Exploratory objective: To explore health economic aspects of improved diagnosis support&#xD;
      Exploratory endpoints&#xD;
&#xD;
      Materials &amp; methods:&#xD;
&#xD;
      The subjects will be included from around 30 primary care centers in Sweden. If the subject's&#xD;
      lesion(s) is suspected of melanoma or melanoma cannot be ruled out, the subject is asked to&#xD;
      participate in the investigation. The investigator examines the subject's lesion(s) and makes&#xD;
      the clinical assessment of the subject lesion(s) based on established clinical decision&#xD;
      algorithms (such as &quot;Chaos &amp; clues&quot;, &quot;3- or 7-point checklist&quot;, or the ABCDE concept) of&#xD;
      whether there is a suspicion of MM, according to the usual clinical routine (also includes&#xD;
      very low suspicion of MM but cannot be completely dismissed). The investigator takes&#xD;
      dermoscopy images according to standard of care and archives the image(s) according to&#xD;
      clinical routine. The investigator decides on action, based on his or her MM suspicion&#xD;
      (excision at the primary care center or referral for excision or referral to a dermatologist&#xD;
      for further assessment). If the subject has agreed to participate in the investigation, the&#xD;
      investigator indicates in the CRF the clinical suspicion level of MM, and decided action. The&#xD;
      investigator takes images of the lesion(s) again, this time with a mobile phone, containing&#xD;
      the IMD AI SW, connected to a dermatoscope, and follows the on-screen instructions. The image&#xD;
      is processed by the AI SW and the results are visible on the screen within seconds. A unique&#xD;
      auto generated code number is also presented. The code number is registered on the enrollment&#xD;
      log and in the CRF. The investigator records how he considers that the degree of suspicion of&#xD;
      MM (higher vs lower) would have been affected by the AI SW result if it had been the&#xD;
      governing body for the treatment.&#xD;
&#xD;
      When the subject has been fully examined and receives the final tumor diagnosis from the&#xD;
      histopathology/PAD results or dermatologist assessment (melanoma/non melanoma), the degree of&#xD;
      agreement between the PAD and the outcome of the AI SW decision support is calculated with&#xD;
      the Kappa-analysis and the diagnostic accuracy to be able to distinguish melanoma from&#xD;
      non-melanoma in the form of sensitivity and specificity as well the positive and predictive&#xD;
      value. The corresponding comparison is performed from the examining investigators estimated&#xD;
      clinical degree of suspicion, as well as the diagnostic accuracy when both the PAD and the AI&#xD;
      decision support are wigheted together (ei in cases where the investigator and the decisions&#xD;
      support are in agreement in their assessment). The clinical investigation will collect&#xD;
      information from the users, how participating users (investigators at the site) experience&#xD;
      the usability of the AI SW decision support and attaching applications, from short surveys&#xD;
      including the validated System Usability Scale.&#xD;
    </textblock>
  </detailed_description>
  <overall_status>Completed</overall_status>
  <start_date type="Actual">May 2, 2022</start_date>
  <completion_date type="Actual">January 23, 2023</completion_date>
  <primary_completion_date type="Actual">January 23, 2023</primary_completion_date>
  <study_type>Observational</study_type>
  <has_expanded_access>No</has_expanded_access>
  <study_design_info>
    <observational_model>Other</observational_model>
    <time_perspective>Prospective</time_perspective>
  </study_design_info>
  <primary_outcome>
    <measure>Diagnostic accuracy to detect melanoma</measure>
    <time_frame>6 months (estimated)</time_frame>
    <description>The primary endpoint will be measured as the true proportion; by testing if the device based on AI gives correct results as compared with the result of the lesion analysis (the final classification by histopathology in at least a certain proportion (π) of the analyses.</description>
  </primary_outcome>
  <secondary_outcome>
    <measure>Instrument usability of the device</measure>
    <time_frame>Feb-oct 2022</time_frame>
    <description>User questions including System Usability Scale to evaluate the usability and applicability in clinical praxis.</description>
  </secondary_outcome>
  <number_of_groups>1</number_of_groups>
  <enrollment type="Actual">250</enrollment>
  <condition>Malignant Melanoma</condition>
  <arm_group>
    <arm_group_label>Primary care patients with melanoma suspicious skin lesion(s)</arm_group_label>
    <description>Patients seeking primary care, having one or more skin lesion that the primary care physician cannot by certainty can rule out as being a possible melanoma.</description>
  </arm_group>
  <intervention>
    <intervention_type>Diagnostic Test</intervention_type>
    <intervention_name>Dermalyzer</intervention_name>
    <description>To evaluate the diagnostic accuracy of the Dermalyzer device to detect melanoma among cutaneos skin lesions by dermoscopy.</description>
    <arm_group_label>Primary care patients with melanoma suspicious skin lesion(s)</arm_group_label>
  </intervention>
  <eligibility>
    <study_pop>
      <textblock>
        Primary care patients (n=500)&#xD;
      </textblock>
    </study_pop>
    <sampling_method>Probability Sample</sampling_method>
    <criteria>
      <textblock>
        Inclusion Criteria:&#xD;
&#xD;
          -  Patients ≥18 years&#xD;
&#xD;
          -  Patients attending a primary care facility with at least 1 suspicious skin lesion&#xD;
             where malignant melanoma cannot be ruled out.&#xD;
&#xD;
          -  Willingness and ability to provide informed consent.&#xD;
&#xD;
        Exclusion Criteria:&#xD;
&#xD;
          -  Cutaneous lesions that are considered as benign by the investigator and thus not&#xD;
             subject for further clinical investigation&#xD;
&#xD;
          -  Cutaneous lesions in areas that are not suitable for dermoscopy imaging&#xD;
&#xD;
          -  Cutaneous lesions in areas with any form of scarring of tissue due to injury&#xD;
&#xD;
          -  Damaged or injured non intact skin where the cutaneous lesion is located&#xD;
&#xD;
          -  Individuals with skin type V and VI according to the Fitzpatrick scale (darker brown&#xD;
             or black coloured skin)&#xD;
&#xD;
          -  Cutaneous lesions in areas covered by tattoos&#xD;
&#xD;
          -  Cutaneous lesions in abundantly hairy skin areas (provided the the area cannot be&#xD;
             shaved freely from the hair to allow clear view for the dermatoscope)&#xD;
&#xD;
          -  Images where the entire lesion is not inside the photo&#xD;
&#xD;
          -  Images that are out of focus&#xD;
      </textblock>
    </criteria>
    <gender>All</gender>
    <minimum_age>18 Years</minimum_age>
    <maximum_age>N/A</maximum_age>
    <healthy_volunteers>No</healthy_volunteers>
  </eligibility>
  <overall_official>
    <last_name>Magnus Falk, Ass.Prof.</last_name>
    <role>Principal Investigator</role>
    <affiliation>Linkoeping University</affiliation>
  </overall_official>
  <location>
    <facility>
      <name>Region Östergötland Primary Care</name>
      <address>
        <city>Linköping</city>
        <state>Docent</state>
        <zip>58185</zip>
        <country>Sweden</country>
      </address>
    </facility>
  </location>
  <location>
    <facility>
      <name>Region Stockholm Primary Care</name>
      <address>
        <city>Stockholm</city>
        <country>Sweden</country>
      </address>
    </facility>
  </location>
  <location>
    <facility>
      <name>Region Kalmar and Kronoberg</name>
      <address>
        <city>Växjö</city>
        <country>Sweden</country>
      </address>
    </facility>
  </location>
  <location_countries>
    <country>Sweden</country>
  </location_countries>
  <verification_date>February 2023</verification_date>
  <study_first_submitted>December 23, 2021</study_first_submitted>
  <study_first_submitted_qc>December 23, 2021</study_first_submitted_qc>
  <study_first_posted type="Actual">December 29, 2021</study_first_posted>
  <last_update_submitted>February 22, 2023</last_update_submitted>
  <last_update_submitted_qc>February 22, 2023</last_update_submitted_qc>
  <last_update_posted type="Actual">February 24, 2023</last_update_posted>
  <responsible_party>
    <responsible_party_type>Principal Investigator</responsible_party_type>
    <investigator_affiliation>Linkoeping University</investigator_affiliation>
    <investigator_full_name>Magnus Falk</investigator_full_name>
    <investigator_title>Associate professor</investigator_title>
  </responsible_party>
  <keyword>artificial intelligence</keyword>
  <keyword>diagnostic accuracy</keyword>
  <keyword>clinical desicion supportive tool</keyword>
  <condition_browse>
    <!-- CAUTION:  The following MeSH terms are assigned with an imperfect algorithm            -->
    <mesh_term>Melanoma</mesh_term>
  </condition_browse>
  <patient_data>
    <sharing_ipd>No</sharing_ipd>
  </patient_data>
  <!-- Results have not yet been posted for this study                                          -->
</clinical_study>

