<?xml version="1.0" encoding="UTF-8"?>
<clinical_study rank="406">
  <!-- This xml conforms to an XML Schema at:
    https://clinicaltrials.gov/ct2/html/images/info/public.xsd -->
  <required_header>
    <download_date>ClinicalTrials.gov processed this data on February 06, 2024</download_date>
    <link_text>Link to the current ClinicalTrials.gov record.</link_text>
    <url>https://clinicaltrials.gov/ct2/show/NCT01863108</url>
  </required_header>
  <id_info>
    <org_study_id>DCIC 11 19</org_study_id>
    <secondary_id>2012-003124-20</secondary_id>
    <nct_id>NCT01863108</nct_id>
  </id_info>
  <brief_title>Safety Study of a Dendritic Cell-based Cancer Vaccine in Melanoma</brief_title>
  <acronym>GeniusVac-Mel4</acronym>
  <official_title>Dose-escalation Study to Assess the Safety and Tolerability of Sub-cutaneous Injections of a Peptide-loaded Plasmacytoid Dendritic Cell Line (GeniusVac-Mel4) in Patients With Melanoma</official_title>
  <sponsors>
    <lead_sponsor>
      <agency>University Hospital, Grenoble</agency>
      <agency_class>Other</agency_class>
    </lead_sponsor>
    <collaborator>
      <agency>Etablissement Français du Sang</agency>
      <agency_class>Other</agency_class>
    </collaborator>
    <collaborator>
      <agency>Institut National de la Santé Et de la Recherche Médicale, France</agency>
      <agency_class>Other</agency_class>
    </collaborator>
    <collaborator>
      <agency>Université Joseph Fourier</agency>
      <agency_class>Other</agency_class>
    </collaborator>
  </sponsors>
  <source>University Hospital, Grenoble</source>
  <oversight_info>
    <has_dmc>Yes</has_dmc>
  </oversight_info>
  <brief_summary>
    <textblock>
      The primary objective of this study is to evaluate the safety and tolerability of multiple&#xD;
      sub-cutaneous injections of GeniusVac-Mel4, a dendritic cell-based cancer vaccine, in&#xD;
      patients with melanoma. The secondary objectives are to determine immune response and&#xD;
      clinical efficacy of such injections in patients with melanoma.&#xD;
    </textblock>
  </brief_summary>
  <detailed_description>
    <textblock>
      GeniusVac-Mel4 is a drug product composed of an irradiated allogeneic plasmacytoid dendritic&#xD;
      cell (PDC) line loaded with 4 melanoma peptides derived from Melan-A, gp100, Tyrosinase or&#xD;
      Mage-A3. This cell line is HLA-A*02:01, a phenotype found in 40% of the European population.&#xD;
      This approach exploits the PDC line high capacity of boosting anti-tumor cytotoxic response&#xD;
      against melanoma antigens in HLA-A*02:01 melanoma patients. In the preclinical studies, a&#xD;
      strong proof of concept was brought. Indeed, the GeniusVac-Mel4 capacity to induce high&#xD;
      number of cytotoxic antitumor T-cells was shown in melanoma model, both in vivo in humanized&#xD;
      mice and ex vivo with patients' PBMC (peripheral blood mononuclear cells) (Aspord et al 2010&#xD;
      and 2012).&#xD;
&#xD;
      It is planned to include patients in three dose-escalating groups (4, 20, 60 millions of&#xD;
      GeniusVac-Mel4 cells). At least, 3 patients will be recruited in each dose group of the&#xD;
      trial.&#xD;
    </textblock>
  </detailed_description>
  <overall_status>Completed</overall_status>
  <start_date>June 2013</start_date>
  <completion_date type="Actual">March 23, 2017</completion_date>
  <primary_completion_date type="Actual">March 23, 2017</primary_completion_date>
  <phase>Phase 1</phase>
  <study_type>Interventional</study_type>
  <has_expanded_access>No</has_expanded_access>
  <study_design_info>
    <allocation>N/A</allocation>
    <intervention_model>Single Group Assignment</intervention_model>
    <primary_purpose>Treatment</primary_purpose>
    <masking>None (Open Label)</masking>
  </study_design_info>
  <primary_outcome>
    <measure>Tolerability and safety of a multiple sub-cutaneous injections of GeniusVac-Mel4.</measure>
    <time_frame>1 year</time_frame>
    <description>Safety and tolerance is monitored by performing clinical laboratory tests, assessments of vital signs, full clinical examination, occurrence of adverse events.</description>
  </primary_outcome>
  <secondary_outcome>
    <measure>Evaluation of the immune response</measure>
    <time_frame>1 year</time_frame>
    <description>The induction of an immune response is evaluated at several time points by measuring :&#xD;
The frequency of the T lymphocytes specific for each peptide used in the protocol.&#xD;
The functionality of these T-cells (cytotoxicity and IFN-g secretion)</description>
  </secondary_outcome>
  <secondary_outcome>
    <measure>Evaluation of the clinical response</measure>
    <time_frame>1 year</time_frame>
    <description>The evolution of the disease will be determined with a clinical examination and scanner exams. The overall tumor response will be evaluated in accordance RECIST 1.1 and immune-related response criteria (irRC).</description>
  </secondary_outcome>
  <number_of_arms>1</number_of_arms>
  <enrollment type="Actual">9</enrollment>
  <condition>Melanoma</condition>
  <condition>Tumor Vaccines</condition>
  <condition>Effects of Immunotherapy</condition>
  <arm_group>
    <arm_group_label>GeniusVac-Mel4</arm_group_label>
    <arm_group_type>Experimental</arm_group_type>
    <description>Sub-cutaneous injections of GeniusVac-Mel4 in patients with melanoma.</description>
  </arm_group>
  <intervention>
    <intervention_type>Biological</intervention_type>
    <intervention_name>GeniusVac-Mel4</intervention_name>
    <description>Multiple sub-cutaneous injections (1 injection weekly during 3 weeks) of GeniusVac-Mel4 (3 increasing dose groups) in patients with melanoma</description>
    <arm_group_label>GeniusVac-Mel4</arm_group_label>
  </intervention>
  <eligibility>
    <criteria>
      <textblock>
        Inclusion Criteria:&#xD;
&#xD;
          -  Patients with histologically confirmed metastatic melanoma (at stage IIIC or stage IV&#xD;
             under the AJCC 2009 classification not surgically resectable.&#xD;
&#xD;
          -  Patients who do not respond to at least one line of systemic treatment&#xD;
&#xD;
          -  Male and female (with β-HCG negative test)&#xD;
&#xD;
          -  Patients HLA-A*0201&#xD;
&#xD;
          -  Age &gt; 18 years&#xD;
&#xD;
          -  Blood parameters (Hemoglobin ≥ 10g/dl, Leucocytes ≥ 4000/μl,Lymphocytes ≥ 1000/μl,&#xD;
             Platelets ≥100.000/μl, creatinin ≤ 2.0mg/dl, bilirubin ≤ 2.0mg/dl, ASAT and ALAT ≤ 2.5&#xD;
             fold the upper normal level)&#xD;
&#xD;
          -  OMS performance score &lt; 3&#xD;
&#xD;
          -  Informed written consent.&#xD;
&#xD;
        Exclusion Criteria:&#xD;
&#xD;
          -  Positive serology for HCV, HTLV, HIV, active hepatitis&#xD;
&#xD;
          -  Protected persons according to French regulations articles L1121-5 to L1121-8 (Public&#xD;
             Health Code)&#xD;
&#xD;
          -  Non-pregnant women without effective contraception&#xD;
&#xD;
          -  Any serious acute or chronic illness, for example: active infection, coagulation&#xD;
             disorder.&#xD;
&#xD;
          -  Presence of a second cancer in the 5 years preceding inclusion into the study with the&#xD;
             exception of in situ cervical carcinoma or a cutaneous carcinoma or other melanoma.&#xD;
&#xD;
          -  Intercurrent disease requiring corticosteroids.&#xD;
&#xD;
          -  Any active autoimmune disease including insulin dependent diabetes mellitus. Vitiligo&#xD;
             or autoimmune thyroid disease are not criteria for exclusion.&#xD;
&#xD;
          -  Autoimmune eye disease.&#xD;
&#xD;
          -  Evidence of immunosuppression for any reason&#xD;
&#xD;
          -  Primary ocular melanoma&#xD;
&#xD;
          -  Chemotherapy, immunotherapy or radiotherapy in the 4 weeks preceding inclusion (6&#xD;
             weeks in the case of nitroso-urea and mitomycin C).&#xD;
&#xD;
          -  Treatment with drugs under development within 4 weeks.&#xD;
&#xD;
          -  Cerebral metastases metastasis with the exception of: known metastasis previously&#xD;
             treated by surgery or stereotactic radio-surgery, AND Cerebral metastasis, if still&#xD;
             present, must be stable for at least 90 days before inclusion and documented with two&#xD;
             consecutive MRI or scanner with contrast media, AND, asymptomatic&#xD;
&#xD;
          -  Existence of any surgical or medical condition which, in the judgment of the&#xD;
             Investigator, might interfere with this study.&#xD;
&#xD;
          -  Patients who are not willing to comply with the provisions of this protocol.&#xD;
      </textblock>
    </criteria>
    <gender>All</gender>
    <minimum_age>18 Years</minimum_age>
    <maximum_age>N/A</maximum_age>
    <healthy_volunteers>No</healthy_volunteers>
  </eligibility>
  <overall_official>
    <last_name>Joel Plumas, PhD</last_name>
    <role>Study Director</role>
    <affiliation>Etablissement Français du Sang/Grenoble University/ INSERM U823</affiliation>
  </overall_official>
  <overall_official>
    <last_name>Julie Charles, MD, PhD</last_name>
    <role>Principal Investigator</role>
    <affiliation>University Hospital, Grenoble</affiliation>
  </overall_official>
  <location>
    <facility>
      <name>Grenoble University Hospital</name>
      <address>
        <city>Grenoble</city>
        <zip>38000</zip>
        <country>France</country>
      </address>
    </facility>
  </location>
  <location_countries>
    <country>France</country>
  </location_countries>
  <reference>
    <citation>Aspord C, Leccia MT, Salameire D, Laurin D, Chaperot L, Charles J, Plumas J. HLA-A(*)0201(+) plasmacytoid dendritic cells provide a cell-based immunotherapy for melanoma patients. J Invest Dermatol. 2012 Oct;132(10):2395-2406. doi: 10.1038/jid.2012.152. Epub 2012 Jun 14.</citation>
    <PMID>22696054</PMID>
  </reference>
  <reference>
    <citation>Aspord C, Charles J, Leccia MT, Laurin D, Richard MJ, Chaperot L, Plumas J. A novel cancer vaccine strategy based on HLA-A*0201 matched allogeneic plasmacytoid dendritic cells. PLoS One. 2010 May 4;5(5):e10458. doi: 10.1371/journal.pone.0010458.</citation>
    <PMID>20454561</PMID>
  </reference>
  <verification_date>November 2017</verification_date>
  <study_first_submitted>May 22, 2013</study_first_submitted>
  <study_first_submitted_qc>May 22, 2013</study_first_submitted_qc>
  <study_first_posted type="Estimate">May 27, 2013</study_first_posted>
  <last_update_submitted>November 10, 2017</last_update_submitted>
  <last_update_submitted_qc>November 10, 2017</last_update_submitted_qc>
  <last_update_posted type="Actual">November 14, 2017</last_update_posted>
  <responsible_party>
    <responsible_party_type>Sponsor</responsible_party_type>
  </responsible_party>
  <keyword>Melanoma</keyword>
  <keyword>Immunotherapy</keyword>
  <keyword>Dermatology</keyword>
  <keyword>cancer vaccine</keyword>
  <keyword>Plasmacytoid dendritic cell line</keyword>
  <keyword>Advanced Medicinal Therapy Product</keyword>
  <keyword>allogeneic</keyword>
  <condition_browse>
    <!-- CAUTION:  The following MeSH terms are assigned with an imperfect algorithm            -->
    <mesh_term>Melanoma</mesh_term>
  </condition_browse>
  <!-- Results have not yet been posted for this study                                          -->
</clinical_study>

