<?xml version="1.0" encoding="UTF-8"?>
<clinical_study rank="496">
  <!-- This xml conforms to an XML Schema at:
    https://clinicaltrials.gov/ct2/html/images/info/public.xsd -->
  <required_header>
    <download_date>ClinicalTrials.gov processed this data on February 06, 2024</download_date>
    <link_text>Link to the current ClinicalTrials.gov record.</link_text>
    <url>https://clinicaltrials.gov/ct2/show/NCT04593485</url>
  </required_header>
  <id_info>
    <org_study_id>2020-GYN-006</org_study_id>
    <nct_id>NCT04593485</nct_id>
  </id_info>
  <brief_title>Anti-PD-1 Antibody in the Treatment of Patients With Malignant Melanoma of the Female Genital Tract</brief_title>
  <official_title>Single-center, Open-label, Single-arm Phase II Clinical Trial of Anti-PD-1 Antibody (Camrelizumab for Injection) in the Treatment of Patients With Malignant Melanoma of the Female Genital Tract</official_title>
  <sponsors>
    <lead_sponsor>
      <agency>Fudan University</agency>
      <agency_class>Other</agency_class>
    </lead_sponsor>
  </sponsors>
  <source>Fudan University</source>
  <oversight_info>
    <is_fda_regulated_drug>No</is_fda_regulated_drug>
    <is_fda_regulated_device>No</is_fda_regulated_device>
  </oversight_info>
  <brief_summary>
    <textblock>
      This is a single-center, open-label, single-arm phase II clinical study to exploratory&#xD;
      observe and evaluate the efficacy and safety of anti-PD-1 antibody (Camrelizumab for&#xD;
      Injection) in patients with malignant melanoma of the female genital tract.&#xD;
&#xD;
      Subjects were to have a safety visit 3 days prior to dosing in each treatment cycle after the&#xD;
      study. Imaging was performed every 8 weeks to assess efficacy until radiographic progression,&#xD;
      initiation of new antineoplastic therapy, withdrawal of consent, or subject lost to&#xD;
      follow-up/death.&#xD;
&#xD;
      After the end of treatment, an end-of-treatment visit and a post-treatment safety visit will&#xD;
      also be performed. After the end of treatment, subjects will also be followed up for survival&#xD;
      (every 3 months for years 1 to 2, every 4 months for years 3, every 6 months for years 4 to&#xD;
      5, and annually from year 6) to collect and record the survival status of subjects and&#xD;
      subsequent anti-tumor treatment.&#xD;
    </textblock>
  </brief_summary>
  <detailed_description>
    <textblock>
      This is a single-center, open-label, single-arm phase II clinical study to exploratory&#xD;
      observe and evaluate the efficacy and safety of anti-PD-1 antibody (Camrelizumab for&#xD;
      Injection) in patients with malignant melanoma of the female genital tract.&#xD;
&#xD;
      The patients were divided into two cohorts according to their conditions: Cohort 1: patients&#xD;
      with postoperative recurrence of malignant melanoma of the female genital tract requiring&#xD;
      adjuvant therapy；Cohort 2: patients with metastatic or unresectable malignant melanoma of the&#xD;
      female genital tract who were screened eligible and received study treatment after being&#xD;
      fully informed and signing the informed consent form.&#xD;
&#xD;
      Camrelizumab will be administered at a fixed dose of 200 mg intravenously (iv) on D1 in a&#xD;
      14-day cycle. All subjects will be administered until they reach the end of treatment&#xD;
      standard specified in the protocol.&#xD;
&#xD;
      Subjects were to have a safety visit 3 days prior to dosing in each treatment cycle after the&#xD;
      study. Imaging was performed every 8 weeks to assess efficacy until radiographic progression,&#xD;
      initiation of new antineoplastic therapy, withdrawal of consent, or subject lost to&#xD;
      follow-up/death.&#xD;
&#xD;
      After the end of treatment, an end-of-treatment visit and a post-treatment safety visit will&#xD;
      also be performed. Subjects who have concluded the study treatment for reasons other than&#xD;
      disease progression will receive imaging assessment at the end of treatment (if imaging&#xD;
      evaluation is not performed at 4 months) and imaging assessment every 3 months after the end&#xD;
      of treatment to assess the time to disease progression. After the end of treatment, subjects&#xD;
      will also be followed up for survival (every 3 months for years 1 to 2, every 4 months for&#xD;
      years 3, every 6 months for years 4 to 5, and annually from year 6) to collect and record the&#xD;
      survival status of subjects and subsequent anti-tumor treatment.&#xD;
&#xD;
      Tumor tissue samples, sections, paraffin blocks or biopsy blocks, and biomarkers, including&#xD;
      but not limited to PD-L1 expression level and the proportion of positive cells, TMB level and&#xD;
      MMR status, will be collected from subjects during the screening period after the most recent&#xD;
      previous treatment.&#xD;
    </textblock>
  </detailed_description>
  <overall_status>Unknown status</overall_status>
  <last_known_status>Recruiting</last_known_status>
  <start_date type="Actual">October 28, 2020</start_date>
  <completion_date type="Anticipated">December 2023</completion_date>
  <primary_completion_date type="Anticipated">October 2023</primary_completion_date>
  <phase>Phase 2</phase>
  <study_type>Interventional</study_type>
  <has_expanded_access>No</has_expanded_access>
  <study_design_info>
    <allocation>Non-Randomized</allocation>
    <intervention_model>Single Group Assignment</intervention_model>
    <primary_purpose>Treatment</primary_purpose>
    <masking>None (Open Label)</masking>
  </study_design_info>
  <primary_outcome>
    <measure>Relapse-free survival (RFS)</measure>
    <time_frame>RFS was defined as the time from surgery to first local, regional, or distant tumor recurrence or death from any cause, whichever came first, assessed up to one year.</time_frame>
    <description>The primary endpoint for Cohort 1 is relapse-free survival (RFS)</description>
  </primary_outcome>
  <primary_outcome>
    <measure>Objective Response Rate (ORR)</measure>
    <time_frame>Tthrough study completion, an average of 2 year.</time_frame>
    <description>The primary endpoint for Cohort 2 is Objective Response Rate (ORR)</description>
  </primary_outcome>
  <secondary_outcome>
    <measure>Adverse events (AEs)</measure>
    <time_frame>Through study completion, an average of 2 year.</time_frame>
    <description>according to NCI-CTCAE v5.0</description>
  </secondary_outcome>
  <number_of_arms>2</number_of_arms>
  <enrollment type="Anticipated">40</enrollment>
  <condition>Malignant Melanoma</condition>
  <arm_group>
    <arm_group_label>Cohort 1</arm_group_label>
    <arm_group_type>Experimental</arm_group_type>
    <description>patients with postoperative recurrence of malignant melanoma of the female genital tract requiring adjuvant therapy, Camrelizumab for injection</description>
  </arm_group>
  <arm_group>
    <arm_group_label>Cohort 2</arm_group_label>
    <arm_group_type>Experimental</arm_group_type>
    <description>patients with metastatic or unresectable malignant melanoma of the female genital tract, Camrelizumab for injection</description>
  </arm_group>
  <intervention>
    <intervention_type>Drug</intervention_type>
    <intervention_name>Camrelizumab for injection</intervention_name>
    <description>Carrelizumab will be administered at a fixed dose</description>
    <arm_group_label>Cohort 1</arm_group_label>
    <arm_group_label>Cohort 2</arm_group_label>
    <other_name>Jiangsu Hengrui, SHR-1210</other_name>
  </intervention>
  <eligibility>
    <criteria>
      <textblock>
        Inclusion Criteria:&#xD;
&#xD;
          -  Patients voluntarily join this study and sign the informed consent form;&#xD;
&#xD;
          -  Age: women aged 18 to 70 years;&#xD;
&#xD;
          -  Cohort 1 patients need to meet: radical surgery in our hospital or other hospital, no&#xD;
             gross residual lesions or imaging metastases; and our hospital surgical histopathology&#xD;
             (or pathology consultation in our hospital) confirmed as patients with primary genital&#xD;
             tract melanoma (vulva, vagina, cervix or uterine body origin); for vulvar malignant&#xD;
             melanoma: postoperative pathology suggests tumor breslow thickness ≥ 1.5 mm or lymph&#xD;
             node metastasis, in line with any of the above can be enrolled; for vaginal malignant&#xD;
             melanoma: postoperative pathology suggests tumor diameter &gt; 3 cm, depth of invasion ≥&#xD;
             1/2 or tumor breslow thickness ≥ 2 mm, lymph node metastasis, in line with any of the&#xD;
             above can be enrolled; for cervical or uterine body malignant melanoma: all patients&#xD;
             after radical surgery can be enrolled. Cohort 2 patients should meet: patients with&#xD;
             primary female genital tract melanoma confirmed by histopathology (or pathology&#xD;
             consultation in our hospital), who are recurrent metastatic disease or unresectable&#xD;
             after initial treatment, and have at least one measurable lesion (RECIST version 1.1);&#xD;
&#xD;
          -  If the investigator considers that the scope of surgery is too large, patients can be&#xD;
             considered for neoadjuvant anti-PD-1 antibody therapy (no more than 4 cycles) +&#xD;
             interval surgery + postoperative adjuvant anti-PD-1 antibody therapy: patients&#xD;
             receiving neoadjuvant therapy must receive interval surgery after 3-4 cycles of&#xD;
             treatment. Confirmation of pathological diagnosis using mandatory biopsy tissue&#xD;
             samples (e.g. obtained by hollow core needle, biopsy, excision, etc.);&#xD;
&#xD;
          -  5-10 formalin-fixed, paraffin-embedded tumor tissue sections from lesions that can be&#xD;
             obtained (not required) for biomarker analysis;&#xD;
&#xD;
          -  ECOG-PS score: 0-1;&#xD;
&#xD;
          -  Expected survival time ≥ 12 weeks;&#xD;
&#xD;
          -  Bone marrow function: neutrophils ≥ 1.5 × 109/L, platelets ≥ 100 × 109/L, hemoglobin ≥&#xD;
             90 g/L;&#xD;
&#xD;
          -  Liver and kidney function: serum creatinine ≤ 1.5 times the upper limit of normal; AST&#xD;
             and ALT ≤ 2.5 times the upper limit of normal or the presence of liver metastasis ≤ 5&#xD;
             times the upper limit of normal; total bilirubin ≤ 1.5 times the upper limit of&#xD;
             normal, or patients with Gilbert's syndrome ≤ 2.5 times the upper limit of normal;&#xD;
&#xD;
          -  Non-surgically sterilized subjects of childbearing age must agree to take effective&#xD;
             contraceptive measures during the study treatment and within 3 months after the end of&#xD;
             the study treatment period; Non-surgically sterilized women of childbearing age must&#xD;
             have a negative serum or urine pregnancy test before the study;&#xD;
&#xD;
          -  Non-lactating patients.&#xD;
&#xD;
        Exclusion Criteria:&#xD;
&#xD;
          -  Patients with central nervous system disease or brain metastases; patients who have&#xD;
             received systemic, radical treatment of brain or meningeal metastases (radiotherapy or&#xD;
             surgery), such as imaging confirmed stable has been maintained for at least 1 month,&#xD;
             and have stopped systemic hormone therapy (dose &gt; 10 mg/day prednisone or other&#xD;
             effective hormones) for more than 2 weeks, no clinical symptoms can be included;&#xD;
&#xD;
          -  Other malignant tumors occurred in the past 5 years, except for cured cervical&#xD;
             carcinoma in situ, non-melanoma skin cancer;&#xD;
&#xD;
          -  The researchers believe that will affect the ability of subjects to receive the study&#xD;
             program treatment, and uncontrolled serious medical diseases, such as severe medical&#xD;
             diseases, including severe heart disease, cerebrovascular disease, uncontrolled&#xD;
             diabetes, uncontrolled hypertension (after treatment: systolic blood pressure ≥ 140&#xD;
             mmHg or diastolic blood pressure ≥ 90 mmHg, Based on the average of BP readings&#xD;
             obtained by ≥ 2 measurements), uncontrolled infection, active peptic ulcer, etc.;&#xD;
&#xD;
          -  Known interstitial lung disease or history or evidence of non-infectious pneumonia&#xD;
             treated with corticosteroids; or patients who may interfere with the detection or&#xD;
             treatment of suspected drug-related pulmonary toxicity;&#xD;
&#xD;
          -  Known allergy, high sensitivity or intolerance to study-related drugs or their&#xD;
             excipients;&#xD;
&#xD;
          -  received other experimental drugs or participated in other clinical studies for the&#xD;
             purpose of anti-cancer therapy within 30 days before the first dose;&#xD;
&#xD;
          -  Serious infection occurred before the start of study treatment, including but not&#xD;
             limited to infectious complications requiring hospitalization, bacteremia or severe&#xD;
             pneumonia;&#xD;
&#xD;
          -  Previously received anti-programmed cell death-1 (PD-1), anti-PD-L1, anti-CD137 or&#xD;
             anti-cytotoxic T-lymphocyte-associated protein 4 (CTLA-4) antibody therapy;&#xD;
&#xD;
          -  7 days before receiving the study drug, diagnosed with immunodeficiency disease or&#xD;
             receiving systemic steroid therapy or other immunosuppressive therapy;&#xD;
&#xD;
          -  patients with active pulmonary tuberculosis;&#xD;
&#xD;
          -  syphilis patients;&#xD;
&#xD;
          -  human immunodeficiency virus (HIV) positive;&#xD;
&#xD;
          -  hepatitis B surface antigen positive (HBsAg), and peripheral blood hepatitis B virus&#xD;
             deoxyribonucleic acid (HBV-DNA) test ≥ 1 × 103 IU/mL subjects; if HBsAg positive, and&#xD;
             peripheral blood HBV-DNA &lt; 1 × 103 IU/mL, if the investigator believes that the&#xD;
             subject is in a stable period of chronic hepatitis B and will not increase the risk of&#xD;
             subjects, Subjects are eligible;&#xD;
&#xD;
          -  Hepatitis C virus (HCV) antibody positive and HCV RNA test positive.&#xD;
&#xD;
          -  less than 4 years before the study medication or may be vaccinated during the study;&#xD;
&#xD;
          -  the researchers determine that patients who are not suitable for this study, such as&#xD;
             alcoholism, drug abuse, other serious diseases (including mental illness) need&#xD;
             combined treatment, there are serious laboratory abnormalities, accompanied by family&#xD;
             or social factors, will affect the safety of patients or data and sample collection;&#xD;
      </textblock>
    </criteria>
    <gender>Female</gender>
    <minimum_age>18 Years</minimum_age>
    <maximum_age>70 Years</maximum_age>
    <healthy_volunteers>No</healthy_volunteers>
  </eligibility>
  <overall_official>
    <last_name>Xiaohua Wu</last_name>
    <role>Principal Investigator</role>
    <affiliation>Fudan University Shanghai Cancer Centre</affiliation>
  </overall_official>
  <overall_contact>
    <last_name>Xiaohua Wu, MD,PhD</last_name>
    <phone>+86 18017312352</phone>
    <email>alizheng@126.com</email>
  </overall_contact>
  <location>
    <facility>
      <name>Fudan University Shanghai Cancer Center</name>
      <address>
        <city>Shanghai</city>
        <state>Shanghai</state>
        <zip>200032</zip>
        <country>China</country>
      </address>
    </facility>
    <status>Recruiting</status>
    <contact>
      <last_name>xiaohua wu</last_name>
    </contact>
  </location>
  <location>
    <facility>
      <name>Fudan University Shanghai Cancer Center</name>
      <address>
        <city>Shanghai</city>
        <country>China</country>
      </address>
    </facility>
    <status>Recruiting</status>
    <contact>
      <last_name>xiaohua wu</last_name>
    </contact>
  </location>
  <location_countries>
    <country>China</country>
  </location_countries>
  <verification_date>December 2020</verification_date>
  <study_first_submitted>August 18, 2020</study_first_submitted>
  <study_first_submitted_qc>October 19, 2020</study_first_submitted_qc>
  <study_first_posted type="Actual">October 20, 2020</study_first_posted>
  <last_update_submitted>December 20, 2020</last_update_submitted>
  <last_update_submitted_qc>December 20, 2020</last_update_submitted_qc>
  <last_update_posted type="Actual">December 23, 2020</last_update_posted>
  <responsible_party>
    <responsible_party_type>Sponsor</responsible_party_type>
  </responsible_party>
  <condition_browse>
    <!-- CAUTION:  The following MeSH terms are assigned with an imperfect algorithm            -->
    <mesh_term>Melanoma</mesh_term>
  </condition_browse>
  <!-- Results have not yet been posted for this study                                          -->
</clinical_study>

