<?xml version="1.0" encoding="UTF-8"?>
<clinical_study rank="50">
  <!-- This xml conforms to an XML Schema at:
    https://clinicaltrials.gov/ct2/html/images/info/public.xsd -->
  <required_header>
    <download_date>ClinicalTrials.gov processed this data on February 06, 2024</download_date>
    <link_text>Link to the current ClinicalTrials.gov record.</link_text>
    <url>https://clinicaltrials.gov/ct2/show/NCT05520294</url>
  </required_header>
  <id_info>
    <org_study_id>22-1132</org_study_id>
    <nct_id>NCT05520294</nct_id>
  </id_info>
  <brief_title>Evaluating the Effects of Cannabis Use and Circulating Cannabinoids on Tumor Infiltrating Lymphocytes in Malignant Melanoma</brief_title>
  <official_title>Evaluating the Effects of Cannabis Use and Circulating Cannabinoids on Tumor Infiltrating Lymphocytes in Malignant Melanoma</official_title>
  <sponsors>
    <lead_sponsor>
      <agency>University of Colorado, Denver</agency>
      <agency_class>Other</agency_class>
    </lead_sponsor>
    <collaborator>
      <agency>Cancer League of Colorado</agency>
      <agency_class>Other</agency_class>
    </collaborator>
  </sponsors>
  <source>University of Colorado, Denver</source>
  <oversight_info>
    <has_dmc>No</has_dmc>
    <is_fda_regulated_drug>No</is_fda_regulated_drug>
    <is_fda_regulated_device>No</is_fda_regulated_device>
  </oversight_info>
  <brief_summary>
    <textblock>
      The goal of this proposal is to determine how cannabinoid use affects the tumor immune&#xD;
      microenvironment (TME) of melanoma by correlating TILs with reported cannabinoid use and&#xD;
      circulating plasma cannabinoids. The central hypothesis is that cannabinoid use decreases&#xD;
      TILs in melanoma in a dose-dependent fashion. This is important because cannabinoid-driven&#xD;
      TME changes in melanoma may alter patient outcomes mediated by TILs and response to standard&#xD;
      of care ICI treatments.&#xD;
    </textblock>
  </brief_summary>
  <detailed_description>
    <textblock>
      Specific Aim 1.Assess how systemic cannabinoids remodel tumor infiltrating lymphocytes (TILs)&#xD;
      within the melanoma tumor microenvironment. We hypothesize that decreased grade of TILs and&#xD;
      exhaustive differentiation of T cells in melanoma are associated with lower cannabinoid&#xD;
      receptor (CB1/CB2) expression and higher levels of systemic exogenous cannabinoids. Aim 1a.)&#xD;
      Correlate plasma levels of cannabinoids with TIL grade. Aim 1b.) Correlate plasma levels of&#xD;
      cannabinoids with TIL T cell immunohistochemical markers of exhaustion. Aim 1c.) Correlate&#xD;
      plasma levels of cannabinoids to TIL CB1/CB2 expression.&#xD;
&#xD;
      Specific Aim 2. Determine the relationship between peripheral T cell activation and&#xD;
      circulating cannabinoid levels in patients with melanoma. We hypothesize that the phenotypic&#xD;
      activation of peripheral T cells is inversely associated with increased plasma levels of&#xD;
      systemic exogenous cannabinoids. Aim 2a.) Immunophenotype peripheral T cells from patients&#xD;
      with melanoma. Aim 2b.) Correlate plasma levels of cannabinoids with peripheral T cell&#xD;
      phenotypic activation.&#xD;
    </textblock>
  </detailed_description>
  <overall_status>Recruiting</overall_status>
  <start_date type="Actual">September 1, 2022</start_date>
  <completion_date type="Anticipated">August 31, 2024</completion_date>
  <primary_completion_date type="Anticipated">August 31, 2024</primary_completion_date>
  <study_type>Observational</study_type>
  <has_expanded_access>No</has_expanded_access>
  <study_design_info>
    <observational_model>Other</observational_model>
    <time_perspective>Prospective</time_perspective>
  </study_design_info>
  <primary_outcome>
    <measure>Grade of TIL in melanoma biopsy</measure>
    <time_frame>24 Months</time_frame>
    <description>Hematoxylin and eosin slide assessment</description>
  </primary_outcome>
  <primary_outcome>
    <measure>Composition of TILs within melanoma biopsy specimens</measure>
    <time_frame>24 Months</time_frame>
    <description>Stains for TIL markers such as CD3, CD4, CD8, CD20, CD45RO, and FoxP3; T cell function IHC stains include: TOX, PD1, TIGIT, LAG3; melanoma specific marker SOX10</description>
  </primary_outcome>
  <number_of_groups>2</number_of_groups>
  <enrollment type="Anticipated">90</enrollment>
  <condition>Melanoma</condition>
  <arm_group>
    <arm_group_label>Chronic Cannabinoid Users</arm_group_label>
    <description>Ib or II Melanoma patients who are chronic cannabinoid users</description>
  </arm_group>
  <arm_group>
    <arm_group_label>Non-users</arm_group_label>
    <description>Ib or II Melanoma patients non cannabinoid users</description>
  </arm_group>
  <intervention>
    <intervention_type>Other</intervention_type>
    <intervention_name>High-performance liquid chromatography-tandem mass spectrometry assays</intervention_name>
    <description>Paraffin blocks will be requested for slide creation, and at least 12 mL of whole blood will be collected in 2 green top tubes, centrifuged, and plasma transferred for storage at -80 C until further processing</description>
    <arm_group_label>Chronic Cannabinoid Users</arm_group_label>
    <arm_group_label>Non-users</arm_group_label>
  </intervention>
  <biospec_retention>Samples Without DNA</biospec_retention>
  <biospec_descr>
    <textblock>
      Paraffin Tissue Blocks Whole Blood&#xD;
    </textblock>
  </biospec_descr>
  <eligibility>
    <study_pop>
      <textblock>
        Description of Population to be Enrolled:&#xD;
&#xD;
        Patients who are either chronic cannabis/cannabinoid users (use &gt;1 time/week for &gt;3 months&#xD;
        of any cannabinoid product, with ingestion via edibles, smoking, or vaping) and non-users&#xD;
        for the last year who are scheduled to be seen in a clinic at the University of Colorado&#xD;
        Cancer Center will be approached for enrollment and informed consent. Enrollment will be&#xD;
        limited to stage Ib and II to decrease patient heterogeneity and since higher TIL grade has&#xD;
        been associated with earlier stage melanomas13, thus maximizing the potential to observe an&#xD;
        effect. Biopsy specimens must be obtained within 4 weeks of study enrollment to ensure&#xD;
        blood specimens are reflective of when biopsy specimens were obtained.&#xD;
      </textblock>
    </study_pop>
    <sampling_method>Non-Probability Sample</sampling_method>
    <criteria>
      <textblock>
        Inclusion Criteria:&#xD;
&#xD;
          -  Biopsy proven melanoma, any stage&#xD;
&#xD;
               -  Biopsy obtained within 4 weeks of anticipated enrollment&#xD;
&#xD;
               -  Patients &gt;21 years old&#xD;
&#xD;
               -  Report no cannabis use in the last year or chronic cannabis use (at least weekly&#xD;
                  use for 3 months or more)&#xD;
&#xD;
        Exclusion Criteria:&#xD;
&#xD;
          -  Patients unwilling or unable to provide informed consent&#xD;
      </textblock>
    </criteria>
    <gender>All</gender>
    <minimum_age>21 Years</minimum_age>
    <maximum_age>100 Years</maximum_age>
  </eligibility>
  <overall_official>
    <last_name>Camille Stewart, MD</last_name>
    <role>Principal Investigator</role>
    <affiliation>University of Colorado, Denver</affiliation>
  </overall_official>
  <overall_contact>
    <last_name>Tracey A MacDermott</last_name>
    <phone>303-724-2757</phone>
    <email>tracey.macdermott@cuanschutz.edu</email>
  </overall_contact>
  <overall_contact_backup>
    <last_name>Jaimielyn Burke</last_name>
    <phone>303-724-0333</phone>
    <email>Jaimielyn.burke@cuanschutz.edu</email>
  </overall_contact_backup>
  <location>
    <facility>
      <name>University of Colorado Denver</name>
      <address>
        <city>Aurora</city>
        <state>Colorado</state>
        <zip>80045</zip>
        <country>United States</country>
      </address>
    </facility>
    <status>Recruiting</status>
    <contact>
      <last_name>Tracey MacDermott, BA BS CCRC</last_name>
      <phone>303-724-2757</phone>
      <email>tracey.macdermott@cuanschutz.edu</email>
    </contact>
    <contact_backup>
      <last_name>Jaimielyn Burke</last_name>
      <email>jaimielyn.burke@cuanschutz.edu</email>
    </contact_backup>
    <investigator>
      <last_name>Camille Stewart, MD</last_name>
      <role>Principal Investigator</role>
    </investigator>
  </location>
  <location_countries>
    <country>United States</country>
  </location_countries>
  <verification_date>April 2023</verification_date>
  <study_first_submitted>August 25, 2022</study_first_submitted>
  <study_first_submitted_qc>August 25, 2022</study_first_submitted_qc>
  <study_first_posted type="Actual">August 29, 2022</study_first_posted>
  <last_update_submitted>April 13, 2023</last_update_submitted>
  <last_update_submitted_qc>April 13, 2023</last_update_submitted_qc>
  <last_update_posted type="Actual">April 18, 2023</last_update_posted>
  <responsible_party>
    <responsible_party_type>Sponsor</responsible_party_type>
  </responsible_party>
  <condition_browse>
    <!-- CAUTION:  The following MeSH terms are assigned with an imperfect algorithm            -->
    <mesh_term>Melanoma</mesh_term>
  </condition_browse>
  <patient_data>
    <sharing_ipd>Undecided</sharing_ipd>
  </patient_data>
  <!-- Results have not yet been posted for this study                                          -->
</clinical_study>

