<?xml version="1.0" encoding="UTF-8"?>
<clinical_study rank="217">
  <!-- This xml conforms to an XML Schema at:
    https://clinicaltrials.gov/ct2/html/images/info/public.xsd -->
  <required_header>
    <download_date>ClinicalTrials.gov processed this data on February 06, 2024</download_date>
    <link_text>Link to the current ClinicalTrials.gov record.</link_text>
    <url>https://clinicaltrials.gov/ct2/show/NCT00925314</url>
  </required_header>
  <id_info>
    <org_study_id>CB-10-01-02</org_study_id>
    <nct_id>NCT00925314</nct_id>
  </id_info>
  <brief_title>A Study of Transgenic Lymphocyte Immunization (TLI) Against Telomerase in Subjects With Stage III Melanoma</brief_title>
  <official_title>A Phase 2, Open-Label Evaluation of the Safety and Efficacy of CB-10-01, Transgenic Lymphocyte Immunization (TLI) Against Telomerase, as Adjuvant Therapy in Subjects With Stage III Melanoma</official_title>
  <sponsors>
    <lead_sponsor>
      <agency>Cosmo Bioscience</agency>
      <agency_class>Industry</agency_class>
    </lead_sponsor>
  </sponsors>
  <source>Cosmo Bioscience</source>
  <oversight_info>
    <has_dmc>No</has_dmc>
  </oversight_info>
  <brief_summary>
    <textblock>
      The purpose of this study is to assess the safety, efficacy, and immunological response to&#xD;
      the study product, TLI, as an adjuvant therapy in subjects with Stage III Melanoma.&#xD;
&#xD;
      Normal cells in the body have an established lifespan. Cancer cells on the other hand have&#xD;
      the ability to continue to divide into new cells indefinitely. More than 85% of cancer has&#xD;
      this ability because of an enzyme found in the cancer cell. The Investigational Product,&#xD;
      Transgenic Lymphocyte Immunization (TLI), is aimed at helping the immune system target this&#xD;
      enzyme found in most cancerous cells.&#xD;
&#xD;
      Subjects who meet all inclusion and exclusion criteria will undergo a leukapheresis in which&#xD;
      white blood cells will be collected and used to manufacture their own personal study product.&#xD;
      Subjects will receive 3 infusions of TLI roughly 1 month apart and will be followed over a 2&#xD;
      year period with routine laboratory draws, computed tomography (CT) scans and physical exams.&#xD;
    </textblock>
  </brief_summary>
  <overall_status>Unknown status</overall_status>
  <last_known_status>Active, not recruiting</last_known_status>
  <start_date>June 2007</start_date>
  <completion_date type="Anticipated">July 2014</completion_date>
  <primary_completion_date type="Actual">July 2011</primary_completion_date>
  <phase>Phase 2</phase>
  <study_type>Interventional</study_type>
  <has_expanded_access>No</has_expanded_access>
  <study_design_info>
    <allocation>N/A</allocation>
    <intervention_model>Single Group Assignment</intervention_model>
    <primary_purpose>Treatment</primary_purpose>
    <masking>None (Open Label)</masking>
  </study_design_info>
  <primary_outcome>
    <measure>The primary efficacy endpoint will be the percentage of subjects who have no recurrence of metastatic melanoma at 24 months from the time of primary surgery.</measure>
    <time_frame>24 months</time_frame>
  </primary_outcome>
  <secondary_outcome>
    <measure>Percentage of subjects who have no recurrence of metastatic melanoma 9 and 16 months following the time of primary surgery.</measure>
    <time_frame>9 and 16 months</time_frame>
  </secondary_outcome>
  <number_of_arms>1</number_of_arms>
  <enrollment type="Anticipated">20</enrollment>
  <condition>Stage IIIB Skin Melanoma</condition>
  <condition>Stage IIIC Skin Melanoma</condition>
  <arm_group>
    <arm_group_label>Transgenic Lymphocyte Immunization</arm_group_label>
    <arm_group_type>Experimental</arm_group_type>
    <description>Open Label, Single Arm</description>
  </arm_group>
  <intervention>
    <intervention_type>Biological</intervention_type>
    <intervention_name>CB-10-01 (Transgenic Lymphocyte Immunization)</intervention_name>
    <description>1 Primary Infusion and 2 Booster Infusions</description>
    <arm_group_label>Transgenic Lymphocyte Immunization</arm_group_label>
    <other_name>TLI</other_name>
  </intervention>
  <eligibility>
    <criteria>
      <textblock>
        Inclusion Criteria:&#xD;
&#xD;
          -  Male or female subjects ≥18 years of age and able to understand and give written&#xD;
             informed consent&#xD;
&#xD;
          -  Women subjects of childbearing potential (WOCBP) and male subjects must be using an&#xD;
             effective method of contraception&#xD;
&#xD;
          -  Histologic diagnosis of malignant melanoma:&#xD;
&#xD;
               -  Melanoma primary completely resected with negative margins. Primary surgery must&#xD;
                  be &lt;8 weeks from leukapheresis procedure&#xD;
&#xD;
               -  Stage IIIB or Stage IIIC according to the American Joint Committee on Cancer&#xD;
                  (AJCC) Tumor-Node-Metastasis (TNM) criteria (Appendix 2) OR previously resected&#xD;
                  Stage I or II melanoma that recurs as Stage IIIB or IIIC.&#xD;
&#xD;
          -  HLA-A2 positive&#xD;
&#xD;
          -  ECOG Performance Status of 0, 1 or 2 (Appendix 3)&#xD;
&#xD;
          -  Adequate bone marrow, hepatic, and renal function:&#xD;
&#xD;
               -  WBC ≥1500/μL&#xD;
&#xD;
               -  ANC ≥1000/μL&#xD;
&#xD;
               -  Platelets ≥100 × 103/μL&#xD;
&#xD;
               -  Hemoglobin ≥9 g/dL&#xD;
&#xD;
               -  Creatinine ≤2 ULN&#xD;
&#xD;
               -  AST ≤2 ULN&#xD;
&#xD;
               -  Bilirubin ≤2 ULN (except for subjects with Gilbert's Syndrome who must have a&#xD;
                  total bilirubin &lt;3.0 mg/mL)&#xD;
&#xD;
          -  Negative screening tests for HIV, Hepatitis B and C&#xD;
&#xD;
        Exclusion Criteria:&#xD;
&#xD;
          -  Female subjects, their partners and male subjects who are unwilling or unable to&#xD;
             practice abstinence or use a barrier method (condoms) during intercourse to minimize&#xD;
             the risk of exposure to the blood-borne transgene for the entire period of the study&#xD;
             and for up to 8 weeks after the last TLI infusion&#xD;
&#xD;
          -  Known allergy to DMSO&#xD;
&#xD;
          -  Any malignancy from which the subject has been disease-free for less than 5 years,&#xD;
             with the exception of adequately treated and cured basal or squamous cell skin cancer,&#xD;
             superficial bladder cancer, or carcinoma in situ of the cervix&#xD;
&#xD;
          -  Primary ocular or mucosal melanoma&#xD;
&#xD;
          -  Autoimmune disease: subjects with a documented history of symptomatic autoimmune&#xD;
             disease (e.g., rheumatoid arthritis, systemic progressive sclerosis [scleroderma],&#xD;
             systemic lupus erythematosus, autoimmune vasculitis [e.g., Wegener's granulomatosis])&#xD;
             that has or may require systemic therapy&#xD;
&#xD;
          -  Concomitant therapy with any anticancer agent; immunosuppressive agents; other&#xD;
             investigational therapies; or chronic use of systemic corticosteroids (used in the&#xD;
             management of cancer or non cancer-related illnesses). Replacement doses of&#xD;
             corticosteroids are allowed in subjects with adrenal insufficiency&#xD;
&#xD;
          -  Prior biologic therapy for melanoma&#xD;
      </textblock>
    </criteria>
    <gender>All</gender>
    <minimum_age>18 Years</minimum_age>
    <maximum_age>N/A</maximum_age>
    <healthy_volunteers>No</healthy_volunteers>
  </eligibility>
  <overall_official>
    <last_name>Gregory Daniels, MD, PhD</last_name>
    <role>Principal Investigator</role>
    <affiliation>University of California, San Diego</affiliation>
  </overall_official>
  <location>
    <facility>
      <name>City of Hope</name>
      <address>
        <city>Duarte</city>
        <state>California</state>
        <zip>91010</zip>
        <country>United States</country>
      </address>
    </facility>
  </location>
  <location>
    <facility>
      <name>University of California Los Angeles</name>
      <address>
        <city>Los Angeles</city>
        <state>California</state>
        <zip>90024</zip>
        <country>United States</country>
      </address>
    </facility>
  </location>
  <location>
    <facility>
      <name>University of California San Diego</name>
      <address>
        <city>San Diego</city>
        <state>California</state>
        <zip>92093</zip>
        <country>United States</country>
      </address>
    </facility>
  </location>
  <location>
    <facility>
      <name>Northern California Melanoma Center</name>
      <address>
        <city>San Francisco</city>
        <state>California</state>
        <zip>94117</zip>
        <country>United States</country>
      </address>
    </facility>
  </location>
  <location>
    <facility>
      <name>John Wayne Cancer Institute</name>
      <address>
        <city>Santa Monica</city>
        <state>California</state>
        <zip>90404</zip>
        <country>United States</country>
      </address>
    </facility>
  </location>
  <location_countries>
    <country>United States</country>
  </location_countries>
  <verification_date>February 2012</verification_date>
  <study_first_submitted>June 18, 2009</study_first_submitted>
  <study_first_submitted_qc>June 19, 2009</study_first_submitted_qc>
  <study_first_posted type="Estimate">June 22, 2009</study_first_posted>
  <last_update_submitted>February 9, 2012</last_update_submitted>
  <last_update_submitted_qc>February 9, 2012</last_update_submitted_qc>
  <last_update_posted type="Estimate">February 13, 2012</last_update_posted>
  <responsible_party>
    <responsible_party_type>Sponsor</responsible_party_type>
  </responsible_party>
  <keyword>Stage III Melanoma</keyword>
  <keyword>Melanoma</keyword>
  <keyword>TLI</keyword>
  <keyword>Transgenic Lymphocyte Immunization</keyword>
  <keyword>CB-10-01-02</keyword>
  <condition_browse>
    <!-- CAUTION:  The following MeSH terms are assigned with an imperfect algorithm            -->
    <mesh_term>Melanoma</mesh_term>
    <mesh_term>Skin Neoplasms</mesh_term>
  </condition_browse>
  <!-- Results have not yet been posted for this study                                          -->
</clinical_study>

