<?xml version="1.0" encoding="UTF-8"?>
<clinical_study rank="120">
  <!-- This xml conforms to an XML Schema at:
    https://clinicaltrials.gov/ct2/html/images/info/public.xsd -->
  <required_header>
    <download_date>ClinicalTrials.gov processed this data on February 06, 2024</download_date>
    <link_text>Link to the current ClinicalTrials.gov record.</link_text>
    <url>https://clinicaltrials.gov/ct2/show/NCT04197882</url>
  </required_header>
  <id_info>
    <org_study_id>OrienX010-II-12</org_study_id>
    <nct_id>NCT04197882</nct_id>
  </id_info>
  <brief_title>Clinical Study to Evaluate OrienX010 in Combination With Toripalimab as Neoadjuvant Treatment in Advanced Melanoma</brief_title>
  <official_title>An Open-Label, Phase Ib Clinical Study to Evaluate OrienX010 in Combination With Toripalimab as Neoadjuvant Treatment in the Patients With Complete Resectable Stage III and Stage IV (M1a) Melanoma</official_title>
  <sponsors>
    <lead_sponsor>
      <agency>Peking University Cancer Hospital &amp; Institute</agency>
      <agency_class>Other</agency_class>
    </lead_sponsor>
  </sponsors>
  <source>Peking University Cancer Hospital &amp; Institute</source>
  <oversight_info>
    <has_dmc>No</has_dmc>
    <is_fda_regulated_drug>No</is_fda_regulated_drug>
    <is_fda_regulated_device>No</is_fda_regulated_device>
  </oversight_info>
  <brief_summary>
    <textblock>
      This study is an open-label, Phase Ib clinical study to evaluate recombinant human GM-CSF&#xD;
      herpes simplex virus intratumoral injection (OrienX010) in combination with recombinant&#xD;
      humanized anti-PD-1 monoclonal antibody infusion (Toripalimab) as neoadjuvant treatment in&#xD;
      patients with complete resectable stage III and IV (M1a) melanoma.&#xD;
&#xD;
      This study is planned to enroll approximately 30 patients with stage III and IV melanoma&#xD;
      (M1a) who meet protocol requirements.&#xD;
&#xD;
      This study is to evaluate the efficacy and safety of recombinant human GM-CSF herpes simplex&#xD;
      virus intratumoral injection (OrienX010) in combination with recombinant humanized anti-PD-1&#xD;
      monoclonal antibody infusion (Toripalimab infusion) as neoadjuvant treatment in the patients&#xD;
      with complete resectable stage III and IV (M1a) melanoma.&#xD;
    </textblock>
  </brief_summary>
  <overall_status>Active, not recruiting</overall_status>
  <start_date type="Actual">May 27, 2019</start_date>
  <completion_date type="Anticipated">May 27, 2025</completion_date>
  <primary_completion_date type="Anticipated">May 27, 2021</primary_completion_date>
  <phase>Phase 1</phase>
  <study_type>Interventional</study_type>
  <has_expanded_access>No</has_expanded_access>
  <study_design_info>
    <allocation>N/A</allocation>
    <intervention_model>Single Group Assignment</intervention_model>
    <primary_purpose>Treatment</primary_purpose>
    <masking>None (Open Label)</masking>
  </study_design_info>
  <primary_outcome>
    <measure>pathological response rates</measure>
    <time_frame>12 week of treatment</time_frame>
    <description>pCR and Major PR/Near pCR rates</description>
  </primary_outcome>
  <primary_outcome>
    <measure>Clinical effective rate</measure>
    <time_frame>12 week of treatment</time_frame>
    <description>objective response rates based on RECIST 1.1, include CR,PR,SD</description>
  </primary_outcome>
  <secondary_outcome>
    <measure>RFS</measure>
    <time_frame>1-year and 2-year after surgery</time_frame>
    <description>To evaluate 1-year relapse-free survival (RFS) and 2-year relapse-free survival</description>
  </secondary_outcome>
  <secondary_outcome>
    <measure>OS</measure>
    <time_frame>approximate 3 years</time_frame>
    <description>overall survival</description>
  </secondary_outcome>
  <secondary_outcome>
    <measure>the safety of OrienX010 in combination with Toripalimab</measure>
    <time_frame>From date of enrolling to 90 days after end of treatment</time_frame>
    <description>Number of participants with treatment-related SAE and adverse events that assessed by CTCAE v5.03</description>
  </secondary_outcome>
  <secondary_outcome>
    <measure>The surgical operation related events were observed</measure>
    <time_frame>Surgical treatment period</time_frame>
    <description>observe the surgical operation related events</description>
  </secondary_outcome>
  <secondary_outcome>
    <measure>Clinical effective rate</measure>
    <time_frame>12 week of treatment</time_frame>
    <description>Objective response rates based on iRECIST and it-RECIST, include CR,PR,SD</description>
  </secondary_outcome>
  <number_of_arms>1</number_of_arms>
  <enrollment type="Actual">33</enrollment>
  <condition>Melanoma</condition>
  <arm_group>
    <arm_group_label>treatment</arm_group_label>
    <arm_group_type>Experimental</arm_group_type>
    <description>This study consisted of 3 stage of neoadjuvant treatment, surgical, and adjuvant treatment. Neoadjuvant treatment period: OrienX010 intratumoral injection in combination with Toripalimab infusion. Toripalimab : 3 mg/kg, IV infusion: Once every 2 weeks for 6 doses ; OrienX010: Maximum injection volume 8 × 108 pfu, intratumoral injection: Once every 2 weeks for 6 doses ; Surgical treatment period: 2 weeks after the last dose of neoadjuvant treatment (± 7 days), the investigator designed the surgical protocol of the melanoma radical surgery according to the patient's individual disease, and performed postoperative care according to the patient's condition.&#xD;
Adjuvant treatment period: 3 weeks after operation (± 7 days), the patient was given Toripalimab infusion. Toripalimab 3 mg/kg intravenously given every 3 weeks (every 3 weeks per cycle) for up to 1 year (the one-year duration will be counted from 1st dose in neoadjuvant treatment).</description>
  </arm_group>
  <intervention>
    <intervention_type>Biological</intervention_type>
    <intervention_name>OrienX010 Combination with Toripalimab injection</intervention_name>
    <description>OrienX010 Produced by Oriengene Biotechnology Co.,Ltd. Strength: 1.0 mL/vial. Toripalimab infusion Produced by Junshi Biosciences Co., Ltd. Strength: 240 mg/6 mL/vial; Sterile water injection dosage form; Expiry date: 24 months; Date of manufacture: Based on the date of manufacture indicated in the product package.</description>
    <arm_group_label>treatment</arm_group_label>
    <other_name>Recombinant Human GM-CSF Herpes Simplex Virus intratumoral Injection combination with Recombinant Human Anti-PD-1 Monoclonal Antibody infusion</other_name>
  </intervention>
  <eligibility>
    <criteria>
      <textblock>
        Inclusion Criteria:&#xD;
&#xD;
          1. An ICF approved by the Ethic Committee will voluntarily signed by the patient prior to&#xD;
             initiating any screening or specific study procedures;&#xD;
&#xD;
          2. Male or female patients between 18 and 75 years of age;&#xD;
&#xD;
          3. Patients with definite diagnosis of complete resectable stage III and IV melanoma&#xD;
             (M1a) based on histology and/or cytology, and with at least 1 measurable lesion(s).&#xD;
&#xD;
          4. Patients with ECOG performance status of 0 or 1;&#xD;
&#xD;
          5. Expected Survival&gt; 4 months;&#xD;
&#xD;
        The patient has good function in each organ, and the following conditions are required at&#xD;
        screening according to the laboratory reference range:&#xD;
&#xD;
          -  White blood cell count ≥ 3.0 × 109/L;&#xD;
&#xD;
          -  Absolute neutrophil value ≥ 1.5 × 109/L;&#xD;
&#xD;
          -  Platelet count ≥ 100 × 109/L;&#xD;
&#xD;
          -  Hemoglobin ≥ 90 g/L;&#xD;
&#xD;
          -  Serum albumin ≥ 2.5 g/dL;&#xD;
&#xD;
          -  Liver function tests: Total bilirubin ≤ 1.5 × upper limit of normal (ULN); Alanine&#xD;
             aminotransferase (ALT) and aspartate aminotransferase (AST) &lt; 2.5 × ULN;&#xD;
&#xD;
          -  Renal function tests: Serum creatinine ≤ 1.5 × ULN or creatinine clearance ≥ 50 mL/min&#xD;
             at 24 hours (Cockcroft and Gault formula);&#xD;
&#xD;
          -  International normalized ratio (INR) ≤ 1.5, and activated partial thromboplastin time&#xD;
             (APTT) or partial prothrombin time (PTT) ≤ 1.5 × ULN;&#xD;
&#xD;
             7. Female patients with childbearing potential (including premature menopause,&#xD;
             menopausal &lt; 2 years and non-surgical sterilization), male patients, and partners of&#xD;
             male patients must agree to use effective contraception during the study: Surgical&#xD;
             sterilization, oral contraceptives, intrauterine devices, sexual abstinence or barrier&#xD;
             contraceptive combination spermicides; All patients must continue contraception for 6&#xD;
             months after the last treatment.&#xD;
&#xD;
        Exclusion Criteria:&#xD;
&#xD;
          1. Patients previously treated with T-VEC or similar; Patients previously treated with&#xD;
             anti PD-1 antibody, anti PD-L1 antibody, anti PD-L2 antibody or similar;&#xD;
&#xD;
          2. Patients with negative anti-herpes simplex virus type I (HSV-1) antibodies IgG and IgM&#xD;
             ;&#xD;
&#xD;
          3. The patient's lesion does not meet the requirement of the intratumoral injection&#xD;
             volume or is not suitable for intratumoral injection;&#xD;
&#xD;
          4. Received anti-herpes simplex virus therapy (such as aciclovir, ganciclovir,&#xD;
             valaciclovir, and arabinoside) within 4 weeks prior to the first dose of study&#xD;
             treatment;&#xD;
&#xD;
          5. Received another anti-tumor monoclonal antibody (mAb) within 4 weeks prior to the&#xD;
             first dose of study treatment or hasn't recover (≤ Grade 1) from adverse events due to&#xD;
             prior therapy (occurring earlier than 4 weeks) ;&#xD;
&#xD;
          6. Patients with a history of other (including unknown primary) malignancies within 5&#xD;
             years prior to the first dose of trial treatment. Note: Except for fully treated stage&#xD;
             1 or 2 basal/squamous cell carcinoma of the skin, superficial bladder cancer, or in&#xD;
             situ cancer that is treated with potentially curative therapy;&#xD;
&#xD;
          7. Patients with known hypersensitivity to the study drug, its active ingredient,&#xD;
             excipients;&#xD;
&#xD;
          8. Patient with HBsAg positive and HBV DNA copies &gt; 1×103copies/mL;&#xD;
&#xD;
          9. Patients with positive hepatitis C virus (HCV) antibodies or human immunodeficiency&#xD;
             virus (HIV) antibodies;&#xD;
&#xD;
         10. Patients with any unstable systemic disease, including but not limited to: Serious&#xD;
             infection, uncontrolled diabetes mellitus, unstable angina, cerebrovascular accident&#xD;
             or transient cerebral ischemia, myocardial infarction, congestive heart failure, and&#xD;
             serious arrhythmia liver, kidney, or metabolic disease requiring medical treatment;&#xD;
&#xD;
         11. patients with active CNS metastases. patients may participate in the study if their&#xD;
             CNS is adequately treated and their neurological symptoms recover to levels less than&#xD;
             or equal to Grade 1 (CTCAE) for at least 2 weeks before enrollment, with the exception&#xD;
             of residual signs or symptoms associated with CNS therapy . In addition, patients must&#xD;
             be those who do not use corticosteroids or who take stable doses of ≤ 10 mg&#xD;
             prednisone/day (or equivalent dose) or who decrease to ≤ 10 mg prednisone/day;&#xD;
&#xD;
         12. Patients with autoimmune disease, received liver or other organs transplantation once&#xD;
             before, active pulmonary tuberculosis; or patients received major surgical procedures,&#xD;
             live vaccination, immunotherapy 4 weeks prior to study initiation&#xD;
&#xD;
         13. Tumor's macrovascular invasion in the iliac and femoral vessels;&#xD;
&#xD;
         14. The disease (e.g., mental illness, etc.) or condition (e.g., alcoholism or drug abuse,&#xD;
             etc.) of the patient may increase the patient's risk of receiving trial medication or&#xD;
             affect the patient's compliance with the study requirements, or may confuse the study&#xD;
             results;&#xD;
&#xD;
         15. Within 30 days of screening, the patient had received any other study product or had&#xD;
             participated in another intervention clinical trial;&#xD;
&#xD;
         16. Pregnant or lactating women, or women who are prepared to become pregnant or lactating&#xD;
             during the study; Men or women who are unwilling to use effective contraception;&#xD;
&#xD;
         17. Other situations that the investigators think are not suitable for inclusion&#xD;
      </textblock>
    </criteria>
    <gender>All</gender>
    <minimum_age>18 Years</minimum_age>
    <maximum_age>75 Years</maximum_age>
    <healthy_volunteers>No</healthy_volunteers>
  </eligibility>
  <overall_official>
    <last_name>Jun Guo, MD</last_name>
    <role>Principal Investigator</role>
    <affiliation>Peking University Cancer Hospital &amp; Institute</affiliation>
  </overall_official>
  <location>
    <facility>
      <name>Beijing Cancer Hospital</name>
      <address>
        <city>Beijing</city>
        <state>Beijing</state>
        <zip>100142</zip>
        <country>China</country>
      </address>
    </facility>
  </location>
  <location_countries>
    <country>China</country>
  </location_countries>
  <verification_date>February 2021</verification_date>
  <study_first_submitted>December 10, 2019</study_first_submitted>
  <study_first_submitted_qc>December 11, 2019</study_first_submitted_qc>
  <study_first_posted type="Actual">December 13, 2019</study_first_posted>
  <last_update_submitted>February 7, 2021</last_update_submitted>
  <last_update_submitted_qc>February 7, 2021</last_update_submitted_qc>
  <last_update_posted type="Actual">February 10, 2021</last_update_posted>
  <responsible_party>
    <responsible_party_type>Principal Investigator</responsible_party_type>
    <investigator_affiliation>Peking University Cancer Hospital &amp; Institute</investigator_affiliation>
    <investigator_full_name>Jun Guo</investigator_full_name>
    <investigator_title>Director of department of renal cancer and melanoma</investigator_title>
  </responsible_party>
  <keyword>complete resectable</keyword>
  <keyword>melanoma</keyword>
  <keyword>neoadjuvant treatment</keyword>
  <condition_browse>
    <!-- CAUTION:  The following MeSH terms are assigned with an imperfect algorithm            -->
    <mesh_term>Melanoma</mesh_term>
  </condition_browse>
  <intervention_browse>
    <!-- CAUTION:  The following MeSH terms are assigned with an imperfect algorithm            -->
    <mesh_term>Molgramostim</mesh_term>
  </intervention_browse>
  <patient_data>
    <sharing_ipd>No</sharing_ipd>
  </patient_data>
  <!-- Results have not yet been posted for this study                                          -->
</clinical_study>

