<?xml version="1.0" encoding="UTF-8"?>
<clinical_study rank="57">
  <!-- This xml conforms to an XML Schema at:
    https://clinicaltrials.gov/ct2/html/images/info/public.xsd -->
  <required_header>
    <download_date>ClinicalTrials.gov processed this data on February 06, 2024</download_date>
    <link_text>Link to the current ClinicalTrials.gov record.</link_text>
    <url>https://clinicaltrials.gov/ct2/show/NCT00813449</url>
  </required_header>
  <id_info>
    <org_study_id>simcere001</org_study_id>
    <secondary_id>simcere0801</secondary_id>
    <nct_id>NCT00813449</nct_id>
  </id_info>
  <brief_title>Safety Study of Combined Chemotherapy and Endostar to Untreated Patients With Advanced Melanoma</brief_title>
  <acronym>melanoma</acronym>
  <official_title>Multicenter, Double-blinding, Randomized Controlled, Phase II Clinical Trial on Combined Chemotherapy of Endostar (Recombinant Human Endostatin) for Untreated Patients With Advanced Melanoma</official_title>
  <sponsors>
    <lead_sponsor>
      <agency>Simcere Pharmaceutical Co., Ltd</agency>
      <agency_class>Other</agency_class>
    </lead_sponsor>
  </sponsors>
  <source>Simcere Pharmaceutical Co., Ltd</source>
  <oversight_info>
    <has_dmc>Yes</has_dmc>
  </oversight_info>
  <brief_summary>
    <textblock>
      Multicenter, double-blinding, randomized controlled, phase II clinical trial on combined&#xD;
      chemotherapy of Endostar (Recombinant Human Endostatin) for untreated patients with advanced&#xD;
      melanoma, To compare the efficacy and safety of Endostar combined with Dacarbazine and&#xD;
      monotherapy of Dacarbazine for advanced melanoma&#xD;
    </textblock>
  </brief_summary>
  <detailed_description>
    <textblock>
      Dacarbazine (DTIC) has been approved for treating metastatic melanoma in the 1970s, and as a&#xD;
      single agent gives a response rate of about 20%. There have been efforts to ameliorate this&#xD;
      poor result by using DTIC in different combinations without a significant improvement. In&#xD;
      addition, new studies with melanoma cells in vitro show that DTIC combination with Endostar,&#xD;
      suggesting a potential clinical benefit from the concomitant treatment of DTIC and&#xD;
      antiangiogenesis therapy. Endostar is a wild spectrum and safe antiangiogenesis factor which&#xD;
      could suppress almost 65 kinds of tumor mass in animal models and affect about 12 percent&#xD;
      human genome. The purpose of this study is to determine whether a combination therapy of&#xD;
      endostar and DTIC is safe and can increase response rate and progression-free survival in&#xD;
      patients (pts) with metastatic melanoma. We will evaluate the efficacy and safety of the&#xD;
      Endostar plus DTIC and hope provide a new hope for the advanced melanoma patients.&#xD;
    </textblock>
  </detailed_description>
  <overall_status>Unknown status</overall_status>
  <last_known_status>Recruiting</last_known_status>
  <start_date>August 2008</start_date>
  <completion_date type="Anticipated">August 2010</completion_date>
  <primary_completion_date type="Anticipated">August 2010</primary_completion_date>
  <phase>Phase 2</phase>
  <study_type>Interventional</study_type>
  <has_expanded_access>No</has_expanded_access>
  <study_design_info>
    <allocation>Randomized</allocation>
    <intervention_model>Parallel Assignment</intervention_model>
    <primary_purpose>Treatment</primary_purpose>
    <masking>Double (Participant, Investigator)</masking>
  </study_design_info>
  <primary_outcome>
    <measure>Progression-free survival time , Total survival time</measure>
    <time_frame>2010.8</time_frame>
  </primary_outcome>
  <secondary_outcome>
    <measure>Tumor response rate , Disease controlled rate and adverse effects</measure>
    <time_frame>2009.8</time_frame>
  </secondary_outcome>
  <number_of_arms>2</number_of_arms>
  <enrollment type="Anticipated">140</enrollment>
  <condition>Advanced Melanoma</condition>
  <condition>Untreated Patients</condition>
  <arm_group>
    <arm_group_label>A</arm_group_label>
    <arm_group_type>Experimental</arm_group_type>
    <description>Experimental group : Endostar combined with dacarbazine</description>
  </arm_group>
  <arm_group>
    <arm_group_label>2</arm_group_label>
    <arm_group_type>Placebo Comparator</arm_group_type>
    <description>Control group : Dacarbazine combined with placebo</description>
  </arm_group>
  <intervention>
    <intervention_type>Drug</intervention_type>
    <intervention_name>dacarbazine plus Endostar (Experimental group)</intervention_name>
    <description>dacarbazine plus Endostar</description>
    <arm_group_label>A</arm_group_label>
    <other_name>dacarbazine plus Endostar</other_name>
  </intervention>
  <intervention>
    <intervention_type>Drug</intervention_type>
    <intervention_name>dacarbazine plus placebo (control group)</intervention_name>
    <description>dacarbazine plus placebo</description>
    <arm_group_label>2</arm_group_label>
    <other_name>dacarbazine plus placebo</other_name>
  </intervention>
  <eligibility>
    <criteria>
      <textblock>
        Inclusion Criteria:&#xD;
&#xD;
          1. Age &gt; 18 years old, males or females;&#xD;
&#xD;
          2. Untreated patients with advanced melanoma confirmed by histopathology or cytology;&#xD;
&#xD;
          3. With tumor foci that can be evaluated by CT or MRI; at least one diameter ≥ 1 cm&#xD;
             (including metastatic lymph nodes, diameter ≥ 1 cm confirmed by CT scan); or&#xD;
             superficial focus ≥ 2 cm (confirmed by photos with calibration);&#xD;
&#xD;
          4. No contraindication for chemotherapy, with normal peripheral hemogram, renal and&#xD;
             hepatic function: Peripheral hemogram: WBC≥4.0×109/L，PLT≥80×109/L，Hgb≥90g/L； Renal&#xD;
             function: serum BUN and creatinine ≤2.5×UNL; Hepatic function: transaminase≤2.5×UNL,&#xD;
             or ≤5×UNL in patients with liver metastasis;&#xD;
&#xD;
          5. Karnofsky performance scale≥70 (appendix 1); expected survival time≥3 months;&#xD;
&#xD;
          6. Patients are voluntary to participate and sign the informed contents.&#xD;
&#xD;
        Exclusion Criteria:&#xD;
&#xD;
          1. Pregnant or breast-feeding females; or females who have reproductive ability but do&#xD;
             not take contraception method;&#xD;
&#xD;
          2. With severe acute infection uncontrolled; purulent or chronic infection with wounds&#xD;
             difficult to recover;&#xD;
&#xD;
          3. With history of severe heart diseases, including congestive heart failure,&#xD;
             uncontrolled arrhythmia with high risk, unstable angina pectoris, myocardial&#xD;
             infarction, severe cardiac valvular diseases and refractory hypertension;&#xD;
&#xD;
          4. Have been treated by dacarbazine or dacarbazine included combination chemotherapy;&#xD;
&#xD;
          5. Patients with uncontrolled neurological, mental disease or psychosis, patients with&#xD;
             poor compliance that cannot coordinate the therapy or describe the treatment response;&#xD;
&#xD;
          6. Uncontrolled brain metastasis patients with obvious manifestations of intracranial&#xD;
             hypertension or neurological and mental disorders;&#xD;
&#xD;
          7. Allergic to any drug in the trial;&#xD;
&#xD;
          8. Patients with a second tumor;&#xD;
&#xD;
          9. Patients participating in other clinical trials;&#xD;
&#xD;
         10. Other conditions that are regarded for exclusion by the trialists&#xD;
      </textblock>
    </criteria>
    <gender>All</gender>
    <minimum_age>18 Years</minimum_age>
    <maximum_age>75 Years</maximum_age>
    <healthy_volunteers>No</healthy_volunteers>
  </eligibility>
  <overall_official>
    <last_name>Guo Jun, PI</last_name>
    <role>Principal Investigator</role>
    <affiliation>Expert Committee for Melanoma of CSCO</affiliation>
  </overall_official>
  <overall_contact>
    <last_name>Guo Jun, PI</last_name>
    <phone>13911233048</phone>
    <phone_ext>8610</phone_ext>
    <email>1008ccl@163.com</email>
  </overall_contact>
  <overall_contact_backup>
    <last_name>Cui Ch Liang, Doctor</last_name>
    <phone>13691489319</phone>
    <phone_ext>8610</phone_ext>
    <email>1008ccl@163.com</email>
  </overall_contact_backup>
  <location>
    <facility>
      <name>Beijing tumor hospital</name>
      <address>
        <city>Beijing</city>
        <state>Beijing</state>
        <zip>100036</zip>
        <country>China</country>
      </address>
    </facility>
    <status>Recruiting</status>
    <contact>
      <last_name>Jun Guo, professor</last_name>
      <phone>8610-88121122</phone>
      <email>guoj307@126.com</email>
    </contact>
    <contact_backup>
      <last_name>liang ch Cui, doctor</last_name>
      <phone>8610-88121122</phone>
    </contact_backup>
    <investigator>
      <last_name>Jun Guo, professor</last_name>
      <role>Principal Investigator</role>
    </investigator>
  </location>
  <location_countries>
    <country>China</country>
  </location_countries>
  <link>
    <url>http://www.bjcancer.org/</url>
    <description>Related Info</description>
  </link>
  <verification_date>November 2009</verification_date>
  <study_first_submitted>December 19, 2008</study_first_submitted>
  <study_first_submitted_qc>December 22, 2008</study_first_submitted_qc>
  <study_first_posted type="Estimate">December 23, 2008</study_first_posted>
  <last_update_submitted>December 6, 2009</last_update_submitted>
  <last_update_submitted_qc>December 6, 2009</last_update_submitted_qc>
  <last_update_posted type="Estimate">December 8, 2009</last_update_posted>
  <responsible_party>
    <name_title>Guo Jun</name_title>
    <organization>Expert Committee for Melanoma of CSCO</organization>
  </responsible_party>
  <keyword>Endostar</keyword>
  <keyword>advanced melanoma</keyword>
  <keyword>combined chemotherapy</keyword>
  <condition_browse>
    <!-- CAUTION:  The following MeSH terms are assigned with an imperfect algorithm            -->
    <mesh_term>Melanoma</mesh_term>
  </condition_browse>
  <intervention_browse>
    <!-- CAUTION:  The following MeSH terms are assigned with an imperfect algorithm            -->
    <mesh_term>Dacarbazine</mesh_term>
    <mesh_term>Endostar protein</mesh_term>
  </intervention_browse>
  <!-- Results have not yet been posted for this study                                          -->
</clinical_study>

