<?xml version="1.0" encoding="UTF-8"?>
<clinical_study rank="365">
  <!-- This xml conforms to an XML Schema at:
    https://clinicaltrials.gov/ct2/html/images/info/public.xsd -->
  <required_header>
    <download_date>ClinicalTrials.gov processed this data on February 06, 2024</download_date>
    <link_text>Link to the current ClinicalTrials.gov record.</link_text>
    <url>https://clinicaltrials.gov/ct2/show/NCT00750399</url>
  </required_header>
  <id_info>
    <org_study_id>FVF4519s</org_study_id>
    <nct_id>NCT00750399</nct_id>
  </id_info>
  <brief_title>Effect of Intravitreal Ranibizumab on Radiation Retinopathy Following Plaque Brachytherapy for Choroidal Melanoma</brief_title>
  <official_title>An Open Label Study to Evaluate the Effect of Intravitreal Ranibizumab on Radiation Retinopathy Following Plaque Brachytherapy for Choroidal Melanoma</official_title>
  <sponsors>
    <lead_sponsor>
      <agency>The New York Eye Cancer Center</agency>
      <agency_class>Other</agency_class>
    </lead_sponsor>
    <collaborator>
      <agency>Genentech, Inc.</agency>
      <agency_class>Industry</agency_class>
    </collaborator>
  </sponsors>
  <source>The New York Eye Cancer Center</source>
  <oversight_info>
    <has_dmc>No</has_dmc>
  </oversight_info>
  <brief_summary>
    <textblock>
      This is a Phase I clinical trial to test the safety and tolerability of intravitreal&#xD;
      ranibizumab in the treatment of radiation retinopathy following plaque brachytherapy for&#xD;
      patients with choroidal melanoma using the incidence and severity of events criteria.&#xD;
&#xD;
      The secondary objective is to assess the efficacy of intravitreal ranibizumab on regression&#xD;
      of radiation retinopathy by ophthalmic examination, fundus photography, fluorescein&#xD;
      angiography, and optical coherence tomography, as well as visual acuity.&#xD;
    </textblock>
  </brief_summary>
  <detailed_description>
    <textblock>
      Following plaque brachytherapy as treatment for choroidal melanoma, patients may develop&#xD;
      radiation retinopathy. Radiation retinopathy is a progressive condition that leads to&#xD;
      blindness in over 50% of cases within 5 years of treatment.&#xD;
&#xD;
      Vascular endothelial growth factor (VEGF) protein is believed to play a critical role in&#xD;
      angiogenesis and radiation retinopathy. It is one of the key contributors to physiological or&#xD;
      pathological conditions that can stimulate both the formation of new blood vessels and normal&#xD;
      vessel incompetence. Ranibizumab is a recently approved vascular endothelial growth factor&#xD;
      (VEGF) inhibitor shown to be effective in treating exudative macular degeneration.&#xD;
      Ranibizumab binds to and inhibits vascular endothelial growth factor A (VEGF-A), which has&#xD;
      been shown to cause neovascularization and leakage in models of ocular angiogenesis.&#xD;
&#xD;
      This is an open label, non-randomized active treatment, Phase I trial to assess the safety&#xD;
      and tolerability of intravitreal ranibizumab and its ability to reduce radiation retinopathy&#xD;
      and potentially limit vision loss associated with this disease.&#xD;
    </textblock>
  </detailed_description>
  <overall_status>Completed</overall_status>
  <start_date>October 2008</start_date>
  <completion_date type="Actual">September 2011</completion_date>
  <primary_completion_date type="Actual">September 2011</primary_completion_date>
  <phase>Phase 1</phase>
  <study_type>Interventional</study_type>
  <has_expanded_access>No</has_expanded_access>
  <study_design_info>
    <allocation>N/A</allocation>
    <intervention_model>Single Group Assignment</intervention_model>
    <primary_purpose>Treatment</primary_purpose>
    <masking>None (Open Label)</masking>
  </study_design_info>
  <primary_outcome>
    <measure>To test the safety and tolerability of intravitreal ranibizumab in the treatment of radiation retinopathy associated with plaque brachytherapy for choroidal melanoma</measure>
    <time_frame>12 months</time_frame>
  </primary_outcome>
  <secondary_outcome>
    <measure>To assess the efficacy of intravitreal ranibizumab on treating radiation retinopathy following plaque brachytherapy for choroidal melanoma, and effect on visual acuity</measure>
    <time_frame>12 months</time_frame>
  </secondary_outcome>
  <number_of_arms>1</number_of_arms>
  <enrollment type="Actual">10</enrollment>
  <condition>Radiation Retinopathy</condition>
  <condition>Choroidal Melanoma</condition>
  <arm_group>
    <arm_group_label>Intravitreal ranibizumab</arm_group_label>
    <arm_group_type>Experimental</arm_group_type>
    <description>Patients will receive intravitreal ranibizumab on a monthly basis depending on response to treatment</description>
  </arm_group>
  <intervention>
    <intervention_type>Drug</intervention_type>
    <intervention_name>Ranibizumab</intervention_name>
    <description>intravitreal ranibizumab monthly for 4 months, and then every month thereafter until month 12.</description>
    <arm_group_label>Intravitreal ranibizumab</arm_group_label>
    <other_name>Lucentis</other_name>
  </intervention>
  <intervention>
    <intervention_type>Drug</intervention_type>
    <intervention_name>ranibizumab</intervention_name>
    <description>intravitreal ranibizumab 0.5 mg</description>
    <arm_group_label>Intravitreal ranibizumab</arm_group_label>
    <other_name>Lucentis</other_name>
  </intervention>
  <eligibility>
    <criteria>
      <textblock>
        Inclusion Criteria:&#xD;
&#xD;
          -  Diagnosis of radiation retinopathy&#xD;
&#xD;
          -  History of choroidal melanoma status post plaque brachytherapy&#xD;
&#xD;
          -  Age &gt; 21 years&#xD;
&#xD;
          -  Ability to perform written consent and comply with study assessments for the full&#xD;
             duration of the study&#xD;
&#xD;
        Exclusion Criteria:&#xD;
&#xD;
          -  Pregnancy or lactation, pre-menopausal women not using contraception&#xD;
&#xD;
          -  Participation in another simultaneous medical investigation or trial&#xD;
&#xD;
          -  Patient with significantly compromised visual acuity in the study eye due to&#xD;
             concomitant ocular conditions.&#xD;
&#xD;
          -  Patients who have undergone intraocular surgery within last 60 days.&#xD;
&#xD;
          -  Patients who have had intravitreal anti-VEGF treatment within 45 days.&#xD;
&#xD;
          -  Patients who have had intravitreal triamcinolone acetonide within 4 months.&#xD;
&#xD;
          -  Patients who have had laser within 60 days.&#xD;
&#xD;
          -  Inability to obtain photographs to document CNV (including difficulty with venous&#xD;
             access).&#xD;
&#xD;
          -  Patient has a history of any medical condition which would preclude scheduled visits&#xD;
             or completion of study.&#xD;
&#xD;
          -  Aphakia or absence of the posterior capsule in the study eye. Previous violation of&#xD;
             the posterior capsule in the study eye is also excluded unless as a result of yttrium&#xD;
             aluminum garnet (YAG) posterior capsulotomy in association with posterior chamber lens&#xD;
             implantation..&#xD;
&#xD;
          -  History of glaucoma filtering surgery in the study eye.&#xD;
&#xD;
          -  Concurrent use of more than two therapies for glaucoma.&#xD;
&#xD;
          -  Any other condition that the investigator believes would pose a significant hazard to&#xD;
             the subject if the investigational therapy were initiated&#xD;
      </textblock>
    </criteria>
    <gender>All</gender>
    <minimum_age>21 Years</minimum_age>
    <maximum_age>N/A</maximum_age>
    <healthy_volunteers>No</healthy_volunteers>
  </eligibility>
  <overall_official>
    <last_name>Paul T Finger, MD</last_name>
    <role>Principal Investigator</role>
    <affiliation>The New York Eye Cancer Center</affiliation>
  </overall_official>
  <location>
    <facility>
      <name>The New York Eye Cancer Center</name>
      <address>
        <city>New York</city>
        <state>New York</state>
        <zip>10065</zip>
        <country>United States</country>
      </address>
    </facility>
  </location>
  <location_countries>
    <country>United States</country>
  </location_countries>
  <reference>
    <citation>Finger PT. Radiation retinopathy is treatable with anti-vascular endothelial growth factor bevacizumab (Avastin). Int J Radiat Oncol Biol Phys. 2008 Mar 15;70(4):974-7. doi: 10.1016/j.ijrobp.2007.11.045.</citation>
    <PMID>18313522</PMID>
  </reference>
  <reference>
    <citation>Finger PT, Chin K. Anti-vascular endothelial growth factor bevacizumab (avastin) for radiation retinopathy. Arch Ophthalmol. 2007 Jun;125(6):751-6. doi: 10.1001/archopht.125.6.751.</citation>
    <PMID>17562985</PMID>
  </reference>
  <results_reference>
    <citation>Finger PT, Chin KJ. Intravitreous ranibizumab (lucentis) for radiation maculopathy. Arch Ophthalmol. 2010 Feb;128(2):249-52. doi: 10.1001/archophthalmol.2009.376. No abstract available.</citation>
    <PMID>20142553</PMID>
  </results_reference>
  <verification_date>April 2012</verification_date>
  <study_first_submitted>September 9, 2008</study_first_submitted>
  <study_first_submitted_qc>September 9, 2008</study_first_submitted_qc>
  <study_first_posted type="Estimate">September 10, 2008</study_first_posted>
  <last_update_submitted>April 25, 2012</last_update_submitted>
  <last_update_submitted_qc>April 25, 2012</last_update_submitted_qc>
  <last_update_posted type="Estimate">April 26, 2012</last_update_posted>
  <responsible_party>
    <responsible_party_type>Principal Investigator</responsible_party_type>
    <investigator_affiliation>The New York Eye Cancer Center</investigator_affiliation>
    <investigator_full_name>Paul T. Finger, MD</investigator_full_name>
    <investigator_title>Director</investigator_title>
  </responsible_party>
  <keyword>radiation</keyword>
  <keyword>retinopathy</keyword>
  <keyword>ranibizumab</keyword>
  <keyword>melanoma</keyword>
  <keyword>choroid</keyword>
  <condition_browse>
    <!-- CAUTION:  The following MeSH terms are assigned with an imperfect algorithm            -->
    <mesh_term>Melanoma</mesh_term>
    <mesh_term>Retinal Diseases</mesh_term>
  </condition_browse>
  <intervention_browse>
    <!-- CAUTION:  The following MeSH terms are assigned with an imperfect algorithm            -->
    <mesh_term>Ranibizumab</mesh_term>
  </intervention_browse>
  <!-- Results have not yet been posted for this study                                          -->
</clinical_study>

