<?xml version="1.0" encoding="UTF-8"?>
<clinical_study rank="79">
  <!-- This xml conforms to an XML Schema at:
    https://clinicaltrials.gov/ct2/html/images/info/public.xsd -->
  <required_header>
    <download_date>ClinicalTrials.gov processed this data on February 06, 2024</download_date>
    <link_text>Link to the current ClinicalTrials.gov record.</link_text>
    <url>https://clinicaltrials.gov/ct2/show/NCT02879474</url>
  </required_header>
  <id_info>
    <org_study_id>AORC 2009</org_study_id>
    <secondary_id>RC13_0082</secondary_id>
    <nct_id>NCT02879474</nct_id>
  </id_info>
  <brief_title>Study of Risk Factors and Clinical Characterization of Rapidly Growing Melanoma</brief_title>
  <sponsors>
    <lead_sponsor>
      <agency>Assistance Publique Hopitaux De Marseille</agency>
      <agency_class>Other</agency_class>
    </lead_sponsor>
  </sponsors>
  <source>Assistance Publique Hopitaux De Marseille</source>
  <oversight_info>
    <has_dmc>No</has_dmc>
  </oversight_info>
  <brief_summary>
    <textblock>
      State of the question Over the past decade, the incidence of melanoma (MM) has steadily&#xD;
      increased in France and in most developed countries. This increased incidence was concerned&#xD;
      mainly MM thin while the incidence of MM thick that represent the true &quot;killers&quot;, and&#xD;
      mortality from MM remained stable or increased slightly over the same period. These&#xD;
      epidemiological data and observations from everyday medical practice dermatologists suggest&#xD;
      the existence of different growth patterns within MM. Indeed, some MM progressing slowly&#xD;
      sometimes for decades before diagnosis but are thin at the time of resection. Conversely,&#xD;
      others MM grow very quickly, resulting in thick tumors despite a diagnosis and resection&#xD;
      sometimes very early. These fast growing MM (FGMM) probably contribute significantly to the&#xD;
      relative mortality in MM, as improved screening failed to influence to this day.&#xD;
&#xD;
      Our team has already demonstrated that the growth kinetics of the MM was a prognostic factor&#xD;
      of tumor aggressiveness regardless of the thickness of the tumor. Using the same method to&#xD;
      calculate the growth rate, an Australian team recently studied the growth rate in a&#xD;
      population of patients suffering from MM. In this population 1/3 of MM had a growth of more&#xD;
      than 0.5 mm per month. Clinical aspects and FGMM of these risk factors were individuals&#xD;
      (injuries symmetrical achromic and regular occurrence among about older and low-nevi). The&#xD;
      European and Australian people are very different in particular regarding the prevention&#xD;
      policy, these results can not be extrapolated to the French population.The main objective is&#xD;
      to identify risk factors for FGMM in French propulation&#xD;
    </textblock>
  </brief_summary>
  <overall_status>Unknown status</overall_status>
  <last_known_status>Active, not recruiting</last_known_status>
  <start_date>August 2010</start_date>
  <completion_date type="Anticipated">May 2017</completion_date>
  <primary_completion_date type="Actual">May 2016</primary_completion_date>
  <study_type>Observational</study_type>
  <has_expanded_access>No</has_expanded_access>
  <study_design_info>
    <observational_model>Cohort</observational_model>
    <time_perspective>Prospective</time_perspective>
  </study_design_info>
  <primary_outcome>
    <measure>Speed growth of melanoma size</measure>
    <time_frame>1 year</time_frame>
  </primary_outcome>
  <number_of_groups>1</number_of_groups>
  <enrollment type="Anticipated">472</enrollment>
  <condition>Melanoma Cancer</condition>
  <arm_group>
    <arm_group_label>Patient with melanoma</arm_group_label>
  </arm_group>
  <intervention>
    <intervention_type>Behavioral</intervention_type>
    <intervention_name>Melanoma scale questionnair</intervention_name>
    <arm_group_label>Patient with melanoma</arm_group_label>
  </intervention>
  <eligibility>
    <study_pop>
      <textblock>
        Breslow primitive melanoma &gt;1 mm patients&#xD;
      </textblock>
    </study_pop>
    <sampling_method>Probability Sample</sampling_method>
    <criteria>
      <textblock>
        Inclusion Criteria:&#xD;
&#xD;
          -  Patient with Breslow primitive melanoma for over 1 mm skin affected&#xD;
&#xD;
        Exclusion Criteria:&#xD;
&#xD;
          -  Patient unable to answer questionnair concerning its melanoma history desease&#xD;
      </textblock>
    </criteria>
    <gender>All</gender>
    <minimum_age>18 Years</minimum_age>
    <maximum_age>N/A</maximum_age>
    <healthy_volunteers>No</healthy_volunteers>
  </eligibility>
  <overall_official>
    <last_name>Urielle DESALBRES</last_name>
    <role>Study Director</role>
    <affiliation>Assistance Publique Hopitaux De Marseille</affiliation>
  </overall_official>
  <overall_official>
    <last_name>Caroline GAUDY, MD/PhD</last_name>
    <role>Principal Investigator</role>
    <affiliation>Assistance Publique Hopitaux De Marseille</affiliation>
  </overall_official>
  <location>
    <facility>
      <name>Assistance Publique Hopitaux de Marseille</name>
      <address>
        <city>Marseille</city>
        <zip>13354</zip>
        <country>France</country>
      </address>
    </facility>
  </location>
  <location_countries>
    <country>France</country>
  </location_countries>
  <verification_date>August 2016</verification_date>
  <study_first_submitted>August 22, 2016</study_first_submitted>
  <study_first_submitted_qc>August 22, 2016</study_first_submitted_qc>
  <study_first_posted type="Estimate">August 25, 2016</study_first_posted>
  <last_update_submitted>August 22, 2016</last_update_submitted>
  <last_update_submitted_qc>August 22, 2016</last_update_submitted_qc>
  <last_update_posted type="Estimate">August 25, 2016</last_update_posted>
  <responsible_party>
    <responsible_party_type>Sponsor</responsible_party_type>
  </responsible_party>
  <condition_browse>
    <!-- CAUTION:  The following MeSH terms are assigned with an imperfect algorithm            -->
    <mesh_term>Melanoma</mesh_term>
  </condition_browse>
  <patient_data>
    <sharing_ipd>No</sharing_ipd>
  </patient_data>
  <!-- Results have not yet been posted for this study                                          -->
</clinical_study>

