<?xml version="1.0" encoding="UTF-8"?>
<clinical_study rank="299">
  <!-- This xml conforms to an XML Schema at:
    https://clinicaltrials.gov/ct2/html/images/info/public.xsd -->
  <required_header>
    <download_date>ClinicalTrials.gov processed this data on February 06, 2024</download_date>
    <link_text>Link to the current ClinicalTrials.gov record.</link_text>
    <url>https://clinicaltrials.gov/ct2/show/NCT05282901</url>
  </required_header>
  <id_info>
    <org_study_id>IC 2020-06</org_study_id>
    <nct_id>NCT05282901</nct_id>
  </id_info>
  <brief_title>Efficacy and Safety of Pembrolizumab in Combination With Lenvatinib in Metastatic Uveal MElanoma Patients (PLUME)</brief_title>
  <acronym>PLUME</acronym>
  <official_title>A Phase II, Monocentric, Single Arm Trial Evaluating the Efficacy and Safety of Pembrolizumab in Combination With Lenvatinib in Metastatic Uveal MElanoma Patients</official_title>
  <sponsors>
    <lead_sponsor>
      <agency>Institut Curie</agency>
      <agency_class>Other</agency_class>
    </lead_sponsor>
    <collaborator>
      <agency>Merck Sharp &amp; Dohme LLC</agency>
      <agency_class>Industry</agency_class>
    </collaborator>
  </sponsors>
  <source>Institut Curie</source>
  <oversight_info>
    <has_dmc>Yes</has_dmc>
    <is_fda_regulated_drug>No</is_fda_regulated_drug>
    <is_fda_regulated_device>No</is_fda_regulated_device>
  </oversight_info>
  <brief_summary>
    <textblock>
      Because we suspect that the benefit of anti-PD-1 in metastatic UM patients could vary&#xD;
      according to previous exposure to Tebentafusp (better efficacy of anti-PD-1 after&#xD;
      Tebentafusp), the combination of pembrolizumab and lenvatinib will be assessed in two&#xD;
      independent cohorts: cohort 1 with Tebentafusp-naive patients, and cohort 2 with patients&#xD;
      previously treated by Tebentafusp.&#xD;
&#xD;
      The study is a monocentric, phase II trial with a single-arm of treatment in each cohort.&#xD;
&#xD;
      Liver MRI and chest-abdomen-pelvis CT will be performed every 9 weeks until progressive&#xD;
      disease (PD), followed by a Follow-up visit within 28 days after last treatment intake.&#xD;
      Survival status will be registered after patient discontinuation.&#xD;
    </textblock>
  </brief_summary>
  <detailed_description>
    <textblock>
      After a screening phase of up to 28 days, each participant will receive assigned study&#xD;
      intervention of pembrolizumab (maximum of 35 cycles) plus lenvatinib until reaching a&#xD;
      discontinuation criterion including disease progression.&#xD;
&#xD;
      Because we suspect that the benefit of anti-PD-1 in metastatic UM patients could vary&#xD;
      according to previous exposure to Tebentafusp (better efficacy of anti-PD-1 after&#xD;
      Tebentafusp), the combination of pembrolizumab and lenvatinib will be assessed in two&#xD;
      independent cohorts: cohort 1 with Tebentafusp-naive patients, and cohort 2 with patients&#xD;
      previously treated by Tebentafusp.&#xD;
&#xD;
      The study is a monocentric, phase II trial with a single-arm of treatment in each cohort.&#xD;
&#xD;
      Liver MRI and chest-abdomen-pelvis CT will be performed every 9 weeks until progressive&#xD;
      disease (PD), followed by a Follow-up visit within 28 days after last treatment intake.&#xD;
      Survival status will be registered after patient discontinuation.&#xD;
&#xD;
      Participants who discontinue for reasons other than radiographic PD will have post-treatment&#xD;
      follow-up imaging for disease status until (i) PD is documented radiographically per RECIST&#xD;
      1.1, or (ii) a non-study anticancer treatment is initiated, or (iii) consent is withdrawn, or&#xD;
      (iv) the participant becomes lost to follow-up.&#xD;
&#xD;
      Lenvatinib will not be stopped for complete response (CR); participants should remain on&#xD;
      lenvatinib until the discontinuation criterion are met.&#xD;
&#xD;
      All participants will be followed for OS until death, withdrawal of consent, loss to&#xD;
      follow-up, or the end of the study. The survival status of all the participants will be&#xD;
      collected at the date of the Last Visit of the Last Patient.&#xD;
&#xD;
      Exploratory research on biomarkers of response or resistance will also be conducted.&#xD;
    </textblock>
  </detailed_description>
  <overall_status>Recruiting</overall_status>
  <start_date type="Actual">July 7, 2022</start_date>
  <completion_date type="Anticipated">September 30, 2026</completion_date>
  <primary_completion_date type="Anticipated">January 31, 2025</primary_completion_date>
  <phase>Phase 2</phase>
  <study_type>Interventional</study_type>
  <has_expanded_access>No</has_expanded_access>
  <study_design_info>
    <allocation>N/A</allocation>
    <intervention_model>Single Group Assignment</intervention_model>
    <intervention_model_description>Monocentric, phase II trial with a single-arm of treatment in two independent cohorts with Tebentafusp-naive patients, and with patients previously treated by Tebentafusp</intervention_model_description>
    <primary_purpose>Treatment</primary_purpose>
    <masking>None (Open Label)</masking>
  </study_design_info>
  <primary_outcome>
    <measure>Progression-free survival (PFS) according to RECIST 1.1 criteria</measure>
    <time_frame>After 9 cycles (i.e. 27 weeks +/- 2 weeks)</time_frame>
    <description>PFS will be estimated as a crude rate at 27 weeks (+/- 2 weeks, i.e. 14 days) after the start of treatment. Will be considered progression events: objective clinical progression, radiological progression according to RECIST 1.1 criteria and death from any cause.</description>
  </primary_outcome>
  <secondary_outcome>
    <measure>Progression-free survival (PFS)</measure>
    <time_frame>From date of first study treaments intakes until the date of first documented progression assessed up to 30 months</time_frame>
    <description>PFS is defined as the time from the date of treatment start until the date of first objective clinical or radiological disease progression (RECIST 1.1) or death. Patients alive and without progression at the date of last contact will be censored at this date.</description>
  </secondary_outcome>
  <secondary_outcome>
    <measure>Objective response rate (ORR)</measure>
    <time_frame>After 9 cycles (i.e. 27 weeks +/- 2 weeks)</time_frame>
    <description>Objective response rate using the RECIST criteria version 1.1 is defined as a Confirmed complete response (CR) or partial response (PR) at nine cycles, 27 weeks (+/- 2 weeks, i.e. 14 days)</description>
  </secondary_outcome>
  <secondary_outcome>
    <measure>Progression-free survival (PFS) using the iRECIST criteria</measure>
    <time_frame>After 9 cycles (i.e. 27 weeks +/- 2 weeks)</time_frame>
    <description>27-weeks PFS using the iRECIST criteria, based on investigator assessment</description>
  </secondary_outcome>
  <secondary_outcome>
    <measure>Overall Survival (OS)</measure>
    <time_frame>From date of first study treatments intake until the date of death from any cause, assessed up to 100 months</time_frame>
    <description>OS is defined as the time from the date of treatment start until the date of death due to any cause. Patients alive at the date of last contact will be censored at this date.</description>
  </secondary_outcome>
  <number_of_arms>1</number_of_arms>
  <enrollment type="Anticipated">54</enrollment>
  <condition>Metastatic Uveal Melanoma</condition>
  <arm_group>
    <arm_group_label>Metastatic Uveal MElanoma patients</arm_group_label>
    <arm_group_type>Experimental</arm_group_type>
    <description>Male/female participants who are at least 18 years of age on the day of signing informed consent with histologically confirmed diagnosis of metastatic uveal melanoma (UM)</description>
  </arm_group>
  <intervention>
    <intervention_type>Drug</intervention_type>
    <intervention_name>Pembrolizumab 25 MG/1 ML Intravenous Solution</intervention_name>
    <description>Taken together, we hypothesize that combining pembrolizumab with lenvatinib in metastatic UM may target essential cellular oncogenic pathways while normalizing tumor vascularization, thus allowing an increased infiltration of the tumor by immune cells and an improved immune response.</description>
    <arm_group_label>Metastatic Uveal MElanoma patients</arm_group_label>
    <other_name>Lenvatinib</other_name>
  </intervention>
  <eligibility>
    <criteria>
      <textblock>
        Inclusion Criteria:&#xD;
&#xD;
          1. Male/female participants who are at least 18 years of age on the day of signing&#xD;
             informed consent with histologically confirmed diagnosis of metastatic uveal melanoma&#xD;
             (UM).&#xD;
&#xD;
          2. (i) Not having been treated with Tebentafusp for cohort 1 (Tebentafusp-naive patients)&#xD;
             OR (ii) Having been previously treated with Tebentafusp for cohort 2.&#xD;
&#xD;
          3. Life expectancy &gt; 3 months.&#xD;
&#xD;
          4. Have an Eastern Cooperative Oncology Group (ECOG) performance status of 0 to 1.&#xD;
             Evaluation of ECOG has to be performed at inclusion.&#xD;
&#xD;
          5. Male participants must agree to use contraception&#xD;
&#xD;
          6. A female participant is eligible to participate if she is not pregnant, not&#xD;
             breastfeeding, and at least one of the following conditions applies:&#xD;
&#xD;
               1. Not a woman of childbearing potential (WOCBP) OR&#xD;
&#xD;
               2. A WOCBP who agrees to follow the contraceptive guidance&#xD;
&#xD;
          7. Measurable disease based on RECIST 1.1. lesions situated in a previously irradiated&#xD;
             area are considered measurable if progression has been demonstrated in such lesions.&#xD;
&#xD;
          8. The participant (or legally acceptable representative if applicable) provides written&#xD;
             informed consent for the trial.&#xD;
&#xD;
          9. Have provided a newly obtained (or archival if no systemic treatment since the&#xD;
             sampling) core or excisional biopsy of a tumor lesion not previously irradiated.&#xD;
&#xD;
         10. Patients with French Social Security in compliance with the French law relating to&#xD;
             biomedical research&#xD;
&#xD;
         11. All other relevant medical conditions must be well-managed and stable, in the opinion&#xD;
             of the investigator, for at least 28 days prior to first administration of study drug.&#xD;
&#xD;
         12. Have adequate organ function as defined in the protocol.&#xD;
&#xD;
        Exclusion Criteria:&#xD;
&#xD;
          1. A WOCBP who has a positive urine pregnancy test within 72 hours prior to allocation.&#xD;
&#xD;
          2. Has received prior therapy with an anti-PD-1, anti-PD-L1, or anti PD L2 agent or with&#xD;
             an agent directed to another stimulatory or co-inhibitory T-cell receptor (eg, CTLA-4,&#xD;
             OX 40, and CD137) for metastatic UM.&#xD;
&#xD;
             In contrast, prior therapy with Tebentafusp is permitted.&#xD;
&#xD;
          3. Has recently received prior systemic anti-cancer therapy including investigational&#xD;
             agents or biological agents [eg cytokines, antibodies or small molecules kinase&#xD;
             inhibitors within 3 weeks or nitrosoureas/mitomycin C within 6 weeks] prior to&#xD;
             allocation. Prior liver surgery or local treatment of metastases is allowed if there&#xD;
             is an unequivocal progression.&#xD;
&#xD;
             Note: Participants must have recovered from all AEs due to previous therapies to&#xD;
             ≤Grade 1 or baseline. Participants with ≤Grade 2 neuropathy may be eligible.&#xD;
&#xD;
             Note: Do not administer for at least 2 weeks following major surgery and until&#xD;
             adequate wound healing.&#xD;
&#xD;
          4. Has received prior radiotherapy within 2 weeks of start of study intervention.&#xD;
             Participants must have recovered from all radiation-related toxicities, not require&#xD;
             corticosteroids, and not have had radiation pneumonitis. A 1-week washout is permitted&#xD;
             for palliative radiation (≤2 weeks of radiotherapy) to non-CNS disease.&#xD;
&#xD;
          5. Has received a live vaccine within 30 days prior to the first dose of study drug.&#xD;
             Examples of live vaccines include, but are not limited to, the following: measles,&#xD;
             mumps, rubella, varicella/zoster (chicken pox), yellow fever, rabies, Bacillus&#xD;
             Calmette-Guérin (BCG), and typhoid vaccine. Seasonal influenza vaccines for injection&#xD;
             are generally killed virus vaccines and are allowed; however, intranasal influenza&#xD;
             vaccines (eg, FluMist®) are live attenuated vaccines and are not allowed. Only mRNA&#xD;
             vaccines are authorized to prevent SARS-CoV-2 infection (COVID-19) during the trial.&#xD;
&#xD;
          6. Is currently participating in or has participated in a study of an investigational&#xD;
             agent or has used an investigational device within 4 weeks prior to the first dose of&#xD;
             study intervention.&#xD;
&#xD;
          7. Has a diagnosis of immunodeficiency or is receiving chronic systemic steroid therapy&#xD;
             (in dosing exceeding 10 mg daily of prednisone equivalent) or any other form of&#xD;
             immunosuppressive therapy within 7 days prior to the first dose of study drug.&#xD;
&#xD;
          8. Has a history of a second malignancy, unless potentially curative treatment has been&#xD;
             completed with no evidence of malignancy for 2 years.&#xD;
&#xD;
             Note: The time requirement does not apply to participants who underwent successful&#xD;
             definitive resection of basal cell carcinoma of the skin, squamous cell carcinoma of&#xD;
             the skin, superficial bladder cancer, in situ cervical cancer, or other in-situ&#xD;
             cancers&#xD;
&#xD;
          9. Has known active CNS metastases and/or carcinomatous meningitis. Brain imaging is not&#xD;
             required at inclusion if asymptomatic. Participants with previously treated brain&#xD;
             metastases may participate provided they are radiologically stable, i.e. without&#xD;
             evidence of progression for at least 4 weeks by repeat imaging (note that the repeat&#xD;
             imaging should be performed during study screening), clinically stable and without&#xD;
             requirement of steroid treatment for at least 14 days prior to first dose of study&#xD;
             intervention.&#xD;
&#xD;
         10. Has severe hypersensitivity (≥Grade 3) to pembrolizumab and/or lenvatinib and/or any&#xD;
             of their excipients.&#xD;
&#xD;
         11. Has active autoimmune disease that has required systemic treatment in the past 2 years&#xD;
             (i.e. with use of disease modifying agents, corticosteroids or immunosuppressive&#xD;
             drugs). Replacement therapy (eg., thyroxine, insulin, or physiologic corticosteroid&#xD;
             replacement therapy for adrenal or pituitary insufficiency, etc.) is not considered a&#xD;
             form of systemic treatment and is allowed.&#xD;
&#xD;
         12. Has a history of (non-infectious) pneumonitis that required steroids or has current&#xD;
             pneumonitis.&#xD;
&#xD;
         13. Has an active infection requiring systemic therapy. Patients requiring systemic&#xD;
             antibiotics for infection must have completed therapy at least 1 week prior to the&#xD;
             first dose of study drug.&#xD;
&#xD;
         14. Has a known history of Human Immunodeficiency Virus (HIV) infection. HIV testing is&#xD;
             not required at allocation.&#xD;
&#xD;
         15. Has a known history of Hepatitis B (defined as Hepatitis B surface antigen [HBsAg]&#xD;
             reactive) or known active Hepatitis C virus (defined as HCV RNA [qualitative] is&#xD;
             detected) infection. Note: no testing for Hepatitis B and Hepatitis C is required&#xD;
             unless mandated by local health authority.&#xD;
&#xD;
         16. Has a known history of active TB (Bacillus Tuberculosis).&#xD;
&#xD;
         17. Has a history or current evidence of any condition, therapy, or laboratory abnormality&#xD;
             that might confound the results of the study, interfere with the subject's&#xD;
             participation for the full duration of the study, or is not in the best interest of&#xD;
             the subject to participate, in the opinion of the treating investigator.&#xD;
&#xD;
         18. Has known psychiatric or substance abuse disorders that would interfere with&#xD;
             cooperation with the requirements of the trial.&#xD;
&#xD;
         19. Is pregnant or breastfeeding or expecting to conceive or father children within the&#xD;
             projected duration of the study, starting with the screening visit through 120 days&#xD;
             after the last dose of trial treatment.&#xD;
&#xD;
         20. Has had an allogenic tissue/solid organ transplant.&#xD;
&#xD;
         21. Concurrent or recent (less than 1 week prior inclusion) immunosuppressive medications&#xD;
             (including corticosteroids exceeding 10 mg daily of prednisone equivalent,&#xD;
             azathioprin); hydrocortisone at physiological doses is allowed;&#xD;
&#xD;
         22. Uncontrolled blood pressure (Systolic BP&gt;150 mmHg and/or diastolic BP &gt;90 mmHg) in&#xD;
             spite of an optimized regimen of antihypertensive medication.&#xD;
&#xD;
         23. Electrolyte abnormalities that have not been corrected as assessed by the&#xD;
             investigator.&#xD;
&#xD;
         24. Significant cardiovascular impairment: history of congestive heart failure greater&#xD;
             than New York Heart Association (NYHA) Class II, unstable angina, myocardial&#xD;
             infarction or stroke within 6 months of the first dose of study drug, or cardiac&#xD;
             arrhythmia requiring medical treatment at Screening.&#xD;
&#xD;
         25. Bleeding or thrombotic disorders or subjects at risk for severe hemorrhage. The degree&#xD;
             of tumor invasion/infiltration of major blood vessels (e.g. carotid artery) should be&#xD;
             considered because of the potential risk of severe hemorrhage associated with tumor&#xD;
             shrinkage/necrosis following lenvatinib therapy.&#xD;
&#xD;
         26. Subjects having &gt; 1+ proteinuria on urine dipstick testing unless a 24-hour urine&#xD;
             collection for quantitative assessment indicates that the urine protein is &lt;1 g/24&#xD;
             hours.&#xD;
&#xD;
         27. Subjects who have not recovered adequately from any toxicity from other anti-cancer&#xD;
             treatment regimens and/or complications from major surgery prior to starting therapy.&#xD;
&#xD;
             -&#xD;
      </textblock>
    </criteria>
    <gender>All</gender>
    <minimum_age>18 Years</minimum_age>
    <maximum_age>N/A</maximum_age>
    <healthy_volunteers>No</healthy_volunteers>
  </eligibility>
  <overall_official>
    <last_name>Manuel Rodrigues, MD</last_name>
    <role>Principal Investigator</role>
    <affiliation>Institut Curie</affiliation>
  </overall_official>
  <overall_contact>
    <last_name>Manuel Rodrigues, MD</last_name>
    <phone>0033(0) 1 44 32 46 80</phone>
    <email>drci.promotion@curie.fr</email>
  </overall_contact>
  <location>
    <facility>
      <name>Institut Curie</name>
      <address>
        <city>Paris</city>
        <zip>75005</zip>
        <country>France</country>
      </address>
    </facility>
    <status>Recruiting</status>
    <contact>
      <last_name>Manuel Rodrigues, MD</last_name>
      <phone>0033(0) 1 44 32 46 80</phone>
      <email>drci.promotion@curie.fr</email>
    </contact>
  </location>
  <location_countries>
    <country>France</country>
  </location_countries>
  <verification_date>May 2023</verification_date>
  <study_first_submitted>February 24, 2022</study_first_submitted>
  <study_first_submitted_qc>March 7, 2022</study_first_submitted_qc>
  <study_first_posted type="Actual">March 16, 2022</study_first_posted>
  <last_update_submitted>January 26, 2024</last_update_submitted>
  <last_update_submitted_qc>January 26, 2024</last_update_submitted_qc>
  <last_update_posted type="Actual">January 29, 2024</last_update_posted>
  <responsible_party>
    <responsible_party_type>Sponsor</responsible_party_type>
  </responsible_party>
  <keyword>Metastatic</keyword>
  <keyword>Uveal</keyword>
  <keyword>Melanoma</keyword>
  <keyword>Immune</keyword>
  <keyword>Response</keyword>
  <condition_browse>
    <!-- CAUTION:  The following MeSH terms are assigned with an imperfect algorithm            -->
    <mesh_term>Melanoma</mesh_term>
    <mesh_term>Uveal Neoplasms</mesh_term>
  </condition_browse>
  <intervention_browse>
    <!-- CAUTION:  The following MeSH terms are assigned with an imperfect algorithm            -->
    <mesh_term>Pembrolizumab</mesh_term>
    <mesh_term>Lenvatinib</mesh_term>
  </intervention_browse>
  <patient_data>
    <sharing_ipd>Yes</sharing_ipd>
    <ipd_description>Sponsor will share de-identified data sets. Documents generated under the project will be disseminated in accordance with Institut Curie policies.</ipd_description>
    <ipd_info_type>Study Protocol</ipd_info_type>
    <ipd_info_type>Statistical Analysis Plan (SAP)</ipd_info_type>
    <ipd_time_frame>Data requests can be submitted starting 9 months after last article publication and will be made accessible for up to 12 months.</ipd_time_frame>
    <ipd_access_criteria>Access to trial individual participant data can be requested by qualified researchers engaging in independent scientific research, and will be provided following review and approval of a research proposal and Statistical Analysis Plan (SAP) and execution of a data sharing agreement (DSA).</ipd_access_criteria>
  </patient_data>
  <!-- Results have not yet been posted for this study                                          -->
</clinical_study>

