<?xml version="1.0" encoding="UTF-8"?>
<clinical_study rank="168">
  <!-- This xml conforms to an XML Schema at:
    https://clinicaltrials.gov/ct2/html/images/info/public.xsd -->
  <required_header>
    <download_date>ClinicalTrials.gov processed this data on February 06, 2024</download_date>
    <link_text>Link to the current ClinicalTrials.gov record.</link_text>
    <url>https://clinicaltrials.gov/ct2/show/NCT03139513</url>
  </required_header>
  <id_info>
    <org_study_id>ML29964</org_study_id>
    <nct_id>NCT03139513</nct_id>
  </id_info>
  <brief_title>A Study of Adult Participants With BRAF V600 Mutation-Positive Advanced Melanoma Treated With Cobimetinib (Cotellic®) During the French Early Access Program (Temporary Authorization for Use [TAU])</brief_title>
  <acronym>MELANIS</acronym>
  <official_title>Survival in Adult Patients With BRAF V600 Mutation-Positive Advanced Melanoma: A Non-Interventional Ambispective Study of a Cohort of Patients Treated With Cobimetinib During the French Early Access Program (TAU)</official_title>
  <sponsors>
    <lead_sponsor>
      <agency>Hoffmann-La Roche</agency>
      <agency_class>Industry</agency_class>
    </lead_sponsor>
  </sponsors>
  <source>Hoffmann-La Roche</source>
  <oversight_info>
    <is_fda_regulated_drug>Yes</is_fda_regulated_drug>
    <is_fda_regulated_device>No</is_fda_regulated_device>
  </oversight_info>
  <brief_summary>
    <textblock>
      This is a multicentre, ambispective (both retrospective and prospective), and&#xD;
      non-interventional study conducted in France in adult participants with BRAF V600&#xD;
      mutation-positive unresectable or metastatic melanoma treated with cobimetinib in combination&#xD;
      with vemurafenib (Zelboraf®).&#xD;
    </textblock>
  </brief_summary>
  <detailed_description>
    <textblock>
      Concomitantly to the marketing authorization applications for cobimetinib and vemurafenib to&#xD;
      European Medicines Agency (EMA) and United States Food and Drug Administration (USFDA) in&#xD;
      2014, a French TAU program was initiated in February 2015. This study will enroll&#xD;
      participants under this program.&#xD;
    </textblock>
  </detailed_description>
  <overall_status>Completed</overall_status>
  <start_date type="Actual">October 27, 2016</start_date>
  <completion_date type="Actual">August 22, 2018</completion_date>
  <primary_completion_date type="Actual">August 22, 2018</primary_completion_date>
  <study_type>Observational</study_type>
  <has_expanded_access>No</has_expanded_access>
  <study_design_info>
    <observational_model>Cohort</observational_model>
    <time_perspective>Other</time_perspective>
  </study_design_info>
  <primary_outcome>
    <measure>Overall Survival (OS)</measure>
    <time_frame>From first intake of cobimetinib up to date of death due from any cause (assessed up to 18 months)</time_frame>
  </primary_outcome>
  <secondary_outcome>
    <measure>Progression-Free Survival (PFS) According to Response Evaluation Criteria in Solid Tumors (RECIST)</measure>
    <time_frame>From first intake of cobimetinib up to first disease progression or death from any cause (assessed up to 18 months)</time_frame>
  </secondary_outcome>
  <secondary_outcome>
    <measure>Percentage of Participants with Complete Response (CR) or Partial Response (PR) to Treatment According to RECIST as Assessed by Physician</measure>
    <time_frame>From first intake of cobimetinib up to first disease progression or death from any cause (assessed up to 18 months)</time_frame>
  </secondary_outcome>
  <secondary_outcome>
    <measure>Time to Cobimetinib Treatment Discontinuation</measure>
    <time_frame>From first intake of cobimetinib up to cobimetinib treatment discontinuation (assessed up to 18 months)</time_frame>
  </secondary_outcome>
  <secondary_outcome>
    <measure>Percentage of Participants by Treatments After Disease Progression or Permanent Cobimetinib Treatment Discontinuation</measure>
    <time_frame>From disease progression or permanent cobimetinib treatment discontinuation up to overall study completion (assessed up to 18 months)</time_frame>
  </secondary_outcome>
  <secondary_outcome>
    <measure>Retrospective Period: Percentage of Participants with Targeted Adverse Events (AEs)</measure>
    <time_frame>From first intake of cobimetinib up to inclusion in the study (up to Day 1)</time_frame>
    <description>An AE is defined as any untoward medical occurrence in a participant who received study drug without regard to possibility of causal relationship. Participants with following targeted adverse events will be reported: fever (pyrexia), diarrhea, hepatic abnormalities, creatinine phosphokinapse (CPK) increased, rhabdomyolysis, retinal serous detachment, decrease in left ventricular ejection fraction (LVEF), squamous cell skin carcinoma and keratoacanthom, renal failure, drug reaction (or rash) with eosinophilia and systemic syndrome (DRESS), rash not otherwise specified (NOS), and photosensitivity.</description>
  </secondary_outcome>
  <secondary_outcome>
    <measure>Prospective Period: Percentage of Participants with Adverse Events (AEs)</measure>
    <time_frame>From first intake of cobimetinib up to overall study completion (assessed up to 18 months)</time_frame>
  </secondary_outcome>
  <number_of_groups>1</number_of_groups>
  <enrollment type="Anticipated">200</enrollment>
  <condition>Melanoma</condition>
  <arm_group>
    <arm_group_label>Metastatic Melanoma</arm_group_label>
    <description>Participants with BRAF V600 mutation-positive unresectable or metastatic melanoma, having started treatment with cobimetinib in combination with vemurafenib as per local guidelines and/or routine clinical practice in context of TAU program, will be observed.</description>
  </arm_group>
  <intervention>
    <intervention_type>Drug</intervention_type>
    <intervention_name>Cobimetinib</intervention_name>
    <description>Participants will receive cobimetinib as per local guidelines and/or routine clinical practice.</description>
    <arm_group_label>Metastatic Melanoma</arm_group_label>
    <other_name>Cotellic®</other_name>
  </intervention>
  <intervention>
    <intervention_type>Drug</intervention_type>
    <intervention_name>Vemurafenib</intervention_name>
    <description>Participants will receive vemurafenib as per local guidelines and/or routine clinical practice.</description>
    <arm_group_label>Metastatic Melanoma</arm_group_label>
    <other_name>Zelboraf®</other_name>
  </intervention>
  <eligibility>
    <study_pop>
      <textblock>
        Participants with BRAF V600 mutation-positive advanced melanoma treated with cobimetinib&#xD;
        during the French early access program (TAU).&#xD;
      </textblock>
    </study_pop>
    <sampling_method>Non-Probability Sample</sampling_method>
    <criteria>
      <textblock>
        Inclusion Criteria:&#xD;
&#xD;
          -  Participants included in the TAU from 26 February 2015&#xD;
&#xD;
          -  Participants with BRAF V600 mutation-positive unresectable or metastatic melanoma&#xD;
             treated with cobimetinib in combination with vemurafenib&#xD;
&#xD;
          -  For alive participants: participants who have been informed verbally and in writing&#xD;
             about this study who do not object to their data being electronically processed or&#xD;
             subjected to data quality control&#xD;
&#xD;
          -  For participants who died before the inclusion period: participants who did not&#xD;
             express their opposition when they were alive&#xD;
&#xD;
        Exclusion Criteria:&#xD;
&#xD;
        - Alive participants unable to give informed consent&#xD;
      </textblock>
    </criteria>
    <gender>All</gender>
    <minimum_age>18 Years</minimum_age>
    <maximum_age>N/A</maximum_age>
    <healthy_volunteers>No</healthy_volunteers>
  </eligibility>
  <overall_official>
    <last_name>Clinical Trials</last_name>
    <role>Study Director</role>
    <affiliation>Hoffmann-La Roche</affiliation>
  </overall_official>
  <location>
    <facility>
      <name>Centre Hospitalier d'Albi</name>
      <address>
        <city>Albi Cedex 9</city>
        <zip>81013</zip>
        <country>France</country>
      </address>
    </facility>
  </location>
  <location>
    <facility>
      <name>Hopital Prive D Antony; Dermatologie</name>
      <address>
        <city>Antony</city>
        <zip>92166</zip>
        <country>France</country>
      </address>
    </facility>
  </location>
  <location>
    <facility>
      <name>Chic Cote Basque Bayonne; Medecine II</name>
      <address>
        <city>Bayonne</city>
        <zip>64109</zip>
        <country>France</country>
      </address>
    </facility>
  </location>
  <location>
    <facility>
      <name>CHU Besançon - Hôpital Jean Minjoz</name>
      <address>
        <city>Besançon Cedex</city>
        <zip>25030</zip>
        <country>France</country>
      </address>
    </facility>
  </location>
  <location>
    <facility>
      <name>Hopital Avicenne; Dermatologie</name>
      <address>
        <city>Bobigny</city>
        <zip>93009</zip>
        <country>France</country>
      </address>
    </facility>
  </location>
  <location>
    <facility>
      <name>CH Fleyriat</name>
      <address>
        <city>Bourg en Bresse</city>
        <zip>01000</zip>
        <country>France</country>
      </address>
    </facility>
  </location>
  <location>
    <facility>
      <name>CH Metropole de Savoie</name>
      <address>
        <city>CHAMBERY Cedex</city>
        <zip>73011</zip>
        <country>France</country>
      </address>
    </facility>
  </location>
  <location>
    <facility>
      <name>Chu Estaing; Dermatologie</name>
      <address>
        <city>Clermont Ferrand</city>
        <zip>63003</zip>
        <country>France</country>
      </address>
    </facility>
  </location>
  <location>
    <facility>
      <name>Hopital Louis Pasteur; Sce Dermatologie</name>
      <address>
        <city>Colmar</city>
        <zip>68024</zip>
        <country>France</country>
      </address>
    </facility>
  </location>
  <location>
    <facility>
      <name>Centre Georges Francois Leclerc</name>
      <address>
        <city>Dijon</city>
        <zip>21000</zip>
        <country>France</country>
      </address>
    </facility>
  </location>
  <location>
    <facility>
      <name>Chu Site Du Bocage;Dermatologie</name>
      <address>
        <city>Dijon</city>
        <zip>21079</zip>
        <country>France</country>
      </address>
    </facility>
  </location>
  <location>
    <facility>
      <name>Centre Hospitalier Le Mans; Dermatologie</name>
      <address>
        <city>Le Mans</city>
        <zip>72037</zip>
        <country>France</country>
      </address>
    </facility>
  </location>
  <location>
    <facility>
      <name>Hopital Claude Huriez; Sce Dermatologie</name>
      <address>
        <city>Lille</city>
        <zip>59037</zip>
        <country>France</country>
      </address>
    </facility>
  </location>
  <location>
    <facility>
      <name>CHU de Limoges - Hôpital Dupuytren</name>
      <address>
        <city>Limoges</city>
        <zip>87042</zip>
        <country>France</country>
      </address>
    </facility>
  </location>
  <location>
    <facility>
      <name>Hopital Timone Adultes; Dermatologie</name>
      <address>
        <city>Marseille</city>
        <zip>13385</zip>
        <country>France</country>
      </address>
    </facility>
  </location>
  <location>
    <facility>
      <name>Hopital Jacques Monod; Dermatologie</name>
      <address>
        <city>Montivilliers</city>
        <zip>76290</zip>
        <country>France</country>
      </address>
    </facility>
  </location>
  <location>
    <facility>
      <name>Hopital Saint Eloi; CHU de Montpellier; Svc de Dermatologie</name>
      <address>
        <city>Montpellier</city>
        <zip>34295</zip>
        <country>France</country>
      </address>
    </facility>
  </location>
  <location>
    <facility>
      <name>CH de Mulhouse Hôpital Emile Muller</name>
      <address>
        <city>Mulhouse</city>
        <zip>68070</zip>
        <country>France</country>
      </address>
    </facility>
  </location>
  <location>
    <facility>
      <name>Hopital l Archet 2; Ginestriere, Service de; Dermatologie</name>
      <address>
        <city>Nice cedex 3</city>
        <zip>06200</zip>
        <country>France</country>
      </address>
    </facility>
  </location>
  <location>
    <facility>
      <name>Hopital Cochin; Dermatologie</name>
      <address>
        <city>Paris</city>
        <zip>75006</zip>
        <country>France</country>
      </address>
    </facility>
  </location>
  <location>
    <facility>
      <name>Groupe Hospitalier Bichat Claude Bernard</name>
      <address>
        <city>Paris</city>
        <zip>75018</zip>
        <country>France</country>
      </address>
    </facility>
  </location>
  <location>
    <facility>
      <name>CENTRE HOSPITALIER ANNECY-GENEVOIS; Dematologie</name>
      <address>
        <city>Pringy</city>
        <country>France</country>
      </address>
    </facility>
  </location>
  <location>
    <facility>
      <name>Centre Eugene Marquis Centre Regional de Lutte Contre Le Cancer</name>
      <address>
        <city>Rennes</city>
        <zip>35000</zip>
        <country>France</country>
      </address>
    </facility>
  </location>
  <location>
    <facility>
      <name>CHU Rouen - CH C. Nicolle - Clinique dermatologique</name>
      <address>
        <city>Rouen</city>
        <zip>76031</zip>
        <country>France</country>
      </address>
    </facility>
  </location>
  <location>
    <facility>
      <name>CHU de Saint-Etienne - Hopital Nord</name>
      <address>
        <city>Saint Etienne</city>
        <zip>42055</zip>
        <country>France</country>
      </address>
    </facility>
  </location>
  <location>
    <facility>
      <name>CHI de Poissy St Germain</name>
      <address>
        <city>Saint Germain</city>
        <zip>07810</zip>
        <country>France</country>
      </address>
    </facility>
  </location>
  <location>
    <facility>
      <name>Hopital Broussais</name>
      <address>
        <city>St Malo Cedex</city>
        <zip>35403</zip>
        <country>France</country>
      </address>
    </facility>
  </location>
  <location>
    <facility>
      <name>Pole de Cancerologie Prive Strasbourgeois</name>
      <address>
        <city>Strasbourg</city>
        <zip>67000</zip>
        <country>France</country>
      </address>
    </facility>
  </location>
  <location>
    <facility>
      <name>Hopital Bel Air</name>
      <address>
        <city>Thionville Cedex</city>
        <zip>57126</zip>
        <country>France</country>
      </address>
    </facility>
  </location>
  <location>
    <facility>
      <name>Hia Sainte Anne; Medecine Interne Oncologie</name>
      <address>
        <city>Toulon</city>
        <zip>83041</zip>
        <country>France</country>
      </address>
    </facility>
  </location>
  <location>
    <facility>
      <name>CHU de Toulouse - Hôpital Larrey</name>
      <address>
        <city>Toulouse</city>
        <zip>31059</zip>
        <country>France</country>
      </address>
    </facility>
  </location>
  <location>
    <facility>
      <name>Centre Hospitalier Valence</name>
      <address>
        <city>Valence</city>
        <zip>26953</zip>
        <country>France</country>
      </address>
    </facility>
  </location>
  <location>
    <facility>
      <name>Institut Gustave Roussy; Dermatologie</name>
      <address>
        <city>Villejuif</city>
        <zip>94805</zip>
        <country>France</country>
      </address>
    </facility>
  </location>
  <location_countries>
    <country>France</country>
  </location_countries>
  <verification_date>January 2019</verification_date>
  <study_first_submitted>May 2, 2017</study_first_submitted>
  <study_first_submitted_qc>May 2, 2017</study_first_submitted_qc>
  <study_first_posted type="Actual">May 4, 2017</study_first_posted>
  <last_update_submitted>January 18, 2019</last_update_submitted>
  <last_update_submitted_qc>January 18, 2019</last_update_submitted_qc>
  <last_update_posted type="Actual">January 22, 2019</last_update_posted>
  <responsible_party>
    <responsible_party_type>Sponsor</responsible_party_type>
  </responsible_party>
  <condition_browse>
    <!-- CAUTION:  The following MeSH terms are assigned with an imperfect algorithm            -->
    <mesh_term>Melanoma</mesh_term>
  </condition_browse>
  <intervention_browse>
    <!-- CAUTION:  The following MeSH terms are assigned with an imperfect algorithm            -->
    <mesh_term>Vemurafenib</mesh_term>
  </intervention_browse>
  <!-- Results have not yet been posted for this study                                          -->
</clinical_study>

