<?xml version="1.0" encoding="UTF-8"?>
<clinical_study rank="472">
  <!-- This xml conforms to an XML Schema at:
    https://clinicaltrials.gov/ct2/html/images/info/public.xsd -->
  <required_header>
    <download_date>ClinicalTrials.gov processed this data on February 06, 2024</download_date>
    <link_text>Link to the current ClinicalTrials.gov record.</link_text>
    <url>https://clinicaltrials.gov/ct2/show/NCT01011530</url>
  </required_header>
  <id_info>
    <org_study_id>C15005</org_study_id>
    <nct_id>NCT01011530</nct_id>
  </id_info>
  <brief_title>Dose Escalation Study of MLN4924 in Adults With Melanoma</brief_title>
  <official_title>A Phase I, Open-Label, Dose Escalation Study of MLN4924, a Novel Inhibitor of Nedd8-Activating Enzyme, in Adult Patients With Melanoma</official_title>
  <sponsors>
    <lead_sponsor>
      <agency>Millennium Pharmaceuticals, Inc.</agency>
      <agency_class>Industry</agency_class>
    </lead_sponsor>
  </sponsors>
  <source>Millennium Pharmaceuticals, Inc.</source>
  <oversight_info>
    <has_dmc>No</has_dmc>
  </oversight_info>
  <brief_summary>
    <textblock>
      This is an open-label, multicenter, phase 1, dose escalation study that will evaluate the&#xD;
      safety profile, establish Maximum Tolerated Dose (MTD), and inform the recommended phase 2&#xD;
      dose of MLN4924 as well as evaluate antitumor activity in patients with metastatic melanoma.&#xD;
    </textblock>
  </brief_summary>
  <overall_status>Completed</overall_status>
  <start_date>December 2009</start_date>
  <completion_date type="Actual">January 2013</completion_date>
  <primary_completion_date type="Actual">May 2012</primary_completion_date>
  <phase>Phase 1</phase>
  <study_type>Interventional</study_type>
  <has_expanded_access>No</has_expanded_access>
  <study_design_info>
    <allocation>N/A</allocation>
    <intervention_model>Single Group Assignment</intervention_model>
    <primary_purpose>Treatment</primary_purpose>
    <masking>None (Open Label)</masking>
  </study_design_info>
  <primary_outcome>
    <measure>Maximum Tolerated Dose (MTD) and inform recommended phase 2 dose of MLN4924</measure>
    <time_frame>Up to 12 months of treatment</time_frame>
  </primary_outcome>
  <secondary_outcome>
    <measure>Anti-tumor activities of MLN4924</measure>
    <time_frame>Up to 12 months of treatment</time_frame>
  </secondary_outcome>
  <secondary_outcome>
    <measure>Pharmacodynamic effects of MLN4924 on blood and tumor cells</measure>
    <time_frame>Primarily assessed during the first cycle of therapy</time_frame>
  </secondary_outcome>
  <number_of_arms>1</number_of_arms>
  <enrollment type="Actual">37</enrollment>
  <condition>Metastatic Melanoma</condition>
  <arm_group>
    <arm_group_label>MLN4924</arm_group_label>
    <arm_group_type>Experimental</arm_group_type>
    <description>MLN4924 via IV infusion</description>
  </arm_group>
  <intervention>
    <intervention_type>Drug</intervention_type>
    <intervention_name>MLN4924</intervention_name>
    <description>Patients will be administered MLN4924 via an IV infusion. Each 21-day treatment cycle is composed of 2 weeks intermittent dosing of MLN4924 on Days 1, 4, 8 and 11, followed by a rest period of 10 days. A cohort of patients will receive a reduced first dose on Day 1, approximately half the strength of the dose received on Days 4, 8, 11 and dose will not be administered on Day 4 if the Day 1 dose is not tolerated.(Schedule A ramp-up), or continuous weekly dosing (Days 1, 8, and 15) of MLN4924 (Schedule B)</description>
    <arm_group_label>MLN4924</arm_group_label>
  </intervention>
  <eligibility>
    <criteria>
      <textblock>
        Inclusion Criteria:&#xD;
&#xD;
        Each patient must meet all of the following criteria to be enrolled in the study:&#xD;
&#xD;
          -  Diagnosis of metastatic melanoma&#xD;
&#xD;
          -  Measurable disease&#xD;
&#xD;
          -  Female patients who are post menopausal, surgically sterile, or agree to practice 2&#xD;
             effective methods of contraception or abstain from heterosexual intercourse&#xD;
&#xD;
          -  Male patients who agree to practice effective barrier contraception or agree to&#xD;
             abstain from heterosexual intercourse&#xD;
&#xD;
          -  Willing and able to give written informed consent&#xD;
&#xD;
          -  Suitable venous access for study-required blood sampling&#xD;
&#xD;
          -  Appropriate functional status, including the recovery from the effects of prior&#xD;
             antineoplastic therapy, and acceptable organ function as described in the protocol&#xD;
&#xD;
        Exclusion Criteria:&#xD;
&#xD;
        Patients meeting any of the following exclusion criteria are not to be enrolled in the&#xD;
        study:&#xD;
&#xD;
          -  Major surgery or, serious infections, or infections that required systematic&#xD;
             antibiotic therapy within 14 days before the first dose of study drug&#xD;
&#xD;
          -  Systemic antineoplastic or radiation therapy within 14 days or treatment with any&#xD;
             investigational products within 21 days before the first dose of study treatment&#xD;
&#xD;
          -  CYP3A inducers within 14 days of study treatment. Moderate and strong CYP3A inhibitors&#xD;
             and CYP3A inducers are not permitted during the study&#xD;
&#xD;
          -  No prior history of amiodarone in the 6 months before the first dose of MLN4924&#xD;
&#xD;
          -  Diarrhea that is greater than Grade 1 as outlined in the protocol&#xD;
&#xD;
          -  Evidence of current uncontrolled cardiovascular conditions, including cardiac&#xD;
             arrhythmias, congestive heart failure, angina, or myocardial infarction within the&#xD;
             past 6 months&#xD;
&#xD;
          -  Known human immunodeficiency virus (HIV) positive, hepatitis B surface&#xD;
             antigen-positive status, or known or suspected active hepatitis C infection.&#xD;
&#xD;
          -  Serious medical or psychiatric illness that could, in the investigator's opinion,&#xD;
             potentially interfere with the completion of treatment according to the protocol&#xD;
&#xD;
          -  Other clinical and laboratory assessments that do not meet the criteria specified in&#xD;
             the protocol&#xD;
      </textblock>
    </criteria>
    <gender>All</gender>
    <minimum_age>18 Years</minimum_age>
    <maximum_age>N/A</maximum_age>
    <healthy_volunteers>No</healthy_volunteers>
  </eligibility>
  <overall_official>
    <last_name>Medical Monitor</last_name>
    <role>Study Director</role>
    <affiliation>Millennium Pharmaceuticals, Inc.</affiliation>
  </overall_official>
  <location>
    <facility>
      <name>The Angeles Clinic and Research Institute</name>
      <address>
        <city>Santa Monica</city>
        <state>California</state>
        <zip>90404</zip>
        <country>United States</country>
      </address>
    </facility>
  </location>
  <location_countries>
    <country>United States</country>
  </location_countries>
  <verification_date>July 2013</verification_date>
  <study_first_submitted>November 9, 2009</study_first_submitted>
  <study_first_submitted_qc>November 10, 2009</study_first_submitted_qc>
  <study_first_posted type="Estimate">November 11, 2009</study_first_posted>
  <last_update_submitted>July 15, 2013</last_update_submitted>
  <last_update_submitted_qc>July 15, 2013</last_update_submitted_qc>
  <last_update_posted type="Estimate">July 16, 2013</last_update_posted>
  <responsible_party>
    <responsible_party_type>Sponsor</responsible_party_type>
  </responsible_party>
  <keyword>Melanoma</keyword>
  <condition_browse>
    <!-- CAUTION:  The following MeSH terms are assigned with an imperfect algorithm            -->
    <mesh_term>Melanoma</mesh_term>
  </condition_browse>
  <intervention_browse>
    <!-- CAUTION:  The following MeSH terms are assigned with an imperfect algorithm            -->
    <mesh_term>Pevonedistat</mesh_term>
  </intervention_browse>
  <!-- Results have not yet been posted for this study                                          -->
</clinical_study>

