<?xml version="1.0" encoding="UTF-8"?>
<clinical_study rank="495">
  <!-- This xml conforms to an XML Schema at:
    https://clinicaltrials.gov/ct2/html/images/info/public.xsd -->
  <required_header>
    <download_date>ClinicalTrials.gov processed this data on February 06, 2024</download_date>
    <link_text>Link to the current ClinicalTrials.gov record.</link_text>
    <url>https://clinicaltrials.gov/ct2/show/NCT02335476</url>
  </required_header>
  <id_info>
    <org_study_id>201402036RINA</org_study_id>
    <nct_id>NCT02335476</nct_id>
  </id_info>
  <brief_title>Automatic Early Melanoma Detection by Ultrahigh Resolution Three Dimensional Optical Coherence Tomography</brief_title>
  <official_title>Automatic Early Melanoma Detection by Ultrahigh Resolution Three Dimensional Optical Coherence Tomography</official_title>
  <sponsors>
    <lead_sponsor>
      <agency>National Taiwan University Hospital</agency>
      <agency_class>Other</agency_class>
    </lead_sponsor>
  </sponsors>
  <source>National Taiwan University Hospital</source>
  <oversight_info>
    <has_dmc>No</has_dmc>
  </oversight_info>
  <brief_summary>
    <textblock>
      The investigators will use optical coherence tomography to detect the ex-vivo tissue image of&#xD;
      surgical removed melanoma or other benign pigmented lesions of skin.&#xD;
    </textblock>
  </brief_summary>
  <detailed_description>
    <textblock>
      The investigators will use an advanced high resolution 3D optical coherence tomography (OCT)&#xD;
      technology to observe skin tissue images in ex vivo culture. Parts of melanoma or benign&#xD;
      pigmented lesions specimens derived from biopsy or surgical excision specimen will be&#xD;
      observed by 3D optical tomography. A tiny tissue fragment of melanoma or benign pigmented&#xD;
      lesions will be taken from surgical specimen without interference normal pathological&#xD;
      evaluation. The location of melanocytic cells in melanoma or benign tissue fragments will be&#xD;
      mapped by the 3D optical coherence tomography (OCT). The 3D optic tomography system utilize a&#xD;
      Ce:YAG optical fiber as light source and also combined with confocal microscopy. Taken&#xD;
      together, these features made the 3D optic tomography system have very high resolution and&#xD;
      suitable for single cell imaging. This study will not interfere with the normal medical&#xD;
      practice and had no impact on patient's safety and health. All of the materials will be&#xD;
      destroyed once the experiments are done. The enrollment criteria will be dermatological&#xD;
      patients who need to surgical intervention.&#xD;
    </textblock>
  </detailed_description>
  <overall_status>Unknown status</overall_status>
  <last_known_status>Recruiting</last_known_status>
  <start_date>March 2015</start_date>
  <completion_date type="Anticipated">April 2017</completion_date>
  <primary_completion_date type="Anticipated">April 2017</primary_completion_date>
  <study_type>Observational</study_type>
  <has_expanded_access>No</has_expanded_access>
  <primary_outcome>
    <measure>Ex vivo Tissue image.</measure>
    <time_frame>1 day</time_frame>
    <description>Partial fragments of tissue specimens from melanoma, melanoma in situ, or other benign pigmented lesions will be used for imaging purpose by a optical coherence tomography.</description>
  </primary_outcome>
  <enrollment type="Anticipated">100</enrollment>
  <condition>Melanoma</condition>
  <eligibility>
    <study_pop>
      <textblock>
        Participants are patients at out-patient clinics or ward of Department of Dermatology,&#xD;
        National Taiwan University Hospital.&#xD;
      </textblock>
    </study_pop>
    <sampling_method>Non-Probability Sample</sampling_method>
    <criteria>
      <textblock>
        Inclusion Criteria:&#xD;
&#xD;
          -  Patients aged older than 20 years old&#xD;
&#xD;
          -  Patients who had melanoma, melanoma in situ, and/or other benign pigmented lesions,&#xD;
&#xD;
          -  Patients who had non-melanoma skin cancers (basal cell carcinoma, or squamous cell&#xD;
             carcinoma).&#xD;
&#xD;
          -  Patients who had precancerous skin lesions (Bowen's disease, actinicc keratosis)&#xD;
&#xD;
        Exclusion Criteria:&#xD;
&#xD;
        • Pregnant women.&#xD;
      </textblock>
    </criteria>
    <gender>All</gender>
    <minimum_age>20 Years</minimum_age>
    <maximum_age>N/A</maximum_age>
    <healthy_volunteers>No</healthy_volunteers>
  </eligibility>
  <overall_official>
    <last_name>JENGWEI TJIU</last_name>
    <role>Principal Investigator</role>
    <affiliation>National Taiwan University Hospital</affiliation>
  </overall_official>
  <overall_contact>
    <last_name>JENGWEI TJIU</last_name>
    <phone>886-2-23123456</phone>
    <phone_ext>65315</phone_ext>
    <email>jengweitjiu@gmail.com</email>
  </overall_contact>
  <location>
    <facility>
      <name>National Taiwan University Hospital</name>
      <address>
        <city>Taipei City</city>
        <zip>10016</zip>
        <country>Taiwan</country>
      </address>
    </facility>
    <status>Recruiting</status>
    <contact>
      <last_name>邱政偉</last_name>
      <phone>886-2-23123456</phone>
      <phone_ext>65315</phone_ext>
      <email>jengweitjiu@gmail.com</email>
    </contact>
  </location>
  <location_countries>
    <country>Taiwan</country>
  </location_countries>
  <verification_date>October 2016</verification_date>
  <study_first_submitted>January 7, 2015</study_first_submitted>
  <study_first_submitted_qc>January 7, 2015</study_first_submitted_qc>
  <study_first_posted type="Estimate">January 9, 2015</study_first_posted>
  <last_update_submitted>October 13, 2016</last_update_submitted>
  <last_update_submitted_qc>October 13, 2016</last_update_submitted_qc>
  <last_update_posted type="Estimate">October 14, 2016</last_update_posted>
  <responsible_party>
    <responsible_party_type>Sponsor</responsible_party_type>
  </responsible_party>
  <keyword>optical coherence tomography</keyword>
  <condition_browse>
    <!-- CAUTION:  The following MeSH terms are assigned with an imperfect algorithm            -->
    <mesh_term>Melanoma</mesh_term>
  </condition_browse>
  <!-- Results have not yet been posted for this study                                          -->
</clinical_study>

