<?xml version="1.0" encoding="UTF-8"?>
<clinical_study rank="186">
  <!-- This xml conforms to an XML Schema at:
    https://clinicaltrials.gov/ct2/html/images/info/public.xsd -->
  <required_header>
    <download_date>ClinicalTrials.gov processed this data on February 06, 2024</download_date>
    <link_text>Link to the current ClinicalTrials.gov record.</link_text>
    <url>https://clinicaltrials.gov/ct2/show/NCT00849407</url>
  </required_header>
  <id_info>
    <org_study_id>M3-I</org_study_id>
    <nct_id>NCT00849407</nct_id>
  </id_info>
  <brief_title>Genetic Risk Factors and Acquired Oncogenic Mutations of Melanoma</brief_title>
  <acronym>M3</acronym>
  <official_title>Genetic Risk Factors and Acquired Oncogenic Mutations of Melanoma</official_title>
  <sponsors>
    <lead_sponsor>
      <agency>Medical University of Vienna</agency>
      <agency_class>Other</agency_class>
    </lead_sponsor>
  </sponsors>
  <source>Medical University of Vienna</source>
  <oversight_info>
    <has_dmc>No</has_dmc>
  </oversight_info>
  <brief_summary>
    <textblock>
      Though it is generally accepted that exposure to sunlight is a major causative factor for&#xD;
      skin cancer, the risk for developing melanoma is not directly linked to sun exposure such as&#xD;
      in non-melanoma skin cancer. Therefore, a dual pathway has been proposed, distinguishing&#xD;
      melanoma that develops on skin that is chronically exposed to sunlight from those that occur&#xD;
      on skin that is normally protected. The risk for each type of melanoma is believed to be&#xD;
      determined in part by genetic factors. To define these markers reproducibly, the&#xD;
      investigators plan to establish a large cohort with comprehensive information regarding sun&#xD;
      sensitivity (skin type), history of experienced sun exposure, skin pigmentation phenotypes,&#xD;
      total number of nevi, and other types of skin tumors in a central European population. The&#xD;
      investigators will obtain blood from all participants for DNA as well as serum analyses.&#xD;
      Based on the finding that genetic variants of the melanocortin-1 receptor (MC1R) gene,&#xD;
      associated with red hair and fair skin, have been shown to be associated with increased risk&#xD;
      for melanoma, particularly those harboring BRAF mutations, the investigators will now focus&#xD;
      on the study of recently discovered genetic variants associated with pigmentation.&#xD;
      Furthermore, the investigators will study the relation of these variants with oncogenic&#xD;
      mutations of melanoma in BRAF, RAS and c-Kit. The study of other genetic variants will&#xD;
      follow, once a sufficiently large cohort has been established to reveal an independent&#xD;
      genetic risk factor in a multivariate analysis including potential covariates as mentioned&#xD;
      above. The identification of genetic risk factors for melanoma will not only help identify&#xD;
      individuals with increased risk but also improve our understanding of the molecular&#xD;
      background of the development of melanoma.&#xD;
    </textblock>
  </brief_summary>
  <overall_status>Unknown status</overall_status>
  <last_known_status>Recruiting</last_known_status>
  <start_date>October 2008</start_date>
  <completion_date type="Anticipated">December 2020</completion_date>
  <primary_completion_date type="Anticipated">December 2020</primary_completion_date>
  <study_type>Observational</study_type>
  <has_expanded_access>No</has_expanded_access>
  <study_design_info>
    <observational_model>Case-Control</observational_model>
    <time_perspective>Prospective</time_perspective>
  </study_design_info>
  <primary_outcome>
    <measure>melanoma</measure>
    <time_frame>2 years</time_frame>
  </primary_outcome>
  <secondary_outcome>
    <measure>survival</measure>
    <time_frame>10 years</time_frame>
  </secondary_outcome>
  <number_of_groups>2</number_of_groups>
  <enrollment type="Anticipated">2000</enrollment>
  <condition>Melanoma</condition>
  <arm_group>
    <arm_group_label>1</arm_group_label>
    <description>melanoma patients</description>
  </arm_group>
  <arm_group>
    <arm_group_label>2</arm_group_label>
    <description>controls</description>
  </arm_group>
  <eligibility>
    <study_pop>
      <textblock>
        Our goal is to recruit at least one thousand melanoma patients of any stage and one&#xD;
        thousand controls in order to acquire a well sized cohort for identifying independent&#xD;
        molecular markers in multivariate analyses (for statistical considerations see &quot;Statistical&#xD;
        analysis&quot; on page 8). Patients who visit the out-door clinic of the Department of&#xD;
        Dermatology at the Medical University of Vienna with any other diseases than melanoma,&#xD;
        their spouses and spouses of melanoma patients will be asked to contribute as controls.&#xD;
      </textblock>
    </study_pop>
    <sampling_method>Probability Sample</sampling_method>
    <criteria>
      <textblock>
        Inclusion Criteria:&#xD;
&#xD;
          -  patients with or without melanoma&#xD;
&#xD;
        Exclusion Criteria:&#xD;
&#xD;
          -  HIV and Hepatitis C positive individuals.&#xD;
      </textblock>
    </criteria>
    <gender>All</gender>
    <minimum_age>18 Years</minimum_age>
    <maximum_age>N/A</maximum_age>
    <healthy_volunteers>Accepts Healthy Volunteers</healthy_volunteers>
  </eligibility>
  <overall_contact>
    <last_name>Ichiro Okamoto, MD</last_name>
    <phone>+43-1-40400-0</phone>
    <phone_ext>2273</phone_ext>
    <email>ichiro.okamoto@meduniwien.ac.at</email>
  </overall_contact>
  <location>
    <facility>
      <name>Medical University of Vienna</name>
      <address>
        <city>Vienna</city>
        <zip>A-1090</zip>
        <country>Austria</country>
      </address>
    </facility>
    <status>Recruiting</status>
    <contact>
      <last_name>Ichiro Okamoto, MD</last_name>
      <phone>+43-1-40400-0</phone>
      <phone_ext>2273 or 7700</phone_ext>
      <email>ichiro.okamoto@meduniwien.ac.at</email>
    </contact>
  </location>
  <location_countries>
    <country>Austria</country>
  </location_countries>
  <verification_date>March 2019</verification_date>
  <study_first_submitted>February 20, 2009</study_first_submitted>
  <study_first_submitted_qc>February 20, 2009</study_first_submitted_qc>
  <study_first_posted type="Estimate">February 23, 2009</study_first_posted>
  <last_update_submitted>March 6, 2019</last_update_submitted>
  <last_update_submitted_qc>March 6, 2019</last_update_submitted_qc>
  <last_update_posted type="Actual">March 7, 2019</last_update_posted>
  <responsible_party>
    <responsible_party_type>Principal Investigator</responsible_party_type>
    <investigator_affiliation>Medical University of Vienna</investigator_affiliation>
    <investigator_full_name>Ichiro Okamoto</investigator_full_name>
    <investigator_title>associate professor</investigator_title>
  </responsible_party>
  <condition_browse>
    <!-- CAUTION:  The following MeSH terms are assigned with an imperfect algorithm            -->
    <mesh_term>Melanoma</mesh_term>
  </condition_browse>
  <!-- Results have not yet been posted for this study                                          -->
</clinical_study>

