<?xml version="1.0" encoding="UTF-8"?>
<clinical_study rank="323">
  <!-- This xml conforms to an XML Schema at:
    https://clinicaltrials.gov/ct2/html/images/info/public.xsd -->
  <required_header>
    <download_date>ClinicalTrials.gov processed this data on February 06, 2024</download_date>
    <link_text>Link to the current ClinicalTrials.gov record.</link_text>
    <url>https://clinicaltrials.gov/ct2/show/NCT01503827</url>
  </required_header>
  <id_info>
    <org_study_id>01-07</org_study_id>
    <secondary_id>ACTRN12607000512426</secondary_id>
    <nct_id>NCT01503827</nct_id>
  </id_info>
  <brief_title>Whole Brain Radiotherapy Following Local Treatment of Intracranial Metastases of Melanoma</brief_title>
  <acronym>WBRTMel</acronym>
  <official_title>Whole Brain Radiotherapy Following Local Treatment of Intracranial Metastases of Melanoma - A Randomised Phase III Trial</official_title>
  <sponsors>
    <lead_sponsor>
      <agency>Melanoma and Skin Cancer Trials Limited</agency>
      <agency_class>Other</agency_class>
    </lead_sponsor>
    <collaborator>
      <agency>Trans Tasman Radiation Oncology Group</agency>
      <agency_class>Other</agency_class>
    </collaborator>
    <collaborator>
      <agency>University of Oxford</agency>
      <agency_class>Other</agency_class>
    </collaborator>
  </sponsors>
  <source>Melanoma and Skin Cancer Trials Limited</source>
  <oversight_info>
    <has_dmc>Yes</has_dmc>
    <is_fda_regulated_drug>No</is_fda_regulated_drug>
    <is_fda_regulated_device>No</is_fda_regulated_device>
  </oversight_info>
  <brief_summary>
    <textblock>
      People with brain metastases from melanoma are offered different treatment options after&#xD;
      local treatment of their brain metastases via surgery or stereotactic irradiation. Depending&#xD;
      on the treating institution and the clinician involved a patient may or may not be offered&#xD;
      whole brain radiotherapy (WBRT) after their brain metastases are excised or treated with&#xD;
      stereotactic irradiation. This trial seeks to determine if WBRT reduces the spread of brain&#xD;
      metastases and lengthens the time to recurrence. The trial also examines the effect of WBRT&#xD;
      on quality of life and brain functions such as memory, speech and concentration. Participants&#xD;
      will be randomised after local treatment of their brain metastases to either WBRT or&#xD;
      observation. 220 people will be recruited from sites in Australia, Norway, the UK, the US and&#xD;
      other international sites.&#xD;
    </textblock>
  </brief_summary>
  <overall_status>Unknown status</overall_status>
  <last_known_status>Active, not recruiting</last_known_status>
  <start_date>October 2007</start_date>
  <completion_date type="Anticipated">June 2022</completion_date>
  <primary_completion_date type="Actual">September 2017</primary_completion_date>
  <phase>N/A</phase>
  <study_type>Interventional</study_type>
  <has_expanded_access>No</has_expanded_access>
  <study_design_info>
    <allocation>Randomized</allocation>
    <intervention_model>Parallel Assignment</intervention_model>
    <primary_purpose>Treatment</primary_purpose>
    <masking>None (Open Label)</masking>
  </study_design_info>
  <primary_outcome>
    <measure>Proportion of patients with distant intracranial failure as determined by magnetic resonance imaging (MRI) assessment</measure>
    <time_frame>12 months post randomisation</time_frame>
  </primary_outcome>
  <secondary_outcome>
    <measure>Time to intracranial failure (local, distant and overall) as determined by MRI</measure>
    <time_frame>Post randomisation to intracranial failure</time_frame>
  </secondary_outcome>
  <secondary_outcome>
    <measure>Quality of life as measured by EORTC QLQ-C30 and BN-20</measure>
    <time_frame>At baseline and every 2 months post randomisation</time_frame>
  </secondary_outcome>
  <secondary_outcome>
    <measure>Neurocognitive function as measured by Hopkins Verbal Learning Test, Controlled Oral Word Association Test, Trail Making Test Part A &amp; B, Stroop - Colour and Word Test and Digit Span (Forwards and Backwards).</measure>
    <time_frame>At baseline and every 2 months post randomisation</time_frame>
  </secondary_outcome>
  <secondary_outcome>
    <measure>Overall survival</measure>
    <time_frame>Post randomisation to death from any cause</time_frame>
  </secondary_outcome>
  <secondary_outcome>
    <measure>Performance status as measured by ECOG</measure>
    <time_frame>At baseline and every 2 months post randomisation</time_frame>
  </secondary_outcome>
  <secondary_outcome>
    <measure>Incremental cost effectiveness ratio (ICER)</measure>
    <time_frame>At 12 months from randomisation</time_frame>
  </secondary_outcome>
  <number_of_arms>2</number_of_arms>
  <enrollment type="Anticipated">220</enrollment>
  <condition>Metastatic Melanoma</condition>
  <arm_group>
    <arm_group_label>WBRT</arm_group_label>
    <arm_group_type>Experimental</arm_group_type>
    <description>Patients will receive WBRT after local treatment. A minimum of 30 Gy in 10 fractions given as one fraction per day within 4 weeks of randomisation</description>
  </arm_group>
  <arm_group>
    <arm_group_label>Observation</arm_group_label>
    <arm_group_type>No Intervention</arm_group_type>
    <description>No Intervention</description>
  </arm_group>
  <intervention>
    <intervention_type>Radiation</intervention_type>
    <intervention_name>WBRT</intervention_name>
    <description>A minimum of 30 Gy in 10 fractions given as one fraction per day within 4 weeks of randomisation</description>
    <arm_group_label>WBRT</arm_group_label>
  </intervention>
  <eligibility>
    <criteria>
      <textblock>
        Inclusion Criteria:&#xD;
&#xD;
          -  1-3 intracranial metastases on MRI from melanoma, locally treated with either surgical&#xD;
             excision and/or stereotactic irradiation.&#xD;
&#xD;
          -  Life expectancy of at least 6 months&#xD;
&#xD;
          -  Aged 18 years or older&#xD;
&#xD;
          -  WBRT must begin within 8 weeks of completion of localised treatment and within 4 weeks&#xD;
             of randomisation&#xD;
&#xD;
          -  Able to have an MRI brain scan with contrast. Estimated Glomerular Filtrate Rate&#xD;
             (eGFR) is adequate at the discretion of the radiologist and capable of having&#xD;
             gadolinium-containing contrast medium for MRI as per practice guidelines&#xD;
&#xD;
          -  Complete localised treatment of all these metastases no more than 6 weeks prior to&#xD;
             randomisation&#xD;
&#xD;
          -  An Eastern Cooperative Oncology Group (ECOG) performance status of 2 or less at&#xD;
             randomisation&#xD;
&#xD;
          -  CT scan of chest, abdomen and pelvis as a minimum prior to randomisation. Scans must&#xD;
             be within 12 weeks of randomisation&#xD;
&#xD;
          -  Serum Lactate Dehydrogenase (LDH) must be = or &lt; 2 x upper limit of normal&#xD;
&#xD;
          -  Able to provide written informed consent&#xD;
&#xD;
        Exclusion Criteria:&#xD;
&#xD;
          -  Any untreated intracranial disease&#xD;
&#xD;
          -  Any previous intracranial treatment (surgical excision and/or stereotactic irradiation&#xD;
             treatment and/or WBRT) prior to this diagnosis of intracranial melanoma&#xD;
&#xD;
          -  Evidence of leptomeningeal disease on pre-local treatment MRI scan&#xD;
&#xD;
          -  Patients with prior cancers, except:&#xD;
&#xD;
               -  Those diagnosed more than five years ago with no evidence of disease recurrence&#xD;
                  within this time;&#xD;
&#xD;
               -  Successfully treated basal cell and squamous cell skin carcinoma;&#xD;
&#xD;
               -  Carcinoma in-situ of the cervix&#xD;
&#xD;
          -  A medical or psychiatric condition that compromises ability to give informed consent&#xD;
             or complete the protocol&#xD;
&#xD;
          -  Positive urine pregnancy test for women of childbearing potential within a week of&#xD;
             registration onto the trial&#xD;
      </textblock>
    </criteria>
    <gender>All</gender>
    <minimum_age>18 Years</minimum_age>
    <maximum_age>N/A</maximum_age>
    <healthy_volunteers>No</healthy_volunteers>
  </eligibility>
  <overall_official>
    <last_name>Gerald Fogarty, BSc, MBBS</last_name>
    <role>Study Chair</role>
    <affiliation>Mater Hospital, St Vincent's Hospital, Melanoma Institue Australia</affiliation>
  </overall_official>
  <location>
    <facility>
      <name>St Vincent's Hospital</name>
      <address>
        <city>Darlinghurst</city>
        <state>New South Wales</state>
        <zip>2010</zip>
        <country>Australia</country>
      </address>
    </facility>
  </location>
  <location>
    <facility>
      <name>Calvary Mater Hospital</name>
      <address>
        <city>Newcastle</city>
        <state>New South Wales</state>
        <zip>2310</zip>
        <country>Australia</country>
      </address>
    </facility>
  </location>
  <location>
    <facility>
      <name>Genesis Cancer Care - Gateshead</name>
      <address>
        <city>Newcastle</city>
        <state>New South Wales</state>
        <country>Australia</country>
      </address>
    </facility>
  </location>
  <location>
    <facility>
      <name>Melanoma Institute Australia / Royal Prince Alfred Hospital</name>
      <address>
        <city>North Sydney</city>
        <state>New South Wales</state>
        <zip>2060</zip>
        <country>Australia</country>
      </address>
    </facility>
  </location>
  <location>
    <facility>
      <name>Nepean Hospital</name>
      <address>
        <city>Penrith</city>
        <state>New South Wales</state>
        <zip>2751</zip>
        <country>Australia</country>
      </address>
    </facility>
  </location>
  <location>
    <facility>
      <name>Westmead Hospital</name>
      <address>
        <city>Westmead</city>
        <state>New South Wales</state>
        <country>Australia</country>
      </address>
    </facility>
  </location>
  <location>
    <facility>
      <name>Darwin Hospital, NT Radiation Oncology</name>
      <address>
        <city>Darwin</city>
        <state>Northern Territory</state>
        <country>Australia</country>
      </address>
    </facility>
  </location>
  <location>
    <facility>
      <name>Royal Brisbane and Women's Hospital</name>
      <address>
        <city>Herston</city>
        <state>Queensland</state>
        <zip>4029</zip>
        <country>Australia</country>
      </address>
    </facility>
  </location>
  <location>
    <facility>
      <name>Radiation Oncology Services - Mater Centre</name>
      <address>
        <city>South Brisbane</city>
        <state>Queensland</state>
        <zip>4101</zip>
        <country>Australia</country>
      </address>
    </facility>
  </location>
  <location>
    <facility>
      <name>Townsville Hospital</name>
      <address>
        <city>Townsville</city>
        <state>Queensland</state>
        <zip>4812</zip>
        <country>Australia</country>
      </address>
    </facility>
  </location>
  <location>
    <facility>
      <name>Genesis Cancer Care - Tugun</name>
      <address>
        <city>Tugun</city>
        <state>Queensland</state>
        <zip>4224</zip>
        <country>Australia</country>
      </address>
    </facility>
  </location>
  <location>
    <facility>
      <name>Princess Alexandra Hospital</name>
      <address>
        <city>Woolloongabba</city>
        <state>Queensland</state>
        <zip>4102</zip>
        <country>Australia</country>
      </address>
    </facility>
  </location>
  <location>
    <facility>
      <name>Royal Adelaide Hospital</name>
      <address>
        <city>Adelaide</city>
        <state>South Australia</state>
        <zip>5000</zip>
        <country>Australia</country>
      </address>
    </facility>
  </location>
  <location>
    <facility>
      <name>Royal Hobart Hospital</name>
      <address>
        <city>Hobart</city>
        <state>Tasmania</state>
        <zip>7000</zip>
        <country>Australia</country>
      </address>
    </facility>
  </location>
  <location>
    <facility>
      <name>Peter MacCallum Cancer Centre</name>
      <address>
        <city>East Melbourne</city>
        <state>Victoria</state>
        <zip>8006</zip>
        <country>Australia</country>
      </address>
    </facility>
  </location>
  <location>
    <facility>
      <name>Alfred Hospital</name>
      <address>
        <city>Melbourne</city>
        <state>Victoria</state>
        <zip>3004</zip>
        <country>Australia</country>
      </address>
    </facility>
  </location>
  <location>
    <facility>
      <name>Sir Charles Gairdner Hospital</name>
      <address>
        <city>Nedlands</city>
        <state>Western Australia</state>
        <zip>6009</zip>
        <country>Australia</country>
      </address>
    </facility>
  </location>
  <location>
    <facility>
      <name>The Norwegian Radium Hospital</name>
      <address>
        <city>Oslo</city>
        <zip>0310</zip>
        <country>Norway</country>
      </address>
    </facility>
  </location>
  <location>
    <facility>
      <name>Velindre Hospital</name>
      <address>
        <city>Whitchurch</city>
        <state>Cardiff</state>
        <zip>CF14 2TL</zip>
        <country>United Kingdom</country>
      </address>
    </facility>
  </location>
  <location>
    <facility>
      <name>Mount Vernon Cancer Centre</name>
      <address>
        <city>Northwood</city>
        <state>Middlesex</state>
        <zip>HA6 2RN</zip>
        <country>United Kingdom</country>
      </address>
    </facility>
  </location>
  <location>
    <facility>
      <name>Churchill Hospital</name>
      <address>
        <city>Headington</city>
        <state>Oxford</state>
        <zip>OX3 7LJ</zip>
        <country>United Kingdom</country>
      </address>
    </facility>
  </location>
  <location>
    <facility>
      <name>St. James University Hospital</name>
      <address>
        <city>Leeds</city>
        <zip>LS9 7TF</zip>
        <country>United Kingdom</country>
      </address>
    </facility>
  </location>
  <location>
    <facility>
      <name>Norfolk &amp; Norwich University Hospital</name>
      <address>
        <city>Norwich</city>
        <zip>NR4 7UY</zip>
        <country>United Kingdom</country>
      </address>
    </facility>
  </location>
  <location_countries>
    <country>Australia</country>
    <country>Norway</country>
    <country>United Kingdom</country>
  </location_countries>
  <removed_countries>
    <country>United States</country>
  </removed_countries>
  <reference>
    <citation>Fogarty G, Morton RL, Vardy J, Nowak AK, Mandel C, Forder PM, Hong A, Hruby G, Burmeister B, Shivalingam B, Dhillon H, Thompson JF. Whole brain radiotherapy after local treatment of brain metastases in melanoma patients--a randomised phase III trial. BMC Cancer. 2011 Apr 17;11:142. doi: 10.1186/1471-2407-11-142.</citation>
    <PMID>21496312</PMID>
  </reference>
  <verification_date>January 2021</verification_date>
  <study_first_submitted>December 15, 2011</study_first_submitted>
  <study_first_submitted_qc>January 2, 2012</study_first_submitted_qc>
  <study_first_posted type="Estimate">January 4, 2012</study_first_posted>
  <last_update_submitted>January 6, 2021</last_update_submitted>
  <last_update_submitted_qc>January 6, 2021</last_update_submitted_qc>
  <last_update_posted type="Actual">January 7, 2021</last_update_posted>
  <responsible_party>
    <responsible_party_type>Sponsor</responsible_party_type>
  </responsible_party>
  <keyword>Whole Brain Radiotherapy</keyword>
  <keyword>Brain metastases</keyword>
  <keyword>Melanoma</keyword>
  <keyword>Stage IV Metastatic Melanoma</keyword>
  <keyword>Neurocognitive function</keyword>
  <keyword>Quality of life</keyword>
  <condition_browse>
    <!-- CAUTION:  The following MeSH terms are assigned with an imperfect algorithm            -->
    <mesh_term>Melanoma</mesh_term>
    <mesh_term>Neoplasm Metastasis</mesh_term>
  </condition_browse>
  <patient_data>
    <sharing_ipd>No</sharing_ipd>
  </patient_data>
  <!-- Results have not yet been posted for this study                                          -->
</clinical_study>

