<?xml version="1.0" encoding="UTF-8"?>
<clinical_study rank="400">
  <!-- This xml conforms to an XML Schema at:
    https://clinicaltrials.gov/ct2/html/images/info/public.xsd -->
  <required_header>
    <download_date>ClinicalTrials.gov processed this data on February 06, 2024</download_date>
    <link_text>Link to the current ClinicalTrials.gov record.</link_text>
    <url>https://clinicaltrials.gov/ct2/show/NCT03476174</url>
  </required_header>
  <id_info>
    <org_study_id>HCRN-MMP-MEL16-261</org_study_id>
    <nct_id>NCT03476174</nct_id>
  </id_info>
  <brief_title>Anti-PD-1 Antibody With HD IL-2 in Metastatic Melanoma</brief_title>
  <official_title>MMP-01: Pilot Study Evaluating Activity of the Combination of Anti-PD-1 Antibody With High Dose IL-2 in Metastatic Melanoma</official_title>
  <sponsors>
    <lead_sponsor>
      <agency>Ralph Hauke</agency>
      <agency_class>Other</agency_class>
    </lead_sponsor>
    <collaborator>
      <agency>Nebraska Cancer Specialists; Midwest Cancer Center-Legacy</agency>
      <agency_class>Other</agency_class>
    </collaborator>
    <collaborator>
      <agency>Prometheus Laboratories</agency>
      <agency_class>Industry</agency_class>
    </collaborator>
  </sponsors>
  <source>Hoosier Cancer Research Network</source>
  <oversight_info>
    <has_dmc>Yes</has_dmc>
    <is_fda_regulated_drug>Yes</is_fda_regulated_drug>
    <is_fda_regulated_device>No</is_fda_regulated_device>
  </oversight_info>
  <brief_summary>
    <textblock>
      The primary objective of this single arm phase 2 trial is to assess the response rate&#xD;
      [complete response (CR) + partial response (PR)] of sequential therapy of pembrolizumab&#xD;
      followed by HD IL-2 in subjects with stage IV malignant melanoma. Response assessment will be&#xD;
      performed after pembrolizumab therapy, and response reassessment will be performed after HD&#xD;
      IL-2 therapy using revised RECIST 1.1.&#xD;
    </textblock>
  </brief_summary>
  <overall_status>Terminated</overall_status>
  <why_stopped>
    Lack of Accrual&#xD;
  </why_stopped>
  <start_date type="Actual">May 7, 2018</start_date>
  <completion_date type="Actual">October 16, 2019</completion_date>
  <primary_completion_date type="Actual">October 16, 2019</primary_completion_date>
  <phase>Phase 2</phase>
  <study_type>Interventional</study_type>
  <has_expanded_access>No</has_expanded_access>
  <study_design_info>
    <allocation>N/A</allocation>
    <intervention_model>Single Group Assignment</intervention_model>
    <primary_purpose>Treatment</primary_purpose>
    <masking>None (Open Label)</masking>
  </study_design_info>
  <primary_outcome>
    <measure>Response Rate</measure>
    <time_frame>12 months</time_frame>
    <description>Assess the response rate [complete response (CR) + partial response (PR)] of sequential therapy of pembrolizumab followed by HD IL-2 in subjects with stage IV malignant melanoma. Response assessment will be performed using revised RECIST 1.1</description>
  </primary_outcome>
  <secondary_outcome>
    <measure>Assess Adverse Events</measure>
    <time_frame>12 months</time_frame>
    <description>Assess adverse events via CTCAE v4.03</description>
  </secondary_outcome>
  <secondary_outcome>
    <measure>Progression Free Survival (PFS)</measure>
    <time_frame>12 months</time_frame>
    <description>Measure Progression-Free Survival (PFS) using revised RECIST guideline (version 1.1) after completion of 2 cycles of pembrolizumab and 2 cycles of HD IL-2 in all the subjects enrolled in the study. PFS is defined as the time from treatment initiation until objective tumor progression or death.</description>
  </secondary_outcome>
  <secondary_outcome>
    <measure>Overall Survival (OS)</measure>
    <time_frame>12 months</time_frame>
    <description>Measure overall survival (OS) at 12 months in subjects with stage IV malignant melanoma who showed a response [stable disease (SD), complete response (CR) or partial response (PR)] following completion of 2 cycles of pembrolizumab and 2 cycles of HD IL-2. OS is defined as time from treatment initiation until death from any cause</description>
  </secondary_outcome>
  <number_of_arms>1</number_of_arms>
  <enrollment type="Actual">1</enrollment>
  <condition>Melanoma</condition>
  <arm_group>
    <arm_group_label>Pembrolizumab and HD Interleukin 2</arm_group_label>
    <arm_group_type>Experimental</arm_group_type>
    <description>Pembrolizumab 200 mg IV over 30 minutes; Day 1 of each cycle 3 weeks (21 days) for 2 cycles. IL-2 600,000 IU/kg2 IV over 15 minutes every 8 hours for up to 14 doses over 5 days; Days 1-5 = Cycle 1; 9 days of rest in between; Days 15-19 = Cycle 2</description>
  </arm_group>
  <intervention>
    <intervention_type>Drug</intervention_type>
    <intervention_name>Pembrolizumab</intervention_name>
    <description>Subjects will receive 200 mg pembrolizumab every 3 weeks for two cycles. Cycle length is 21 days (i.e., 3 weeks). On the last day of Cycle 2 (+/- 3 days), disease status will be assessed via imaging.</description>
    <arm_group_label>Pembrolizumab and HD Interleukin 2</arm_group_label>
    <other_name>Keytruda</other_name>
  </intervention>
  <intervention>
    <intervention_type>Drug</intervention_type>
    <intervention_name>Interleukin-2</intervention_name>
    <description>Following the pembrolizumab treatment, HD IL-2 treatment will commence. After completing the 2 cycles of pembrolizumab, High Dose Interleukin-2 (HD IL-2) will be administered. This will require a hospital stay of at least 5 days for each treatment cycle. Established guidelines will be followed for safely administering HD-IL-2 and managing toxicities from this treatment. Two treatment cycles will be administered, Cycle 2 being separated from Cycle 1 by approximately 9 days after completion (assuming subject has recovered from Cycle 1 adequately to proceed with Cycle 2). Four weeks after completion of the 2 cycles (called a course of HD IL-2 therapy), disease status will be monitored via CT of the chest and abdomen/pelvis using revised RECIST guidelines</description>
    <arm_group_label>Pembrolizumab and HD Interleukin 2</arm_group_label>
    <other_name>High Dose IL-2</other_name>
  </intervention>
  <eligibility>
    <criteria>
      <textblock>
        Inclusion Criteria:&#xD;
&#xD;
          -  Written informed consent and HIPAA authorization for release of personal health&#xD;
             information prior to registration. NOTE: HIPAA authorization may be included in the&#xD;
             informed consent or obtained separately.&#xD;
&#xD;
          -  Age ≥ 18 years at the time of consent.&#xD;
&#xD;
          -  ECOG Performance Status of 0-1 within 28 days prior to registration (Appendix 1).&#xD;
&#xD;
          -  Life expectancy of 6 months or greater as determined by the site investigator.&#xD;
&#xD;
          -  Histologically-confirmed diagnosis of unresectable stage IV or metastatic melanoma not&#xD;
             amenable to local therapy.&#xD;
&#xD;
          -  Measurable disease, defined as at least 1 tumor that fulfills the criteria for a&#xD;
             target lesion according to RECIST 1.1 (Section 9), and obtained by imaging within 28&#xD;
             days prior to registration for protocol therapy.&#xD;
&#xD;
          -  &lt; 2 lines of prior therapy for metastatic melanoma. Cannot have received prior therapy&#xD;
             with HD IL-2. May have had one prior line of therapy that included a check point&#xD;
             inhibitor.&#xD;
&#xD;
          -  Prior systemic cancer treatment must be completed at least 21 days prior to first dose&#xD;
             of study drug and the subject must have recovered from all reversible acute toxic&#xD;
             effects of the regimen (other than alopecia or vitiligo) to Grade ≤ 1 or baseline.&#xD;
&#xD;
          -  Not received radiation therapy within 21 days of initiation of study treatment, and&#xD;
             the measurable disease must have been outside of the radiation port.&#xD;
&#xD;
          -  Demonstrate adequate organ function. All screening labs to be obtained within 28 days&#xD;
             prior to registration.&#xD;
&#xD;
               -  WBC ≥ 3,000/L&#xD;
&#xD;
               -  ANC ≥ 1,000/L&#xD;
&#xD;
               -  Hgb ≥ 9g/dL&#xD;
&#xD;
               -  Plt ≥ 100 × 10(9)/L&#xD;
&#xD;
               -  Serum creatinine ≤ 1.5 mg/dL&#xD;
&#xD;
               -  Calculated creatinine clearance ≥ 40 mL/min; if serum creatinine &gt; 1.5 mg/dL&#xD;
&#xD;
               -  Total Bilirubin ≤ 1.5 × upper limit of normal (ULN)&#xD;
&#xD;
               -  Direct Bilirubin ≤ ULN for subjects with total bilirubin levels &gt; 1.5 x ULN&#xD;
&#xD;
               -  Aspartate aminotransferase (AST) and Alanine aminotransferase (ALT)≤ 2.5 × ULN or&#xD;
                  ≤ 5 x ULN for subjects with known hepatic metastasis&#xD;
&#xD;
               -  International Normalized Ratio (INR) ≤ 1.5 × ULN; For subjects receiving warfarin&#xD;
                  or LMWH, the subjects must, in the site investigator's opinion, be clinically&#xD;
                  stable with no evidence of active bleeding while receiving anticoagulant therapy.&#xD;
                  The INR for these subjects may exceed 1.5 × ULN if that is the goal of&#xD;
                  anticoagulant therapy.&#xD;
&#xD;
          -  Adequate baseline pulmonary function test (PFT) (FEV1 &gt; 2 L or ≥ 75% of predicted for&#xD;
             height and age).&#xD;
&#xD;
          -  Documented left ventricular ejection fraction (LVEF) of &gt; 45%, testing is required in&#xD;
             patients with:&#xD;
&#xD;
               -  Age ≥ 60 years old&#xD;
&#xD;
               -  Clinically significant atrial and or ventricular arrhythmias including but not&#xD;
                  limited to: atrial fibrillation, ventricular tachycardia, second or third degree&#xD;
                  heart block&#xD;
&#xD;
               -  History of coronary revascularization or ischemic symptoms&#xD;
&#xD;
          -  Archival tissue (from the primary tumor or metastases) is mandatory if available for&#xD;
             correlative studies. If archived tumor tissue is not available, the patient does not&#xD;
             need to undergo a biopsy to obtain tissue and is still eligible for study.&#xD;
&#xD;
          -  Females of childbearing potential must have a negative serum pregnancy test within 3&#xD;
             days prior to registration. NOTE: Females are considered of child bearing potential&#xD;
             unless they are surgically sterile (have undergone a hysterectomy, bilateral tubal&#xD;
             ligation, or bilateral oophorectomy) or they are naturally postmenopausal for at least&#xD;
             12 consecutive months&#xD;
&#xD;
          -  Females of childbearing potential and males must be willing to abstain from&#xD;
             heterosexual activity or to use 2 forms of effective methods of contraception from the&#xD;
             time of informed consent until 120 days after treatment discontinuation. The two&#xD;
             contraception methods can be comprised of two barrier methods, or a barrier method&#xD;
             plus a hormonal method.&#xD;
&#xD;
          -  Male subjects who are not surgically sterile (vasectomy) must agree to use an adequate&#xD;
             method of contraception. Male subjects with female sexual partners who are pregnant,&#xD;
             possibly pregnant or who could become pregnant during the study must agree to use&#xD;
             condoms from the first dose of study drug through 120 days after the last dose of&#xD;
             study therapy. Total abstinence for the same study period is an acceptable&#xD;
             alternative.&#xD;
&#xD;
          -  As determined by the enrolling physician or protocol designee, ability of the subject&#xD;
             to understand and comply with study procedures for the entire length of the study&#xD;
&#xD;
          -  Willingness and ability to comply with scheduled visits, treatment plans, laboratory&#xD;
             tests, and other study procedures.&#xD;
&#xD;
        Exclusion Criteria:&#xD;
&#xD;
          -  Active infection requiring systemic therapy&#xD;
&#xD;
          -  Pregnant or breastfeeding. NOTE: breast milk cannot be stored for future use while the&#xD;
             mother is being treated on study.&#xD;
&#xD;
          -  Known additional malignancy that is active and/or progressive requiring treatment;&#xD;
             exceptions include basal cell or squamous cell skin cancer, in situ cervical or&#xD;
             bladder cancer, or other cancer for which the subject has been disease-free for at&#xD;
             least five years.&#xD;
&#xD;
          -  Active central nervous system (CNS) metastases. NOTE: if prior metastasis but treated&#xD;
             and clinically stable for 1 month after treatment are eligible. Subjects with 3 or&#xD;
             fewer brain metastases that are less than 1 cm in diameter and asymptomatic are&#xD;
             eligible.&#xD;
&#xD;
          -  Surgery within 4 weeks prior to study treatment except for minor procedures. NOTE:&#xD;
             Hepatic biliary stent placement is allowed.&#xD;
&#xD;
          -  Uncontrolled or poorly-controlled hypertension (&gt; 160 mmHg systolic or &gt; 100 mmHg&#xD;
             diastolic for &gt; 4 weeks) despite standard medical management.&#xD;
&#xD;
          -  Serious or non-healing wound, ulcer, or bone fracture within 28 days prior to&#xD;
             initiation of study treatment.&#xD;
&#xD;
          -  Any Grade 3-4 GI bleeding within 3 months prior to initiation of study treatment.&#xD;
&#xD;
          -  History of deep vein thrombosis, pulmonary embolism, or any other significant&#xD;
             thromboembolism (venous port or catheter thrombosis or superficial venous thrombosis&#xD;
             are not considered &quot;significant&quot;) during the 3 months prior to initiation of study&#xD;
             treatment.&#xD;
&#xD;
          -  Any arterial thromboembolic events, including but not limited to myocardial&#xD;
             infarction, transient ischemic attack, cerebrovascular accident, or unstable angina,&#xD;
             within 6 months prior to initiation of study treatment.&#xD;
&#xD;
          -  Gross hemoptysis within 2 months of initiation of study treatment.&#xD;
&#xD;
          -  Has any condition that, in the opinion of the investigator, might jeopardize the&#xD;
             safety of the patient or interfere with protocol compliance.&#xD;
&#xD;
          -  Has any mental or medical condition that prevents the patient from giving informed&#xD;
             consent or participating in the trial.&#xD;
&#xD;
          -  Known hypersensitivity to pembrolizumab or IL-2 or any of their components.&#xD;
&#xD;
          -  Known history of active tuberculosis.&#xD;
&#xD;
          -  Concurrent systemic steroid therapy with doses above physiologic level.&#xD;
&#xD;
          -  History of autoimmune disease, including but not limited to myasthenia gravis,&#xD;
             myositis, autoimmune hepatitis, systemic lupus erythematosus, rheumatoid arthritis,&#xD;
             inflammatory bowel disease, vascular thrombosis associated with anti-phospholipid&#xD;
             syndrome, granulomatosis with polyangiitis, Sjögren's syndrome, Guillain-Barré&#xD;
             syndrome, multiple sclerosis, vasculitis, or glomerulonephritis.&#xD;
&#xD;
               -  Subjects with a history of autoimmune-related hypothyroidism on a stable dose of&#xD;
                  thyroid replacement hormone may be eligible for this study.&#xD;
&#xD;
               -  Subjects with controlled Type I diabetes mellitus on a stable dose of insulin&#xD;
                  regimen may be eligible for this study.&#xD;
&#xD;
               -  Subjects with a history of celiac disease may be eligible if controlled with&#xD;
                  diet.&#xD;
&#xD;
          -  Treatment with any investigational agent within 21 days prior to initiation of study&#xD;
             treatment and the subject must have recovered from the acute toxic effects of the&#xD;
             regimen.&#xD;
&#xD;
          -  Prior organ transplant including allogeneic transplantation.&#xD;
      </textblock>
    </criteria>
    <gender>All</gender>
    <minimum_age>18 Years</minimum_age>
    <maximum_age>N/A</maximum_age>
    <healthy_volunteers>No</healthy_volunteers>
  </eligibility>
  <overall_official>
    <last_name>Ralph Hauke, MD</last_name>
    <role>Principal Investigator</role>
    <affiliation>Nebraska Cancer Specialists; Midwest Cancer Center-Legacy</affiliation>
  </overall_official>
  <location>
    <facility>
      <name>Nebraska Cancer Specialists</name>
      <address>
        <city>Omaha</city>
        <state>Nebraska</state>
        <zip>68114</zip>
        <country>United States</country>
      </address>
    </facility>
  </location>
  <location_countries>
    <country>United States</country>
  </location_countries>
  <verification_date>October 2019</verification_date>
  <study_first_submitted>March 16, 2018</study_first_submitted>
  <study_first_submitted_qc>March 16, 2018</study_first_submitted_qc>
  <study_first_posted type="Actual">March 23, 2018</study_first_posted>
  <last_update_submitted>October 18, 2019</last_update_submitted>
  <last_update_submitted_qc>October 18, 2019</last_update_submitted_qc>
  <last_update_posted type="Actual">October 22, 2019</last_update_posted>
  <responsible_party>
    <responsible_party_type>Sponsor-Investigator</responsible_party_type>
    <investigator_affiliation>Hoosier Cancer Research Network</investigator_affiliation>
    <investigator_full_name>Ralph Hauke</investigator_full_name>
    <investigator_title>Chief of Hematology and Oncology</investigator_title>
  </responsible_party>
  <condition_browse>
    <!-- CAUTION:  The following MeSH terms are assigned with an imperfect algorithm            -->
    <mesh_term>Melanoma</mesh_term>
  </condition_browse>
  <intervention_browse>
    <!-- CAUTION:  The following MeSH terms are assigned with an imperfect algorithm            -->
    <mesh_term>Pembrolizumab</mesh_term>
    <mesh_term>Interleukin-2</mesh_term>
  </intervention_browse>
  <patient_data>
    <sharing_ipd>Undecided</sharing_ipd>
  </patient_data>
  <!-- Results have not yet been posted for this study                                          -->
</clinical_study>

