<?xml version="1.0" encoding="UTF-8"?>
<clinical_study rank="302">
  <!-- This xml conforms to an XML Schema at:
    https://clinicaltrials.gov/ct2/html/images/info/public.xsd -->
  <required_header>
    <download_date>ClinicalTrials.gov processed this data on February 06, 2024</download_date>
    <link_text>Link to the current ClinicalTrials.gov record.</link_text>
    <url>https://clinicaltrials.gov/ct2/show/NCT02602756</url>
  </required_header>
  <id_info>
    <org_study_id>2015/02</org_study_id>
    <nct_id>NCT02602756</nct_id>
  </id_info>
  <brief_title>Study Assessing Two Models of Hypofractionated Protontherapy on Large Choroidal Melanomas</brief_title>
  <acronym>HYGROMEL</acronym>
  <official_title>Phase II Trial, Randomized, Under Single-blind Conditions, Assessing Two Models of Modified Hypofractionated Proton-therapy on Patients With Large Choroidal Melanomas</official_title>
  <sponsors>
    <lead_sponsor>
      <agency>Centre Antoine Lacassagne</agency>
      <agency_class>Other</agency_class>
    </lead_sponsor>
  </sponsors>
  <source>Centre Antoine Lacassagne</source>
  <oversight_info>
    <has_dmc>Yes</has_dmc>
  </oversight_info>
  <brief_summary>
    <textblock>
      Ocular melanomas have been treated for a long time by enucleation, with an unfavorable major&#xD;
      impact on the patient's quality of life, social life, self-image, how they feel about others&#xD;
      and about living with this disability. As a matter of fact, classical radiation therapy by&#xD;
      photons is not accurate enough to deliver a sufficiently high dose to eradicate a melanoma&#xD;
      without causing irreversible ocular brain complications since these tumors are &quot; relatively&#xD;
      radio resistant &quot;. The possibility of delivering high doses due to the precision of protons&#xD;
      (&quot;Bragg peak&quot;) has allowed to overcome this limitation. The conservative uveal melanoma&#xD;
      treatment has become a standard after the Collaborative Ocular Melanoma Study (COMS)&#xD;
      indicating an equivalent rate of metastases and a non-impaired survival rate with a&#xD;
      conservative treatment when compared to immediate enucleation. The quality of life benefits&#xD;
      due to a conservative treatment has been demonstrated. Protontherapy dose has been defined in&#xD;
      an empirical manner, it is probably excessive even if it applies to radio-resistant tumors.&#xD;
      In France, radiotherapy by protons for choroidal melanomas delivers a dose of 60 Gy cobalt&#xD;
      equivalent (that is 52 measured Gy, or &quot; Physical dose&quot;) in 4 fractions and 4 days.&#xD;
&#xD;
      Referential treatment of ocular melanomas (other than conjunctiva) indicates proton-therapy&#xD;
      for T1, T2, T3 &lt; 40% of ocular volume, and T4 only if extra scleral extension ≤ 2mm. However,&#xD;
      there is an enucleation indication for T3 &gt; 40% of ocular volume and T4.&#xD;
&#xD;
      Our purpose is to override this relative contraindication, choroidal melanoma volume ≥ 40% of&#xD;
      ocular volume. As a matter of fact, the investigators observe an increasing demand from&#xD;
      ophthalmologists and patients for not performing primary enucleation. Also, during the last&#xD;
      five years treatment of complications have improved and a less &quot; hard &quot; hypo fractionation&#xD;
      (6.5 Gy per fraction) has equivalent local control results as for &quot; hard &quot; fractionation (13&#xD;
      Gy per fraction).&#xD;
    </textblock>
  </brief_summary>
  <detailed_description>
    <textblock>
      A more fractioned proton-therapy treatment, with doses per fraction of 6.5 Gy rather than 13&#xD;
      Gy, can limit the rate and the severity of complications degrading the quality of life by&#xD;
      complications (pain, diminished visual acuity) and treatments (intra-ocular injections...).&#xD;
&#xD;
      In this study, patients will receive a total dose of 52 Gy in four 13 Gy sessions for the&#xD;
      standard arm and in eight 6.5 Gy sessions for the experimental arm.&#xD;
&#xD;
      The investigators expect an identical local control rate within 2 year's time with a decrease&#xD;
      in rate and severity of severe complications due to adapted fractionation (eight sessions&#xD;
      with lower doses instead of four fractions with very high doses as it is usually recommended&#xD;
      in the guidelines for small to medium melanomas).&#xD;
    </textblock>
  </detailed_description>
  <overall_status>Terminated</overall_status>
  <why_stopped>
    insufficient quality of data collection&#xD;
  </why_stopped>
  <start_date type="Actual">November 2, 2015</start_date>
  <completion_date type="Actual">November 30, 2022</completion_date>
  <primary_completion_date type="Actual">September 1, 2018</primary_completion_date>
  <phase>N/A</phase>
  <study_type>Interventional</study_type>
  <has_expanded_access>No</has_expanded_access>
  <study_design_info>
    <allocation>Randomized</allocation>
    <intervention_model>Parallel Assignment</intervention_model>
    <intervention_model_description>Study with 2 differents dosages of proton therapy</intervention_model_description>
    <primary_purpose>Treatment</primary_purpose>
    <masking>Single (Participant)</masking>
  </study_design_info>
  <primary_outcome>
    <measure>local control rate without severe complications 2 years after.</measure>
    <time_frame>up to 60 months</time_frame>
  </primary_outcome>
  <secondary_outcome>
    <measure>Enucleation rate</measure>
    <time_frame>up to 60 months</time_frame>
  </secondary_outcome>
  <secondary_outcome>
    <measure>Tumoral transretinien endoresection by unplanned vitrectomy in inclusion (emergency procedure)</measure>
    <time_frame>up to 60 months</time_frame>
  </secondary_outcome>
  <secondary_outcome>
    <measure>Number of months without metastases evaluation</measure>
    <time_frame>up to 60 months</time_frame>
  </secondary_outcome>
  <secondary_outcome>
    <measure>Number of months of Specific global survival evaluation</measure>
    <time_frame>up to 60 months</time_frame>
  </secondary_outcome>
  <secondary_outcome>
    <measure>Complications and toxicity evaluation (number of subjects with adverse events related to treatment)</measure>
    <time_frame>up to 60 months</time_frame>
  </secondary_outcome>
  <number_of_arms>2</number_of_arms>
  <enrollment type="Actual">32</enrollment>
  <condition>Melanoma</condition>
  <arm_group>
    <arm_group_label>A</arm_group_label>
    <arm_group_type>Active Comparator</arm_group_type>
    <description>Protontherapy : 4 sessions of 13 Gy, total dosis 52 Gy</description>
  </arm_group>
  <arm_group>
    <arm_group_label>B</arm_group_label>
    <arm_group_type>Experimental</arm_group_type>
    <description>Protontherapy : 8 sessions of 6.5 Gy, total dosis 52 Gy</description>
  </arm_group>
  <intervention>
    <intervention_type>Radiation</intervention_type>
    <intervention_name>Protontherapy</intervention_name>
    <description>Proton-therapy consists in four consecutive sessions. The experimental arm consists in eight sessions. Irradiation is administered over two weeks, delivering a total dose of 60 Cobalt Gris Equivalent (CGE is the physical Gray dose multiplied by a biological factor of relative efficiency of 1.1 for protons compared to photons).</description>
    <arm_group_label>A</arm_group_label>
    <arm_group_label>B</arm_group_label>
  </intervention>
  <eligibility>
    <criteria>
      <textblock>
        Inclusion Criteria:&#xD;
&#xD;
          -  Patient diagnosed with choroidal melanoma by an ophthalmologist and proton-therapy&#xD;
             treatment proposed by the multi-disciplinary board meeting&#xD;
&#xD;
          -  Patient over 18 years old, male or female&#xD;
&#xD;
          -  Performance status ≤ 2&#xD;
&#xD;
          -  Size and/or thickness greater than those proposed on proton-therapy appendix&#xD;
             indications (tumor volume/ocular globe &gt; 40% and/or thickness ≥ 12 mm and/or diameter&#xD;
             ≥ 18 mm or thickness ≥ 10 mm and diameter ≥ 15 mm). Possible ophthalmological&#xD;
             follow-up examinations at 6 months, one year, 18 months and two years.&#xD;
&#xD;
          -  No contraindication for adjuvant chemotherapy&#xD;
&#xD;
          -  Authorized technique to preserve the optic nerve&#xD;
&#xD;
          -  Patient having undergone the required medical procedures:&#xD;
&#xD;
               -  Ophthalmological examination&#xD;
&#xD;
               -  Clip positioning&#xD;
&#xD;
               -  Proton-therapy treatment (localization CT, first simulation, second simulation,&#xD;
                  final simulation)&#xD;
&#xD;
          -  Patient reads information note and signs consent form&#xD;
&#xD;
        Exclusion Criteria:&#xD;
&#xD;
          -  Exclusive iris damage&#xD;
&#xD;
          -  Exclusive conjunctival damage&#xD;
&#xD;
          -  First melanoma surgery&#xD;
&#xD;
          -  Enucleation planned post-proton-therapy&#xD;
&#xD;
          -  Exentration indication&#xD;
&#xD;
          -  Life expectancy &lt; 2 years&#xD;
&#xD;
          -  Scleral exteriorisation &gt; 2 mm&#xD;
&#xD;
          -  Absolute radiotherapy contraindication (ataxia-telangiectasia)&#xD;
&#xD;
          -  Cancer history, except for complete remission cancers of over 5 years, basocellular&#xD;
             skin carcinomas completely resected, in-situ carcinomas or treated in situ cervical&#xD;
             epithelioma&#xD;
&#xD;
          -  Presence of metastases other than hepatic (endoresection authorized)&#xD;
      </textblock>
    </criteria>
    <gender>All</gender>
    <minimum_age>18 Years</minimum_age>
    <maximum_age>N/A</maximum_age>
    <healthy_volunteers>No</healthy_volunteers>
  </eligibility>
  <overall_official>
    <last_name>Juliette THARIAT, md</last_name>
    <role>Principal Investigator</role>
    <affiliation>Centre Antoine Lacassagne</affiliation>
  </overall_official>
  <location>
    <facility>
      <name>Centre Antoine Lacassagne</name>
      <address>
        <city>Nice</city>
        <zip>06000</zip>
        <country>France</country>
      </address>
    </facility>
  </location>
  <location_countries>
    <country>France</country>
  </location_countries>
  <link>
    <url>http://www.centreantoinelacassagne.org</url>
    <description>Related Info</description>
  </link>
  <verification_date>December 2022</verification_date>
  <study_first_submitted>November 9, 2015</study_first_submitted>
  <study_first_submitted_qc>November 10, 2015</study_first_submitted_qc>
  <study_first_posted type="Estimate">November 11, 2015</study_first_posted>
  <last_update_submitted>December 12, 2022</last_update_submitted>
  <last_update_submitted_qc>December 12, 2022</last_update_submitted_qc>
  <last_update_posted type="Actual">December 14, 2022</last_update_posted>
  <responsible_party>
    <responsible_party_type>Sponsor</responsible_party_type>
  </responsible_party>
  <keyword>Choroid Melanoma</keyword>
  <condition_browse>
    <!-- CAUTION:  The following MeSH terms are assigned with an imperfect algorithm            -->
    <mesh_term>Melanoma</mesh_term>
  </condition_browse>
  <!-- Results have not yet been posted for this study                                          -->
</clinical_study>

