<?xml version="1.0" encoding="UTF-8"?>
<clinical_study rank="60">
  <!-- This xml conforms to an XML Schema at:
    https://clinicaltrials.gov/ct2/html/images/info/public.xsd -->
  <required_header>
    <download_date>ClinicalTrials.gov processed this data on February 06, 2024</download_date>
    <link_text>Link to the current ClinicalTrials.gov record.</link_text>
    <url>https://clinicaltrials.gov/ct2/show/NCT03605771</url>
  </required_header>
  <id_info>
    <org_study_id>GEM-1801</org_study_id>
    <nct_id>NCT03605771</nct_id>
  </id_info>
  <brief_title>Descriptive Observational Study on the Characteristics of Advanced and Metastatic Melanoma in Spain</brief_title>
  <acronym>GEM-1801</acronym>
  <official_title>Descriptive Observational Study on the Characteristics of Advanced and Metastatic Melanoma in Spain</official_title>
  <sponsors>
    <lead_sponsor>
      <agency>Grupo Español Multidisciplinar de Melanoma</agency>
      <agency_class>Other</agency_class>
    </lead_sponsor>
  </sponsors>
  <source>Grupo Español Multidisciplinar de Melanoma</source>
  <oversight_info>
    <has_dmc>Yes</has_dmc>
    <is_fda_regulated_drug>No</is_fda_regulated_drug>
    <is_fda_regulated_device>No</is_fda_regulated_device>
  </oversight_info>
  <brief_summary>
    <textblock>
      This is an observational, multicentre epidemiological study with a longitudinal cohort in&#xD;
      which information will be retrieved from medical records of patients with advanced metastatic&#xD;
      or unresectable melanoma at first diagnosis.&#xD;
    </textblock>
  </brief_summary>
  <overall_status>Recruiting</overall_status>
  <start_date type="Actual">August 7, 2018</start_date>
  <completion_date type="Anticipated">December 2024</completion_date>
  <primary_completion_date type="Anticipated">December 2024</primary_completion_date>
  <study_type>Observational [Patient Registry]</study_type>
  <has_expanded_access>No</has_expanded_access>
  <study_design_info>
    <observational_model>Cohort</observational_model>
    <time_perspective>Prospective</time_perspective>
  </study_design_info>
  <target_duration>24 Months</target_duration>
  <primary_outcome>
    <measure>Sample Characteristics</measure>
    <time_frame>Baseline</time_frame>
    <description>Sociodemographic and disease characteristics of patients diagnosed with stage III, metastatic or unresectable melanoma at first diagnosis.</description>
  </primary_outcome>
  <number_of_groups>1</number_of_groups>
  <enrollment type="Anticipated">400</enrollment>
  <condition>Melanoma Stage Iv</condition>
  <condition>Melanoma Stage Iii</condition>
  <condition>Advanced Cancer</condition>
  <arm_group>
    <arm_group_label>Advanced Melanoma</arm_group_label>
    <description>Patients of legal age with stage III, metastatic, or unresectable melanoma at first diagnosis after January 8, 2018. First diagnosis is understood as:&#xD;
Disease onset as metastatic or unresectable disease.&#xD;
First metastatic or unresectable relapse in the pre-established dates (after January 8, 2018) in a patient with previous localised melanoma and completely resected on dates before the pre-inclusion period.</description>
  </arm_group>
  <intervention>
    <intervention_type>Other</intervention_type>
    <intervention_name>Daily Clinical Practice</intervention_name>
    <description>The assignment of a patient to a specific therapeutic strategy will not be decided in advance by the study protocol, but will be determined by the usual clinical practice of medicine, and the decision to prescribe a specific treatment will be clearly dissociated from the decision to include a patient in the study. No intervention will be applied to patients, either diagnostic or follow-up, other than the usual clinical practice.</description>
    <arm_group_label>Advanced Melanoma</arm_group_label>
  </intervention>
  <eligibility>
    <study_pop>
      <textblock>
        A 'case' is defined as any patient, diagnosed, treated, or followed in the different health&#xD;
        centres where reporting physicians authorised by the GEM group work, who meets the&#xD;
        inclusion criteria.&#xD;
      </textblock>
    </study_pop>
    <sampling_method>Non-Probability Sample</sampling_method>
    <criteria>
      <textblock>
        Inclusion Criteria:&#xD;
&#xD;
          -  Patients of legal age with stage III, metastatic, or unresectable melanoma at first&#xD;
             diagnosis after January 8, 2018. First diagnosis is understood as: a. Disease onset as&#xD;
             metastatic or unresectable disease; b. First metastatic or unresectable relapse in the&#xD;
             pre-established dates (after January 8, 2018) in a patient with previous localised&#xD;
             melanoma and completely resected on dates before the pre-inclusion period.&#xD;
&#xD;
          -  Signing the Informed Consent Form (ICF).&#xD;
&#xD;
          -  A patient may have received the first or subsequent treatments for metastatic or&#xD;
             unresectable disease in a hospital other than the centre where the ICF was signed, as&#xD;
             long as the patient meets the inclusion criteria 1.&#xD;
&#xD;
          -  A patient can only sign one ICF (cannot sign an ICF in two different centres).&#xD;
&#xD;
          -  If a patient signs the ICF in a centre during the first-line therapy and then goes to&#xD;
             another centre with consideration for the following lines: If the centre is associated&#xD;
             with the GEM-1801 study, researchers will do their best to update the following lines&#xD;
             and the patient status, introducing the new information in the centre where the ICF&#xD;
             was initially signed. This information will be provided by the patient before&#xD;
             contacting the principal investigator and always with prior consent of the patient,&#xD;
             who will have previously provided the consent to contact by telephone for this&#xD;
             purpose. If this second (or subsequent) centre is not associated with the GEM- 1801&#xD;
             study, this will be considered loss of follow-up, unless the patient returns to the&#xD;
             GEM-1801 start centre, wherein the reporting physicians will do their best to update&#xD;
             the information from other centres, always with prior patient consent, who will have&#xD;
             previously signed the ICF; c) A patient card with the assigned code will be delivered.&#xD;
&#xD;
        Exclusion Criteria:&#xD;
&#xD;
          -  Any patient not complying with inclusion criteria.&#xD;
      </textblock>
    </criteria>
    <gender>All</gender>
    <minimum_age>18 Years</minimum_age>
    <maximum_age>N/A</maximum_age>
    <healthy_volunteers>No</healthy_volunteers>
  </eligibility>
  <overall_official>
    <last_name>Iván Márquez Rodas, M.D.</last_name>
    <role>Study Chair</role>
    <affiliation>Hospital General Universitario Gregorio Marañón</affiliation>
  </overall_official>
  <overall_official>
    <last_name>Salvador Martín Algarra, M.D.</last_name>
    <role>Principal Investigator</role>
    <affiliation>Clínica Universidad de Navarra</affiliation>
  </overall_official>
  <overall_contact>
    <last_name>A responsible person designated by the sponsor</last_name>
    <phone>+34 93 434 44 12</phone>
    <email>investigacion@mfar.net</email>
  </overall_contact>
  <overall_contact_backup>
    <last_name>Responsible person designated by the sponsor</last_name>
    <phone>+34 93 434 44 12</phone>
    <email>investigacion@mfar.net</email>
  </overall_contact_backup>
  <location>
    <facility>
      <name>Hospital Virgen de los Lirios</name>
      <address>
        <city>Alcoy</city>
        <state>Alicante</state>
        <zip>03804</zip>
        <country>Spain</country>
      </address>
    </facility>
    <status>Recruiting</status>
    <contact>
      <last_name>Pé</last_name>
    </contact>
    <investigator>
      <last_name>Principal investigator selected by the sponsor, M.D.</last_name>
      <role>Principal Investigator</role>
    </investigator>
  </location>
  <location>
    <facility>
      <name>Hospital Universitario Virgen de las Nieves</name>
      <address>
        <city>Granada</city>
        <state>Andalucía</state>
        <country>Spain</country>
      </address>
    </facility>
    <status>Recruiting</status>
    <investigator>
      <last_name>Principal investigator selected by the sponsor, M.D.</last_name>
      <role>Principal Investigator</role>
    </investigator>
  </location>
  <location>
    <facility>
      <name>Onconogranada</name>
      <address>
        <city>Granada</city>
        <state>Andalucía</state>
        <country>Spain</country>
      </address>
    </facility>
    <status>Not yet recruiting</status>
    <investigator>
      <last_name>Principal investigator selected by the sponsor, M.D.</last_name>
      <role>Principal Investigator</role>
    </investigator>
  </location>
  <location>
    <facility>
      <name>Hospital Universitario Regional de Málaga</name>
      <address>
        <city>Málaga</city>
        <state>Andalucía</state>
        <country>Spain</country>
      </address>
    </facility>
    <status>Recruiting</status>
    <investigator>
      <last_name>Principal investigator selected by the sponsor, M.D.</last_name>
      <role>Principal Investigator</role>
    </investigator>
  </location>
  <location>
    <facility>
      <name>Parc Taulí</name>
      <address>
        <city>Sabadell</city>
        <state>Barcelona</state>
        <country>Spain</country>
      </address>
    </facility>
    <status>Recruiting</status>
    <investigator>
      <last_name>Principal investigator selected by the sponsor, M.D.</last_name>
      <role>Principal Investigator</role>
    </investigator>
  </location>
  <location>
    <facility>
      <name>Hospital Universitario Marqués de Valdecilla</name>
      <address>
        <city>Santander</city>
        <state>Cantabria</state>
        <country>Spain</country>
      </address>
    </facility>
    <status>Recruiting</status>
    <investigator>
      <last_name>Principal investigator selected by the sponsor, M.D.</last_name>
      <role>Principal Investigator</role>
    </investigator>
  </location>
  <location>
    <facility>
      <name>Hospital General de Ciudad Real</name>
      <address>
        <city>Ciudad Real</city>
        <state>Castilla - La Mancha</state>
        <country>Spain</country>
      </address>
    </facility>
    <status>Recruiting</status>
    <investigator>
      <last_name>Principal investigator selected by the sponsor, M.D.</last_name>
      <role>Principal Investigator</role>
    </investigator>
  </location>
  <location>
    <facility>
      <name>Hospital Universitario de Burgos</name>
      <address>
        <city>Burgos</city>
        <state>Castilla Y León</state>
        <country>Spain</country>
      </address>
    </facility>
    <status>Recruiting</status>
    <contact>
      <last_name>I.</last_name>
    </contact>
    <investigator>
      <last_name>Principal investigator selected by the sponsor, M.D.</last_name>
      <role>Principal Investigator</role>
    </investigator>
  </location>
  <location>
    <facility>
      <name>Complejo Asistencial Universitario de Salamanca</name>
      <address>
        <city>Salamanca</city>
        <state>Castilla Y León</state>
        <country>Spain</country>
      </address>
    </facility>
    <status>Recruiting</status>
    <investigator>
      <last_name>Principal investigator selected by the sponsor, M.D.</last_name>
      <role>Principal Investigator</role>
    </investigator>
  </location>
  <location>
    <facility>
      <name>Hospital Universitario Río Hortega</name>
      <address>
        <city>Valladolid</city>
        <state>Castilla Y León</state>
        <country>Spain</country>
      </address>
    </facility>
    <status>Recruiting</status>
    <investigator>
      <last_name>Principal investigator selected by the sponsor, M.D.</last_name>
      <role>Principal Investigator</role>
    </investigator>
  </location>
  <location>
    <facility>
      <name>Instituto Catalán de Oncología Badalona</name>
      <address>
        <city>Badalona</city>
        <state>Cataluña</state>
        <country>Spain</country>
      </address>
    </facility>
    <status>Recruiting</status>
    <contact>
      <last_name>M.D.</last_name>
    </contact>
    <investigator>
      <last_name>Principal investigator selected by the sponsor, M.D.</last_name>
      <role>Principal Investigator</role>
    </investigator>
  </location>
  <location>
    <facility>
      <name>Hospital de la Santa Creu y Sant Pau</name>
      <address>
        <city>Barcelona</city>
        <state>Cataluña</state>
        <country>Spain</country>
      </address>
    </facility>
    <status>Recruiting</status>
    <investigator>
      <last_name>Principal investigator selected by the sponsor, M.D.</last_name>
      <role>Principal Investigator</role>
    </investigator>
  </location>
  <location>
    <facility>
      <name>Hospital Universitario Quirón Dexeus</name>
      <address>
        <city>Barcelona</city>
        <state>Cataluña</state>
        <country>Spain</country>
      </address>
    </facility>
    <status>Recruiting</status>
    <investigator>
      <last_name>Principal investigator selected by the sponsor, M.D.</last_name>
      <role>Principal Investigator</role>
    </investigator>
  </location>
  <location>
    <facility>
      <name>Hospital General Universitario de Valencia</name>
      <address>
        <city>Valencia</city>
        <state>Comunidad Valenciana</state>
        <country>Spain</country>
      </address>
    </facility>
    <status>Recruiting</status>
    <investigator>
      <last_name>Principal investigator selected by the sponsor, M.D.</last_name>
      <role>Principal Investigator</role>
    </investigator>
  </location>
  <location>
    <facility>
      <name>Instituto Valenciano de Oncología</name>
      <address>
        <city>Valencia</city>
        <state>Comunidad Valenciana</state>
        <country>Spain</country>
      </address>
    </facility>
    <status>Not yet recruiting</status>
    <investigator>
      <last_name>Principal investigator selected by the sponsor, M.D.</last_name>
      <role>Principal Investigator</role>
    </investigator>
  </location>
  <location>
    <facility>
      <name>Hospital Universitario San Pedro Alcántara</name>
      <address>
        <city>Cáceres</city>
        <state>Extremadura</state>
        <country>Spain</country>
      </address>
    </facility>
    <status>Recruiting</status>
    <investigator>
      <last_name>Principal investigator selected by the sponsor, M.D.</last_name>
      <role>Principal Investigator</role>
    </investigator>
  </location>
  <location>
    <facility>
      <name>Onkologikoa</name>
      <address>
        <city>Donostia</city>
        <state>Guipuzcoa</state>
        <zip>20014</zip>
        <country>Spain</country>
      </address>
    </facility>
    <status>Recruiting</status>
    <investigator>
      <last_name>Principal investigator selected by the sponsor, M.D.</last_name>
      <role>Principal Investigator</role>
    </investigator>
  </location>
  <location>
    <facility>
      <name>Hospital San Pedro</name>
      <address>
        <city>Logroño</city>
        <state>La Rioja</state>
        <zip>26006</zip>
        <country>Spain</country>
      </address>
    </facility>
    <status>Recruiting</status>
    <contact>
      <last_name>Investigator Selected by Sponsor</last_name>
      <email>investigacion@mfar.net</email>
    </contact>
  </location>
  <location>
    <facility>
      <name>Hospital Universitario Puerta de Hierro-Majadahonda</name>
      <address>
        <city>Majadahonda</city>
        <state>Madrid</state>
        <country>Spain</country>
      </address>
    </facility>
    <status>Recruiting</status>
    <investigator>
      <last_name>Principal investigator selected by the sponsor, M.D.</last_name>
      <role>Principal Investigator</role>
    </investigator>
  </location>
  <location>
    <facility>
      <name>Hospital Clínico Universitario Virgen de la Arrixaca</name>
      <address>
        <city>El Palmar</city>
        <state>Murcia</state>
        <zip>30120</zip>
        <country>Spain</country>
      </address>
    </facility>
    <status>Recruiting</status>
    <investigator>
      <last_name>Principal investigator selected by the sponsor, M.D.</last_name>
      <role>Principal Investigator</role>
    </investigator>
  </location>
  <location>
    <facility>
      <name>Hospital Costa del Sol</name>
      <address>
        <city>Marbella</city>
        <state>Málaga</state>
        <country>Spain</country>
      </address>
    </facility>
    <status>Recruiting</status>
    <investigator>
      <last_name>Principal investigator selected by the sponsor, M.D.</last_name>
      <role>Principal Investigator</role>
    </investigator>
  </location>
  <location>
    <facility>
      <name>Complejo Hospitalario de Navarra</name>
      <address>
        <city>Pamplona</city>
        <state>Navarra</state>
        <country>Spain</country>
      </address>
    </facility>
    <status>Recruiting</status>
    <contact>
      <last_name>J.</last_name>
    </contact>
    <investigator>
      <last_name>Principal investigator selected by the sponsor, M.D.</last_name>
      <role>Principal Investigator</role>
    </investigator>
  </location>
  <location>
    <facility>
      <name>Hospital Universitario Son Llàtzer</name>
      <address>
        <city>Palma De Mallorca</city>
        <state>Palma</state>
        <zip>07198</zip>
        <country>Spain</country>
      </address>
    </facility>
    <status>Recruiting</status>
    <investigator>
      <last_name>Principal investigator selected by the sponsor, M.D.</last_name>
      <role>Principal Investigator</role>
    </investigator>
  </location>
  <location>
    <facility>
      <name>Hospital Universitario Araba Txagorritxu Victoria</name>
      <address>
        <city>Vitoria Gasteiz</city>
        <state>País Vasco</state>
        <country>Spain</country>
      </address>
    </facility>
    <status>Recruiting</status>
    <investigator>
      <last_name>Principal investigator selected by the sponsor, M.D.</last_name>
      <role>Principal Investigator</role>
    </investigator>
  </location>
  <location>
    <facility>
      <name>Hospital La Ribera</name>
      <address>
        <city>Alcira</city>
        <state>Valencia</state>
        <zip>46600</zip>
        <country>Spain</country>
      </address>
    </facility>
    <status>Recruiting</status>
    <investigator>
      <last_name>Principal investigator selected by the sponsor, M.D.</last_name>
      <role>Principal Investigator</role>
    </investigator>
  </location>
  <location>
    <facility>
      <name>Hospital Universitari Vall d'Hebron</name>
      <address>
        <city>Barcelona</city>
        <zip>08035</zip>
        <country>Spain</country>
      </address>
    </facility>
    <status>Recruiting</status>
    <investigator>
      <last_name>Principal investigator selected by the sponsor, M.D.</last_name>
      <role>Principal Investigator</role>
    </investigator>
  </location>
  <location>
    <facility>
      <name>Hospital Lucus Augusti</name>
      <address>
        <city>Lugo</city>
        <zip>27003</zip>
        <country>Spain</country>
      </address>
    </facility>
    <status>Recruiting</status>
    <investigator>
      <last_name>Principal investigator selected by the sponsor, M.D.</last_name>
      <role>Principal Investigator</role>
    </investigator>
  </location>
  <location>
    <facility>
      <name>Hospital Universitario La Princesa</name>
      <address>
        <city>Madrid</city>
        <zip>28006</zip>
        <country>Spain</country>
      </address>
    </facility>
    <status>Recruiting</status>
    <investigator>
      <last_name>Principal investigator selected by the sponsor, M.D.</last_name>
      <role>Principal Investigator</role>
    </investigator>
  </location>
  <location>
    <facility>
      <name>Hospital Clínico San Carlos</name>
      <address>
        <city>Madrid</city>
        <zip>28040</zip>
        <country>Spain</country>
      </address>
    </facility>
    <status>Recruiting</status>
    <investigator>
      <last_name>Principal investigator selected by the sponsor, M.D.</last_name>
      <role>Principal Investigator</role>
    </investigator>
  </location>
  <location>
    <facility>
      <name>Hospital General Universitario Gregorio Marañón</name>
      <address>
        <city>Madrid</city>
        <country>Spain</country>
      </address>
    </facility>
    <status>Recruiting</status>
    <contact>
      <last_name>M.D.</last_name>
      <email>investigacion@mfar.net</email>
    </contact>
    <investigator>
      <last_name>Principal investigator selected by the sponsor, M.D.</last_name>
      <role>Principal Investigator</role>
    </investigator>
  </location>
  <location>
    <facility>
      <name>Hospital Universitario La Paz</name>
      <address>
        <city>Madrid</city>
        <country>Spain</country>
      </address>
    </facility>
    <status>Recruiting</status>
    <investigator>
      <last_name>Principal investigator selected by the sponsor, M.D.</last_name>
      <role>Principal Investigator</role>
    </investigator>
  </location>
  <location>
    <facility>
      <name>Hospital Universitario Ramón y Cajal</name>
      <address>
        <city>Madrid</city>
        <country>Spain</country>
      </address>
    </facility>
    <status>Recruiting</status>
    <investigator>
      <last_name>Principal investigator selected by the sponsor, M.D.</last_name>
      <role>Principal Investigator</role>
    </investigator>
  </location>
  <location>
    <facility>
      <name>Clínica Universidad de Navarra</name>
      <address>
        <city>Pamplona</city>
        <country>Spain</country>
      </address>
    </facility>
    <status>Recruiting</status>
    <investigator>
      <last_name>Principal investigator selected by the sponsor, M.D.</last_name>
      <role>Principal Investigator</role>
    </investigator>
  </location>
  <location>
    <facility>
      <name>Complejo Hospitalario de Pontevedra</name>
      <address>
        <city>Pontevedra</city>
        <zip>36164</zip>
        <country>Spain</country>
      </address>
    </facility>
    <status>Recruiting</status>
    <investigator>
      <last_name>Principal investigator selected by the sponsor, M.D.</last_name>
      <role>Principal Investigator</role>
    </investigator>
  </location>
  <location>
    <facility>
      <name>Hospital Universitario de Valme</name>
      <address>
        <city>Sevilla</city>
        <country>Spain</country>
      </address>
    </facility>
    <status>Recruiting</status>
    <investigator>
      <last_name>Principal investigator selected by the sponsor, M.D.</last_name>
      <role>Principal Investigator</role>
    </investigator>
  </location>
  <location>
    <facility>
      <name>Hospital Virgen de la Salud</name>
      <address>
        <city>Toledo</city>
        <zip>45004</zip>
        <country>Spain</country>
      </address>
    </facility>
    <status>Recruiting</status>
    <investigator>
      <last_name>Principal investigator selected by the sponsor, M.D.</last_name>
      <role>Principal Investigator</role>
    </investigator>
  </location>
  <location>
    <facility>
      <name>Hospital Clínico Universitario de Valladolid</name>
      <address>
        <city>Valladolid</city>
        <zip>47003</zip>
        <country>Spain</country>
      </address>
    </facility>
    <status>Recruiting</status>
    <investigator>
      <last_name>Principal investigator selected by the sponsor, M.D.</last_name>
      <role>Principal Investigator</role>
    </investigator>
  </location>
  <location>
    <facility>
      <name>Hospital Universitario Miguel Servet</name>
      <address>
        <city>Zaragoza</city>
        <zip>500009</zip>
        <country>Spain</country>
      </address>
    </facility>
    <status>Recruiting</status>
    <investigator>
      <last_name>Principal investigator selected by the sponsor, M.D.</last_name>
      <role>Principal Investigator</role>
    </investigator>
  </location>
  <location>
    <facility>
      <name>Hospital Clínico Universitario Lozano Blesa</name>
      <address>
        <city>Zaragoza</city>
        <zip>50009</zip>
        <country>Spain</country>
      </address>
    </facility>
    <status>Recruiting</status>
    <investigator>
      <last_name>Principal investigator selected by the sponsor, M.D.</last_name>
      <role>Principal Investigator</role>
    </investigator>
  </location>
  <location_countries>
    <country>Spain</country>
  </location_countries>
  <verification_date>February 2023</verification_date>
  <study_first_submitted>July 20, 2018</study_first_submitted>
  <study_first_submitted_qc>July 20, 2018</study_first_submitted_qc>
  <study_first_posted type="Actual">July 30, 2018</study_first_posted>
  <last_update_submitted>February 22, 2023</last_update_submitted>
  <last_update_submitted_qc>February 22, 2023</last_update_submitted_qc>
  <last_update_posted type="Actual">February 23, 2023</last_update_posted>
  <responsible_party>
    <responsible_party_type>Sponsor</responsible_party_type>
  </responsible_party>
  <condition_browse>
    <!-- CAUTION:  The following MeSH terms are assigned with an imperfect algorithm            -->
    <mesh_term>Melanoma</mesh_term>
  </condition_browse>
  <patient_data>
    <sharing_ipd>Undecided</sharing_ipd>
  </patient_data>
  <!-- Results have not yet been posted for this study                                          -->
</clinical_study>

