<?xml version="1.0" encoding="UTF-8"?>
<clinical_study rank="122">
  <!-- This xml conforms to an XML Schema at:
    https://clinicaltrials.gov/ct2/html/images/info/public.xsd -->
  <required_header>
    <download_date>ClinicalTrials.gov processed this data on February 06, 2024</download_date>
    <link_text>Link to the current ClinicalTrials.gov record.</link_text>
    <url>https://clinicaltrials.gov/ct2/show/NCT01743157</url>
  </required_header>
  <id_info>
    <org_study_id>BBI Total Therapy</org_study_id>
    <nct_id>NCT01743157</nct_id>
  </id_info>
  <brief_title>Biochemotherapy and Bevacizumab Followed by Consolidation Therapy With Ipilimumab for Metastatic Melanoma</brief_title>
  <acronym>BBI</acronym>
  <official_title>A Phase I-II Study of Treatment of Metastatic Melanoma Using Induction Therapy With Biochemotherapy and Bevacizumab Followed by Consolidation Therapy With Ipilimumab (BBI)</official_title>
  <sponsors>
    <lead_sponsor>
      <agency>California Pacific Medical Center Research Institute</agency>
      <agency_class>Other</agency_class>
    </lead_sponsor>
  </sponsors>
  <source>California Pacific Medical Center Research Institute</source>
  <oversight_info>
    <has_dmc>Yes</has_dmc>
  </oversight_info>
  <brief_summary>
    <textblock>
      A phase I-II study of treatment of metastatic melanoma using induction therapy with&#xD;
      Biochemotherapy plus Bevacizumab followed by consolidation therapy with Ipilimumab (BBI).&#xD;
    </textblock>
  </brief_summary>
  <detailed_description>
    <textblock>
      A phase I-II study of treatment of metastatic melanoma using induction therapy with&#xD;
      Biochemotherapy (Temodar,Cisplatin, Velban,IL2 and IFN)plus Bevacizumab followed by&#xD;
      consolidation therapy with Ipilimumab (BBI)&#xD;
    </textblock>
  </detailed_description>
  <overall_status>Completed</overall_status>
  <start_date>December 2010</start_date>
  <completion_date type="Actual">May 2013</completion_date>
  <primary_completion_date type="Actual">May 2013</primary_completion_date>
  <phase>Phase 1/Phase 2</phase>
  <study_type>Interventional</study_type>
  <has_expanded_access>Yes</has_expanded_access>
  <study_design_info>
    <allocation>N/A</allocation>
    <intervention_model>Single Group Assignment</intervention_model>
    <primary_purpose>Treatment</primary_purpose>
    <masking>None (Open Label)</masking>
  </study_design_info>
  <primary_outcome>
    <measure>A phase I-II study of treatment of metastatic melanoma using induction therapy with Biochemotherapy and Bevacizumab followed by consolidation therapy with Ipilimumab (BBI)</measure>
    <time_frame>Primary Objective</time_frame>
    <description>Determine the incidence of grade 4 bevacizumab-related toxicities and grade 3 proteinuria when bevacizumab is given with biochemotherapy to patients with metastatic melanoma for up to 3 years.</description>
  </primary_outcome>
  <secondary_outcome>
    <measure>A phase I-II study of treatment of metastatic melanoma using induction therapy with Biochemotherapy and Bevacizumab followed by consolidation therapy with Ipilimumab (BBI)</measure>
    <time_frame>Secondary Objective</time_frame>
    <description>Compare median and overall progression-free survival to previously published historical control group of 135 patients receiving biochemotherapy followed by pulse IL-2, and also patients in the study of Weber et al (Reference 9) of ipilimumab in previously untreated patients for up to 4 years.</description>
  </secondary_outcome>
  <number_of_arms>1</number_of_arms>
  <enrollment type="Actual">24</enrollment>
  <condition>Metastatic Melanoma</condition>
  <arm_group>
    <arm_group_label>Biochemo + Bevacizumab then Ipilimumab</arm_group_label>
    <arm_group_type>Experimental</arm_group_type>
    <description>Single arm: Biochemotherapy with 4 cycles at 3 week intervals of Temozolamide 150mg/m2 x4, cisplatin 20mg/m2 x 4, vinblastine 1.2mg/m2 x 4, bevacizumab 7.5-15 mg/kg x 1, interferon 5mg/m2 x5 and aldesleukin 36,18,9, % 9 miu/day over 4 days each cycle; then ipilimumab 3mg/kg q 21 days x 4, then q 3 months x 8 for total 3 years.</description>
  </arm_group>
  <intervention>
    <intervention_type>Drug</intervention_type>
    <intervention_name>Biochemo + bevacizumab then ipilimumab</intervention_name>
    <description>Bevacizumab 7.5mg/kg week 1,repeat weeks 4,7,10 (cycles 2, 3, &amp; 4)</description>
    <arm_group_label>Biochemo + Bevacizumab then Ipilimumab</arm_group_label>
    <other_name>Avastin,</other_name>
    <other_name>Temodar,</other_name>
    <other_name>Platinol,</other_name>
    <other_name>Velban,</other_name>
    <other_name>interleukin-2,</other_name>
    <other_name>Intron-A,</other_name>
    <other_name>Yervoy</other_name>
  </intervention>
  <eligibility>
    <criteria>
      <textblock>
        Inclusion Criteria:&#xD;
&#xD;
          1. Stage 4 or unresectable stage 3 metastatic melanoma with or without measurable disease&#xD;
&#xD;
          2. Age 18-70 years old&#xD;
&#xD;
          3. Adequate pulmonary and cardiac function for high-dose IL-2&#xD;
&#xD;
          4. PS 0-2&#xD;
&#xD;
          5. Previous ipilimumab therapy will not exclude patients, but patients with previous&#xD;
             ipilimumab will have separate efficacy analysis&#xD;
&#xD;
        Exclusion Criteria:&#xD;
&#xD;
          1. Brain metastases&#xD;
&#xD;
          2. Creatinine &gt; 2x ULN; bilirubin &gt; 3, WBC &lt; 3500, Platelets &lt; 100,000, Hgb &lt; 9&#xD;
&#xD;
          3. Another active malignancy&#xD;
&#xD;
          4. Gastrointestinal tract metastases except rectal metastases or primary are allowable&#xD;
&#xD;
          5. Previous therapy for metastatic disease with chemotherapy of duration over 3 months or&#xD;
             with high-dose interleukin-2&#xD;
&#xD;
          6. History of colitis or autoimmune disease such as lupus or rheumatoid arthritis&#xD;
&#xD;
          7. Bevacizumab-related contraindications: Hemoptysis or history of severe bleeding,&#xD;
             uncontrolled hypertension, proteinuria with protein/creatinine ratio &gt; 1, acute&#xD;
             myocardial infarction within 6 months&#xD;
      </textblock>
    </criteria>
    <gender>All</gender>
    <minimum_age>18 Years</minimum_age>
    <maximum_age>N/A</maximum_age>
    <healthy_volunteers>No</healthy_volunteers>
  </eligibility>
  <overall_official>
    <last_name>David R Minor, MD</last_name>
    <role>Principal Investigator</role>
    <affiliation>California Pacific Medical Center</affiliation>
  </overall_official>
  <location>
    <facility>
      <name>San Francisco Oncology Associates</name>
      <address>
        <city>San Francisco</city>
        <state>California</state>
        <zip>94115</zip>
        <country>United States</country>
      </address>
    </facility>
  </location>
  <location_countries>
    <country>United States</country>
  </location_countries>
  <results_reference>
    <citation>3. Minor DR, Wang W, Kashani-Sabet: Concurrent bevacizumab (BEV) with biochemotherapy (BIO) followed by ipilimumab for advanced melanoma: a phase I-II trial. J Clin Onc 2013 (suppl; abstr e200001)</citation>
  </results_reference>
  <verification_date>August 2013</verification_date>
  <study_first_submitted>April 4, 2011</study_first_submitted>
  <study_first_submitted_qc>December 4, 2012</study_first_submitted_qc>
  <study_first_posted type="Estimate">December 6, 2012</study_first_posted>
  <last_update_submitted>August 28, 2013</last_update_submitted>
  <last_update_submitted_qc>August 28, 2013</last_update_submitted_qc>
  <last_update_posted type="Estimate">August 29, 2013</last_update_posted>
  <responsible_party>
    <responsible_party_type>Principal Investigator</responsible_party_type>
    <investigator_affiliation>California Pacific Medical Center Research Institute</investigator_affiliation>
    <investigator_full_name>David Minor, MD</investigator_full_name>
    <investigator_title>Medical Doctor</investigator_title>
  </responsible_party>
  <condition_browse>
    <!-- CAUTION:  The following MeSH terms are assigned with an imperfect algorithm            -->
    <mesh_term>Melanoma</mesh_term>
  </condition_browse>
  <intervention_browse>
    <!-- CAUTION:  The following MeSH terms are assigned with an imperfect algorithm            -->
    <mesh_term>Bevacizumab</mesh_term>
    <mesh_term>Ipilimumab</mesh_term>
    <mesh_term>Interleukin-2</mesh_term>
  </intervention_browse>
  <pending_results>
    <submitted>March 16, 2015</submitted>
    <returned>March 25, 2015</returned>
    <submitted>July 25, 2016</submitted>
    <submission_canceled>Unknown</submission_canceled>
    <submitted>July 28, 2016</submitted>
    <returned>September 14, 2016</returned>
  </pending_results>
  <!-- Results have not yet been posted for this study                                          -->
</clinical_study>

