<?xml version="1.0" encoding="UTF-8"?>
<clinical_study rank="134">
  <!-- This xml conforms to an XML Schema at:
    https://clinicaltrials.gov/ct2/html/images/info/public.xsd -->
  <required_header>
    <download_date>ClinicalTrials.gov processed this data on February 06, 2024</download_date>
    <link_text>Link to the current ClinicalTrials.gov record.</link_text>
    <url>https://clinicaltrials.gov/ct2/show/NCT02907827</url>
  </required_header>
  <id_info>
    <org_study_id>2014-BN-002</org_study_id>
    <nct_id>NCT02907827</nct_id>
  </id_info>
  <brief_title>Whole-body DW-MRI and cfDNA Analysis for the Surveillance of Melanoma Patients at High Risk for Recurrence.</brief_title>
  <acronym>DW-MRi</acronym>
  <official_title>Whole-body Diffusion-weighted Magnetic Resonance Imaging and cfDNA Analysis for the Surveillance of Melanoma Patients at High Risk for Recurrence Following Surgery or Systemic Therapy</official_title>
  <sponsors>
    <lead_sponsor>
      <agency>Universitair Ziekenhuis Brussel</agency>
      <agency_class>Other</agency_class>
    </lead_sponsor>
  </sponsors>
  <source>Universitair Ziekenhuis Brussel</source>
  <oversight_info>
    <has_dmc>No</has_dmc>
  </oversight_info>
  <brief_summary>
    <textblock>
      Patients with locally advanced melanoma are at high risk for recurrence following surgical&#xD;
      treatment. More patients with stage IV melanoma remain in complete remission following&#xD;
      systemic therapy. No standards have been established for the surveillance of patients at high&#xD;
      risk for recurrence. Whole-body diffusion-weighted magnetic resonance imaging and cfDNA&#xD;
      analysis of blood are innovative imaging and laboratory investigations that may be of benefit&#xD;
      for early detection of recurrence in this patient population.&#xD;
    </textblock>
  </brief_summary>
  <detailed_description>
    <textblock>
      Cutaneous melanoma is the most aggressive form of skin cancer. Melanoma is the malignant&#xD;
      cancer that originates from the melanocytes of the body (= pigmented cells of the body).&#xD;
      Melanoma can originate from the melanocytes that are present in the skin, mucosa, or the uvea&#xD;
      of the eye.&#xD;
&#xD;
      The incidence of melanoma is continuing to rise at a rate exceeding all other cancers. Every&#xD;
      year approximately 132,000 and 1,000 people will be diagnosed with melanoma and 37,000 and&#xD;
      250 people are expected to die of the disease respectively worldwide and in Belgium. Surgical&#xD;
      resection is curative for most cases of early identified and localized melanoma (90% long&#xD;
      term survival for stage I disease) . Patients with stage II/III disease are at high risk of&#xD;
      relapse after surgery, even when followed by radiotherapy and adjuvant IFN alfa-2b therapy&#xD;
      (the risk of recurrence for these patients is 60% to 75%).&#xD;
&#xD;
      In 2010 Romano et al. published a study evaluating the time to relapse and the site of&#xD;
      relapse in 340 patients (Figure 1: relapse free survival of all 340 patients with substages&#xD;
      IIIA,IIIB and IIIc). Patients and/or family members discovered 62% of local and in-transit&#xD;
      recurrences and 49% of nodal recurrences. Only 37% of patients whose first recurrence was&#xD;
      systemic detected the recurrence themselves, either by noticing a new tumor or other symptoms&#xD;
      that led to further evaluation. Physical examination by a physician accounted for the&#xD;
      detection of 36% of the local and in-transit recurrences, Twenty-six percent of nodal&#xD;
      recurrences were detected by physicians however only in 9% systemic recurrences did they&#xD;
      discover systemic recurrence. In the remaining 63% of patients whose first detectable relapse&#xD;
      was systemic, the relapse was asymptomatic. Radiographic tests, largely CT scans (72%),&#xD;
      detected asymptomatic systemic relapses in 53% (n_87) of these patients. This study also&#xD;
      demonstrated the benefit of identifying early relaps, since symptomatic relapses, as opposed&#xD;
      to relapses discovered by physical examination or radiographic imaging, were associated with&#xD;
      shorter survival. And confirming that a recurrence that could be completely resected was&#xD;
      associated with longer survival (relative risk_2.31; 95% CI, 1.68 to 3.18; P_.001).&#xD;
&#xD;
      In the last several years the therapeutic landscape of melanoma has changed. The introduction&#xD;
      of immunotherapy has increased the life expectancy for melanoma stage IV patients and even&#xD;
      has the possibility for cure of the disease. This changes the need in screening. Since no&#xD;
      therapeutic options were available, there was no need for a strict follow-up. The primary&#xD;
      objective of follow-up in these patients with melanoma was to identify potentially curable&#xD;
      locoregional recurrences and second primary cancers. Optimal follow-up strategies and&#xD;
      intervals have not been determined, and there is no consensus. At a minimum, patients should&#xD;
      undergo an annual routine physical examination, including a full skin assessment and&#xD;
      palpation of the regional lymph nodes. The role of imaging in the follow-up of high risk&#xD;
      patients is not clear. Since the introduction of newer therapies, the need for a more closer&#xD;
      follow-up has emerged as well.&#xD;
&#xD;
      The outcome of patients with stage IV disease is grim with less than 50% of patients&#xD;
      surviving for more than 12 months. Short-lived tumor responses are obtained in about 10-20%&#xD;
      of patients treated with DTIC chemotherapy but no randomized trial could demonstrate a&#xD;
      survival benefit for more complex chemotherapy regimens or so-called bio-chemotherapy&#xD;
      regimens despite higher response rates.&#xD;
&#xD;
      In march 2011 a CTLA-4 inhibitor, Ipilimumab (Yervoy), was aproved by the FDA. It was the&#xD;
      first treatment to prove a survival benefit in melanoma patients. An interesting aspect about&#xD;
      the treatment with Ipilimumab is the plateau seen after 2 years.This plateau represents&#xD;
      patient with a long term survival benefit of Ipilimumab and even the possibility of 'cure'.&#xD;
      The patients in this population now undergo repeated imaging with PET CT and/or CT. This&#xD;
      leads to a high radiation burden for this patients. The DW-MRI could in this population have&#xD;
      a benefit.&#xD;
    </textblock>
  </detailed_description>
  <overall_status>Recruiting</overall_status>
  <start_date>November 2014</start_date>
  <completion_date type="Anticipated">November 2025</completion_date>
  <primary_completion_date type="Anticipated">November 2025</primary_completion_date>
  <phase>N/A</phase>
  <study_type>Interventional</study_type>
  <has_expanded_access>No</has_expanded_access>
  <study_design_info>
    <allocation>Non-Randomized</allocation>
    <intervention_model>Parallel Assignment</intervention_model>
    <primary_purpose>Screening</primary_purpose>
    <masking>None (Open Label)</masking>
  </study_design_info>
  <primary_outcome>
    <measure>explorative evaluation of the use of DWMRI in the follow-up of high risk melanoma patients</measure>
    <time_frame>5years</time_frame>
  </primary_outcome>
  <secondary_outcome>
    <measure>• Distant metastasis-free survival (for stage III patients only), overall survival</measure>
    <time_frame>5years</time_frame>
  </secondary_outcome>
  <secondary_outcome>
    <measure>• Registration of the nature and result of salvage therapies offered at the time of detection of recurrence/progression</measure>
    <time_frame>5 years</time_frame>
  </secondary_outcome>
  <secondary_outcome>
    <measure>• Explore the correlation of cfDNA measurements and the clinical or MRI based diagnosis of recurrence/progression</measure>
    <time_frame>5years</time_frame>
  </secondary_outcome>
  <number_of_arms>2</number_of_arms>
  <enrollment type="Anticipated">100</enrollment>
  <condition>Melanoma</condition>
  <arm_group>
    <arm_group_label>stage IV melanoma CR&gt;3years</arm_group_label>
    <arm_group_type>Experimental</arm_group_type>
    <description>Stage IV: Complete remission for more than 3 years, confirmed by most recent CT or PET-CT imaging</description>
  </arm_group>
  <arm_group>
    <arm_group_label>Stage III Melanoma</arm_group_label>
    <arm_group_type>Experimental</arm_group_type>
    <description>AJCC Stage III: No evidence of disease on most recent CT or PET-CT imaging</description>
  </arm_group>
  <intervention>
    <intervention_type>Other</intervention_type>
    <intervention_name>follow up DW MRI</intervention_name>
    <description>Whole-body diffusion-weighted magnetic resonance imaging and cfDNA analysis</description>
    <arm_group_label>Stage III Melanoma</arm_group_label>
    <arm_group_label>stage IV melanoma CR&gt;3years</arm_group_label>
    <other_name>cfDNA</other_name>
  </intervention>
  <eligibility>
    <criteria>
      <textblock>
        Inclusion Criteria:&#xD;
&#xD;
          -  Histologically confirmed malignant melanoma;&#xD;
&#xD;
          -  AJCC Stage III: No evidence of disease on most recent CT or PET-CT imaging&#xD;
&#xD;
          -  Stage IV: Complete remission for more than 3 years, confirmed by most recent CT or&#xD;
             PET-CT imaging&#xD;
&#xD;
        Exclusion Criteria:&#xD;
&#xD;
          -  Contra-indication for MRI: pacemaker, metallic foreign body in eye, recent operation&#xD;
             with prosthetic material (&lt; 6weken)&#xD;
&#xD;
          -  Claustrophobia&#xD;
&#xD;
          -  Metallic devices implanted such as hip prostheses, since this can alter the imaging&#xD;
             quality&#xD;
      </textblock>
    </criteria>
    <gender>All</gender>
    <minimum_age>18 Years</minimum_age>
    <maximum_age>N/A</maximum_age>
    <healthy_volunteers>Accepts Healthy Volunteers</healthy_volunteers>
  </eligibility>
  <overall_official>
    <last_name>Bart Neyns, Md Phd</last_name>
    <role>Principal Investigator</role>
    <affiliation>Universitair Ziekenhuis Brussel</affiliation>
  </overall_official>
  <overall_contact>
    <last_name>Bart Neyns, MD Phd</last_name>
    <phone>02 477 60 40</phone>
    <email>bart.neyns@uzbrussel.be</email>
  </overall_contact>
  <overall_contact_backup>
    <last_name>Yanina JL Jansen, MD</last_name>
    <phone>02 477 91 23</phone>
    <email>yanina.jansen@uzbrussel.be</email>
  </overall_contact_backup>
  <location>
    <facility>
      <name>UZ Brussel</name>
      <address>
        <city>Jette</city>
        <state>Brabant</state>
        <zip>1090</zip>
        <country>Belgium</country>
      </address>
    </facility>
    <status>Recruiting</status>
    <contact>
      <last_name>Bart Neyns, Phd,Md</last_name>
      <phone>0032(0)2477 64 15</phone>
      <email>bart.neyns@uzbrussel.be</email>
    </contact>
    <investigator>
      <last_name>Bart Neyns, Phd,Md</last_name>
      <role>Principal Investigator</role>
    </investigator>
  </location>
  <location>
    <facility>
      <name>UZ Brussel</name>
      <address>
        <city>Brussels</city>
        <zip>1090</zip>
        <country>Belgium</country>
      </address>
    </facility>
    <status>Recruiting</status>
    <contact>
      <last_name>Katrien Vandenbossche, study nurse</last_name>
      <phone>0032 2 477 54 47</phone>
      <email>katrien.vandenbossche@uzbrussel.be</email>
    </contact>
  </location>
  <location_countries>
    <country>Belgium</country>
  </location_countries>
  <verification_date>December 2020</verification_date>
  <study_first_submitted>September 14, 2016</study_first_submitted>
  <study_first_submitted_qc>September 14, 2016</study_first_submitted_qc>
  <study_first_posted type="Estimate">September 20, 2016</study_first_posted>
  <last_update_submitted>December 16, 2020</last_update_submitted>
  <last_update_submitted_qc>December 16, 2020</last_update_submitted_qc>
  <last_update_posted type="Actual">December 17, 2020</last_update_posted>
  <responsible_party>
    <responsible_party_type>Sponsor</responsible_party_type>
  </responsible_party>
  <keyword>complete remission</keyword>
  <keyword>cfDNA</keyword>
  <keyword>DW-MRI</keyword>
  <keyword>surveillance</keyword>
  <condition_browse>
    <!-- CAUTION:  The following MeSH terms are assigned with an imperfect algorithm            -->
    <mesh_term>Melanoma</mesh_term>
    <mesh_term>Recurrence</mesh_term>
  </condition_browse>
  <patient_data>
    <sharing_ipd>Yes</sharing_ipd>
    <ipd_description>anonymous</ipd_description>
  </patient_data>
  <!-- Results have not yet been posted for this study                                          -->
</clinical_study>

