<?xml version="1.0" encoding="UTF-8"?>
<clinical_study rank="301">
  <!-- This xml conforms to an XML Schema at:
    https://clinicaltrials.gov/ct2/html/images/info/public.xsd -->
  <required_header>
    <download_date>ClinicalTrials.gov processed this data on February 06, 2024</download_date>
    <link_text>Link to the current ClinicalTrials.gov record.</link_text>
    <url>https://clinicaltrials.gov/ct2/show/NCT00596362</url>
  </required_header>
  <id_info>
    <org_study_id>07-040</org_study_id>
    <nct_id>NCT00596362</nct_id>
  </id_info>
  <brief_title>Treatment With Intravitreal Avastin for Large Uveal Melanomas</brief_title>
  <official_title>Neoadjuvant Treatment With Intravitreal Avastin for Large Uveal Melanomas</official_title>
  <sponsors>
    <lead_sponsor>
      <agency>Memorial Sloan Kettering Cancer Center</agency>
      <agency_class>Other</agency_class>
    </lead_sponsor>
  </sponsors>
  <source>Memorial Sloan Kettering Cancer Center</source>
  <brief_summary>
    <textblock>
      The purpose of this study is to test the safety and effectiveness of Avastin introduced into&#xD;
      the inside of the eyeball in causing shrinkage of the uveal melanoma (tumor of the eye).&#xD;
      Avastin is an anti-cancer drug specially designed to shrink blood vessels within tumors.&#xD;
    </textblock>
  </brief_summary>
  <overall_status>Completed</overall_status>
  <start_date>April 2007</start_date>
  <completion_date type="Actual">June 2008</completion_date>
  <primary_completion_date type="Actual">June 2008</primary_completion_date>
  <phase>N/A</phase>
  <study_type>Interventional</study_type>
  <has_expanded_access>No</has_expanded_access>
  <study_design_info>
    <allocation>N/A</allocation>
    <intervention_model>Single Group Assignment</intervention_model>
    <primary_purpose>Treatment</primary_purpose>
    <masking>None (Open Label)</masking>
  </study_design_info>
  <primary_outcome>
    <measure>The Response of Intravitreal Avastin in Causing a Clinically Significant Reduction in Uveal Melanoma Tumor Size (Base Height and Volume).</measure>
    <time_frame>At conclusion of study, up to 5 days</time_frame>
    <description>Per Response Evaluation Criteria In Solid Tumors Criteria (RECIST v1.0) for target lesions and assessed by MRI: Complete Response, Disappearance of all target lesions; Partial Response, &gt;=30% decrease in the sum of the longest diameter of target lesions; Progressive Disease, 20% increase in the sum of the longest diameter of target lesions, or a measurable increase in a non-target lesion, or the appearance of new lesions; Stable Disease: neither sufficient decrease in the sum of the longest diameter of target lesions to qualify for partial response nor sufficient increase in the sum of the longest diameter of target lesions to qualify for progressive disease</description>
  </primary_outcome>
  <number_of_arms>1</number_of_arms>
  <enrollment type="Actual">1</enrollment>
  <condition>Uveal Melanoma</condition>
  <arm_group>
    <arm_group_label>1</arm_group_label>
    <arm_group_type>Experimental</arm_group_type>
    <description>AVASTIN</description>
  </arm_group>
  <intervention>
    <intervention_type>Drug</intervention_type>
    <intervention_name>AVASTIN</intervention_name>
    <description>a single injection of Avastin at the outpatient clinic. This will be done as follows: the pupil in the eye being treated will be enlarged with a liquid solution. Thirty minutes later, a numbing solution and then a cleansing solution will be put in to the eye. Finally, an injection of Avastin will be given into the eye. Right after this injection, your eye will be examined by your doctor. The pressure in your eye will also be tested before and after the injection. Patients will use antibiotic drops for 5 days following the injection. Following the injection, you will have weekly examinations for four weeks in the office.</description>
    <arm_group_label>1</arm_group_label>
  </intervention>
  <eligibility>
    <criteria>
      <textblock>
        Inclusion Criteria:&#xD;
&#xD;
          -  Patients diagnosed with large uveal melanomas who elect to undergo enucleation.&#xD;
&#xD;
          -  Patients diagnosed with uveal melanomas with tumor thickness &gt; 10 mm or basal diameter&#xD;
             &gt; 16 mm, as measured by ultrasound examination, funduscopic examination, or&#xD;
             transillumination.&#xD;
&#xD;
        Exclusion Criteria:&#xD;
&#xD;
          -  Cases that do not meet the above criteria for tumor size will be ineligible to&#xD;
             participate in the study.&#xD;
&#xD;
          -  Patients with history of metastatic cancer (other than melanoma).&#xD;
&#xD;
          -  Patients not able to provide consent for the study.&#xD;
&#xD;
          -  Patients with clinical or radiographic evidence of extraocular extension of the tumor.&#xD;
&#xD;
          -  Patients with a previous history of an adverse reaction to intravitreal injection.&#xD;
&#xD;
          -  Patients with a poor view of the fundus due to cataract or vitreous hemorrhage.&#xD;
&#xD;
          -  Patients with intravitreal silicone oil or gas tamponade.&#xD;
&#xD;
          -  Patients &lt; 18 years of age.&#xD;
&#xD;
          -  Women known to be pregnant.&#xD;
      </textblock>
    </criteria>
    <gender>All</gender>
    <minimum_age>18 Years</minimum_age>
    <maximum_age>N/A</maximum_age>
    <healthy_volunteers>No</healthy_volunteers>
  </eligibility>
  <overall_official>
    <last_name>David Abramson, MD</last_name>
    <role>Principal Investigator</role>
    <affiliation>Memorial Sloan Kettering Cancer Center</affiliation>
  </overall_official>
  <location>
    <facility>
      <name>Memorial Sloan Kettering Cancer Center</name>
      <address>
        <city>New York</city>
        <state>New York</state>
        <zip>10065</zip>
        <country>United States</country>
      </address>
    </facility>
  </location>
  <location_countries>
    <country>United States</country>
  </location_countries>
  <link>
    <url>http://www.mskcc.org</url>
    <description>Memorial Sloan Kettering Cancer Center</description>
  </link>
  <verification_date>May 2016</verification_date>
  <study_first_submitted>January 8, 2008</study_first_submitted>
  <study_first_submitted_qc>January 8, 2008</study_first_submitted_qc>
  <study_first_posted type="Estimate">January 17, 2008</study_first_posted>
  <results_first_submitted>March 31, 2015</results_first_submitted>
  <results_first_submitted_qc>March 31, 2015</results_first_submitted_qc>
  <results_first_posted type="Estimate">April 14, 2015</results_first_posted>
  <last_update_submitted>May 16, 2016</last_update_submitted>
  <last_update_submitted_qc>May 16, 2016</last_update_submitted_qc>
  <last_update_posted type="Estimate">June 17, 2016</last_update_posted>
  <responsible_party>
    <responsible_party_type>Sponsor</responsible_party_type>
  </responsible_party>
  <keyword>Melanoma</keyword>
  <keyword>Eye</keyword>
  <keyword>Avastin</keyword>
  <condition_browse>
    <!-- CAUTION:  The following MeSH terms are assigned with an imperfect algorithm            -->
    <mesh_term>Melanoma</mesh_term>
    <mesh_term>Uveal Neoplasms</mesh_term>
  </condition_browse>
  <intervention_browse>
    <!-- CAUTION:  The following MeSH terms are assigned with an imperfect algorithm            -->
    <mesh_term>Bevacizumab</mesh_term>
  </intervention_browse>

  <clinical_results>

    <participant_flow>
      <recruitment_details>Protocol Open to Accrual: 04/10/2007&#xD;
Protocol Closed to Accrual: 05/13/2008&#xD;
Primary Completion Date (if applicable) 05/13/2008&#xD;
Recruitment Location is the medical clinic</recruitment_details>
      <group_list>
        <group group_id="P1">
          <title>AVASTIN</title>
          <description>AVASTIN: a single injection of Avastin at the outpatient clinic. This will be done as follows: the pupil in the eye being treated will be enlarged with a liquid solution. Thirty minutes later, a numbing solution and then a cleansing solution will be put in to the eye. Finally, an injection of Avastin will be given into the eye. Right after this injection, your eye will be examined by your doctor. The pressure in your eye will also be tested before and after the injection. Patients will use antibiotic drops for 5 days following the injection. Following the injection, you will have weekly examinations for four weeks in the office.</description>
        </group>
      </group_list>
      <period_list>
        <period>
          <title>Overall Study</title>
          <milestone_list>
            <milestone>
              <title>STARTED</title>
              <participants_list>
                <participants group_id="P1" count="1"/>
              </participants_list>
            </milestone>
            <milestone>
              <title>COMPLETED</title>
              <participants_list>
                <participants group_id="P1" count="0"/>
              </participants_list>
            </milestone>
            <milestone>
              <title>NOT COMPLETED</title>
              <participants_list>
                <participants group_id="P1" count="1"/>
              </participants_list>
            </milestone>
          </milestone_list>
          <drop_withdraw_reason_list>
            <drop_withdraw_reason>
              <title>Progressive Disease</title>
              <participants_list>
                <participants group_id="P1" count="1"/>
              </participants_list>
            </drop_withdraw_reason>
          </drop_withdraw_reason_list>
        </period>
      </period_list>
    </participant_flow>

    <baseline>
      <group_list>
        <group group_id="B1">
          <title>AVASTIN</title>
          <description>AVASTIN: a single injection of Avastin at the outpatient clinic. This will be done as follows: the pupil in the eye being treated will be enlarged with a liquid solution. Thirty minutes later, a numbing solution and then a cleansing solution will be put in to the eye. Finally, an injection of Avastin will be given into the eye. Right after this injection, your eye will be examined by your doctor. The pressure in your eye will also be tested before and after the injection. Patients will use antibiotic drops for 5 days following the injection. Following the injection, you will have weekly examinations for four weeks in the office.</description>
        </group>
      </group_list>
      <analyzed_list>
        <analyzed>
          <units>Participants</units>
          <scope>Overall</scope>
          <count_list>
            <count group_id="B1" value="1"/>
          </count_list>
        </analyzed>
      </analyzed_list>
      <measure_list>
        <measure>
          <title>Age</title>
          <units>Participants</units>
          <param>Count of Participants</param>
          <class_list>
            <class>
              <category_list>
                <category>
                  <title>&lt;=18 years</title>
                  <measurement_list>
                    <measurement group_id="B1" value="0"/>
                  </measurement_list>
                </category>
                <category>
                  <title>Between 18 and 65 years</title>
                  <measurement_list>
                    <measurement group_id="B1" value="1"/>
                  </measurement_list>
                </category>
                <category>
                  <title>&gt;=65 years</title>
                  <measurement_list>
                    <measurement group_id="B1" value="0"/>
                  </measurement_list>
                </category>
              </category_list>
            </class>
          </class_list>
        </measure>
        <measure>
          <title>Sex: Female, Male</title>
          <units>Participants</units>
          <param>Count of Participants</param>
          <class_list>
            <class>
              <category_list>
                <category>
                  <title>Female</title>
                  <measurement_list>
                    <measurement group_id="B1" value="0"/>
                  </measurement_list>
                </category>
                <category>
                  <title>Male</title>
                  <measurement_list>
                    <measurement group_id="B1" value="1"/>
                  </measurement_list>
                </category>
              </category_list>
            </class>
          </class_list>
        </measure>
        <measure>
          <title>Region of Enrollment</title>
          <units>participants</units>
          <param>Number</param>
          <class_list>
            <class>
              <title>United States</title>
              <category_list>
                <category>
                  <measurement_list>
                    <measurement group_id="B1" value="1"/>
                  </measurement_list>
                </category>
              </category_list>
            </class>
          </class_list>
        </measure>
      </measure_list>
    </baseline>

    <outcome_list>
      <outcome>
        <type>Primary</type>
        <title>The Response of Intravitreal Avastin in Causing a Clinically Significant Reduction in Uveal Melanoma Tumor Size (Base Height and Volume).</title>
        <description>Per Response Evaluation Criteria In Solid Tumors Criteria (RECIST v1.0) for target lesions and assessed by MRI: Complete Response, Disappearance of all target lesions; Partial Response, &gt;=30% decrease in the sum of the longest diameter of target lesions; Progressive Disease, 20% increase in the sum of the longest diameter of target lesions, or a measurable increase in a non-target lesion, or the appearance of new lesions; Stable Disease: neither sufficient decrease in the sum of the longest diameter of target lesions to qualify for partial response nor sufficient increase in the sum of the longest diameter of target lesions to qualify for progressive disease</description>
        <time_frame>At conclusion of study, up to 5 days</time_frame>
        <group_list>
          <group group_id="O1">
            <title>AVASTIN</title>
            <description>AVASTIN: a single injection of Avastin at the outpatient clinic. This will be done as follows: the pupil in the eye being treated will be enlarged with a liquid solution. Thirty minutes later, a numbing solution and then a cleansing solution will be put in to the eye. Finally, an injection of Avastin will be given into the eye. Right after this injection, your eye will be examined by your doctor. The pressure in your eye will also be tested before and after the injection. Patients will use antibiotic drops for 5 days following the injection. Following the injection, you will have weekly examinations for four weeks in the office.</description>
          </group>
        </group_list>
        <measure>
          <title>The Response of Intravitreal Avastin in Causing a Clinically Significant Reduction in Uveal Melanoma Tumor Size (Base Height and Volume).</title>
          <description>Per Response Evaluation Criteria In Solid Tumors Criteria (RECIST v1.0) for target lesions and assessed by MRI: Complete Response, Disappearance of all target lesions; Partial Response, &gt;=30% decrease in the sum of the longest diameter of target lesions; Progressive Disease, 20% increase in the sum of the longest diameter of target lesions, or a measurable increase in a non-target lesion, or the appearance of new lesions; Stable Disease: neither sufficient decrease in the sum of the longest diameter of target lesions to qualify for partial response nor sufficient increase in the sum of the longest diameter of target lesions to qualify for progressive disease</description>
          <units>participants</units>
          <param>Number</param>
          <analyzed_list>
            <analyzed>
              <units>Participants</units>
              <scope>Measure</scope>
              <count_list>
                <count group_id="O1" value="1"/>
              </count_list>
            </analyzed>
          </analyzed_list>
          <class_list>
            <class>
              <title>Progression of Disease</title>
              <category_list>
                <category>
                  <measurement_list>
                    <measurement group_id="O1" value="1"/>
                  </measurement_list>
                </category>
              </category_list>
            </class>
            <class>
              <title>Complete Response</title>
              <category_list>
                <category>
                  <measurement_list>
                    <measurement group_id="O1" value="0"/>
                  </measurement_list>
                </category>
              </category_list>
            </class>
            <class>
              <title>Partial Response</title>
              <category_list>
                <category>
                  <measurement_list>
                    <measurement group_id="O1" value="0"/>
                  </measurement_list>
                </category>
              </category_list>
            </class>
            <class>
              <title>Stable Disease</title>
              <category_list>
                <category>
                  <measurement_list>
                    <measurement group_id="O1" value="0"/>
                  </measurement_list>
                </category>
              </category_list>
            </class>
          </class_list>
        </measure>
      </outcome>
    </outcome_list>

    <reported_events>
      <group_list>
        <group group_id="E1">
          <title>AVASTIN</title>
          <description>AVASTIN: a single injection of Avastin at the outpatient clinic. This will be done as follows: the pupil in the eye being treated will be enlarged with a liquid solution. Thirty minutes later, a numbing solution and then a cleansing solution will be put in to the eye. Finally, an injection of Avastin will be given into the eye. Right after this injection, your eye will be examined by your doctor. The pressure in your eye will also be tested before and after the injection. Patients will use antibiotic drops for 5 days following the injection. Following the injection, you will have weekly examinations for four weeks in the office.</description>
        </group>
      </group_list>
      <serious_events>
        <category_list>
          <category>
            <title>Total</title>
            <event_list>
              <event>
                <sub_title>Total, serious adverse events</sub_title>
                <counts group_id="E1" subjects_affected="0" subjects_at_risk="1"/>
              </event>
            </event_list>
          </category>
        </category_list>
      </serious_events>
      <other_events>
        <frequency_threshold>0</frequency_threshold>
        <category_list>
          <category>
            <title>Total</title>
            <event_list>
              <event>
                <sub_title>Total, other adverse events</sub_title>
                <counts group_id="E1" subjects_affected="0" subjects_at_risk="1"/>
              </event>
            </event_list>
          </category>
        </category_list>
      </other_events>
    </reported_events>

    <certain_agreements>
      <pi_employee>All Principal Investigators ARE employed by the organization sponsoring the study.</pi_employee>
      <restrictive_agreement>There is NOT an agreement between Principal Investigators and the Sponsor (or its agents) that restricts the PI's rights to discuss or publish trial results after the trial is completed. </restrictive_agreement>
    </certain_agreements>
    <point_of_contact>
      <name_or_title>Dr. David Abramson</name_or_title>
      <organization>Memorial Sloan Kettering Cancer Center</organization>
      <phone>212-639-7232</phone>
      <email>abramsod@mskcc.org</email>
    </point_of_contact>
  </clinical_results>
</clinical_study>

