<?xml version="1.0" encoding="UTF-8"?>
<clinical_study rank="261">
  <!-- This xml conforms to an XML Schema at:
    https://clinicaltrials.gov/ct2/html/images/info/public.xsd -->
  <required_header>
    <download_date>ClinicalTrials.gov processed this data on February 06, 2024</download_date>
    <link_text>Link to the current ClinicalTrials.gov record.</link_text>
    <url>https://clinicaltrials.gov/ct2/show/NCT06240143</url>
  </required_header>
  <id_info>
    <org_study_id>M23MAR</org_study_id>
    <nct_id>NCT06240143</nct_id>
  </id_info>
  <brief_title>Intradermal Ipilimumab and Nivolumab in High Risk Stage II Melanoma</brief_title>
  <acronym>MARIANE</acronym>
  <official_title>Multicenter Phase 1b/2 Trial Testing Neoadjuvant Intradermal Ipilimumab and Nivolumab in High Risk Stage II Melanoma - MARIANE</official_title>
  <sponsors>
    <lead_sponsor>
      <agency>The Netherlands Cancer Institute</agency>
      <agency_class>Other</agency_class>
    </lead_sponsor>
  </sponsors>
  <source>The Netherlands Cancer Institute</source>
  <oversight_info>
    <has_dmc>Yes</has_dmc>
    <is_fda_regulated_drug>No</is_fda_regulated_drug>
    <is_fda_regulated_device>No</is_fda_regulated_device>
    <is_us_export>No</is_us_export>
  </oversight_info>
  <brief_summary>
    <textblock>
      This open label, single country trial will test if local injection of low-dose ipilimumab and&#xD;
      nivolumab, is safe and reduces the sentinel node positivity in high-risk stage II melanoma&#xD;
      patients.&#xD;
    </textblock>
  </brief_summary>
  <overall_status>Not yet recruiting</overall_status>
  <start_date type="Anticipated">February 2024</start_date>
  <completion_date type="Anticipated">May 2026</completion_date>
  <primary_completion_date type="Anticipated">February 2026</primary_completion_date>
  <phase>Phase 1/Phase 2</phase>
  <study_type>Interventional</study_type>
  <has_expanded_access>No</has_expanded_access>
  <study_design_info>
    <allocation>Non-Randomized</allocation>
    <intervention_model>Sequential Assignment</intervention_model>
    <intervention_model_description>Simon's two-stage design</intervention_model_description>
    <primary_purpose>Treatment</primary_purpose>
    <masking>None (Open Label)</masking>
  </study_design_info>
  <primary_outcome>
    <measure>Feasibility</measure>
    <time_frame>Up to 100 days after treatment</time_frame>
    <description>Feasibility as measured by the adherence to the timelines in the study protocol. A treatment arm will be declared as not feasible if 2/7 or 5/20 patients cannot adhere to the planned time of surgery due to treatment-related adverse events.</description>
  </primary_outcome>
  <primary_outcome>
    <measure>Effectivity</measure>
    <time_frame>Up to 5 years after randomization</time_frame>
    <description>Pathological response as assessed by blinded central review, adapted from the INMC criteria, including pCR, near-pCR, or pPR (0-50% residual viable tumor in resection material), or sentinel node negativity for melanoma.</description>
  </primary_outcome>
  <secondary_outcome>
    <measure>treatment-related adverse events</measure>
    <time_frame>Up to 5 years after randomization</time_frame>
    <description>Frequency and duration of all grade and grade 3-5, treatment-related adverse events according to CTCAE 5.0;.</description>
  </secondary_outcome>
  <secondary_outcome>
    <measure>EFS</measure>
    <time_frame>Up to 5 years after randomization</time_frame>
    <description>defined as time from randomization to melanoma progression (irresectable stage II or III, or stage IV disease), melanoma recurrence, treatment-related death, or melanoma-related death, whichever occurs first;</description>
  </secondary_outcome>
  <secondary_outcome>
    <measure>DMFS</measure>
    <time_frame>Up to 5 years after randomization</time_frame>
    <description>defined as time between date of surgery (re-excision and SN-procedure) and date of first distant metastasis, treatment-related death or melanoma-related death, whichever occurs first;</description>
  </secondary_outcome>
  <secondary_outcome>
    <measure>OS</measure>
    <time_frame>Up to 5 years after randomization</time_frame>
    <description>defined as time between date of randomization and date of death;</description>
  </secondary_outcome>
  <number_of_arms>4</number_of_arms>
  <enrollment type="Anticipated">80</enrollment>
  <condition>Melanoma</condition>
  <arm_group>
    <arm_group_label>A</arm_group_label>
    <arm_group_type>Experimental</arm_group_type>
    <description>2 cycles of intradermal ipilimumab 0.5 mg + nivolumab 1 mg every 3 weeks</description>
  </arm_group>
  <arm_group>
    <arm_group_label>B</arm_group_label>
    <arm_group_type>Experimental</arm_group_type>
    <description>6 cycles of intradermal ipilimumab 0.5 mg + nivolumab 1 mg every week</description>
  </arm_group>
  <arm_group>
    <arm_group_label>C</arm_group_label>
    <arm_group_type>Experimental</arm_group_type>
    <description>2 cycles of intradermal ipilimumab 10 mg + nivolumab 20 mg every 3 weeks</description>
  </arm_group>
  <arm_group>
    <arm_group_label>D</arm_group_label>
    <arm_group_type>Experimental</arm_group_type>
    <description>intradermal ipilimumab + nivolumab according to the optimal intradermal regimen plus 2 cycles of intravenous nivolumab 240mg every 3 weeks</description>
  </arm_group>
  <intervention>
    <intervention_type>Drug</intervention_type>
    <intervention_name>Ipilimumab</intervention_name>
    <description>intradermal</description>
    <arm_group_label>A</arm_group_label>
    <arm_group_label>B</arm_group_label>
    <arm_group_label>C</arm_group_label>
    <arm_group_label>D</arm_group_label>
  </intervention>
  <intervention>
    <intervention_type>Drug</intervention_type>
    <intervention_name>Nivolumab</intervention_name>
    <description>intradermal</description>
    <arm_group_label>A</arm_group_label>
    <arm_group_label>B</arm_group_label>
    <arm_group_label>C</arm_group_label>
    <arm_group_label>D</arm_group_label>
  </intervention>
  <intervention>
    <intervention_type>Drug</intervention_type>
    <intervention_name>Nivolumab</intervention_name>
    <description>intravenous</description>
    <arm_group_label>D</arm_group_label>
  </intervention>
  <eligibility>
    <criteria>
      <textblock>
        Inclusion Criteria:&#xD;
&#xD;
          -  Men and women, at least 18 years of age;&#xD;
&#xD;
          -  World Health Organization (WHO) Performance Status 0 or 1;&#xD;
&#xD;
          -  Histologically confirmed, excised stage IIB or IIC cutaneous melanoma (Breslow&#xD;
             thickness 2.1-4.0mm with ulceration, or Breslow thickness &gt;4.0mm with or without&#xD;
             ulceration; according to AJCC criteria 8th edition);&#xD;
&#xD;
          -  Having ≥50% risk for SN positivity as assessed by the MIA Sentinel Node Metastasis&#xD;
             Risk prediction tool (melanomarisk.org.au/SNLForm)1;&#xD;
&#xD;
          -  Excision of primary melanoma took place ≤4 weeks prior to informed consent;&#xD;
&#xD;
          -  Naïve for re-excision of the primary melanoma site and for sentinel node procedure;&#xD;
&#xD;
          -  No other solid, distantly metastasized malignancies, no hematological malignancies and&#xD;
             no malignancies for which systemic treatment is administered within 6 months prior to&#xD;
             study inclusion;&#xD;
&#xD;
          -  No prior immunotherapy targeting CTLA-4, PD-1, PD-L1 or LAG-3;&#xD;
&#xD;
          -  No prior targeted therapy with BRAF/MEK inhibition;&#xD;
&#xD;
          -  No immunosuppressive medications within 6 months prior to study inclusion (steroids&#xD;
             equivalent to prednisolone ≤10 mg are allowed);&#xD;
&#xD;
          -  Screening laboratory values must meet the following criteria: WBC ≥2.0x109/L,&#xD;
             neutrophils ≥1.5x109/L, platelets ≥100x109/L, hemoglobin ≥5.5 mmol/L, creatinine&#xD;
             ≤1.5xupper limit of normal (ULN), AST ≤1.5x ULN, ALT ≤1.5x ULN, bilirubin ≤1.5x ULN&#xD;
             (except for subjects with Gilbert syndrome who must have a total bilirubin &lt;3.0 mg/dL)&#xD;
&#xD;
          -  LDH level ≤ULN;&#xD;
&#xD;
          -  Women of childbearing potential (WOCP) must use appropriate method(s) of&#xD;
             contraception, i.e. methods with a failure rate of &lt;1% per year when used consistently&#xD;
             and correctly, to avoid pregnancy for 23 weeks post last ipilimumab + nivolumab&#xD;
             infusion;&#xD;
&#xD;
          -  Patient willing and able to understand the protocol requirements and comply with the&#xD;
             treatment schedule, scheduled visits, electronic patient outcome reporting, tumor&#xD;
             biopsies and extra blood withdrawal during screening, and other requirements of the&#xD;
             study;&#xD;
&#xD;
        Exclusion Criteria:&#xD;
&#xD;
          -  Acral, uveal/ocular or mucosal melanoma;&#xD;
&#xD;
          -  A concurrent second, primary melanoma;&#xD;
&#xD;
          -  Regionally or distantly metastasized melanoma, including in-transit metastases and&#xD;
             macroscopic lymph node metastases;&#xD;
&#xD;
          -  No suspect lymph nodes detectable by ultrasound in the draining lymph node region(s);&#xD;
&#xD;
          -  Subjects with any active autoimmune disease or a documented history of autoimmune&#xD;
             disease, or history of syndrome that required systemic steroids or immunosuppressive&#xD;
             medications. Subjects with resolved childhood asthma/atopy, type I diabetes mellitus,&#xD;
             residual hypothyroidism due to autoimmune thyroiditis only requiring hormone&#xD;
             replacement, skin disorders (such as vitiligo, psoriasis, or alopecia) not requiring&#xD;
             systemic treatment, are permitted to enroll;&#xD;
&#xD;
          -  Prior surgery, including prior sentinel node procedure or lymph node dissection, in&#xD;
             the affected lymph node region(s);&#xD;
&#xD;
          -  Prior radiotherapy targeting the affected lymph node region(s);&#xD;
&#xD;
          -  Subjects will be excluded if they test positive for hepatitis B virus surface antigen&#xD;
             (HBsAg) or hepatitis C virus ribonucleic acid (HCV antibody), indicating acute or&#xD;
             chronic infection. Subjects treated and being at least one year free from HCV are&#xD;
             allowed to participate;&#xD;
&#xD;
          -  Subjects will be excluded if they have known history of testing positive for human&#xD;
             immunodeficiency virus (HIV) or known acquired immunodeficiency syndrome (AIDS);&#xD;
&#xD;
          -  Subjects with history of allergy to study drug components or history of severe&#xD;
             hypersensitivity reaction to monoclonal antibodies;&#xD;
&#xD;
          -  Subjects with underlying medical conditions or active infection that, in the&#xD;
             investigator's opinion, will make the administration of study drug hazardous or&#xD;
             obscure the interpretation of toxicity or adverse events;&#xD;
&#xD;
          -  Women who are pregnant or breastfeeding;&#xD;
&#xD;
          -  Concurrent medical condition requiring the use of immunosuppressive medications, or&#xD;
             immunosuppressive doses of systemic or absorbable topical corticosteroids &gt;10 mg&#xD;
             prednisolone daily equivalent;&#xD;
&#xD;
          -  Use of other investigational drugs before study drug administration 30 days or 5&#xD;
             half-times before study inclusion;&#xD;
&#xD;
          -  Psychological, familial, sociological, or geographical conditions that potentially&#xD;
             hamper compliance with the study protocol and follow-up schedule; those conditions&#xD;
             should be discussed with the subject before registration in the trial.&#xD;
      </textblock>
    </criteria>
    <gender>All</gender>
    <minimum_age>18 Years</minimum_age>
    <maximum_age>N/A</maximum_age>
    <healthy_volunteers>No</healthy_volunteers>
  </eligibility>
  <overall_official>
    <last_name>Christian Blank, Prof</last_name>
    <role>Principal Investigator</role>
    <affiliation>Medical oncologist/researcher</affiliation>
  </overall_official>
  <overall_contact>
    <last_name>Christian Blank, Prof</last_name>
    <phone>+31205129111</phone>
    <email>c.blank@nki.nl</email>
  </overall_contact>
  <location>
    <facility>
      <name>Amsterdam University Medical Center</name>
      <address>
        <city>Amsterdam</city>
        <country>Netherlands</country>
      </address>
    </facility>
    <contact>
      <last_name>Fons van den Eertwegh, Prof.</last_name>
    </contact>
  </location>
  <location>
    <facility>
      <name>Antoni van Leeuwenhoek Hospital</name>
      <address>
        <city>Amsterdam</city>
        <country>Netherlands</country>
      </address>
    </facility>
    <contact>
      <last_name>Christian Blank, Prof.</last_name>
    </contact>
  </location>
  <location>
    <facility>
      <name>University Medical Center Groningen</name>
      <address>
        <city>Groningen</city>
        <country>Netherlands</country>
      </address>
    </facility>
    <contact>
      <last_name>Hilde Jalving, Dr.</last_name>
    </contact>
  </location>
  <location>
    <facility>
      <name>Leiden University Medical Center</name>
      <address>
        <city>Leiden</city>
        <country>Netherlands</country>
      </address>
    </facility>
    <contact>
      <last_name>Ellen Kapiteijn, Dr.</last_name>
    </contact>
  </location>
  <location>
    <facility>
      <name>Erasmus University Medical Center</name>
      <address>
        <city>Rotterdam</city>
        <country>Netherlands</country>
      </address>
    </facility>
    <contact>
      <last_name>Astrid van der Veldt, Dr.</last_name>
    </contact>
  </location>
  <location>
    <facility>
      <name>University Medical Center Utrecht</name>
      <address>
        <city>Utrecht</city>
        <country>Netherlands</country>
      </address>
    </facility>
    <contact>
      <last_name>Karijn Suijkerbuijk, Prof.</last_name>
    </contact>
  </location>
  <location_countries>
    <country>Netherlands</country>
  </location_countries>
  <verification_date>January 2024</verification_date>
  <study_first_submitted>January 25, 2024</study_first_submitted>
  <study_first_submitted_qc>January 25, 2024</study_first_submitted_qc>
  <study_first_posted type="Actual">February 2, 2024</study_first_posted>
  <last_update_submitted>January 25, 2024</last_update_submitted>
  <last_update_submitted_qc>January 25, 2024</last_update_submitted_qc>
  <last_update_posted type="Actual">February 2, 2024</last_update_posted>
  <responsible_party>
    <responsible_party_type>Sponsor</responsible_party_type>
  </responsible_party>
  <keyword>neoadjuvant</keyword>
  <keyword>intradermal</keyword>
  <keyword>immunotherapy</keyword>
  <keyword>checkpoint inhibitors</keyword>
  <condition_browse>
    <!-- CAUTION:  The following MeSH terms are assigned with an imperfect algorithm            -->
    <mesh_term>Melanoma</mesh_term>
  </condition_browse>
  <intervention_browse>
    <!-- CAUTION:  The following MeSH terms are assigned with an imperfect algorithm            -->
    <mesh_term>Nivolumab</mesh_term>
    <mesh_term>Ipilimumab</mesh_term>
  </intervention_browse>
  <!-- Results have not yet been posted for this study                                          -->
</clinical_study>

