<?xml version="1.0" encoding="UTF-8"?>
<clinical_study rank="341">
  <!-- This xml conforms to an XML Schema at:
    https://clinicaltrials.gov/ct2/html/images/info/public.xsd -->
  <required_header>
    <download_date>ClinicalTrials.gov processed this data on February 06, 2024</download_date>
    <link_text>Link to the current ClinicalTrials.gov record.</link_text>
    <url>https://clinicaltrials.gov/ct2/show/NCT05187884</url>
  </required_header>
  <id_info>
    <org_study_id>NADOM</org_study_id>
    <nct_id>NCT05187884</nct_id>
  </id_info>
  <brief_title>Neoadjuvant/Adjuvant Trial of Darovasertib in Ocular Melanoma</brief_title>
  <acronym>NADOM</acronym>
  <official_title>Neoadjuvant/Adjuvant Trial of Darovasertib in Ocular Melanoma</official_title>
  <sponsors>
    <lead_sponsor>
      <agency>Anthony Joshua, FRACP</agency>
      <agency_class>Other</agency_class>
    </lead_sponsor>
    <collaborator>
      <agency>St Vincent's Hospital, Sydney</agency>
      <agency_class>Other</agency_class>
    </collaborator>
  </sponsors>
  <source>St Vincent's Hospital, Sydney</source>
  <oversight_info>
    <has_dmc>No</has_dmc>
    <is_fda_regulated_drug>No</is_fda_regulated_drug>
    <is_fda_regulated_device>No</is_fda_regulated_device>
  </oversight_info>
  <brief_summary>
    <textblock>
      The purpose of this study is to determine the feasibility and tolerability of&#xD;
      neo-adjuvant/adjuvant Darovasertib on uveal melanoma patients.&#xD;
&#xD;
      Who is it for? Patients may be eligible to join this study with high-risk uveal melanoma and&#xD;
      planned to undergo enucleation&#xD;
&#xD;
      Study details:&#xD;
&#xD;
      Eligible patients will undergo up to 4 weeks of treatment with Darovasertib (300mg, twice a&#xD;
      day as a starting dose) and once determiend safe then up to 6 months after fulfilling&#xD;
      inclusion/exclusion criteria and consent. Select patients will undergo adjuvant treatment for&#xD;
      6 months based on their initial response.&#xD;
&#xD;
      It is hoped that this research will provide insight into the safety and tolerability of&#xD;
      Darovasertib. Furthermore, it aims to document the pharmacodynamic and pharmacokinectic&#xD;
      effects of Darovasertib on uveal melanoma patients.&#xD;
    </textblock>
  </brief_summary>
  <overall_status>Active, not recruiting</overall_status>
  <start_date type="Actual">May 3, 2022</start_date>
  <completion_date type="Anticipated">November 1, 2025</completion_date>
  <primary_completion_date type="Anticipated">November 1, 2024</primary_completion_date>
  <phase>Phase 2</phase>
  <study_type>Interventional</study_type>
  <has_expanded_access>No</has_expanded_access>
  <study_design_info>
    <allocation>N/A</allocation>
    <intervention_model>Single Group Assignment</intervention_model>
    <primary_purpose>Treatment</primary_purpose>
    <masking>None (Open Label)</masking>
  </study_design_info>
  <primary_outcome>
    <measure>To determine the safety of a up to a 56-day course of Darovasertib via clinical assessment by CTCAE v5.0 guidelines for adverse event(s)</measure>
    <time_frame>56 days post commencement of investigational product.</time_frame>
    <description>Safety Profile</description>
  </primary_outcome>
  <primary_outcome>
    <measure>Percentage of participants that complete the 56-day treatment period.</measure>
    <time_frame>56 days post commencement of investigational product.</time_frame>
  </primary_outcome>
  <secondary_outcome>
    <measure>To determine the effect of neo-adjuvant Darovasertib on tumour size in uveal melanoma as measured by ocular ultrasound.</measure>
    <time_frame>56 days</time_frame>
  </secondary_outcome>
  <secondary_outcome>
    <measure>To explore time to recurrence/disease-specific survival in patients on adjuvant Darovasertib assessed by standard of care imaging measured using RECIST 1.1.</measure>
    <time_frame>5 years</time_frame>
  </secondary_outcome>
  <number_of_arms>1</number_of_arms>
  <enrollment type="Actual">15</enrollment>
  <condition>Ocular Melanoma</condition>
  <arm_group>
    <arm_group_label>Intervention</arm_group_label>
    <arm_group_type>Experimental</arm_group_type>
    <description>Darovasertib 300mg bd</description>
  </arm_group>
  <intervention>
    <intervention_type>Drug</intervention_type>
    <intervention_name>Darovasertib</intervention_name>
    <description>Oral Darovasertib 300 mg tablets twice daily</description>
    <arm_group_label>Intervention</arm_group_label>
  </intervention>
  <eligibility>
    <criteria>
      <textblock>
        Inclusion Criteria:&#xD;
&#xD;
          -  Patient must be at least 18 years of age.&#xD;
&#xD;
          -  Primary diagnosis of uveal melanoma as clinically determined by the treating&#xD;
             investigator planned for enucleation (prior plaque brachytherapy is permitted)&#xD;
&#xD;
          -  Patient is able to provide written, informed consent before initiation of any study&#xD;
             related-procedures, and is able, in the opinion of the investigator, to comply with&#xD;
             all the requirements of the study.&#xD;
&#xD;
          -  Life expectancy &gt; 3 months.&#xD;
&#xD;
          -  Able to safely swallow orally administered medication.&#xD;
&#xD;
          -  Patients with a prior history of or clinically stable concurrent malignancy are&#xD;
             eligible for enrolment provided the malignancy is clinically insignificant, no&#xD;
             treatment is required, and the patient is clinically stable&#xD;
&#xD;
               -  Patients with a history of squamous or basal cell carcinoma of the skin or&#xD;
                  carcinoma in the situ of the cervix may be enrolled.&#xD;
&#xD;
               -  Patients with prostate cancer with an elevated PSA not requiring treatment may be&#xD;
                  enrolled&#xD;
&#xD;
          -  Patient has Eastern Cooperative Oncology Group (ECOG) performance status 0 - 1&#xD;
             (Karnofsky = 70%).&#xD;
&#xD;
          -  Patient has adequate organ function at screening:&#xD;
&#xD;
               -  Absolute neutrophil count = 1500/mm3 without the use of hematopoietic growth&#xD;
                  factors&#xD;
&#xD;
               -  Platelet count = 75,000/mm3 (must be at least 2 weeks post-platelet transfusion&#xD;
                  and not receiving platelet-stimulating agents)&#xD;
&#xD;
               -  Haemoglobin = 8.0 g/dL (must be at least 2 weeks post-red blood cell transfusion&#xD;
                  and not receiving erythropoietic-stimulating agents)&#xD;
&#xD;
               -  Total bilirubin = 1.5 x the upper limit of normal (ULN).&#xD;
&#xD;
               -  Alanine aminotransferase (ALT) and aspartate aminotransferase (AST) = 3 x ULN in&#xD;
                  the absence of documented liver metastases&#xD;
&#xD;
               -  Serum albumin = 30 umol/L&#xD;
&#xD;
               -  Creatinine Clearance = 60 mL/min/1.73 m2 by Cockroft-Gault equation [Appendix 6]&#xD;
&#xD;
               -  Prothrombin time/International Normalized Ratio (INR) or partial thromboplastin&#xD;
                  time test results at screening = 1.5 x ULN (this applies only to patients who do&#xD;
                  not receive therapeutic anticoagulation; patients receiving therapeutic&#xD;
                  anticoagulation should be on a stable dose for at least 4 weeks prior to the&#xD;
                  first dose of study drug).&#xD;
&#xD;
          -  Female patients of childbearing potential must be non-pregnant, non-lactating, and&#xD;
             have a negative serum human chorionic gonadotropin pregnancy test result within 28&#xD;
             days prior to the first study drug administration.&#xD;
&#xD;
               -  Females of childbearing potential who are sexually active with a non-sterilized&#xD;
                  male partner agree to use effective methods of contraception from screening,&#xD;
                  throughout the study drug and agree to continue using such precautions for 30&#xD;
                  days after the final dose of study drug.&#xD;
&#xD;
               -  Non-sterilized males who are sexually active with a female of childbearing&#xD;
                  potential must agree to use effective methods of contraception from Day 1&#xD;
                  throughout the study drug and for 30 days after the final dose of study drug.&#xD;
&#xD;
        Exclusion Criteria:&#xD;
&#xD;
          -  Previous treatment with a PKC inhibitor&#xD;
&#xD;
          -  Have AEs from prior anti-cancer therapy that have not resolved to Grade =1 except for&#xD;
             alopecia, prior peripheral neuropathy, or anaemia. Endocrinopathies resulting from&#xD;
             previous immunotherapy are considered part of the medical history and not an AE.&#xD;
&#xD;
          -  Untreated or symptomatic malignant lesions in the central nervous system (CNS).&#xD;
&#xD;
          -  Known human immunodeficiency virus (HIV) or acquired immunodeficiency syndrome (AIDS)&#xD;
             - related illness.&#xD;
&#xD;
          -  Active infection requiring therapy (except nail fungus), positive tests for Hepatitis&#xD;
             B surface antigen (HBsAg) with detected Hepatitis B virus (HBV) DNA or positive&#xD;
             Hepatitis C antibody with detected Hepatitis C virus (HCV) RNA.&#xD;
&#xD;
          -  Prior gastrectomy or upper bowel removal or any other gastrointestinal disorder or&#xD;
             defect e.g., malabsorption disorder such as Crohn's disease or ulcerative colitis,&#xD;
             that would interfere with absorption of Darovasertib.&#xD;
&#xD;
          -  Patients who are receiving treatment with medications that cannot be discontinued&#xD;
             prior to study entry and that are considered to be any of the following (see Appendix&#xD;
             4):&#xD;
&#xD;
               -  known to be strong inducers or inhibitors of CYP3A4/5&#xD;
&#xD;
               -  known to be substrates of CYP3A4/5, OAT3, OATP1B1, and MATE1/2-Kwith a narrow&#xD;
                  therapeutic index&#xD;
&#xD;
          -  Females who are pregnant or breastfeeding:&#xD;
&#xD;
               -  Women of childbearing potential must not be considering getting pregnant during&#xD;
                  the study.&#xD;
&#xD;
               -  Patients of reproductive potential (male &amp; female) must practice an effective&#xD;
                  method of contraception during treatment and for 30 days following the last dose&#xD;
                  of Darovasertib. Patients unwilling to do so will be excluded.&#xD;
&#xD;
          -  Impaired cardiac function or clinically significant cardiac diseases, including any of&#xD;
             the following:&#xD;
&#xD;
               -  History or presence of ventricular tachyarrhythmia&#xD;
&#xD;
               -  Presence of unstable atrial fibrillation (ventricular response &gt; 100 BPM);&#xD;
                  patients with stable atrial fibrillation are eligible, provided they do not meet&#xD;
                  any of the other cardiac exclusion criteria&#xD;
&#xD;
               -  Angina pectoris or acute myocardial infarction = 6 months prior to starting study&#xD;
                  drug&#xD;
&#xD;
               -  Other clinically significant heart disease (e.g., symptomatic congestive heart&#xD;
                  failure; uncontrolled arrhythmia or hypertension; history of labile hypertension&#xD;
                  or poor compliance with an antihypertensive regimen)&#xD;
&#xD;
               -  Patients with a drug eluting stent for cardiovascular purposes placed = 6 months&#xD;
                  prior to starting study drug&#xD;
&#xD;
               -  Corrected QT interval using Fridericia's method (QTcF) &gt; 480 msec on baseline ECG&#xD;
                  (mean of baseline values). If electrolytes are abnormal, they may be corrected,&#xD;
                  and baseline ECGs should be repeated (Appendix 5).&#xD;
&#xD;
          -  Known to have previously received Darovasertib&#xD;
&#xD;
          -  Presence of any other condition that may increase the risk associated with study&#xD;
             participation or may interfere with the interpretation of study results and, in the&#xD;
             opinion of the investigator, would make the patient inappropriate for entry into the&#xD;
             study.&#xD;
      </textblock>
    </criteria>
    <gender>All</gender>
    <minimum_age>18 Years</minimum_age>
    <maximum_age>N/A</maximum_age>
    <healthy_volunteers>No</healthy_volunteers>
  </eligibility>
  <overall_official>
    <last_name>Anthony Joshua, FRACP, MBBS, PhD</last_name>
    <role>Principal Investigator</role>
    <affiliation>St Vincent's Hospital, Sydney</affiliation>
  </overall_official>
  <location>
    <facility>
      <name>Kinghorn Cancer Centre, St. Vincent's Hospital</name>
      <address>
        <city>Sydney</city>
        <state>New South Wales</state>
        <zip>2010</zip>
        <country>Australia</country>
      </address>
    </facility>
  </location>
  <location>
    <facility>
      <name>Alfred Hospital</name>
      <address>
        <city>Melbourne</city>
        <state>Victoria</state>
        <zip>3004</zip>
        <country>Australia</country>
      </address>
    </facility>
  </location>
  <location_countries>
    <country>Australia</country>
  </location_countries>
  <verification_date>January 2024</verification_date>
  <study_first_submitted>December 9, 2021</study_first_submitted>
  <study_first_submitted_qc>December 24, 2021</study_first_submitted_qc>
  <study_first_posted type="Actual">January 12, 2022</study_first_posted>
  <last_update_submitted>January 4, 2024</last_update_submitted>
  <last_update_submitted_qc>January 4, 2024</last_update_submitted_qc>
  <last_update_posted type="Actual">January 8, 2024</last_update_posted>
  <responsible_party>
    <responsible_party_type>Sponsor-Investigator</responsible_party_type>
    <investigator_affiliation>St Vincent's Hospital, Sydney</investigator_affiliation>
    <investigator_full_name>Anthony Joshua, FRACP</investigator_full_name>
    <investigator_title>Head of Medical Oncology</investigator_title>
  </responsible_party>
  <condition_browse>
    <!-- CAUTION:  The following MeSH terms are assigned with an imperfect algorithm            -->
    <mesh_term>Melanoma</mesh_term>
  </condition_browse>
  <patient_data>
    <sharing_ipd>No</sharing_ipd>
    <ipd_description>No Plan to share participant data with individuals outside this trial</ipd_description>
  </patient_data>
  <!-- Results have not yet been posted for this study                                          -->
</clinical_study>

