<?xml version="1.0" encoding="UTF-8"?>
<clinical_study rank="170">
  <!-- This xml conforms to an XML Schema at:
    https://clinicaltrials.gov/ct2/html/images/info/public.xsd -->
  <required_header>
    <download_date>ClinicalTrials.gov processed this data on February 06, 2024</download_date>
    <link_text>Link to the current ClinicalTrials.gov record.</link_text>
    <url>https://clinicaltrials.gov/ct2/show/NCT05270044</url>
  </required_header>
  <id_info>
    <org_study_id>W00090GE303/EORTC-2139-MG</org_study_id>
    <nct_id>NCT05270044</nct_id>
  </id_info>
  <brief_title>Adjuvant Encorafenib and Binimetinib in High-risk Stage II Melanoma With a BRAF Mutation.</brief_title>
  <acronym>COLUMBUS-AD</acronym>
  <official_title>Adjuvant Encorafenib &amp; Binimetinib vs. Placebo in Fully Resected Stage IIB/C BRAF V600E/K Mutated Melanoma: a Randomized Triple-blind Phase III Study in Collaboration With the EORTC Melanoma Group</official_title>
  <sponsors>
    <lead_sponsor>
      <agency>Pierre Fabre Medicament</agency>
      <agency_class>Industry</agency_class>
    </lead_sponsor>
    <collaborator>
      <agency>European Organisation for Research and Treatment of Cancer - EORTC</agency>
      <agency_class>Other</agency_class>
    </collaborator>
  </sponsors>
  <source>Pierre Fabre Medicament</source>
  <oversight_info>
    <has_dmc>Yes</has_dmc>
    <is_fda_regulated_drug>No</is_fda_regulated_drug>
    <is_fda_regulated_device>No</is_fda_regulated_device>
  </oversight_info>
  <brief_summary>
    <textblock>
      The purpose of the Columbus-AD study is to evaluate the efficacy and safety of 12 months of&#xD;
      encorafenib in combination with binimetinib in adjuvant setting of BRAF V600E/K mutant stage&#xD;
      IIB/C melanoma versus the current standard of care (surveillance).&#xD;
    </textblock>
  </brief_summary>
  <detailed_description>
    <textblock>
      This is a randomized triple-blind placebo-controlled international multicenter phase III&#xD;
      superiority clinical trial.&#xD;
&#xD;
      Participants with completely resected cutaneous melanoma and documented BRAF V600E/K status&#xD;
      by central assay will be randomized 1 to 1 to receive either treatment with encorafenib and&#xD;
      binimetinib or their two placebos for 12 months. Patients will be stratified according to the&#xD;
      stage of the disease according to AJCC version 8 between:&#xD;
&#xD;
        -  stage IIB (i.e., pT3b or pT4a)&#xD;
&#xD;
        -  stage IIC (i.e., pT4b).&#xD;
&#xD;
      The long-term evaluation of all endpoints (including information about the occurrence of new&#xD;
      treatment-related adverse events, if any) will take place 10 years from the randomization of&#xD;
      the last patient.&#xD;
    </textblock>
  </detailed_description>
  <overall_status>Active, not recruiting</overall_status>
  <start_date type="Actual">May 2, 2022</start_date>
  <completion_date type="Anticipated">May 2, 2035</completion_date>
  <primary_completion_date type="Anticipated">March 31, 2027</primary_completion_date>
  <phase>Phase 3</phase>
  <study_type>Interventional</study_type>
  <has_expanded_access>No</has_expanded_access>
  <study_design_info>
    <allocation>Randomized</allocation>
    <intervention_model>Parallel Assignment</intervention_model>
    <primary_purpose>Treatment</primary_purpose>
    <masking>Triple (Participant, Investigator, Outcomes Assessor)</masking>
  </study_design_info>
  <primary_outcome>
    <measure>Recurrence-free survival (RFS)</measure>
    <time_frame>Approximately 4.4 years from the accrual of the first patient.</time_frame>
    <description>RFS is defined as the time between the date of randomization and the date of 1) first recurrence (local, regional, or a distant metastasis), 2) new melanoma that is known to be either ulcerated, thick (Breslow thickness&gt;1 mm) or requiring a treatment other than surgery or 3) death (whatever the cause), whichever occurs first.</description>
  </primary_outcome>
  <secondary_outcome>
    <measure>Distant metastasis-free survival (DMFS)</measure>
    <time_frame>Approximately 6.0 years from first patient in</time_frame>
    <description>DMFS is defined as the time between the date of randomization and the date of first distant metastasis or date of death (whatever the cause), whichever occurs first.</description>
  </secondary_outcome>
  <secondary_outcome>
    <measure>Overall survival (OS)</measure>
    <time_frame>Approximately 10 years from first Patient In.</time_frame>
    <description>OS is defined as time from randomization to the date of death whatever the cause.</description>
  </secondary_outcome>
  <secondary_outcome>
    <measure>Safety - Incidence, nature, severity and seriousness of treatment emergent adverse events (TEAEs)</measure>
    <time_frame>From the signing of the ICF up to 30 days after end of treatment- approximately 14.5 months</time_frame>
    <description>Incidence nature and severity of adverse events and SAEs graded as per National Cancer Institute Common Terminology Criteria for Adverse Events (NCI CTCAE) v5.0</description>
  </secondary_outcome>
  <secondary_outcome>
    <measure>Safety -Incidence, nature and severity of cutaneous malignancies by dermatological examination</measure>
    <time_frame>From the signing of ICF to study completion- approximately 10 years from last patient in</time_frame>
    <description>This is to monitor for the possible development of keratoacanthoma and/or squamous cell carcinoma and new primary melanoma, as these have been reported to occur with selective BRAF inhibitor treatment. Incidence, nature and severity of new cutaneous malignancies (kerantoacanthoma, squamous cell carcinoma and new primary melanoma) will be recorded and graded as per National Cancer Institute Common Terminology Criteria for Adverse Events (NCI CTCAE) v5.0</description>
  </secondary_outcome>
  <secondary_outcome>
    <measure>Safety -Incidence of Serious adverse events (SAEs)</measure>
    <time_frame>From the signing of the ICF to study completion- approximately 10 years from last patient in</time_frame>
    <description>Incidence nature and severity of serious adverse events will be recorded and graded as per National Cancer Institute Common Terminology Criteria for Adverse Events (NCI CTCAE) v5.0</description>
  </secondary_outcome>
  <secondary_outcome>
    <measure>Safety and tolerability - Incidence of treatment-emergent adverse events (TEAEs) related to notable or abnormal changes in physical examination</measure>
    <time_frame>From the signing of the ICF up to 30 days after end of treatment- approximately up to 14.5 months</time_frame>
    <description>Standard physical examinations on cardiovascular, respiratory, gastrointestinal, dermatological, ophthalmological and neurological systems will be performed and will be evaluated based on normal/abnormal and clinical significance observations. Number of participants with TEAEs related to abnormal or clinical significance observations to the physical examinations after the start of study drug will be reported.</description>
  </secondary_outcome>
  <secondary_outcome>
    <measure>Safety and tolerability - Incidence of treatment-emergent adverse events (TEAEs) related to notable or abnormal changes in vital signs</measure>
    <time_frame>From the signing of the ICF up to 30 days after end of treatment- approximately up to 14.5 months</time_frame>
    <description>Clinically notable elevated values: Systolic blood pressure (BP): ≥ 160 mmHg and an increase ≥ 20 mmHg from baseline; Diastolic BP: ≥ 100 mmHg and an increase ≥ 15 mmHg from baseline; Heart rate: ≥ 100 beats/min (bpm) with increase from baseline of ≥ 15 bpm; Body temperature [°C] ≥ 38°C). Clinically notable low values: Systolic BP: &lt;120 mmHg with decrease from baseline of ≥ 20 mmHg; Diastolic BP: &lt; 80 mmHg with decrease from baseline of ≥ 15 mmHg; Heart rate: &lt;50 bpm with decrease from baseline of ≥ 15 bpm; Body temperature [°C]: ≤ 35 °C</description>
  </secondary_outcome>
  <secondary_outcome>
    <measure>Safety and tolerability : Incidence of TEAEs related to notable changes in clinical safety laboratory parameters from baseline.</measure>
    <time_frame>From the signing of the ICF up to 30 days after end of treatment- approximately up to 14.5 months</time_frame>
    <description>incidence of treatment-emergent adverse events (TEAEs) related to notable changes in clinical safety laboratory parameters from baseline.&#xD;
Number of participants with clinically notable shift from baseline in laboratory parameter values based on national cancer institute common terminology criteria (NCI-CTCAE) grade, Version 5.0 will be graded from Grades 1 to 5. Grade 1: Mild; asymptomatic or mild symptoms; clinical or diagnostic observations only; intervention not indicated. Grade 2: Moderate; minimal, local or noninvasive intervention indicated. Grade 3: Severe or medically significant but not immediately life-threatening; hospitalization or prolongation of hospitalization indicated. Grade 4: Life-threatening consequences; urgent intervention indicated. Grade 5: Death. Clinically notable shift is defined as a worsening from baseline by at least 2 grades, or to grade 3 or above.</description>
  </secondary_outcome>
  <secondary_outcome>
    <measure>Safety and tolerability -Incidence of treatment-emergent adverse events (TEAEs) related to notable or abnormal changes from baseline of 12-lead electrocardiograms (ECGs)</measure>
    <time_frame>From the signing of the ICF up to 30 days after end of treatment-approximately up to 14.5 months</time_frame>
    <description>12-lead ECGs will be obtained using an internationally recognized 12-lead cardiograph. Clinically notable ECG values: QT [millisecond (ms)] and QT interval (ms) corrected for heart rate using Fridericia's formula (QTcF) intervals (ms): increase from baseline &gt; 60 ms, new &gt; 450 ms, new &gt; 480 ms, new &gt; 500 ms.</description>
  </secondary_outcome>
  <secondary_outcome>
    <measure>Safety and tolerability - Incidence of treatment-emergent adverse events (TEAEs) related to notable or abnormal changes from baseline of echocardiogram or multigated acquisition (ECHO/MUGA) scans.</measure>
    <time_frame>From the signing of the ICF up to 30 days after end of treatment-approximately up to 14.5 months</time_frame>
    <description>ECHO/MUGA scan assess Left Ventricular Ejection Fraction (LVEF). Changes from baseline of LVEF measurements over time will be reported</description>
  </secondary_outcome>
  <secondary_outcome>
    <measure>Safety and tolerability - Incidence of treatment-emergent adverse events (TEAEs) related to notable or abnormal changes in ophtalmic examination</measure>
    <time_frame>From the signing of the ICF up to 30 days after end of treatment-approximately up to 14.5 months</time_frame>
    <description>Changes from baseline and worse value on ophthalmic examination over time will be reported.&#xD;
a full ophthalmic examination by an ophthalmologist will be performed (at baseline an end of treatment) including best corrected visual acuity (BCVA), slit lamp examination, intraocular pressure (IOP), dilatedfundoscopy and optical coherence tomography (OCT). Retinal examination is required to identify findings associated with retinal pigment epithelial detachments (RPED), serous detachment of the retina and RVO (OCT and angiography).&#xD;
the investigator will also monthly monitor visual assesment (general inspection of the eyes, examination of motility and alignment, visual disturbance including diminished central vision, blurred vision or loss of vision).</description>
  </secondary_outcome>
  <secondary_outcome>
    <measure>Safety and tolerability-Treatment emergent adverse events (TEAEs) leading to dose interruption, reduction and discontinuation.</measure>
    <time_frame>On treatment period - 12 months from randomization.</time_frame>
    <description>Incidence of dose interruptions, dose modifications and discontinuation due to AEs and incidence of AEs requiring additional therapy</description>
  </secondary_outcome>
  <secondary_outcome>
    <measure>Performance status using the Eastern Co-operative Oncology Group (ECOG) performance status scale.</measure>
    <time_frame>From the signing of the ICF up to 30 days after end of treatment-approximately up to 14.5 months</time_frame>
    <description>Changes from baseline and worse value on Eastern Cooperative Oncology Group (ECOG) Scale with a range from 0 to 5 with lower score mean a lower functional impairment, 5 corresponding to death .</description>
  </secondary_outcome>
  <secondary_outcome>
    <measure>Patient-reported health-related (HRQoL)-European Quality of Life-5 Dimensions-5 Levels (EQ-5D-5L) .</measure>
    <time_frame>From the signing of the ICF up to 30 months.</time_frame>
    <description>To determine if there is any change from baseline during the treatment and every 6 months thereafter up to 30 months in the European Quality of Life-5 Dimensions-5 Levels (EQ-5D-5L) questionnaire scores.&#xD;
EQ-5D-5L consists of the EQ-5D descriptive system and the EQ visual analogue scale (VAS). The descriptive system has five dimension (mobility, self-care, usual activities, pain/discomfort and anxiety/depression), each is rated according to a five-point verbal rating scale (VRS): 1. no problems, 2. slight problems, 3. moderate problems, 4. severe problems and 5. extreme problems) and translated into a five-digit number that describes the participant's health state</description>
  </secondary_outcome>
  <secondary_outcome>
    <measure>Patient-reported health-related (HRQoL)_European Organisation for Research and Treatment of Cancer Quality of Life Questionnaire for Cancer Patients (EORTC QLQ-C30)</measure>
    <time_frame>From the signing of the ICF up to 30 months.</time_frame>
    <description>To determine if there is any change from baseline during the treatment and every 6 months thereafter up to 30 months in the European Organisation for Research and Treatment of Cancer Quality of Life Questionnaire for Cancer Patients (EORTC QLQ-C30) questionnaire scores EORTC QLQ-C30 consists of fifteen multi-item scales: five functional scales (physical, role, cognitive, emotional and social); nine symptom/items scales (fatigue, pain, nausea, vomiting, dyspnea, insomnia, apetite loss, constipation, diarrhae and financial difficulties) and a global health and Quality of Life (QoL) scale. Each scale in the questionnaire will be scored (0 to 100). High scores represents a high health/quality of life</description>
  </secondary_outcome>
  <secondary_outcome>
    <measure>Pharmacokinetic (PK) parameter of encorafenib and its metabolite (LHY746)_Cmin</measure>
    <time_frame>From randomization up to 11 months</time_frame>
    <description>Minimum serum concentration (Cmin) will be calculated and reported.</description>
  </secondary_outcome>
  <secondary_outcome>
    <measure>Pharmacokinetic (PK) parameter of encorafenib and its metabolite (LHY746)-Cmax</measure>
    <time_frame>From randomization up to 11 months</time_frame>
    <description>Maximum serum concentration (Cmax) will be calculated and reported.</description>
  </secondary_outcome>
  <secondary_outcome>
    <measure>Pharmacokinetic (PK) parameter of encorafenib and its metabolite (LHY746)_AUC</measure>
    <time_frame>From randomization up to 11 months</time_frame>
    <description>Area under the curve (AUC) will be calculated and reported.</description>
  </secondary_outcome>
  <secondary_outcome>
    <measure>Pharmacokinetic (PK) parameter of binimetinib and its metabolite (AR00426032)-Cmin</measure>
    <time_frame>From randomization up to 11 months</time_frame>
    <description>Minimum serum concentration (Cmin) will be calculated and reported</description>
  </secondary_outcome>
  <secondary_outcome>
    <measure>Pharmacokinetic (PK) parameter of binimetinib and its metabolite (AR00426032)-Cmax</measure>
    <time_frame>From randomization up to 11 months</time_frame>
    <description>Maximum serum concentration (Cmax) will be calculated and reported.</description>
  </secondary_outcome>
  <secondary_outcome>
    <measure>Pharmacokinetic (PK) parameter of binimetinib and its metabolite (AR00426032)-AUC</measure>
    <time_frame>From randomization up to 11 months</time_frame>
    <description>Area under the curve (AUC) will be calculated and reported.</description>
  </secondary_outcome>
  <number_of_arms>2</number_of_arms>
  <enrollment type="Anticipated">815</enrollment>
  <condition>Melanoma</condition>
  <arm_group>
    <arm_group_label>Arm A</arm_group_label>
    <arm_group_type>Experimental</arm_group_type>
    <description>Encorafenib and Binimetinib</description>
  </arm_group>
  <arm_group>
    <arm_group_label>Arm B</arm_group_label>
    <arm_group_type>Placebo Comparator</arm_group_type>
    <description>Placebo to match Encorafenib Placebo to match Binimetinib</description>
  </arm_group>
  <intervention>
    <intervention_type>Drug</intervention_type>
    <intervention_name>Encorafenib and Binimetinib</intervention_name>
    <description>Encorafenib 450 mg (6 × 75 mg capsules) once daily (QD) and binimetinib 45 mg (3 x 15 mg tablets) twice daily (BID) orally for a maximum of 12 months.</description>
    <arm_group_label>Arm A</arm_group_label>
    <other_name>Encorafenib: Braftovi / Binimetinib: Mektovi</other_name>
  </intervention>
  <intervention>
    <intervention_type>Drug</intervention_type>
    <intervention_name>Placebo to match Encorafenib ; Placebo to match Binimetinib</intervention_name>
    <description>Encorafenib (6 × 75 mg placebo capsules) QD and binimetinib (3 × 15 mg placebo tablets) BID placebos orally for a maximum of 12 months.</description>
    <arm_group_label>Arm B</arm_group_label>
  </intervention>
  <eligibility>
    <criteria>
      <textblock>
        Inclusion Criteria:&#xD;
&#xD;
        Pre-Screening&#xD;
&#xD;
          -  Male or female ≥ 18 years of age;&#xD;
&#xD;
          -  Surgically resected, with tumour free margins, and histologically/pathologically&#xD;
             confirmed new diagnosis of stage II (pT3b-pT4bN0) cutaneous melanomaa;&#xD;
&#xD;
          -  Sentinel node (SN) biopsy within 14 weeks from initial diagnosis of melanoma.&#xD;
&#xD;
          -  Sentinel node (SN) staged node negative (pN0);&#xD;
&#xD;
          -  Available tumour sample for central determination of the BRAF V600E/K mutation.&#xD;
&#xD;
        Screening&#xD;
&#xD;
          -  Melanoma confirmed centrally to be BRAF V600E/K mutation-positive;&#xD;
&#xD;
          -  Participant still free of disease as evidenced by the required baseline imaging and&#xD;
             physical/dermatological assessments performed respectively within 6 weeks and 2 weeks&#xD;
             before randomization (Day 1);&#xD;
&#xD;
          -  No more than 12 weeks elapsed between full surgical resection (including SLNB) and&#xD;
             randomization;&#xD;
&#xD;
          -  Recovered from definitive surgery (e.g., complete wound healing, no uncontrolled wound&#xD;
             infections or indwelling drains);&#xD;
&#xD;
          -  ECOG performance status of 0 or 1;&#xD;
&#xD;
          -  Adequate haematological function as defined as Absolute neutrophil count (ANC) ≥ 1.5 x&#xD;
             109/L, Platelets ≥ 100 x 109/L and Hemoglobin&#xD;
&#xD;
             ≥ 9.0 g/dL;&#xD;
&#xD;
          -  Adequate renal function as defined as Serum creatinine ≤ 1.5 × ULN; or calculated&#xD;
             creatinine clearance ≥ 50 mL/min;&#xD;
&#xD;
          -  Adequate electrolytes, defined as serum potassium and magnesium levels within&#xD;
             institutional normal limits;&#xD;
&#xD;
          -  Adequate hepatic function as defined as Serum total bilirubin ≤ 1.5 x ULN and &lt; 2&#xD;
             mg/dL, Alanine aminotransferase (ALT) and/or aspartate aminotransferase (AST) ≤ 2.5 x&#xD;
             ULN;&#xD;
&#xD;
          -  Adequate cardiac function as defined as LVEF ≥ 50% as determined by MUGA scan or&#xD;
             echocardiogram and Mean triplicate QTcF value ≤ 480 msec and no history of QT&#xD;
             syndrome;&#xD;
&#xD;
          -  Adequate coagulation function, defined as INR ≤1.5× ULN unless the patient is&#xD;
             receiving anticoagulant therapy as long as PT or aPTT is within the therapeutic range;&#xD;
&#xD;
          -  Negative serum β-HCG test (female patient of childbearing potential only) performed&#xD;
             within 3 days prior to Day 1;&#xD;
&#xD;
          -  Female patients of child-bearing potential and male patients must agree to follow the&#xD;
             protocol's contraception guidance during the treatment period and for ≥30 days after&#xD;
             last administration.&#xD;
&#xD;
        Exclusion Criteria:&#xD;
&#xD;
        Pre-screening&#xD;
&#xD;
          -  Unknown ulceration status;&#xD;
&#xD;
          -  Uveal and mucosal melanoma;&#xD;
&#xD;
          -  Clinically apparent metastases (N+/M1);&#xD;
&#xD;
          -  Microsatellites, satellites and/or in-transit metastases,&#xD;
&#xD;
          -  Local (scar) recurrences.&#xD;
&#xD;
        Screening&#xD;
&#xD;
          -  Breast feeding women;&#xD;
&#xD;
          -  Pregnant women;&#xD;
&#xD;
          -  History or current evidence of retinal vein occlusion (RVO) or current risk factors&#xD;
             for RVO;&#xD;
&#xD;
          -  History of thromboembolic or cerebrovascular events ≤ 12 weeks prior to randomization;&#xD;
&#xD;
          -  History of previous or concurrent malignancy within preceding 3 years or any condition&#xD;
             with a life expectancy of less than 5 years;&#xD;
&#xD;
          -  Participants with a prior cancer associated with RAS mutation;&#xD;
&#xD;
          -  Prior systemic anticancer therapy for melanoma or radiotherapy for melanoma;&#xD;
&#xD;
          -  Hypersensitivity to the study drugs or to any of the excipients;&#xD;
&#xD;
          -  Participants with severe lactose intolerance (e.g., Rare hereditary problems of&#xD;
             galactose intolerance, total lactase deficiency or glucose-galactose malabsorption);&#xD;
&#xD;
          -  Impaired cardiovascular function or clinically significant cardiovascular diseases;&#xD;
&#xD;
          -  Neuromuscular disorders that are associated with CK &gt; ULN (e.g., inflammatory&#xD;
             myopathies, muscular dystrophy, amyotrophic lateral sclerosis, spinal muscular&#xD;
             atrophy);&#xD;
&#xD;
          -  Non-infectious pneumonitis and Interstitial Lung Disease;&#xD;
&#xD;
          -  Positive SARs-CoV-2 or variants of SARs-CoV2 RT-PCR test at screening or suspected to&#xD;
             be infected with SARs-CoV2 or variants of SARsCoV2 with confirmation pending;&#xD;
&#xD;
          -  Active bacterial, fungal, or viral infection, including, but not limited to HBV, HCV,&#xD;
             and known HIV or AIDS-related illness, or an infection requiring systemic therapeutic&#xD;
             treatment within 2 weeks prior to randomization.&#xD;
      </textblock>
    </criteria>
    <gender>All</gender>
    <minimum_age>18 Years</minimum_age>
    <maximum_age>N/A</maximum_age>
    <healthy_volunteers>No</healthy_volunteers>
  </eligibility>
  <overall_official>
    <last_name>Alexander C.J. van AKKOOI, MD, PhD</last_name>
    <role>Study Chair</role>
    <affiliation>European Organisation for Research and Treatment of Cancer - EORTC</affiliation>
  </overall_official>
  <location>
    <facility>
      <name>Centro Oncologico Korben</name>
      <address>
        <city>Caba</city>
        <state>Buenos Aires</state>
        <zip>C1426</zip>
        <country>Argentina</country>
      </address>
    </facility>
  </location>
  <location>
    <facility>
      <name>Centro de Investigaciones Medicas Mar del Plata</name>
      <address>
        <city>Mar Del Plata</city>
        <state>Buenos Aires</state>
        <zip>B7600FYK</zip>
        <country>Argentina</country>
      </address>
    </facility>
  </location>
  <location>
    <facility>
      <name>Fundacion CIDEA</name>
      <address>
        <city>Ciudad Autonoma Bs As</city>
        <state>Ciudad Autonoma Buenos Aires</state>
        <zip>C1121ABE</zip>
        <country>Argentina</country>
      </address>
    </facility>
  </location>
  <location>
    <facility>
      <name>Sanatorio Britanico S.A.</name>
      <address>
        <city>Rosario</city>
        <state>Santa Fe</state>
        <zip>2000</zip>
        <country>Argentina</country>
      </address>
    </facility>
  </location>
  <location>
    <facility>
      <name>Instituto de Oncologia de Rosario</name>
      <address>
        <city>Rosario</city>
        <state>Santa Fe</state>
        <zip>S2000KZE</zip>
        <country>Argentina</country>
      </address>
    </facility>
  </location>
  <location>
    <facility>
      <name>Hospital Aleman</name>
      <address>
        <city>Ciudad Autonoma Buenos Aires</city>
        <zip>C1118AAT</zip>
        <country>Argentina</country>
      </address>
    </facility>
  </location>
  <location>
    <facility>
      <name>Instituto Medico Especializado Alexander Fleming</name>
      <address>
        <city>Ciudad Autonoma Buenos Aires</city>
        <zip>C1426ANZ</zip>
        <country>Argentina</country>
      </address>
    </facility>
  </location>
  <location>
    <facility>
      <name>Clinica Adventista Belgrano</name>
      <address>
        <city>Ciudad Autonoma Buenos Aires</city>
        <zip>C1430EGF</zip>
        <country>Argentina</country>
      </address>
    </facility>
  </location>
  <location>
    <facility>
      <name>Westmead Hospital</name>
      <address>
        <city>Sydney</city>
        <state>New South Wales</state>
        <zip>2145</zip>
        <country>Australia</country>
      </address>
    </facility>
  </location>
  <location>
    <facility>
      <name>Melanoma Institute Australia</name>
      <address>
        <city>Wollstonecraft</city>
        <state>New South Wales</state>
        <zip>2065</zip>
        <country>Australia</country>
      </address>
    </facility>
  </location>
  <location>
    <facility>
      <name>Princess Alexandra Hospital</name>
      <address>
        <city>Woolloongabba</city>
        <state>Queensland</state>
        <zip>4102</zip>
        <country>Australia</country>
      </address>
    </facility>
  </location>
  <location>
    <facility>
      <name>Adelaide Oncology &amp; Haematolog, Calvary North Adelaide Hospital</name>
      <address>
        <city>North Adelaide</city>
        <state>South Australia</state>
        <zip>5006</zip>
        <country>Australia</country>
      </address>
    </facility>
  </location>
  <location>
    <facility>
      <name>Box Hill Hospital</name>
      <address>
        <city>Box Hill</city>
        <state>Victoria</state>
        <zip>3128</zip>
        <country>Australia</country>
      </address>
    </facility>
  </location>
  <location>
    <facility>
      <name>Austin Health</name>
      <address>
        <city>Heidelberg</city>
        <state>Victoria</state>
        <zip>3084</zip>
        <country>Australia</country>
      </address>
    </facility>
  </location>
  <location>
    <facility>
      <name>The Alfred Hospital</name>
      <address>
        <city>Prahran</city>
        <state>Victoria</state>
        <zip>3181</zip>
        <country>Australia</country>
      </address>
    </facility>
  </location>
  <location>
    <facility>
      <name>Hollywood Private Hospital</name>
      <address>
        <city>Nedlands</city>
        <state>Western Australia</state>
        <zip>6009</zip>
        <country>Australia</country>
      </address>
    </facility>
  </location>
  <location>
    <facility>
      <name>Sir Charles Gairdner Hospital</name>
      <address>
        <city>Nedlands</city>
        <state>Western Australia</state>
        <zip>6009</zip>
        <country>Australia</country>
      </address>
    </facility>
  </location>
  <location>
    <facility>
      <name>Landeskrankenhaus - Universitaetsklinikum Graz</name>
      <address>
        <city>Graz</city>
        <zip>8036</zip>
        <country>Austria</country>
      </address>
    </facility>
  </location>
  <location>
    <facility>
      <name>Krankenhaus der Elisabethinen Linz</name>
      <address>
        <city>Linz</city>
        <zip>4020</zip>
        <country>Austria</country>
      </address>
    </facility>
  </location>
  <location>
    <facility>
      <name>Universitätsklinikum St.Pölten-Lilienfeld</name>
      <address>
        <city>St. Pölten</city>
        <zip>3100</zip>
        <country>Austria</country>
      </address>
    </facility>
  </location>
  <location>
    <facility>
      <name>AKH - Medizinische Universität Wien</name>
      <address>
        <city>Vienna</city>
        <zip>1090</zip>
        <country>Austria</country>
      </address>
    </facility>
  </location>
  <location>
    <facility>
      <name>Institut Jules Bordet</name>
      <address>
        <city>Anderlecht</city>
        <zip>1070</zip>
        <country>Belgium</country>
      </address>
    </facility>
  </location>
  <location>
    <facility>
      <name>ZNA Middelheim</name>
      <address>
        <city>Antwerpen</city>
        <zip>2020</zip>
        <country>Belgium</country>
      </address>
    </facility>
  </location>
  <location>
    <facility>
      <name>Cliniques Universitaires Saint-Luc</name>
      <address>
        <city>Brussels</city>
        <zip>1200</zip>
        <country>Belgium</country>
      </address>
    </facility>
  </location>
  <location>
    <facility>
      <name>Universitair Ziekenhuis Brussel</name>
      <address>
        <city>Brussel</city>
        <zip>1090</zip>
        <country>Belgium</country>
      </address>
    </facility>
  </location>
  <location>
    <facility>
      <name>UZ Gent</name>
      <address>
        <city>Gent</city>
        <zip>9000</zip>
        <country>Belgium</country>
      </address>
    </facility>
  </location>
  <location>
    <facility>
      <name>ZNA</name>
      <address>
        <city>Merksem</city>
        <zip>2170</zip>
        <country>Belgium</country>
      </address>
    </facility>
  </location>
  <location>
    <facility>
      <name>Vitaz</name>
      <address>
        <city>Sint-Niklaas</city>
        <zip>9100</zip>
        <country>Belgium</country>
      </address>
    </facility>
  </location>
  <location>
    <facility>
      <name>CHU UCL Namur</name>
      <address>
        <city>Yvoir</city>
        <zip>5530</zip>
        <country>Belgium</country>
      </address>
    </facility>
  </location>
  <location>
    <facility>
      <name>AMO - Assistência Multidisciplinar em Oncologia</name>
      <address>
        <city>Salvador</city>
        <state>Bahia</state>
        <zip>41950-640</zip>
        <country>Brazil</country>
      </address>
    </facility>
  </location>
  <location>
    <facility>
      <name>Hospital Erasto Gaertner - Liga Paranaense de Combate ao Câncer</name>
      <address>
        <city>Curitiba</city>
        <state>Paraná</state>
        <zip>81520-060</zip>
        <country>Brazil</country>
      </address>
    </facility>
  </location>
  <location>
    <facility>
      <name>Instituto de Cancer de Londrina</name>
      <address>
        <city>Londrina</city>
        <state>Paraná</state>
        <zip>86015-520</zip>
        <country>Brazil</country>
      </address>
    </facility>
  </location>
  <location>
    <facility>
      <name>Hospital de Clínicas de Porto Alegre</name>
      <address>
        <city>Porto Alegre</city>
        <state>Rio Grande Do Sul</state>
        <zip>90035-903</zip>
        <country>Brazil</country>
      </address>
    </facility>
  </location>
  <location>
    <facility>
      <name>HGB - Hospital Giovanni Battista - Mãe de Deus Center</name>
      <address>
        <city>Porto Alegre</city>
        <state>Rio Grande Do Sul</state>
        <zip>90110-270</zip>
        <country>Brazil</country>
      </address>
    </facility>
  </location>
  <location>
    <facility>
      <name>Instituto de Oncologia Saint Gallen</name>
      <address>
        <city>Santa Cruz Do Sul</city>
        <state>Rio Grande Do Sul</state>
        <zip>96810-110</zip>
        <country>Brazil</country>
      </address>
    </facility>
  </location>
  <location>
    <facility>
      <name>CEPON - Centro de Pesquisas Oncológicas de Santa Catarina</name>
      <address>
        <city>Florianópolis</city>
        <state>Santa Catarina</state>
        <zip>88034-000</zip>
        <country>Brazil</country>
      </address>
    </facility>
  </location>
  <location>
    <facility>
      <name>Fundação Doutor Amaral Carvalho</name>
      <address>
        <city>Jaú</city>
        <state>Sao Paulo</state>
        <zip>17210-120</zip>
        <country>Brazil</country>
      </address>
    </facility>
  </location>
  <location>
    <facility>
      <name>CEPHO - Centro de Estudos e Pesquisas de Hematologia e Oncologia</name>
      <address>
        <city>Santo André</city>
        <state>Sao Paulo</state>
        <zip>09060-870</zip>
        <country>Brazil</country>
      </address>
    </facility>
  </location>
  <location>
    <facility>
      <name>A. C. Camargo Cancer Center</name>
      <address>
        <city>São Paulo</city>
        <state>Sao Paulo</state>
        <zip>01509-900</zip>
        <country>Brazil</country>
      </address>
    </facility>
  </location>
  <location>
    <facility>
      <name>London Health Sciences Centre (LHSC) - Victoria Hospital</name>
      <address>
        <city>London</city>
        <state>Ontario</state>
        <zip>N6A 5W9</zip>
        <country>Canada</country>
      </address>
    </facility>
  </location>
  <location>
    <facility>
      <name>Toronto Sunnybrook Hospital</name>
      <address>
        <city>Toronto</city>
        <state>Ontario</state>
        <zip>M4N 3M5</zip>
        <country>Canada</country>
      </address>
    </facility>
  </location>
  <location>
    <facility>
      <name>Princess Margaret Cancer Centre</name>
      <address>
        <city>Toronto</city>
        <state>Ontario</state>
        <zip>M5G 2M9</zip>
        <country>Canada</country>
      </address>
    </facility>
  </location>
  <location>
    <facility>
      <name>CIUSSS du Centre Ouest de l'lle de Montreal</name>
      <address>
        <city>Montréal</city>
        <state>Quebec</state>
        <zip>H3T 1E2</zip>
        <country>Canada</country>
      </address>
    </facility>
  </location>
  <location>
    <facility>
      <name>Fakultni nemocnice Hradec Kralove</name>
      <address>
        <city>Hradec Králové</city>
        <zip>500 05</zip>
        <country>Czechia</country>
      </address>
    </facility>
  </location>
  <location>
    <facility>
      <name>Fakultni nemocnice Olomouc</name>
      <address>
        <city>Olomouc</city>
        <zip>79900</zip>
        <country>Czechia</country>
      </address>
    </facility>
  </location>
  <location>
    <facility>
      <name>Fakultni nemocnice Ostrava</name>
      <address>
        <city>Ostrava - Poruba</city>
        <zip>708 52</zip>
        <country>Czechia</country>
      </address>
    </facility>
  </location>
  <location>
    <facility>
      <name>Fakultni nemocnice Kralovske Vinohrady</name>
      <address>
        <city>Praha 10</city>
        <zip>100 34</zip>
        <country>Czechia</country>
      </address>
    </facility>
  </location>
  <location>
    <facility>
      <name>Vseobecna fakultni nemocnice v Praze</name>
      <address>
        <city>Praha 2</city>
        <zip>128 08</zip>
        <country>Czechia</country>
      </address>
    </facility>
  </location>
  <location>
    <facility>
      <name>CHU Nice - Hopital de l Archet 2</name>
      <address>
        <city>Nice cedex 3</city>
        <state>Alpes Maritimes</state>
        <zip>06202</zip>
        <country>France</country>
      </address>
    </facility>
  </location>
  <location>
    <facility>
      <name>Hôpital de la Timone</name>
      <address>
        <city>Marseille cedex 5</city>
        <state>Bouches-du-Rhône</state>
        <zip>13385</zip>
        <country>France</country>
      </address>
    </facility>
  </location>
  <location>
    <facility>
      <name>CHU de Dijon - Hôpital du Bocage</name>
      <address>
        <city>Dijon</city>
        <state>Cote dÝOr</state>
        <zip>21079</zip>
        <country>France</country>
      </address>
    </facility>
  </location>
  <location>
    <facility>
      <name>CHU de Bordeaux - Hôpital Saint André</name>
      <address>
        <city>Bordeaux</city>
        <state>Gironde</state>
        <zip>33075</zip>
        <country>France</country>
      </address>
    </facility>
  </location>
  <location>
    <facility>
      <name>Institut Claudius Regaud - Oncopole</name>
      <address>
        <city>Toulouse</city>
        <state>Haute Garonne</state>
        <zip>31059</zip>
        <country>France</country>
      </address>
    </facility>
  </location>
  <location>
    <facility>
      <name>Hôpital Ambroise Paré</name>
      <address>
        <city>Boulogne-Billancourt</city>
        <state>Hauts De Seine</state>
        <zip>92100</zip>
        <country>France</country>
      </address>
    </facility>
  </location>
  <location>
    <facility>
      <name>CRLCC Eugene Marquis</name>
      <address>
        <city>Rennes cedex</city>
        <state>Ille Et Vilaine</state>
        <zip>35042</zip>
        <country>France</country>
      </address>
    </facility>
  </location>
  <location>
    <facility>
      <name>CHU Tours - Hôpital Trousseau</name>
      <address>
        <city>Chambray-lès-Tours</city>
        <state>Indre Et Loire</state>
        <zip>37170</zip>
        <country>France</country>
      </address>
    </facility>
  </location>
  <location>
    <facility>
      <name>CHU de Grenoble - Hôpital André Michallon</name>
      <address>
        <city>La Tronche</city>
        <state>Isere</state>
        <zip>38700</zip>
        <country>France</country>
      </address>
    </facility>
  </location>
  <location>
    <facility>
      <name>CHU Nantes - Hôtel Dieu</name>
      <address>
        <city>Nantes Cedex 1</city>
        <state>Loire Atlantique</state>
        <zip>44093</zip>
        <country>France</country>
      </address>
    </facility>
  </location>
  <location>
    <facility>
      <name>CHU Saint Etienne - Hôpital Nord</name>
      <address>
        <city>Saint Etienne Cedex 2</city>
        <state>Loire</state>
        <zip>42055</zip>
        <country>France</country>
      </address>
    </facility>
  </location>
  <location>
    <facility>
      <name>Hopital Claude Huriez - CHU Lille</name>
      <address>
        <city>Lille cedex</city>
        <state>Nord</state>
        <zip>59037</zip>
        <country>France</country>
      </address>
    </facility>
  </location>
  <location>
    <facility>
      <name>Hôpital Saint-Louis</name>
      <address>
        <city>Paris Cedex 10</city>
        <state>Paris</state>
        <zip>75010</zip>
        <country>France</country>
      </address>
    </facility>
  </location>
  <location>
    <facility>
      <name>CAC Clermont-Ferrand Centre Jean Perrin</name>
      <address>
        <city>Clermont-Ferrand</city>
        <state>Puy De Dome</state>
        <zip>63000</zip>
        <country>France</country>
      </address>
    </facility>
  </location>
  <location>
    <facility>
      <name>Centre Hospitalier de Pau - Hôpital François Mitterrand</name>
      <address>
        <city>Pau cedex</city>
        <state>Pyrenees Atlantiques</state>
        <zip>64046</zip>
        <country>France</country>
      </address>
    </facility>
  </location>
  <location>
    <facility>
      <name>Centre Hospitalier Lyon Sud</name>
      <address>
        <city>Pierre Bénite cedex</city>
        <state>Rhone</state>
        <zip>69495</zip>
        <country>France</country>
      </address>
    </facility>
  </location>
  <location>
    <facility>
      <name>CHU de Rouen - Hôpital Charles Nicolle</name>
      <address>
        <city>Rouen</city>
        <state>Seine Maritime</state>
        <zip>76031</zip>
        <country>France</country>
      </address>
    </facility>
  </location>
  <location>
    <facility>
      <name>Institut Gustave Roussy</name>
      <address>
        <city>Villejuif cedex</city>
        <state>Val De Marne</state>
        <zip>94805</zip>
        <country>France</country>
      </address>
    </facility>
  </location>
  <location>
    <facility>
      <name>CHU Poitiers - Hôpital la Milétrie</name>
      <address>
        <city>Poitiers</city>
        <state>Vienne</state>
        <zip>86021</zip>
        <country>France</country>
      </address>
    </facility>
  </location>
  <location>
    <facility>
      <name>Universitaetsklinikum Heidelberg</name>
      <address>
        <city>Heidelberg</city>
        <state>Baden Wuerttemberg</state>
        <zip>69120</zip>
        <country>Germany</country>
      </address>
    </facility>
  </location>
  <location>
    <facility>
      <name>Universitaetsklinikum Wuerzburg</name>
      <address>
        <city>Wuerzburg</city>
        <state>Bayern</state>
        <zip>97080</zip>
        <country>Germany</country>
      </address>
    </facility>
  </location>
  <location>
    <facility>
      <name>Elbekliniken Buxtehude GmbH</name>
      <address>
        <city>Buxtehude</city>
        <state>Niedersachsen</state>
        <zip>21614</zip>
        <country>Germany</country>
      </address>
    </facility>
  </location>
  <location>
    <facility>
      <name>Universitaetsklinikum Carl Gustav Carus TU Dresden</name>
      <address>
        <city>Dresden</city>
        <state>Sachsen</state>
        <zip>01307</zip>
        <country>Germany</country>
      </address>
    </facility>
  </location>
  <location>
    <facility>
      <name>Universitaetsklinikum Schleswig-Holstein</name>
      <address>
        <city>Kiel</city>
        <state>Schleswig Holstein</state>
        <zip>24105</zip>
        <country>Germany</country>
      </address>
    </facility>
  </location>
  <location>
    <facility>
      <name>Universitaetsklinikum Hamburg-Eppendorf</name>
      <address>
        <city>Hamburg</city>
        <zip>20246</zip>
        <country>Germany</country>
      </address>
    </facility>
  </location>
  <location>
    <facility>
      <name>General Hospital of Athens Laiko</name>
      <address>
        <city>Athens</city>
        <zip>11527</zip>
        <country>Greece</country>
      </address>
    </facility>
  </location>
  <location>
    <facility>
      <name>Metropolitan Hospital</name>
      <address>
        <city>Néo Fáliro</city>
        <zip>18547</zip>
        <country>Greece</country>
      </address>
    </facility>
  </location>
  <location>
    <facility>
      <name>Bioclinic Thessaloniki</name>
      <address>
        <city>Thessaloníki</city>
        <zip>54622</zip>
        <country>Greece</country>
      </address>
    </facility>
  </location>
  <location>
    <facility>
      <name>Anticancer Hospital of Thessaloniki &quot; Theagenio&quot;</name>
      <address>
        <city>Thessaloníki</city>
        <zip>54639</zip>
        <country>Greece</country>
      </address>
    </facility>
  </location>
  <location>
    <facility>
      <name>Interbalkan Hospital of Thessaloniki</name>
      <address>
        <city>Thessaloníki</city>
        <zip>57001</zip>
        <country>Greece</country>
      </address>
    </facility>
  </location>
  <location>
    <facility>
      <name>Semmelweis Egyetem</name>
      <address>
        <city>Budapest</city>
        <zip>1085</zip>
        <country>Hungary</country>
      </address>
    </facility>
  </location>
  <location>
    <facility>
      <name>Orszagos Onkologiai Intezet</name>
      <address>
        <city>Budapest</city>
        <zip>1122</zip>
        <country>Hungary</country>
      </address>
    </facility>
  </location>
  <location>
    <facility>
      <name>Debreceni Egyetem</name>
      <address>
        <city>Debrecen</city>
        <zip>4032</zip>
        <country>Hungary</country>
      </address>
    </facility>
  </location>
  <location>
    <facility>
      <name>Petz Aladar Egyetemi Oktato Korhaz</name>
      <address>
        <city>Győr</city>
        <zip>9023</zip>
        <country>Hungary</country>
      </address>
    </facility>
  </location>
  <location>
    <facility>
      <name>Pecsi Tudomanyegyetem</name>
      <address>
        <city>Pécs</city>
        <zip>7632</zip>
        <country>Hungary</country>
      </address>
    </facility>
  </location>
  <location>
    <facility>
      <name>Szegedi Tudomanyegyetem Szent-Gyorgyi Albert Klinikai Kozpont</name>
      <address>
        <city>Szeged</city>
        <zip>6720</zip>
        <country>Hungary</country>
      </address>
    </facility>
  </location>
  <location>
    <facility>
      <name>IRCCS Istituto Scientifico Romagnolo Per Lo Studio e La Cura Dei Tumori &quot;Dino Amadori&quot; - IRST</name>
      <address>
        <city>Meldola</city>
        <state>Forli - Cesena</state>
        <zip>47014</zip>
        <country>Italy</country>
      </address>
    </facility>
  </location>
  <location>
    <facility>
      <name>Ospedale San Vincenzo</name>
      <address>
        <city>Taormina</city>
        <state>Messina</state>
        <zip>98039</zip>
        <country>Italy</country>
      </address>
    </facility>
  </location>
  <location>
    <facility>
      <name>Istituto Nazionale Tumori Fondazione G. Pascale</name>
      <address>
        <city>Naples</city>
        <state>Napoli</state>
        <zip>80131</zip>
        <country>Italy</country>
      </address>
    </facility>
  </location>
  <location>
    <facility>
      <name>IRCCS Centro di Riferimento Oncologico</name>
      <address>
        <city>Aviano</city>
        <state>Pordenone</state>
        <zip>33081</zip>
        <country>Italy</country>
      </address>
    </facility>
  </location>
  <location>
    <facility>
      <name>Istituto Tumori Giovanni Paolo II IRCCS Ospedale Oncologico Bari</name>
      <address>
        <city>Bari</city>
        <zip>70124</zip>
        <country>Italy</country>
      </address>
    </facility>
  </location>
  <location>
    <facility>
      <name>Azienda Socio Sanitaria Territoriale Papa Giovanni XXIII (Presidio Papa Giovanni XXIII)</name>
      <address>
        <city>Bergamo</city>
        <zip>24127</zip>
        <country>Italy</country>
      </address>
    </facility>
  </location>
  <location>
    <facility>
      <name>Azienda Sanitaria Ospedaliera S.Croce e Carle</name>
      <address>
        <city>Cuneo</city>
        <zip>12100</zip>
        <country>Italy</country>
      </address>
    </facility>
  </location>
  <location>
    <facility>
      <name>IRCCS Ospedale Policlinico San Martino</name>
      <address>
        <city>Genova</city>
        <zip>16132</zip>
        <country>Italy</country>
      </address>
    </facility>
  </location>
  <location>
    <facility>
      <name>Ospedale San Raffaele</name>
      <address>
        <city>Milano</city>
        <zip>20132</zip>
        <country>Italy</country>
      </address>
    </facility>
  </location>
  <location>
    <facility>
      <name>Fondazione IRCCS Istituto Nazionale dei Tumori</name>
      <address>
        <city>Milano</city>
        <zip>20133</zip>
        <country>Italy</country>
      </address>
    </facility>
  </location>
  <location>
    <facility>
      <name>IEO Istituto Europeo di Oncologia</name>
      <address>
        <city>Milano</city>
        <zip>20141</zip>
        <country>Italy</country>
      </address>
    </facility>
  </location>
  <location>
    <facility>
      <name>IOV - Istituto Oncologico Veneto IRCCS</name>
      <address>
        <city>Padova</city>
        <zip>35128</zip>
        <country>Italy</country>
      </address>
    </facility>
  </location>
  <location>
    <facility>
      <name>Azienda Ospedaliero Universitaria Policlinico Paolo Giaccone</name>
      <address>
        <city>Palermo</city>
        <zip>90127</zip>
        <country>Italy</country>
      </address>
    </facility>
  </location>
  <location>
    <facility>
      <name>Azienda Ospedaliera di Perugia Ospedale S. Maria della Misericordia</name>
      <address>
        <city>Perugia</city>
        <zip>06156</zip>
        <country>Italy</country>
      </address>
    </facility>
  </location>
  <location>
    <facility>
      <name>Azienda Ospedaliero Universitaria Pisana</name>
      <address>
        <city>Pisa</city>
        <zip>56126</zip>
        <country>Italy</country>
      </address>
    </facility>
  </location>
  <location>
    <facility>
      <name>Istituto Nazionale Tumori Regina Elena IRCCS</name>
      <address>
        <city>Roma</city>
        <zip>00144</zip>
        <country>Italy</country>
      </address>
    </facility>
  </location>
  <location>
    <facility>
      <name>IDI-Istituto Dermopatico dell'Immacolata IRCCS</name>
      <address>
        <city>Roma</city>
        <zip>00167</zip>
        <country>Italy</country>
      </address>
    </facility>
  </location>
  <location>
    <facility>
      <name>Policlinico Universitario di Sassari</name>
      <address>
        <city>Sassari</city>
        <zip>07100</zip>
        <country>Italy</country>
      </address>
    </facility>
  </location>
  <location>
    <facility>
      <name>A.O.U. Senese Policlinico Santa Maria alle Scotte</name>
      <address>
        <city>Siena</city>
        <zip>53100</zip>
        <country>Italy</country>
      </address>
    </facility>
  </location>
  <location>
    <facility>
      <name>Azienda Ospedaliero-Universitaria Città della Salute e della Scienza di Torino</name>
      <address>
        <city>Torino</city>
        <zip>10126</zip>
        <country>Italy</country>
      </address>
    </facility>
  </location>
  <location>
    <facility>
      <name>Azienda Sanitaria Universitaria Friuli Centrale</name>
      <address>
        <city>Udine</city>
        <zip>33100</zip>
        <country>Italy</country>
      </address>
    </facility>
  </location>
  <location>
    <facility>
      <name>Antoni van Leeuwenhoek</name>
      <address>
        <city>Amsterdam</city>
        <zip>1066 CX</zip>
        <country>Netherlands</country>
      </address>
    </facility>
  </location>
  <location>
    <facility>
      <name>Universitair Medisch Centrum Groningen (UMCG)</name>
      <address>
        <city>Groningen</city>
        <zip>9713 GZ</zip>
        <country>Netherlands</country>
      </address>
    </facility>
  </location>
  <location>
    <facility>
      <name>Leids Universitair Medisch Centrum</name>
      <address>
        <city>Leiden</city>
        <zip>2333 ZA</zip>
        <country>Netherlands</country>
      </address>
    </facility>
  </location>
  <location>
    <facility>
      <name>Maastricht University Medical Center</name>
      <address>
        <city>Maastricht</city>
        <zip>6202 AZ</zip>
        <country>Netherlands</country>
      </address>
    </facility>
  </location>
  <location>
    <facility>
      <name>Radboudumc</name>
      <address>
        <city>Nijmegen</city>
        <zip>6525 GA</zip>
        <country>Netherlands</country>
      </address>
    </facility>
  </location>
  <location>
    <facility>
      <name>Erasmus MC</name>
      <address>
        <city>Rotterdam</city>
        <zip>3015 GD</zip>
        <country>Netherlands</country>
      </address>
    </facility>
  </location>
  <location>
    <facility>
      <name>UMC Utrecht</name>
      <address>
        <city>Utrecht</city>
        <zip>3508 GA</zip>
        <country>Netherlands</country>
      </address>
    </facility>
  </location>
  <location>
    <facility>
      <name>Isala</name>
      <address>
        <city>Zwolle</city>
        <zip>8025 AB</zip>
        <country>Netherlands</country>
      </address>
    </facility>
  </location>
  <location>
    <facility>
      <name>Oslo University Hospital</name>
      <address>
        <city>Oslo</city>
        <zip>0424</zip>
        <country>Norway</country>
      </address>
    </facility>
  </location>
  <location>
    <facility>
      <name>Ålesund Hospital</name>
      <address>
        <city>Ålesund</city>
        <zip>6017</zip>
        <country>Norway</country>
      </address>
    </facility>
  </location>
  <location>
    <facility>
      <name>Narodowy Instytut Onkologii im. M. Sklodowskiej-Curie - Panstwowy Instytut Badawczy</name>
      <address>
        <city>Gliwice</city>
        <zip>44-102</zip>
        <country>Poland</country>
      </address>
    </facility>
  </location>
  <location>
    <facility>
      <name>Przychodnia Lekarska Komed</name>
      <address>
        <city>Konin</city>
        <zip>62-500</zip>
        <country>Poland</country>
      </address>
    </facility>
  </location>
  <location>
    <facility>
      <name>Centrum Onkologii-Instytut im. M. Sklodowskiej-Curie</name>
      <address>
        <city>Kraków</city>
        <zip>31-115</zip>
        <country>Poland</country>
      </address>
    </facility>
  </location>
  <location>
    <facility>
      <name>Wielkopolskie Centrum Onkologii</name>
      <address>
        <city>Poznań</city>
        <zip>61-866</zip>
        <country>Poland</country>
      </address>
    </facility>
  </location>
  <location>
    <facility>
      <name>Centrum Medyczne Pratia Poznan</name>
      <address>
        <city>Skórzewo</city>
        <zip>60-185</zip>
        <country>Poland</country>
      </address>
    </facility>
  </location>
  <location>
    <facility>
      <name>Narodowy Instytut Onkologii im. Marii Skłodowskiej-Curie - Państwowy Instytut Badawczy</name>
      <address>
        <city>Warszawa</city>
        <zip>02-781</zip>
        <country>Poland</country>
      </address>
    </facility>
  </location>
  <location>
    <facility>
      <name>Dolnoslaskie Centrum Onkologii</name>
      <address>
        <city>Wrocław</city>
        <zip>53-413</zip>
        <country>Poland</country>
      </address>
    </facility>
  </location>
  <location>
    <facility>
      <name>Instituto Português de Oncologia de Lisboa Francisco Gentil, EPE</name>
      <address>
        <city>Lisboa</city>
        <zip>1099-023</zip>
        <country>Portugal</country>
      </address>
    </facility>
  </location>
  <location>
    <facility>
      <name>Centro Hospitalar de Lisboa Norte, E.P.E. - Hospital de Santa Maria</name>
      <address>
        <city>Lisboa</city>
        <zip>1649-035</zip>
        <country>Portugal</country>
      </address>
    </facility>
  </location>
  <location>
    <facility>
      <name>Instituto Português de Oncologia do Porto Francisco Gentil, EPE</name>
      <address>
        <city>Porto</city>
        <zip>4200-072</zip>
        <country>Portugal</country>
      </address>
    </facility>
  </location>
  <location>
    <facility>
      <name>S.C Medisprof S.R.L</name>
      <address>
        <city>Cluj-Napoca</city>
        <zip>400641</zip>
        <country>Romania</country>
      </address>
    </facility>
  </location>
  <location>
    <facility>
      <name>S.C Centrul de Oncologie Sf. Nectarie S.R.L</name>
      <address>
        <city>Craiova</city>
        <zip>200542</zip>
        <country>Romania</country>
      </address>
    </facility>
  </location>
  <location>
    <facility>
      <name>Institutul Regional de Oncologie Iasi</name>
      <address>
        <city>Iasi</city>
        <zip>700483</zip>
        <country>Romania</country>
      </address>
    </facility>
  </location>
  <location>
    <facility>
      <name>Clinical Center &quot;Bezanijska kosa&quot;</name>
      <address>
        <city>Belgrade</city>
        <zip>11000</zip>
        <country>Serbia</country>
      </address>
    </facility>
  </location>
  <location>
    <facility>
      <name>Institute of Oncology and Radiology of Serbia</name>
      <address>
        <city>Belgrade</city>
        <zip>11000</zip>
        <country>Serbia</country>
      </address>
    </facility>
  </location>
  <location>
    <facility>
      <name>Military Medical Academy</name>
      <address>
        <city>Belgrade</city>
        <zip>11000</zip>
        <country>Serbia</country>
      </address>
    </facility>
  </location>
  <location>
    <facility>
      <name>Clinical Center Kragujevac</name>
      <address>
        <city>Kragujevac</city>
        <zip>34000</zip>
        <country>Serbia</country>
      </address>
    </facility>
  </location>
  <location>
    <facility>
      <name>Clinical Center Nis</name>
      <address>
        <city>Niš</city>
        <zip>18000</zip>
        <country>Serbia</country>
      </address>
    </facility>
  </location>
  <location>
    <facility>
      <name>Oncology Institute of Vojvodina</name>
      <address>
        <city>Sremska Kamenica</city>
        <zip>21204</zip>
        <country>Serbia</country>
      </address>
    </facility>
  </location>
  <location>
    <facility>
      <name>National Hospital Oncology</name>
      <address>
        <city>Bloemfontein</city>
        <state>Free State</state>
        <zip>9301</zip>
        <country>South Africa</country>
      </address>
    </facility>
  </location>
  <location>
    <facility>
      <name>Johese Clinical Research: Midstream</name>
      <address>
        <city>Centurion</city>
        <state>Gauteng</state>
        <zip>1692</zip>
        <country>South Africa</country>
      </address>
    </facility>
  </location>
  <location>
    <facility>
      <name>Sandton Oncology Medical Group</name>
      <address>
        <city>Johannesburg</city>
        <state>Gauteng</state>
        <zip>2196</zip>
        <country>South Africa</country>
      </address>
    </facility>
  </location>
  <location>
    <facility>
      <name>ICO Badalona - Hospital Universitari Germans Trias i Pujol</name>
      <address>
        <city>Badalona</city>
        <state>Barcelona</state>
        <zip>08916</zip>
        <country>Spain</country>
      </address>
    </facility>
  </location>
  <location>
    <facility>
      <name>ICO l'Hospitalet - Hospital Duran i Reynals</name>
      <address>
        <city>L'Hospitalet De Llobregat</city>
        <state>Barcelona</state>
        <zip>08908</zip>
        <country>Spain</country>
      </address>
    </facility>
  </location>
  <location>
    <facility>
      <name>Hospital Universitario Virgen de la Arrixaca</name>
      <address>
        <city>El Palmar</city>
        <state>Murcia</state>
        <zip>30120</zip>
        <country>Spain</country>
      </address>
    </facility>
  </location>
  <location>
    <facility>
      <name>Hospital Universitari Vall d'Hebron</name>
      <address>
        <city>Barcelona</city>
        <zip>08035</zip>
        <country>Spain</country>
      </address>
    </facility>
  </location>
  <location>
    <facility>
      <name>Hospital Clinic de Barcelona</name>
      <address>
        <city>Barcelona</city>
        <zip>08036</zip>
        <country>Spain</country>
      </address>
    </facility>
  </location>
  <location>
    <facility>
      <name>Hospital Universitario Reina Sofia</name>
      <address>
        <city>Córdoba</city>
        <zip>14004</zip>
        <country>Spain</country>
      </address>
    </facility>
  </location>
  <location>
    <facility>
      <name>Hospital General Universitario Gregorio Marañon</name>
      <address>
        <city>Madrid</city>
        <zip>28007</zip>
        <country>Spain</country>
      </address>
    </facility>
  </location>
  <location>
    <facility>
      <name>Hospital Universitario Ramon y Cajal</name>
      <address>
        <city>Madrid</city>
        <zip>28034</zip>
        <country>Spain</country>
      </address>
    </facility>
  </location>
  <location>
    <facility>
      <name>Hospital Universitario 12 de Octubre</name>
      <address>
        <city>Madrid</city>
        <zip>28041</zip>
        <country>Spain</country>
      </address>
    </facility>
  </location>
  <location>
    <facility>
      <name>Centro Integral Oncologico Clara Campal</name>
      <address>
        <city>Madrid</city>
        <zip>28050</zip>
        <country>Spain</country>
      </address>
    </facility>
  </location>
  <location>
    <facility>
      <name>Hospital Regional Universitario de Malaga</name>
      <address>
        <city>Málaga</city>
        <zip>29010</zip>
        <country>Spain</country>
      </address>
    </facility>
  </location>
  <location>
    <facility>
      <name>Hospital Clinico Universitario de Valencia</name>
      <address>
        <city>Valencia</city>
        <zip>46010</zip>
        <country>Spain</country>
      </address>
    </facility>
  </location>
  <location>
    <facility>
      <name>Hospital General Universitario de Valencia</name>
      <address>
        <city>Valencia</city>
        <zip>46014</zip>
        <country>Spain</country>
      </address>
    </facility>
  </location>
  <location>
    <facility>
      <name>Karolinska University Hospital</name>
      <address>
        <city>Stockholm</city>
        <zip>17176</zip>
        <country>Sweden</country>
      </address>
    </facility>
  </location>
  <location>
    <facility>
      <name>Norrlands Universitetssjukhus</name>
      <address>
        <city>Umeå</city>
        <zip>901 87</zip>
        <country>Sweden</country>
      </address>
    </facility>
  </location>
  <location>
    <facility>
      <name>Universitaetsspital Zuerich</name>
      <address>
        <city>Zuerich</city>
        <zip>8091</zip>
        <country>Switzerland</country>
      </address>
    </facility>
  </location>
  <location>
    <facility>
      <name>Royal Preston Hospital</name>
      <address>
        <city>Preston</city>
        <state>Lancashire</state>
        <zip>PR2 9HT</zip>
        <country>United Kingdom</country>
      </address>
    </facility>
  </location>
  <location>
    <facility>
      <name>Northern Centre for Cancer Care</name>
      <address>
        <city>Newcastle Upon Tyne</city>
        <state>Tyne &amp; Wear</state>
        <zip>NE7 7DN</zip>
        <country>United Kingdom</country>
      </address>
    </facility>
  </location>
  <location_countries>
    <country>Argentina</country>
    <country>Australia</country>
    <country>Austria</country>
    <country>Belgium</country>
    <country>Brazil</country>
    <country>Canada</country>
    <country>Czechia</country>
    <country>France</country>
    <country>Germany</country>
    <country>Greece</country>
    <country>Hungary</country>
    <country>Italy</country>
    <country>Netherlands</country>
    <country>Norway</country>
    <country>Poland</country>
    <country>Portugal</country>
    <country>Romania</country>
    <country>Serbia</country>
    <country>South Africa</country>
    <country>Spain</country>
    <country>Sweden</country>
    <country>Switzerland</country>
    <country>United Kingdom</country>
  </location_countries>
  <removed_countries>
    <country>Israel</country>
    <country>Russian Federation</country>
    <country>Ukraine</country>
  </removed_countries>
  <verification_date>November 2023</verification_date>
  <study_first_submitted>February 14, 2022</study_first_submitted>
  <study_first_submitted_qc>February 25, 2022</study_first_submitted_qc>
  <study_first_posted type="Actual">March 8, 2022</study_first_posted>
  <last_update_submitted>November 21, 2023</last_update_submitted>
  <last_update_submitted_qc>November 21, 2023</last_update_submitted_qc>
  <last_update_posted type="Actual">November 22, 2023</last_update_posted>
  <responsible_party>
    <responsible_party_type>Sponsor</responsible_party_type>
  </responsible_party>
  <keyword>Melanoma</keyword>
  <keyword>Stage II</keyword>
  <keyword>BRAFV600E/K</keyword>
  <keyword>Adjuvant</keyword>
  <condition_browse>
    <!-- CAUTION:  The following MeSH terms are assigned with an imperfect algorithm            -->
    <mesh_term>Melanoma</mesh_term>
  </condition_browse>
  <patient_data>
    <sharing_ipd>Yes</sharing_ipd>
    <ipd_description>Access to de-identified patient-level data in response to scientifically valid research proposals will be provided 30 days after CHMP opinion. All requests from qualified researchers for access to Columbus AD clinical data and information will be managed through a dedicated Pierre Fabre portal.</ipd_description>
    <ipd_info_type>Study Protocol</ipd_info_type>
    <ipd_info_type>Informed Consent Form (ICF)</ipd_info_type>
    <ipd_time_frame>Study protocol/Informed Consent Form will be made available in Clinical Trial.gov 30 days after the time of CHMP opinion or up to a maximum of 1 year after the end of the trial whichever is earlier.&#xD;
CSR and SAP: 30 days after the time of CHMP opinion or up to a maximum of 1 year after the end of the trial whichever is earlier.</ipd_time_frame>
    <ipd_access_criteria>Pierre Fabre corporate portal</ipd_access_criteria>
  </patient_data>
  <!-- Results have not yet been posted for this study                                          -->
</clinical_study>

