<?xml version="1.0" encoding="UTF-8"?>
<clinical_study rank="364">
  <!-- This xml conforms to an XML Schema at:
    https://clinicaltrials.gov/ct2/html/images/info/public.xsd -->
  <required_header>
    <download_date>ClinicalTrials.gov processed this data on February 06, 2024</download_date>
    <link_text>Link to the current ClinicalTrials.gov record.</link_text>
    <url>https://clinicaltrials.gov/ct2/show/NCT01216696</url>
  </required_header>
  <id_info>
    <org_study_id>NCT-2009-11-02-53</org_study_id>
    <nct_id>NCT01216696</nct_id>
  </id_info>
  <brief_title>Ipilimumab in Patients With Advanced Melanoma and Spontaneous Preexisting Immune Response to NY-ESO-1</brief_title>
  <acronym>CTLA4 NY-ESO-1</acronym>
  <official_title>Phase II Trial of Ipilimumab in Patients With Advanced Melanoma and Spontaneous Preexisting Immune Response to NY-ESO-1</official_title>
  <sponsors>
    <lead_sponsor>
      <agency>National Center for Tumor Diseases, Heidelberg</agency>
      <agency_class>Other</agency_class>
    </lead_sponsor>
    <collaborator>
      <agency>University Hospital Heidelberg</agency>
      <agency_class>Other</agency_class>
    </collaborator>
  </sponsors>
  <source>National Center for Tumor Diseases, Heidelberg</source>
  <oversight_info>
    <has_dmc>Yes</has_dmc>
  </oversight_info>
  <brief_summary>
    <textblock>
      This is an Open-label, single-arm, phase II study of ipilimumab in patients with spontaneous&#xD;
      preexisting immune response to NY-ESO-1.&#xD;
&#xD;
      Preclinical data suggest, that CTLA-4 blockade enhances polyfunctional T cell responses in&#xD;
      patients with melanoma. Thus patients with immunological response to NY-ESO-1 might benefit&#xD;
      from an anti CTLA-4 treatment.&#xD;
&#xD;
      Eligible patients will receive 10 mg/kg ipilimumab every 3 weeks during a 10-week induction&#xD;
      period, followed by a radiological assessment in week 12. Patients with clinical benefit&#xD;
      (partial response, complete response or stable disease according to the immune-related&#xD;
      response criteria) will continue with an ipilimumab administration every 3 months starting at&#xD;
      week 24 up to week 48 until the end of the study or until disease progression,toxicities&#xD;
      requiring discontinuation&#xD;
    </textblock>
  </brief_summary>
  <overall_status>Completed</overall_status>
  <start_date>November 2010</start_date>
  <completion_date type="Actual">August 2016</completion_date>
  <primary_completion_date type="Actual">August 2016</primary_completion_date>
  <phase>Phase 2</phase>
  <study_type>Interventional</study_type>
  <has_expanded_access>No</has_expanded_access>
  <study_design_info>
    <allocation>N/A</allocation>
    <intervention_model>Single Group Assignment</intervention_model>
    <primary_purpose>Treatment</primary_purpose>
    <masking>None (Open Label)</masking>
  </study_design_info>
  <primary_outcome>
    <measure>Disease Control Rate according to immune-related response criteria</measure>
    <time_frame>1 year</time_frame>
    <description>To determine the efficacy of ipilimumab in patients with stage III and stage IV malignant melanoma and spontaneous preexisting immune response to NY-ESO-1.</description>
  </primary_outcome>
  <secondary_outcome>
    <measure>Progression-free survival according to the immune-related response criteria</measure>
    <time_frame>1 year</time_frame>
    <description>To document progression-free survival (PFS) in patients with evaluable or measurable disease after receiving ipilimumab according to the immune-related response criteria (irRC),</description>
  </secondary_outcome>
  <secondary_outcome>
    <measure>Overall Survival at 12 months</measure>
    <time_frame>1 year</time_frame>
    <description>To document overall-survival (OS) rate at 12 months after the first study treatment in patients receiving ipilimumab.</description>
  </secondary_outcome>
  <secondary_outcome>
    <measure>Number of Participants with Adverse Events as a Measure of Safety and Tolerability</measure>
    <time_frame>1 year</time_frame>
    <description>To assess the safety profile of ipilimumab in patients with malignant melanoma stage III and IV and spontaneous preexisting immune response to NY-ESO-1.</description>
  </secondary_outcome>
  <number_of_arms>1</number_of_arms>
  <enrollment type="Actual">25</enrollment>
  <condition>Metastatic Melanoma</condition>
  <arm_group>
    <arm_group_label>Intervention</arm_group_label>
    <arm_group_type>Experimental</arm_group_type>
    <description>Intervention Details:&#xD;
Drug: ipilimumab&#xD;
Eligible patients will receive 10 mg/kg ipilimumab every 3 weeks during a 10-week induction period, followed by a radiological assessment in week 12. Patients with clinical benefit will continue with an ipilimumab administration every 3 months starting at week 24 up to week 48 until the end of the study or until disease progression, toxicities requiring discontinuation , withdrawal of consent,pregnancy, death or lost to follow up whichever occurs first.</description>
  </arm_group>
  <intervention>
    <intervention_type>Drug</intervention_type>
    <intervention_name>ipilimumab</intervention_name>
    <description>Eligible patients will receive 10 mg/kg ipilimumab every 3 weeks during a 10-week induction period, followed by a radiological assessment in week 12. Patients with clinical benefit will continue with an ipilimumab administration every 3 months starting at week 24 up to week 48 until the end of the study or until disease progression, toxicities requiring discontinuation , withdrawal of consent,pregnancy, death or lost to follow up whichever occurs first.</description>
    <arm_group_label>Intervention</arm_group_label>
  </intervention>
  <eligibility>
    <criteria>
      <textblock>
        Inclusion Criteria:&#xD;
&#xD;
          -  Histologic diagnosis of malignant melanoma; unresectable Stage III melanoma or Stage&#xD;
             IV melanoma; Measurable/evaluable disease (as per mWHO criteria), within 28 days&#xD;
             before first dose of study drug;&#xD;
&#xD;
          -  Preexisting spontaneous immune response to NY-ESO-1, defined by positive results in&#xD;
             ELISA above a prespecified cut-off value.&#xD;
&#xD;
          -  Previously treated or untreated metastatic melanoma. The previous treatment must have&#xD;
             been finished at least 28 days before the first ipilimumab administration. Patients&#xD;
             must have recovered from any acute toxicity associated with prior therapy&#xD;
&#xD;
          -  Life expectancy of ≥ 16 weeks;&#xD;
&#xD;
          -  Eastern Cooperative Oncology Group (ECOG) performance status of 0 or 1;&#xD;
&#xD;
          -  Men and women, ages 18 and above.&#xD;
&#xD;
          -  Ability of subject to understand character and individual consequences of the clinical&#xD;
             trial&#xD;
&#xD;
          -  Required values for initial laboratory tests:&#xD;
&#xD;
               -  WBC ≥ 2000/μL&#xD;
&#xD;
               -  ANC ≥ 1000/μL&#xD;
&#xD;
               -  Platelets ≥ 100 x 103/μL&#xD;
&#xD;
               -  Hemoglobin ≥ 9 g/dL (may be transfused)&#xD;
&#xD;
               -  Creatinine ≤ 2 x ULN&#xD;
&#xD;
               -  AST/ALT ≤ 2.5 x ULN for subjects without liver metastasis≤ 5 x ULN for subjects&#xD;
                  with liver metastasis&#xD;
&#xD;
               -  Bilirubin ≤ 2.0 x ULN&#xD;
&#xD;
          -  Women of childbearing potential (WOCBP) must be using an adequate method of&#xD;
             contraception to avoid pregnancy throughout the study&#xD;
&#xD;
        Exclusion Criteria:&#xD;
&#xD;
          -  Brain Metastasis, unless previously treated, off steroids for at least 4 weeks and&#xD;
             considered to be stable (eg, no progression of the treated lesion);&#xD;
&#xD;
          -  Primary ocular or mucosal melanoma&#xD;
&#xD;
          -  Prior malignancy active within the previous 5 years except for locally curable cancers&#xD;
             that have been adequately treated, such as basal or squamous cell skin cancer.&#xD;
&#xD;
          -  Autoimmune disease: subjects with a documented history of inflammatory bowel disease,&#xD;
             including ulcerative colitis and Crohn's disease are excluded from this study as are&#xD;
             subjects with a history of symptomatic disease (e.g., rheumatoid arthritis, systemic&#xD;
             progressive sclerosis [scleroderma], Systemic Lupus Erythematosus, autoimmune&#xD;
             vasculitis [e.g., Wegener's Granulomatosis]). Subjects with motor neuropathy&#xD;
             considered of autoimmune origin (e.g., Guillain-Barre Syndrome) are excluded from this&#xD;
             study&#xD;
&#xD;
          -  Any underlying medical or psychiatric condition, which in the opinion of the&#xD;
             investigator, will make the administration of study drug hazardous or obscure the&#xD;
             interpretation of AEs, such as a condition associated with frequent diarrhea.&#xD;
&#xD;
          -  Previous participation with a NY-ESO 1 derived vaccination study.&#xD;
&#xD;
          -  Inadequate hematologic function defined by an absolute neutrophil count (ANC) &lt;&#xD;
             1,000/mm3, a platelet count &lt; 100,000/mm3, or a hemoglobin level &lt; 9 g/dL;&#xD;
&#xD;
          -  Inadequate hepatic function defined by a total bilirubin level &gt; 2.0 x ULN except&#xD;
             subjects with Gilbert's Syndrome, who must have a total bilirubin &lt; 3.0 ULN. AST and&#xD;
             ALT levels ≥ 2.5 times the ULN, or ≥ 5 times the ULN if liver metastases are present;&#xD;
&#xD;
          -  Inadequate renal function defined by a serum creatinine level ≥ 2.0 times the ULN, or&#xD;
             inadequate creatinine clearance defined as less than 50 mL/min;&#xD;
&#xD;
          -  Positive tests for HIV, Hepatitis B, and Hepatitis C. If positive results are not&#xD;
             indicative of true active or chronic infection, the patient can enter the study after&#xD;
             discussion and agreement with the investigator and the Medical Monitor.&#xD;
&#xD;
          -  Chronic use of immunosuppressants and/or systemic corticosteroids (used in the&#xD;
             management of cancer or non-cancer-related illnesses).&#xD;
&#xD;
          -  Any non-oncology vaccine therapy used for prevention of infectious diseases (for up to&#xD;
             4 weeks prior to or after any dose of ipilimumab);&#xD;
&#xD;
          -  Prior treatment with a CD137 agonist, ipilimumab or other CTLA-4 inhibitor.&#xD;
&#xD;
          -  Prisoners or subjects who are involuntarily incarcerated&#xD;
&#xD;
          -  Participation in other clinical trials or observation period of competing trials,&#xD;
             respectively during the last 30 days before the first application of the&#xD;
             investigational agent .&#xD;
      </textblock>
    </criteria>
    <gender>All</gender>
    <minimum_age>18 Years</minimum_age>
    <maximum_age>N/A</maximum_age>
    <healthy_volunteers>No</healthy_volunteers>
  </eligibility>
  <overall_official>
    <last_name>Dirk Jäger, MD</last_name>
    <role>Principal Investigator</role>
    <affiliation>NCT Heidelberg, Dep. of Medical Oncology</affiliation>
  </overall_official>
  <location>
    <facility>
      <name>NCT, Dep. of Medical Oncology</name>
      <address>
        <city>Heidelberg</city>
        <zip>69120</zip>
        <country>Germany</country>
      </address>
    </facility>
  </location>
  <location_countries>
    <country>Germany</country>
  </location_countries>
  <verification_date>August 2016</verification_date>
  <study_first_submitted>September 27, 2010</study_first_submitted>
  <study_first_submitted_qc>October 6, 2010</study_first_submitted_qc>
  <study_first_posted type="Estimate">October 7, 2010</study_first_posted>
  <last_update_submitted>August 11, 2016</last_update_submitted>
  <last_update_submitted_qc>August 11, 2016</last_update_submitted_qc>
  <last_update_posted type="Estimate">August 12, 2016</last_update_posted>
  <responsible_party>
    <responsible_party_type>Sponsor</responsible_party_type>
  </responsible_party>
  <keyword>ipilimumab</keyword>
  <keyword>melanoma</keyword>
  <keyword>NY-ESO-1</keyword>
  <condition_browse>
    <!-- CAUTION:  The following MeSH terms are assigned with an imperfect algorithm            -->
    <mesh_term>Melanoma</mesh_term>
  </condition_browse>
  <intervention_browse>
    <!-- CAUTION:  The following MeSH terms are assigned with an imperfect algorithm            -->
    <mesh_term>Ipilimumab</mesh_term>
  </intervention_browse>
  <!-- Results have not yet been posted for this study                                          -->
</clinical_study>

