<?xml version="1.0" encoding="UTF-8"?>
<clinical_study rank="196">
  <!-- This xml conforms to an XML Schema at:
    https://clinicaltrials.gov/ct2/html/images/info/public.xsd -->
  <required_header>
    <download_date>ClinicalTrials.gov processed this data on February 06, 2024</download_date>
    <link_text>Link to the current ClinicalTrials.gov record.</link_text>
    <url>https://clinicaltrials.gov/ct2/show/NCT01160445</url>
  </required_header>
  <id_info>
    <org_study_id>100145</org_study_id>
    <secondary_id>10-C-0145</secondary_id>
    <nct_id>NCT01160445</nct_id>
  </id_info>
  <brief_title>Phase II Study of Aldesleukin (IL-2) Following the Administration of Zanolimumab (Anti-CD4mAb) in Metastatic Melanoma and Metastatic Renal Cancer</brief_title>
  <official_title>Phase II Study of Aldesleukin (IL-2) Following the Administration of Zanolimumab (Anti-CD4mAb) in Metastatic Melanoma and Metastatic Renal Cancer</official_title>
  <sponsors>
    <lead_sponsor>
      <agency>National Cancer Institute (NCI)</agency>
      <agency_class>NIH</agency_class>
    </lead_sponsor>
  </sponsors>
  <source>National Institutes of Health Clinical Center (CC)</source>
  <oversight_info>
    <has_dmc>No</has_dmc>
  </oversight_info>
  <brief_summary>
    <textblock>
      Background:&#xD;
&#xD;
        -  Aldesleukin (IL-2) is a drug that can help to shrink tumors in some patients with&#xD;
           metastatic renal cancer and metastatic melanoma. It is possible that removing certain&#xD;
           white blood cells (known as CD4 cells) before IL-2 treatment may improve the treatment&#xD;
           effects.&#xD;
&#xD;
        -  Zanolimumab is an antibody that works by destroying CD4 cells in the blood. Researchers&#xD;
           are interested in determining whether zanolimumab can improve the results of IL-2&#xD;
           treatment if it is given before, during, and after IL-2 treatment. In addition, further&#xD;
           research with zanolimumab may provide more information on how IL-2 treatment causes&#xD;
           tumors to stop growing or shrink.&#xD;
&#xD;
      Objectives:&#xD;
&#xD;
      - To evaluate the effectiveness of IL-2 treatment in conjunction with zanolimumab in&#xD;
      individuals with metastatic cancer.&#xD;
&#xD;
      Eligibility:&#xD;
&#xD;
      - Individuals at least 18 years of age who have been diagnosed with metastatic melanoma or&#xD;
      metastatic kidney cancer.&#xD;
&#xD;
      Design:&#xD;
&#xD;
        -  Eligible participants will be screened with a full physical examination and medical&#xD;
           history, imaging studies, and blood samples, including leukapheresis, to remove a sample&#xD;
           of white blood cells for testing purposes. Participants may also have a colonoscopy and&#xD;
           biopsies if they have received previous treatments that have been known to cause colon&#xD;
           damage.&#xD;
&#xD;
        -  Participants will be treated with zanolimumab and IL-2 treatment for 9 weeks.&#xD;
&#xD;
        -  Zanolimumab will be given on an outpatient basis during weeks 1 through 4, 6, 8, and 9.&#xD;
           In weeks 5 and 7, participants will receive zanolimumab as an inpatient in addition to&#xD;
           IL-2 therapy.&#xD;
&#xD;
        -  Inpatient IL-2 treatment will be given during weeks 5 and 7. Up to 15 doses of IL-2&#xD;
           treatment will be given over a maximum of 5 days, followed by inpatient recovery time.&#xD;
&#xD;
        -  During week 5, participants will have tumor imaging studies prior to receiving&#xD;
           zanolimumab and IL-2 treatment.&#xD;
&#xD;
        -  About 2 weeks after the treatment period, participants will return to the clinical&#xD;
           center for a 2-day evaluation with a physical examination, imaging studies, and blood&#xD;
           samples.&#xD;
&#xD;
        -  Participants whose tumors have responded to treatment will be offered up to two&#xD;
           additional courses of treatment, starting 6 to 8 weeks after the last IL-2 dose.&#xD;
           Subsequent courses will be given exactly as described above in the initial course of&#xD;
           treatment. Participants whose tumors do not respond to treatment will have follow-up&#xD;
           evaluations as required by the study researchers.&#xD;
    </textblock>
  </brief_summary>
  <detailed_description>
    <textblock>
      Background:&#xD;
&#xD;
      Zanolimumab is a human monoclonal antibody (mAb) that specifically recognizes CD4 protein&#xD;
      expressed on a subset of T lymphocytes and on monocytes from humans, and non-human primates.&#xD;
&#xD;
      Ongoing clinical studies have identified a 14 mg/kg dose of zanolimumab weekly as a safe and&#xD;
      efficacious dose. Toxicities of zanolimumab included headache, influenza-like illness,&#xD;
      injection/infusion site reaction, nasopharyngitis, pyrexia, diarrhea, fatigue, and cytokine&#xD;
      release syndrome at the time of infusion.&#xD;
&#xD;
      The current protocol is based on the hypothesis that transient elimination of CD4+&#xD;
      T-regulatory cells with zanolimumab will enhance the clinical effectiveness of aldesleukin&#xD;
      (IL-2) administration by decreasing T-regulatory cell generation.&#xD;
&#xD;
      Objectives:&#xD;
&#xD;
      Primary objective:&#xD;
&#xD;
      Determine the ability of a combination of aldesleukin and zanolimumab (anti-CD4 mAb)&#xD;
      administration to mediate tumor regression in patients with metastatic melanoma and&#xD;
      metastatic kidney cancer.&#xD;
&#xD;
      Secondary objectives:&#xD;
&#xD;
      Determine the rate of depletion and repopulation of CD4+ cells.&#xD;
&#xD;
      Determine the toxicity of this treatment.&#xD;
&#xD;
      Determine the potential for pharmacokinetic interaction between zanolimumab and aldesleukin.&#xD;
&#xD;
      Eligibility:&#xD;
&#xD;
      Patients who are 18 years of age or older must have:&#xD;
&#xD;
      measurable metastatic melanoma or metastatic kidney cancer;&#xD;
&#xD;
      clinical performance status of Eastern Cooperative Oncology Group (ECOG) 0, or 1.&#xD;
&#xD;
      Patients may not have:&#xD;
&#xD;
      previously received high dose aldesleukin.&#xD;
&#xD;
      Design:&#xD;
&#xD;
      Patients will receive zanolimumab at a dose of 14 mg/kg as an intravenous (i.v.) infusion&#xD;
      weekly for 9 weeks. After the fifth and seventh dose of zanolimumab, aldesleukin will&#xD;
      administered as an i.v. bolus at a dose of 720,000 IU/kg every 8 hours for a maximum of 15&#xD;
      doses.&#xD;
&#xD;
      Patients will undergo complete evaluation of tumor with physical examination, computed&#xD;
      tomography (CT) and clinical laboratory evaluation 2 weeks after zanolimumab administration.&#xD;
      If the patient has stable disease (SD) or tumor shrinkage, repeat complete evaluations will&#xD;
      be performed every 1-3 months. After the first year, patients continuing to respond will be&#xD;
      followed with this evaluation every 3-4 months until off study criteria are met.&#xD;
&#xD;
      If patients have stable disease or a partial response to treatment after the initial&#xD;
      evaluation, or if a patient recurs or progresses after a clinical response, they may be&#xD;
      eligible for re-treatment.&#xD;
&#xD;
      Patients will be entered into one of two strata: metastatic melanoma or metastatic renal&#xD;
      cancer. Each of the strata will be conducted using an optimal two-stage phase II design to&#xD;
      rule out an unacceptably low 15% clinical response rate, in favor of a modestly high response&#xD;
      rate of 35% (p1=0.35).&#xD;
    </textblock>
  </detailed_description>
  <overall_status>Terminated</overall_status>
  <why_stopped>
    The study was terminated because we were not able to obtain the study drug.&#xD;
  </why_stopped>
  <start_date>June 2010</start_date>
  <completion_date type="Actual">January 2012</completion_date>
  <primary_completion_date type="Actual">January 2012</primary_completion_date>
  <phase>Phase 2</phase>
  <study_type>Interventional</study_type>
  <has_expanded_access>No</has_expanded_access>
  <study_design_info>
    <allocation>Non-Randomized</allocation>
    <intervention_model>Single Group Assignment</intervention_model>
    <primary_purpose>Treatment</primary_purpose>
    <masking>None (Open Label)</masking>
  </study_design_info>
  <primary_outcome>
    <measure>The Ability of a Combination of Aldesleukin (IL-2) and Zanolimumab (Anti-CD4 mAb) Administration to Mediate Tumor Regression in Patients With Metastatic Melanoma and Metastatic Kidney Cancer.</measure>
    <time_frame>2 years</time_frame>
    <description>Tumor regression was assessed by the Response Criteria in Solid Tumors (RECIST). Complete response (CR) is disappearance of all target lesions. Partial response (PR) is at least a 30% decrease in the sum of the longest diameter (LD) of target lesions taking as reference the baseline sum LD. Progressive disease (PD) is at least a 20% in the sum of the longest diameter (LD) recorded since the treatment started. Stable disease (SD) is neither sufficient shrinkage to qualify for PR, nor sufficient increase to qualify for PD taking as reference the smallest sum LD.</description>
  </primary_outcome>
  <secondary_outcome>
    <measure>Toxicity of Zanolimumab and IL-2 Treatment Regimen</measure>
    <time_frame>10 months</time_frame>
    <description>Here is the number of participants with adverse events. For a detailed list of adverse events see the adverse event module.</description>
  </secondary_outcome>
  <number_of_arms>2</number_of_arms>
  <enrollment type="Actual">9</enrollment>
  <condition>Metastatic Melanoma</condition>
  <condition>Metastatic Renal Cancer</condition>
  <arm_group>
    <arm_group_label>HD IL-2 + Zanolimumab - Melanoma</arm_group_label>
    <arm_group_type>Experimental</arm_group_type>
    <description>Patients with metastatic melanoma Zanolimumab 14 mg/kg as an intravenous infusion weekly (+/- 3 days) for 9 weeks.&#xD;
Aldesleukin (IL-2) 720,000 IU/kg every 8 hours for a maximum of 15 doses.</description>
  </arm_group>
  <arm_group>
    <arm_group_label>HD IL-2 + Zanolimumab - Renal Cell</arm_group_label>
    <arm_group_type>Experimental</arm_group_type>
    <description>Patients with metastatic renal cancer Zanolimumab 14 mg/kg as an intravenous infusion weekly (+/- 3 days) for 9 weeks.&#xD;
Aldesleukin (IL-2) 720,000 IU/kg every 8 hours for a maximum of 15 doses.</description>
  </arm_group>
  <intervention>
    <intervention_type>Drug</intervention_type>
    <intervention_name>Zanolimumab</intervention_name>
    <description>14 mg/kg as an intravenous infusion weekly (+/- 3 days) for 9 weeks.</description>
    <arm_group_label>HD IL-2 + Zanolimumab - Melanoma</arm_group_label>
    <arm_group_label>HD IL-2 + Zanolimumab - Renal Cell</arm_group_label>
    <other_name>HuMax-CD4</other_name>
  </intervention>
  <intervention>
    <intervention_type>Drug</intervention_type>
    <intervention_name>Aldesleukin</intervention_name>
    <description>720,000 IU/kg every 8 hours for a maximum of 15 doses.</description>
    <arm_group_label>HD IL-2 + Zanolimumab - Melanoma</arm_group_label>
    <arm_group_label>HD IL-2 + Zanolimumab - Renal Cell</arm_group_label>
    <other_name>IL-2</other_name>
  </intervention>
  <eligibility>
    <criteria>
      <textblock>
        -  INCLUSION CRITERIA:&#xD;
&#xD;
          -  Measurable metastatic melanoma or metastatic renal cancer. Metastatic cancer diagnosis&#xD;
             will be confirmed by the Laboratory of Pathology at the National Cancer Institute&#xD;
             (NCI).&#xD;
&#xD;
          -  Patients must never have received high dose aldesleukin.&#xD;
&#xD;
          -  Greater than or equal to 18 years of age.&#xD;
&#xD;
          -  Willing to sign a durable power of attorney&#xD;
&#xD;
          -  Able to understand and sign the Informed Consent Document&#xD;
&#xD;
          -  Clinical performance status of Eastern Cooperative Oncology Group (ECOG) 0 or 1.&#xD;
&#xD;
          -  Life expectancy of greater than three months.&#xD;
&#xD;
          -  Patients of both genders must be willing to practice birth control for four months&#xD;
             after receiving treatment.&#xD;
&#xD;
          -  Serology:&#xD;
&#xD;
               -  Seronegative for human immunodeficiency virus (HIV) antibody. (The experimental&#xD;
                  treatment being evaluated in this protocol depends on an intact immune system.&#xD;
                  Patients who are HIV seropositive can have decreased immune-competence and thus&#xD;
                  be less responsive to the experimental treatment and more susceptible to its&#xD;
                  toxicities.)&#xD;
&#xD;
               -  Seronegative for hepatitis B antigen and hepatitis C antibody unless antigen&#xD;
                  negative.&#xD;
&#xD;
               -  Women of child-bearing potential must have a negative pregnancy test because of&#xD;
                  the potentially dangerous effects of the therapy on the fetus.&#xD;
&#xD;
          -  Hematology:&#xD;
&#xD;
               -  Absolute neutrophil count greater than 1000/mm^3 without the support of&#xD;
                  filgrastim.&#xD;
&#xD;
               -  White blood cell (WBC) (greater than 3000/mm^3).&#xD;
&#xD;
               -  Platelet count greater than 100,000/mm^3.&#xD;
&#xD;
               -  Hemoglobin greater than 8.0 g/dl.&#xD;
&#xD;
          -  Chemistry:&#xD;
&#xD;
               -  Serum alanine aminotransferase (ALT)/aspartate aminotransferase (AST) less or&#xD;
                  equal to 2.5 times the upper limit of normal.&#xD;
&#xD;
               -  Serum creatinine less than or equal to 1.6 mg/dl.&#xD;
&#xD;
               -  Total bilirubin less than or equal to 1.5 mg/dl, except in patients with&#xD;
                  Gilbert's Syndrome who must have a total bilirubin less than 3.0 mg/dl.&#xD;
&#xD;
          -  More than four weeks must have elapsed since any prior systemic therapy at the time&#xD;
             the patient receives zanolimumab, and patient's toxicities must have recovered to a&#xD;
             grade 1 or less (except for toxicities such as alopecia or vitiligo).&#xD;
&#xD;
          -  Six weeks must have elapsed since prior anti-cytotoxic T-lymphocyte antigen 4 (CTLA4)&#xD;
             antibody therapy to allow antibody levels to decline, and patients who have previously&#xD;
             received anti-CTLA4 antibody and have documented gastrointestinal (GI) toxicity must&#xD;
             have a normal colonoscopy with normal colonic biopsies.&#xD;
&#xD;
        EXCLUSION CRITERIA:&#xD;
&#xD;
          -  Women of child-bearing potential who are pregnant or breastfeeding because of the&#xD;
             potentially dangerous effects of the therapy on the fetus or infant.&#xD;
&#xD;
          -  Active systemic infections, coagulation disorders or other major medical illnesses of&#xD;
             the cardiovascular, respiratory or immune system, myocardial infarction, cardiac&#xD;
             arrhythmias, obstructive or restrictive pulmonary disease.&#xD;
&#xD;
          -  Any form of primary immunodeficiency (such as Severe Combined Immunodeficiency&#xD;
             Disease).&#xD;
&#xD;
          -  Concurrent opportunistic infections (The experimental treatment being evaluated in&#xD;
             this protocol depends on an intact immune system. Patients who have decreased immune&#xD;
             competence may be less responsive to the experimental treatment and more susceptible&#xD;
             to its toxicities).&#xD;
&#xD;
          -  Concurrent systemic steroid therapy&#xD;
&#xD;
          -  History of severe immediate hypersensitivity reaction to any of the agents used in&#xD;
             this study. History of coronary revascularization or ischemic symptoms&#xD;
&#xD;
          -  Any patient known to have an left ventricular ejection fraction (LVEF) less than or&#xD;
             equal to 45%.&#xD;
&#xD;
          -  Documented LVEF of less than or equal to 45% tested in patients with:&#xD;
&#xD;
               -  History of ischemic heart disease, chest pain, or clinically significant atrial&#xD;
                  and/or ventricular arrhythmias including but not limited to: atrial fibrillation,&#xD;
                  ventricular tachycardia, second or third degree heart block&#xD;
&#xD;
               -  Age greater than or equal to 60 years old.&#xD;
&#xD;
          -  Documented forced expiratory volume 1 (FEV1) less than or equal to 60% predicted&#xD;
             tested in patients with:&#xD;
&#xD;
               -  A prolonged history of cigarette smoking (20 pack year of smoking within the past&#xD;
                  2 years).&#xD;
&#xD;
               -  Symptoms of respiratory dysfunction&#xD;
      </textblock>
    </criteria>
    <gender>All</gender>
    <minimum_age>18 Years</minimum_age>
    <maximum_age>N/A</maximum_age>
    <healthy_volunteers>No</healthy_volunteers>
  </eligibility>
  <overall_official>
    <last_name>David S Schrump, M.D.</last_name>
    <role>Principal Investigator</role>
    <affiliation>National Cancer Institute (NCI)</affiliation>
  </overall_official>
  <location>
    <facility>
      <name>National Institutes of Health Clinical Center, 9000 Rockville Pike</name>
      <address>
        <city>Bethesda</city>
        <state>Maryland</state>
        <zip>20892</zip>
        <country>United States</country>
      </address>
    </facility>
  </location>
  <location_countries>
    <country>United States</country>
  </location_countries>
  <reference>
    <citation>Ahmadzadeh M, Antony PA, Rosenberg SA. IL-2 and IL-15 each mediate de novo induction of FOXP3 expression in human tumor antigen-specific CD8 T cells. J Immunother. 2007 Apr;30(3):294-302. doi: 10.1097/CJI.0b013e3180336787.</citation>
    <PMID>17414320</PMID>
  </reference>
  <reference>
    <citation>Rosenberg SA. A new era for cancer immunotherapy based on the genes that encode cancer antigens. Immunity. 1999 Mar;10(3):281-7. doi: 10.1016/s1074-7613(00)80028-x. No abstract available.</citation>
    <PMID>10204484</PMID>
  </reference>
  <reference>
    <citation>Asano M, Toda M, Sakaguchi N, Sakaguchi S. Autoimmune disease as a consequence of developmental abnormality of a T cell subpopulation. J Exp Med. 1996 Aug 1;184(2):387-96. doi: 10.1084/jem.184.2.387.</citation>
    <PMID>8760792</PMID>
  </reference>
  <verification_date>September 2015</verification_date>
  <study_first_submitted>July 9, 2010</study_first_submitted>
  <study_first_submitted_qc>July 9, 2010</study_first_submitted_qc>
  <study_first_posted type="Estimate">July 12, 2010</study_first_posted>
  <results_first_submitted>November 7, 2012</results_first_submitted>
  <results_first_submitted_qc>November 7, 2012</results_first_submitted_qc>
  <results_first_posted type="Estimate">December 11, 2012</results_first_posted>
  <last_update_submitted>October 6, 2015</last_update_submitted>
  <last_update_submitted_qc>October 6, 2015</last_update_submitted_qc>
  <last_update_posted type="Estimate">October 28, 2015</last_update_posted>
  <responsible_party>
    <responsible_party_type>Principal Investigator</responsible_party_type>
    <investigator_affiliation>National Institutes of Health Clinical Center (CC)</investigator_affiliation>
    <investigator_full_name>Steven Rosenberg, M.D.</investigator_full_name>
    <investigator_title>Principal Investigator</investigator_title>
  </responsible_party>
  <keyword>Metastatic Melanoma</keyword>
  <keyword>Metastatic Kidney Cancer</keyword>
  <keyword>Clinical Performance</keyword>
  <keyword>Tumor Regression</keyword>
  <keyword>Toxicity</keyword>
  <condition_browse>
    <!-- CAUTION:  The following MeSH terms are assigned with an imperfect algorithm            -->
    <mesh_term>Melanoma</mesh_term>
    <mesh_term>Kidney Neoplasms</mesh_term>
    <mesh_term>Carcinoma, Renal Cell</mesh_term>
  </condition_browse>
  <intervention_browse>
    <!-- CAUTION:  The following MeSH terms are assigned with an imperfect algorithm            -->
    <mesh_term>Aldesleukin</mesh_term>
    <mesh_term>Zanolimumab</mesh_term>
  </intervention_browse>

  <clinical_results>

    <participant_flow>
      <group_list>
        <group group_id="P1">
          <title>HD IL-2 + Zanolimumab - Melanoma</title>
          <description>Patients with metastatic melanoma&#xD;
Zanolimumab 14 mg/kg as an intravenous infusion weekly (+/- 3 days) for 9 weeks.&#xD;
Aldesleukin (IL-2) 720,000 IU/kg every 8 hours for a maximum of 15 doses.</description>
        </group>
        <group group_id="P2">
          <title>HD IL-2 + Zanolimumab - Renal Cell</title>
          <description>Patients with metastatic renal cancer&#xD;
Zanolimumab 14 mg/kg as an intravenous infusion weekly (+/- 3 days) for 9 weeks.&#xD;
Aldesleukin (IL-2) 720,000 IU/kg every 8 hours for a maximum of 15 doses.</description>
        </group>
      </group_list>
      <period_list>
        <period>
          <title>Overall Study</title>
          <milestone_list>
            <milestone>
              <title>STARTED</title>
              <participants_list>
                <participants group_id="P1" count="7"/>
                <participants group_id="P2" count="2"/>
              </participants_list>
            </milestone>
            <milestone>
              <title>COMPLETED</title>
              <participants_list>
                <participants group_id="P1" count="7"/>
                <participants group_id="P2" count="2"/>
              </participants_list>
            </milestone>
            <milestone>
              <title>NOT COMPLETED</title>
              <participants_list>
                <participants group_id="P1" count="0"/>
                <participants group_id="P2" count="0"/>
              </participants_list>
            </milestone>
          </milestone_list>
        </period>
      </period_list>
    </participant_flow>

    <baseline>
      <group_list>
        <group group_id="B1">
          <title>HD IL-2 + Zanolimumab - Melanoma</title>
          <description>Patients with metastatic melanoma Zanolimumab 14 mg/kg as an intravenous infusion weekly (+/- 3 days) for 9 weeks.&#xD;
Aldesleukin (IL-2) 720,000 IU/kg every 8 hours for a maximum of 15 doses.</description>
        </group>
        <group group_id="B2">
          <title>HD IL-2 + Zanolimumab - Renal Cell</title>
          <description>Patients with metastatic renal cancer&#xD;
Zanolimumab 14 mg/kg as an intravenous infusion weekly (+/- 3 days) for 9 weeks.&#xD;
Aldesleukin (IL-2) 720,000 IU/kg every 8 hours for a maximum of 15 doses.</description>
        </group>
        <group group_id="B3">
          <title>Total</title>
          <description>Total of all reporting groups</description>
        </group>
      </group_list>
      <analyzed_list>
        <analyzed>
          <units>Participants</units>
          <scope>Overall</scope>
          <count_list>
            <count group_id="B1" value="7"/>
            <count group_id="B2" value="2"/>
            <count group_id="B3" value="9"/>
          </count_list>
        </analyzed>
      </analyzed_list>
      <measure_list>
        <measure>
          <title>Age</title>
          <units>Participants</units>
          <param>Count of Participants</param>
          <class_list>
            <class>
              <category_list>
                <category>
                  <title>&lt;=18 years</title>
                  <measurement_list>
                    <measurement group_id="B1" value="0"/>
                    <measurement group_id="B2" value="0"/>
                    <measurement group_id="B3" value="0"/>
                  </measurement_list>
                </category>
                <category>
                  <title>Between 18 and 65 years</title>
                  <measurement_list>
                    <measurement group_id="B1" value="7"/>
                    <measurement group_id="B2" value="1"/>
                    <measurement group_id="B3" value="8"/>
                  </measurement_list>
                </category>
                <category>
                  <title>&gt;=65 years</title>
                  <measurement_list>
                    <measurement group_id="B1" value="0"/>
                    <measurement group_id="B2" value="1"/>
                    <measurement group_id="B3" value="1"/>
                  </measurement_list>
                </category>
              </category_list>
            </class>
          </class_list>
        </measure>
        <measure>
          <title>Age</title>
          <units>years</units>
          <param>Mean</param>
          <dispersion>Standard Deviation</dispersion>
          <class_list>
            <class>
              <category_list>
                <category>
                  <measurement_list>
                    <measurement group_id="B1" value="47.7" spread="12.9"/>
                    <measurement group_id="B2" value="61.0" spread="5.7"/>
                    <measurement group_id="B3" value="50.7" spread="12.8"/>
                  </measurement_list>
                </category>
              </category_list>
            </class>
          </class_list>
        </measure>
        <measure>
          <title>Sex: Female, Male</title>
          <units>Participants</units>
          <param>Count of Participants</param>
          <class_list>
            <class>
              <category_list>
                <category>
                  <title>Female</title>
                  <measurement_list>
                    <measurement group_id="B1" value="5"/>
                    <measurement group_id="B2" value="0"/>
                    <measurement group_id="B3" value="5"/>
                  </measurement_list>
                </category>
                <category>
                  <title>Male</title>
                  <measurement_list>
                    <measurement group_id="B1" value="2"/>
                    <measurement group_id="B2" value="2"/>
                    <measurement group_id="B3" value="4"/>
                  </measurement_list>
                </category>
              </category_list>
            </class>
          </class_list>
        </measure>
        <measure>
          <title>Ethnicity (NIH/OMB)</title>
          <units>Participants</units>
          <param>Count of Participants</param>
          <class_list>
            <class>
              <category_list>
                <category>
                  <title>Hispanic or Latino</title>
                  <measurement_list>
                    <measurement group_id="B1" value="0"/>
                    <measurement group_id="B2" value="0"/>
                    <measurement group_id="B3" value="0"/>
                  </measurement_list>
                </category>
                <category>
                  <title>Not Hispanic or Latino</title>
                  <measurement_list>
                    <measurement group_id="B1" value="7"/>
                    <measurement group_id="B2" value="2"/>
                    <measurement group_id="B3" value="9"/>
                  </measurement_list>
                </category>
                <category>
                  <title>Unknown or Not Reported</title>
                  <measurement_list>
                    <measurement group_id="B1" value="0"/>
                    <measurement group_id="B2" value="0"/>
                    <measurement group_id="B3" value="0"/>
                  </measurement_list>
                </category>
              </category_list>
            </class>
          </class_list>
        </measure>
        <measure>
          <title>Race (NIH/OMB)</title>
          <units>Participants</units>
          <param>Count of Participants</param>
          <class_list>
            <class>
              <category_list>
                <category>
                  <title>American Indian or Alaska Native</title>
                  <measurement_list>
                    <measurement group_id="B1" value="0"/>
                    <measurement group_id="B2" value="0"/>
                    <measurement group_id="B3" value="0"/>
                  </measurement_list>
                </category>
                <category>
                  <title>Asian</title>
                  <measurement_list>
                    <measurement group_id="B1" value="0"/>
                    <measurement group_id="B2" value="0"/>
                    <measurement group_id="B3" value="0"/>
                  </measurement_list>
                </category>
                <category>
                  <title>Native Hawaiian or Other Pacific Islander</title>
                  <measurement_list>
                    <measurement group_id="B1" value="0"/>
                    <measurement group_id="B2" value="0"/>
                    <measurement group_id="B3" value="0"/>
                  </measurement_list>
                </category>
                <category>
                  <title>Black or African American</title>
                  <measurement_list>
                    <measurement group_id="B1" value="0"/>
                    <measurement group_id="B2" value="0"/>
                    <measurement group_id="B3" value="0"/>
                  </measurement_list>
                </category>
                <category>
                  <title>White</title>
                  <measurement_list>
                    <measurement group_id="B1" value="7"/>
                    <measurement group_id="B2" value="2"/>
                    <measurement group_id="B3" value="9"/>
                  </measurement_list>
                </category>
                <category>
                  <title>More than one race</title>
                  <measurement_list>
                    <measurement group_id="B1" value="0"/>
                    <measurement group_id="B2" value="0"/>
                    <measurement group_id="B3" value="0"/>
                  </measurement_list>
                </category>
                <category>
                  <title>Unknown or Not Reported</title>
                  <measurement_list>
                    <measurement group_id="B1" value="0"/>
                    <measurement group_id="B2" value="0"/>
                    <measurement group_id="B3" value="0"/>
                  </measurement_list>
                </category>
              </category_list>
            </class>
          </class_list>
        </measure>
        <measure>
          <title>Region of Enrollment</title>
          <units>participants</units>
          <param>Number</param>
          <class_list>
            <class>
              <title>United States</title>
              <category_list>
                <category>
                  <measurement_list>
                    <measurement group_id="B1" value="7"/>
                    <measurement group_id="B2" value="2"/>
                    <measurement group_id="B3" value="9"/>
                  </measurement_list>
                </category>
              </category_list>
            </class>
          </class_list>
        </measure>
      </measure_list>
    </baseline>

    <outcome_list>
      <outcome>
        <type>Primary</type>
        <title>The Ability of a Combination of Aldesleukin (IL-2) and Zanolimumab (Anti-CD4 mAb) Administration to Mediate Tumor Regression in Patients With Metastatic Melanoma and Metastatic Kidney Cancer.</title>
        <description>Tumor regression was assessed by the Response Criteria in Solid Tumors (RECIST). Complete response (CR) is disappearance of all target lesions. Partial response (PR) is at least a 30% decrease in the sum of the longest diameter (LD) of target lesions taking as reference the baseline sum LD. Progressive disease (PD) is at least a 20% in the sum of the longest diameter (LD) recorded since the treatment started. Stable disease (SD) is neither sufficient shrinkage to qualify for PR, nor sufficient increase to qualify for PD taking as reference the smallest sum LD.</description>
        <time_frame>2 years</time_frame>
        <group_list>
          <group group_id="O1">
            <title>HD IL-2 + Zanolimumab - Melanoma</title>
            <description>Patients with metastatic melanoma Zanolimumab 14 mg/kg as an intravenous infusion weekly (+/- 3 days) for 9 weeks.&#xD;
Aldesleukin (IL-2) 720,000 IU/kg every 8 hours for a maximum of 15 doses.</description>
          </group>
          <group group_id="O2">
            <title>HD IL-2 + Zanolimumab - Renal Cell</title>
            <description>Patients with metastatic renal cancer&#xD;
Zanolimumab 14 mg/kg as an intravenous infusion weekly (+/- 3 days) for 9 weeks.&#xD;
Aldesleukin (IL-2) 720,000 IU/kg every 8 hours for a maximum of 15 doses.</description>
          </group>
        </group_list>
        <measure>
          <title>The Ability of a Combination of Aldesleukin (IL-2) and Zanolimumab (Anti-CD4 mAb) Administration to Mediate Tumor Regression in Patients With Metastatic Melanoma and Metastatic Kidney Cancer.</title>
          <description>Tumor regression was assessed by the Response Criteria in Solid Tumors (RECIST). Complete response (CR) is disappearance of all target lesions. Partial response (PR) is at least a 30% decrease in the sum of the longest diameter (LD) of target lesions taking as reference the baseline sum LD. Progressive disease (PD) is at least a 20% in the sum of the longest diameter (LD) recorded since the treatment started. Stable disease (SD) is neither sufficient shrinkage to qualify for PR, nor sufficient increase to qualify for PD taking as reference the smallest sum LD.</description>
          <units>Participants</units>
          <param>Number</param>
          <analyzed_list>
            <analyzed>
              <units>Participants</units>
              <scope>Measure</scope>
              <count_list>
                <count group_id="O1" value="7"/>
                <count group_id="O2" value="2"/>
              </count_list>
            </analyzed>
          </analyzed_list>
          <class_list>
            <class>
              <title>Complete Response</title>
              <category_list>
                <category>
                  <measurement_list>
                    <measurement group_id="O1" value="0"/>
                    <measurement group_id="O2" value="0"/>
                  </measurement_list>
                </category>
              </category_list>
            </class>
            <class>
              <title>Partial Response</title>
              <category_list>
                <category>
                  <measurement_list>
                    <measurement group_id="O1" value="0"/>
                    <measurement group_id="O2" value="0"/>
                  </measurement_list>
                </category>
              </category_list>
            </class>
            <class>
              <title>Stable Disease</title>
              <category_list>
                <category>
                  <measurement_list>
                    <measurement group_id="O1" value="0"/>
                    <measurement group_id="O2" value="0"/>
                  </measurement_list>
                </category>
              </category_list>
            </class>
            <class>
              <title>Progressive Disease</title>
              <category_list>
                <category>
                  <measurement_list>
                    <measurement group_id="O1" value="7"/>
                    <measurement group_id="O2" value="2"/>
                  </measurement_list>
                </category>
              </category_list>
            </class>
          </class_list>
        </measure>
      </outcome>
      <outcome>
        <type>Secondary</type>
        <title>Toxicity of Zanolimumab and IL-2 Treatment Regimen</title>
        <description>Here is the number of participants with adverse events. For a detailed list of adverse events see the adverse event module.</description>
        <time_frame>10 months</time_frame>
        <group_list>
          <group group_id="O1">
            <title>HD IL-2 + Zanolimumab - Melanoma</title>
            <description>Patients with metastatic melanoma Zanolimumab 14 mg/kg as an intravenous infusion weekly (+/- 3 days) for 9 weeks.&#xD;
Aldesleukin (IL-2) 720,000 IU/kg every 8 hours for a maximum of 15 doses.</description>
          </group>
          <group group_id="O2">
            <title>HD IL-2 + Zanolimumab - Renal Cell</title>
            <description>Patients with metastatic renal cancer&#xD;
Zanolimumab 14 mg/kg as an intravenous infusion weekly (+/- 3 days) for 9 weeks.&#xD;
Aldesleukin (IL-2) 720,000 IU/kg every 8 hours for a maximum of 15 doses.</description>
          </group>
        </group_list>
        <measure>
          <title>Toxicity of Zanolimumab and IL-2 Treatment Regimen</title>
          <description>Here is the number of participants with adverse events. For a detailed list of adverse events see the adverse event module.</description>
          <units>Participants</units>
          <param>Number</param>
          <analyzed_list>
            <analyzed>
              <units>Participants</units>
              <scope>Measure</scope>
              <count_list>
                <count group_id="O1" value="7"/>
                <count group_id="O2" value="2"/>
              </count_list>
            </analyzed>
          </analyzed_list>
          <class_list>
            <class>
              <category_list>
                <category>
                  <measurement_list>
                    <measurement group_id="O1" value="7"/>
                    <measurement group_id="O2" value="2"/>
                  </measurement_list>
                </category>
              </category_list>
            </class>
          </class_list>
        </measure>
      </outcome>
    </outcome_list>

    <reported_events>
      <group_list>
        <group group_id="E1">
          <title>HD IL-2 + Zanolimumab - Melanoma</title>
          <description>Patients with metastatic melanoma Zanolimumab 14 mg/kg as an intravenous infusion weekly (+/- 3 days) for 9 weeks.&#xD;
Aldesleukin (IL-2) 720,000 IU/kg every 8 hours for a maximum of 15 doses.</description>
        </group>
        <group group_id="E2">
          <title>HD IL-2 + Zanolimumab - Renal Cell</title>
          <description>Patients with metastatic renal cancer&#xD;
Zanolimumab 14 mg/kg as an intravenous infusion weekly (+/- 3 days) for 9 weeks.&#xD;
Aldesleukin (IL-2) 720,000 IU/kg every 8 hours for a maximum of 15 doses.</description>
        </group>
      </group_list>
      <serious_events>
        <category_list>
          <category>
            <title>Total</title>
            <event_list>
              <event>
                <sub_title>Total, serious adverse events</sub_title>
                <counts group_id="E1" subjects_affected="0" subjects_at_risk="7"/>
                <counts group_id="E2" subjects_affected="0" subjects_at_risk="2"/>
              </event>
            </event_list>
          </category>
        </category_list>
      </serious_events>
      <other_events>
        <frequency_threshold>0</frequency_threshold>
        <default_vocab>CTCAE (3.0)</default_vocab>
        <default_assessment>Systematic Assessment</default_assessment>
        <category_list>
          <category>
            <title>Total</title>
            <event_list>
              <event>
                <sub_title>Total, other adverse events</sub_title>
                <counts group_id="E1" subjects_affected="7" subjects_at_risk="7"/>
                <counts group_id="E2" subjects_affected="2" subjects_at_risk="2"/>
              </event>
            </event_list>
          </category>
          <category>
            <title>Blood and lymphatic system disorders</title>
            <event_list>
              <event>
                <sub_title>Hemoglobin</sub_title>
                <counts group_id="E1" events="14" subjects_affected="7" subjects_at_risk="7"/>
                <counts group_id="E2" events="3" subjects_affected="2" subjects_at_risk="2"/>
              </event>
              <event>
                <sub_title>Leukocytes (total WBC)</sub_title>
                <counts group_id="E1" events="7" subjects_affected="4" subjects_at_risk="7"/>
                <counts group_id="E2" events="2" subjects_affected="1" subjects_at_risk="2"/>
              </event>
              <event>
                <sub_title>Lymphopenia</sub_title>
                <counts group_id="E1" events="21" subjects_affected="7" subjects_at_risk="7"/>
                <counts group_id="E2" events="5" subjects_affected="2" subjects_at_risk="2"/>
              </event>
              <event>
                <sub_title>Neutrophils/granulocytes (ANC/AGC)</sub_title>
                <counts group_id="E1" events="6" subjects_affected="4" subjects_at_risk="7"/>
                <counts group_id="E2" events="1" subjects_affected="1" subjects_at_risk="2"/>
              </event>
              <event>
                <sub_title>Platelets</sub_title>
                <counts group_id="E1" events="9" subjects_affected="6" subjects_at_risk="7"/>
                <counts group_id="E2" events="3" subjects_affected="1" subjects_at_risk="2"/>
              </event>
              <event>
                <sub_title>PTT (Partial Thromboplastin Time)</sub_title>
                <counts group_id="E1" events="14" subjects_affected="7" subjects_at_risk="7"/>
                <counts group_id="E2" events="5" subjects_affected="2" subjects_at_risk="2"/>
              </event>
              <event>
                <sub_title>Edema: limb</sub_title>
                <counts group_id="E1" events="3" subjects_affected="3" subjects_at_risk="7"/>
                <counts group_id="E2" events="0" subjects_affected="0" subjects_at_risk="2"/>
              </event>
            </event_list>
          </category>
          <category>
            <title>Cardiac disorders</title>
            <event_list>
              <event>
                <sub_title>Supraventricular and nodal arrhythmia</sub_title>
                <counts group_id="E1" events="3" subjects_affected="2" subjects_at_risk="7"/>
                <counts group_id="E2" events="0" subjects_affected="0" subjects_at_risk="2"/>
              </event>
              <event>
                <sub_title>Hypotension</sub_title>
                <counts group_id="E1" events="8" subjects_affected="5" subjects_at_risk="7"/>
                <counts group_id="E2" events="3" subjects_affected="2" subjects_at_risk="2"/>
              </event>
            </event_list>
          </category>
          <category>
            <title>Eye disorders</title>
            <event_list>
              <event>
                <sub_title>Dry eye syndrome</sub_title>
                <counts group_id="E1" events="0" subjects_affected="0" subjects_at_risk="7"/>
                <counts group_id="E2" events="1" subjects_affected="1" subjects_at_risk="2"/>
              </event>
            </event_list>
          </category>
          <category>
            <title>Gastrointestinal disorders</title>
            <event_list>
              <event>
                <sub_title>Diarrhea</sub_title>
                <counts group_id="E1" events="1" subjects_affected="1" subjects_at_risk="7"/>
                <counts group_id="E2" events="2" subjects_affected="1" subjects_at_risk="2"/>
              </event>
              <event>
                <sub_title>Hemorroids</sub_title>
                <counts group_id="E1" events="1" subjects_affected="1" subjects_at_risk="7"/>
                <counts group_id="E2" events="0" subjects_affected="0" subjects_at_risk="2"/>
              </event>
              <event>
                <sub_title>Nausea</sub_title>
                <counts group_id="E1" events="7" subjects_affected="5" subjects_at_risk="7"/>
                <counts group_id="E2" events="2" subjects_affected="1" subjects_at_risk="2"/>
              </event>
              <event>
                <sub_title>Vomiting</sub_title>
                <counts group_id="E1" events="3" subjects_affected="3" subjects_at_risk="7"/>
                <counts group_id="E2" events="2" subjects_affected="1" subjects_at_risk="2"/>
              </event>
              <event>
                <sub_title>Anorexia</sub_title>
                <counts group_id="E1" events="0" subjects_affected="0" subjects_at_risk="7"/>
                <counts group_id="E2" events="3" subjects_affected="1" subjects_at_risk="2"/>
              </event>
              <event>
                <sub_title>Dry mouth/salivary gland (xerostomia)</sub_title>
                <counts group_id="E1" events="0" subjects_affected="0" subjects_at_risk="7"/>
                <counts group_id="E2" events="1" subjects_affected="1" subjects_at_risk="2"/>
              </event>
              <event>
                <sub_title>Gastrointestinal-Other (Specify, upset stomach/gr 1)</sub_title>
                <counts group_id="E1" events="1" subjects_affected="1" subjects_at_risk="7"/>
                <counts group_id="E2" events="0" subjects_affected="0" subjects_at_risk="2"/>
              </event>
            </event_list>
          </category>
          <category>
            <title>General disorders</title>
            <event_list>
              <event>
                <sub_title>Fatigue</sub_title>
                <counts group_id="E1" events="17" subjects_affected="7" subjects_at_risk="7"/>
                <counts group_id="E2" events="8" subjects_affected="2" subjects_at_risk="2"/>
              </event>
              <event>
                <sub_title>Fever (in the absence of neutropenia, where neutropenia is defined as ANC &lt;1.0 x 10e9/L)</sub_title>
                <counts group_id="E1" events="12" subjects_affected="5" subjects_at_risk="7"/>
                <counts group_id="E2" events="4" subjects_affected="2" subjects_at_risk="2"/>
              </event>
              <event>
                <sub_title>Insomnia</sub_title>
                <counts group_id="E1" events="1" subjects_affected="1" subjects_at_risk="7"/>
                <counts group_id="E2" events="0" subjects_affected="0" subjects_at_risk="2"/>
              </event>
              <event>
                <sub_title>Rigors/chills</sub_title>
                <counts group_id="E1" events="6" subjects_affected="6" subjects_at_risk="7"/>
                <counts group_id="E2" events="2" subjects_affected="2" subjects_at_risk="2"/>
              </event>
              <event>
                <sub_title>Sweating (diaphoresis)</sub_title>
                <counts group_id="E1" events="1" subjects_affected="1" subjects_at_risk="7"/>
                <counts group_id="E2" events="0" subjects_affected="0" subjects_at_risk="2"/>
              </event>
              <event>
                <sub_title>Pain</sub_title>
                <counts group_id="E1" events="9" subjects_affected="5" subjects_at_risk="7"/>
                <counts group_id="E2" events="5" subjects_affected="2" subjects_at_risk="2"/>
              </event>
            </event_list>
          </category>
          <category>
            <title>Immune system disorders</title>
            <event_list>
              <event>
                <sub_title>Allergic rhinitis (including sneezing, nasal stuffiness, postnasal drip)</sub_title>
                <counts group_id="E1" events="0" subjects_affected="0" subjects_at_risk="7"/>
                <counts group_id="E2" events="1" subjects_affected="1" subjects_at_risk="2"/>
              </event>
            </event_list>
          </category>
          <category>
            <title>Infections and infestations</title>
            <event_list>
              <event>
                <sub_title>Infection with unknown ANC</sub_title>
                <counts group_id="E1" events="5" subjects_affected="2" subjects_at_risk="7"/>
                <counts group_id="E2" events="0" subjects_affected="0" subjects_at_risk="2"/>
              </event>
            </event_list>
          </category>
          <category>
            <title>Metabolism and nutrition disorders</title>
            <event_list>
              <event>
                <sub_title>ALT, SGPT (serum glutamic pyruvic transaminase)</sub_title>
                <counts group_id="E1" events="12" subjects_affected="4" subjects_at_risk="7"/>
                <counts group_id="E2" events="7" subjects_affected="2" subjects_at_risk="2"/>
              </event>
              <event>
                <sub_title>AST, SGOT(serum glutamic oxaloacetic transaminase)</sub_title>
                <counts group_id="E1" events="9" subjects_affected="6" subjects_at_risk="7"/>
                <counts group_id="E2" events="4" subjects_affected="2" subjects_at_risk="2"/>
              </event>
              <event>
                <sub_title>Albumin, serum-low (hypoalbuminemia)</sub_title>
                <counts group_id="E1" events="15" subjects_affected="7" subjects_at_risk="7"/>
                <counts group_id="E2" events="3" subjects_affected="2" subjects_at_risk="2"/>
              </event>
              <event>
                <sub_title>Alkaline phosphatase</sub_title>
                <counts group_id="E1" events="7" subjects_affected="4" subjects_at_risk="7"/>
                <counts group_id="E2" events="2" subjects_affected="2" subjects_at_risk="2"/>
              </event>
              <event>
                <sub_title>Bilirubin (hyperbilirubinemia)</sub_title>
                <counts group_id="E1" events="4" subjects_affected="3" subjects_at_risk="7"/>
                <counts group_id="E2" events="1" subjects_affected="1" subjects_at_risk="2"/>
              </event>
              <event>
                <sub_title>Calcium, serum-high (hypercalcemia)</sub_title>
                <counts group_id="E1" events="1" subjects_affected="1" subjects_at_risk="7"/>
                <counts group_id="E2" events="3" subjects_affected="2" subjects_at_risk="2"/>
              </event>
              <event>
                <sub_title>Calcium, serum-low (hypocalcemia)</sub_title>
                <counts group_id="E1" events="12" subjects_affected="7" subjects_at_risk="7"/>
                <counts group_id="E2" events="2" subjects_affected="1" subjects_at_risk="2"/>
              </event>
              <event>
                <sub_title>Creatinine</sub_title>
                <counts group_id="E1" events="7" subjects_affected="4" subjects_at_risk="7"/>
                <counts group_id="E2" events="4" subjects_affected="2" subjects_at_risk="2"/>
              </event>
              <event>
                <sub_title>Magnesium, serum-high (hypermagnesemia)</sub_title>
                <counts group_id="E1" events="4" subjects_affected="2" subjects_at_risk="7"/>
                <counts group_id="E2" events="1" subjects_affected="1" subjects_at_risk="2"/>
              </event>
              <event>
                <sub_title>Magnesium, serum-low (hypomagnesemia)</sub_title>
                <counts group_id="E1" events="15" subjects_affected="6" subjects_at_risk="7"/>
                <counts group_id="E2" events="3" subjects_affected="2" subjects_at_risk="2"/>
              </event>
              <event>
                <sub_title>Phosphate, serum-low (hypophosphatemia)</sub_title>
                <counts group_id="E1" events="5" subjects_affected="4" subjects_at_risk="7"/>
                <counts group_id="E2" events="3" subjects_affected="1" subjects_at_risk="2"/>
              </event>
              <event>
                <sub_title>Potassium, serum-high (hyperkalemia)</sub_title>
                <counts group_id="E1" events="2" subjects_affected="2" subjects_at_risk="7"/>
                <counts group_id="E2" events="1" subjects_affected="1" subjects_at_risk="2"/>
              </event>
              <event>
                <sub_title>Potassium, serum-low (hypokalemia)</sub_title>
                <counts group_id="E1" events="3" subjects_affected="2" subjects_at_risk="7"/>
                <counts group_id="E2" events="0" subjects_affected="0" subjects_at_risk="2"/>
              </event>
              <event>
                <sub_title>Sodium, serum-high (hypernatremia)</sub_title>
                <counts group_id="E1" events="2" subjects_affected="2" subjects_at_risk="7"/>
                <counts group_id="E2" events="0" subjects_affected="0" subjects_at_risk="2"/>
              </event>
              <event>
                <sub_title>Sodium, serum-low (hyponatremia)</sub_title>
                <counts group_id="E1" events="5" subjects_affected="3" subjects_at_risk="7"/>
                <counts group_id="E2" events="4" subjects_affected="2" subjects_at_risk="2"/>
              </event>
              <event>
                <sub_title>Uric acid, serum-high (hyperuricemia)</sub_title>
                <counts group_id="E1" events="7" subjects_affected="4" subjects_at_risk="7"/>
                <counts group_id="E2" events="0" subjects_affected="0" subjects_at_risk="2"/>
              </event>
            </event_list>
          </category>
          <category>
            <title>Nervous system disorders</title>
            <event_list>
              <event>
                <sub_title>Cognitive disturbance</sub_title>
                <counts group_id="E1" events="1" subjects_affected="1" subjects_at_risk="7"/>
                <counts group_id="E2" events="0" subjects_affected="0" subjects_at_risk="2"/>
              </event>
              <event>
                <sub_title>Confusion</sub_title>
                <counts group_id="E1" events="1" subjects_affected="1" subjects_at_risk="7"/>
                <counts group_id="E2" events="0" subjects_affected="0" subjects_at_risk="2"/>
              </event>
              <event>
                <sub_title>Dizziness</sub_title>
                <counts group_id="E1" events="3" subjects_affected="3" subjects_at_risk="7"/>
                <counts group_id="E2" events="0" subjects_affected="0" subjects_at_risk="2"/>
              </event>
              <event>
                <sub_title>Mental status</sub_title>
                <counts group_id="E1" events="1" subjects_affected="1" subjects_at_risk="7"/>
                <counts group_id="E2" events="0" subjects_affected="0" subjects_at_risk="2"/>
              </event>
            </event_list>
          </category>
          <category>
            <title>Respiratory, thoracic and mediastinal disorders</title>
            <event_list>
              <event>
                <sub_title>Cough</sub_title>
                <counts group_id="E1" events="1" subjects_affected="1" subjects_at_risk="7"/>
                <counts group_id="E2" events="0" subjects_affected="0" subjects_at_risk="2"/>
              </event>
              <event>
                <sub_title>Dyspnea</sub_title>
                <counts group_id="E1" events="6" subjects_affected="5" subjects_at_risk="7"/>
                <counts group_id="E2" events="3" subjects_affected="2" subjects_at_risk="2"/>
              </event>
              <event>
                <sub_title>Hypoxia</sub_title>
                <counts group_id="E1" events="1" subjects_affected="1" subjects_at_risk="7"/>
                <counts group_id="E2" events="2" subjects_affected="1" subjects_at_risk="2"/>
              </event>
            </event_list>
          </category>
          <category>
            <title>Skin and subcutaneous tissue disorders</title>
            <event_list>
              <event>
                <sub_title>Hypopigmentation</sub_title>
                <counts group_id="E1" events="1" subjects_affected="1" subjects_at_risk="7"/>
                <counts group_id="E2" events="0" subjects_affected="0" subjects_at_risk="2"/>
              </event>
              <event>
                <sub_title>Rash/desquamation</sub_title>
                <counts group_id="E1" events="7" subjects_affected="7" subjects_at_risk="7"/>
                <counts group_id="E2" events="1" subjects_affected="1" subjects_at_risk="2"/>
              </event>
              <event>
                <sub_title>Dry skin</sub_title>
                <counts group_id="E1" events="0" subjects_affected="0" subjects_at_risk="7"/>
                <counts group_id="E2" events="1" subjects_affected="1" subjects_at_risk="2"/>
              </event>
            </event_list>
          </category>
          <category>
            <title>Vascular disorders</title>
            <event_list>
              <event>
                <sub_title>Acute vascular leak syndrome</sub_title>
                <counts group_id="E1" events="8" subjects_affected="5" subjects_at_risk="7"/>
                <counts group_id="E2" events="1" subjects_affected="1" subjects_at_risk="2"/>
              </event>
            </event_list>
          </category>
        </category_list>
      </other_events>
    </reported_events>

    <certain_agreements>
      <pi_employee>Principal Investigators are NOT employed by the organization sponsoring the study.</pi_employee>
      <restrictive_agreement>There is NOT an agreement between Principal Investigators and the Sponsor (or its agents) that restricts the PI's rights to discuss or publish trial results after the trial is completed. </restrictive_agreement>
    </certain_agreements>
    <point_of_contact>
      <name_or_title>Dr. Steven Rosenberg</name_or_title>
      <organization>National Cancer Institute, National Institutes of Health</organization>
      <phone>301-496-4164</phone>
      <email>sar@mail.nih.gov</email>
    </point_of_contact>
  </clinical_results>
</clinical_study>

