<?xml version="1.0" encoding="UTF-8"?>
<clinical_study rank="315">
  <!-- This xml conforms to an XML Schema at:
    https://clinicaltrials.gov/ct2/html/images/info/public.xsd -->
  <required_header>
    <download_date>ClinicalTrials.gov processed this data on February 06, 2024</download_date>
    <link_text>Link to the current ClinicalTrials.gov record.</link_text>
    <url>https://clinicaltrials.gov/ct2/show/NCT03301636</url>
  </required_header>
  <id_info>
    <org_study_id>NLG2107</org_study_id>
    <nct_id>NCT03301636</nct_id>
  </id_info>
  <brief_title>A Study of Indoximod or Placebo Plus Pembrolizumab or Nivolumab for Subjects With Unresectable or Metastatic Melanoma</brief_title>
  <acronym>NLG2107</acronym>
  <official_title>A Phase 2/3 (Adaptive Design) Study of the Concomitant Administration of Indoximod or Placebo Plus Pembrolizumab or Nivolumab in Adult Patients With Unresectable Stage III or Stage IV Malignant Melanoma</official_title>
  <sponsors>
    <lead_sponsor>
      <agency>NewLink Genetics Corporation</agency>
      <agency_class>Industry</agency_class>
    </lead_sponsor>
  </sponsors>
  <source>Lumos Pharma</source>
  <oversight_info>
    <has_dmc>Yes</has_dmc>
    <is_fda_regulated_drug>Yes</is_fda_regulated_drug>
    <is_fda_regulated_device>No</is_fda_regulated_device>
  </oversight_info>
  <brief_summary>
    <textblock>
      This is an adaptive clinical trial that includes a dose escalation phase followed by a&#xD;
      randomized controlled Phase 3 trial. The purpose of the dose escalation phase is to establish&#xD;
      the Phase 3 dose of indoximod in combination with pembrolizumab or nivolumab in subjects with&#xD;
      unresectable or metastatic melanoma and evaluate PK. Subsequently the efficacy, safety and&#xD;
      tolerability of indoximod plus pembrolizumab or nivolumab versus placebo plus pembrolizumab&#xD;
      or nivolumab will be studied in subjects with unresectable or metastatic melanoma in the&#xD;
      Phase 3 portion of the trial.&#xD;
&#xD;
      The phase 3 study will not proceed per Sponsor decision.&#xD;
    </textblock>
  </brief_summary>
  <overall_status>Terminated</overall_status>
  <why_stopped>
    Sponsor termination, not related to efficacy, safety or feasibility.&#xD;
  </why_stopped>
  <start_date type="Actual">December 8, 2017</start_date>
  <completion_date type="Actual">November 4, 2019</completion_date>
  <primary_completion_date type="Actual">October 21, 2019</primary_completion_date>
  <phase>Phase 2</phase>
  <study_type>Interventional</study_type>
  <study_design_info>
    <allocation>Non-Randomized</allocation>
    <intervention_model>Parallel Assignment</intervention_model>
    <primary_purpose>Treatment</primary_purpose>
    <masking>Quadruple (Participant, Care Provider, Investigator, Outcomes Assessor)</masking>
  </study_design_info>
  <primary_outcome>
    <measure>Number of Participants With Regimen-limiting Toxicities (RLTs) of Indoximod in Combination With Pembrolizumab</measure>
    <time_frame>28 Days</time_frame>
  </primary_outcome>
  <number_of_arms>2</number_of_arms>
  <enrollment type="Actual">21</enrollment>
  <condition>Melanoma</condition>
  <arm_group>
    <arm_group_label>Pembrolizumab + Indoximiod</arm_group_label>
    <arm_group_type>Experimental</arm_group_type>
  </arm_group>
  <arm_group>
    <arm_group_label>Nivolumab + Indoximiod</arm_group_label>
    <arm_group_type>Experimental</arm_group_type>
  </arm_group>
  <intervention>
    <intervention_type>Drug</intervention_type>
    <intervention_name>Pembrolizumab</intervention_name>
    <description>Pembrolizumab will be administered intravenously every 3 weeks starting on day 1.</description>
    <arm_group_label>Pembrolizumab + Indoximiod</arm_group_label>
    <other_name>Keytruda</other_name>
  </intervention>
  <intervention>
    <intervention_type>Drug</intervention_type>
    <intervention_name>Nivolumab</intervention_name>
    <description>Nivolumab will be administered intravenously every 2 weeks starting on day 1.</description>
    <arm_group_label>Nivolumab + Indoximiod</arm_group_label>
    <other_name>Opdivo</other_name>
  </intervention>
  <intervention>
    <intervention_type>Drug</intervention_type>
    <intervention_name>Indoximod</intervention_name>
    <description>Indoximod will be administered orally every 12 hours starting at Day 1</description>
    <arm_group_label>Nivolumab + Indoximiod</arm_group_label>
    <arm_group_label>Pembrolizumab + Indoximiod</arm_group_label>
  </intervention>
  <eligibility>
    <criteria>
      <textblock>
        Inclusion Criteria:&#xD;
&#xD;
          -  Have histologically- or cytologically-confirmed unresectable stage III or stage IV&#xD;
             melanoma not amenable to local therapy&#xD;
&#xD;
          -  At least one radiologically measurable lesion as per RECIST 1.1&#xD;
&#xD;
          -  Have documentation of V600-activating BRAF mutation status or consent to BRAF V600&#xD;
             mutation testing during the screening period.&#xD;
&#xD;
          -  ECOG performance status 0 or 1&#xD;
&#xD;
          -  Ability to ingest oral medications&#xD;
&#xD;
        Exclusion Criteria:&#xD;
&#xD;
          -  Has Ocular Melanoma&#xD;
&#xD;
          -  Has received prior systemic treatment for unresectable or metastatic melanoma (except&#xD;
             BRAF directed therapy).&#xD;
&#xD;
          -  Has received prior therapy with an anti-PD-1, anti-PD-L1, anti-PD-L2, anti-CD137, or&#xD;
             IDO1 inhibitor or any other antibody or drug specifically targeting checkpoint&#xD;
             pathways other than anti-CTLA-4 which is permitted in the adjuvant setting.&#xD;
&#xD;
          -  Has received prior adjuvant therapy, monoclonal antibody or an investigational agent&#xD;
             or device within 4 weeks or 5 half-lives (whichever is longer)&#xD;
&#xD;
          -  Has received prior radiotherapy within 2 weeks of therapy.&#xD;
&#xD;
          -  Is pregnant or breast-feeding or expecting to conceive or father children within the&#xD;
             projected duration of the study, starting with the screening visit through 120 days&#xD;
             after the last dose of study treatment.&#xD;
&#xD;
          -  Patients who have active, chronic, or on active treatment for Hep B or Hep C are&#xD;
             excluded.&#xD;
      </textblock>
    </criteria>
    <gender>All</gender>
    <minimum_age>18 Years</minimum_age>
    <maximum_age>N/A</maximum_age>
    <healthy_volunteers>No</healthy_volunteers>
  </eligibility>
  <location>
    <facility>
      <name>University of Iowa Hospital and Clinics</name>
      <address>
        <city>Iowa City</city>
        <state>Iowa</state>
        <zip>52242</zip>
        <country>United States</country>
      </address>
    </facility>
  </location>
  <location>
    <facility>
      <name>Mayo Clinic - Rochester</name>
      <address>
        <city>Rochester</city>
        <state>Minnesota</state>
        <zip>55905</zip>
        <country>United States</country>
      </address>
    </facility>
  </location>
  <location>
    <facility>
      <name>University of New Mexico Comprehensive Cancer Center</name>
      <address>
        <city>Albuquerque</city>
        <state>New Mexico</state>
        <zip>87102</zip>
        <country>United States</country>
      </address>
    </facility>
  </location>
  <location>
    <facility>
      <name>Utah Cancer Specialists</name>
      <address>
        <city>Salt Lake City</city>
        <state>Utah</state>
        <zip>84102</zip>
        <country>United States</country>
      </address>
    </facility>
  </location>
  <location_countries>
    <country>United States</country>
  </location_countries>
  <verification_date>September 2022</verification_date>
  <study_first_submitted>September 29, 2017</study_first_submitted>
  <study_first_submitted_qc>September 29, 2017</study_first_submitted_qc>
  <study_first_posted type="Actual">October 4, 2017</study_first_posted>
  <results_first_submitted>August 8, 2022</results_first_submitted>
  <results_first_submitted_qc>September 2, 2022</results_first_submitted_qc>
  <results_first_posted type="Actual">September 27, 2022</results_first_posted>
  <last_update_submitted>September 2, 2022</last_update_submitted>
  <last_update_submitted_qc>September 2, 2022</last_update_submitted_qc>
  <last_update_posted type="Actual">September 27, 2022</last_update_posted>
  <responsible_party>
    <responsible_party_type>Sponsor</responsible_party_type>
  </responsible_party>
  <keyword>Melanoma, Metastaic Melanoma</keyword>
  <condition_browse>
    <!-- CAUTION:  The following MeSH terms are assigned with an imperfect algorithm            -->
    <mesh_term>Melanoma</mesh_term>
  </condition_browse>
  <intervention_browse>
    <!-- CAUTION:  The following MeSH terms are assigned with an imperfect algorithm            -->
    <mesh_term>Pembrolizumab</mesh_term>
    <mesh_term>Nivolumab</mesh_term>
  </intervention_browse>
  <patient_data>
    <sharing_ipd>No</sharing_ipd>
  </patient_data>
  <provided_document_section>
    <provided_document>
      <document_type>Study Protocol</document_type>
      <document_has_protocol>Yes</document_has_protocol>
      <document_has_icf>No</document_has_icf>
      <document_has_sap>No</document_has_sap>
      <document_date>August 27, 2018</document_date>
      <document_url>https://ClinicalTrials.gov/ProvidedDocs/36/NCT03301636/Prot_000.pdf</document_url>
    </provided_document>
    <provided_document>
      <document_type>Statistical Analysis Plan</document_type>
      <document_has_protocol>No</document_has_protocol>
      <document_has_icf>No</document_has_icf>
      <document_has_sap>Yes</document_has_sap>
      <document_date>December 4, 2019</document_date>
      <document_url>https://ClinicalTrials.gov/ProvidedDocs/36/NCT03301636/SAP_001.pdf</document_url>
    </provided_document>
  </provided_document_section>

  <clinical_results>

    <participant_flow>
      <group_list>
        <group group_id="P1">
          <title>Dose Level 1</title>
          <description>Pembrolizumab 200mg Q3 weeks and Indoximod 600mg Q12 hr</description>
        </group>
        <group group_id="P2">
          <title>Dose Level 2</title>
          <description>Pembrolizumab 200mg Q3 weeks and Indoximod 1200mg Q12 hr</description>
        </group>
        <group group_id="P3">
          <title>Dose Level 3</title>
          <description>Pembrolizumab 200mg Q3 weeks and Indoximod 1800mg Q12 hr</description>
        </group>
      </group_list>
      <period_list>
        <period>
          <title>Overall Study</title>
          <milestone_list>
            <milestone>
              <title>STARTED</title>
              <participants_list>
                <participants group_id="P1" count="7"/>
                <participants group_id="P2" count="6"/>
                <participants group_id="P3" count="8"/>
              </participants_list>
            </milestone>
            <milestone>
              <title>COMPLETED</title>
              <participants_list>
                <participants group_id="P1" count="7"/>
                <participants group_id="P2" count="6"/>
                <participants group_id="P3" count="8"/>
              </participants_list>
            </milestone>
            <milestone>
              <title>NOT COMPLETED</title>
              <participants_list>
                <participants group_id="P1" count="0"/>
                <participants group_id="P2" count="0"/>
                <participants group_id="P3" count="0"/>
              </participants_list>
            </milestone>
          </milestone_list>
        </period>
      </period_list>
    </participant_flow>

    <baseline>
      <group_list>
        <group group_id="B1">
          <title>Dose Level 1</title>
          <description>Pembrolizumab 200mg Q3 weeks and Indoximod 600mg Q12 hr</description>
        </group>
        <group group_id="B2">
          <title>Dose Level 2</title>
          <description>Pembrolizumab 200mg Q3 weeks and Indoximod 1200mg Q12 hr</description>
        </group>
        <group group_id="B3">
          <title>Dose Level 3</title>
          <description>Pembrolizumab 200mg Q3 weeks and Indoximod 1800mg Q12 hr</description>
        </group>
        <group group_id="B4">
          <title>Total</title>
          <description>Total of all reporting groups</description>
        </group>
      </group_list>
      <analyzed_list>
        <analyzed>
          <units>Participants</units>
          <scope>Overall</scope>
          <count_list>
            <count group_id="B1" value="7"/>
            <count group_id="B2" value="6"/>
            <count group_id="B3" value="8"/>
            <count group_id="B4" value="21"/>
          </count_list>
        </analyzed>
      </analyzed_list>
      <measure_list>
        <measure>
          <title>Age</title>
          <units>years</units>
          <param>Mean</param>
          <dispersion>Standard Deviation</dispersion>
          <class_list>
            <class>
              <category_list>
                <category>
                  <measurement_list>
                    <measurement group_id="B1" value="60.3" spread="15.14"/>
                    <measurement group_id="B2" value="61.8" spread="14.77"/>
                    <measurement group_id="B3" value="61.9" spread="8.22"/>
                    <measurement group_id="B4" value="61.3" spread="12.15"/>
                  </measurement_list>
                </category>
              </category_list>
            </class>
          </class_list>
        </measure>
        <measure>
          <title>Sex: Female, Male</title>
          <units>Participants</units>
          <param>Count of Participants</param>
          <class_list>
            <class>
              <category_list>
                <category>
                  <title>Female</title>
                  <measurement_list>
                    <measurement group_id="B1" value="4"/>
                    <measurement group_id="B2" value="3"/>
                    <measurement group_id="B3" value="5"/>
                    <measurement group_id="B4" value="12"/>
                  </measurement_list>
                </category>
                <category>
                  <title>Male</title>
                  <measurement_list>
                    <measurement group_id="B1" value="3"/>
                    <measurement group_id="B2" value="3"/>
                    <measurement group_id="B3" value="3"/>
                    <measurement group_id="B4" value="9"/>
                  </measurement_list>
                </category>
              </category_list>
            </class>
          </class_list>
        </measure>
        <measure>
          <title>Race (NIH/OMB)</title>
          <units>Participants</units>
          <param>Count of Participants</param>
          <class_list>
            <class>
              <category_list>
                <category>
                  <title>American Indian or Alaska Native</title>
                  <measurement_list>
                    <measurement group_id="B1" value="0"/>
                    <measurement group_id="B2" value="0"/>
                    <measurement group_id="B3" value="0"/>
                    <measurement group_id="B4" value="0"/>
                  </measurement_list>
                </category>
                <category>
                  <title>Asian</title>
                  <measurement_list>
                    <measurement group_id="B1" value="0"/>
                    <measurement group_id="B2" value="0"/>
                    <measurement group_id="B3" value="0"/>
                    <measurement group_id="B4" value="0"/>
                  </measurement_list>
                </category>
                <category>
                  <title>Native Hawaiian or Other Pacific Islander</title>
                  <measurement_list>
                    <measurement group_id="B1" value="0"/>
                    <measurement group_id="B2" value="0"/>
                    <measurement group_id="B3" value="0"/>
                    <measurement group_id="B4" value="0"/>
                  </measurement_list>
                </category>
                <category>
                  <title>Black or African American</title>
                  <measurement_list>
                    <measurement group_id="B1" value="0"/>
                    <measurement group_id="B2" value="0"/>
                    <measurement group_id="B3" value="0"/>
                    <measurement group_id="B4" value="0"/>
                  </measurement_list>
                </category>
                <category>
                  <title>White</title>
                  <measurement_list>
                    <measurement group_id="B1" value="7"/>
                    <measurement group_id="B2" value="6"/>
                    <measurement group_id="B3" value="8"/>
                    <measurement group_id="B4" value="21"/>
                  </measurement_list>
                </category>
                <category>
                  <title>More than one race</title>
                  <measurement_list>
                    <measurement group_id="B1" value="0"/>
                    <measurement group_id="B2" value="0"/>
                    <measurement group_id="B3" value="0"/>
                    <measurement group_id="B4" value="0"/>
                  </measurement_list>
                </category>
                <category>
                  <title>Unknown or Not Reported</title>
                  <measurement_list>
                    <measurement group_id="B1" value="0"/>
                    <measurement group_id="B2" value="0"/>
                    <measurement group_id="B3" value="0"/>
                    <measurement group_id="B4" value="0"/>
                  </measurement_list>
                </category>
              </category_list>
            </class>
          </class_list>
        </measure>
        <measure>
          <title>Height</title>
          <units>Centimeters</units>
          <param>Mean</param>
          <dispersion>Standard Deviation</dispersion>
          <class_list>
            <class>
              <category_list>
                <category>
                  <measurement_list>
                    <measurement group_id="B1" value="171.3" spread="10.56"/>
                    <measurement group_id="B2" value="168.8" spread="8.86"/>
                    <measurement group_id="B3" value="172.9" spread="10.25"/>
                    <measurement group_id="B4" value="171.1" spread="9.59"/>
                  </measurement_list>
                </category>
              </category_list>
            </class>
          </class_list>
        </measure>
        <measure>
          <title>Weight</title>
          <units>Kilograms</units>
          <param>Mean</param>
          <dispersion>Standard Deviation</dispersion>
          <class_list>
            <class>
              <category_list>
                <category>
                  <measurement_list>
                    <measurement group_id="B1" value="102.77" spread="22.3"/>
                    <measurement group_id="B2" value="75.12" spread="13.009"/>
                    <measurement group_id="B3" value="117.44" spread="26.960"/>
                    <measurement group_id="B4" value="100.46" spread="27.502"/>
                  </measurement_list>
                </category>
              </category_list>
            </class>
          </class_list>
        </measure>
      </measure_list>
    </baseline>

    <outcome_list>
      <outcome>
        <type>Primary</type>
        <title>Number of Participants With Regimen-limiting Toxicities (RLTs) of Indoximod in Combination With Pembrolizumab</title>
        <time_frame>28 Days</time_frame>
        <group_list>
          <group group_id="O1">
            <title>Dose Level 1</title>
            <description>Pembrolizumab 200mg Q3 weeks and Indoximod 600mg Q12 hr</description>
          </group>
          <group group_id="O2">
            <title>Dose Level 2</title>
            <description>Pembrolizumab 200mg Q3 weeks and Indoximod 1200mg Q12 hr</description>
          </group>
          <group group_id="O3">
            <title>Dose Level 3</title>
            <description>Pembrolizumab 200mg Q3 weeks and Indoximod 1800mg Q12 hr</description>
          </group>
        </group_list>
        <measure>
          <title>Number of Participants With Regimen-limiting Toxicities (RLTs) of Indoximod in Combination With Pembrolizumab</title>
          <units>Participants</units>
          <param>Count of Participants</param>
          <analyzed_list>
            <analyzed>
              <units>Participants</units>
              <scope>Measure</scope>
              <count_list>
                <count group_id="O1" value="7"/>
                <count group_id="O2" value="6"/>
                <count group_id="O3" value="8"/>
              </count_list>
            </analyzed>
          </analyzed_list>
          <class_list>
            <class>
              <category_list>
                <category>
                  <measurement_list>
                    <measurement group_id="O1" value="1"/>
                    <measurement group_id="O2" value="1"/>
                    <measurement group_id="O3" value="0"/>
                  </measurement_list>
                </category>
              </category_list>
            </class>
          </class_list>
        </measure>
      </outcome>
    </outcome_list>

    <reported_events>
      <time_frame>All-cause mortality (ACM) : Up to ~22.1 months and safety: Up to ~16.5 months</time_frame>
      <desc>The all-cause mortality and safety were analyzed in all subjects who took at least one dose of study drug. The adverse event table captures treatment-emergent adverse events. In Dose Level 3, 1 of the 8 subjects did not start therapy, resulting in 7 at risk subjects.</desc>
      <group_list>
        <group group_id="E1">
          <title>Dose Level 1</title>
          <description>Pembrolizumab 200mg Q3 weeks and Indoximod 600mg Q12 hr</description>
        </group>
        <group group_id="E2">
          <title>Dose Level 2</title>
          <description>Pembrolizumab 200mg Q3 weeks and Indoximod 1200mg Q12 hr</description>
        </group>
        <group group_id="E3">
          <title>Dose Level 3</title>
          <description>Pembrolizumab 200mg Q3 weeks and Indoximod 1800mg Q12 hr</description>
        </group>
      </group_list>
      <serious_events>
        <default_assessment>Systematic Assessment</default_assessment>
        <category_list>
          <category>
            <title>Total</title>
            <event_list>
              <event>
                <sub_title>Total, all-cause mortality</sub_title>
                <counts group_id="E1" subjects_affected="2" subjects_at_risk="7"/>
                <counts group_id="E2" subjects_affected="0" subjects_at_risk="6"/>
                <counts group_id="E3" subjects_affected="2" subjects_at_risk="7"/>
              </event>
              <event>
                <sub_title>Total, serious adverse events</sub_title>
                <counts group_id="E1" subjects_affected="0" subjects_at_risk="7"/>
                <counts group_id="E2" subjects_affected="1" subjects_at_risk="6"/>
                <counts group_id="E3" subjects_affected="3" subjects_at_risk="7"/>
              </event>
            </event_list>
          </category>
          <category>
            <title>Investigations</title>
            <event_list>
              <event>
                <sub_title>Alanine aminotransferase increased</sub_title>
                <counts group_id="E1" events="0" subjects_affected="0" subjects_at_risk="7"/>
                <counts group_id="E2" events="1" subjects_affected="1" subjects_at_risk="6"/>
                <counts group_id="E3" events="0" subjects_affected="0" subjects_at_risk="7"/>
              </event>
              <event>
                <sub_title>Aspartate aminotransferase increased</sub_title>
                <counts group_id="E1" events="0" subjects_affected="0" subjects_at_risk="7"/>
                <counts group_id="E2" events="1" subjects_affected="1" subjects_at_risk="6"/>
                <counts group_id="E3" events="0" subjects_affected="0" subjects_at_risk="7"/>
              </event>
            </event_list>
          </category>
          <category>
            <title>Neoplasms benign, malignant and unspecified (incl cysts and polyps)</title>
            <event_list>
              <event>
                <sub_title>Basal cell carcinoma</sub_title>
                <counts group_id="E1" events="0" subjects_affected="0" subjects_at_risk="7"/>
                <counts group_id="E2" events="0" subjects_affected="0" subjects_at_risk="6"/>
                <counts group_id="E3" events="1" subjects_affected="1" subjects_at_risk="7"/>
              </event>
            </event_list>
          </category>
          <category>
            <title>Nervous system disorders</title>
            <event_list>
              <event>
                <sub_title>Haemorrhage intracranial</sub_title>
                <counts group_id="E1" events="0" subjects_affected="0" subjects_at_risk="7"/>
                <counts group_id="E2" events="0" subjects_affected="0" subjects_at_risk="6"/>
                <counts group_id="E3" events="1" subjects_affected="1" subjects_at_risk="7"/>
              </event>
              <event>
                <sub_title>Headache</sub_title>
                <counts group_id="E1" events="0" subjects_affected="0" subjects_at_risk="7"/>
                <counts group_id="E2" events="0" subjects_affected="0" subjects_at_risk="6"/>
                <counts group_id="E3" events="1" subjects_affected="1" subjects_at_risk="7"/>
              </event>
            </event_list>
          </category>
        </category_list>
      </serious_events>
      <other_events>
        <frequency_threshold>0</frequency_threshold>
        <default_assessment>Systematic Assessment</default_assessment>
        <category_list>
          <category>
            <title>Total</title>
            <event_list>
              <event>
                <sub_title>Total, other adverse events</sub_title>
                <counts group_id="E1" subjects_affected="7" subjects_at_risk="7"/>
                <counts group_id="E2" subjects_affected="6" subjects_at_risk="6"/>
                <counts group_id="E3" subjects_affected="7" subjects_at_risk="7"/>
              </event>
            </event_list>
          </category>
          <category>
            <title>Blood and lymphatic system disorders</title>
            <event_list>
              <event>
                <sub_title>Anaemia</sub_title>
                <counts group_id="E1" events="1" subjects_affected="1" subjects_at_risk="7"/>
                <counts group_id="E2" events="0" subjects_affected="0" subjects_at_risk="6"/>
                <counts group_id="E3" events="0" subjects_affected="0" subjects_at_risk="7"/>
              </event>
              <event>
                <sub_title>Lymphadenopathy</sub_title>
                <counts group_id="E1" events="1" subjects_affected="1" subjects_at_risk="7"/>
                <counts group_id="E2" events="0" subjects_affected="0" subjects_at_risk="6"/>
                <counts group_id="E3" events="0" subjects_affected="0" subjects_at_risk="7"/>
              </event>
            </event_list>
          </category>
          <category>
            <title>Endocrine disorders</title>
            <event_list>
              <event>
                <sub_title>Hyperthyroidism</sub_title>
                <counts group_id="E1" events="0" subjects_affected="0" subjects_at_risk="7"/>
                <counts group_id="E2" events="0" subjects_affected="0" subjects_at_risk="6"/>
                <counts group_id="E3" events="1" subjects_affected="1" subjects_at_risk="7"/>
              </event>
              <event>
                <sub_title>Hypothyroidism</sub_title>
                <counts group_id="E1" events="0" subjects_affected="0" subjects_at_risk="7"/>
                <counts group_id="E2" events="1" subjects_affected="1" subjects_at_risk="6"/>
                <counts group_id="E3" events="0" subjects_affected="0" subjects_at_risk="7"/>
              </event>
            </event_list>
          </category>
          <category>
            <title>Eye disorders</title>
            <event_list>
              <event>
                <sub_title>Corneal oedema</sub_title>
                <counts group_id="E1" events="1" subjects_affected="1" subjects_at_risk="7"/>
                <counts group_id="E2" events="0" subjects_affected="0" subjects_at_risk="6"/>
                <counts group_id="E3" events="0" subjects_affected="0" subjects_at_risk="7"/>
              </event>
              <event>
                <sub_title>Lacrimation increased</sub_title>
                <counts group_id="E1" events="1" subjects_affected="1" subjects_at_risk="7"/>
                <counts group_id="E2" events="0" subjects_affected="0" subjects_at_risk="6"/>
                <counts group_id="E3" events="0" subjects_affected="0" subjects_at_risk="7"/>
              </event>
              <event>
                <sub_title>Vision blurred</sub_title>
                <counts group_id="E1" events="1" subjects_affected="1" subjects_at_risk="7"/>
                <counts group_id="E2" events="0" subjects_affected="0" subjects_at_risk="6"/>
                <counts group_id="E3" events="0" subjects_affected="0" subjects_at_risk="7"/>
              </event>
            </event_list>
          </category>
          <category>
            <title>Gastrointestinal disorders</title>
            <event_list>
              <event>
                <sub_title>Pyrexia</sub_title>
                <counts group_id="E1" events="0" subjects_affected="0" subjects_at_risk="7"/>
                <counts group_id="E2" events="1" subjects_affected="1" subjects_at_risk="6"/>
                <counts group_id="E3" events="2" subjects_affected="2" subjects_at_risk="7"/>
              </event>
              <event>
                <sub_title>Nausea</sub_title>
                <counts group_id="E1" events="2" subjects_affected="2" subjects_at_risk="7"/>
                <counts group_id="E2" events="2" subjects_affected="2" subjects_at_risk="6"/>
                <counts group_id="E3" events="3" subjects_affected="3" subjects_at_risk="7"/>
              </event>
              <event>
                <sub_title>Diarrhoea</sub_title>
                <counts group_id="E1" events="3" subjects_affected="3" subjects_at_risk="7"/>
                <counts group_id="E2" events="2" subjects_affected="2" subjects_at_risk="6"/>
                <counts group_id="E3" events="1" subjects_affected="1" subjects_at_risk="7"/>
              </event>
              <event>
                <sub_title>Constipation</sub_title>
                <counts group_id="E1" events="1" subjects_affected="1" subjects_at_risk="7"/>
                <counts group_id="E2" events="0" subjects_affected="0" subjects_at_risk="6"/>
                <counts group_id="E3" events="1" subjects_affected="1" subjects_at_risk="7"/>
              </event>
              <event>
                <sub_title>Dry mouth</sub_title>
                <counts group_id="E1" events="2" subjects_affected="2" subjects_at_risk="7"/>
                <counts group_id="E2" events="0" subjects_affected="0" subjects_at_risk="6"/>
                <counts group_id="E3" events="0" subjects_affected="0" subjects_at_risk="7"/>
              </event>
              <event>
                <sub_title>Vomiting</sub_title>
                <counts group_id="E1" events="1" subjects_affected="1" subjects_at_risk="7"/>
                <counts group_id="E2" events="0" subjects_affected="0" subjects_at_risk="6"/>
                <counts group_id="E3" events="1" subjects_affected="1" subjects_at_risk="7"/>
              </event>
              <event>
                <sub_title>Abdominal pain</sub_title>
                <counts group_id="E1" events="1" subjects_affected="1" subjects_at_risk="7"/>
                <counts group_id="E2" events="0" subjects_affected="0" subjects_at_risk="6"/>
                <counts group_id="E3" events="0" subjects_affected="0" subjects_at_risk="7"/>
              </event>
              <event>
                <sub_title>Abdominal pain upper</sub_title>
                <counts group_id="E1" events="1" subjects_affected="1" subjects_at_risk="7"/>
                <counts group_id="E2" events="0" subjects_affected="0" subjects_at_risk="6"/>
                <counts group_id="E3" events="0" subjects_affected="0" subjects_at_risk="7"/>
              </event>
              <event>
                <sub_title>Flatulence</sub_title>
                <counts group_id="E1" events="0" subjects_affected="0" subjects_at_risk="7"/>
                <counts group_id="E2" events="1" subjects_affected="1" subjects_at_risk="6"/>
                <counts group_id="E3" events="0" subjects_affected="0" subjects_at_risk="7"/>
              </event>
              <event>
                <sub_title>Haematochezia</sub_title>
                <counts group_id="E1" events="1" subjects_affected="1" subjects_at_risk="7"/>
                <counts group_id="E2" events="0" subjects_affected="0" subjects_at_risk="6"/>
                <counts group_id="E3" events="0" subjects_affected="0" subjects_at_risk="7"/>
              </event>
              <event>
                <sub_title>Toothache</sub_title>
                <counts group_id="E1" events="1" subjects_affected="1" subjects_at_risk="7"/>
                <counts group_id="E2" events="0" subjects_affected="0" subjects_at_risk="6"/>
                <counts group_id="E3" events="0" subjects_affected="0" subjects_at_risk="7"/>
              </event>
            </event_list>
          </category>
          <category>
            <title>General disorders</title>
            <event_list>
              <event>
                <sub_title>Fatigue</sub_title>
                <counts group_id="E1" events="4" subjects_affected="4" subjects_at_risk="7"/>
                <counts group_id="E2" events="1" subjects_affected="1" subjects_at_risk="6"/>
                <counts group_id="E3" events="4" subjects_affected="4" subjects_at_risk="7"/>
              </event>
              <event>
                <sub_title>Chills</sub_title>
                <counts group_id="E1" events="0" subjects_affected="0" subjects_at_risk="7"/>
                <counts group_id="E2" events="1" subjects_affected="1" subjects_at_risk="6"/>
                <counts group_id="E3" events="1" subjects_affected="1" subjects_at_risk="7"/>
              </event>
              <event>
                <sub_title>Mucosal inflammation</sub_title>
                <counts group_id="E1" events="1" subjects_affected="1" subjects_at_risk="7"/>
                <counts group_id="E2" events="1" subjects_affected="1" subjects_at_risk="6"/>
                <counts group_id="E3" events="0" subjects_affected="0" subjects_at_risk="7"/>
              </event>
              <event>
                <sub_title>Chest Pain</sub_title>
                <counts group_id="E1" events="1" subjects_affected="1" subjects_at_risk="7"/>
                <counts group_id="E2" events="0" subjects_affected="0" subjects_at_risk="6"/>
                <counts group_id="E3" events="0" subjects_affected="0" subjects_at_risk="7"/>
              </event>
              <event>
                <sub_title>Cyst</sub_title>
                <counts group_id="E1" events="1" subjects_affected="1" subjects_at_risk="7"/>
                <counts group_id="E2" events="0" subjects_affected="0" subjects_at_risk="6"/>
                <counts group_id="E3" events="0" subjects_affected="0" subjects_at_risk="7"/>
              </event>
              <event>
                <sub_title>Malaise</sub_title>
                <counts group_id="E1" events="0" subjects_affected="0" subjects_at_risk="7"/>
                <counts group_id="E2" events="0" subjects_affected="0" subjects_at_risk="6"/>
                <counts group_id="E3" events="1" subjects_affected="1" subjects_at_risk="7"/>
              </event>
              <event>
                <sub_title>Non-cardiac chest pain</sub_title>
                <counts group_id="E1" events="1" subjects_affected="1" subjects_at_risk="7"/>
                <counts group_id="E2" events="0" subjects_affected="0" subjects_at_risk="6"/>
                <counts group_id="E3" events="0" subjects_affected="0" subjects_at_risk="7"/>
              </event>
              <event>
                <sub_title>Oedema peripheral</sub_title>
                <counts group_id="E1" events="0" subjects_affected="0" subjects_at_risk="7"/>
                <counts group_id="E2" events="1" subjects_affected="1" subjects_at_risk="6"/>
                <counts group_id="E3" events="0" subjects_affected="0" subjects_at_risk="7"/>
              </event>
            </event_list>
          </category>
          <category>
            <title>Infections and infestations</title>
            <event_list>
              <event>
                <sub_title>Upper respiratory tract infection</sub_title>
                <counts group_id="E1" events="0" subjects_affected="0" subjects_at_risk="7"/>
                <counts group_id="E2" events="2" subjects_affected="2" subjects_at_risk="6"/>
                <counts group_id="E3" events="0" subjects_affected="0" subjects_at_risk="7"/>
              </event>
              <event>
                <sub_title>Body tinea</sub_title>
                <counts group_id="E1" events="0" subjects_affected="0" subjects_at_risk="7"/>
                <counts group_id="E2" events="1" subjects_affected="1" subjects_at_risk="6"/>
                <counts group_id="E3" events="0" subjects_affected="0" subjects_at_risk="7"/>
              </event>
              <event>
                <sub_title>Diverticulitis</sub_title>
                <counts group_id="E1" events="1" subjects_affected="1" subjects_at_risk="7"/>
                <counts group_id="E2" events="0" subjects_affected="0" subjects_at_risk="6"/>
                <counts group_id="E3" events="0" subjects_affected="0" subjects_at_risk="7"/>
              </event>
              <event>
                <sub_title>Influenza</sub_title>
                <counts group_id="E1" events="1" subjects_affected="1" subjects_at_risk="7"/>
                <counts group_id="E2" events="0" subjects_affected="0" subjects_at_risk="6"/>
                <counts group_id="E3" events="0" subjects_affected="0" subjects_at_risk="7"/>
              </event>
              <event>
                <sub_title>Pharyngitis</sub_title>
                <counts group_id="E1" events="0" subjects_affected="0" subjects_at_risk="7"/>
                <counts group_id="E2" events="1" subjects_affected="1" subjects_at_risk="6"/>
                <counts group_id="E3" events="0" subjects_affected="0" subjects_at_risk="7"/>
              </event>
              <event>
                <sub_title>Sinusitis</sub_title>
                <counts group_id="E1" events="0" subjects_affected="0" subjects_at_risk="7"/>
                <counts group_id="E2" events="0" subjects_affected="0" subjects_at_risk="6"/>
                <counts group_id="E3" events="1" subjects_affected="1" subjects_at_risk="7"/>
              </event>
              <event>
                <sub_title>Skin infection</sub_title>
                <counts group_id="E1" events="0" subjects_affected="0" subjects_at_risk="7"/>
                <counts group_id="E2" events="0" subjects_affected="0" subjects_at_risk="6"/>
                <counts group_id="E3" events="1" subjects_affected="1" subjects_at_risk="7"/>
              </event>
              <event>
                <sub_title>Blood creatinine increased</sub_title>
                <counts group_id="E1" events="1" subjects_affected="1" subjects_at_risk="7"/>
                <counts group_id="E2" events="0" subjects_affected="0" subjects_at_risk="6"/>
                <counts group_id="E3" events="0" subjects_affected="0" subjects_at_risk="7"/>
              </event>
              <event>
                <sub_title>Lipase increased</sub_title>
                <counts group_id="E1" events="0" subjects_affected="0" subjects_at_risk="7"/>
                <counts group_id="E2" events="1" subjects_affected="1" subjects_at_risk="6"/>
                <counts group_id="E3" events="0" subjects_affected="0" subjects_at_risk="7"/>
              </event>
            </event_list>
          </category>
          <category>
            <title>Injury, poisoning and procedural complications</title>
            <event_list>
              <event>
                <sub_title>Fall</sub_title>
                <counts group_id="E1" events="0" subjects_affected="0" subjects_at_risk="7"/>
                <counts group_id="E2" events="1" subjects_affected="1" subjects_at_risk="6"/>
                <counts group_id="E3" events="0" subjects_affected="0" subjects_at_risk="7"/>
              </event>
              <event>
                <sub_title>Transplant failure</sub_title>
                <counts group_id="E1" events="1" subjects_affected="1" subjects_at_risk="7"/>
                <counts group_id="E2" events="0" subjects_affected="0" subjects_at_risk="6"/>
                <counts group_id="E3" events="0" subjects_affected="0" subjects_at_risk="7"/>
              </event>
            </event_list>
          </category>
          <category>
            <title>Investigations</title>
            <event_list>
              <event>
                <sub_title>Alanine aminotransferase increased</sub_title>
                <counts group_id="E1" events="1" subjects_affected="1" subjects_at_risk="7"/>
                <counts group_id="E2" events="1" subjects_affected="1" subjects_at_risk="6"/>
                <counts group_id="E3" events="0" subjects_affected="0" subjects_at_risk="7"/>
              </event>
              <event>
                <sub_title>Aspartate aminotransferase increased</sub_title>
                <counts group_id="E1" events="1" subjects_affected="1" subjects_at_risk="7"/>
                <counts group_id="E2" events="1" subjects_affected="1" subjects_at_risk="6"/>
                <counts group_id="E3" events="0" subjects_affected="0" subjects_at_risk="7"/>
              </event>
            </event_list>
          </category>
          <category>
            <title>Metabolism and nutrition disorders</title>
            <event_list>
              <event>
                <sub_title>Decreased appetite</sub_title>
                <counts group_id="E1" events="1" subjects_affected="1" subjects_at_risk="7"/>
                <counts group_id="E2" events="0" subjects_affected="0" subjects_at_risk="6"/>
                <counts group_id="E3" events="1" subjects_affected="1" subjects_at_risk="7"/>
              </event>
              <event>
                <sub_title>Hypercalcaemia</sub_title>
                <counts group_id="E1" events="1" subjects_affected="1" subjects_at_risk="7"/>
                <counts group_id="E2" events="0" subjects_affected="0" subjects_at_risk="6"/>
                <counts group_id="E3" events="0" subjects_affected="0" subjects_at_risk="7"/>
              </event>
              <event>
                <sub_title>Hypokalaemia</sub_title>
                <counts group_id="E1" events="0" subjects_affected="0" subjects_at_risk="7"/>
                <counts group_id="E2" events="0" subjects_affected="0" subjects_at_risk="6"/>
                <counts group_id="E3" events="1" subjects_affected="1" subjects_at_risk="7"/>
              </event>
              <event>
                <sub_title>Hyponatraemia</sub_title>
                <counts group_id="E1" events="0" subjects_affected="0" subjects_at_risk="7"/>
                <counts group_id="E2" events="0" subjects_affected="0" subjects_at_risk="6"/>
                <counts group_id="E3" events="1" subjects_affected="1" subjects_at_risk="7"/>
              </event>
            </event_list>
          </category>
          <category>
            <title>Musculoskeletal and connective tissue disorders</title>
            <event_list>
              <event>
                <sub_title>Arthralgia</sub_title>
                <counts group_id="E1" events="3" subjects_affected="3" subjects_at_risk="7"/>
                <counts group_id="E2" events="1" subjects_affected="1" subjects_at_risk="6"/>
                <counts group_id="E3" events="0" subjects_affected="0" subjects_at_risk="7"/>
              </event>
              <event>
                <sub_title>Pain in extremity</sub_title>
                <counts group_id="E1" events="0" subjects_affected="0" subjects_at_risk="7"/>
                <counts group_id="E2" events="0" subjects_affected="0" subjects_at_risk="6"/>
                <counts group_id="E3" events="0" subjects_affected="0" subjects_at_risk="7"/>
              </event>
              <event>
                <sub_title>Joint range of motion decreased</sub_title>
                <counts group_id="E1" events="0" subjects_affected="0" subjects_at_risk="7"/>
                <counts group_id="E2" events="1" subjects_affected="1" subjects_at_risk="6"/>
                <counts group_id="E3" events="2" subjects_affected="2" subjects_at_risk="7"/>
              </event>
              <event>
                <sub_title>Myalgia</sub_title>
                <counts group_id="E1" events="0" subjects_affected="0" subjects_at_risk="7"/>
                <counts group_id="E2" events="1" subjects_affected="1" subjects_at_risk="6"/>
                <counts group_id="E3" events="0" subjects_affected="0" subjects_at_risk="7"/>
              </event>
            </event_list>
          </category>
          <category>
            <title>Neoplasms benign, malignant and unspecified (incl cysts and polyps)</title>
            <event_list>
              <event>
                <sub_title>Tumour pain</sub_title>
                <counts group_id="E1" events="2" subjects_affected="2" subjects_at_risk="7"/>
                <counts group_id="E2" events="0" subjects_affected="0" subjects_at_risk="6"/>
                <counts group_id="E3" events="1" subjects_affected="1" subjects_at_risk="7"/>
              </event>
              <event>
                <sub_title>Basal cell carcinoma</sub_title>
                <counts group_id="E1" events="0" subjects_affected="0" subjects_at_risk="7"/>
                <counts group_id="E2" events="0" subjects_affected="0" subjects_at_risk="6"/>
                <counts group_id="E3" events="1" subjects_affected="1" subjects_at_risk="7"/>
              </event>
              <event>
                <sub_title>Benign neoplasm</sub_title>
                <counts group_id="E1" events="1" subjects_affected="1" subjects_at_risk="7"/>
                <counts group_id="E2" events="0" subjects_affected="0" subjects_at_risk="6"/>
                <counts group_id="E3" events="0" subjects_affected="0" subjects_at_risk="7"/>
              </event>
            </event_list>
          </category>
          <category>
            <title>Nervous system disorders</title>
            <event_list>
              <event>
                <sub_title>Headache</sub_title>
                <counts group_id="E1" events="3" subjects_affected="3" subjects_at_risk="7"/>
                <counts group_id="E2" events="2" subjects_affected="2" subjects_at_risk="6"/>
                <counts group_id="E3" events="2" subjects_affected="2" subjects_at_risk="7"/>
              </event>
              <event>
                <sub_title>Dizziness</sub_title>
                <counts group_id="E1" events="0" subjects_affected="0" subjects_at_risk="7"/>
                <counts group_id="E2" events="1" subjects_affected="1" subjects_at_risk="6"/>
                <counts group_id="E3" events="2" subjects_affected="2" subjects_at_risk="7"/>
              </event>
              <event>
                <sub_title>Dysgeusia</sub_title>
                <counts group_id="E1" events="1" subjects_affected="1" subjects_at_risk="7"/>
                <counts group_id="E2" events="1" subjects_affected="1" subjects_at_risk="6"/>
                <counts group_id="E3" events="0" subjects_affected="0" subjects_at_risk="7"/>
              </event>
              <event>
                <sub_title>Cerebral haemorrhage</sub_title>
                <counts group_id="E1" events="0" subjects_affected="0" subjects_at_risk="7"/>
                <counts group_id="E2" events="0" subjects_affected="0" subjects_at_risk="6"/>
                <counts group_id="E3" events="1" subjects_affected="1" subjects_at_risk="7"/>
              </event>
              <event>
                <sub_title>Haemorrhage intracranial</sub_title>
                <counts group_id="E1" events="0" subjects_affected="0" subjects_at_risk="7"/>
                <counts group_id="E2" events="0" subjects_affected="0" subjects_at_risk="6"/>
                <counts group_id="E3" events="1" subjects_affected="1" subjects_at_risk="7"/>
              </event>
              <event>
                <sub_title>Memory impairment</sub_title>
                <counts group_id="E1" events="1" subjects_affected="1" subjects_at_risk="7"/>
                <counts group_id="E2" events="0" subjects_affected="0" subjects_at_risk="6"/>
                <counts group_id="E3" events="0" subjects_affected="0" subjects_at_risk="7"/>
              </event>
              <event>
                <sub_title>Parosmia</sub_title>
                <counts group_id="E1" events="1" subjects_affected="1" subjects_at_risk="7"/>
                <counts group_id="E2" events="0" subjects_affected="0" subjects_at_risk="6"/>
                <counts group_id="E3" events="0" subjects_affected="0" subjects_at_risk="7"/>
              </event>
              <event>
                <sub_title>Sinus headache</sub_title>
                <counts group_id="E1" events="0" subjects_affected="0" subjects_at_risk="7"/>
                <counts group_id="E2" events="1" subjects_affected="1" subjects_at_risk="6"/>
                <counts group_id="E3" events="0" subjects_affected="0" subjects_at_risk="7"/>
              </event>
              <event>
                <sub_title>Taste disorder</sub_title>
                <counts group_id="E1" events="0" subjects_affected="0" subjects_at_risk="7"/>
                <counts group_id="E2" events="0" subjects_affected="0" subjects_at_risk="6"/>
                <counts group_id="E3" events="1" subjects_affected="1" subjects_at_risk="7"/>
              </event>
            </event_list>
          </category>
          <category>
            <title>Psychiatric disorders</title>
            <event_list>
              <event>
                <sub_title>Insomnia</sub_title>
                <counts group_id="E1" events="1" subjects_affected="1" subjects_at_risk="7"/>
                <counts group_id="E2" events="2" subjects_affected="2" subjects_at_risk="6"/>
                <counts group_id="E3" events="1" subjects_affected="1" subjects_at_risk="7"/>
              </event>
              <event>
                <sub_title>Anxiety</sub_title>
                <counts group_id="E1" events="0" subjects_affected="0" subjects_at_risk="7"/>
                <counts group_id="E2" events="0" subjects_affected="0" subjects_at_risk="6"/>
                <counts group_id="E3" events="1" subjects_affected="1" subjects_at_risk="7"/>
              </event>
              <event>
                <sub_title>Irritability</sub_title>
                <counts group_id="E1" events="0" subjects_affected="0" subjects_at_risk="7"/>
                <counts group_id="E2" events="0" subjects_affected="0" subjects_at_risk="6"/>
                <counts group_id="E3" events="1" subjects_affected="1" subjects_at_risk="7"/>
              </event>
              <event>
                <sub_title>Libido decreased</sub_title>
                <counts group_id="E1" events="0" subjects_affected="0" subjects_at_risk="7"/>
                <counts group_id="E2" events="0" subjects_affected="0" subjects_at_risk="6"/>
                <counts group_id="E3" events="1" subjects_affected="1" subjects_at_risk="7"/>
              </event>
              <event>
                <sub_title>Mental status changes</sub_title>
                <counts group_id="E1" events="0" subjects_affected="0" subjects_at_risk="7"/>
                <counts group_id="E2" events="0" subjects_affected="0" subjects_at_risk="6"/>
                <counts group_id="E3" events="1" subjects_affected="1" subjects_at_risk="7"/>
              </event>
              <event>
                <sub_title>Personality change</sub_title>
                <counts group_id="E1" events="1" subjects_affected="1" subjects_at_risk="7"/>
                <counts group_id="E2" events="0" subjects_affected="0" subjects_at_risk="6"/>
                <counts group_id="E3" events="0" subjects_affected="0" subjects_at_risk="7"/>
              </event>
            </event_list>
          </category>
          <category>
            <title>Renal and urinary disorders</title>
            <event_list>
              <event>
                <sub_title>Pollakiuria</sub_title>
                <counts group_id="E1" events="0" subjects_affected="0" subjects_at_risk="7"/>
                <counts group_id="E2" events="1" subjects_affected="1" subjects_at_risk="6"/>
                <counts group_id="E3" events="0" subjects_affected="0" subjects_at_risk="7"/>
              </event>
            </event_list>
          </category>
          <category>
            <title>Respiratory, thoracic and mediastinal disorders</title>
            <event_list>
              <event>
                <sub_title>Cough</sub_title>
                <counts group_id="E1" events="1" subjects_affected="1" subjects_at_risk="7"/>
                <counts group_id="E2" events="2" subjects_affected="2" subjects_at_risk="6"/>
                <counts group_id="E3" events="2" subjects_affected="2" subjects_at_risk="7"/>
              </event>
              <event>
                <sub_title>Dysphonia</sub_title>
                <counts group_id="E1" events="0" subjects_affected="0" subjects_at_risk="7"/>
                <counts group_id="E2" events="0" subjects_affected="0" subjects_at_risk="6"/>
                <counts group_id="E3" events="1" subjects_affected="1" subjects_at_risk="7"/>
              </event>
              <event>
                <sub_title>Dyspnoea</sub_title>
                <counts group_id="E1" events="0" subjects_affected="0" subjects_at_risk="7"/>
                <counts group_id="E2" events="1" subjects_affected="1" subjects_at_risk="6"/>
                <counts group_id="E3" events="0" subjects_affected="0" subjects_at_risk="7"/>
              </event>
              <event>
                <sub_title>Dyspnoea exertional</sub_title>
                <counts group_id="E1" events="0" subjects_affected="0" subjects_at_risk="7"/>
                <counts group_id="E2" events="0" subjects_affected="0" subjects_at_risk="6"/>
                <counts group_id="E3" events="1" subjects_affected="1" subjects_at_risk="7"/>
              </event>
              <event>
                <sub_title>Laryngeal inflammation</sub_title>
                <counts group_id="E1" events="0" subjects_affected="0" subjects_at_risk="7"/>
                <counts group_id="E2" events="1" subjects_affected="1" subjects_at_risk="6"/>
                <counts group_id="E3" events="0" subjects_affected="0" subjects_at_risk="7"/>
              </event>
              <event>
                <sub_title>Oropharyngeal pain</sub_title>
                <counts group_id="E1" events="0" subjects_affected="0" subjects_at_risk="7"/>
                <counts group_id="E2" events="0" subjects_affected="0" subjects_at_risk="6"/>
                <counts group_id="E3" events="1" subjects_affected="1" subjects_at_risk="7"/>
              </event>
              <event>
                <sub_title>Paranasal sinus discomfort</sub_title>
                <counts group_id="E1" events="0" subjects_affected="0" subjects_at_risk="7"/>
                <counts group_id="E2" events="0" subjects_affected="0" subjects_at_risk="6"/>
                <counts group_id="E3" events="1" subjects_affected="1" subjects_at_risk="7"/>
              </event>
              <event>
                <sub_title>Pneumonitis</sub_title>
                <counts group_id="E1" events="0" subjects_affected="0" subjects_at_risk="7"/>
                <counts group_id="E2" events="1" subjects_affected="1" subjects_at_risk="6"/>
                <counts group_id="E3" events="0" subjects_affected="0" subjects_at_risk="7"/>
              </event>
              <event>
                <sub_title>Sinus congestion</sub_title>
                <counts group_id="E1" events="1" subjects_affected="1" subjects_at_risk="7"/>
                <counts group_id="E2" events="0" subjects_affected="0" subjects_at_risk="6"/>
                <counts group_id="E3" events="0" subjects_affected="0" subjects_at_risk="7"/>
              </event>
              <event>
                <sub_title>Upper-airway cough syndrome</sub_title>
                <counts group_id="E1" events="0" subjects_affected="0" subjects_at_risk="7"/>
                <counts group_id="E2" events="0" subjects_affected="0" subjects_at_risk="6"/>
                <counts group_id="E3" events="1" subjects_affected="1" subjects_at_risk="7"/>
              </event>
            </event_list>
          </category>
          <category>
            <title>Skin and subcutaneous tissue disorders</title>
            <event_list>
              <event>
                <sub_title>Rash</sub_title>
                <counts group_id="E1" events="2" subjects_affected="2" subjects_at_risk="7"/>
                <counts group_id="E2" events="2" subjects_affected="2" subjects_at_risk="6"/>
                <counts group_id="E3" events="3" subjects_affected="3" subjects_at_risk="7"/>
              </event>
              <event>
                <sub_title>Pruritus</sub_title>
                <counts group_id="E1" events="2" subjects_affected="2" subjects_at_risk="7"/>
                <counts group_id="E2" events="3" subjects_affected="3" subjects_at_risk="6"/>
                <counts group_id="E3" events="1" subjects_affected="1" subjects_at_risk="7"/>
              </event>
              <event>
                <sub_title>Rash maculo-papular</sub_title>
                <counts group_id="E1" events="0" subjects_affected="0" subjects_at_risk="7"/>
                <counts group_id="E2" events="0" subjects_affected="0" subjects_at_risk="6"/>
                <counts group_id="E3" events="2" subjects_affected="2" subjects_at_risk="7"/>
              </event>
              <event>
                <sub_title>Vitiligo</sub_title>
                <counts group_id="E1" events="0" subjects_affected="0" subjects_at_risk="7"/>
                <counts group_id="E2" events="1" subjects_affected="1" subjects_at_risk="6"/>
                <counts group_id="E3" events="1" subjects_affected="1" subjects_at_risk="7"/>
              </event>
              <event>
                <sub_title>Dermatitis</sub_title>
                <counts group_id="E1" events="0" subjects_affected="0" subjects_at_risk="7"/>
                <counts group_id="E2" events="1" subjects_affected="1" subjects_at_risk="6"/>
                <counts group_id="E3" events="0" subjects_affected="0" subjects_at_risk="7"/>
              </event>
              <event>
                <sub_title>Hyperhidrosis</sub_title>
                <counts group_id="E1" events="0" subjects_affected="0" subjects_at_risk="7"/>
                <counts group_id="E2" events="1" subjects_affected="1" subjects_at_risk="6"/>
                <counts group_id="E3" events="0" subjects_affected="0" subjects_at_risk="7"/>
              </event>
              <event>
                <sub_title>Onychomadesis</sub_title>
                <counts group_id="E1" events="1" subjects_affected="1" subjects_at_risk="7"/>
                <counts group_id="E2" events="0" subjects_affected="0" subjects_at_risk="6"/>
                <counts group_id="E3" events="0" subjects_affected="0" subjects_at_risk="7"/>
              </event>
              <event>
                <sub_title>Psoriasis</sub_title>
                <counts group_id="E1" events="1" subjects_affected="1" subjects_at_risk="7"/>
                <counts group_id="E2" events="0" subjects_affected="0" subjects_at_risk="6"/>
                <counts group_id="E3" events="0" subjects_affected="0" subjects_at_risk="7"/>
              </event>
              <event>
                <sub_title>Skin hypopigmentation</sub_title>
                <counts group_id="E1" events="1" subjects_affected="1" subjects_at_risk="7"/>
                <counts group_id="E2" events="0" subjects_affected="0" subjects_at_risk="6"/>
                <counts group_id="E3" events="0" subjects_affected="0" subjects_at_risk="7"/>
              </event>
              <event>
                <sub_title>Skin lesion</sub_title>
                <counts group_id="E1" events="1" subjects_affected="1" subjects_at_risk="7"/>
                <counts group_id="E2" events="0" subjects_affected="0" subjects_at_risk="6"/>
                <counts group_id="E3" events="0" subjects_affected="0" subjects_at_risk="7"/>
              </event>
            </event_list>
          </category>
          <category>
            <title>Vascular disorders</title>
            <event_list>
              <event>
                <sub_title>Hypertension</sub_title>
                <counts group_id="E1" events="3" subjects_affected="3" subjects_at_risk="7"/>
                <counts group_id="E2" events="3" subjects_affected="3" subjects_at_risk="6"/>
                <counts group_id="E3" events="6" subjects_affected="6" subjects_at_risk="7"/>
              </event>
              <event>
                <sub_title>Flushing</sub_title>
                <counts group_id="E1" events="0" subjects_affected="0" subjects_at_risk="7"/>
                <counts group_id="E2" events="1" subjects_affected="1" subjects_at_risk="6"/>
                <counts group_id="E3" events="0" subjects_affected="0" subjects_at_risk="7"/>
              </event>
            </event_list>
          </category>
        </category_list>
      </other_events>
    </reported_events>

    <certain_agreements>
      <pi_employee>Principal Investigators are NOT employed by the organization sponsoring the study.</pi_employee>
      <restrictive_agreement>The only disclosure restriction on the PI is that the sponsor can review results communications prior to public release and can embargo communications regarding trial results for a period that is less than or equal to 60 days. The sponsor cannot require changes to the communication and cannot extend the embargo.</restrictive_agreement>
    </certain_agreements>
    <point_of_contact>
      <name_or_title>Lumos Pharma</name_or_title>
      <organization>Lumos Pharma Inc. (Formerly NewLink Genetics)</organization>
      <phone>515-598-2921</phone>
      <email>clinical.trials@lumos-pharma.com</email>
    </point_of_contact>
  </clinical_results>
</clinical_study>

