<?xml version="1.0" encoding="UTF-8"?>
<clinical_study rank="127">
  <!-- This xml conforms to an XML Schema at:
    https://clinicaltrials.gov/ct2/html/images/info/public.xsd -->
  <required_header>
    <download_date>ClinicalTrials.gov processed this data on February 06, 2024</download_date>
    <link_text>Link to the current ClinicalTrials.gov record.</link_text>
    <url>https://clinicaltrials.gov/ct2/show/NCT02374242</url>
  </required_header>
  <id_info>
    <org_study_id>CA209-170</org_study_id>
    <secondary_id>ACTRN12614001315606</secondary_id>
    <secondary_id>ANZMTG 01.14</secondary_id>
    <nct_id>NCT02374242</nct_id>
  </id_info>
  <brief_title>Anti-PD 1 Brain Collaboration for Patients With Melanoma Brain Metastases</brief_title>
  <acronym>ABC</acronym>
  <official_title>A Phase II Study of Nivolumab and Nivolumab Combined With Ipilimumab in Patients With Melanoma Brain Metastases</official_title>
  <sponsors>
    <lead_sponsor>
      <agency>Melanoma Institute Australia</agency>
      <agency_class>Other</agency_class>
    </lead_sponsor>
    <collaborator>
      <agency>Melanoma and Skin Cancer Trials Limited</agency>
      <agency_class>Other</agency_class>
    </collaborator>
    <collaborator>
      <agency>Bristol-Myers Squibb</agency>
      <agency_class>Industry</agency_class>
    </collaborator>
  </sponsors>
  <source>Melanoma Institute Australia</source>
  <oversight_info>
    <has_dmc>Yes</has_dmc>
  </oversight_info>
  <brief_summary>
    <textblock>
      The purpose of this research project is to test the effectiveness of nivolumab versus&#xD;
      nivolumab together with ipilimumab for the treatment of melanoma brain metastases.&#xD;
&#xD;
      Patients are eligible to join this study if they are aged 18 years or above and have been&#xD;
      diagnosed with melanoma with brain metastases.&#xD;
    </textblock>
  </brief_summary>
  <detailed_description>
    <textblock>
      BACKGROUND Brain metastases are a common and serious complication of metastatic melanoma. Up&#xD;
      to 50% of patients develop brain metastases during the course of their illness, and&#xD;
      approximately 20% of patients have them at first presentation with metastatic disease. The&#xD;
      prognosis for melanoma patients with brain metastasis is generally very poor with a median&#xD;
      overall survival ranging from 2.8 to 4 months and a large proportion of up to 95% of these&#xD;
      patients will ultimately die as a direct result of their brain metastases. The prognosis of&#xD;
      patients with melanoma brain metastases has not changed between 1986 and 2007. The five year&#xD;
      survival rate is 15% for late stage disease.&#xD;
&#xD;
      LOCAL TREATMENT OPTIONS There are 3 treatment modalities used for the local management of&#xD;
      brain metastases: surgery, stereotactic radiosurgery (SRS), and whole brain radiotherapy&#xD;
      (WBRT). Surgery and SRS are directed to the tumour volume only, whereas WBRT delivers&#xD;
      lower-dose radiotherapy to the whole brain, including areas of no overt tumour. Surgery is&#xD;
      not limited by the size of the tumour; however, it is dependent on the lesion being&#xD;
      surgically accessible. In appropriately selected patients (lesions &gt;3 cm and minimal&#xD;
      symptoms), SRS is considered equivalent to surgical resection; however, this has been&#xD;
      addressed in only 1 randomised controlled trial that was stopped early because of poor&#xD;
      accrual. No statistically significant difference was found in survival or local tumour&#xD;
      control. In solid tumours, WBRT remains the treatment modality of choice in those where&#xD;
      surgery or SRS are contraindicated because of tumour size, number, or location. The role of&#xD;
      WBRT is to palliate symptoms because, despite response rates of 60%, median survival is less&#xD;
      than 5 months.&#xD;
&#xD;
      SYSTEMIC THERAPY OPTIONS Systemic chemotherapy has shown little benefit in the treatment of&#xD;
      metastatic melanoma, including those with brain metastases. It is usually reserved for those&#xD;
      who have central nervous system (CNS) progression despite surgery and/or radiotherapy, or in&#xD;
      those patients with rapidly progressing or symptomatic extracranial disease. The response&#xD;
      rate in the brain for the most active chemotherapy agents temozolomide and fotemustine is&#xD;
      &lt;10% in large clinical trials, thus patients with brain metastases have been excluded from&#xD;
      most systemic therapy clinical trials.&#xD;
&#xD;
      Ipilimumab was the first systemic treatment proven to extend survival in patients with&#xD;
      metastatic melanoma, and has activity in progressing brain metastases in patients who are not&#xD;
      taking corticosteroids for neurological symptoms.&#xD;
&#xD;
      Dabrafenib and vemurafenib are potent selective BRAF inhibitors proven to increase survival&#xD;
      in patients with V600 BRAF-mutant metastatic melanoma and have activity in brain metastases.&#xD;
      Although there is unprecedented proven activity of the BRAF inhibitor dabrafenib in a large&#xD;
      clinical trial of patients with untreated V600 BRAF-mutant brain metastases, this represents&#xD;
      only 40% of the metastatic melanoma population, and responses are rarely durable. Brain&#xD;
      metastases remain a major clinical problem, and an unmet medical need for patients with both&#xD;
      BRAF-mutant and wild-type metastatic melanoma. And yet, all major clinical trials continue to&#xD;
      exclude such patients.&#xD;
&#xD;
      IMMUNOTHERAPY Cancer immunotherapy rests on the premise that tumours can be recognized as&#xD;
      foreign rather than as 'self' and can be effectively attacked by an activated immune system.&#xD;
      An effective immune response in this setting is thought to rely on immune surveillance of&#xD;
      tumour antigens expressed on cancer cells that ultimately results in an adaptive immune&#xD;
      response and cancer cell death. This functions by aborting the emergence of tumours as they&#xD;
      arise and/or causing tumour shrinkage where it is present. Meanwhile, tumour progression may&#xD;
      depend upon the acquisition of traits that allow cancer cells to evade immune surveillance&#xD;
      and an effective immune response. This evasion may occur by exploiting any of the checkpoints&#xD;
      that control the regulatory immune response, including the display of antigens and control of&#xD;
      co-stimulatory pathways that affect the proliferation of cells involved in immunity. Current&#xD;
      immunotherapy efforts attempt to break the apparent tolerance of the immune system to tumour&#xD;
      cells and antigens by either introducing cancer antigens by therapeutic vaccination or by&#xD;
      modulating regulatory checkpoints of the immune system - either directly by stimulation of&#xD;
      immune cells by antibodies directed to receptors on T and B cells or indirectly by cytokine&#xD;
      manipulation. T-cell stimulation is a complex process involving the integration of numerous&#xD;
      positive, as well as negative, co-stimulatory signals in addition to antigen recognition by&#xD;
      the T-cell receptor (TCR). Collectively, these signals govern the balance between T-cell&#xD;
      activation and tolerance to antigens.&#xD;
&#xD;
      NIVOLUMAB Nivolumab is a fully human monoclonal antibody directed against the negative&#xD;
      immunoregulatory human cell surface receptor PD-1 (programmed death-1 or programmed cell&#xD;
      death-1/PCD-1) with immunopotentiation activity. The efficacy and safety of nivolumab is&#xD;
      being explored in 3 ongoing melanoma phase 3 trials in previously treated or treatment naïve&#xD;
      patients.&#xD;
&#xD;
      IPILIMUMAB In a study investigating the safety and activity of ipilimumab specifically in&#xD;
      patients with brain metastases, ipilimumab was shown to have activity in some patients with&#xD;
      advanced melanoma and brain metastases, particularly when metastases are small and&#xD;
      asymptomatic and in patients who do not need corticosteroid treatment. Furthermore, the drug&#xD;
      had no unexpected toxic effects in this population.&#xD;
&#xD;
      NIVOLUMAB COMBINED WITH IPILIMUMAB Preclinical and preliminary clinical evidence suggests a&#xD;
      synergy between nivolumab and ipilimumab. While PD-1 and CTLA-4 are both co-inhibitory&#xD;
      molecules, evidence suggests that they use distinct mechanisms to limit T cell activation.&#xD;
      The preliminary clinical evidence has demonstrated a higher frequency of patients with&#xD;
      substantial tumour burden reduction for the combination of nivolumab and ipilimumab. Improved&#xD;
      overall survival associated with substantial tumour burden reduction has been noted with&#xD;
      immunotherapies. For instance, improved overall survival has been noted in metastatic&#xD;
      melanoma patients obtaining a complete response to IL-2. If this observation is also&#xD;
      applicable to treatment with nivolumab combined with ipilimumab then there could also be the&#xD;
      potential for large improvements in overall survival compared to ipilimumab.&#xD;
&#xD;
      STUDY DESIGN Initially, this study will recruit patients with melanoma brain metastases who&#xD;
      have received no prior local treatment for their intracranial metastatic disease and who are&#xD;
      asymptomatic (Cohort 1) and in parallel, patients who have been previously treated for their&#xD;
      brain metastases, have symptoms, or have concurrent leptomeningeal disease (Cohort 2).&#xD;
&#xD;
      Combination therapy with nivolumab and ipilimumab is currently under investigation in a phase&#xD;
      III trial in previously untreated metastatic melanoma (NCT01844505). That study however&#xD;
      excludes those patients with active brain metastases. This current study will therefore enrol&#xD;
      a third group of patients with brain metastases who have received no prior treatment for&#xD;
      their metastatic disease and who are asymptomatic to receive combined nivolumab and&#xD;
      ipilimumab (Cohort 3).&#xD;
&#xD;
      Recruitment to cohort 3 will commence once the first 6 patients from cohort 1 have received&#xD;
      at least 3 doses of study treatment (equivalent to 6 weeks) and have a satisfactory adverse&#xD;
      event record. A satisfactory record is deemed where ≤ 2 patients experience neurological&#xD;
      CTCAE grade 3 or above nivolumab-related adverse events. Following this safety assessment, if&#xD;
      no safety signals are detected, patients will continue to be recruited to this cohort to&#xD;
      enable a complete patient group of 30. To minimise bias, treatment allocation to cohort 3 and&#xD;
      the remainder of cohort 1 will be assigned by unequal randomisation ratio to achieve an&#xD;
      overall balance of 30 patients receiving nivolumab 3 mg/kg (including the 6 patients from&#xD;
      cohort 1) and 30 patients receiving the combination treatment. Randomisation to the remaining&#xD;
      cohort 1 and all of cohort 3 will be stratified by participating site to minimise potential&#xD;
      differences between patients who present to the different sites, or because of differences&#xD;
      between the sites themselves.&#xD;
&#xD;
      CONTINUED TREATMENT IN SELECT CASES OF PROGRESSIVE DISEASE Accumulating clinical evidence&#xD;
      indicates some patients treated with immune system stimulating agents may develop progression&#xD;
      of disease (by conventional response criteria) before demonstrating clinical objective&#xD;
      responses and/or stable disease. enhanced inflammation within tumours could lead to an&#xD;
      increase in tumour size which would appear as enlarged index lesions and as newly visible&#xD;
      small non-index lesions. Over time, both the malignant and inflammatory portions of the mass&#xD;
      may then decrease leading to overt signs of clinical improvement. Alternatively, in some&#xD;
      individuals, the kinetics of tumour growth may initially outpace anti-tumour immune activity.&#xD;
      With sufficient time, the anti-tumour activity will dominate and become clinically apparent.&#xD;
      Therefore, patients will be allowed to continue study treatment after initial&#xD;
      investigator-assessed RECIST 1.1 defined progression if they are assessed to be deriving&#xD;
      clinical benefit and tolerating study drug.&#xD;
&#xD;
      The application of traditional RECIST criteria in patients treated with immunotherapy may&#xD;
      lead to premature discontinuation of treatment in a patient who will eventually respond to&#xD;
      treatment or have prolonged disease stabilization. Disease progression may occur in&#xD;
      extracranial lesions whilst patients may continue to have disease stabilisation or response&#xD;
      of their intracranial melanoma disease, and vice versa.&#xD;
&#xD;
      INTRACRANIAL RESPONSE USING FET-PET FET PET (18F-fluoro-ethyl-tyrosine [FET]) will be used as&#xD;
      a separate and independent modality to MRI brain scans to assess metabolic response of the&#xD;
      brain metastases to immune therapy. FET PET has been extensively evaluated in humans. FET-PET&#xD;
      has shown to be valuable in the management of brain tumours. It is not known what the effect&#xD;
      of lymphocytic infiltration which occurs with immune therapy is on MRI brain, so it is&#xD;
      important to have a separate modality to predict benefit and assess response. FET-PET&#xD;
      demonstrates the change in cell proliferation (change in SUV [standardised uptake value] from&#xD;
      baseline).&#xD;
&#xD;
      FET-PET will be used to assess to determine response to study treatment. The FET PET findings&#xD;
      will be compared with conventional imaging. Only cohorts 1 and 3 will be assessed with this&#xD;
      modality.&#xD;
&#xD;
      BLOOD AND TISSUE BIOMARKERS Blood will be collected to examine serum chemokines, cytokines,&#xD;
      inflammatory markers, lymphocyte and T cell subsets and myeloid derived suppressor cells&#xD;
      (MDSC) to assess correlation with disease response or progression. In patients with&#xD;
      sufficient archival melanoma tissue from metastatic sites, a baseline tumour PD-L1 level,&#xD;
      immune markers and genetics of response and resistance will also be measured.&#xD;
&#xD;
      If available, tumour tissue following progression of disease will also be tested for immune&#xD;
      and genetic markers. Early work has indicated these biomarkers may be predictive of&#xD;
      responders to study treatment. In a phase 1 study of 90 patients receiving nivolumab at&#xD;
      different dose levels, high pre-treatment NY-ESO-1 and MART-1-specific CD8+ T cells were&#xD;
      associated with progression of disease. At week 12, increased peripheral-blood T regulatory&#xD;
      cells and decreased antigen-specific T cells were associated with progression. PD-L1 tumour&#xD;
      staining was associated with responses to nivolumab, but negative staining did not rule out a&#xD;
      response.&#xD;
    </textblock>
  </detailed_description>
  <overall_status>Active, not recruiting</overall_status>
  <start_date type="Actual">November 4, 2014</start_date>
  <completion_date type="Anticipated">December 2028</completion_date>
  <primary_completion_date type="Actual">September 4, 2017</primary_completion_date>
  <phase>Phase 2</phase>
  <study_type>Interventional</study_type>
  <has_expanded_access>No</has_expanded_access>
  <study_design_info>
    <allocation>Randomized</allocation>
    <intervention_model>Parallel Assignment</intervention_model>
    <primary_purpose>Treatment</primary_purpose>
    <masking>None (Open Label)</masking>
  </study_design_info>
  <primary_outcome>
    <measure>Intracranial response rate</measure>
    <time_frame>Approximately 3 years</time_frame>
    <description>Proportion of patients with a complete or partial response in intracranial metastases as measured using RECIST 1.1 criteria (modified for brain metastases - bm RECIST), from week 12.</description>
  </primary_outcome>
  <secondary_outcome>
    <measure>Extracranial response rate</measure>
    <time_frame>Approximately 3 years</time_frame>
    <description>Proportion of patients with an overall complete or partial response in extra cranial metastases as measured using bm RECIST.</description>
  </secondary_outcome>
  <secondary_outcome>
    <measure>Overall response rate</measure>
    <time_frame>Approximately 3 years</time_frame>
    <description>Proportion of patients with an overall complete or partial response as measured using bm RECIST 1.1 criteria.</description>
  </secondary_outcome>
  <secondary_outcome>
    <measure>Progression free survival in intracranial disease</measure>
    <time_frame>Approximately 3 years</time_frame>
    <description>Time from the baseline assessment to the date of intracranial progression as measured using bm RECIST 1.1 criteria.</description>
  </secondary_outcome>
  <secondary_outcome>
    <measure>Progression free survival in extracranial disease</measure>
    <time_frame>Approximately 3 years</time_frame>
    <description>Time from the baseline assessment to the date of extracranial progression as measured using bm RECIST 1.1 criteria.</description>
  </secondary_outcome>
  <secondary_outcome>
    <measure>Overall progression free survival</measure>
    <time_frame>Approximately 3 years</time_frame>
    <description>Time from the baseline assessment to the date of local or distant progression as measured using bm RECIST 1.1 criteria. Patients dying from causes other than melanoma or treatment related toxicity will be censored at date of death. Patients alive without progression or with second primary cancers will be censored at date of last assessment.</description>
  </secondary_outcome>
  <secondary_outcome>
    <measure>Overall survival</measure>
    <time_frame>Up to approximately 5 years</time_frame>
    <description>Time from commencing study treatment to the date of death from any cause. Patient still alive will be censored at the date of last assessment.</description>
  </secondary_outcome>
  <secondary_outcome>
    <measure>Safety and tolerability of nivolumab and nivolumab + ipilimumab (verse events by type, frequency and severity using National Cancer Institute Common Terminology Criteria for Adverse Events (CTCAE) version 4.03.)</measure>
    <time_frame>Approximately 3 years</time_frame>
    <description>Description of adverse events by type, frequency and severity using National Cancer Institute Common Terminology Criteria for Adverse Events (CTCAE) version 4.03.&#xD;
Number of patients who withdraw from the study due to intolerable adverse reactions.</description>
  </secondary_outcome>
  <secondary_outcome>
    <measure>Patient rated quality of life</measure>
    <time_frame>Approximately 3 years</time_frame>
    <description>The mean change from baseline quality of life scores at the time of clinical response, stable disease and progression in each cohort.</description>
  </secondary_outcome>
  <secondary_outcome>
    <measure>Clinical response using immune related response criteria (irRC)</measure>
    <time_frame>Approximately 3 years</time_frame>
    <description>Proportion of patients with an intracranial, extracranial and overall complete or partial response, stable disease or progression and progression free survival as measured using immune-related response criteria (irRC) and the proportion of concordant or discordant results compared with bm RECIST.</description>
  </secondary_outcome>
  <secondary_outcome>
    <measure>Tissue and blood biomarkers of response and progression</measure>
    <time_frame>Approximately 3 years</time_frame>
    <description>PD-L1 status, immune markers and genetics of response and resistance in tumour tissue at baseline and at disease progression. Lymphocyte, T cell subsets, myeloid derived suppressor cells and other biomarkers in blood at baseline, after 2 weeks on study treatment and then every 6 weeks, to examine if any specific subsets are predictive or response or progression.</description>
  </secondary_outcome>
  <secondary_outcome>
    <measure>FET-PET response in the brain at 6 and 12 weeks on therapy (Proportion of patients with a lower standardised uptake value from baseline in intracranial metastases, following at least ONE dose of study treatment)</measure>
    <time_frame>Approximately 1 year</time_frame>
    <description>Comparison of FET-PET to MRI findings. Proportion of patients with a lower standardised uptake value from baseline in intracranial metastases, following at least ONE dose of study treatment(s).</description>
  </secondary_outcome>
  <number_of_arms>3</number_of_arms>
  <enrollment type="Actual">76</enrollment>
  <condition>Melanoma</condition>
  <condition>Brain Metastases</condition>
  <arm_group>
    <arm_group_label>Cohort 1 Nivolumab Monotherapy</arm_group_label>
    <arm_group_type>Active Comparator</arm_group_type>
    <description>Nivolumab 3mg/kg every 2 weeks, until disease progression, withdrawn consent, unacceptable toxicity or death.</description>
  </arm_group>
  <arm_group>
    <arm_group_label>Cohort 2 Nivolumab Monotherapy</arm_group_label>
    <arm_group_type>Active Comparator</arm_group_type>
    <description>Nivolumab 3mg/kg every 2 weeks, until disease progression, withdrawn consent, unacceptable toxicity or death.</description>
  </arm_group>
  <arm_group>
    <arm_group_label>Cohort 3 Nivolumab and Ipilimumab</arm_group_label>
    <arm_group_type>Active Comparator</arm_group_type>
    <description>Nivolumab 1mg/kg every 3 weeks x four doses and ipilimumab 3mg/kg every 3 weeks x four doses. After 12 weeks, nivolumab 3mg/kg alone every 2 weeks until disease progression, withdrawn consent, unacceptable toxicity or death.</description>
  </arm_group>
  <intervention>
    <intervention_type>Drug</intervention_type>
    <intervention_name>Nivolumab</intervention_name>
    <description>Nivolumab is a fully human monoclonal antibody directed against the negative immunoregulatory human cell surface receptor PD-1 (programmed death-1 or programmed cell death-1/PCD-1) with immunopotentiation activity.</description>
    <arm_group_label>Cohort 1 Nivolumab Monotherapy</arm_group_label>
    <arm_group_label>Cohort 2 Nivolumab Monotherapy</arm_group_label>
    <arm_group_label>Cohort 3 Nivolumab and Ipilimumab</arm_group_label>
    <other_name>Opdivo</other_name>
    <other_name>BMS-936558</other_name>
  </intervention>
  <intervention>
    <intervention_type>Drug</intervention_type>
    <intervention_name>Ipilimumab</intervention_name>
    <description>Ipilimumab is a recombinant, human monoclonal antibody that binds to the cytotoxic T lymphocyte-associated antigen 4 (CTLA-4). CTLA-4 is a negative regulator of T-cell activation. Ipilimumab binds to CTLA-4 and blocks the interaction of CTLA-4 with its ligands, CD80/CD86. Blockade of CTLA-4 has been shown to augment T-cell activation and proliferation. The mechanism of action of ipilimumab's effect in patients with melanoma is indirect, possibly through T-cell mediated anti-tumour immune responses.</description>
    <arm_group_label>Cohort 3 Nivolumab and Ipilimumab</arm_group_label>
    <other_name>Yervoy</other_name>
    <other_name>BMS-734016</other_name>
  </intervention>
  <eligibility>
    <criteria>
      <textblock>
        Cohort 1 and 3&#xD;
&#xD;
        Inclusion Criteria:&#xD;
&#xD;
          1. ≥18 years of age.&#xD;
&#xD;
          2. Written informed consent&#xD;
&#xD;
          3. AJCC Stage IV (any T, any N, M1c) histologically confirmed melanoma or unknown primary&#xD;
             melanoma. Patients must have at least 1 radiological definitive brain metastasis that&#xD;
             is ≥ 5mm and ≤40mm measurable per RECIST version 1.1 guidelines.&#xD;
&#xD;
          4. In patients with prior BRAF inhibitor treatment, intracranial disease progression must&#xD;
             be demonstrated (RECIST &gt;20% or new measurable brain metastases) compared with nadir&#xD;
             of intracranial response during BRAF inhibitor treatment, and confirmed with a second&#xD;
             MRI brain scan at any time from the beginning of the drug washout period (dabrafenib=5&#xD;
             days, trametinib=14 days).&#xD;
&#xD;
          5. No prior localised treatment for brain metastases (eg. surgery or radiotherapy).&#xD;
&#xD;
          6. Neurologically asymptomatic from brain metastases.&#xD;
&#xD;
          7. Eastern Cooperative Oncology Group (ECOG) Performance Status of 0-2, and life&#xD;
             expectancy &gt; 30 days.&#xD;
&#xD;
          8. Able to undergo MRI with Gadolinium contrast agent.&#xD;
&#xD;
          9. Adequate haematological, hepatic and renal organ function.&#xD;
&#xD;
         10. Women of childbearing potential: negative serum pregnancy test and effective&#xD;
             contraception from 14 days prior to study treatment until 23 weeks after the last&#xD;
             dose.&#xD;
&#xD;
         11. Men with female partner of childbearing potential to use effective contraception from&#xD;
             14 days prior to study treatment until 31 weeks after the last dose.&#xD;
&#xD;
             Exclusion Criteria:&#xD;
&#xD;
         12. Any melanoma brain metastasis &gt;40mm.&#xD;
&#xD;
         13. Ocular melanoma.&#xD;
&#xD;
         14. Prior treatment with an anti-PD-1 or anti-PD-L1 , anti-PD-L2, anti-CD137, or&#xD;
             anti-CTLA-4 antibody, or any other antibody or drug specifically targeting T-cell&#xD;
             co-stimulation or checkpoint pathways.&#xD;
&#xD;
         15. Patients with active, known or suspected autoimmune disease. Patients with vitiligo,&#xD;
             type I diabetes mellitus, residual hypothyroidism due to autoimmune condition only&#xD;
             requiring hormone replacement, psoriasis not requiring systemic treatment, or&#xD;
             conditions not expected to recur in the absence of an external trigger are permitted&#xD;
             to enroll.&#xD;
&#xD;
         16. Current systemic treatment with corticosteroids, except prednisone at&#xD;
             nonimmunosuppressive doses of ≤ 10 mg/day (or equivalent). Past treatment for&#xD;
             non-neurological symptoms allowed, if ceased 2 weeks prior to starting study&#xD;
             treatment. Inhaled or intranasal corticosteroids (with minimal systemic absorption)&#xD;
             may be continued if patient on a stable dose. Non-absorbed intraarticular steroid&#xD;
             injections will be permitted.&#xD;
&#xD;
         17. Any investigational drug or other systemic drug therapy for melanoma within 28 days or&#xD;
             5 half-lives from baseline.&#xD;
&#xD;
         18. Known to be HIV positive, or a positive test for hepatitis B and C .&#xD;
&#xD;
         19. Another malignancy or concurrent malignancy unless disease-free for 3 years.&#xD;
&#xD;
         20. Serious or unstable pre-existing medical conditions or other conditions that could&#xD;
             interfere with the patient's safety, consent, or compliance.&#xD;
&#xD;
         21. Pregnant or breastfeeding females.&#xD;
&#xD;
         22. Administration of any form of live vaccination (such as influenza vaccine) within 30&#xD;
             days of starting trial and anticipated use during the trial. Administration of any&#xD;
             other vaccine is cautionary within 30 days of starting the trial and during the trial.&#xD;
&#xD;
        Cohort 2 - per Cohorts 1 &amp; 3, except patients must have at least one of the following:&#xD;
&#xD;
          1. Failed prior local therapy for brain metastases (including surgery, stereotactic&#xD;
             radiotherapy or whole brain radiotherapy) where disease has progressed per RECIST&#xD;
             (&gt;20% increase in SOD or new measurable brain metastases),&#xD;
&#xD;
             and/or;&#xD;
&#xD;
          2. Have current neurological symptoms related to brain metastases. IF they have received&#xD;
             prior local therapy for brain metastases, the disease must have progressed per RECIST&#xD;
             (&gt;20% increase in SOD or new measurable brain metastases),&#xD;
&#xD;
             and/or;&#xD;
&#xD;
          3. Have leptomeningeal disease concurrently with measurable brain metastases. IF they&#xD;
             have had failed prior local therapy for brain metastases, this must have progressed&#xD;
             per RECIST (&gt;20% increase in SOD or new measurable brain metastases).&#xD;
      </textblock>
    </criteria>
    <gender>All</gender>
    <minimum_age>18 Years</minimum_age>
    <maximum_age>N/A</maximum_age>
    <healthy_volunteers>No</healthy_volunteers>
  </eligibility>
  <overall_official>
    <last_name>Georgina Long</last_name>
    <role>Study Chair</role>
    <affiliation>Melanoma Institute Australia</affiliation>
  </overall_official>
  <location>
    <facility>
      <name>Melanoma Institute Australia</name>
      <address>
        <city>North Sydney</city>
        <state>New South Wales</state>
        <zip>2060</zip>
        <country>Australia</country>
      </address>
    </facility>
  </location>
  <location>
    <facility>
      <name>Princess Alexandra Hospital</name>
      <address>
        <city>Woolloongabba</city>
        <state>Queensland</state>
        <zip>4102</zip>
        <country>Australia</country>
      </address>
    </facility>
  </location>
  <location>
    <facility>
      <name>Royal Adelaide Hospital</name>
      <address>
        <city>Adelaide</city>
        <state>South Australia</state>
        <zip>5000</zip>
        <country>Australia</country>
      </address>
    </facility>
  </location>
  <location>
    <facility>
      <name>Peter MacCallum Cancer Centre</name>
      <address>
        <city>East Melbourne</city>
        <state>Victoria</state>
        <zip>3002</zip>
        <country>Australia</country>
      </address>
    </facility>
  </location>
  <location_countries>
    <country>Australia</country>
  </location_countries>
  <link>
    <url>http://meetinglibrary.asco.org/record/147208/abstract</url>
    <description>2017 ASCO Annual Meeting Abstract</description>
  </link>
  <verification_date>March 2023</verification_date>
  <study_first_submitted>February 9, 2015</study_first_submitted>
  <study_first_submitted_qc>February 26, 2015</study_first_submitted_qc>
  <study_first_posted type="Estimate">February 27, 2015</study_first_posted>
  <last_update_submitted>March 15, 2023</last_update_submitted>
  <last_update_submitted_qc>March 15, 2023</last_update_submitted_qc>
  <last_update_posted type="Actual">March 17, 2023</last_update_posted>
  <responsible_party>
    <responsible_party_type>Sponsor</responsible_party_type>
  </responsible_party>
  <keyword>Brain</keyword>
  <keyword>Metastases</keyword>
  <keyword>Immunotherapy</keyword>
  <keyword>Intracranial response</keyword>
  <keyword>Nivolumab</keyword>
  <keyword>Ipilimumab</keyword>
  <keyword>Biomarkers</keyword>
  <keyword>Immune related response criteria</keyword>
  <condition_browse>
    <!-- CAUTION:  The following MeSH terms are assigned with an imperfect algorithm            -->
    <mesh_term>Melanoma</mesh_term>
    <mesh_term>Neoplasm Metastasis</mesh_term>
    <mesh_term>Brain Neoplasms</mesh_term>
  </condition_browse>
  <intervention_browse>
    <!-- CAUTION:  The following MeSH terms are assigned with an imperfect algorithm            -->
    <mesh_term>Nivolumab</mesh_term>
    <mesh_term>Ipilimumab</mesh_term>
  </intervention_browse>
  <patient_data>
    <sharing_ipd>Undecided</sharing_ipd>
  </patient_data>
  <!-- Results have not yet been posted for this study                                          -->
</clinical_study>

