<?xml version="1.0" encoding="UTF-8"?>
<clinical_study rank="84">
  <!-- This xml conforms to an XML Schema at:
    https://clinicaltrials.gov/ct2/html/images/info/public.xsd -->
  <required_header>
    <download_date>ClinicalTrials.gov processed this data on February 06, 2024</download_date>
    <link_text>Link to the current ClinicalTrials.gov record.</link_text>
    <url>https://clinicaltrials.gov/ct2/show/NCT02392871</url>
  </required_header>
  <id_info>
    <org_study_id>02.14</org_study_id>
    <nct_id>NCT02392871</nct_id>
  </id_info>
  <brief_title>Radiotherapy &amp; Combi in Metastatic Melanoma</brief_title>
  <acronym>CombiRT</acronym>
  <official_title>An Open-label, Single-arm, Phase I/II, Multicentre Study to Evaluate the Safety and Efficacy of the Combination of Dabrafenib, Trametinib and Palliative Radiotherapy in Patients With Unresectable (Stage IIIc) and Metastatic (Stage IV) BRAF V600E/K Mutation-positive Cutaneous Melanoma</official_title>
  <sponsors>
    <lead_sponsor>
      <agency>Melanoma and Skin Cancer Trials Limited</agency>
      <agency_class>Other</agency_class>
    </lead_sponsor>
    <collaborator>
      <agency>Melanoma Institute Australia</agency>
      <agency_class>Other</agency_class>
    </collaborator>
  </sponsors>
  <source>Melanoma and Skin Cancer Trials Limited</source>
  <oversight_info>
    <has_dmc>Yes</has_dmc>
  </oversight_info>
  <brief_summary>
    <textblock>
      The purpose of this study is to investigate the side effects and safety, and effectiveness of&#xD;
      combining dabrafenib and trametinib with radiotherapy.&#xD;
&#xD;
      Previous and ongoing clinical trials have demonstrated the effectiveness and safety of&#xD;
      combining both dabrafenib and trametinib compared with dabrafenib alone. This has led to the&#xD;
      approval for the use of both drugs in combination in people with metastatic melanoma with the&#xD;
      BRAF mutation. Melanoma that has spread to other parts of the body may also benefit from&#xD;
      radiotherapy to help reduce symptoms from melanoma. Previous studies have shown that melanoma&#xD;
      may be sensitive to radiotherapy and that it can help to improve quality of life.&#xD;
&#xD;
      The intention of the CombiRT study is to establish if dabrafenib, trametinib and radiotherapy&#xD;
      combined is a safe and effective treatment for metastatic melanoma.&#xD;
    </textblock>
  </brief_summary>
  <overall_status>Completed</overall_status>
  <start_date type="Actual">May 2015</start_date>
  <completion_date type="Actual">April 17, 2020</completion_date>
  <primary_completion_date type="Actual">September 23, 2019</primary_completion_date>
  <phase>Phase 1/Phase 2</phase>
  <study_type>Interventional</study_type>
  <has_expanded_access>No</has_expanded_access>
  <study_design_info>
    <allocation>N/A</allocation>
    <intervention_model>Single Group Assignment</intervention_model>
    <primary_purpose>Treatment</primary_purpose>
    <masking>None (Open Label)</masking>
  </study_design_info>
  <primary_outcome>
    <measure>Toxicity profile for patients receiving dabrafenib and trametinib in combination with RT, by measuring adverse events and radiotherapy associated toxicities.</measure>
    <time_frame>0-12 months</time_frame>
  </primary_outcome>
  <secondary_outcome>
    <measure>Patients' pain using a visual analog scale (questionnaire)</measure>
    <time_frame>0-12 months</time_frame>
  </secondary_outcome>
  <secondary_outcome>
    <measure>Overall disease response by measuring progression free survival and overall survival.</measure>
    <time_frame>0-12 months</time_frame>
  </secondary_outcome>
  <secondary_outcome>
    <measure>Local treatment response in the irradiated index lesion(s).</measure>
    <time_frame>0-12 months</time_frame>
  </secondary_outcome>
  <secondary_outcome>
    <measure>Time to local progression in the irradiated index lesion(s).</measure>
    <time_frame>0-12 months</time_frame>
  </secondary_outcome>
  <number_of_arms>1</number_of_arms>
  <enrollment type="Actual">10</enrollment>
  <condition>Metastatic Melanoma</condition>
  <arm_group>
    <arm_group_label>Radiotherapy</arm_group_label>
    <arm_group_type>Experimental</arm_group_type>
    <description>Palliative radiotherapy in combination with dabrafenib and trametinib Eligible subjects are patients who have been on dabrafenib and trametinib for more than 2 weeks, as the current standard management for advanced stage melanoma.&#xD;
Palliative RT will be delivered to symptomatic or bulky (&gt;2cm) soft tissue, nodal or bony metastases concurrently with dabrafenib and trametinib. Up to 3 areas of disease can be irradiated at the same time.&#xD;
Following RT, dabrafenib and trametinib alone will be continued until disease progression according to RECIST 1.1 criteria.</description>
  </arm_group>
  <intervention>
    <intervention_type>Radiation</intervention_type>
    <intervention_name>Palliative radiotherapy</intervention_name>
    <arm_group_label>Radiotherapy</arm_group_label>
  </intervention>
  <intervention>
    <intervention_type>Drug</intervention_type>
    <intervention_name>Dabrafenib and trametinib (combination)</intervention_name>
    <description>Patients should be taking dabrafenib and trametinib for at least 2 weeks prior to enrolment into the study.</description>
    <arm_group_label>Radiotherapy</arm_group_label>
  </intervention>
  <eligibility>
    <criteria>
      <textblock>
        Inclusion Criteria:&#xD;
&#xD;
          1. ≥18 years of age.&#xD;
&#xD;
          2. Signed written informed consent.&#xD;
&#xD;
          3. Histologically confirmed cutaneous melanoma that is either Stage IIIC (unresectable)&#xD;
             or Stage IV (metastatic), and determined to be BRAF V600E/K mutation-positive as&#xD;
             determined by a BRAF mutation assay.&#xD;
&#xD;
             Note: For Stage IIIC disease, the decision that the disease is unresectable should be&#xD;
             formally endorsed by the melanoma multidisciplinary tumour board of the local&#xD;
             institution.&#xD;
&#xD;
          4. Have received dabrafenib and trametinib for 2 weeks or more prior to enrolment in the&#xD;
             study (i.e. first fraction of palliative RT), and is still continuing with dabrafenib&#xD;
             and trametinib.&#xD;
&#xD;
          5. Symptomatic or bulky (greater than 2 cm in diameter) soft tissue, nodal or bony&#xD;
             metastases requiring palliative RT.&#xD;
&#xD;
          6. Have measurable disease according to RECIST 1.1 criteria. Note: patients with bony&#xD;
             metastases that are not measurable by RECIST 1.1 criteria are allowed in this study.&#xD;
&#xD;
          7. All anti-cancer treatment-related toxicities (except alopecia and laboratory values as&#xD;
             listed on Table 1 in protocol) must be less than or equal to (≤) Grade 1 according to&#xD;
             the Common Terminology Criteria for Adverse Events version 4 (CTCAE version 4.03; NCI,&#xD;
             2009) at the time of study enrolment.&#xD;
&#xD;
          8. Able to swallow and retain oral medication and must not have any clinically&#xD;
             significant gastrointestinal abnormalities that may alter absorption such as&#xD;
             malabsorption syndrome or major resection of the stomach or bowels.&#xD;
&#xD;
          9. Women of childbearing potential must have a negative serum pregnancy test within 7&#xD;
             days prior to enrolment and agree to use effective contraception, from 14 days prior&#xD;
             to enrolment throughout the treatment period, and for 4 months after the last dose of&#xD;
             study treatment.&#xD;
&#xD;
         10. An Eastern Cooperative Oncology Group (ECOG) performance status of 0 or 1.&#xD;
&#xD;
         11. Adequate baseline organ function (as defined in Table 1 in protocol).&#xD;
&#xD;
        Exclusion Criteria:&#xD;
&#xD;
          1. Treatment with Ipilimumab or any other anti-CTLA-4 monoclonal antibody therapy within&#xD;
             the past 4 weeks.&#xD;
&#xD;
          2. Treatment with anti-PD-1 or anti-PD-L1 monoclonal antibody therapy within the past 4&#xD;
             weeks.&#xD;
&#xD;
          3. Known ocular or primary mucosal melanoma.&#xD;
&#xD;
          4. Four (4) or more lesions requiring palliative RT at the time of study enrolment.&#xD;
&#xD;
          5. Symptomatic brain metastases or those treated &lt; 3 months previously.&#xD;
&#xD;
          6. Clear evidence of systemic disease progression on dabrafenib and trametinib.&#xD;
&#xD;
          7. Systemic anti-cancer treatment (chemotherapy, immunotherapy, biologic therapy, vaccine&#xD;
             therapy, or investigational treatment) within the last 4 weeks. Prior interferon&#xD;
             treatment in the adjuvant setting is allowed.&#xD;
&#xD;
             Note: Tamoxifen and aromatase inhibitors are allowed in the adjuvant setting of breast&#xD;
             cancer.&#xD;
&#xD;
          8. Current use of a prohibited medication (list of prohibited medications in protocol).&#xD;
&#xD;
          9. History of malignancy other than disease under study within 3 years of study enrolment&#xD;
             with exceptions below, or any malignancy with confirmed activating RAS mutation.&#xD;
&#xD;
             Note: Prospective RAS testing is not required. However, if the results of previous RAS&#xD;
             testing are known, they must be used in assessing eligibility.&#xD;
&#xD;
             Exception: Subjects who have been disease-free for 3 years, or subjects with a history&#xD;
             of completely resected non-melanoma skin cancer.&#xD;
&#xD;
         10. Any serious or unstable pre-existing medical conditions (aside from malignancy&#xD;
             exceptions specified above), psychiatric disorders, or other conditions that could&#xD;
             interfere with the subject's safety, obtaining informed consent, or compliance with&#xD;
             study procedures.&#xD;
&#xD;
         11. A history of known Human Immunodeficiency Virus (HIV).&#xD;
&#xD;
         12. A history or evidence of cardiovascular risk including any of the following:&#xD;
&#xD;
               -  A QT interval corrected for heart rate using the Bazett's formula (QTcB) ≥ 480&#xD;
                  msec;&#xD;
&#xD;
               -  A history or evidence of current clinically significant uncontrolled arrhythmias;&#xD;
&#xD;
               -  A history of acute coronary syndromes (including myocardial infarction or&#xD;
                  unstable angina), coronary angioplasty, or stenting within 6 months prior to&#xD;
                  enrolment;&#xD;
&#xD;
               -  A history or evidence of current ≥ Class II congestive heart failure as defined&#xD;
                  by the New York Heart Association (NYHA) guidelines;&#xD;
&#xD;
               -  Patients with intra-cardiac defibrillators;&#xD;
&#xD;
               -  Abnormal cardiac valve morphology (≥ grade 2) documented by echocardiogram&#xD;
                  (subjects with grade 1 abnormalities [i.e., mild regurgitation/stenosis] can be&#xD;
                  entered on study). Subjects with moderate valvular thickening should not be&#xD;
                  entered on study; g. Treatment refractory hypertension defined as a blood&#xD;
                  pressure of systolic&gt; 140 mmHg and/or diastolic &gt; 90 mm Hg which cannot be&#xD;
                  controlled by anti-hypertensive therapy; h. Known cardiac metastases.&#xD;
&#xD;
         13. A history of retinal vein occlusion (RVO).&#xD;
&#xD;
         14. Known immediate or delayed hypersensitivity reaction or idiosyncrasy to drugs&#xD;
             chemically related to the study treatments, their excipients, and/or dimethyl&#xD;
             sulfoxide (DMSO).&#xD;
&#xD;
         15. Pregnant or nursing females.&#xD;
&#xD;
         16. Previous RT to the same lesion or area due to receive the current course of palliative&#xD;
             RT.&#xD;
&#xD;
             Note: patients who had previous RT to other areas are eligible to the study if the&#xD;
             previous RT was completed more than 8 weeks prior.&#xD;
&#xD;
         17. A history of autoimmune diseases which are known to increase radiation toxicity,&#xD;
             including systemic lupus erythematosus and scleroderma.&#xD;
&#xD;
         18. Genetic syndromes exhibiting increased radiosensitivity (e.g. ataxia telangiectasia).&#xD;
      </textblock>
    </criteria>
    <gender>All</gender>
    <minimum_age>18 Years</minimum_age>
    <maximum_age>N/A</maximum_age>
    <healthy_volunteers>No</healthy_volunteers>
  </eligibility>
  <overall_official>
    <last_name>Tim Wang</last_name>
    <role>Principal Investigator</role>
    <affiliation>Westmead Hospital</affiliation>
  </overall_official>
  <location>
    <facility>
      <name>St Vincent's Hospital</name>
      <address>
        <city>Darlinghurst</city>
        <state>New South Wales</state>
        <zip>2010</zip>
        <country>Australia</country>
      </address>
    </facility>
  </location>
  <location>
    <facility>
      <name>Westmead Hospital</name>
      <address>
        <city>Sydney</city>
        <state>New South Wales</state>
        <zip>2145</zip>
        <country>Australia</country>
      </address>
    </facility>
  </location>
  <location>
    <facility>
      <name>Princess Alexandra Hospital</name>
      <address>
        <city>Brisbane</city>
        <state>Queensland</state>
        <zip>4102</zip>
        <country>Australia</country>
      </address>
    </facility>
  </location>
  <location_countries>
    <country>Australia</country>
  </location_countries>
  <verification_date>April 2022</verification_date>
  <study_first_submitted>March 10, 2015</study_first_submitted>
  <study_first_submitted_qc>March 15, 2015</study_first_submitted_qc>
  <study_first_posted type="Estimate">March 19, 2015</study_first_posted>
  <last_update_submitted>April 6, 2022</last_update_submitted>
  <last_update_submitted_qc>April 6, 2022</last_update_submitted_qc>
  <last_update_posted type="Actual">April 7, 2022</last_update_posted>
  <responsible_party>
    <responsible_party_type>Sponsor</responsible_party_type>
  </responsible_party>
  <keyword>Metastatic melanoma</keyword>
  <keyword>Palliative radiotherapy</keyword>
  <condition_browse>
    <!-- CAUTION:  The following MeSH terms are assigned with an imperfect algorithm            -->
    <mesh_term>Melanoma</mesh_term>
  </condition_browse>
  <intervention_browse>
    <!-- CAUTION:  The following MeSH terms are assigned with an imperfect algorithm            -->
    <mesh_term>Trametinib</mesh_term>
    <mesh_term>Dabrafenib</mesh_term>
  </intervention_browse>
  <!-- Results have not yet been posted for this study                                          -->
</clinical_study>

