<?xml version="1.0" encoding="UTF-8"?>
<clinical_study rank="487">
  <!-- This xml conforms to an XML Schema at:
    https://clinicaltrials.gov/ct2/html/images/info/public.xsd -->
  <required_header>
    <download_date>ClinicalTrials.gov processed this data on February 06, 2024</download_date>
    <link_text>Link to the current ClinicalTrials.gov record.</link_text>
    <url>https://clinicaltrials.gov/ct2/show/NCT05669352</url>
  </required_header>
  <id_info>
    <org_study_id>UF-CUT-002</org_study_id>
    <nct_id>NCT05669352</nct_id>
  </id_info>
  <brief_title>A Study of Oral IRAK-4 Inhibitor CA-4948 in Combination With Pembrolizumab Following Stereotactic Radiosurgery in Patients With Melanoma Brain Metastases</brief_title>
  <official_title>A Phase 1/2 Study of Oral IRAK-4 Inhibitor CA-4948 in Combination With Pembrolizumab Following Stereotactic Radiosurgery in Patients With Melanoma Brain Metastases</official_title>
  <sponsors>
    <lead_sponsor>
      <agency>University of Florida</agency>
      <agency_class>Other</agency_class>
    </lead_sponsor>
    <collaborator>
      <agency>Merck Sharp &amp; Dohme LLC</agency>
      <agency_class>Industry</agency_class>
    </collaborator>
  </sponsors>
  <source>University of Florida</source>
  <oversight_info>
    <has_dmc>Yes</has_dmc>
    <is_fda_regulated_drug>Yes</is_fda_regulated_drug>
    <is_fda_regulated_device>No</is_fda_regulated_device>
    <is_us_export>No</is_us_export>
  </oversight_info>
  <brief_summary>
    <textblock>
      This phase I/II trial will investigate the use of the novel oral IRAK-4 inhibitor CA-4948 in&#xD;
      combination with pembrolizumab therapy following stereotactic radiosurgery in patients with&#xD;
      melanoma brain metastases (MBM). The investigators hypothesize that the addition of CA-4948&#xD;
      will reduce the rate of distant intracranial failure and reduce the need for subsequent&#xD;
      radiation therapy. The investigators also propose that it will have a significant reduction&#xD;
      in radiation necrosis and improve patient-reported symptoms and quality of life. This trial&#xD;
      represents the first time an oral IRAK-4 inhibitor has been used in combination with aPD1&#xD;
      therapy in MBM and will yield valuable insight into its synergistic potential both in MBM and&#xD;
      additional sites of metastases.&#xD;
    </textblock>
  </brief_summary>
  <overall_status>Not yet recruiting</overall_status>
  <start_date type="Anticipated">February 2024</start_date>
  <completion_date type="Anticipated">August 2027</completion_date>
  <primary_completion_date type="Anticipated">August 2026</primary_completion_date>
  <phase>Phase 1/Phase 2</phase>
  <study_type>Interventional</study_type>
  <has_expanded_access>No</has_expanded_access>
  <study_design_info>
    <allocation>N/A</allocation>
    <intervention_model>Sequential Assignment</intervention_model>
    <primary_purpose>Treatment</primary_purpose>
    <masking>None (Open Label)</masking>
  </study_design_info>
  <primary_outcome>
    <measure>Reduction in need for repeated intercranial intervention 1 year after initial stereotactic radiosurgery (SRS)</measure>
    <time_frame>1 year</time_frame>
    <description>Determine if the combination of CA-4948 and pembrolizumab reduces the need for repeated intercranial intervention 1 year after initial SRS, as measured by remaining free from need for repeated intracranial intervention 1 year after initial SRS (surgery, SRS, laser interstitial thermal therapy, or whole brain radio-therapy).</description>
  </primary_outcome>
  <secondary_outcome>
    <measure>Intracranial objective response rate</measure>
    <time_frame>2 years</time_frame>
    <description>Determine the intracranial objective response rate, as measured by Response Assessment in Neuro-Oncology (RANO) criteria</description>
  </secondary_outcome>
  <secondary_outcome>
    <measure>Systemic objective response rate</measure>
    <time_frame>2 years</time_frame>
    <description>Determine the systemic objective response rate, as measured by iRECIST criteria</description>
  </secondary_outcome>
  <secondary_outcome>
    <measure>Radiation necrosis-free survival at 1 year</measure>
    <time_frame>1 year</time_frame>
  </secondary_outcome>
  <secondary_outcome>
    <measure>Overall survival</measure>
    <time_frame>2 years</time_frame>
    <description>Determine the overall survival of patients with melanoma brain metastases treated with CA-4948 and pembrolizumab</description>
  </secondary_outcome>
  <number_of_arms>1</number_of_arms>
  <enrollment type="Anticipated">29</enrollment>
  <condition>Melanoma Metastatic in the Brain</condition>
  <arm_group>
    <arm_group_label>CA-4948 and Pembrolizumab</arm_group_label>
    <arm_group_type>Experimental</arm_group_type>
  </arm_group>
  <intervention>
    <intervention_type>Drug</intervention_type>
    <intervention_name>CA-4948</intervention_name>
    <description>Subjects on both the phase I and phase II portions will take 200 mg CA-4948 orally two times daily.</description>
    <arm_group_label>CA-4948 and Pembrolizumab</arm_group_label>
  </intervention>
  <intervention>
    <intervention_type>Drug</intervention_type>
    <intervention_name>Pembrolizumab</intervention_name>
    <description>Subjects on both the phase I and phase II portions will receive 400 mg pembrolizumab intravenously once every six weeks.</description>
    <arm_group_label>CA-4948 and Pembrolizumab</arm_group_label>
  </intervention>
  <eligibility>
    <criteria>
      <textblock>
        Inclusion Criteria:&#xD;
&#xD;
          -  Patients must have radiographic or histologically confirmed melanoma brain metastases&#xD;
             (MBM) and be planning to undergo SRS for treatment&#xD;
&#xD;
          -  Patients must have measurable disease&#xD;
&#xD;
          -  Patients may be treatment-naïve or currently on therapy for systemic disease control&#xD;
             at time of MBM development. If currently on therapy, patients must have at least&#xD;
             stable disease (SD) systemically per RECIST criteria at the time of MBM diagnosis. If&#xD;
             MBM diagnosis coincides with initial diagnosis, patients may be treatment-naïve with&#xD;
             systemic disease.&#xD;
&#xD;
          -  Patients must have peripheral disease amenable to biopsy.&#xD;
&#xD;
          -  Patients must be tolerant of receiving MRI and cannot have intolerance to gadolinium&#xD;
             contrast.&#xD;
&#xD;
          -  Age ≥18 years at time of informed consent.&#xD;
&#xD;
          -  ECOG performance status ≤1&#xD;
&#xD;
          -  Patients must have adequate organ and marrow function as defined below:&#xD;
&#xD;
               -  absolute neutrophil count ≥ 1,500/mcL&#xD;
&#xD;
               -  platelets ≥ 100,000/mcL&#xD;
&#xD;
               -  hemoglobin ≥ 9.0 g/dL or ≥5.6 mmol/L&#xD;
&#xD;
               -  coagulation PT/INR and aPTT ≤ 1.5 × ULN unless participant is receiving&#xD;
                  anticoagulant therapy as long as PT or aPTT is within therapeutic ranged of&#xD;
                  intended use for anticoagulants&#xD;
&#xD;
               -  total bilirubin ≤ 1.5 × institutional upper limit of normal (ULN) OR direct&#xD;
                  bilirubin no lower than the ULN if total bilirubin &gt; 1.5 × ULN&#xD;
&#xD;
               -  AST(SGOT)/ALT(SGPT) ≤ 2.5 × institutional ULN (with confirmed liver metastases:&#xD;
                  AST and ALT ≤ 5 x ULN)&#xD;
&#xD;
               -  creatinine clearance (CrCl)≤ 1.5 × ULN measured or calculated OR glomerular&#xD;
                  filtration rate (GFR)≥ 30 mL/min based on modified Cockcroft and Gault formula&#xD;
                  for participants with creatinine levels &gt; 1.5 × institutional upper limit of&#xD;
                  normal (ULN)&#xD;
&#xD;
          -  Human immunodeficiency virus (HIV)-infected patients on effective anti-retroviral&#xD;
             therapy with undetectable viral load within 6 months are eligible for this trial.&#xD;
&#xD;
          -  For patients with evidence of chronic hepatitis B virus (HBV) infection, the HBV viral&#xD;
             load must be undetectable on suppressive therapy, if indicated.&#xD;
&#xD;
          -  Patients with a history of hepatitis C virus (HCV) infection must have been treated&#xD;
             and cured. For patients with HCV infection who are currently on treatment, they are&#xD;
             eligible if they have an undetectable HCV viral load.&#xD;
&#xD;
          -  Subjects of childbearing potential must have a negative serum pregnancy test at&#xD;
             screening and agree to use of highly effective methods of contraception throughout the&#xD;
             study and for at least four months following the last dose of study treatment.&#xD;
&#xD;
          -  Subjects with partners of childbearing potential must agree to use adequate&#xD;
             contraception prior to study entry and for the duration of study participation and 4&#xD;
             months after completion of CA-4948 administration. Subjects should also not donate&#xD;
             sperm from first dose of therapy until 4 months after the last dose of treatment.&#xD;
&#xD;
          -  Patients with a prior or concurrent malignancy whose natural history or treatment does&#xD;
             not have the potential to interfere with the safety or efficacy assessment of the&#xD;
             investigational regimen are eligible for this trial.&#xD;
&#xD;
          -  Participants must have recovered from all adverse events due to previous therapies to&#xD;
             ≤Grade 1 or baseline with the exception of alopecia.&#xD;
&#xD;
          -  Archival tumor tissue sample or newly obtained biopsy of a tumor lesion not previously&#xD;
             irradiated has been provided.&#xD;
&#xD;
          -  Ability to understand and the willingness to sign a written informed consent document&#xD;
&#xD;
        Exclusion Criteria:&#xD;
&#xD;
          -  Subject of child-bearing potential who has a positive urine pregnancy test within 72&#xD;
             hours prior to treatment&#xD;
&#xD;
          -  Subject has received prior systemic anti-cancer therapy including investigational&#xD;
             agents or devices within 4 weeks prior to screening&#xD;
&#xD;
          -  If the participant had major surgery, the participant must have recovered adequately&#xD;
             from the procedure and/or any complications from the surgery prior to starting study&#xD;
             intervention.&#xD;
&#xD;
          -  Prior radiotherapy within 2 weeks of start of study intervention. Participants must&#xD;
             have recovered from all radiation-related toxicities, not require corticosteroids over&#xD;
             ≤ 10mg of oral prednisone daily or equivalent, and not have had radiation pneumonitis.&#xD;
             A 1-week washout is permitted for palliative radiation (≤2 weeks of radiotherapy) to&#xD;
             non-CNS disease.&#xD;
&#xD;
          -  Has received a live vaccine or live-attenuated vaccine within 30 days before the first&#xD;
             dose of study intervention. Administration of killed vaccines is allowed. mRNA COVID-1&#xD;
             vaccines are allowed.&#xD;
&#xD;
          -  Has a diagnosis of immunodeficiency or is receiving chronic systemic steroid therapy&#xD;
             (in dosing exceeding 10 mg daily of prednisone equivalent) or any other form of&#xD;
             immunosuppressive therapy within 7 days prior to the first dose of study drug.&#xD;
&#xD;
          -  Known additional malignancy that is progressing or has required active treatment&#xD;
             within the past 3 years. Note: Participants with basal cell carcinoma of the skin,&#xD;
             squamous cell carcinoma of the skin, or carcinoma in situ, excluding carcinoma in situ&#xD;
             of the bladder, that have undergone potentially curative therapy are not excluded.&#xD;
&#xD;
          -  Has severe hypersensitivity (≥Grade 3) to pembrolizumab, CA-4948, or any of their&#xD;
             excipients.&#xD;
&#xD;
          -  Has active autoimmune disease that has required systemic treatment in the past 2 years&#xD;
             (i.e. with use of disease modifying agents, corticosteroids, or immunosuppressive&#xD;
             drugs). Replacement therapy (e.g., thyroxine, insulin, or physiologic corticosteroid&#xD;
             replacement therapy for adrenal or pituitary insufficiency, etc.) is not considered a&#xD;
             form of systemic treatment and is allowed.&#xD;
&#xD;
          -  Has a history of non-infectious pneumonitis/interstitial lung disease that required&#xD;
             steroids or has current pneumonitis/interstitial lung disease.&#xD;
&#xD;
          -  Has an active infection requiring systemic therapy.&#xD;
&#xD;
          -  Has a history or current evidence of any condition, therapy, or laboratory abnormality&#xD;
             or other circumstance that might confound the results of the study, interfere with the&#xD;
             participant's participation for the full duration of the study, such that it is not in&#xD;
             the best interest of the participant to participate, in the opinion of the treating&#xD;
             investigator.&#xD;
&#xD;
          -  Has known psychiatric or substance abuse disorders that would interfere with&#xD;
             cooperation with the trial's requirements.&#xD;
&#xD;
          -  Is pregnant or breastfeeding or expecting to conceive or father children within the&#xD;
             projected duration of the study, starting with the screening visit through 120 days&#xD;
             after the last dose of trial treatment.&#xD;
&#xD;
          -  Has had an allogenic tissue/solid organ transplant.&#xD;
&#xD;
          -  Unable to discontinue medications contraindicated to CA-4948 or pembrolizumab.&#xD;
&#xD;
          -  Patients with uncontrolled intercurrent illness.&#xD;
      </textblock>
    </criteria>
    <gender>All</gender>
    <minimum_age>18 Years</minimum_age>
    <maximum_age>99 Years</maximum_age>
    <healthy_volunteers>No</healthy_volunteers>
  </eligibility>
  <overall_official>
    <last_name>Bently Doonan, MD, MS</last_name>
    <role>Principal Investigator</role>
    <affiliation>University of Florida</affiliation>
  </overall_official>
  <overall_contact>
    <last_name>Shannon Alford, MPH</last_name>
    <phone>(352) 273-8146</phone>
    <email>PMO@cancer.ufl.edu</email>
  </overall_contact>
  <location>
    <facility>
      <name>University of Florida</name>
      <address>
        <city>Gainesville</city>
        <state>Florida</state>
        <zip>32608</zip>
        <country>United States</country>
      </address>
    </facility>
    <contact>
      <last_name>Shannon Alford, MPH</last_name>
      <phone>352-273-8146</phone>
      <email>PMO@cancer.ufl.edu</email>
    </contact>
    <investigator>
      <last_name>Bently Doonan, MD, MS</last_name>
      <role>Principal Investigator</role>
    </investigator>
  </location>
  <location_countries>
    <country>United States</country>
  </location_countries>
  <verification_date>November 2023</verification_date>
  <study_first_submitted>December 20, 2022</study_first_submitted>
  <study_first_submitted_qc>December 20, 2022</study_first_submitted_qc>
  <study_first_posted type="Actual">December 30, 2022</study_first_posted>
  <last_update_submitted>November 16, 2023</last_update_submitted>
  <last_update_submitted_qc>November 16, 2023</last_update_submitted_qc>
  <last_update_posted type="Actual">November 18, 2023</last_update_posted>
  <responsible_party>
    <responsible_party_type>Sponsor</responsible_party_type>
  </responsible_party>
  <keyword>melanoma</keyword>
  <keyword>stereotactic radiosurgery</keyword>
  <keyword>brain metastases</keyword>
  <condition_browse>
    <!-- CAUTION:  The following MeSH terms are assigned with an imperfect algorithm            -->
    <mesh_term>Melanoma</mesh_term>
    <mesh_term>Neoplasm Metastasis</mesh_term>
    <mesh_term>Brain Neoplasms</mesh_term>
  </condition_browse>
  <intervention_browse>
    <!-- CAUTION:  The following MeSH terms are assigned with an imperfect algorithm            -->
    <mesh_term>Pembrolizumab</mesh_term>
  </intervention_browse>
  <!-- Results have not yet been posted for this study                                          -->
</clinical_study>

