<?xml version="1.0" encoding="UTF-8"?>
<clinical_study rank="146">
  <!-- This xml conforms to an XML Schema at:
    https://clinicaltrials.gov/ct2/html/images/info/public.xsd -->
  <required_header>
    <download_date>ClinicalTrials.gov processed this data on February 06, 2024</download_date>
    <link_text>Link to the current ClinicalTrials.gov record.</link_text>
    <url>https://clinicaltrials.gov/ct2/show/NCT01468818</url>
  </required_header>
  <id_info>
    <org_study_id>110260</org_study_id>
    <secondary_id>11-C-0260</secondary_id>
    <nct_id>NCT01468818</nct_id>
  </id_info>
  <brief_title>Immunotherapy Using Tumor Infiltrating Lymphocytes for Patients With Metastatic Melanoma</brief_title>
  <official_title>A Pilot Study of the Administration of Young Tumor Infiltrating Lymphocytes Following a Non-Myeloablative Lymphocyte Depleting Chemotherapy Regimen in Metastatic Melanoma</official_title>
  <sponsors>
    <lead_sponsor>
      <agency>National Cancer Institute (NCI)</agency>
      <agency_class>NIH</agency_class>
    </lead_sponsor>
  </sponsors>
  <source>National Institutes of Health Clinical Center (CC)</source>
  <oversight_info>
    <has_dmc>No</has_dmc>
  </oversight_info>
  <brief_summary>
    <textblock>
      Background:&#xD;
&#xD;
        -  The National Cancer Institute (NCI) Surgery Branch has developed an experimental therapy&#xD;
           that involves taking white blood cells from patients' tumors, growing them in the&#xD;
           laboratory in large numbers, and then giving the cells back to the patient with&#xD;
           aldesleukin (IL-2) a drug that keeps the white blood cells active. These cells are&#xD;
           called Tumor Infiltrating Lymphocytes, or TIL and we have given this type of treatment&#xD;
           to over 200 patients with melanoma.&#xD;
&#xD;
        -  This study will use chemotherapy to prepare the immune system before this white blood&#xD;
           cell treatment. Our prior studies indicate that aldesleukin may not be required for cell&#xD;
           transfer.&#xD;
&#xD;
      Objectives:&#xD;
&#xD;
      - To see if chemotherapy and white blood cell therapy without aldesleukin is a safe and&#xD;
      effective treatment for metastatic melanoma.&#xD;
&#xD;
      Eligibility:&#xD;
&#xD;
      - Individuals at least 18 years of age and less than or equal to 70 years of age with&#xD;
      metastatic melanoma.&#xD;
&#xD;
      Design:&#xD;
&#xD;
        -  Work up stage: Patients will be seen as an outpatient at the National Institute of&#xD;
           Health (NIH) clinical Center and undergo a history and physical examination, scans,&#xD;
           x-rays, lab tests, and other tests as needed.&#xD;
&#xD;
        -  Surgery: If the patients meet all of the requirements for the study they will undergo&#xD;
           surgery to remove a tumor that can be used to grow the TIL product.&#xD;
&#xD;
        -  Leukapheresis: Patients may undergo leukapheresis to obtain additional white blood&#xD;
           cells. {Leukapheresis is a common procedure, which removes only the white blood cells&#xD;
           from the patient.}&#xD;
&#xD;
        -  Treatment: Once their cells have grown, the patients will be admitted to the hospital&#xD;
           for the conditioning chemotherapy, the TIL cells and aldesleukin. They will stay in the&#xD;
           hospital for about 4 weeks for the treatment.&#xD;
&#xD;
        -  Follow up: Patients will return to the clinic for a physical exam, review of side&#xD;
           effects, lab tests, and scans about every 1-3 months for the first year, and then every&#xD;
           6 months to 1 year as long as their tumors are shrinking. Follow up visits will take up&#xD;
           to 2 days.&#xD;
    </textblock>
  </brief_summary>
  <detailed_description>
    <textblock>
      BACKGROUND:&#xD;
&#xD;
      - Tumor Infiltrating Lymphocytes (TIL) can mediate the regression of bulky metastatic&#xD;
      melanoma when administered to the autologous patient along with high-dose aldesleukin&#xD;
&#xD;
      (IL-2) following a non-myeloablative lymphodepleting chemotherapy preparative regimen.&#xD;
&#xD;
        -  IL-2 administration has been shown to increase the number of T regulatory cells and in&#xD;
           our trials we have found a direct relationship between the number of IL-2 doses and the&#xD;
           reconstitution of patients at one week with cluster of differentiation 4 + forkhead box&#xD;
           P3 (CD4+ Foxp3) + T regulatory cells.&#xD;
&#xD;
        -  In our analysis of factors that relate to the ability of this treatment to mediate&#xD;
           objective responses, we have found a highly significant inverse correlation between&#xD;
           reconstitution of CD4+ Foxp3+ T regulatory cells and the likelihood of achieving an&#xD;
           objective response.&#xD;
&#xD;
        -  In our prior clinical trials of cell transfer using TIL after lymphodepletion with or&#xD;
           without&#xD;
&#xD;
           2 (gray)Gy total body irradiation, patients who experienced an objective response&#xD;
           received fewer doses of IL-2 compared to non-responders (p=0.007 and 0.03 respectively).&#xD;
&#xD;
        -  High levels of the homeostatic T cell growth factor, IL-15, are present in patient serum&#xD;
           after the lymphodepleting regimen at the time of cell transfer.&#xD;
&#xD;
        -  These factors raise the possibility that IL-2 administration is not required after cell&#xD;
           transfer.&#xD;
&#xD;
      OBJECTIVES:&#xD;
&#xD;
        -  The primary objective of this trial is to determine whether objective responses can be&#xD;
           mediated in patients with metastatic melanoma who have received a lymphodepleting&#xD;
           chemotherapy regimen and adoptive transfer of young tumor infiltrating lymphocytes and&#xD;
           no IL-2 administration.&#xD;
&#xD;
        -  The secondary objective involves the determination of the level of transferred cells in&#xD;
           the blood that persist at about 1 week and 1 month after transfer.&#xD;
&#xD;
      ELIGIBILITY:&#xD;
&#xD;
        -  Patients greater than or equal to 18 years old with pathologically confirmed diagnosis&#xD;
           of metastatic melanoma.&#xD;
&#xD;
        -  Patients with measurable disease, absolute neutrophil count greater than 1000/mm(3) and&#xD;
           platelet count greater than 100,000/mm(3).&#xD;
&#xD;
        -  Patients not eligible to receive IL-2.&#xD;
&#xD;
      DESIGN:&#xD;
&#xD;
        -  Patients with metastatic melanoma will undergo resection to obtain tumor for generation&#xD;
           of autologous TIL cultures.&#xD;
&#xD;
        -  Patients will receive a non-myeloablative lymphodepleting preparative regimen consisting&#xD;
           of cyclophosphamide and fludarabine followed by the administration of young&#xD;
&#xD;
      autologous TIL.&#xD;
&#xD;
      - Patients will be evaluated for objective clinical response and for persistence of the&#xD;
      transferred cells.&#xD;
    </textblock>
  </detailed_description>
  <overall_status>Terminated</overall_status>
  <why_stopped>
    Study was closed prematurely due to slow and insufficient accrual.&#xD;
  </why_stopped>
  <start_date>September 2011</start_date>
  <completion_date type="Actual">August 2013</completion_date>
  <primary_completion_date type="Actual">August 2013</primary_completion_date>
  <phase>Phase 2</phase>
  <study_type>Interventional</study_type>
  <has_expanded_access>No</has_expanded_access>
  <study_design_info>
    <allocation>N/A</allocation>
    <intervention_model>Single Group Assignment</intervention_model>
    <primary_purpose>Treatment</primary_purpose>
    <masking>None (Open Label)</masking>
  </study_design_info>
  <primary_outcome>
    <measure>Objective Response in Patients With Metastatic Melanoma</measure>
    <time_frame>Approximately 2 Years</time_frame>
    <description>Response is determined by the Response Evaluation Criteria in Solid Tumors (RECIST). Complete response (CR) is disappearance of all target lesions. Partial response (PR) is at least a 30% decrease in the sum of the longest diameter (LD) of target lesions taking as reference the baseline sum LD. Progressive disease (PD) is at least a 20% increase in the sum of the LD of target lesions taking as reference the smallest sum LD recorded since the treatment started or the appearance of one or more new lesions. Stable disease (SD) is neither sufficient shrinkage to qualify for PR nor sufficient increase to qualify for PD taking as references the smallest sum LD.</description>
  </primary_outcome>
  <secondary_outcome>
    <measure>Level of Persistence of the Transferred Cells in Blood</measure>
    <time_frame>Once week and one month after transfer</time_frame>
    <description>Determine level of transferred cells in the blood following a non-myeloablative lymphodepleting chemotherapy preparative regimen.</description>
  </secondary_outcome>
  <number_of_arms>1</number_of_arms>
  <enrollment type="Actual">18</enrollment>
  <condition>Metastatic Melanoma</condition>
  <condition>Skin Cancer</condition>
  <arm_group>
    <arm_group_label>Immunotherapy for Metastatic Melanoma</arm_group_label>
    <arm_group_type>Experimental</arm_group_type>
    <description>Patients will receive non-myeloablative lymphodepleting preparative regimen cons</description>
  </arm_group>
  <intervention>
    <intervention_type>Drug</intervention_type>
    <intervention_name>Cyclophosphamide</intervention_name>
    <description>Cyclophosphamide 60 mg/kg/day X 2 days intravenous (IV) in 250 ml dextrose 5% in water (D5W) with Mesna 15 mg/kg/day X 2 days over 1 hr.</description>
    <arm_group_label>Immunotherapy for Metastatic Melanoma</arm_group_label>
  </intervention>
  <intervention>
    <intervention_type>Drug</intervention_type>
    <intervention_name>Fludarabine</intervention_name>
    <description>Fludarabine 25 mg/m2/day intravenous piggyback (IVPB) daily over 30 minutes for 5 days.</description>
    <arm_group_label>Immunotherapy for Metastatic Melanoma</arm_group_label>
  </intervention>
  <intervention>
    <intervention_type>Biological</intervention_type>
    <intervention_name>Young Tumor Infiltrating Lymphocytes (TIL)</intervention_name>
    <description>Patients will receive non-myeloablative lymphodepleting preparative regimen consisting of cyclophosphamide and fludarabine followed by the administration of young TIL. On day 0, cells (1x10e9 to 2x10e11) will be infused intravenously (i.v.) on the Patient Care Unit over 20 to 30 minutes (between one and four days after the last dose of fludarabine).</description>
    <arm_group_label>Immunotherapy for Metastatic Melanoma</arm_group_label>
  </intervention>
  <eligibility>
    <criteria>
      <textblock>
        -  INCLUSION CRITERIA:&#xD;
&#xD;
          -  Measurable metastatic melanoma with available autologous tumor infiltrating&#xD;
             lymphocytes (TIL).&#xD;
&#xD;
          -  Patients with 3 or fewer brain metastases that are less than 1 cm in diameter and&#xD;
             asymptomatic are eligible. Lesions that have been treated with stereotactic&#xD;
             radiosurgery must be clinically stable for 1 month after treatment for the patient to&#xD;
             be eligible. Patients with surgically resected brain metastases are eligible.&#xD;
&#xD;
          -  Greater than or equal to 18 years of age and less than or equal to 70 years of age.&#xD;
&#xD;
          -  Able to understand and sign the Informed Consent Document&#xD;
&#xD;
          -  Clinical performance status of Eastern Cooperative Oncology Group (ECOG) 0 or 1.&#xD;
&#xD;
          -  Life expectancy of greater than three months&#xD;
&#xD;
          -  Patients of both genders must be willing to practice birth control from the time of&#xD;
             enrollment on this study and for up to four months after receiving the treatment.&#xD;
&#xD;
          -  Serology:&#xD;
&#xD;
          -  Seronegative for human immunodeficiency virus (HIV) antibody. (The experimental&#xD;
             treatment being evaluated in this protocol depends on an intact immune system.&#xD;
             Patients who are HIV seropositive can have decreased immune-competence and thus be&#xD;
             less responsive to the experimental treatment and more susceptible to its toxicities.)&#xD;
&#xD;
          -  Seronegative for hepatitis B antigen, and seronegative for hepatitis C antibody. If&#xD;
             hepatitis C antibody test is positive, then patient must be tested for the presence of&#xD;
             antigen by reverse transcription-polymerase chain reaction (RT-PCR) and be hepatitis C&#xD;
             virus ribonucleic acid (HCV RNA) negative.&#xD;
&#xD;
          -  Women of child-bearing potential must have a negative pregnancy test because of the&#xD;
             potentially dangerous effects of the treatment on the fetus.&#xD;
&#xD;
          -  Hematology&#xD;
&#xD;
          -  Absolute neutrophil count greater than 1000/mm(3) without the support of filgrastim&#xD;
&#xD;
          -  White blood cell (WBC) greater than or equal to 3000/mm(3)&#xD;
&#xD;
          -  Platelet count greater than or equal to 100,000/mm(3)&#xD;
&#xD;
          -  Hemoglobin &gt; 8.0 g/dl&#xD;
&#xD;
          -  Chemistry:&#xD;
&#xD;
          -  Serum alanine aminotransferase (ALT)/aspartate aminotransferase (AST) less than or&#xD;
             equal to to 2.5 times the upper limit of normal&#xD;
&#xD;
          -  Serum Creatinine less than or equal to to 1.6 mg/dl&#xD;
&#xD;
          -  Total bilirubin less than or equal to to 1.5 mg/dl, except in patients with Gilberts&#xD;
             Syndrome who must have a total bilirubin less than 3.0 mg/dl.&#xD;
&#xD;
          -  More than four weeks must have elapsed since any prior systemic therapy at the time&#xD;
             the patient receives the preparative regimen, and patients toxicities must have&#xD;
             recovered to a grade 1 or less (except for toxicities such as alopecia or vitiligo).&#xD;
&#xD;
        Note: Patients may have undergone minor surgical procedures within the past 3 weeks, as&#xD;
        long as all toxicities have recovered to grade 1 or less or as specified in the eligibility&#xD;
        criteria.&#xD;
&#xD;
          -  Six weeks must have elapsed since any prior antibody therapy including anti-cytotoxic&#xD;
             T-lymphocyte antigen 4 (CTLA4) antibody therapy that could affect any anti-cancer&#xD;
             immune response, at the time the patient receives the preparative regimen to allow&#xD;
             antibody levels to decline. NOTE: patients who have previously received ipilimumab and&#xD;
             have documented gastrointestinal (GI) toxicity must have a colonoscopy with normal&#xD;
             colonic biopsies.)&#xD;
&#xD;
          -  Patients must be ineligible to receive interleukin-2 (IL-2) based on evidence that may&#xD;
             include ischemic heart disease, or arrhythmias, or poor ventricular ejection fraction&#xD;
             (&lt; 50%), or respiratory compromise (forced expiratory volume in 1 second (FEV1) &lt;&#xD;
             60%), or clinically significant patient history which in the judgment of the&#xD;
             investigator would compromise the patients ability to tolerate aldesleukin.&#xD;
&#xD;
        EXCLUSION CRITERIA:&#xD;
&#xD;
          -  Women of child-bearing potential who are pregnant or breastfeeding because of the&#xD;
             potentially dangerous effects of the treatment on the fetus or infant.&#xD;
&#xD;
          -  Any form of primary immunodeficiency (such as Severe Combined Immunodeficiency&#xD;
             Disease).&#xD;
&#xD;
          -  Concurrent opportunistic infections (The experimental treatment being evaluated in&#xD;
             this protocol depends on an intact immune system. Patients who have decreased immune&#xD;
             competence may be less responsive to the experimental treatment and more susceptible&#xD;
             to its toxicities).&#xD;
&#xD;
          -  Concurrent systemic steroid therapy.&#xD;
&#xD;
          -  History of severe immediate hypersensitivity reaction to any of the agents used in&#xD;
             this study.&#xD;
&#xD;
          -  Patients with a ventricular ejection fraction (less than or equal to 30%), or&#xD;
             respiratory compromise (FEV1 less than or equal to 40%).&#xD;
      </textblock>
    </criteria>
    <gender>All</gender>
    <minimum_age>18 Years</minimum_age>
    <maximum_age>70 Years</maximum_age>
    <healthy_volunteers>No</healthy_volunteers>
  </eligibility>
  <overall_official>
    <last_name>Steven A Rosenberg, M.D.</last_name>
    <role>Principal Investigator</role>
    <affiliation>National Cancer Institute (NCI)</affiliation>
  </overall_official>
  <location>
    <facility>
      <name>National Institutes of Health Clinical Center, 9000 Rockville Pike</name>
      <address>
        <city>Bethesda</city>
        <state>Maryland</state>
        <zip>20892</zip>
        <country>United States</country>
      </address>
    </facility>
  </location>
  <location_countries>
    <country>United States</country>
  </location_countries>
  <reference>
    <citation>Gogas HJ, Kirkwood JM, Sondak VK. Chemotherapy for metastatic melanoma: time for a change? Cancer. 2007 Feb 1;109(3):455-64. doi: 10.1002/cncr.22427.</citation>
    <PMID>17200963</PMID>
  </reference>
  <reference>
    <citation>Atkins MB, Lotze MT, Dutcher JP, Fisher RI, Weiss G, Margolin K, Abrams J, Sznol M, Parkinson D, Hawkins M, Paradise C, Kunkel L, Rosenberg SA. High-dose recombinant interleukin 2 therapy for patients with metastatic melanoma: analysis of 270 patients treated between 1985 and 1993. J Clin Oncol. 1999 Jul;17(7):2105-16. doi: 10.1200/JCO.1999.17.7.2105.</citation>
    <PMID>10561265</PMID>
  </reference>
  <reference>
    <citation>Jemal A, Siegel R, Ward E, Murray T, Xu J, Thun MJ. Cancer statistics, 2007. CA Cancer J Clin. 2007 Jan-Feb;57(1):43-66. doi: 10.3322/canjclin.57.1.43.</citation>
    <PMID>17237035</PMID>
  </reference>
  <verification_date>May 2016</verification_date>
  <study_first_submitted>October 6, 2011</study_first_submitted>
  <study_first_submitted_qc>November 9, 2011</study_first_submitted_qc>
  <study_first_posted type="Estimate">November 10, 2011</study_first_posted>
  <results_first_submitted>May 19, 2016</results_first_submitted>
  <results_first_submitted_qc>May 19, 2016</results_first_submitted_qc>
  <results_first_posted type="Estimate">June 27, 2016</results_first_posted>
  <last_update_submitted>May 19, 2016</last_update_submitted>
  <last_update_submitted_qc>May 19, 2016</last_update_submitted_qc>
  <last_update_posted type="Estimate">June 27, 2016</last_update_posted>
  <responsible_party>
    <responsible_party_type>Principal Investigator</responsible_party_type>
    <investigator_affiliation>National Institutes of Health Clinical Center (CC)</investigator_affiliation>
    <investigator_full_name>Steven Rosenberg, M.D.</investigator_full_name>
    <investigator_title>Principal Investigator</investigator_title>
  </responsible_party>
  <keyword>Metastatic Melanoma</keyword>
  <keyword>Adoptive Cell Therapy</keyword>
  <keyword>Skin Cancer</keyword>
  <condition_browse>
    <!-- CAUTION:  The following MeSH terms are assigned with an imperfect algorithm            -->
    <mesh_term>Melanoma</mesh_term>
    <mesh_term>Skin Neoplasms</mesh_term>
  </condition_browse>
  <intervention_browse>
    <!-- CAUTION:  The following MeSH terms are assigned with an imperfect algorithm            -->
    <mesh_term>Cyclophosphamide</mesh_term>
    <mesh_term>Fludarabine</mesh_term>
  </intervention_browse>
  <patient_data>
    <sharing_ipd>No</sharing_ipd>
  </patient_data>

  <clinical_results>

    <participant_flow>
      <group_list>
        <group group_id="P1">
          <title>Immunotherapy for Metastatic Melanoma</title>
          <description>Patients will receive non-myeloablative lymphodepleting preparative regimen consisting of:&#xD;
Cyclophosphamide: Cyclophosphamide 60 mg/kg/day X 2 days intravenous (IV) in 250 ml dextrose 5% in water (D5W) with Mesna 15 mg/kg/day X 2 days over 1 hr.&#xD;
Fludarabine: Fludarabine 25 mg/m2/day intravenous piggyback (IVPB) daily over 30 minutes for 5 days.&#xD;
Young Tumor Infiltrating Lymphocytes (TIL): Patients will receive non-myeloablative lymphodepleting preparative regimen consisting of cyclophosphamide and fludarabine followed by the administration of young TIL. On day 0, cells (1x10e9 to 2x10e11) will be infused intravenously (i.v.) on the Patient Care Unit over 20 to 30 minutes (between one and four days after the last dose of fludarabine).</description>
        </group>
      </group_list>
      <period_list>
        <period>
          <title>Overall Study</title>
          <milestone_list>
            <milestone>
              <title>STARTED</title>
              <participants_list>
                <participants group_id="P1" count="18"/>
              </participants_list>
            </milestone>
            <milestone>
              <title>COMPLETED</title>
              <participants_list>
                <participants group_id="P1" count="16"/>
              </participants_list>
            </milestone>
            <milestone>
              <title>NOT COMPLETED</title>
              <participants_list>
                <participants group_id="P1" count="2"/>
              </participants_list>
            </milestone>
          </milestone_list>
          <drop_withdraw_reason_list>
            <drop_withdraw_reason>
              <title>Death during treatment</title>
              <participants_list>
                <participants group_id="P1" count="2"/>
              </participants_list>
            </drop_withdraw_reason>
          </drop_withdraw_reason_list>
        </period>
      </period_list>
    </participant_flow>

    <baseline>
      <group_list>
        <group group_id="B1">
          <title>Immunotherapy for Metastatic Melanoma</title>
          <description>Patients will receive non-myeloablative lymphodepleting preparative regimen consisting of:&#xD;
Cyclophosphamide: Cyclophosphamide 60 mg/kg/day X 2 days intravenous (IV) in 250 ml dextrose 5% in water (D5W) with Mesna 15 mg/kg/day X 2 days over 1 hr.&#xD;
Fludarabine: Fludarabine 25 mg/m2/day intravenous piggyback (IVPB) daily over 30 minutes for 5 days.&#xD;
Young Tumor Infiltrating Lymphocytes (TIL): Patients will receive non-myeloablative lymphodepleting preparative regimen consisting of cyclophosphamide and fludarabine followed by the administration of young TIL. On day 0, cells (1x10e9 to 2x10e11) will be infused intravenously (i.v.) on the Patient Care Unit over 20 to 30 minutes (between one and four days after the last dose of fludarabine).</description>
        </group>
      </group_list>
      <analyzed_list>
        <analyzed>
          <units>Participants</units>
          <scope>Overall</scope>
          <count_list>
            <count group_id="B1" value="18"/>
          </count_list>
        </analyzed>
      </analyzed_list>
      <measure_list>
        <measure>
          <title>Age</title>
          <units>Participants</units>
          <param>Count of Participants</param>
          <class_list>
            <class>
              <category_list>
                <category>
                  <title>&lt;=18 years</title>
                  <measurement_list>
                    <measurement group_id="B1" value="0"/>
                  </measurement_list>
                </category>
                <category>
                  <title>Between 18 and 65 years</title>
                  <measurement_list>
                    <measurement group_id="B1" value="14"/>
                  </measurement_list>
                </category>
                <category>
                  <title>&gt;=65 years</title>
                  <measurement_list>
                    <measurement group_id="B1" value="4"/>
                  </measurement_list>
                </category>
              </category_list>
            </class>
          </class_list>
        </measure>
        <measure>
          <title>Age</title>
          <units>years</units>
          <param>Mean</param>
          <dispersion>Standard Deviation</dispersion>
          <class_list>
            <class>
              <category_list>
                <category>
                  <measurement_list>
                    <measurement group_id="B1" value="56.8" spread="9.1"/>
                  </measurement_list>
                </category>
              </category_list>
            </class>
          </class_list>
        </measure>
        <measure>
          <title>Sex: Female, Male</title>
          <units>Participants</units>
          <param>Count of Participants</param>
          <class_list>
            <class>
              <category_list>
                <category>
                  <title>Female</title>
                  <measurement_list>
                    <measurement group_id="B1" value="8"/>
                  </measurement_list>
                </category>
                <category>
                  <title>Male</title>
                  <measurement_list>
                    <measurement group_id="B1" value="10"/>
                  </measurement_list>
                </category>
              </category_list>
            </class>
          </class_list>
        </measure>
        <measure>
          <title>Ethnicity (NIH/OMB)</title>
          <units>Participants</units>
          <param>Count of Participants</param>
          <class_list>
            <class>
              <category_list>
                <category>
                  <title>Hispanic or Latino</title>
                  <measurement_list>
                    <measurement group_id="B1" value="0"/>
                  </measurement_list>
                </category>
                <category>
                  <title>Not Hispanic or Latino</title>
                  <measurement_list>
                    <measurement group_id="B1" value="18"/>
                  </measurement_list>
                </category>
                <category>
                  <title>Unknown or Not Reported</title>
                  <measurement_list>
                    <measurement group_id="B1" value="0"/>
                  </measurement_list>
                </category>
              </category_list>
            </class>
          </class_list>
        </measure>
        <measure>
          <title>Race (NIH/OMB)</title>
          <units>Participants</units>
          <param>Count of Participants</param>
          <class_list>
            <class>
              <category_list>
                <category>
                  <title>American Indian or Alaska Native</title>
                  <measurement_list>
                    <measurement group_id="B1" value="0"/>
                  </measurement_list>
                </category>
                <category>
                  <title>Asian</title>
                  <measurement_list>
                    <measurement group_id="B1" value="0"/>
                  </measurement_list>
                </category>
                <category>
                  <title>Native Hawaiian or Other Pacific Islander</title>
                  <measurement_list>
                    <measurement group_id="B1" value="0"/>
                  </measurement_list>
                </category>
                <category>
                  <title>Black or African American</title>
                  <measurement_list>
                    <measurement group_id="B1" value="0"/>
                  </measurement_list>
                </category>
                <category>
                  <title>White</title>
                  <measurement_list>
                    <measurement group_id="B1" value="18"/>
                  </measurement_list>
                </category>
                <category>
                  <title>More than one race</title>
                  <measurement_list>
                    <measurement group_id="B1" value="0"/>
                  </measurement_list>
                </category>
                <category>
                  <title>Unknown or Not Reported</title>
                  <measurement_list>
                    <measurement group_id="B1" value="0"/>
                  </measurement_list>
                </category>
              </category_list>
            </class>
          </class_list>
        </measure>
        <measure>
          <title>Region of Enrollment</title>
          <units>participants</units>
          <param>Number</param>
          <class_list>
            <class>
              <title>United States</title>
              <category_list>
                <category>
                  <measurement_list>
                    <measurement group_id="B1" value="18"/>
                  </measurement_list>
                </category>
              </category_list>
            </class>
          </class_list>
        </measure>
      </measure_list>
    </baseline>

    <outcome_list>
      <outcome>
        <type>Primary</type>
        <title>Objective Response in Patients With Metastatic Melanoma</title>
        <description>Response is determined by the Response Evaluation Criteria in Solid Tumors (RECIST). Complete response (CR) is disappearance of all target lesions. Partial response (PR) is at least a 30% decrease in the sum of the longest diameter (LD) of target lesions taking as reference the baseline sum LD. Progressive disease (PD) is at least a 20% increase in the sum of the LD of target lesions taking as reference the smallest sum LD recorded since the treatment started or the appearance of one or more new lesions. Stable disease (SD) is neither sufficient shrinkage to qualify for PR nor sufficient increase to qualify for PD taking as references the smallest sum LD.</description>
        <time_frame>Approximately 2 Years</time_frame>
        <group_list>
          <group group_id="O1">
            <title>Immunotherapy for Metastatic Melanoma</title>
            <description>Patients will receive non-myeloablative lymphodepleting preparative regimen consisting of:&#xD;
Cyclophosphamide: Cyclophosphamide 60 mg/kg/day X 2 days intravenous (IV) in 250 ml dextrose 5% in water (D5W) with Mesna 15 mg/kg/day X 2 days over 1 hr.&#xD;
Fludarabine: Fludarabine 25 mg/m2/day intravenous piggyback (IVPB) daily over 30 minutes for 5 days.&#xD;
Young Tumor Infiltrating Lymphocytes (TIL): Patients will receive non-myeloablative lymphodepleting preparative regimen consisting of cyclophosphamide and fludarabine followed by the administration of young TIL. On day 0, cells (1x10e9 to 2x10e11) will be infused intravenously (i.v.) on the Patient Care Unit over 20 to 30 minutes (between one and four days after the last dose of fludarabine).</description>
          </group>
        </group_list>
        <measure>
          <title>Objective Response in Patients With Metastatic Melanoma</title>
          <description>Response is determined by the Response Evaluation Criteria in Solid Tumors (RECIST). Complete response (CR) is disappearance of all target lesions. Partial response (PR) is at least a 30% decrease in the sum of the longest diameter (LD) of target lesions taking as reference the baseline sum LD. Progressive disease (PD) is at least a 20% increase in the sum of the LD of target lesions taking as reference the smallest sum LD recorded since the treatment started or the appearance of one or more new lesions. Stable disease (SD) is neither sufficient shrinkage to qualify for PR nor sufficient increase to qualify for PD taking as references the smallest sum LD.</description>
          <units>participants</units>
          <param>Number</param>
          <analyzed_list>
            <analyzed>
              <units>Participants</units>
              <scope>Measure</scope>
              <count_list>
                <count group_id="O1" value="18"/>
              </count_list>
            </analyzed>
          </analyzed_list>
          <class_list>
            <class>
              <title>Not Evaluable</title>
              <category_list>
                <category>
                  <measurement_list>
                    <measurement group_id="O1" value="1"/>
                  </measurement_list>
                </category>
              </category_list>
            </class>
            <class>
              <title>Progressive Disease</title>
              <category_list>
                <category>
                  <measurement_list>
                    <measurement group_id="O1" value="12"/>
                  </measurement_list>
                </category>
              </category_list>
            </class>
            <class>
              <title>Partial Response</title>
              <category_list>
                <category>
                  <measurement_list>
                    <measurement group_id="O1" value="5"/>
                  </measurement_list>
                </category>
              </category_list>
            </class>
          </class_list>
        </measure>
      </outcome>
      <outcome>
        <type>Secondary</type>
        <title>Level of Persistence of the Transferred Cells in Blood</title>
        <description>Determine level of transferred cells in the blood following a non-myeloablative lymphodepleting chemotherapy preparative regimen.</description>
        <time_frame>Once week and one month after transfer</time_frame>
        <population>No data was collected or analyzed, thus we did not perform an evaluation of persistence for this trial. The reason is that we did not accrue a sufficient number of patients in a timely manner. A minimum of 35 subjects was needed to perform an analysis.</population>
        <group_list>
          <group group_id="O1">
            <title>Immunotherapy for Metastatic Melanoma</title>
            <description>Patients will receive non-myeloablative lymphodepleting preparative regimen consisting of:&#xD;
Cyclophosphamide: Cyclophosphamide 60 mg/kg/day X 2 days intravenous (IV) in 250 ml dextrose 5% in water (D5W) with Mesna 15 mg/kg/day X 2 days over 1 hr.&#xD;
Fludarabine: Fludarabine 25 mg/m2/day intravenous piggyback (IVPB) daily over 30 minutes for 5 days.&#xD;
Young Tumor Infiltrating Lymphocytes (TIL): Patients will receive non-myeloablative lymphodepleting preparative regimen consisting of cyclophosphamide and fludarabine followed by the administration of young TIL. On day 0, cells (1x10e9 to 2x10e11) will be infused intravenously (i.v.) on the Patient Care Unit over 20 to 30 minutes (between one and four days after the last dose of fludarabine).</description>
          </group>
        </group_list>
        <measure>
          <title>Level of Persistence of the Transferred Cells in Blood</title>
          <description>Determine level of transferred cells in the blood following a non-myeloablative lymphodepleting chemotherapy preparative regimen.</description>
          <population>No data was collected or analyzed, thus we did not perform an evaluation of persistence for this trial. The reason is that we did not accrue a sufficient number of patients in a timely manner. A minimum of 35 subjects was needed to perform an analysis.</population>
          <analyzed_list>
            <analyzed>
              <units>Participants</units>
              <scope>Measure</scope>
              <count_list>
                <count group_id="O1" value="0"/>
              </count_list>
            </analyzed>
          </analyzed_list>
        </measure>
      </outcome>
    </outcome_list>

    <reported_events>
      <group_list>
        <group group_id="E1">
          <title>Immunotherapy for Metastatic Melanoma</title>
          <description>Patients will receive non-myeloablative lymphodepleting preparative regimen consisting of:&#xD;
Cyclophosphamide: Cyclophosphamide 60 mg/kg/day X 2 days intravenous (IV) in 250 ml dextrose 5% in water (D5W) with Mesna 15 mg/kg/day X 2 days over 1 hr.&#xD;
Fludarabine: Fludarabine 25 mg/m2/day intravenous piggyback (IVPB) daily over 30 minutes for 5 days.&#xD;
Young Tumor Infiltrating Lymphocytes (TIL): Patients will receive non-myeloablative lymphodepleting preparative regimen consisting of cyclophosphamide and fludarabine followed by the administration of young TIL. On day 0, cells (1x10e9 to 2x10e11) will be infused intravenously (i.v.) on the Patient Care Unit over 20 to 30 minutes (between one and four days after the last dose of fludarabine).</description>
        </group>
      </group_list>
      <serious_events>
        <default_vocab>CTCAE (3.0)</default_vocab>
        <default_assessment>Systematic Assessment</default_assessment>
        <category_list>
          <category>
            <title>Total</title>
            <event_list>
              <event>
                <sub_title>Total, serious adverse events</sub_title>
                <counts group_id="E1" subjects_affected="1" subjects_at_risk="18"/>
              </event>
            </event_list>
          </category>
          <category>
            <title>General disorders</title>
            <event_list>
              <event>
                <sub_title>Death not associated with CTCAE term</sub_title>
                <counts group_id="E1" events="1" subjects_affected="1" subjects_at_risk="18"/>
              </event>
            </event_list>
          </category>
          <category>
            <title>Infections and infestations</title>
            <event_list>
              <event>
                <sub_title>Infection</sub_title>
                <counts group_id="E1" events="1" subjects_affected="1" subjects_at_risk="18"/>
              </event>
            </event_list>
          </category>
          <category>
            <title>Metabolism and nutrition disorders</title>
            <event_list>
              <event>
                <sub_title>AST, SGOT (serum glutamic oxaloacetic transaminase)</sub_title>
                <counts group_id="E1" events="1" subjects_affected="1" subjects_at_risk="18"/>
              </event>
            </event_list>
          </category>
          <category>
            <title>Respiratory, thoracic and mediastinal disorders</title>
            <event_list>
              <event>
                <sub_title>Adult Respiratory Distress Syndrome (ARDS)</sub_title>
                <counts group_id="E1" events="1" subjects_affected="1" subjects_at_risk="18"/>
              </event>
            </event_list>
          </category>
        </category_list>
      </serious_events>
      <other_events>
        <frequency_threshold>0</frequency_threshold>
        <default_vocab>CTCAE (3.0)</default_vocab>
        <default_assessment>Systematic Assessment</default_assessment>
        <category_list>
          <category>
            <title>Total</title>
            <event_list>
              <event>
                <sub_title>Total, other adverse events</sub_title>
                <counts group_id="E1" subjects_affected="18" subjects_at_risk="18"/>
              </event>
            </event_list>
          </category>
          <category>
            <title>Blood and lymphatic system disorders</title>
            <event_list>
              <event>
                <sub_title>Hemoglobin</sub_title>
                <counts group_id="E1" events="6" subjects_affected="6" subjects_at_risk="18"/>
              </event>
              <event>
                <sub_title>Leukocytes (total WBC)</sub_title>
                <counts group_id="E1" events="18" subjects_affected="18" subjects_at_risk="18"/>
              </event>
              <event>
                <sub_title>Lymphopenia</sub_title>
                <counts group_id="E1" events="18" subjects_affected="18" subjects_at_risk="18"/>
              </event>
              <event>
                <sub_title>Neutrophils/granulocytes (ANC/AGC)</sub_title>
                <counts group_id="E1" events="18" subjects_affected="18" subjects_at_risk="18"/>
              </event>
              <event>
                <sub_title>Platelets</sub_title>
                <counts group_id="E1" events="15" subjects_affected="15" subjects_at_risk="18"/>
              </event>
            </event_list>
          </category>
          <category>
            <title>Cardiac disorders</title>
            <event_list>
              <event>
                <sub_title>Supraventricular and nodal arrhythmia</sub_title>
                <counts group_id="E1" events="1" subjects_affected="1" subjects_at_risk="18"/>
              </event>
              <event>
                <sub_title>Hypotension</sub_title>
                <counts group_id="E1" events="1" subjects_affected="1" subjects_at_risk="18"/>
              </event>
            </event_list>
          </category>
          <category>
            <title>Gastrointestinal disorders</title>
            <event_list>
              <event>
                <sub_title>Constipation</sub_title>
                <counts group_id="E1" events="2" subjects_affected="2" subjects_at_risk="18"/>
              </event>
              <event>
                <sub_title>Diarrhea</sub_title>
                <counts group_id="E1" events="2" subjects_affected="2" subjects_at_risk="18"/>
              </event>
              <event>
                <sub_title>Nausea</sub_title>
                <counts group_id="E1" events="1" subjects_affected="1" subjects_at_risk="18"/>
              </event>
            </event_list>
          </category>
          <category>
            <title>General disorders</title>
            <event_list>
              <event>
                <sub_title>Fever (in the absence of neutropenia, where neutropenia is defined as ANC &lt;1.0x10e9/L)</sub_title>
                <counts group_id="E1" events="1" subjects_affected="1" subjects_at_risk="18"/>
              </event>
              <event>
                <sub_title>Rigors/chills</sub_title>
                <counts group_id="E1" events="2" subjects_affected="2" subjects_at_risk="18"/>
              </event>
              <event>
                <sub_title>Weight gain</sub_title>
                <counts group_id="E1" events="1" subjects_affected="1" subjects_at_risk="18"/>
              </event>
              <event>
                <sub_title>Pain</sub_title>
                <counts group_id="E1" events="5" subjects_affected="5" subjects_at_risk="18"/>
              </event>
            </event_list>
          </category>
          <category>
            <title>Immune system disorders</title>
            <event_list>
              <event>
                <sub_title>Allergic reaction/hypersensitivity (including drug fever)</sub_title>
                <counts group_id="E1" events="1" subjects_affected="1" subjects_at_risk="18"/>
              </event>
            </event_list>
          </category>
          <category>
            <title>Infections and infestations</title>
            <event_list>
              <event>
                <sub_title>Colitis, infectious (e.g., Clostridium difficile)</sub_title>
                <counts group_id="E1" events="1" subjects_affected="1" subjects_at_risk="18"/>
              </event>
              <event>
                <sub_title>Febrile neutropenia</sub_title>
                <description>fever of unknown origin without clinically or microbiologically documented infection) (ANC &lt;1.0x10e9/L, fever &gt;38.5 degrees C)</description>
                <counts group_id="E1" events="11" subjects_affected="11" subjects_at_risk="18"/>
              </event>
              <event>
                <sub_title>Infection</sub_title>
                <counts group_id="E1" events="6" subjects_affected="6" subjects_at_risk="18"/>
              </event>
            </event_list>
          </category>
          <category>
            <title>Metabolism and nutrition disorders</title>
            <event_list>
              <event>
                <sub_title>ALT/SGPT (serum glutamic pyruvic transaminase)</sub_title>
                <counts group_id="E1" events="2" subjects_affected="2" subjects_at_risk="18"/>
              </event>
              <event>
                <sub_title>Albumin, serum-low (hypoalbuminemia)</sub_title>
                <counts group_id="E1" events="2" subjects_affected="2" subjects_at_risk="18"/>
              </event>
              <event>
                <sub_title>Alkaline phosphatase</sub_title>
                <counts group_id="E1" events="1" subjects_affected="1" subjects_at_risk="18"/>
              </event>
              <event>
                <sub_title>Potassium, serum-low (hypokalemia)</sub_title>
                <counts group_id="E1" events="1" subjects_affected="1" subjects_at_risk="18"/>
              </event>
              <event>
                <sub_title>Sodium, serum-low (hyponatremia)</sub_title>
                <counts group_id="E1" events="1" subjects_affected="1" subjects_at_risk="18"/>
              </event>
            </event_list>
          </category>
          <category>
            <title>Nervous system disorders</title>
            <event_list>
              <event>
                <sub_title>Psychosis (hallucinations/delusions)</sub_title>
                <counts group_id="E1" events="1" subjects_affected="1" subjects_at_risk="18"/>
              </event>
            </event_list>
          </category>
          <category>
            <title>Renal and urinary disorders</title>
            <event_list>
              <event>
                <sub_title>Incontinence, urinary</sub_title>
                <counts group_id="E1" events="1" subjects_affected="1" subjects_at_risk="18"/>
              </event>
              <event>
                <sub_title>Renal/Genitourinary - Other (Oliguria)</sub_title>
                <counts group_id="E1" events="1" subjects_affected="1" subjects_at_risk="18"/>
              </event>
            </event_list>
          </category>
          <category>
            <title>Respiratory, thoracic and mediastinal disorders</title>
            <event_list>
              <event>
                <sub_title>Dyspnea (shortness of breath)</sub_title>
                <counts group_id="E1" events="2" subjects_affected="2" subjects_at_risk="18"/>
              </event>
              <event>
                <sub_title>Hypoxia</sub_title>
                <counts group_id="E1" events="1" subjects_affected="1" subjects_at_risk="18"/>
              </event>
            </event_list>
          </category>
          <category>
            <title>Skin and subcutaneous tissue disorders</title>
            <event_list>
              <event>
                <sub_title>Pruritis/itching</sub_title>
                <counts group_id="E1" events="1" subjects_affected="1" subjects_at_risk="18"/>
              </event>
            </event_list>
          </category>
          <category>
            <title>Vascular disorders</title>
            <event_list>
              <event>
                <sub_title>Thrombosis/embolism (vascular access-related)</sub_title>
                <counts group_id="E1" events="1" subjects_affected="1" subjects_at_risk="18"/>
              </event>
              <event>
                <sub_title>Thrombosis/thrombus/embolism</sub_title>
                <counts group_id="E1" events="1" subjects_affected="1" subjects_at_risk="18"/>
              </event>
            </event_list>
          </category>
        </category_list>
      </other_events>
    </reported_events>

    <certain_agreements>
      <pi_employee>Principal Investigators are NOT employed by the organization sponsoring the study.</pi_employee>
      <restrictive_agreement>There is NOT an agreement between Principal Investigators and the Sponsor (or its agents) that restricts the PI's rights to discuss or publish trial results after the trial is completed. </restrictive_agreement>
    </certain_agreements>
    <limitations_and_caveats>Study was closed prematurely due to slow and insufficient accrual.</limitations_and_caveats>
    <point_of_contact>
      <name_or_title>Dr. Steven A. Rosenberg</name_or_title>
      <organization>National Cancer Institute</organization>
      <phone>301-496-4164</phone>
      <email>sar@mail.nih.gov</email>
    </point_of_contact>
  </clinical_results>
</clinical_study>

