<?xml version="1.0" encoding="UTF-8"?>
<clinical_study rank="355">
  <!-- This xml conforms to an XML Schema at:
    https://clinicaltrials.gov/ct2/html/images/info/public.xsd -->
  <required_header>
    <download_date>ClinicalTrials.gov processed this data on February 06, 2024</download_date>
    <link_text>Link to the current ClinicalTrials.gov record.</link_text>
    <url>https://clinicaltrials.gov/ct2/show/NCT00615095</url>
  </required_header>
  <id_info>
    <org_study_id>97-012</org_study_id>
    <nct_id>NCT00615095</nct_id>
  </id_info>
  <brief_title>Differential Risks for Melanoma: p16 and DNA Repair</brief_title>
  <official_title>Differential Risks for Melanoma: p16 and DNA Repair</official_title>
  <sponsors>
    <lead_sponsor>
      <agency>Memorial Sloan Kettering Cancer Center</agency>
      <agency_class>Other</agency_class>
    </lead_sponsor>
    <collaborator>
      <agency>University of New Mexico</agency>
      <agency_class>Other</agency_class>
    </collaborator>
    <collaborator>
      <agency>Yale University</agency>
      <agency_class>Other</agency_class>
    </collaborator>
  </sponsors>
  <source>Memorial Sloan Kettering Cancer Center</source>
  <brief_summary>
    <textblock>
      The goal of this study is to find out if some people are more likely to get melanoma, a form&#xD;
      of skin cancer, than others. People respond to the environment in different ways. Some may be&#xD;
      born with genes that make them more likely to get this type of skin cancer. Genes are made up&#xD;
      of DNA. DNA damage is one of the first steps in developing cancer. Each person has many ways&#xD;
      to repair normal damage to their genes. Some people may have a lower level of this repair and&#xD;
      that may make them more likely to get cancer. Some genes are important for DNA repair. The&#xD;
      genes we want to test are thought to affect the rate at which DNA can be repaired. We also&#xD;
      want to find out if sun habits are related to these levels of DNA repair or genetic&#xD;
      mutations.&#xD;
    </textblock>
  </brief_summary>
  <overall_status>Completed</overall_status>
  <start_date>February 1997</start_date>
  <completion_date type="Actual">April 2011</completion_date>
  <primary_completion_date type="Actual">April 2011</primary_completion_date>
  <study_type>Observational</study_type>
  <has_expanded_access>No</has_expanded_access>
  <study_design_info>
    <observational_model>Cohort</observational_model>
    <time_perspective>Prospective</time_perspective>
  </study_design_info>
  <primary_outcome>
    <measure>evaluate the relative risks of develop melanoma for those individuals with deficient DNA repair in a case-control study of multiple primary melanoma, where the controls are cases of first primary melanoma &amp; healthy subjects from the general population.</measure>
    <time_frame>conclusion of study</time_frame>
  </primary_outcome>
  <secondary_outcome>
    <measure>is to investigate associations of specific polymorphisms of the melanocortin receptor gene with clinical cutaneous phenotype (hair color, eye color, skin color, and freckling tendency).</measure>
    <time_frame>conclusion of study</time_frame>
  </secondary_outcome>
  <number_of_groups>3</number_of_groups>
  <enrollment type="Actual">323</enrollment>
  <condition>Melanoma</condition>
  <condition>Skin Melanoma</condition>
  <arm_group>
    <arm_group_label>1</arm_group_label>
    <description>Cases will be patients 18 years or older with a histologically confirmed, second or multiple primary melanoma.</description>
  </arm_group>
  <arm_group>
    <arm_group_label>2</arm_group_label>
    <description>Controls will be patients 18 years or older with a histologically confirmed first primary melanoma diagnosed no earlier than 12 months prior to the study start date.</description>
  </arm_group>
  <arm_group>
    <arm_group_label>3</arm_group_label>
    <description>Healthy controls will be subjects 18 years or older recruited from the general population through random digit dialing. These subjects will have no history of melanoma. They will also be frequency matched to cases on the basis of sex and 10-year age group.</description>
  </arm_group>
  <intervention>
    <intervention_type>Other</intervention_type>
    <intervention_name>self-administered questionnaire and blood draw</intervention_name>
    <description>Epidemiologic data will be collected via a self-administered questionnaire which will be distributed to subjects by a member of the study staff. It should take less than fifteen minutes to complete, and subjects will have the options of completing it at the time of their blood-drawing or filling it out at home and mailing it back to the study staff.</description>
    <arm_group_label>1</arm_group_label>
  </intervention>
  <intervention>
    <intervention_type>Other</intervention_type>
    <intervention_name>self-administered questionnaire and blood draw</intervention_name>
    <description>Epidemiologic data will be collected via a self-administered questionnaire which will be distributed to subjects by a member of the study staff. It should take less than fifteen minutes to complete, and subjects will have the options of completing it at the time of their blood-drawing or filling it out at home and mailing it back to the study staff.</description>
    <arm_group_label>2</arm_group_label>
  </intervention>
  <intervention>
    <intervention_type>Other</intervention_type>
    <intervention_name>health questionnaire, blood draw and skin exam</intervention_name>
    <description>Numbers will be randomly selected from a pool of prefixes. Numbers will be screened by computer for being working, non-business, non-fax, and non-modem numbers. After establishing eligibility for the study, we will send the potential control a letter further explaining the purpose of the study and its requirements. An interviewer will then call to arrange an appointment. During the interview, the subject will sign informed consent, be given the public health questionnaire, have 30 ml of blood drawn, and undergo the skin examination of arms and back.</description>
    <arm_group_label>3</arm_group_label>
  </intervention>
  <biospec_retention>Samples With DNA</biospec_retention>
  <biospec_descr>
    <textblock>
      Whole blood&#xD;
    </textblock>
  </biospec_descr>
  <eligibility>
    <study_pop>
      <textblock>
        Second or multiple primary melanoma cases will be identified at Memorial Sloan-Kettering&#xD;
        Cancer Center, the Yale University Pigmented Lesion Clinic, or from among those subjects&#xD;
        who participated in the earlier case-control study in Connecticut.&#xD;
&#xD;
        First primary melanoma cases will be identified and referred to the study staff by&#xD;
        participating physicians on the Melanoma Disease Management Team at Memorial&#xD;
        Sloan-Kettering Cancer Center.&#xD;
&#xD;
        Random digit dialing will be used to locate 100 population-based controls for this study.&#xD;
        We will use telephone prefixes in Connecticut&#xD;
      </textblock>
    </study_pop>
    <sampling_method>Non-Probability Sample</sampling_method>
    <criteria>
      <textblock>
        Inclusion Criteria:&#xD;
&#xD;
          -  Cases will be patients 18 years or older with a histologically confirmed, second or&#xD;
             multiple primary melanoma. These will be sequentially selected from subjects seen at&#xD;
             Memorial Sloan-Kettering Cancer Center or the Yale University Pigmented Lesion Clinic.&#xD;
&#xD;
          -  Controls will be patients 18 years or older with a histologically confirmed first&#xD;
             primary melanoma diagnosed no earlier than 12 months prior to the study start date.&#xD;
             One control will be selected per case. These patients will be referred to the study by&#xD;
             the Melanoma Disease Management Team at Memorial Sloan-Kettering Cancer Center.&#xD;
             Controls will be frequency-matched to cases on the basis of sex and age (within 10&#xD;
             year age groups).&#xD;
&#xD;
          -  Healthy controls will be subjects 18 years or older recruited from the general&#xD;
             population through random digit dialing. These subjects will have no history of&#xD;
             melanoma. They will also be frequency matched to cases on the basis of sex and 10-year&#xD;
             age group.&#xD;
&#xD;
          -  The subject must have a histologically confirmed malignant melanoma.&#xD;
&#xD;
          -  Cases may have an in situ melanoma as the second primary.&#xD;
&#xD;
          -  Melanoma Controls may have only one primary melanoma.&#xD;
&#xD;
          -  Healthy controls should have no history of melanoma.&#xD;
&#xD;
          -  The subject's physician consents to his/her patient's participation in the study (if&#xD;
             the subject has a diagnosis of melanoma).&#xD;
&#xD;
          -  The subject has consented, in writing, to participate in the study&#xD;
&#xD;
        Exclusion Criteria:&#xD;
&#xD;
          -  Karnofsky status less than 60 (see Appendix). This will be evaluated by the physician&#xD;
             treating the subject for melanoma at the time permission is given for participation&#xD;
&#xD;
          -  Patient had chemotherapy or radiation therapy within the last 6 weeks.&#xD;
      </textblock>
    </criteria>
    <gender>All</gender>
    <minimum_age>18 Years</minimum_age>
    <maximum_age>N/A</maximum_age>
    <healthy_volunteers>Accepts Healthy Volunteers</healthy_volunteers>
  </eligibility>
  <overall_official>
    <last_name>Irlene Orlow, PH.D., M.S.</last_name>
    <role>Principal Investigator</role>
    <affiliation>Memorial Sloan Kettering Cancer Center</affiliation>
  </overall_official>
  <location>
    <facility>
      <name>Memorial Sloan-Kettering Cancer Center</name>
      <address>
        <city>New York</city>
        <state>New York</state>
        <zip>10065</zip>
        <country>United States</country>
      </address>
    </facility>
  </location>
  <location_countries>
    <country>United States</country>
  </location_countries>
  <link>
    <url>http://www.mskcc.org</url>
    <description>Memorial Sloan-Kettering Cancer Center</description>
  </link>
  <verification_date>April 2011</verification_date>
  <study_first_submitted>February 1, 2008</study_first_submitted>
  <study_first_submitted_qc>February 1, 2008</study_first_submitted_qc>
  <study_first_posted type="Estimate">February 14, 2008</study_first_posted>
  <last_update_submitted>April 19, 2011</last_update_submitted>
  <last_update_submitted_qc>April 19, 2011</last_update_submitted_qc>
  <last_update_posted type="Estimate">April 20, 2011</last_update_posted>
  <responsible_party>
    <name_title>IRENE ORLOW, PH.D., M.S.</name_title>
    <organization>Memorial Sloan-Kettering Cancer Center</organization>
  </responsible_party>
  <condition_browse>
    <!-- CAUTION:  The following MeSH terms are assigned with an imperfect algorithm            -->
    <mesh_term>Melanoma</mesh_term>
  </condition_browse>
  <!-- Results have not yet been posted for this study                                          -->
</clinical_study>

