<?xml version="1.0" encoding="UTF-8"?>
<clinical_study rank="430">
  <!-- This xml conforms to an XML Schema at:
    https://clinicaltrials.gov/ct2/html/images/info/public.xsd -->
  <required_header>
    <download_date>ClinicalTrials.gov processed this data on February 06, 2024</download_date>
    <link_text>Link to the current ClinicalTrials.gov record.</link_text>
    <url>https://clinicaltrials.gov/ct2/show/NCT00002860</url>
  </required_header>
  <id_info>
    <org_study_id>CDR0000065130</org_study_id>
    <secondary_id>U10CA032102</secondary_id>
    <secondary_id>SWOG-9430</secondary_id>
    <secondary_id>ECOG-S9430</secondary_id>
    <nct_id>NCT00002860</nct_id>
  </id_info>
  <brief_title>SWOG-9430: Surgery in Treating Patients With Metastatic Melanoma</brief_title>
  <official_title>A Phase II Trial of Complete Surgical Resection For Stage IV Melanoma -- Surgical Resection With Biological Evaluation and Clinical Follow-Up</official_title>
  <sponsors>
    <lead_sponsor>
      <agency>SWOG Cancer Research Network</agency>
      <agency_class>Other</agency_class>
    </lead_sponsor>
    <collaborator>
      <agency>National Cancer Institute (NCI)</agency>
      <agency_class>NIH</agency_class>
    </collaborator>
    <collaborator>
      <agency>Eastern Cooperative Oncology Group</agency>
      <agency_class>Other</agency_class>
    </collaborator>
  </sponsors>
  <source>SWOG Cancer Research Network</source>
  <oversight_info>
    <has_dmc>No</has_dmc>
  </oversight_info>
  <brief_summary>
    <textblock>
      RATIONALE: Surgery may be effective therapy in treating patients with metastatic melanoma.&#xD;
&#xD;
      PURPOSE: This phase II trial is studying how well surgery works in treating patients with&#xD;
      metastatic melanoma.&#xD;
    </textblock>
  </brief_summary>
  <detailed_description>
    <textblock>
      OBJECTIVES:&#xD;
&#xD;
        -  Assess overall and progression-free survival in patients with metastatic melanoma&#xD;
           (beyond the draining lymph nodes) after complete surgical resection of all known&#xD;
           disease.&#xD;
&#xD;
        -  Determine the ability of the Southwest Oncology Group Melanoma Committee to enroll&#xD;
           patients with metastatic melanoma who can be resected to a disease-free state.&#xD;
&#xD;
      OUTLINE: This is a multicenter study.&#xD;
&#xD;
      All patients undergo gross total resection of all known disease. Patients whose disease&#xD;
      cannot be completely resected or who have disease recurrence after surgery are removed from&#xD;
      study. Patients found to have microscopic residual disease after surgery are considered&#xD;
      completely resected. Resected tissue is submitted for analysis on protocol SWOG-9431.&#xD;
&#xD;
      Patients may receive any adjuvant therapy (e.g., radiotherapy, interferon, and/or vaccines)&#xD;
      deemed clinically appropriate by the treating physician.&#xD;
&#xD;
      Patients are followed periodically for 5 years after study entry.&#xD;
&#xD;
      PROJECTED ACCRUAL: A total of 100 eligible patients with completely surgically resected&#xD;
      disease will be accrued for this study.&#xD;
    </textblock>
  </detailed_description>
  <overall_status>Completed</overall_status>
  <start_date>November 1996</start_date>
  <completion_date type="Actual">December 2010</completion_date>
  <primary_completion_date type="Actual">December 2006</primary_completion_date>
  <phase>Phase 2</phase>
  <study_type>Interventional</study_type>
  <has_expanded_access>No</has_expanded_access>
  <study_design_info>
    <allocation>N/A</allocation>
    <intervention_model>Single Group Assignment</intervention_model>
    <primary_purpose>Treatment</primary_purpose>
    <masking>None (Open Label)</masking>
  </study_design_info>
  <primary_outcome>
    <measure>Overall survival</measure>
    <time_frame>1-year</time_frame>
  </primary_outcome>
  <number_of_arms>1</number_of_arms>
  <enrollment type="Actual">77</enrollment>
  <condition>Melanoma (Skin)</condition>
  <arm_group>
    <arm_group_label>surgery</arm_group_label>
    <arm_group_type>Other</arm_group_type>
  </arm_group>
  <intervention>
    <intervention_type>Procedure</intervention_type>
    <intervention_name>Surgery</intervention_name>
    <description>Complete surgical resection of metastatic melanoma</description>
    <arm_group_label>surgery</arm_group_label>
  </intervention>
  <eligibility>
    <criteria>
      <textblock>
        DISEASE CHARACTERISTICS:&#xD;
&#xD;
          -  Histologically confirmed metastatic melanoma that is deemed grossly surgically&#xD;
             resectable&#xD;
&#xD;
               -  Multiple resected sites or metastatic melanoma of unknown primary allowed&#xD;
                  provided all known disease can be grossly resected&#xD;
&#xD;
               -  Recurrence in iliac lymph nodes after inguinal lymph dissection allowed&#xD;
&#xD;
          -  No metastatic disease beyond the lesions planned for resection&#xD;
&#xD;
               -  Confirmed by CT scan of chest, abdomen, pelvis, and CT or MRI of brain within 42&#xD;
                  days of study&#xD;
&#xD;
          -  Concurrent registration on protocol SWOG-9431 required&#xD;
&#xD;
        PATIENT CHARACTERISTICS:&#xD;
&#xD;
        Age:&#xD;
&#xD;
          -  18 and over&#xD;
&#xD;
        Performance status:&#xD;
&#xD;
          -  SWOG 0-2&#xD;
&#xD;
        Hematopoietic:&#xD;
&#xD;
          -  Not specified&#xD;
&#xD;
        Hepatic:&#xD;
&#xD;
          -  Not specified&#xD;
&#xD;
        Renal:&#xD;
&#xD;
          -  Not specified&#xD;
&#xD;
        Other:&#xD;
&#xD;
          -  No other malignancy within the past 5 years except adequately treated basal cell or&#xD;
             squamous cell skin cancer, carcinoma in situ of the cervix, or adequately treated&#xD;
             stage I or II cancer from which patient is currently disease free&#xD;
&#xD;
          -  Not pregnant&#xD;
&#xD;
        PRIOR CONCURRENT THERAPY:&#xD;
&#xD;
        Biologic therapy:&#xD;
&#xD;
          -  Prior immunotherapy in the adjuvant or metastatic setting allowed&#xD;
&#xD;
        Chemotherapy:&#xD;
&#xD;
          -  Prior chemotherapy in the adjuvant or metastatic setting allowed&#xD;
&#xD;
        Endocrine therapy:&#xD;
&#xD;
          -  Prior hormonal therapy in the adjuvant or metastatic setting allowed&#xD;
&#xD;
        Radiotherapy:&#xD;
&#xD;
          -  Prior radiotherapy in the adjuvant or metastatic setting allowed&#xD;
&#xD;
        Surgery:&#xD;
&#xD;
          -  See Disease Characteristics&#xD;
&#xD;
          -  At least 14 days since prior surgery in the adjuvant or metastatic setting&#xD;
&#xD;
        Other:&#xD;
&#xD;
          -  Recovered from prior therapy&#xD;
      </textblock>
    </criteria>
    <gender>All</gender>
    <minimum_age>18 Years</minimum_age>
    <maximum_age>N/A</maximum_age>
    <healthy_volunteers>No</healthy_volunteers>
  </eligibility>
  <overall_official>
    <last_name>Jeffrey A. Sosman, MD</last_name>
    <role>Study Chair</role>
    <affiliation>Vanderbilt-Ingram Cancer Center</affiliation>
  </overall_official>
  <overall_official>
    <last_name>John M. Kirkwood, MD</last_name>
    <role>Study Chair</role>
    <affiliation>University of Pittsburgh</affiliation>
  </overall_official>
  <location>
    <facility>
      <name>Alaska Regional Hospital Cancer Center</name>
      <address>
        <city>Anchorage</city>
        <state>Alaska</state>
        <zip>99508</zip>
        <country>United States</country>
      </address>
    </facility>
  </location>
  <location>
    <facility>
      <name>Banner Good Samaritan Medical Center</name>
      <address>
        <city>Phoenix</city>
        <state>Arizona</state>
        <zip>85006</zip>
        <country>United States</country>
      </address>
    </facility>
  </location>
  <location>
    <facility>
      <name>CCOP - Western Regional, Arizona</name>
      <address>
        <city>Phoenix</city>
        <state>Arizona</state>
        <zip>85006</zip>
        <country>United States</country>
      </address>
    </facility>
  </location>
  <location>
    <facility>
      <name>Banner Thunderbird Medical Center</name>
      <address>
        <city>Phoenix</city>
        <state>Arizona</state>
        <zip>85306</zip>
        <country>United States</country>
      </address>
    </facility>
  </location>
  <location>
    <facility>
      <name>Arizona Cancer Center at University of Arizona Health Sciences Center</name>
      <address>
        <city>Tucson</city>
        <state>Arizona</state>
        <zip>85724</zip>
        <country>United States</country>
      </address>
    </facility>
  </location>
  <location>
    <facility>
      <name>North Colorado Medical Center</name>
      <address>
        <city>Greeley</city>
        <state>Colorado</state>
        <zip>80631</zip>
        <country>United States</country>
      </address>
    </facility>
  </location>
  <location>
    <facility>
      <name>McKee Medical Center</name>
      <address>
        <city>Loveland</city>
        <state>Colorado</state>
        <zip>80539</zip>
        <country>United States</country>
      </address>
    </facility>
  </location>
  <location>
    <facility>
      <name>Baptist Cancer Institute - Jacksonville</name>
      <address>
        <city>Jacksonville</city>
        <state>Florida</state>
        <zip>32207</zip>
        <country>United States</country>
      </address>
    </facility>
  </location>
  <location>
    <facility>
      <name>Saint Anthony's Hospital at Saint Anthony's Health Center</name>
      <address>
        <city>Alton</city>
        <state>Illinois</state>
        <zip>62002</zip>
        <country>United States</country>
      </address>
    </facility>
  </location>
  <location>
    <facility>
      <name>Good Samaritan Regional Health Center</name>
      <address>
        <city>Mt. Vernon</city>
        <state>Illinois</state>
        <zip>62864</zip>
        <country>United States</country>
      </address>
    </facility>
  </location>
  <location>
    <facility>
      <name>Siouxland Regional Cancer Center</name>
      <address>
        <city>Sioux City</city>
        <state>Iowa</state>
        <zip>51101-1733</zip>
        <country>United States</country>
      </address>
    </facility>
  </location>
  <location>
    <facility>
      <name>Siouxland Hematology-Oncology Associates</name>
      <address>
        <city>Sioux City</city>
        <state>Iowa</state>
        <zip>51101</zip>
        <country>United States</country>
      </address>
    </facility>
  </location>
  <location>
    <facility>
      <name>Mercy Medical Center - Sioux City</name>
      <address>
        <city>Sioux City</city>
        <state>Iowa</state>
        <zip>51104</zip>
        <country>United States</country>
      </address>
    </facility>
  </location>
  <location>
    <facility>
      <name>St. Luke's Regional Medical Center</name>
      <address>
        <city>Sioux City</city>
        <state>Iowa</state>
        <zip>51104</zip>
        <country>United States</country>
      </address>
    </facility>
  </location>
  <location>
    <facility>
      <name>Cancer Center of Kansas - Chanute</name>
      <address>
        <city>Chanute</city>
        <state>Kansas</state>
        <zip>66720</zip>
        <country>United States</country>
      </address>
    </facility>
  </location>
  <location>
    <facility>
      <name>Cancer Center of Kansas - Dodge City</name>
      <address>
        <city>Dodge City</city>
        <state>Kansas</state>
        <zip>67801</zip>
        <country>United States</country>
      </address>
    </facility>
  </location>
  <location>
    <facility>
      <name>Cancer Center of Kansas, P.A. - El Dorado</name>
      <address>
        <city>El Dorado</city>
        <state>Kansas</state>
        <zip>67042</zip>
        <country>United States</country>
      </address>
    </facility>
  </location>
  <location>
    <facility>
      <name>Veterans Affairs Medical Center - Kansas City</name>
      <address>
        <city>Kansas City</city>
        <state>Kansas</state>
        <zip>64128</zip>
        <country>United States</country>
      </address>
    </facility>
  </location>
  <location>
    <facility>
      <name>Cancer Center of Kansas - Kingman</name>
      <address>
        <city>Kingman</city>
        <state>Kansas</state>
        <zip>67068</zip>
        <country>United States</country>
      </address>
    </facility>
  </location>
  <location>
    <facility>
      <name>Southwest Medical Center</name>
      <address>
        <city>Liberal</city>
        <state>Kansas</state>
        <zip>67901</zip>
        <country>United States</country>
      </address>
    </facility>
  </location>
  <location>
    <facility>
      <name>Cancer Center of Kansas - Newton</name>
      <address>
        <city>Newton</city>
        <state>Kansas</state>
        <zip>67114</zip>
        <country>United States</country>
      </address>
    </facility>
  </location>
  <location>
    <facility>
      <name>Cancer Center of Kansas, P.A. - Parsons</name>
      <address>
        <city>Parsons</city>
        <state>Kansas</state>
        <zip>67357</zip>
        <country>United States</country>
      </address>
    </facility>
  </location>
  <location>
    <facility>
      <name>Pratt Cancer Center of Kansas</name>
      <address>
        <city>Pratt</city>
        <state>Kansas</state>
        <zip>67124</zip>
        <country>United States</country>
      </address>
    </facility>
  </location>
  <location>
    <facility>
      <name>Cancer Center of Kansas - Salina</name>
      <address>
        <city>Salina</city>
        <state>Kansas</state>
        <zip>67042</zip>
        <country>United States</country>
      </address>
    </facility>
  </location>
  <location>
    <facility>
      <name>Cancer Center of Kansas - Wellington</name>
      <address>
        <city>Wellington</city>
        <state>Kansas</state>
        <zip>67152</zip>
        <country>United States</country>
      </address>
    </facility>
  </location>
  <location>
    <facility>
      <name>Associates in Womens Health</name>
      <address>
        <city>Wichita</city>
        <state>Kansas</state>
        <zip>67203</zip>
        <country>United States</country>
      </address>
    </facility>
  </location>
  <location>
    <facility>
      <name>Cancer Center of Kansas, P.A.</name>
      <address>
        <city>Wichita</city>
        <state>Kansas</state>
        <zip>67208</zip>
        <country>United States</country>
      </address>
    </facility>
  </location>
  <location>
    <facility>
      <name>Cancer Center of Kansas, P.A. - Wichita</name>
      <address>
        <city>Wichita</city>
        <state>Kansas</state>
        <zip>67214</zip>
        <country>United States</country>
      </address>
    </facility>
  </location>
  <location>
    <facility>
      <name>CCOP - Wichita</name>
      <address>
        <city>Wichita</city>
        <state>Kansas</state>
        <zip>67214</zip>
        <country>United States</country>
      </address>
    </facility>
  </location>
  <location>
    <facility>
      <name>Via Christi Cancer Center at Via Christi Regional Medical Center</name>
      <address>
        <city>Wichita</city>
        <state>Kansas</state>
        <zip>67214</zip>
        <country>United States</country>
      </address>
    </facility>
  </location>
  <location>
    <facility>
      <name>Wesley Medical Center</name>
      <address>
        <city>Wichita</city>
        <state>Kansas</state>
        <zip>67214</zip>
        <country>United States</country>
      </address>
    </facility>
  </location>
  <location>
    <facility>
      <name>Cancer Center of Kansas - Winfield</name>
      <address>
        <city>Winfield</city>
        <state>Kansas</state>
        <zip>67156</zip>
        <country>United States</country>
      </address>
    </facility>
  </location>
  <location>
    <facility>
      <name>Beth Israel Deaconess Medical Center</name>
      <address>
        <city>Boston</city>
        <state>Massachusetts</state>
        <zip>02215</zip>
        <country>United States</country>
      </address>
    </facility>
  </location>
  <location>
    <facility>
      <name>University of Michigan Comprehensive Cancer Center</name>
      <address>
        <city>Ann Arbor</city>
        <state>Michigan</state>
        <zip>48109</zip>
        <country>United States</country>
      </address>
    </facility>
  </location>
  <location>
    <facility>
      <name>Battle Creek Health System Cancer Care Center</name>
      <address>
        <city>Battle Creek</city>
        <state>Michigan</state>
        <zip>49017</zip>
        <country>United States</country>
      </address>
    </facility>
  </location>
  <location>
    <facility>
      <name>Mecosta County General Hospital</name>
      <address>
        <city>Big Rapids</city>
        <state>Michigan</state>
        <zip>49307</zip>
        <country>United States</country>
      </address>
    </facility>
  </location>
  <location>
    <facility>
      <name>Barbara Ann Karmanos Cancer Institute</name>
      <address>
        <city>Detroit</city>
        <state>Michigan</state>
        <zip>48202</zip>
        <country>United States</country>
      </address>
    </facility>
  </location>
  <location>
    <facility>
      <name>CCOP - Grand Rapids</name>
      <address>
        <city>Grand Rapids</city>
        <state>Michigan</state>
        <zip>49503</zip>
        <country>United States</country>
      </address>
    </facility>
  </location>
  <location>
    <facility>
      <name>Lacks Cancer Center at Saint Mary's Mercy Medical Center</name>
      <address>
        <city>Grand Rapids</city>
        <state>Michigan</state>
        <zip>49503</zip>
        <country>United States</country>
      </address>
    </facility>
  </location>
  <location>
    <facility>
      <name>Spectrum Health Cancer Care - Butterworth Campus</name>
      <address>
        <city>Grand Rapids</city>
        <state>Michigan</state>
        <zip>49503</zip>
        <country>United States</country>
      </address>
    </facility>
  </location>
  <location>
    <facility>
      <name>Metropolitan Hospital</name>
      <address>
        <city>Grand Rapids</city>
        <state>Michigan</state>
        <zip>49506</zip>
        <country>United States</country>
      </address>
    </facility>
  </location>
  <location>
    <facility>
      <name>Holland Community Hospital</name>
      <address>
        <city>Holland</city>
        <state>Michigan</state>
        <zip>49423</zip>
        <country>United States</country>
      </address>
    </facility>
  </location>
  <location>
    <facility>
      <name>Borgess Medical Center</name>
      <address>
        <city>Kalamazooaa</city>
        <state>Michigan</state>
        <zip>49001</zip>
        <country>United States</country>
      </address>
    </facility>
  </location>
  <location>
    <facility>
      <name>Bronson Methodist Hospital</name>
      <address>
        <city>Kalamazoo</city>
        <state>Michigan</state>
        <zip>49007</zip>
        <country>United States</country>
      </address>
    </facility>
  </location>
  <location>
    <facility>
      <name>West Michigan Cancer Center</name>
      <address>
        <city>Kalamazoo</city>
        <state>Michigan</state>
        <zip>49007</zip>
        <country>United States</country>
      </address>
    </facility>
  </location>
  <location>
    <facility>
      <name>Hackley Hospital</name>
      <address>
        <city>Muskegon</city>
        <state>Michigan</state>
        <zip>49443</zip>
        <country>United States</country>
      </address>
    </facility>
  </location>
  <location>
    <facility>
      <name>Northern Michigan Hospital</name>
      <address>
        <city>Petoskey</city>
        <state>Michigan</state>
        <zip>49770</zip>
        <country>United States</country>
      </address>
    </facility>
  </location>
  <location>
    <facility>
      <name>William Beaumont Hospital - Royal Oak Campus</name>
      <address>
        <city>Royal Oak</city>
        <state>Michigan</state>
        <zip>48073</zip>
        <country>United States</country>
      </address>
    </facility>
  </location>
  <location>
    <facility>
      <name>Munson Medical Center</name>
      <address>
        <city>Traverse City</city>
        <state>Michigan</state>
        <zip>49684</zip>
        <country>United States</country>
      </address>
    </facility>
  </location>
  <location>
    <facility>
      <name>University of Mississippi Medical Center</name>
      <address>
        <city>Jackson</city>
        <state>Mississippi</state>
        <zip>39216</zip>
        <country>United States</country>
      </address>
    </facility>
  </location>
  <location>
    <facility>
      <name>St. Francis Medical Center</name>
      <address>
        <city>Cape Girardeau</city>
        <state>Missouri</state>
        <zip>63701</zip>
        <country>United States</country>
      </address>
    </facility>
  </location>
  <location>
    <facility>
      <name>Southeast Missouri Regional Cancer Center at Southeast Missouri Hospital</name>
      <address>
        <city>Gape Girardeau</city>
        <state>Missouri</state>
        <zip>63701</zip>
        <country>United States</country>
      </address>
    </facility>
  </location>
  <location>
    <facility>
      <name>CCOP - Kansas City</name>
      <address>
        <city>Kansas City</city>
        <state>Missouri</state>
        <zip>64131</zip>
        <country>United States</country>
      </address>
    </facility>
  </location>
  <location>
    <facility>
      <name>CCOP - St. Louis-Cape Girardeau</name>
      <address>
        <city>St. Louis</city>
        <state>Missouri</state>
        <zip>63141</zip>
        <country>United States</country>
      </address>
    </facility>
  </location>
  <location>
    <facility>
      <name>David C. Pratt Cancer Center at St. John's Mercy</name>
      <address>
        <city>St. Louis</city>
        <state>Missouri</state>
        <zip>63141</zip>
        <country>United States</country>
      </address>
    </facility>
  </location>
  <location>
    <facility>
      <name>CCOP - Montana Cancer Consortium</name>
      <address>
        <city>Billings</city>
        <state>Montana</state>
        <zip>59101</zip>
        <country>United States</country>
      </address>
    </facility>
  </location>
  <location>
    <facility>
      <name>Deaconess Billings Clinic - Downtown</name>
      <address>
        <city>Billings</city>
        <state>Montana</state>
        <zip>59101</zip>
        <country>United States</country>
      </address>
    </facility>
  </location>
  <location>
    <facility>
      <name>Hematology-Oncology Centers of the Northern Rockies - Billings</name>
      <address>
        <city>Billings</city>
        <state>Montana</state>
        <zip>59101</zip>
        <country>United States</country>
      </address>
    </facility>
  </location>
  <location>
    <facility>
      <name>Northern Rockies Radiation Oncology Center</name>
      <address>
        <city>Billings</city>
        <state>Montana</state>
        <zip>59101</zip>
        <country>United States</country>
      </address>
    </facility>
  </location>
  <location>
    <facility>
      <name>St. Vincent Healthcare</name>
      <address>
        <city>Billings</city>
        <state>Montana</state>
        <zip>59101</zip>
        <country>United States</country>
      </address>
    </facility>
  </location>
  <location>
    <facility>
      <name>Deaconess Billings Clinic Cancer Center</name>
      <address>
        <city>Billings</city>
        <state>Montana</state>
        <zip>59107</zip>
        <country>United States</country>
      </address>
    </facility>
  </location>
  <location>
    <facility>
      <name>Bozeman Deaconess Hospital</name>
      <address>
        <city>Bozeman</city>
        <state>Montana</state>
        <zip>59715</zip>
        <country>United States</country>
      </address>
    </facility>
  </location>
  <location>
    <facility>
      <name>Internal Medicine Associates of Bozeman</name>
      <address>
        <city>Bozeman</city>
        <state>Montana</state>
        <zip>59715</zip>
        <country>United States</country>
      </address>
    </facility>
  </location>
  <location>
    <facility>
      <name>St. James Community Hospital</name>
      <address>
        <city>Butte</city>
        <state>Montana</state>
        <zip>59701</zip>
        <country>United States</country>
      </address>
    </facility>
  </location>
  <location>
    <facility>
      <name>Big Sky Oncology</name>
      <address>
        <city>Great Falls</city>
        <state>Montana</state>
        <zip>59405</zip>
        <country>United States</country>
      </address>
    </facility>
  </location>
  <location>
    <facility>
      <name>Great Falls Clinic</name>
      <address>
        <city>Great Falls</city>
        <state>Montana</state>
        <zip>59405</zip>
        <country>United States</country>
      </address>
    </facility>
  </location>
  <location>
    <facility>
      <name>Sletten Regional Cancer Institute</name>
      <address>
        <city>Great Falls</city>
        <state>Montana</state>
        <zip>59405</zip>
        <country>United States</country>
      </address>
    </facility>
  </location>
  <location>
    <facility>
      <name>St. Peter's Hospital</name>
      <address>
        <city>Helena</city>
        <state>Montana</state>
        <zip>59601</zip>
        <country>United States</country>
      </address>
    </facility>
  </location>
  <location>
    <facility>
      <name>Glacier Oncology, PLLC</name>
      <address>
        <city>Kalispell</city>
        <state>Montana</state>
        <zip>59901</zip>
        <country>United States</country>
      </address>
    </facility>
  </location>
  <location>
    <facility>
      <name>Kalispell Medical Oncology</name>
      <address>
        <city>Kalispell</city>
        <state>Montana</state>
        <zip>59901</zip>
        <country>United States</country>
      </address>
    </facility>
  </location>
  <location>
    <facility>
      <name>Kalispell Regional Medical Center</name>
      <address>
        <city>Kalispell</city>
        <state>Montana</state>
        <zip>59901</zip>
        <country>United States</country>
      </address>
    </facility>
  </location>
  <location>
    <facility>
      <name>Eastern Montana Cancer Center</name>
      <address>
        <city>Miles City</city>
        <state>Montana</state>
        <zip>59301</zip>
        <country>United States</country>
      </address>
    </facility>
  </location>
  <location>
    <facility>
      <name>Community Medical Center</name>
      <address>
        <city>Missoula</city>
        <state>Montana</state>
        <zip>59801</zip>
        <country>United States</country>
      </address>
    </facility>
  </location>
  <location>
    <facility>
      <name>Montana Cancer Center at St. Patrick Hospital and Health Sciences Center</name>
      <address>
        <city>Missoula</city>
        <state>Montana</state>
        <zip>59802</zip>
        <country>United States</country>
      </address>
    </facility>
  </location>
  <location>
    <facility>
      <name>Montana Cancer Specialists at Montana Cancer Center</name>
      <address>
        <city>Missoula</city>
        <state>Montana</state>
        <zip>59802</zip>
        <country>United States</country>
      </address>
    </facility>
  </location>
  <location>
    <facility>
      <name>Hackensack University Medical Center</name>
      <address>
        <city>Hackensack</city>
        <state>New Jersey</state>
        <zip>07601</zip>
        <country>United States</country>
      </address>
    </facility>
  </location>
  <location>
    <facility>
      <name>Fox Chase Virtua Health Cancer Program - Marlton</name>
      <address>
        <city>Marlton</city>
        <state>New Jersey</state>
        <zip>08053</zip>
        <country>United States</country>
      </address>
    </facility>
  </location>
  <location>
    <facility>
      <name>Wayne Memorial Hospital, Incorporated</name>
      <address>
        <city>Goldsboro</city>
        <state>North Carolina</state>
        <zip>27534</zip>
        <country>United States</country>
      </address>
    </facility>
  </location>
  <location>
    <facility>
      <name>Aultman Hospital Cancer Center at Aultman Health Foundation</name>
      <address>
        <city>Canton</city>
        <state>Ohio</state>
        <zip>44710</zip>
        <country>United States</country>
      </address>
    </facility>
  </location>
  <location>
    <facility>
      <name>Adena Regional Medical Center</name>
      <address>
        <city>Chillicothe</city>
        <state>Ohio</state>
        <zip>54601</zip>
        <country>United States</country>
      </address>
    </facility>
  </location>
  <location>
    <facility>
      <name>Charles M. Barrett Cancer Center at University Hospital</name>
      <address>
        <city>Cincinnati</city>
        <state>Ohio</state>
        <zip>45267</zip>
        <country>United States</country>
      </address>
    </facility>
  </location>
  <location>
    <facility>
      <name>MetroHealth's Cancer Care Center at MetroHealth Medical Center</name>
      <address>
        <city>Cleveland</city>
        <state>Ohio</state>
        <zip>44109</zip>
        <country>United States</country>
      </address>
    </facility>
  </location>
  <location>
    <facility>
      <name>Riverside Methodist Hospital Cancer Care</name>
      <address>
        <city>Columbus</city>
        <state>Ohio</state>
        <zip>43214</zip>
        <country>United States</country>
      </address>
    </facility>
  </location>
  <location>
    <facility>
      <name>CCOP - Columbus</name>
      <address>
        <city>Columbus</city>
        <state>Ohio</state>
        <zip>43215</zip>
        <country>United States</country>
      </address>
    </facility>
  </location>
  <location>
    <facility>
      <name>Grant Riverside Cancer Services</name>
      <address>
        <city>Columbus</city>
        <state>Ohio</state>
        <zip>43215</zip>
        <country>United States</country>
      </address>
    </facility>
  </location>
  <location>
    <facility>
      <name>Mount Carmel West Hospital</name>
      <address>
        <city>Columbus</city>
        <state>Ohio</state>
        <zip>43222</zip>
        <country>United States</country>
      </address>
    </facility>
  </location>
  <location>
    <facility>
      <name>Doctors Hospital at Ohio Health</name>
      <address>
        <city>Columbus</city>
        <state>Ohio</state>
        <zip>43228</zip>
        <country>United States</country>
      </address>
    </facility>
  </location>
  <location>
    <facility>
      <name>Grady Memorial Hospital</name>
      <address>
        <city>Delaware</city>
        <state>Ohio</state>
        <zip>43015</zip>
        <country>United States</country>
      </address>
    </facility>
  </location>
  <location>
    <facility>
      <name>Fairfield Medical Center</name>
      <address>
        <city>Lancaster</city>
        <state>Ohio</state>
        <zip>43130</zip>
        <country>United States</country>
      </address>
    </facility>
  </location>
  <location>
    <facility>
      <name>St. Rita's Medical Center</name>
      <address>
        <city>Lima</city>
        <state>Ohio</state>
        <zip>45801</zip>
        <country>United States</country>
      </address>
    </facility>
  </location>
  <location>
    <facility>
      <name>Strecker Cancer Center at Marietta Memorial Hospital</name>
      <address>
        <city>Marietta</city>
        <state>Ohio</state>
        <zip>45750</zip>
        <country>United States</country>
      </address>
    </facility>
  </location>
  <location>
    <facility>
      <name>Licking Memorial Cancer Care Program at Licking Memorial Hospital</name>
      <address>
        <city>Newark</city>
        <state>Ohio</state>
        <zip>43055</zip>
        <country>United States</country>
      </address>
    </facility>
  </location>
  <location>
    <facility>
      <name>Mercy Medical Center Oncology Unit</name>
      <address>
        <city>Springfield</city>
        <state>Ohio</state>
        <zip>45504</zip>
        <country>United States</country>
      </address>
    </facility>
  </location>
  <location>
    <facility>
      <name>Community Hospital of Springfield and Clark County</name>
      <address>
        <city>Springfield</city>
        <state>Ohio</state>
        <zip>45505</zip>
        <country>United States</country>
      </address>
    </facility>
  </location>
  <location>
    <facility>
      <name>Mount Carmel Cancer Services at Mount Carmel St. Ann's Hospital</name>
      <address>
        <city>Westerville</city>
        <state>Ohio</state>
        <zip>43081</zip>
        <country>United States</country>
      </address>
    </facility>
  </location>
  <location>
    <facility>
      <name>Genesis - Good Samaritan Hospital</name>
      <address>
        <city>Zanesville</city>
        <state>Ohio</state>
        <zip>43701</zip>
        <country>United States</country>
      </address>
    </facility>
  </location>
  <location>
    <facility>
      <name>Cancer Institute at Oregon Health and Science University</name>
      <address>
        <city>Portland</city>
        <state>Oregon</state>
        <zip>97239</zip>
        <country>United States</country>
      </address>
    </facility>
  </location>
  <location>
    <facility>
      <name>St. Luke's Hospital Cancer Center</name>
      <address>
        <city>Bethlehem</city>
        <state>Pennsylvania</state>
        <zip>18015</zip>
        <country>United States</country>
      </address>
    </facility>
  </location>
  <location>
    <facility>
      <name>Sioux Valley Hospital and University of South Dakota Medical Center</name>
      <address>
        <city>Sioux Falls</city>
        <state>South Dakota</state>
        <zip>57104</zip>
        <country>United States</country>
      </address>
    </facility>
  </location>
  <location>
    <facility>
      <name>Avera McKennan Hospital and University Health Center</name>
      <address>
        <city>Sioux Falls</city>
        <state>South Dakota</state>
        <zip>57105</zip>
        <country>United States</country>
      </address>
    </facility>
  </location>
  <location>
    <facility>
      <name>Medical X-Ray Center</name>
      <address>
        <city>Sioux Falls</city>
        <state>South Dakota</state>
        <zip>57105</zip>
        <country>United States</country>
      </address>
    </facility>
  </location>
  <location>
    <facility>
      <name>Harrington Cancer Center</name>
      <address>
        <city>Amarillo</city>
        <state>Texas</state>
        <zip>79106</zip>
        <country>United States</country>
      </address>
    </facility>
  </location>
  <location>
    <facility>
      <name>American Fork Hospital</name>
      <address>
        <city>American Fork</city>
        <state>Utah</state>
        <zip>84003</zip>
        <country>United States</country>
      </address>
    </facility>
  </location>
  <location>
    <facility>
      <name>Logan Regional Hospital</name>
      <address>
        <city>Logan</city>
        <state>Utah</state>
        <zip>84321</zip>
        <country>United States</country>
      </address>
    </facility>
  </location>
  <location>
    <facility>
      <name>Cottonwood Hospital Medical Center</name>
      <address>
        <city>Murray</city>
        <state>Utah</state>
        <zip>84107</zip>
        <country>United States</country>
      </address>
    </facility>
  </location>
  <location>
    <facility>
      <name>McKay-Dee Hospital Center</name>
      <address>
        <city>Ogden</city>
        <state>Utah</state>
        <zip>84403</zip>
        <country>United States</country>
      </address>
    </facility>
  </location>
  <location>
    <facility>
      <name>Utah Valley Regional Medical Center - Provo</name>
      <address>
        <city>Provo</city>
        <state>Utah</state>
        <zip>84603</zip>
        <country>United States</country>
      </address>
    </facility>
  </location>
  <location>
    <facility>
      <name>Utah Cancer Specialists at UCS Cancer Center</name>
      <address>
        <city>Salt Lake City</city>
        <state>Utah</state>
        <zip>84106</zip>
        <country>United States</country>
      </address>
    </facility>
  </location>
  <location>
    <facility>
      <name>LDS Hospital</name>
      <address>
        <city>Salt Lake City</city>
        <state>Utah</state>
        <zip>84143</zip>
        <country>United States</country>
      </address>
    </facility>
  </location>
  <location>
    <facility>
      <name>Dixie Regional Medical Center</name>
      <address>
        <city>St. George</city>
        <state>Utah</state>
        <zip>84770</zip>
        <country>United States</country>
      </address>
    </facility>
  </location>
  <location>
    <facility>
      <name>St. Joseph Hospital Community Cancer Center</name>
      <address>
        <city>Bellingham</city>
        <state>Washington</state>
        <zip>98225</zip>
        <country>United States</country>
      </address>
    </facility>
  </location>
  <location>
    <facility>
      <name>Olympic Hematology and Oncology</name>
      <address>
        <city>Bremerton</city>
        <state>Washington</state>
        <zip>98310</zip>
        <country>United States</country>
      </address>
    </facility>
  </location>
  <location>
    <facility>
      <name>Skagit Valley Hospital Cancer Care Center</name>
      <address>
        <city>Mt. Vernon</city>
        <state>Washington</state>
        <zip>98273</zip>
        <country>United States</country>
      </address>
    </facility>
  </location>
  <location>
    <facility>
      <name>Fred Hutchinson Cancer Research Center</name>
      <address>
        <city>Seattle</city>
        <state>Washington</state>
        <zip>98104</zip>
        <country>United States</country>
      </address>
    </facility>
  </location>
  <location>
    <facility>
      <name>Group Health Central Hospital</name>
      <address>
        <city>Seattle</city>
        <state>Washington</state>
        <zip>98104</zip>
        <country>United States</country>
      </address>
    </facility>
  </location>
  <location>
    <facility>
      <name>Harborview Medical Center</name>
      <address>
        <city>Seattle</city>
        <state>Washington</state>
        <zip>98104</zip>
        <country>United States</country>
      </address>
    </facility>
  </location>
  <location>
    <facility>
      <name>Swedish Cancer Institute at Swedish Medical Center - First Hill Campus</name>
      <address>
        <city>Seattle</city>
        <state>Washington</state>
        <zip>98114</zip>
        <country>United States</country>
      </address>
    </facility>
  </location>
  <location>
    <facility>
      <name>University Cancer Center at University of Washington Medical Center</name>
      <address>
        <city>Seattle</city>
        <state>Washington</state>
        <zip>98195</zip>
        <country>United States</country>
      </address>
    </facility>
  </location>
  <location>
    <facility>
      <name>North Puget Oncology at United General Hospital</name>
      <address>
        <city>Sedro-Wooley</city>
        <state>Washington</state>
        <zip>98284</zip>
        <country>United States</country>
      </address>
    </facility>
  </location>
  <location>
    <facility>
      <name>Cancer Care Northwest - Spokane South</name>
      <address>
        <city>Spokane</city>
        <state>Washington</state>
        <zip>99202</zip>
        <country>United States</country>
      </address>
    </facility>
  </location>
  <location>
    <facility>
      <name>Central Washington Hospital</name>
      <address>
        <city>Wenatchee</city>
        <state>Washington</state>
        <zip>98801</zip>
        <country>United States</country>
      </address>
    </facility>
  </location>
  <location>
    <facility>
      <name>Wenatchee Valley Clinic</name>
      <address>
        <city>Wenatchee</city>
        <state>Washington</state>
        <zip>98801</zip>
        <country>United States</country>
      </address>
    </facility>
  </location>
  <location>
    <facility>
      <name>Gundersen Lutheran Cancer Center at Gundersen Lutheran Medical Center</name>
      <address>
        <city>La Crosse</city>
        <state>Wisconsin</state>
        <zip>54601</zip>
        <country>United States</country>
      </address>
    </facility>
  </location>
  <location>
    <facility>
      <name>Welch Cancer Center</name>
      <address>
        <city>Sheridan</city>
        <state>Wyoming</state>
        <zip>82801</zip>
        <country>United States</country>
      </address>
    </facility>
  </location>
  <location_countries>
    <country>United States</country>
  </location_countries>
  <results_reference>
    <citation>Sondak VK, Liu PY, Warneke J, et al.: Surgical resection for stage IV melanoma: a Southwest Oncology Group trial (S9430). [Abstract] J Clin Oncol 24 (Suppl 18): A-8019, 457s, 2006.</citation>
  </results_reference>
  <verification_date>January 2012</verification_date>
  <study_first_submitted>November 1, 1999</study_first_submitted>
  <study_first_submitted_qc>January 26, 2003</study_first_submitted_qc>
  <study_first_posted type="Estimate">January 27, 2003</study_first_posted>
  <last_update_submitted>January 11, 2012</last_update_submitted>
  <last_update_submitted_qc>January 11, 2012</last_update_submitted_qc>
  <last_update_posted type="Estimate">January 13, 2012</last_update_posted>
  <responsible_party>
    <responsible_party_type>Sponsor</responsible_party_type>
  </responsible_party>
  <keyword>stage IV melanoma</keyword>
  <keyword>recurrent melanoma</keyword>
  <condition_browse>
    <!-- CAUTION:  The following MeSH terms are assigned with an imperfect algorithm            -->
    <mesh_term>Melanoma</mesh_term>
  </condition_browse>
  <!-- Results have not yet been posted for this study                                          -->
</clinical_study>

