<?xml version="1.0" encoding="UTF-8"?>
<clinical_study rank="260">
  <!-- This xml conforms to an XML Schema at:
    https://clinicaltrials.gov/ct2/html/images/info/public.xsd -->
  <required_header>
    <download_date>ClinicalTrials.gov processed this data on February 06, 2024</download_date>
    <link_text>Link to the current ClinicalTrials.gov record.</link_text>
    <url>https://clinicaltrials.gov/ct2/show/NCT06236360</url>
  </required_header>
  <id_info>
    <org_study_id>8.1-23/262-6</org_study_id>
    <nct_id>NCT06236360</nct_id>
  </id_info>
  <brief_title>Metastatic Melanoma Patients on Immunotherapy With Nutritive Intervention Based on Mediterranean Diet</brief_title>
  <acronym>MINI-MD</acronym>
  <official_title>The Effect of Individualized Nutritive Intervention Based on the Mediterranean Diet on the Changes in the Gut Microbiome, Quality of Life, and Radiological and Biochemical Response to Immunotherapy in Metastatic Melanoma Patients</official_title>
  <sponsors>
    <lead_sponsor>
      <agency>University Hospital Rijeka</agency>
      <agency_class>Other</agency_class>
    </lead_sponsor>
  </sponsors>
  <source>University Hospital Rijeka</source>
  <oversight_info>
    <has_dmc>No</has_dmc>
    <is_fda_regulated_drug>No</is_fda_regulated_drug>
    <is_fda_regulated_device>No</is_fda_regulated_device>
  </oversight_info>
  <brief_summary>
    <textblock>
      This research will study the effect of Mediterranean diet intervention in patients undergoing&#xD;
      immunotherapy treatment for metastatic melanoma and its relationship with gut microbiome and&#xD;
      quality of life. One group of patients will continue with their regular diet, while the other&#xD;
      will receive dietary tele-intervention with trained nutritionist during the 12-week period.&#xD;
      Gut microbiome, quality of life questionnaires, blood parameters and radiological examination&#xD;
      will be evaluated before and 12-weeks after the start of the intervention.&#xD;
    </textblock>
  </brief_summary>
  <detailed_description>
    <textblock>
      Metastatic melanoma is a malignant tumor of melanocyte origin that has spread to other&#xD;
      organs. The basis of treatment is systemic therapy, most commonly anti-programmed death-1&#xD;
      (PD-1) and anti- cytotoxic T-lymphocyte-associated protein 4 (CTLA- 4) immunotherapy,&#xD;
      although for some patients, thyrosine kinase inhibition is also a treatment option. Survival&#xD;
      of metastatic melanoma patients has been significantly extended over the last decade, and the&#xD;
      use of immunotherapy has led to a median overall survival of 72 months and a response rate of&#xD;
      up to 60%. However, not all cancer patients respond equally to immunotherapy, and the&#xD;
      variation in response may be attributed to the individual's microbiome, which is heavily&#xD;
      influenced by dietary habits. Over 2/3 of patients will progress during the 6.5 years of&#xD;
      follow-up and currently there is a limited number prognostic and predictive parameters to&#xD;
      assess the response to immunotherapy. However, understanding and manipulating the microbiome&#xD;
      through dietary interventions offers a potential avenue for enhancing immunotherapy outcomes&#xD;
      in cancer patients and, consequently, may serve as a complementary therapeutic strategy. Due&#xD;
      to previous data, as well as investigators' previous publication on the importance of gut&#xD;
      microbiome as a co-denominator for immunotherapy response, and aiming towards constructing a&#xD;
      protocol on dietary intervention for enhancing immunotherapy response in metastatic melanoma&#xD;
      patients, the investigators evaluated a systematic search for the data showing association&#xD;
      with an improved immunotherapy response.&#xD;
&#xD;
      A diet with moderately elevated sodium use (2.3-4 g daily), diet rich in fiber (20-25 g&#xD;
      daily), fruits and vegetables (≥5 servings daily), vitamin D, 23 omega-3 fatty acids and&#xD;
      whole grains (≥3 servings daily) has been associated with a more diverse and beneficial&#xD;
      microbiome, which in turn promotes the production of short-chain fatty acids (SCFA). All the&#xD;
      listed foods belong to the Mediterranean diet (MD), which is based on fresh fruits and&#xD;
      vegetables, legumes, olive oil, and unrefined fiber. MD also includes a lower intake of meat,&#xD;
      eggs, processed foods, sugars, and saturated fatty acids, which may all lead to a less&#xD;
      diverse and potentially less favorable microbiome and health outcomes. Various clinical&#xD;
      studies already demonstrated the beneficial effect of MD in non-oncology patients. As for&#xD;
      oncology patients, the benefit of the MD in reducing the incidence of cancer has been known&#xD;
      for many years, especially for breast cancer patients. Furthermore, a published cohort study&#xD;
      with 52 patients receiving immune checkpoint blockade (ICB) treatment for various solid&#xD;
      tumors revealed that higher fecal SCFA concentrations were associated with longer&#xD;
      progression-free survival. Another cohort study comprising patients with advanced melanoma in&#xD;
      the UK and the Netherlands, demonstrated that a stronger adherence to the MD principles was&#xD;
      linked to a higher likelihood of responding positively to ICB treatment. However, there is a&#xD;
      scarcity of randomized trials evaluating the effect of the nutritional intervention based on&#xD;
      the MD in cancer patients undergoing treatment. As far as the investigators are aware, there&#xD;
      are no current clinical trials applying a nutritional intervention based on the MD in&#xD;
      patients with metastatic melanoma; however, there is an ongoing randomized DIET study -&#xD;
      NCT04645680 (with expected ending in 2024), aiming to evaluate effectiveness of&#xD;
      fiber-enriched diet within the melanoma setting. The potential effect of the MD based&#xD;
      nutritional intervention could result in a greater benefit compared to trials focusing only&#xD;
      on one nutrient. Considering the issues learned from COVID-19 pandemic, the main goal of the&#xD;
      trial is to determine the effectiveness and applicability of a remote personalized&#xD;
      nutritional intervention based on the MD to increase the intake of micronutrients (flavones,&#xD;
      anthocyanins, omega-3 fatty acids, vitamin D and fiber) previously associated with a positive&#xD;
      response to immunotherapy.&#xD;
    </textblock>
  </detailed_description>
  <overall_status>Recruiting</overall_status>
  <start_date type="Actual">December 21, 2023</start_date>
  <completion_date type="Anticipated">December 1, 2025</completion_date>
  <primary_completion_date type="Anticipated">December 1, 2024</primary_completion_date>
  <phase>N/A</phase>
  <study_type>Interventional</study_type>
  <has_expanded_access>No</has_expanded_access>
  <study_design_info>
    <allocation>Randomized</allocation>
    <intervention_model>Parallel Assignment</intervention_model>
    <primary_purpose>Supportive Care</primary_purpose>
    <masking>Triple (Care Provider, Investigator, Outcomes Assessor)</masking>
    <masking_description>Investigators/care providers will be masked, while investigators performing nutritional interventions will not.</masking_description>
  </study_design_info>
  <primary_outcome>
    <measure>Change in the level of ingested flavones</measure>
    <time_frame>From enrollment to the end of treatment at 12 weeks</time_frame>
    <description>To evaluate the effectiveness and applicability of a tele-individualized nutritional intervention based on the Mediterranean diet (INIMP) to increase the intake of micronutrients (flavones)</description>
  </primary_outcome>
  <primary_outcome>
    <measure>Change in the level of ingested anthocyanins</measure>
    <time_frame>From enrollment to the end of treatment at 12 weeks</time_frame>
    <description>To evaluate the effectiveness and applicability of a tele-individualized nutritional intervention based on the Mediterranean diet (INIMP) to increase the intake of micronutrients (anthocyanin)</description>
  </primary_outcome>
  <primary_outcome>
    <measure>Change in the level of ingested omega-3 fatty acids</measure>
    <time_frame>From enrollment to the end of treatment at 12 weeks</time_frame>
    <description>To evaluate the effectiveness and applicability of a tele-individualized nutritional intervention based on the Mediterranean diet (INIMP) to increase the intake of micronutrients (omega-3 fatty acids)</description>
  </primary_outcome>
  <primary_outcome>
    <measure>Change in the level of ingested vitamin D</measure>
    <time_frame>From enrollment to the end of treatment at 12 weeks</time_frame>
    <description>To evaluate the effectiveness and applicability of a tele-individualized nutritional intervention based on the Mediterranean diet (INIMP) to increase the intake of micronutrients (vitamin D)</description>
  </primary_outcome>
  <primary_outcome>
    <measure>Change in the level of ingested fibre</measure>
    <time_frame>From enrollment to the end of treatment at 12 weeks</time_frame>
    <description>To evaluate the effectiveness and applicability of a tele-individualized nutritional intervention based on the Mediterranean diet (INIMP) to increase the intake of micronutrients (fibre)</description>
  </primary_outcome>
  <secondary_outcome>
    <measure>A change in radiological response rate (PET/CT or CT)</measure>
    <time_frame>From enrollment to the end of treatment at 12 weeks</time_frame>
    <description>Assess the impact of INIMP on the radiological response rate (PET/CT or CT)</description>
  </secondary_outcome>
  <secondary_outcome>
    <measure>A change in gut microbiome strains associated with an improved response to immunotherapy</measure>
    <time_frame>From enrollment to the end of treatment at 12 weeks</time_frame>
    <description>Assess the impact of INIMP on changes in the microbiome</description>
  </secondary_outcome>
  <secondary_outcome>
    <measure>A change in the quality of life assessed by EORTC QLQ C15-PAL</measure>
    <time_frame>From enrollment to the end of treatment at 12 weeks</time_frame>
    <description>Assess the impact of INIMP on the quality of life measured by European Organization for Research and Treatment of Cancer Quality of Life Questionnaire Core 15 Palliative scores (EORTC QLQ-C15-PAL), which is a 'core questionnaire' for palliative care, measuring symptom burden and quality of life</description>
  </secondary_outcome>
  <secondary_outcome>
    <measure>A change of biochemical biomarkers of melanoma (S100 and LDH)</measure>
    <time_frame>From enrollment to the end of treatment at 12 weeks</time_frame>
    <description>Assess the impact of INIMP on biochemical biomarkers of melanoma (S100 and LDH)</description>
  </secondary_outcome>
  <other_outcome>
    <measure>A change of concentration of microbiome associated with a good immune response</measure>
    <time_frame>From enrollment to the end of treatment at 12 weeks</time_frame>
    <description>evaluate the connection between changes in the intake of micronutrients and the microbiome</description>
  </other_outcome>
  <other_outcome>
    <measure>A correlation between microbiome associated with a good immune response and response</measure>
    <time_frame>From enrollment to the end of treatment at 12 weeks</time_frame>
    <description>To evaluate the association of the basic microbiome and the rate of biochemical and radiological response</description>
  </other_outcome>
  <other_outcome>
    <measure>A correlation between microbiome associated with a good immune response and less adverse effects</measure>
    <time_frame>From enrollment to the end of treatment at 12 weeks</time_frame>
    <description>To assess the association between the basic microbiome and the rate of immunotherapy side effects</description>
  </other_outcome>
  <number_of_arms>2</number_of_arms>
  <enrollment type="Anticipated">30</enrollment>
  <condition>Melanoma Stage Iv</condition>
  <condition>Metastatic Melanoma</condition>
  <arm_group>
    <arm_group_label>Mediterranean diet intervention</arm_group_label>
    <arm_group_type>Experimental</arm_group_type>
    <description>The intervention study will involve scheduled communications (via phone, video call, and/or email) with a trained nutritionist based on protocol-determined parameters and recommendations, organized weekly in the first month, every other week in the second month, and once a month in the third month. Each patient will receive general guidance and information about the MD. Additionally, a personalized nutritional plan based on the MD will be prepared for each patient, considering their initial dietary habits, preferences, food accessibility, and financial constraints. Throughout the 12-week period, patients will be motivated to adhere to the prescribed dietary regimen.</description>
  </arm_group>
  <arm_group>
    <arm_group_label>Continuing with previous diet</arm_group_label>
    <arm_group_type>No Intervention</arm_group_type>
    <description>The control group will continue with their usual/current diet, with the exception of supplementation of those in whom low serum vitamin D level (in accordance with current medical recommendations)</description>
  </arm_group>
  <intervention>
    <intervention_type>Behavioral</intervention_type>
    <intervention_name>Mediterranean Diet Intervention</intervention_name>
    <description>The primary goal is to evaluate whether tele-intervention can elevate the level of flavonoids, anthocyanins, proteins, omega-3 fatty acids, short fatty acids, fruits and vegetables, and fibers (all previously associated with a better response to immunotherapy) and limit foods with added sugars.</description>
    <arm_group_label>Mediterranean diet intervention</arm_group_label>
  </intervention>
  <eligibility>
    <criteria>
      <textblock>
        Inclusion Criteria:&#xD;
&#xD;
          -  age ≥18 years&#xD;
&#xD;
          -  pathophysiologically confirmed cutaneous melanoma stage IV or inoperable stage IIIC,&#xD;
&#xD;
          -  radiologically measurable disease on computerized tomography (CT) or positron emission&#xD;
             tomography (PET)/CT,&#xD;
&#xD;
          -  The multidisciplinary team recommended initiation of treatment with dual immunotherapy&#xD;
             with anti-PD-1 + anti-CTLA4 immunotherapy&#xD;
&#xD;
          -  written informed consent prior to participation&#xD;
&#xD;
          -  willingness to monitor and adjust the dietary regimen if necessary&#xD;
&#xD;
          -  Eastern Cooperative Oncology Group (ECOG) status 0-1.&#xD;
&#xD;
        Exclusion Criteria:&#xD;
&#xD;
          -  lifetime history of psychiatric disorders&#xD;
&#xD;
          -  active brain metastases&#xD;
&#xD;
          -  active autoimmune disease&#xD;
&#xD;
          -  systemic use of equal or more than 10 mg of prednisone or an appropriate&#xD;
             corticosteroid equivalent during screening&#xD;
&#xD;
          -  exposure to antibiotics and probiotics or other supplements that can affect the study&#xD;
             outcome during screening within the last 3 weeks,&#xD;
&#xD;
          -  uncontrolled diabetes&#xD;
&#xD;
          -  history of clinically significant drug or alcohol abuse within the last 6 months&#xD;
&#xD;
          -  specific dietary habits that are not inclined or able to change or the existence of&#xD;
             food allergy or intolerance to certain food&#xD;
&#xD;
          -  inability or refusal to participate in all research procedures&#xD;
      </textblock>
    </criteria>
    <gender>All</gender>
    <minimum_age>18 Years</minimum_age>
    <maximum_age>N/A</maximum_age>
    <healthy_volunteers>No</healthy_volunteers>
  </eligibility>
  <overall_official>
    <last_name>Davorin Herceg, MD, PhD</last_name>
    <role>Principal Investigator</role>
    <affiliation>CHC Zagreb</affiliation>
  </overall_official>
  <overall_contact>
    <last_name>Marin Golčić, MD, PhD</last_name>
    <phone>385-658-431</phone>
    <email>marin.golcic@gmail.com</email>
  </overall_contact>
  <overall_contact_backup>
    <last_name>Luka Simetić, MD</last_name>
    <phone>385-0124-20005</phone>
    <email>luka.doc@gmail.com</email>
  </overall_contact_backup>
  <location>
    <facility>
      <name>University Hospital Zagreb-Rebro</name>
      <address>
        <city>Zagreb</city>
        <state>Grad Zagreb</state>
        <zip>10000</zip>
        <country>Croatia</country>
      </address>
    </facility>
    <status>Recruiting</status>
    <contact>
      <last_name>Luka Simetić, MD</last_name>
      <phone>0919117494</phone>
      <email>luka.doc@gmail.com</email>
    </contact>
    <investigator>
      <last_name>Luka Simetić, MD</last_name>
      <role>Principal Investigator</role>
    </investigator>
  </location>
  <location_countries>
    <country>Croatia</country>
  </location_countries>
  <verification_date>January 2024</verification_date>
  <study_first_submitted>December 21, 2023</study_first_submitted>
  <study_first_submitted_qc>January 23, 2024</study_first_submitted_qc>
  <study_first_posted type="Actual">February 1, 2024</study_first_posted>
  <last_update_submitted>January 23, 2024</last_update_submitted>
  <last_update_submitted_qc>January 23, 2024</last_update_submitted_qc>
  <last_update_posted type="Actual">February 1, 2024</last_update_posted>
  <responsible_party>
    <responsible_party_type>Principal Investigator</responsible_party_type>
    <investigator_affiliation>University Hospital Rijeka</investigator_affiliation>
    <investigator_full_name>Marin Golčić</investigator_full_name>
    <investigator_title>Deputy lead investigator</investigator_title>
  </responsible_party>
  <keyword>melanoma</keyword>
  <keyword>immunotherapy</keyword>
  <keyword>metastasis</keyword>
  <keyword>mediterranean diet</keyword>
  <condition_browse>
    <!-- CAUTION:  The following MeSH terms are assigned with an imperfect algorithm            -->
    <mesh_term>Melanoma</mesh_term>
  </condition_browse>
  <patient_data>
    <sharing_ipd>Yes</sharing_ipd>
    <ipd_description>Anonymous data regarding the basic information and microbiome.</ipd_description>
    <ipd_info_type>Study Protocol</ipd_info_type>
    <ipd_info_type>Statistical Analysis Plan (SAP)</ipd_info_type>
    <ipd_time_frame>after 3 months from study termination up to 12 months later</ipd_time_frame>
    <ipd_access_criteria>Following an official claim and review by a local Ethics Committee</ipd_access_criteria>
  </patient_data>
  <!-- Results have not yet been posted for this study                                          -->
</clinical_study>

