<?xml version="1.0" encoding="UTF-8"?>
<clinical_study rank="295">
  <!-- This xml conforms to an XML Schema at:
    https://clinicaltrials.gov/ct2/html/images/info/public.xsd -->
  <required_header>
    <download_date>ClinicalTrials.gov processed this data on February 06, 2024</download_date>
    <link_text>Link to the current ClinicalTrials.gov record.</link_text>
    <url>https://clinicaltrials.gov/ct2/show/NCT05899465</url>
  </required_header>
  <id_info>
    <org_study_id>PRIME</org_study_id>
    <nct_id>NCT05899465</nct_id>
  </id_info>
  <brief_title>Perioperative Treatment With Tranexamic Acid in Melanoma</brief_title>
  <acronym>PRIME</acronym>
  <official_title>Perioperative Treatment With Tranexamic Acid in Melanoma; Prognostic and Treatment-related Impact of the Plasminogen-plasmin Pathway</official_title>
  <sponsors>
    <lead_sponsor>
      <agency>University of Aarhus</agency>
      <agency_class>Other</agency_class>
    </lead_sponsor>
    <collaborator>
      <agency>Aarhus University Hospital</agency>
      <agency_class>Other</agency_class>
    </collaborator>
    <collaborator>
      <agency>Central Denmark Region</agency>
      <agency_class>Other</agency_class>
    </collaborator>
  </sponsors>
  <source>University of Aarhus</source>
  <oversight_info>
    <has_dmc>Yes</has_dmc>
    <is_fda_regulated_drug>No</is_fda_regulated_drug>
    <is_fda_regulated_device>No</is_fda_regulated_device>
    <is_us_export>No</is_us_export>
  </oversight_info>
  <brief_summary>
    <textblock>
      Surgery is a key element in the treatment of melanoma, and naturally linked with an&#xD;
      inflammatory response and recruitment of innate immune cells. Although surgery has a&#xD;
      favorable intent, surgery-induced inflammation, neutrophils in particular, may accelerate&#xD;
      growth of local and systemic micrometastases. Thus, improving cancer surgery and modulating&#xD;
      the wound microenvironment in ways that benefit the patients is crucial.&#xD;
&#xD;
      Repurposing already approved drugs in a cancer setting has gained increasing interest in&#xD;
      recent years. Interestingly, tranexamic acid was recently suggested as an anti-cancer drug,&#xD;
      capable of reducing tumor growth in experimental animal models and reducing the viability of&#xD;
      different melanoma cell lines.&#xD;
&#xD;
      As a novel approach, sponsor and investigators will conduct a Randomised Clinical Trial,&#xD;
      using perioperative treatment with Tranexamic Acid, aiming to prevent the early relapses for&#xD;
      patients with melanoma.&#xD;
    </textblock>
  </brief_summary>
  <detailed_description>
    <textblock>
      The objective of the proposed clinical trial is to test if perioperative treatment with&#xD;
      tranexamic acid (TXA) reduces the early relapses and postoperative complications for patients&#xD;
      with melanoma and evaluate perioperative inflammation and the prognostic- and&#xD;
      treatment-related impact of the plasminogen-plasmin pathway from human blood- and tissue&#xD;
      samples.&#xD;
&#xD;
      Primary aim:&#xD;
&#xD;
      To test if perioperative treatment with TXA is superior to placebo and reduces the early&#xD;
      relapse rates, from 37% to 26%, for patients diagnosed with melanoma undergoing sentinel&#xD;
      lymph node biopsy surgery.&#xD;
&#xD;
      Secondary aims:&#xD;
&#xD;
        1. Evaluate safety and tolerability: defined as mild (abdominal pain, diarrhea, or nausea)&#xD;
           or severe (thromboembolic events) adverse effects.&#xD;
&#xD;
        2. Evaluate postoperative complications: defined as bleeding, seroma formation, and&#xD;
           infections within the first three postoperative months.&#xD;
&#xD;
        3. Estimate melanoma-specific survival probabilities and compare the two treatment groups.&#xD;
&#xD;
      Explorative:&#xD;
&#xD;
      From blood- and tissue samples, baseline and perioperative changes of factors associated with&#xD;
      inflammation, fibrinolysis, metabolism, immune cell composition, and activation status will&#xD;
      be monitored and factors will be associated with prognostic and treatment-related outcomes.&#xD;
    </textblock>
  </detailed_description>
  <overall_status>Recruiting</overall_status>
  <start_date type="Actual">August 25, 2023</start_date>
  <completion_date type="Anticipated">September 1, 2028</completion_date>
  <primary_completion_date type="Anticipated">September 1, 2026</primary_completion_date>
  <phase>Phase 3</phase>
  <study_type>Interventional</study_type>
  <has_expanded_access>No</has_expanded_access>
  <study_design_info>
    <allocation>Randomized</allocation>
    <intervention_model>Parallel Assignment</intervention_model>
    <intervention_model_description>Parallel, two-arm, randomized, blinded Danish multi-center trial</intervention_model_description>
    <primary_purpose>Prevention</primary_purpose>
    <masking>Quadruple (Participant, Care Provider, Investigator, Outcomes Assessor)</masking>
    <masking_description>Participants, care providers, investigators/outcome assessors are all blinded to the intervention. Selected trained personnel who does not treat or assess the participants will be unblinded to prepare the intervention for administration and deliver the intervention to blinded personnel for administration.</masking_description>
  </study_design_info>
  <primary_outcome>
    <measure>Difference in rate of relapse within two years when comparing treatment arms</measure>
    <time_frame>2 year follow-up</time_frame>
    <description>Histopathological confirmed relapse, defined as either local, regional (in transit or lymph node) or systemic relapses. Systemic metastases suspected on PET / CT/ MR will be used if a biopsy is not possible. Based on the primary endpoint, we will calculate the relapse risk proportions for each treatment arm as a binary outcome.&#xD;
The date of relapse or completed follow-up is noted and the relapse-free period is defined as the date of wide local excision and sentinel lymph node biopsy until the date of either the first confirmed relapse or the date of completed two-year follow-up without relapse.</description>
  </primary_outcome>
  <secondary_outcome>
    <measure>Incidence of treatment-related adverse events</measure>
    <time_frame>6 months follow-up</time_frame>
    <description>Adverse events summarised according to grade:&#xD;
Mild: defined as the patient's report of abdominal pain, diarrhea, or nausea. Severe: thromboembolic events, verified radiologically.</description>
  </secondary_outcome>
  <secondary_outcome>
    <measure>Assessment of incidens of postoperative complications</measure>
    <time_frame>3 months follow-up</time_frame>
    <description>Postoperative complications, summarised according to the type and postoperative timepoint, is defined as binary outcomes:&#xD;
Bleeding: defined as a drained or surgically removed hematoma or suggillation of blood to the skin around the operated area, occurring within the first 10 days post-surgery.&#xD;
Seroma: drained seroma, during the period from end of surgery through 3 months post-surgery.&#xD;
Infection: local wound infection, treated with antibiotics or surgical intervention, during the period from end of surgery through 3 months post-surgery.</description>
  </secondary_outcome>
  <secondary_outcome>
    <measure>Melanoma-specific survival</measure>
    <time_frame>2 year follow-up</time_frame>
    <description>Time to event estimates:&#xD;
Defined as the period from the date of surgery (wide local excision and sentinel lymph node biopsy) to the date of death from suspected systemic melanoma (histopathologically confirmed relapse or systemic metastases suspected on PET / CT / MR) or the date of completed 2 years follow-up.</description>
  </secondary_outcome>
  <secondary_outcome>
    <measure>Overall survival</measure>
    <time_frame>2 year follow-up</time_frame>
    <description>Time to event estimates:&#xD;
Defined as the period from the date of surgery (re-excision and sentinel node) to the date of death from all causes or the date of finalised 2 years follow-up.</description>
  </secondary_outcome>
  <secondary_outcome>
    <measure>Relapse free survival</measure>
    <time_frame>2 year follow-up</time_frame>
    <description>Time to event estimates:&#xD;
Defined as the period from the date of surgery (re-excision and sentinel node) to the date of histopathologically confirmed relapse (local, regional or systemic), death from all causes or the data or completed 2 years follow-up.</description>
  </secondary_outcome>
  <number_of_arms>2</number_of_arms>
  <enrollment type="Anticipated">1204</enrollment>
  <condition>Melanoma</condition>
  <arm_group>
    <arm_group_label>Tranexamic Acid</arm_group_label>
    <arm_group_type>Experimental</arm_group_type>
    <description>A single dose of TXA (15 mg/kg) administered intravenously 30 min (+/-15 min) before skin incision and subsequently, TXA (1000 mg) administered orally 4 and 8 hours post-surgery and TXA (1000 mg) 3 times daily through postoperative day 4.</description>
  </arm_group>
  <arm_group>
    <arm_group_label>Placebo</arm_group_label>
    <arm_group_type>Placebo Comparator</arm_group_type>
    <description>A single dose of saline matching the volume of the experimental arm treatment regiment (Saline) administered intravenously 30 min (+/-15 min) before skin incision and subsequently, placebo tablets (2 tabs.) administered orally 4 and 8 hours post-surgery and (2 tabs) 3 times daily through postoperative day 4.</description>
  </arm_group>
  <intervention>
    <intervention_type>Drug</intervention_type>
    <intervention_name>Tranexamic acid</intervention_name>
    <description>A single preoperative intravenous dose and per os treatment postoperatively day 1 through 4</description>
    <arm_group_label>Tranexamic Acid</arm_group_label>
  </intervention>
  <intervention>
    <intervention_type>Drug</intervention_type>
    <intervention_name>Saline</intervention_name>
    <description>A single preoperative intravenous dose and per os treatment postoperatively day 1 through 4</description>
    <arm_group_label>Placebo</arm_group_label>
  </intervention>
  <eligibility>
    <criteria>
      <textblock>
        Inclusion Criteria:&#xD;
&#xD;
        Patients&#xD;
&#xD;
          -  Diagnosed with invasive cutaneous melanoma (pathological stage/tumor grade ≥T2b),&#xD;
             defined as either: Breslow thickness &gt;1.0-2.0 mm with presence of ulceration or&#xD;
             Breslow thickness &gt;2.0 mm regardless of ulceration status.&#xD;
&#xD;
          -  Eligible for surgery (wide local excision and sentinel lymph node biopsy).&#xD;
&#xD;
          -  &gt;/=18 years of age and &lt;/=80 years of age&#xD;
&#xD;
          -  Signed Informed Consent Form&#xD;
&#xD;
        Exclusion Criteria:&#xD;
&#xD;
        Patients&#xD;
&#xD;
          -  With a prior history of invasive melanoma&#xD;
&#xD;
          -  Thromboembolic events within the last 3 months&#xD;
&#xD;
          -  Pregnancy&#xD;
&#xD;
          -  Active breastfeeding&#xD;
&#xD;
          -  Known allergy or hypersensitivity to TXA&#xD;
&#xD;
          -  Known and treated epilepsia or previous seizures&#xD;
&#xD;
          -  eGFR 0-50&#xD;
&#xD;
          -  Current use of tranexamic acid&#xD;
      </textblock>
    </criteria>
    <gender>All</gender>
    <minimum_age>18 Years</minimum_age>
    <maximum_age>80 Years</maximum_age>
    <healthy_volunteers>No</healthy_volunteers>
  </eligibility>
  <overall_contact>
    <last_name>Marie Louise Bønnelykke-Behrndtz, MD, PhD</last_name>
    <phone>+45 78 45 00 00</phone>
    <email>marboe@rm.dk</email>
  </overall_contact>
  <overall_contact_backup>
    <last_name>Karoline Kristjansen, MD</last_name>
    <email>karoline_kristjansen@clin.au.dk</email>
  </overall_contact_backup>
  <location>
    <facility>
      <name>Aarhus University Hospital</name>
      <address>
        <city>Aarhus</city>
        <state>Central Denmark Region</state>
        <country>Denmark</country>
      </address>
    </facility>
    <status>Recruiting</status>
    <contact>
      <last_name>Louise Bønnelykke-Behrndtz, MD, PhD</last_name>
    </contact>
  </location>
  <location>
    <facility>
      <name>Aalborg University Hospital</name>
      <address>
        <city>Aalborg</city>
        <state>North Denmark Region</state>
        <country>Denmark</country>
      </address>
    </facility>
    <status>Recruiting</status>
    <contact>
      <last_name>Karoline Kristjansen, MD</last_name>
    </contact>
  </location>
  <location_countries>
    <country>Denmark</country>
  </location_countries>
  <verification_date>August 2023</verification_date>
  <study_first_submitted>April 4, 2023</study_first_submitted>
  <study_first_submitted_qc>June 2, 2023</study_first_submitted_qc>
  <study_first_posted type="Actual">June 12, 2023</study_first_posted>
  <last_update_submitted>January 17, 2024</last_update_submitted>
  <last_update_submitted_qc>January 17, 2024</last_update_submitted_qc>
  <last_update_posted type="Actual">January 19, 2024</last_update_posted>
  <responsible_party>
    <responsible_party_type>Sponsor</responsible_party_type>
  </responsible_party>
  <keyword>Melanoma</keyword>
  <keyword>Tranexamic acid</keyword>
  <keyword>Relapse</keyword>
  <keyword>Cancer</keyword>
  <keyword>Drug Repositioning</keyword>
  <keyword>Surgery</keyword>
  <condition_browse>
    <!-- CAUTION:  The following MeSH terms are assigned with an imperfect algorithm            -->
    <mesh_term>Melanoma</mesh_term>
  </condition_browse>
  <intervention_browse>
    <!-- CAUTION:  The following MeSH terms are assigned with an imperfect algorithm            -->
    <mesh_term>Tranexamic Acid</mesh_term>
  </intervention_browse>
  <patient_data>
    <sharing_ipd>Yes</sharing_ipd>
    <ipd_description>Entirely anonymized data will be shared only upon reasonable request made to the sponsor and evaluated by the steering committee. Researchers requesting access are required to sign a data access agreement assuring that data will only be utilized for a predetermined and accepted purpose.</ipd_description>
    <ipd_info_type>Study Protocol</ipd_info_type>
    <ipd_info_type>Statistical Analysis Plan (SAP)</ipd_info_type>
    <ipd_info_type>Informed Consent Form (ICF)</ipd_info_type>
    <ipd_url>https://www.ema.europa.eu/en</ipd_url>
  </patient_data>
  <!-- Results have not yet been posted for this study                                          -->
</clinical_study>

