<?xml version="1.0" encoding="UTF-8"?>
<clinical_study rank="199">
  <!-- This xml conforms to an XML Schema at:
    https://clinicaltrials.gov/ct2/html/images/info/public.xsd -->
  <required_header>
    <download_date>ClinicalTrials.gov processed this data on February 06, 2024</download_date>
    <link_text>Link to the current ClinicalTrials.gov record.</link_text>
    <url>https://clinicaltrials.gov/ct2/show/NCT06190951</url>
  </required_header>
  <id_info>
    <org_study_id>R3767-ONC-2208</org_study_id>
    <secondary_id>2022-502825-17-00</secondary_id>
    <nct_id>NCT06190951</nct_id>
  </id_info>
  <brief_title>A Trial to Learn if Fianlimab and Cemiplimab Are Safe and Work Better Than Pembrolizumab in Adult Participants With Resectable Stage 3 or 4 Melanoma</brief_title>
  <official_title>A Phase 2 Peri-operative Trial of Fianlimab and Cemiplimab Compared With Pembrolizumab in Patients With Resectable Stage III and IV Melanoma</official_title>
  <sponsors>
    <lead_sponsor>
      <agency>Regeneron Pharmaceuticals</agency>
      <agency_class>Industry</agency_class>
    </lead_sponsor>
  </sponsors>
  <source>Regeneron Pharmaceuticals</source>
  <oversight_info>
    <has_dmc>Yes</has_dmc>
    <is_fda_regulated_drug>Yes</is_fda_regulated_drug>
    <is_fda_regulated_device>No</is_fda_regulated_device>
  </oversight_info>
  <brief_summary>
    <textblock>
      This study is researching an experimental drug called REGN3767, also known as fianlimab&#xD;
      (R3767), when combined with another medication called cemiplimab (each individually called a&#xD;
      &quot;study drug&quot; or called &quot;study drugs&quot; when combined) compared with an approved medication&#xD;
      called pembrolizumab. These types of study drug are collectively known as immune checkpoint&#xD;
      inhibitors. The study is focused on participants with a type of skin cancer known as&#xD;
      melanoma.&#xD;
&#xD;
      The objective of this study is to see if the combination of fianlimab and cemiplimab is an&#xD;
      effective treatment compared to pembrolizumab as peri-operative therapy in participants with&#xD;
      high-risk melanoma.&#xD;
&#xD;
      The study is looking at several other research questions, including:&#xD;
&#xD;
        -  What side effects may happen from receiving the study drugs.&#xD;
&#xD;
        -  How much study drug is in your blood at different times.&#xD;
&#xD;
        -  Whether the body makes antibodies against the study drug (which could make the drug less&#xD;
           effective or could lead to side effects). Antibodies are proteins that are naturally&#xD;
           found in your blood stream that fight infections.&#xD;
&#xD;
        -  How administering the study drugs might improve your quality of life.&#xD;
    </textblock>
  </brief_summary>
  <overall_status>Not yet recruiting</overall_status>
  <start_date type="Anticipated">February 9, 2024</start_date>
  <completion_date type="Anticipated">December 23, 2030</completion_date>
  <primary_completion_date type="Anticipated">December 23, 2030</primary_completion_date>
  <phase>Phase 2</phase>
  <study_type>Interventional</study_type>
  <has_expanded_access>No</has_expanded_access>
  <study_design_info>
    <allocation>Randomized</allocation>
    <intervention_model>Parallel Assignment</intervention_model>
    <primary_purpose>Treatment</primary_purpose>
    <masking>Quadruple (Participant, Care Provider, Investigator, Outcomes Assessor)</masking>
  </study_design_info>
  <primary_outcome>
    <measure>Pathological complete response (pCR) rate as assessed by blinded independent pathological review (BIPR)</measure>
    <time_frame>33 months</time_frame>
  </primary_outcome>
  <secondary_outcome>
    <measure>Event-free survival (EFS)</measure>
    <time_frame>57 months</time_frame>
  </secondary_outcome>
  <secondary_outcome>
    <measure>Overall survival (OS)</measure>
    <time_frame>Up to 4 years</time_frame>
  </secondary_outcome>
  <secondary_outcome>
    <measure>Distant metastasis-free survival (DMFS)</measure>
    <time_frame>Up to 4 years</time_frame>
  </secondary_outcome>
  <secondary_outcome>
    <measure>Major pathological response (MPR) as assessed by BIPR</measure>
    <time_frame>Up to 4 years</time_frame>
  </secondary_outcome>
  <secondary_outcome>
    <measure>Pathological complete response (pCR) rate as assessed by local pathology review</measure>
    <time_frame>Up to 4 years</time_frame>
  </secondary_outcome>
  <secondary_outcome>
    <measure>Major pathological response (MPR) rate as assessed by local pathology review</measure>
    <time_frame>Up to 4 years</time_frame>
  </secondary_outcome>
  <secondary_outcome>
    <measure>Tumor response rate</measure>
    <time_frame>Up to 3 years</time_frame>
  </secondary_outcome>
  <secondary_outcome>
    <measure>Relapse-free survival (RFS)</measure>
    <time_frame>Up to 4 years</time_frame>
  </secondary_outcome>
  <secondary_outcome>
    <measure>Occurrence of treatment-emergent adverse events (TEAEs)</measure>
    <time_frame>90 days following last dose of study drug, approximately 4 years</time_frame>
  </secondary_outcome>
  <secondary_outcome>
    <measure>Occurrence of immune-mediated adverse events (imAEs)</measure>
    <time_frame>90 days following last dose of study drug, approximately 4 years</time_frame>
  </secondary_outcome>
  <secondary_outcome>
    <measure>Occurrence of serious adverse events (SAEs)</measure>
    <time_frame>90 days following last dose of study drug, approximately 4 years</time_frame>
  </secondary_outcome>
  <secondary_outcome>
    <measure>Occurrence of adverse events of special interest (AESIs)</measure>
    <time_frame>90 days following last dose of study drug, approximately 4 years</time_frame>
  </secondary_outcome>
  <secondary_outcome>
    <measure>Occurrence of TEAEs resulting in death</measure>
    <time_frame>90 days following last dose of study drug, approximately 4 years</time_frame>
  </secondary_outcome>
  <secondary_outcome>
    <measure>Occurrence of interruption or discontinuation of study drug(s) due to TEAE.</measure>
    <time_frame>90 days following last dose of study drug, approximately 4 years</time_frame>
  </secondary_outcome>
  <secondary_outcome>
    <measure>Occurrence of cancellation of surgery due to TEAE or delay to surgery</measure>
    <time_frame>90 days following last dose of study drug, approximately 4 years</time_frame>
  </secondary_outcome>
  <secondary_outcome>
    <measure>Occurrence of laboratory abnormalities</measure>
    <time_frame>90 days following last dose of study drug, approximately 4 years</time_frame>
    <description>grade 3 or higher per Common Terminology Criteria for Adverse Events (CTCAE V5.0)</description>
  </secondary_outcome>
  <secondary_outcome>
    <measure>Concentrations of fianlimab in serum</measure>
    <time_frame>Up to 4 years</time_frame>
  </secondary_outcome>
  <secondary_outcome>
    <measure>Concentrations of cemiplimab in serum</measure>
    <time_frame>Up to 4 years</time_frame>
  </secondary_outcome>
  <secondary_outcome>
    <measure>Anti-drug antibodies (ADA) in serum to fianlimab</measure>
    <time_frame>Up to 4 years</time_frame>
  </secondary_outcome>
  <secondary_outcome>
    <measure>ADA in serum to cemiplimab</measure>
    <time_frame>Up to 4 years</time_frame>
  </secondary_outcome>
  <secondary_outcome>
    <measure>Change from baseline in disease-related symptoms per Functional Assessment of Cancer Therapy-Melanoma (FACT-M) subscale</measure>
    <time_frame>Up to 4 years</time_frame>
    <description>The FACT-M is a melanoma-specific quality of life questionnaire that is composed of items from the Functional Assessment of Cancer Therapy-General (FACT-G). The FACT-M is scored on a 5 point Likert-scale: &quot;Not at all&quot;, &quot;A little bit&quot;, &quot;Somewhat&quot;, &quot;Quite a bit&quot;, and &quot;Very much.&quot;. A Higher score represents higher Health Related Quality of Life (HRQoL).</description>
  </secondary_outcome>
  <secondary_outcome>
    <measure>Change from baseline in functioning per European Organization for Research and Treatment of Cancer Quality of Life Questionnaire (QoL) C30 (EORTC QLQ-C30)</measure>
    <time_frame>Up to 4 years</time_frame>
    <description>EORTC-QLQ-C30 is a 30-item subject self-report questionnaire composed of both multi-item and single scales, including a global health status/quality of life (GHS/QoL) scale. Participants rate items on a four-point scale, with 1 as &quot;not at all&quot; and 4 as &quot;very much.&quot; A change of 5 - 10 points is considered a small change. A change of 10 - 20 points is considered a moderate change.</description>
  </secondary_outcome>
  <secondary_outcome>
    <measure>Change from baseline in global health status/QoL per EORTC QLQ-C30</measure>
    <time_frame>Up to 4 years</time_frame>
  </secondary_outcome>
  <secondary_outcome>
    <measure>Change from baseline in overall health state per European Quality of Life Dimension 5 (EQ-5D-5L)</measure>
    <time_frame>Up to 4 years</time_frame>
    <description>The EQ-5D-5L consists of EQ-5D descriptive system comprises five dimensions: mobility, self-care, usual activities, pain/discomfort and anxiety/depression. Each dimension has 5 levels: no problems, slight problems, moderate problems, severe problems and extreme problems.</description>
  </secondary_outcome>
  <number_of_arms>3</number_of_arms>
  <enrollment type="Anticipated">360</enrollment>
  <condition>Melanoma</condition>
  <arm_group>
    <arm_group_label>Arm A</arm_group_label>
    <arm_group_type>Active Comparator</arm_group_type>
    <description>Randomized 1:1:1</description>
  </arm_group>
  <arm_group>
    <arm_group_label>Arm B</arm_group_label>
    <arm_group_type>Experimental</arm_group_type>
    <description>Randomized 1:1:1</description>
  </arm_group>
  <arm_group>
    <arm_group_label>Arm C</arm_group_label>
    <arm_group_type>Experimental</arm_group_type>
    <description>Randomized 1:1:1</description>
  </arm_group>
  <intervention>
    <intervention_type>Drug</intervention_type>
    <intervention_name>pembrolizumab</intervention_name>
    <description>Administered intravenous (IV) every 3 weeks (Q3W)</description>
    <arm_group_label>Arm A</arm_group_label>
    <other_name>MK-3475</other_name>
    <other_name>lambrolizumab</other_name>
    <other_name>Keytruda</other_name>
  </intervention>
  <intervention>
    <intervention_type>Drug</intervention_type>
    <intervention_name>fianlimab HD</intervention_name>
    <description>Administered IV Q3W</description>
    <arm_group_label>Arm B</arm_group_label>
    <other_name>REGN3767</other_name>
  </intervention>
  <intervention>
    <intervention_type>Drug</intervention_type>
    <intervention_name>cemiplimab</intervention_name>
    <description>Administered IV Q3W</description>
    <arm_group_label>Arm B</arm_group_label>
    <arm_group_label>Arm C</arm_group_label>
    <other_name>REGN2810</other_name>
    <other_name>Libtayo</other_name>
  </intervention>
  <intervention>
    <intervention_type>Drug</intervention_type>
    <intervention_name>fianlimab LD</intervention_name>
    <description>Administered IV Q3W</description>
    <arm_group_label>Arm C</arm_group_label>
    <other_name>REGN3767</other_name>
  </intervention>
  <intervention>
    <intervention_type>Drug</intervention_type>
    <intervention_name>Placebo</intervention_name>
    <description>Administered IV Q3W</description>
    <arm_group_label>Arm A</arm_group_label>
  </intervention>
  <eligibility>
    <criteria>
      <textblock>
        Key Inclusion Criteria:&#xD;
&#xD;
          1. All patients must be either stage III (IIIB, IIIC, IIID) or stage IV (M1a, M1b, M1c)&#xD;
             per American Joint Committee on Cancer (AJCC) 8th edition (Amin 2017) and have&#xD;
             histologically confirmed cutaneous melanoma that is deemed completely surgically&#xD;
             resectable in order to be eligible as described in the protocol.&#xD;
&#xD;
          2. Patients with stage III melanoma must have clinically detectable disease that is&#xD;
             confirmed as malignant on the pathology report. The pathology report must be reviewed,&#xD;
             signed and dated by the investigator; this process will be confirmed during the&#xD;
             interactive voice response system (IVRS) process as described in the protocol.&#xD;
&#xD;
          3. Patients must be candidates for full resection with curative intent and must be able&#xD;
             to be surgically rendered free of disease with negative margins on resected specimens&#xD;
             at surgery. The treatment plan including date of surgery must be documented by the&#xD;
             investigator prior to randomization.&#xD;
&#xD;
          4. All patients must undergo full disease staging through a complete physical examination&#xD;
             and imaging studies within 4 weeks prior to randomization. Imaging must include a&#xD;
             diagnostic quality computer tomography (CT) scan of the neck, chest, abdomen, pelvis&#xD;
             and all known sites of previously resected disease (if applicable) and brain magnetic&#xD;
             resonance imaging (MRI) (or brain CT with contrast allowed if MRI is contraindicated).&#xD;
&#xD;
          5. A patient must have an evaluable lymphocyte activation gene 3 (LAG-3)&#xD;
             immunohistochemistry (IHC) result, centrally tested, to be enrolled into the study.&#xD;
             Any LAG-3 level (0-100% expression) will be allowed as described in the protocol.&#xD;
&#xD;
          6. Eastern Cooperative Oncology Group (ECOG) performance status (PS) 0 or 1&#xD;
&#xD;
        Key Exclusion Criteria:&#xD;
&#xD;
        Medical conditions:&#xD;
&#xD;
          1. Primary uveal melanoma&#xD;
&#xD;
          2. Ongoing or recent (within 2 years) evidence of an autoimmune disease that required&#xD;
             systemic treatment with immunosuppressive agents. The following are non-exclusionary:&#xD;
             vitiligo, childhood asthma that has resolved, residual hypothyroidism that requires&#xD;
             only hormone replacement, psoriasis not requiring systemic treatment.&#xD;
&#xD;
          3. Patients must not have received any prior systemic anti-cancer therapy for melanoma.&#xD;
             Prior radiotherapy for melanoma is allowed if not given to a target lesion or, if&#xD;
             given to a target lesion, there is pathological evidence of disease progression in the&#xD;
             same lesion.&#xD;
&#xD;
          4. Uncontrolled infection with human immunodeficiency virus (HIV), hepatitis B (HBV) or&#xD;
             hepatitis C virus (HCV) infection; or diagnosis of immunodeficiency that is related to&#xD;
             or results in chronic infection as described in the protocol.&#xD;
&#xD;
             Prior/concomitant therapy:&#xD;
&#xD;
          5. Use of immunosuppressive doses of corticosteroids (&gt;10mg of prednisone per day or&#xD;
             equivalent) within 14 days of the first dose of study medication as described in the&#xD;
             protocol.&#xD;
&#xD;
          6. Treatment with any anti-cancer therapy for malignancies other than melanoma, including&#xD;
             immuno- therapy, chemotherapy, radiotherapy, or biological therapy in the 5 years&#xD;
             prior to randomization as described in the protocol.&#xD;
&#xD;
             Other comorbidities:&#xD;
&#xD;
          7. Participants with a history of myocarditis.&#xD;
&#xD;
          8. History or current evidence of significant (CTCAE grade ≥2) local or systemic&#xD;
             infection (e. g., cellulitis, pneumonia, septicemia) requiring systemic antibiotic&#xD;
             treatment within 2 weeks prior to the first dose of trial medication.&#xD;
&#xD;
        Note: Other protocol-defined inclusion/ exclusion criteria apply&#xD;
      </textblock>
    </criteria>
    <gender>All</gender>
    <minimum_age>18 Years</minimum_age>
    <maximum_age>N/A</maximum_age>
    <healthy_volunteers>No</healthy_volunteers>
  </eligibility>
  <overall_official>
    <last_name>Clinical Trial Management</last_name>
    <role>Study Director</role>
    <affiliation>Regeneron Pharmaceuticals</affiliation>
  </overall_official>
  <overall_contact>
    <last_name>Clinical Trials Administrator</last_name>
    <phone>844-734-6643</phone>
    <email>clinicaltrials@regeneron.com</email>
  </overall_contact>
  <verification_date>December 2023</verification_date>
  <study_first_submitted>November 9, 2023</study_first_submitted>
  <study_first_submitted_qc>December 19, 2023</study_first_submitted_qc>
  <study_first_posted type="Actual">January 5, 2024</study_first_posted>
  <last_update_submitted>December 19, 2023</last_update_submitted>
  <last_update_submitted_qc>December 19, 2023</last_update_submitted_qc>
  <last_update_posted type="Actual">January 5, 2024</last_update_posted>
  <responsible_party>
    <responsible_party_type>Sponsor</responsible_party_type>
  </responsible_party>
  <keyword>Skin cancer</keyword>
  <keyword>Fully resectable stage III melanoma</keyword>
  <keyword>Fully resectable stage IV melanoma</keyword>
  <condition_browse>
    <!-- CAUTION:  The following MeSH terms are assigned with an imperfect algorithm            -->
    <mesh_term>Melanoma</mesh_term>
  </condition_browse>
  <intervention_browse>
    <!-- CAUTION:  The following MeSH terms are assigned with an imperfect algorithm            -->
    <mesh_term>Pembrolizumab</mesh_term>
    <mesh_term>Cemiplimab</mesh_term>
  </intervention_browse>
  <patient_data>
    <sharing_ipd>Yes</sharing_ipd>
    <ipd_description>All Individual Patient Data (IPD) that underlie publicly available results will be considered for sharing</ipd_description>
    <ipd_info_type>Study Protocol</ipd_info_type>
    <ipd_info_type>Statistical Analysis Plan (SAP)</ipd_info_type>
    <ipd_info_type>Informed Consent Form (ICF)</ipd_info_type>
    <ipd_info_type>Clinical Study Report (CSR)</ipd_info_type>
    <ipd_info_type>Analytic Code</ipd_info_type>
    <ipd_time_frame>When Regeneron has received marketing authorization from major health authorities (e.g., FDA, European Medicines Agency (EMA), Pharmaceuticals and Medical Devices Agency (PMDA), etc.) for the product and indication, has made the study results publicly available (e.g., scientific publication, scientific conference, clinical trial registry), has the legal authority to share the data, and has ensured the ability to protect participant privacy.</ipd_time_frame>
    <ipd_access_criteria>Qualified researchers can submit a proposal for access to individual patient or aggregate level data from a Regeneron-sponsored clinical trial through Vivli. Regeneron's Independent Research Request Evaluation Criteria can be found at: https://www.regeneron.com/sites/default/files/Regeneron-External-Data-Sharing-Policy-and-Independent-Research-Request-Evaluation-Criteria.pdf</ipd_access_criteria>
    <ipd_url>https://vivli.org/</ipd_url>
  </patient_data>
  <!-- Results have not yet been posted for this study                                          -->
</clinical_study>

