<?xml version="1.0" encoding="UTF-8"?>
<clinical_study rank="410">
  <!-- This xml conforms to an XML Schema at:
    https://clinicaltrials.gov/ct2/html/images/info/public.xsd -->
  <required_header>
    <download_date>ClinicalTrials.gov processed this data on February 06, 2024</download_date>
    <link_text>Link to the current ClinicalTrials.gov record.</link_text>
    <url>https://clinicaltrials.gov/ct2/show/NCT03991130</url>
  </required_header>
  <id_info>
    <org_study_id>UCSD IIT HD IL-2</org_study_id>
    <nct_id>NCT03991130</nct_id>
    <nct_alias>NCT03889782</nct_alias>
  </id_info>
  <brief_title>High Dose IL-2 in Combination With Anti-PD-1 to Overcome Anti-PD-1 Resistance in Metastatic Melanoma and Renal Cell Carcinoma</brief_title>
  <official_title>High Dose IL-2 in Combination With Anti-PD-1 to Overcome Anti-PD-1 Resistance in Metastatic Melanoma and Renal Cell Carcinoma</official_title>
  <sponsors>
    <lead_sponsor>
      <agency>Gregory Daniels</agency>
      <agency_class>Other</agency_class>
    </lead_sponsor>
  </sponsors>
  <source>University of California, San Diego</source>
  <oversight_info>
    <has_dmc>Yes</has_dmc>
    <is_fda_regulated_drug>Yes</is_fda_regulated_drug>
    <is_fda_regulated_device>No</is_fda_regulated_device>
  </oversight_info>
  <brief_summary>
    <textblock>
      The primary objective of this single arm phase 2 trial is to assess the response rate&#xD;
      [complete response (CR) + partial response (PR)] of combined nivolumab and HD IL-2 in&#xD;
      subjects with metastatic melanoma and renal cell carcinoma. Response will be performed after&#xD;
      each course of nivolumab and IL-2 using RECIST 1.1. Patients will be treated for one course&#xD;
      past best response for a maximum of 3 courses.&#xD;
    </textblock>
  </brief_summary>
  <detailed_description>
    <textblock>
      PrimaryObjective Determine the overall response rate (complete response and partial response)&#xD;
      for patients receiving anti-PD-1 (nivolumab) and high dose IL-2 (HD IL-2) in subjects with&#xD;
      metastatic melanoma or renal cell carcinoma who have previously progressed on anti-PD-1&#xD;
      therapy. Response assessment will be performed using revised RECIST guideline (v 1.1).&#xD;
&#xD;
      Secondary Objectives&#xD;
&#xD;
        -  Characterize safety, tolerability and adverse effects (AE) profile of nivolumab with HD&#xD;
           IL-2 in subjects with metastatic malignant melanoma or renal cell carcinoma&#xD;
&#xD;
        -  Measure Progression-Free Survival (PFS) using RECIST 1.1 after completion of at least&#xD;
           one course of therapy (2 doses of nivolumab, 2 cycles of HD IL-2) for subjects enrolled&#xD;
           in the study.&#xD;
&#xD;
      ExploratoryObjectives&#xD;
&#xD;
        -  Correlate PD-L1 expression and tumor mutational burden (TMB) in archived diagnostic&#xD;
           tumor tissue with best clinical response for subjects with metastatic melanoma and renal&#xD;
           cell carcinoma&#xD;
&#xD;
        -  Correlate myeloid-derived suppressor cells and T-cell subsets in peripheral blood during&#xD;
           therapy with best clinical response (RECIST criteria) and treatment outcome in subjects&#xD;
           with metastatic melanoma or renal cell carcinoma. Data will be collected prior to each&#xD;
           treatment and after each course of treatment.&#xD;
&#xD;
      Study Duration: 48 months Amount of Subjects: up to 25 subjects&#xD;
    </textblock>
  </detailed_description>
  <overall_status>Recruiting</overall_status>
  <start_date type="Actual">May 23, 2019</start_date>
  <completion_date type="Anticipated">August 2026</completion_date>
  <primary_completion_date type="Anticipated">August 2024</primary_completion_date>
  <phase>Phase 2</phase>
  <study_type>Interventional</study_type>
  <has_expanded_access>No</has_expanded_access>
  <study_design_info>
    <allocation>N/A</allocation>
    <intervention_model>Single Group Assignment</intervention_model>
    <primary_purpose>Treatment</primary_purpose>
    <masking>None (Open Label)</masking>
  </study_design_info>
  <primary_outcome>
    <measure>Overall Response Rate</measure>
    <time_frame>3 years post treatment</time_frame>
    <description>The primary endpoint will be the response rate [complete response (CR) and partial response (PR)] of combined therapy with nivolumab and HD IL-2 in metastatic melanoma and renal cell carcinoma and will be evaluated using revised RECIST 1.1. Response rate will be computed with associated 95% confidence intervals.</description>
  </primary_outcome>
  <secondary_outcome>
    <measure>Drug Toxicity</measure>
    <time_frame>After Initiation of a 35 day study treatment period up to 90 days following the last administration of study treatment</time_frame>
    <description>Proportion of subjects with each grade of adverse events as defined by CTCAE v 5.0 will be computed. Toxicity will be reported in a tabular and descriptive manner.</description>
  </secondary_outcome>
  <secondary_outcome>
    <measure>Progression Free Survival</measure>
    <time_frame>1 year +/- 3 months</time_frame>
    <description>• Median PFS times will be calculate and PFS rate at 1 year +/- 3 months will be calculated with associated 95% confidence intervals based on the Kaplan-Meier method.</description>
  </secondary_outcome>
  <number_of_arms>1</number_of_arms>
  <enrollment type="Anticipated">25</enrollment>
  <condition>Melanoma Stage Iv</condition>
  <condition>Renal Cell Carcinoma, Metastatic</condition>
  <arm_group>
    <arm_group_label>High Dose IL-2 and Nivolumab</arm_group_label>
    <arm_group_type>Experimental</arm_group_type>
  </arm_group>
  <intervention>
    <intervention_type>Drug</intervention_type>
    <intervention_name>IL-2 and Nivolumab</intervention_name>
    <description>Course length will be 35 days. Subjects will receive 480 mg IV of nivolumab on day 1 of the cycle. The patient will be admitted to UCSD Jacobs Medical center for standard HD IL-2 which will be administered every 8 hrs for up to 14 doses days 8-12 per institutional practice. The patient will be readmitted days 22-28 for HD IL-2 every 8 hrs for up to 14 doses. Nivolumab 480 mg IV will be administered day 35. Scans for response will occur 4 weeks after day 35 nivolumab dose and response will be determined by RECIST 1.1 to determine if the patient will receive the next course.</description>
    <arm_group_label>High Dose IL-2 and Nivolumab</arm_group_label>
    <other_name>High Dose IL-2</other_name>
    <other_name>Anti-PD-1</other_name>
  </intervention>
  <eligibility>
    <criteria>
      <textblock>
        Inclusion Criteria:&#xD;
&#xD;
          -  Patient has the ability to understand and the willingness to sign a written informed&#xD;
             consent.&#xD;
&#xD;
          -  Age ≥ 18 years at the time of consent.&#xD;
&#xD;
          -  At least 6 weeks of prior anti-PD-1 therapy with documented clinical or radiographic&#xD;
             progression. Last anti-PD-1 therapy must be within 6 months of enrollment.&#xD;
&#xD;
          -  Histologically-confirmed diagnosis of unresectable stage III or metastatic (stage IV)&#xD;
             melanoma or renal cell carcinoma&#xD;
&#xD;
          -  Measurable disease, defined as at least 1 tumor that fulfills the criteria for a&#xD;
             target lesion according to RECIST 1.1, and obtained by imaging within 28 days prior&#xD;
             registration for protocol therapy.&#xD;
&#xD;
          -  Has an Eastern Cooperative Oncology Group (ECOG) performance status of 0 or 1 within&#xD;
             28 days prior to registration for protocol therapy.&#xD;
&#xD;
          -  Adequate hepatic function within 28 days prior to registration for protocol therapy&#xD;
             defined as meeting all of the following criteria:&#xD;
&#xD;
          -  total bilirubin ≤ 1.5 × upper limit of normal (ULN) OR direct bilirubin ≤ ULN for&#xD;
             subjects with total bilirubin levels &gt; 1.5 x ULN (except in patients with Gilbert's&#xD;
             syndrome who must have a total bilirubin less than 3.0 mg/dl.)&#xD;
&#xD;
               -  and aspartate aminotransferase (AST) ≤ 2.5 × ULN or ≤ 5 × ULN for subjects with&#xD;
                  known hepatic metastases&#xD;
&#xD;
               -  and alanine aminotransferase (ALT) ≤ 2.5 × ULN or ≤ 5 × ULN for subjects with&#xD;
                  known hepatic metastases&#xD;
&#xD;
          -  Adequate renal function within 28 days prior to registration for protocol therapy&#xD;
             defined by either of the following criteria:&#xD;
&#xD;
               -  Serum creatinine ≤ 1.5 mg/dL&#xD;
&#xD;
               -  OR if serum creatinine &gt; 1.5 mg/dL, estimated glomerular filtration rate (GFR) ≥&#xD;
                  50 mL/min&#xD;
&#xD;
          -  Adequate hematologic function within 28 days prior to registration for protocol&#xD;
             therapy defined as meeting all of the following criteria:&#xD;
&#xD;
               -  hemoglobin ≥ 9.0 g/dL&#xD;
&#xD;
               -  and absolute neutrophil count (ANC) ≥ 1000/L without the support of filgrastim&#xD;
&#xD;
               -  white blood cells (WBC) ≥ 3000/L&#xD;
&#xD;
               -  and platelet count ≥ 100 × 109/L&#xD;
&#xD;
          -  Adequate coagulation functioning within 28 days prior to registration for protocol&#xD;
             therapy defined by either of the following criteria:&#xD;
&#xD;
               -  INR &lt; 1.5 × ULN&#xD;
&#xD;
               -  OR for subjects receiving warfarin or LMWH, the subjects must, in the&#xD;
                  investigator's opinion, be clinically stable with no evidence of active bleeding&#xD;
                  while receiving anticoagulant therapy. The INR for these subjects may exceed 1.5&#xD;
                  × ULN if that is the goal of anticoagulant therapy.&#xD;
&#xD;
          -  Adequate pulmonary and cardiac function for HD IL-2 (will be assessed clinically)&#xD;
&#xD;
          -  Female subjects of childbearing potential must have confirmed negative urine or serum&#xD;
             pregnancy test prior to drug administration and be willing to use two methods of birth&#xD;
             control.&#xD;
&#xD;
          -  Male subjects who are not surgically sterile (vasectomy) must agree to use an adequate&#xD;
             method of contraception.&#xD;
&#xD;
          -  Subject's toxicities from prior treatments must have recovered to a grade 1 or less&#xD;
             (except for toxicities such as alopecia or vitiligo)&#xD;
&#xD;
        Exclusion Criteria:&#xD;
&#xD;
          -  Active infection requiring systemic therapy&#xD;
&#xD;
          -  Women who are pregnant or breastfeeding.&#xD;
&#xD;
          -  Second active malignancy within the past 5 years with the exception of localized basal&#xD;
             or squamous cell skin cancer, in situ cervical or bladder cancer, or localized&#xD;
             prostate cancer under active surveillance.&#xD;
&#xD;
          -  Active symptomatic central nervous system (CNS) metastases. Prior treated metastases&#xD;
             or asymptomatic metastases are allowed. Patient can receive radiation between&#xD;
             treatments if deemed medically necessary.&#xD;
&#xD;
          -  Surgery within 4 weeks prior to study treatment except for minor procedures.&#xD;
&#xD;
          -  Uncontrolled or poorly-controlled hypertension (&gt; 160 mmHg systolic or &gt; 100 mmHg&#xD;
             diastolic for &gt; 4 weeks) despite standard medical management.&#xD;
&#xD;
          -  Serious or non-healing wounds, ulcers, or bone fractures within 28 days prior to&#xD;
             initiation of study treatment.&#xD;
&#xD;
          -  Any arterial thromboembolic events, including but not limited to myocardial&#xD;
             infarction, transient ischemic attack, cerebrovascular accident, or unstable angina,&#xD;
             within 6 months prior to initiation of study treatment.&#xD;
&#xD;
          -  Has any condition that, in the opinion of the investigator, might jeopardize the&#xD;
             safety of the patient or interfere with protocol compliance.&#xD;
&#xD;
          -  Has any mental or medical condition that prevents the patient from giving informed&#xD;
             consent or participating in the trial.&#xD;
&#xD;
          -  Known hypersensitivity to nivolumab or IL-2 or any of their components.&#xD;
&#xD;
          -  Known history of active tuberculosis.&#xD;
&#xD;
          -  Concurrent systemic steroid therapy with doses above physiologic level (more than 10&#xD;
             mg of prednisone daily).&#xD;
&#xD;
          -  Active autoimmune disease, including but not limited to myasthenia gravis, myositis,&#xD;
             autoimmune hepatitis, systemic lupus erythematosus, rheumatoid arthritis, inflammatory&#xD;
             bowel disease, vascular thrombosis associated with anti-phospholipid syndrome,&#xD;
             granulomatosis with polyangiitis, Sjögren's syndrome, Guillain-Barré syndrome,&#xD;
             multiple sclerosis, vasculitis, or glomerulonephritis requiring treatment. Patients&#xD;
             cannot be on immunosuppressive medications other than physiologic replacement doses of&#xD;
             prednisone (less than 10 mg per day at enrollment) or equivalent steroid. Asymptomatic&#xD;
             patients or those stable on non-immunosuppressive medications are eligible.&#xD;
&#xD;
          -  Treatment with any investigational agent within 21 days prior to initiation of study&#xD;
             treatment and the subject must have recovered from the acute toxic effects of the&#xD;
             regimen with the exception of prior anti-PD-1.&#xD;
      </textblock>
    </criteria>
    <gender>All</gender>
    <minimum_age>18 Years</minimum_age>
    <maximum_age>N/A</maximum_age>
    <healthy_volunteers>No</healthy_volunteers>
  </eligibility>
  <overall_contact>
    <last_name>Gregory Daniels, MD, PhD</last_name>
    <phone>858-246-2706</phone>
    <email>gdaniels@ucsd.edu</email>
  </overall_contact>
  <overall_contact_backup>
    <last_name>Mika Kaczmar</last_name>
    <phone>858-534-7587</phone>
    <email>mkaczmar@health.ucsd.edu</email>
  </overall_contact_backup>
  <location>
    <facility>
      <name>UC San Diego Moores Cancer Center</name>
      <address>
        <city>La Jolla</city>
        <state>California</state>
        <zip>92093</zip>
        <country>United States</country>
      </address>
    </facility>
    <status>Recruiting</status>
    <contact>
      <last_name>Mika Kaczmar</last_name>
      <phone>858-534-7585</phone>
      <email>mkaczmar@health.ucsd.edu</email>
    </contact>
    <contact_backup>
      <last_name>Lara Rose</last_name>
      <phone>858-822-6575</phone>
      <email>ljrose@health.ucsd.edu</email>
    </contact_backup>
    <investigator>
      <last_name>Gregory A. Daniels, MD, PhD</last_name>
      <role>Principal Investigator</role>
    </investigator>
  </location>
  <location_countries>
    <country>United States</country>
  </location_countries>
  <verification_date>December 2022</verification_date>
  <study_first_submitted>June 16, 2019</study_first_submitted>
  <study_first_submitted_qc>June 16, 2019</study_first_submitted_qc>
  <study_first_posted type="Actual">June 19, 2019</study_first_posted>
  <last_update_submitted>December 1, 2022</last_update_submitted>
  <last_update_submitted_qc>December 1, 2022</last_update_submitted_qc>
  <last_update_posted type="Actual">December 5, 2022</last_update_posted>
  <responsible_party>
    <responsible_party_type>Sponsor-Investigator</responsible_party_type>
    <investigator_affiliation>University of California, San Diego</investigator_affiliation>
    <investigator_full_name>Gregory Daniels</investigator_full_name>
    <investigator_title>Clinical Professor</investigator_title>
  </responsible_party>
  <keyword>melanoma</keyword>
  <keyword>renal cell carcinoma</keyword>
  <condition_browse>
    <!-- CAUTION:  The following MeSH terms are assigned with an imperfect algorithm            -->
    <mesh_term>Carcinoma</mesh_term>
    <mesh_term>Melanoma</mesh_term>
    <mesh_term>Carcinoma, Renal Cell</mesh_term>
  </condition_browse>
  <intervention_browse>
    <!-- CAUTION:  The following MeSH terms are assigned with an imperfect algorithm            -->
    <mesh_term>Nivolumab</mesh_term>
  </intervention_browse>
  <!-- Results have not yet been posted for this study                                          -->
</clinical_study>

