<?xml version="1.0" encoding="UTF-8"?>
<clinical_study rank="425">
  <!-- This xml conforms to an XML Schema at:
    https://clinicaltrials.gov/ct2/html/images/info/public.xsd -->
  <required_header>
    <download_date>ClinicalTrials.gov processed this data on February 06, 2024</download_date>
    <link_text>Link to the current ClinicalTrials.gov record.</link_text>
    <url>https://clinicaltrials.gov/ct2/show/NCT05171374</url>
  </required_header>
  <id_info>
    <org_study_id>CDRB436ARU01R / MELPRO-0721</org_study_id>
    <nct_id>NCT05171374</nct_id>
  </id_info>
  <brief_title>pRospective Evaluation of Clinical Outcomes in Patients With metAsTatIс melanOma Treated With dabrafeNib and trAmetinib in reaL practicE</brief_title>
  <acronym>RATIONALE</acronym>
  <official_title>Prospective Evaluation of Clinical Outcomes in Patients With Resectable or Metastatic BRAF+ Melanoma Treated With Dabrafenib and Trametinib in Real Practice</official_title>
  <sponsors>
    <lead_sponsor>
      <agency>MelanomaPRO, Russia</agency>
      <agency_class>Other</agency_class>
    </lead_sponsor>
    <collaborator>
      <agency>Novartis</agency>
      <agency_class>Industry</agency_class>
    </collaborator>
  </sponsors>
  <source>MelanomaPRO, Russia</source>
  <oversight_info>
    <has_dmc>Yes</has_dmc>
    <is_fda_regulated_drug>No</is_fda_regulated_drug>
    <is_fda_regulated_device>No</is_fda_regulated_device>
  </oversight_info>
  <brief_summary>
    <textblock>
      Prospective evaluation of clinical outcomes in patients with resectable or metastatic BRAF+&#xD;
      melanoma treated with dabrafenib and trametinib in real practice&#xD;
    </textblock>
  </brief_summary>
  <detailed_description>
    <textblock>
      Rationale and background It is now accepted by the majority of experts in oncology that most&#xD;
      effective and safe therapy options should be considered for first-line treatment, including&#xD;
      adjuvant setting. As the routine administration of drugs including dosing, treatment&#xD;
      interruptions, and early termination in clinical practice may vary from procedures used in&#xD;
      clinical trials, post-authorization &quot;real-world&quot; data are important to quantify feasibility,&#xD;
      acceptance, and practical considerations on prescription of targeted therapy with&#xD;
      Dabrafenib+Trametinib. Therefore, it is of great interest for clinical and scientific&#xD;
      communities to evaluate patient and treatment choice used in routine practice of Russian&#xD;
      oncology centers. The aim of this study is to asses clinical outcomes of patient receiving&#xD;
      Dab+Tram in different substages of resectable melanoma and different lines in metastatic&#xD;
      melanoma., Additionally, it is of interest to gain insights into real world data regarding&#xD;
      quality of life of melanoma patients treated with Dabrafenib and Trametinib in adjuvant or&#xD;
      metastatic setting.&#xD;
&#xD;
      Research question and objectives Primary objective The primary objective in the study is to&#xD;
      estimate relapse-free survival (RFS) in melanoma patients in adjuvant settings and&#xD;
      progression free survival (PFS) in melanoma patients in metastatic settings. Primary&#xD;
      endpoints&#xD;
&#xD;
      • The primary efficacy endpoint of the study is 12-month RFS rate, definded as the time form&#xD;
      index date to the date of first documented relapse or death due to any cause.&#xD;
&#xD;
      The primary efficacy endpoint of the study is 12-month PFS rate, defined as the time from the&#xD;
      index date to the date of the first documented progression by investigator judgement or death&#xD;
      due to any cause. If a patient has not had an event, PFS will be censored at the date of the&#xD;
      last tumor assessment&#xD;
&#xD;
      Secondary objectives&#xD;
&#xD;
        -  To describe patient populations receiving dabrafenib and trametinib for stage III&#xD;
           resectable melanoma with respect to demographics and clinical characteristics at index&#xD;
           date (baseline).&#xD;
&#xD;
        -  To describe patient populations receiving dabrafenib and trametinib for stage IV&#xD;
           metastatic melanoma with respect to demographics and clinical characteristics at index&#xD;
           date (baseline).&#xD;
&#xD;
        -  Evaluate retrospectively the sequence of therapy prior to initiating treatment with&#xD;
           Dabrafenib and Trametinib.&#xD;
&#xD;
        -  Analyze prospectively treatment options following disease recurrence or progression on&#xD;
           treatment with Dabrafenib and Trametinib.&#xD;
&#xD;
        -  Analyze proportion (%) of patients receiving adjuvant therapy with Dabrafenib and&#xD;
           Trametinib for melanoma stage IIIA/IIIB/IIIC/IIID&#xD;
&#xD;
        -  Analyze proportion (%) of patients receiving Dabrafenib and Trametinib in 1L/2L/3L/later&#xD;
           lines in metastatic settings.&#xD;
&#xD;
        -  Assess clinical outcomes (including treatment duration, treatment discontinuation rate)&#xD;
           in melanoma patients treated with Dabrafenib and Trametinib in adjuvant settings in&#xD;
           real-world practice.&#xD;
&#xD;
        -  Assess clinical outcomes in melanoma patients treated with Dabrafenib and Trametinib in&#xD;
           metastatic settings (including median PFS, treatment duration, RR and) in real-world&#xD;
           practice.&#xD;
&#xD;
        -  Assess safety of therapy of interest: rate of adverse events associated with the&#xD;
           therapy, proportions of patients and reasons of dose adjustment on dabrafenib and&#xD;
           trametinib, discontinuation rate and reasons of discontinuation in melanoma patients&#xD;
           treated with Dabrafenib and Trametinib in adjuvant and metastatic in real-world&#xD;
           practice.&#xD;
&#xD;
        -  Describe changes in patient-reported symptoms and quality of life (QoL) in melanoma&#xD;
           patients treated with Dabrafenib and Trametinib in real-world setting.&#xD;
&#xD;
      Study design Patients will attend study sites in accordance with routine clinical practice.&#xD;
      It is assumed that visits will performed every 3-4 months, as it is stated by the current&#xD;
      guidelines (1). Patients will undergo standard procedures and tests according to clinical&#xD;
      guidelines and physician's judgement (1). Available data from routine clinical management of&#xD;
      the patients will be collected in the course of visits to investigation site.&#xD;
&#xD;
      The supposed duration of observation within the study is 1 year which corresponds to the&#xD;
      requested duration of adjuvant therapy and is in line with the median PFS - 11.1 months&#xD;
      according to the COMBI D/V trials' analysis for dabrafenib+trametinib therapy in the first&#xD;
      line treatment of metastatic cutaneous melanoma with BRAF mutation (2). The enrollment period&#xD;
      will continue for two years.&#xD;
&#xD;
      Baseline assessments will include collection of patient demographic data, disease history,&#xD;
      treatment history, laboratory data and physical examination results as assessed by clinicians&#xD;
      and patient reported outcomes (PROs) for symptoms and QoL. Treatment history will include all&#xD;
      pharmacological therapy, its duration, response duration, reason for discontinuation. QoL&#xD;
      assessment is not a part of routine practice for some investigation sites, hence, QoL will be&#xD;
      evaluated if it does not interfere routine practice.&#xD;
&#xD;
      At each following visit (as indicated above, approximately each 3-4 months up to 1 year)&#xD;
      available information on treatment status, response and progression, PROs, patient&#xD;
      performance status and any relevant adverse occurrences will be collected.&#xD;
&#xD;
      Setting and study population This study is planned as a prospective non-interventional&#xD;
      multicenter study. This study is observational in nature and does not impose a therapy&#xD;
      protocol, diagnostic/therapeutic interventions or a visit schedule. Patients with resectable&#xD;
      or metastatic BRAF+ melanoma, in that treatment with dabrafenib and trametinib was initiated,&#xD;
      either newly diagnosed or progressive during prior lines of therapy, will be included into&#xD;
      the study. Initiation of dabrafenib+trametinib therapy will be considered an index event.&#xD;
&#xD;
      Adult patients receiving dabrafenib and trametitnib for adjuvant or metastatic melanoma&#xD;
      treatment will be enrolled into study.&#xD;
&#xD;
      Variables All data will be collected in the course of prospective visits of patient to the&#xD;
      clinical site according to routine practice. Demographic, disease and treatment-related&#xD;
      variables will be collected in order to ensure completeness of data for endpoint analysis.&#xD;
      Definitions of variables for analysis will be given in the relevant section of protocol.&#xD;
&#xD;
      Data sources Medical records and other disease-related documents will be used in the study.&#xD;
&#xD;
      Study size This study does not test any pre-defined statistical hypotheses therefore sample&#xD;
      size and power calculation projections are not applicable. Since there is no formal&#xD;
      hypothesis-testing, sample size for this study is based on the feasibility of enrolling the&#xD;
      desired population during the enrolment period for this study.&#xD;
&#xD;
      Data analysis This is an exploratory study and no comparative analysis is planned.&#xD;
      Descriptive statistics will be tabulated for the demographic and clinical characteristics and&#xD;
      outcome variables. In all cases, point estimates as well as the corresponding two-sided 95%&#xD;
      CI will be presented. No missing value imputation will be performed.&#xD;
&#xD;
      Kaplan-Meier method will be used for the analysis of time-to-event.&#xD;
&#xD;
      Milestones&#xD;
&#xD;
      Planned dates of study milestones:&#xD;
&#xD;
      Concept approved: 29 April 2021 Final protocol approval: 30 June 2021 Start of data&#xD;
      collection (FPFV): 30 September 2021 End of enrollment (LPFV): 30 September 2023 End of&#xD;
      primary data collection (LPLV): 30 September 2024 Final report on study results: 30 April&#xD;
      2025 Publication of study results: 30 September 2025&#xD;
    </textblock>
  </detailed_description>
  <overall_status>Recruiting</overall_status>
  <start_date type="Actual">September 30, 2021</start_date>
  <completion_date type="Anticipated">September 30, 2024</completion_date>
  <primary_completion_date type="Anticipated">September 30, 2023</primary_completion_date>
  <study_type>Observational</study_type>
  <has_expanded_access>No</has_expanded_access>
  <study_design_info>
    <observational_model>Cohort</observational_model>
    <time_perspective>Prospective</time_perspective>
  </study_design_info>
  <primary_outcome>
    <measure>12-month RFS rate</measure>
    <time_frame>12 months</time_frame>
    <description>The primary efficacy endpoint of the study is 12-month RFS rate, definded as the time form index date to the date of first documented relapse or death due to any cause</description>
  </primary_outcome>
  <primary_outcome>
    <measure>12-month PFS rate</measure>
    <time_frame>12 months</time_frame>
    <description>The primary efficacy endpoint of the study is 12-month PFS rate, defined as the time from the index date to the date of the first documented progression by investigator judgement or death due to any cause. If a patient has not had an event, PFS will be censored at the date of the last tumor assessment</description>
  </primary_outcome>
  <secondary_outcome>
    <measure>To describe patient populations receiving dabrafenib and trametinib for stage III resectable melanoma with respect to demographics and clinical characteristics at index date (baseline).</measure>
    <time_frame>12 months</time_frame>
  </secondary_outcome>
  <secondary_outcome>
    <measure>To describe patient populations receiving dabrafenib and trametinib for stage IV metastatic melanoma with respect to demographics and clinical characteristics at index date (baseline)</measure>
    <time_frame>12 months</time_frame>
  </secondary_outcome>
  <secondary_outcome>
    <measure>Evaluate retrospectively the sequence of therapy prior to initiating treatment with Dabrafenib and Trametinib</measure>
    <time_frame>12 months</time_frame>
  </secondary_outcome>
  <secondary_outcome>
    <measure>Analyze prospectively treatment options following disease recurrence or progression on treatment with Dabrafenib and Trametinib</measure>
    <time_frame>12 months</time_frame>
  </secondary_outcome>
  <secondary_outcome>
    <measure>Analyze proportion (%) of patients receiving adjuvant therapy with Dabrafenib and Trametinib for melanoma stage IIIA/IIIB/IIIC/IIID</measure>
    <time_frame>12 months</time_frame>
  </secondary_outcome>
  <secondary_outcome>
    <measure>Analyze proportion (%) of patients receiving Dabrafenib and Trametinib in 1L/2L/3L/later lines in metastatic settings</measure>
    <time_frame>12 months</time_frame>
  </secondary_outcome>
  <secondary_outcome>
    <measure>To assess treatment duration in melanoma patients treated with Dabrafenib and Trametinib in adjuvant settings in real-world practice</measure>
    <time_frame>12 months</time_frame>
  </secondary_outcome>
  <secondary_outcome>
    <measure>To assess treatment discontinuation rat in melanoma patients treated with Dabrafenib and Trametinib in adjuvant settings in real-world practice</measure>
    <time_frame>12 months</time_frame>
  </secondary_outcome>
  <secondary_outcome>
    <measure>To assess median PFS in melanoma patients treated with Dabrafenib and Trametinib in metastatic settings in real-world practice</measure>
    <time_frame>12 months</time_frame>
  </secondary_outcome>
  <secondary_outcome>
    <measure>To assess median treatment duration in melanoma patients treated with Dabrafenib and Trametinib in metastatic settings in real-world practice</measure>
    <time_frame>12 months</time_frame>
  </secondary_outcome>
  <secondary_outcome>
    <measure>To assess treatment discontinuation rate in melanoma patients treated with Dabrafenib and Trametinib in metastatic settings in real-world practice</measure>
    <time_frame>12 months</time_frame>
  </secondary_outcome>
  <secondary_outcome>
    <measure>To assess rate of adverse events associated with the therapy of interest</measure>
    <time_frame>12 months</time_frame>
  </secondary_outcome>
  <secondary_outcome>
    <measure>To assess proportions of patients and reasons of dose adjustment on dabrafenib and trametinib in melanoma patients treated with Dabrafenib and Trametinib in adjuvant and metastatic in real-world practice</measure>
    <time_frame>12 months</time_frame>
  </secondary_outcome>
  <secondary_outcome>
    <measure>Description of changes in patient-reported symptoms and quality of life (QoL) in melanoma patients treated with Dabrafenib and Trametinib in real-world setting</measure>
    <time_frame>12 months</time_frame>
  </secondary_outcome>
  <number_of_groups>2</number_of_groups>
  <enrollment type="Anticipated">500</enrollment>
  <condition>Melanoma Stage III</condition>
  <condition>Melanoma Stage IV</condition>
  <condition>Melanoma</condition>
  <arm_group>
    <arm_group_label>Adjuvant cohort</arm_group_label>
    <description>Patients with resectable stage III melanoma, reciveng dabrafenib and trametinib in adjuvant settings</description>
  </arm_group>
  <arm_group>
    <arm_group_label>Metastatic cohort</arm_group_label>
    <description>Patients with unresectable stage IIIC/D or stage IV melanoma, reciveng dabrafenib and trametinib in metastatic settings</description>
  </arm_group>
  <intervention>
    <intervention_type>Drug</intervention_type>
    <intervention_name>Dabrafenib</intervention_name>
    <description>Observational stusy. No intervention is planned</description>
    <arm_group_label>Adjuvant cohort</arm_group_label>
    <arm_group_label>Metastatic cohort</arm_group_label>
  </intervention>
  <intervention>
    <intervention_type>Drug</intervention_type>
    <intervention_name>Trametinib</intervention_name>
    <description>Observational stusy. No intervention is planned</description>
    <arm_group_label>Adjuvant cohort</arm_group_label>
    <arm_group_label>Metastatic cohort</arm_group_label>
  </intervention>
  <eligibility>
    <study_pop>
      <textblock>
        Study will be conducted in investigation sites specialized in treatment of solid neoplasm&#xD;
        or, more narrowed, melanoma. Patient may be enrolled either by surgical or medical&#xD;
        oncologist if relevant indormation is available and there is no obvious risk for loss of&#xD;
        contact with patient. Study population will be formed of the patients from cancer treatment&#xD;
        facilities and the representativeness of sample may vary depending on participating sites.&#xD;
        Study is going ro include patients receiving treatment of interest (dabrafenib and&#xD;
        trametinib) for either adjuvant of metastatic setting of melanoma treatment.&#xD;
      </textblock>
    </study_pop>
    <sampling_method>Probability Sample</sampling_method>
    <criteria>
      <textblock>
        Inclusion Criteria:&#xD;
&#xD;
          -  Male or female patients aged 18 years or older;&#xD;
&#xD;
          -  Histologically confirmed stage III resectable or stage IV metastatic cutaneous&#xD;
             melanoma with confirmed BRAF mutation, for whom the treating physician took the&#xD;
             decision to initiate treatment with dabrafenib and trametinib before entering the&#xD;
             study;&#xD;
&#xD;
          -  Treatment with Dabrafenib and Trametinib was initiated no longer than 4 weeks (28&#xD;
             days) prior to written informed consent for this study;&#xD;
&#xD;
          -  Performance status ≤ 2 by Eastern Cooperative Oncology Group (ECOG) scale;&#xD;
&#xD;
          -  Patient is willing and able to participate in the study;&#xD;
&#xD;
          -  Written informed consent for study participation.&#xD;
&#xD;
        Exclusion Criteria:&#xD;
&#xD;
          -  Patients with a life expectancy of less than 3 months at the time of melanoma&#xD;
             diagnosis, per the investigator's judgment.&#xD;
&#xD;
          -  Patients participating in any interventional clinical trial that includes&#xD;
             investigational or marketed products at the time of enrollment. (Patients&#xD;
             participating in other investigator initiated or other non-interventional study [NIS]&#xD;
             can be included as long as their standard of care is not altered by the study).&#xD;
&#xD;
          -  Patients on active treatment for malignancies other than melanoma at the time of&#xD;
             enrollment.&#xD;
      </textblock>
    </criteria>
    <gender>All</gender>
    <minimum_age>18 Years</minimum_age>
    <maximum_age>N/A</maximum_age>
  </eligibility>
  <overall_contact>
    <last_name>Igor Samoylenko, MD</last_name>
    <phone>+74993249024</phone>
    <email>i.samoylenko@ronc.ru</email>
  </overall_contact>
  <location>
    <facility>
      <name>Altai Regional Oncological Dispensary</name>
      <address>
        <city>Barnaul</city>
        <state>Alatai</state>
        <zip>656000</zip>
        <country>Russian Federation</country>
      </address>
    </facility>
    <status>Recruiting</status>
    <contact>
      <last_name>Elena Rossokha</last_name>
      <phone>+7 3852 507355</phone>
      <email>rossokha_e@mail.ru</email>
    </contact>
  </location>
  <location>
    <facility>
      <name>Republican Clinical Oncology Center of Chuvashia</name>
      <address>
        <city>Cheboksary</city>
        <state>Chuvash Republic,</state>
        <zip>428020</zip>
        <country>Russian Federation</country>
      </address>
    </facility>
    <status>Recruiting</status>
    <contact>
      <last_name>Akhmed Abdelgafur</last_name>
      <phone>8(8352) 26-05-05</phone>
      <email>abdelgafur75@mail.ru</email>
    </contact>
  </location>
  <location>
    <facility>
      <name>Irkutsk Regional Oncological Dispensary</name>
      <address>
        <city>Irkutsk</city>
        <state>Irkutsk Region</state>
        <zip>664035</zip>
        <country>Russian Federation</country>
      </address>
    </facility>
    <status>Recruiting</status>
    <contact>
      <last_name>Marina Demchenkova</last_name>
      <phone>+7 (3952) 214-220</phone>
      <email>mdemchenkova@yandex.ru</email>
    </contact>
  </location>
  <location>
    <facility>
      <name>Rostov Regional Oncological Dispensary</name>
      <address>
        <city>Rostov-on-Don</city>
        <state>Rostov</state>
        <zip>344006</zip>
        <country>Russian Federation</country>
      </address>
    </facility>
    <status>Recruiting</status>
    <contact>
      <last_name>Oksana Snezhko</last_name>
      <phone>+7 (863) 261-31-48</phone>
      <email>evseevde.rostov@mail.ru</email>
    </contact>
  </location>
  <location>
    <facility>
      <name>State Budget Health Institution of the Republic of Mordovia &quot;Republican Oncological Dispensary&quot;</name>
      <address>
        <city>Saransk</city>
        <state>THE Republic OF Mordovia</state>
        <zip>430032</zip>
        <country>Russian Federation</country>
      </address>
    </facility>
    <status>Recruiting</status>
    <contact>
      <last_name>Maria Antoshkina</last_name>
      <phone>8(8342)32-21-63</phone>
      <email>antoshkinamarya@yandex.ru</email>
    </contact>
  </location>
  <location>
    <facility>
      <name>Republican Clinical Oncological Dispensary named after Sergei Grigoryevich Primushko Ministry of Health of the Udmurt Republic</name>
      <address>
        <city>Izhevsk</city>
        <state>The Udmurt Republic</state>
        <zip>426009</zip>
        <country>Russian Federation</country>
      </address>
    </facility>
    <status>Recruiting</status>
    <contact>
      <last_name>Nadezhda Leushina</last_name>
      <phone>8 (3412) 50-88-00</phone>
      <email>nadyalnv83@mail.ru</email>
    </contact>
  </location>
  <location>
    <facility>
      <name>Ivanovo Regional Oncological Dispensary</name>
      <address>
        <city>Ivanovo</city>
        <zip>153040</zip>
        <country>Russian Federation</country>
      </address>
    </facility>
    <status>Recruiting</status>
    <contact>
      <last_name>Yana Tyugina</last_name>
      <phone>+7 (4932) 56-23-12</phone>
      <email>iana.tiughina.90@mail.ru</email>
    </contact>
  </location>
  <location>
    <facility>
      <name>KGBUZ &quot;Krasnoyarsk regional clinical oncological dispensary named after A.I. A.I. Kryzhanovsky&quot;</name>
      <address>
        <city>Krasnoyarsk</city>
        <zip>660133</zip>
        <country>Russian Federation</country>
      </address>
    </facility>
    <status>Recruiting</status>
    <contact>
      <last_name>Natalya Musayeva</last_name>
      <phone>+7 (800) 355-00-55</phone>
      <email>musa-eva100@mail.ru</email>
    </contact>
  </location>
  <location>
    <facility>
      <name>N.N. Blokhin Russian Cancer Research Center</name>
      <address>
        <city>Moscow</city>
        <zip>114578</zip>
        <country>Russian Federation</country>
      </address>
    </facility>
    <status>Recruiting</status>
    <contact>
      <last_name>Igor V Samoylenko, MD, PhD</last_name>
      <phone>+74993249024</phone>
      <email>i.samoylenko@ronc.ru</email>
    </contact>
    <contact_backup>
      <last_name>Kristina V Orlova, MD, PhD</last_name>
      <phone>+79629359242</phone>
      <email>k.orlova@ronc.ru</email>
    </contact_backup>
  </location>
  <location>
    <facility>
      <name>Moscow City Clinical Oncology Hospital No. 1</name>
      <address>
        <city>Moscow</city>
        <zip>129090</zip>
        <country>Russian Federation</country>
      </address>
    </facility>
    <status>Recruiting</status>
    <contact>
      <last_name>Ilya Pokataev</last_name>
      <phone>+7 (499) 261-30-42</phone>
      <email>ipokataev@gmail.com</email>
    </contact>
  </location>
  <location>
    <facility>
      <name>Omsk Regional Clinical Oncology Center</name>
      <address>
        <city>Omsk</city>
        <zip>644013</zip>
        <country>Russian Federation</country>
      </address>
    </facility>
    <status>Recruiting</status>
    <contact>
      <last_name>Natalia Ryabets</last_name>
      <phone>+7(381-2) 60-18-12</phone>
      <email>n_ryabets@bk.ru</email>
    </contact>
  </location>
  <location>
    <facility>
      <name>Perm Regional Oncological Dispensary</name>
      <address>
        <city>Perm</city>
        <zip>614066</zip>
        <country>Russian Federation</country>
      </address>
    </facility>
    <status>Recruiting</status>
    <contact>
      <last_name>Tatiana Chupriyanova</last_name>
      <phone>+7 (342) 258-03-43</phone>
      <email>onkodocchtv@mail.ru</email>
    </contact>
  </location>
  <location>
    <facility>
      <name>Tambov Regional Oncological Clinical Dispensary</name>
      <address>
        <city>Tambov</city>
        <zip>392000</zip>
        <country>Russian Federation</country>
      </address>
    </facility>
    <status>Recruiting</status>
    <contact>
      <last_name>Oleg Mironov</last_name>
      <phone>8 (475) 271-36-51</phone>
      <email>mironov_onko@mail.ru</email>
    </contact>
  </location>
  <location>
    <facility>
      <name>Sverdlovsk Regional Oncology Center</name>
      <address>
        <city>Yekaterinburg</city>
        <zip>620043</zip>
        <country>Russian Federation</country>
      </address>
    </facility>
    <status>Not yet recruiting</status>
    <contact>
      <last_name>Olesya Popova</last_name>
      <phone>+7 (343) 356-17-31</phone>
      <email>oleska-olegovna@mail.ru</email>
    </contact>
  </location>
  <location>
    <facility>
      <name>GBUZ Yuzhno-Sakhalinsk oncologic dispensary</name>
      <address>
        <city>Yuzhno-Sakhalinsk</city>
        <zip>693010</zip>
        <country>Russian Federation</country>
      </address>
    </facility>
    <status>Recruiting</status>
    <contact>
      <last_name>Elvira Parsadanova, MD</last_name>
      <phone>8 (424) 276-23-24</phone>
      <email>2903410@mail.ru</email>
    </contact>
  </location>
  <location_countries>
    <country>Russian Federation</country>
  </location_countries>
  <verification_date>May 2022</verification_date>
  <study_first_submitted>September 27, 2021</study_first_submitted>
  <study_first_submitted_qc>December 23, 2021</study_first_submitted_qc>
  <study_first_posted type="Actual">December 28, 2021</study_first_posted>
  <last_update_submitted>May 29, 2022</last_update_submitted>
  <last_update_submitted_qc>May 29, 2022</last_update_submitted_qc>
  <last_update_posted type="Actual">June 1, 2022</last_update_posted>
  <responsible_party>
    <responsible_party_type>Sponsor</responsible_party_type>
  </responsible_party>
  <condition_browse>
    <!-- CAUTION:  The following MeSH terms are assigned with an imperfect algorithm            -->
    <mesh_term>Melanoma</mesh_term>
  </condition_browse>
  <intervention_browse>
    <!-- CAUTION:  The following MeSH terms are assigned with an imperfect algorithm            -->
    <mesh_term>Trametinib</mesh_term>
    <mesh_term>Dabrafenib</mesh_term>
  </intervention_browse>
  <patient_data>
    <sharing_ipd>No</sharing_ipd>
  </patient_data>
  <!-- Results have not yet been posted for this study                                          -->
</clinical_study>

