<?xml version="1.0" encoding="UTF-8"?>
<clinical_study rank="225">
  <!-- This xml conforms to an XML Schema at:
    https://clinicaltrials.gov/ct2/html/images/info/public.xsd -->
  <required_header>
    <download_date>ClinicalTrials.gov processed this data on February 06, 2024</download_date>
    <link_text>Link to the current ClinicalTrials.gov record.</link_text>
    <url>https://clinicaltrials.gov/ct2/show/NCT05572463</url>
  </required_header>
  <id_info>
    <org_study_id>PLATFORM201</org_study_id>
    <nct_id>NCT05572463</nct_id>
  </id_info>
  <brief_title>A Platform Study of Novel Immunotherapy Products in Participants With Previously Treated Unresectable or Metastatic Cutaneous Melanoma</brief_title>
  <official_title>A Randomized, Open-label, Multicenter, Multi-arm, Phase 1b/2 Platform Study to Evaluate Safety and Efficacy of Investigational Immunotherapies in Participants With Previously Treated Unresectable or Metastatic Melanoma</official_title>
  <sponsors>
    <lead_sponsor>
      <agency>Innovent Biologics (Suzhou) Co. Ltd.</agency>
      <agency_class>Industry</agency_class>
    </lead_sponsor>
    <collaborator>
      <agency>Innovent Biologics (USA), Inc.</agency>
      <agency_class>Other</agency_class>
    </collaborator>
  </sponsors>
  <source>Innovent Biologics (Suzhou) Co. Ltd.</source>
  <oversight_info>
    <has_dmc>Yes</has_dmc>
    <is_fda_regulated_drug>Yes</is_fda_regulated_drug>
    <is_fda_regulated_device>No</is_fda_regulated_device>
  </oversight_info>
  <brief_summary>
    <textblock>
      This is a platform study evaluating the safety and efficacy of multiple novel investigational&#xD;
      products (IPs) that target unresectable or metastatic cutaneous melanoma in participants who&#xD;
      have failed standard treatment.&#xD;
    </textblock>
  </brief_summary>
  <detailed_description>
    <textblock>
      This is a Phase 1b/2, randomized, open label, multicenter, platform study evaluating the&#xD;
      safety and efficacy of multiple novel investigational products (IPs) that target mechanisms&#xD;
      implicated in resistance to immunotherapy in participants with unresectable or metastatic&#xD;
      cutaneous melanoma who have resistance to anti-PD-1/L1 agents. This study will include&#xD;
      multiple treatment arms that can be added sequentially or in parallel.&#xD;
&#xD;
      Each arm consists of a selection and expansion part. The selection part is used for&#xD;
      evaluation of safety and preliminary efficacy in each arm. The selection part may also&#xD;
      include a safety run-in portion for preliminary safety evaluation and dose confirmation prior&#xD;
      to proceeding. If the criteria for safety and preliminary efficacy are met, the arm will open&#xD;
      for additional enrollment in an expansion phase.&#xD;
    </textblock>
  </detailed_description>
  <overall_status>Withdrawn</overall_status>
  <why_stopped>
    Sponsor Strategy&#xD;
  </why_stopped>
  <start_date type="Anticipated">November 1, 2022</start_date>
  <completion_date type="Anticipated">December 31, 2027</completion_date>
  <primary_completion_date type="Anticipated">June 30, 2027</primary_completion_date>
  <phase>Phase 1/Phase 2</phase>
  <study_type>Interventional</study_type>
  <has_expanded_access>No</has_expanded_access>
  <study_design_info>
    <allocation>Randomized</allocation>
    <intervention_model>Sequential Assignment</intervention_model>
    <intervention_model_description>An open-label platform study that will allow evaluation of multiple novel IPs. The study will include multiple treatment arms that can be added sequentially or in parallel. There will be a master protocol describing study design elements common to all treatment arms with treatment arms described in the appendices, added through amendments.</intervention_model_description>
    <primary_purpose>Treatment</primary_purpose>
    <masking>None (Open Label)</masking>
  </study_design_info>
  <primary_outcome>
    <measure>To evaluate the safety, tolerability, and preliminary efficacy of novel immunotherapy IPs in participants with unresectable or metastatic melanoma that progressed while on prior treatment that included an anti-PD-1/L1 agent. (Selection Part)</measure>
    <time_frame>Up to 28 months</time_frame>
    <description>Incidence and severity of Adverse Events (AEs) and laboratory abnormalities</description>
  </primary_outcome>
  <primary_outcome>
    <measure>To evaluate the safety, tolerability, and preliminary efficacy of novel immunotherapy IPs in participants with unresectable or metastatic melanoma that progressed while on prior treatment that included an anti-PD-1/L1 agent. (Selection Part)</measure>
    <time_frame>Day 1 to Day 42</time_frame>
    <description>Incidence of dose-limiting toxicities (DLTs) [only applicable for safety run-in portion]</description>
  </primary_outcome>
  <primary_outcome>
    <measure>To identify novel immunotherapy IPs to progress into the expansion part (Selection Part)</measure>
    <time_frame>Up to 2 years</time_frame>
    <description>Overall response rate (ORR) by Response Evaluation Criteria in Solid Tumors (RECIST) 1.1</description>
  </primary_outcome>
  <primary_outcome>
    <measure>To evaluate the antitumor efficacy of immunotherapy in partcipants with unresectable or metastatic melanoma that progressed while on prior treatment(s) that included an anti-PD-1/L1 agent. (Expansion Part)</measure>
    <time_frame>Up to 2 years</time_frame>
    <description>ORR by RECIST 1.1</description>
  </primary_outcome>
  <secondary_outcome>
    <measure>To evaluate the preliminary anti-tumor efficacy by assessing additional endpoints of novel immunotherapy IPs (Selection Part)</measure>
    <time_frame>Up to 4 years</time_frame>
    <description>Duration of response (DOR) by RECIST 1.1</description>
  </secondary_outcome>
  <secondary_outcome>
    <measure>To evaluate the preliminary anti-tumor efficacy by assessing additional endpoints of novel immunotherapy IPs (Selection Part)</measure>
    <time_frame>Up to 2 years</time_frame>
    <description>Time to Response (TTR) by RECIST 1.1</description>
  </secondary_outcome>
  <secondary_outcome>
    <measure>To evaluate the preliminary anti-tumor efficacy by assessing additional endpoints of novel immunotherapy IPs (Selection Part)</measure>
    <time_frame>Up to 2 years</time_frame>
    <description>Disease control rate (DCR) by RECIST 1.1</description>
  </secondary_outcome>
  <secondary_outcome>
    <measure>To evaluate the preliminary anti-tumor efficacy by assessing additional endpoints of novel immunotherapy IPs (Selection Part)</measure>
    <time_frame>Up to 4 years</time_frame>
    <description>Progression-free survival (PFS) by RECIST 1.1</description>
  </secondary_outcome>
  <secondary_outcome>
    <measure>To evaluate the preliminary anti-tumor efficacy by assessing additional endpoints of novel immunotherapy IPs (Selection Part)</measure>
    <time_frame>Up to 4 years</time_frame>
    <description>Overall survival (OS)</description>
  </secondary_outcome>
  <secondary_outcome>
    <measure>To characterize the pharmacokinetic (PK) profile and immunogenicity (Selection, Expansion Part)</measure>
    <time_frame>Up to 25 months</time_frame>
    <description>Pharmacokinetic parameters including, but not limited to area under the concentration -time curve over dosing interval (AUCtau), Maximum observed plasma concentration at steady state (Cmax,ss), and trough plasma concentration at steady state (Ctrough,ss)</description>
  </secondary_outcome>
  <secondary_outcome>
    <measure>To characterize the pharmacokinetic (PK) profile and immunogenicity (Selection, Expansion Part)</measure>
    <time_frame>Up to 25 months</time_frame>
    <description>Prevalence and incidence of anti-product antibodies (ADA, Nab)</description>
  </secondary_outcome>
  <secondary_outcome>
    <measure>To evaluate anti-tumor efficacy by assessing additional endpoints by RECIST 1.1 (Expansion Part)</measure>
    <time_frame>Up to 4 years</time_frame>
    <description>Duration of response (DOR) by RECIST 1.1</description>
  </secondary_outcome>
  <secondary_outcome>
    <measure>To evaluate anti-tumor efficacy by assessing additional endpoints by RECIST 1.1 (Expansion Part)</measure>
    <time_frame>Up to 2 years</time_frame>
    <description>Time to Response (TTR) by RECIST 1.1</description>
  </secondary_outcome>
  <secondary_outcome>
    <measure>To evaluate anti-tumor efficacy by assessing additional endpoints by RECIST 1.1 (Expansion Part)</measure>
    <time_frame>Up to 2 years</time_frame>
    <description>Disease control rate (DCR) by RECIST 1.1</description>
  </secondary_outcome>
  <secondary_outcome>
    <measure>To evaluate anti-tumor efficacy by assessing additional endpoints by RECIST 1.1 (Expansion Part)</measure>
    <time_frame>Up to 4 years</time_frame>
    <description>Progression-free survival (PFS) by RECIST 1.1</description>
  </secondary_outcome>
  <secondary_outcome>
    <measure>To evaluate anti-tumor efficacy by assessing additional endpoints by RECIST 1.1 (Expansion Part)</measure>
    <time_frame>Up to 4 years</time_frame>
    <description>Overall survival (OS)</description>
  </secondary_outcome>
  <secondary_outcome>
    <measure>To further evaluate the safety and tolerability of novel immunotherapy IPs (Expansion Part)</measure>
    <time_frame>Up to 28 months</time_frame>
    <description>Incidence and severity of AEs and laboratory abnormalities</description>
  </secondary_outcome>
  <number_of_arms>1</number_of_arms>
  <enrollment type="Actual">0</enrollment>
  <condition>Unresectable Cutaneous Melanoma</condition>
  <condition>Metastatic Cutaneous Melanoma</condition>
  <arm_group>
    <arm_group_label>Treatment Arm 1</arm_group_label>
    <arm_group_type>Experimental</arm_group_type>
    <description>Sintilimab is a recombinant fully human anti-programmed cell death protein 1 (PD-1) monoclonal antibody, and IBI110 is a recombinant fully human anti-lymphocyte activation gene 3 (LAG3) monoclonal antibody. Sintilimab (IBI308) will be administered intravenously (IV) in combination with IBI110 administered intravenously (IV) every 3-weeks (Q3W).</description>
  </arm_group>
  <intervention>
    <intervention_type>Combination Product</intervention_type>
    <intervention_name>Sintilimab + IBI110</intervention_name>
    <description>IBI110 infusion in combination with Sintilimab (IBI308) infusion will be given on a Q3W schedule</description>
    <arm_group_label>Treatment Arm 1</arm_group_label>
    <other_name>Sintilimab (IBI308)</other_name>
  </intervention>
  <eligibility>
    <criteria>
      <textblock>
        Inclusion Criteria:&#xD;
&#xD;
          1. Adults, age 18 years or older&#xD;
&#xD;
          2. Histologically confirmed unresectable or metastatic cutaneous melanoma&#xD;
&#xD;
          3. Documented radiological progression on prior treatment(s) that included an&#xD;
             anti-PD-1/L1 agent&#xD;
&#xD;
          4. Available tumor tissue OR be willing to provide a fresh tumor biopsy&#xD;
&#xD;
          5. Presence of at least one measurable lesion as assessed by CT and/or MRI according to&#xD;
             RECIST 1.1&#xD;
&#xD;
          6. Eastern Cooperative Oncology Group Performance Status (ECOG PS) of 0-1&#xD;
&#xD;
          7. Adequate organ and bone marrow function&#xD;
&#xD;
        Exclusion Criteria:&#xD;
&#xD;
          1. Known hypersensitivity to monoclonal antibodies, any of the IPs, or excipients&#xD;
             contained in these products&#xD;
&#xD;
          2. Current anti-cancer therapy, other investigational treatment, or any participation in&#xD;
             other interventional trials&#xD;
&#xD;
          3. Prior exposure to any therapy that targets the same target as the product under&#xD;
             investigation, except for PD-1/L1&#xD;
&#xD;
          4. Known symptomatic/active untreated central nervous system (CNS) metastasis&#xD;
&#xD;
          5. Inadequate recovery from toxicity and/or complications attributable to any previous&#xD;
             anti-cancer therapy&#xD;
&#xD;
          6. Inadequate recovery from all recent surgeries&#xD;
&#xD;
          7. At least 1-week from the time of minor surgery and at least 4 weeks from a major&#xD;
             surgery&#xD;
&#xD;
          8. Received a live vaccine within 30 days prior to randomization (or planned to receive a&#xD;
             live attenuated vaccine during the study)&#xD;
&#xD;
          9. History of HIV infection (positive HIV test, not on antiretroviral therapy, detectable&#xD;
             viral load)&#xD;
&#xD;
         10. Active hepatitis B (positive hepatitis B surface antigen test) or hepatitis C&#xD;
             infection (positive hepatitis C antibody)&#xD;
&#xD;
         11. Documented history or current diagnosis of clinically significant cardiac disease&#xD;
&#xD;
         12. History of or present CNS disease unrelated to cancer, unless adequately treated with&#xD;
             standard medical therapy&#xD;
&#xD;
         13. Received solid organ or bone marrow transplantation&#xD;
&#xD;
         14. History of non-infectious pneumonitis requiring corticosteroid therapy within 1 year&#xD;
             prior to enrollment, or current presence of interstitial lung disease&#xD;
&#xD;
         15. Active or previously documented autoimmune disease including but not limited to&#xD;
             inflammatory bowel disease, diverticulitis, celiac disease, systemic lupus&#xD;
             erythematosus, Wegener syndrome, multiple sclerosis, and vasculitis&#xD;
&#xD;
         16. Requiring long term systemic corticosteroids, except topical cortical steroids for&#xD;
             intranasal inhalation or physiological dose&#xD;
&#xD;
         17. Active gastrointestinal (GI) bleeding or GI perforation or fistula&#xD;
&#xD;
         18. Serious active infection requiring intravenous (IV) antibiotics and/or hospitalization&#xD;
             at study entry&#xD;
&#xD;
         19. Pregnant or lactating women or women who intend to get pregnant or lactate during the&#xD;
             study and up to 120 days after the end of treatment&#xD;
      </textblock>
    </criteria>
    <gender>All</gender>
    <minimum_age>18 Years</minimum_age>
    <maximum_age>N/A</maximum_age>
    <healthy_volunteers>No</healthy_volunteers>
  </eligibility>
  <location>
    <facility>
      <name>University of California San Francisco Medical Center</name>
      <address>
        <city>San Francisco</city>
        <state>California</state>
        <zip>94143</zip>
        <country>United States</country>
      </address>
    </facility>
  </location>
  <location>
    <facility>
      <name>Henry Ford Hospital</name>
      <address>
        <city>Detroit</city>
        <state>Michigan</state>
        <zip>48202</zip>
        <country>United States</country>
      </address>
    </facility>
  </location>
  <location>
    <facility>
      <name>Hackensack University Medical Center</name>
      <address>
        <city>Hackensack</city>
        <state>New Jersey</state>
        <zip>07601</zip>
        <country>United States</country>
      </address>
    </facility>
  </location>
  <location>
    <facility>
      <name>Princess Victoria Hospital</name>
      <address>
        <city>Woolloongabba</city>
        <state>Queensland</state>
        <zip>4102</zip>
        <country>Australia</country>
      </address>
    </facility>
  </location>
  <location>
    <facility>
      <name>Hospices Civil De Lyon Nord - Centre Hospitalier Lyon Sud - Dermatologie</name>
      <address>
        <city>Lyon</city>
        <zip>69002</zip>
        <country>France</country>
      </address>
    </facility>
  </location>
  <location>
    <facility>
      <name>Hospital Saint Louis</name>
      <address>
        <city>Paris</city>
        <zip>75010</zip>
        <country>France</country>
      </address>
    </facility>
  </location>
  <location>
    <facility>
      <name>Universitatsklinikum Carl Gustav Carus</name>
      <address>
        <city>Dresden</city>
        <zip>01307</zip>
        <country>Germany</country>
      </address>
    </facility>
  </location>
  <location>
    <facility>
      <name>Universitatsklinikum Essen</name>
      <address>
        <city>Essen</city>
        <zip>45147</zip>
        <country>Germany</country>
      </address>
    </facility>
  </location>
  <location>
    <facility>
      <name>Institut Catala d'Oncologia Hospital Universitari Germans Trials I Pujol, Barcelona</name>
      <address>
        <city>Barcelona</city>
        <zip>8916</zip>
        <country>Spain</country>
      </address>
    </facility>
  </location>
  <location>
    <facility>
      <name>Hospital Universitario Reina Sofia, Cordoba</name>
      <address>
        <city>Córdoba</city>
        <zip>14004</zip>
        <country>Spain</country>
      </address>
    </facility>
  </location>
  <location>
    <facility>
      <name>Universitaets Spital Zurich</name>
      <address>
        <city>Zürich</city>
        <zip>8091</zip>
        <country>Switzerland</country>
      </address>
    </facility>
  </location>
  <location>
    <facility>
      <name>Cambridge University Hospitals NHS Foundation Trust (Oxford)</name>
      <address>
        <city>Cambridge</city>
        <zip>CB2 0QQ</zip>
        <country>United Kingdom</country>
      </address>
    </facility>
  </location>
  <location>
    <facility>
      <name>Lancashire Teaching Hospitals (Preston)</name>
      <address>
        <city>Preston</city>
        <zip>PR2 9HT</zip>
        <country>United Kingdom</country>
      </address>
    </facility>
  </location>
  <location_countries>
    <country>Australia</country>
    <country>France</country>
    <country>Germany</country>
    <country>Spain</country>
    <country>Switzerland</country>
    <country>United Kingdom</country>
    <country>United States</country>
  </location_countries>
  <verification_date>November 2022</verification_date>
  <study_first_submitted>October 5, 2022</study_first_submitted>
  <study_first_submitted_qc>October 5, 2022</study_first_submitted_qc>
  <study_first_posted type="Actual">October 7, 2022</study_first_posted>
  <last_update_submitted>November 16, 2022</last_update_submitted>
  <last_update_submitted_qc>November 16, 2022</last_update_submitted_qc>
  <last_update_posted type="Actual">November 18, 2022</last_update_posted>
  <responsible_party>
    <responsible_party_type>Sponsor</responsible_party_type>
  </responsible_party>
  <keyword>Neoplasms</keyword>
  <keyword>Melanoma</keyword>
  <keyword>Malignant Melanoma</keyword>
  <condition_browse>
    <!-- CAUTION:  The following MeSH terms are assigned with an imperfect algorithm            -->
    <mesh_term>Melanoma</mesh_term>
    <mesh_term>Skin Neoplasms</mesh_term>
  </condition_browse>
  <!-- Results have not yet been posted for this study                                          -->
</clinical_study>

