<?xml version="1.0" encoding="UTF-8"?>
<clinical_study rank="312">
  <!-- This xml conforms to an XML Schema at:
    https://clinicaltrials.gov/ct2/html/images/info/public.xsd -->
  <required_header>
    <download_date>ClinicalTrials.gov processed this data on February 06, 2024</download_date>
    <link_text>Link to the current ClinicalTrials.gov record.</link_text>
    <url>https://clinicaltrials.gov/ct2/show/NCT05723432</url>
  </required_header>
  <id_info>
    <org_study_id>KD6001CT02</org_study_id>
    <nct_id>NCT05723432</nct_id>
  </id_info>
  <brief_title>KD6001 in Combination With Anti-PD-1 Antibody in Patients With Advanced Melanoma</brief_title>
  <official_title>A Study to Evaluate the Safety, Tolerability, Pharmacokinetics and Initial Efficacy of KD6001 in Combination With Anti-PD-1 Antibody in Patients With Advanced Melanoma</official_title>
  <sponsors>
    <lead_sponsor>
      <agency>Shanghai Kanda Biotechnology Co., Ltd.</agency>
      <agency_class>Industry</agency_class>
    </lead_sponsor>
  </sponsors>
  <source>Shanghai Kanda Biotechnology Co., Ltd.</source>
  <oversight_info>
    <is_fda_regulated_drug>No</is_fda_regulated_drug>
    <is_fda_regulated_device>No</is_fda_regulated_device>
  </oversight_info>
  <brief_summary>
    <textblock>
      This is a phase 1b/2, open label study to evaluate the safety, tolerability, pharmacokinetics&#xD;
      and initial efficacy of KD6001 in combination with toripalimab in patients with advanced&#xD;
      melanoma.&#xD;
    </textblock>
  </brief_summary>
  <overall_status>Recruiting</overall_status>
  <start_date type="Actual">March 22, 2023</start_date>
  <completion_date type="Anticipated">December 31, 2025</completion_date>
  <primary_completion_date type="Anticipated">December 31, 2024</primary_completion_date>
  <phase>Phase 1/Phase 2</phase>
  <study_type>Interventional</study_type>
  <has_expanded_access>No</has_expanded_access>
  <study_design_info>
    <allocation>N/A</allocation>
    <intervention_model>Single Group Assignment</intervention_model>
    <primary_purpose>Treatment</primary_purpose>
    <masking>None (Open Label)</masking>
  </study_design_info>
  <primary_outcome>
    <measure>Number of Participants with Dose Limiting Toxicities (DLTs)</measure>
    <time_frame>Up to Day 21</time_frame>
    <description>DLTs will be assessed during the dose-escalation phase and are defined as the following treatment-related adverse events occurring within a total of 21 days after the first trial administration.</description>
  </primary_outcome>
  <primary_outcome>
    <measure>The incidence and safety profile of participants with adverse events (AEs), serious adverse events(SAE), and immune-related adverse event(irAE)</measure>
    <time_frame>Baseline to study completion up to 2 years</time_frame>
    <description>Evaluate the adverse events (AE) according to National Cancer Institute Common Terminology Criteria for Adverse Events v5.0 (NCI CTCAE 5.0).</description>
  </primary_outcome>
  <primary_outcome>
    <measure>Maximum tolerated dose (MTD)</measure>
    <time_frame>Up to Day 21</time_frame>
    <description>The maximum tolerated dose (MTD) of KD6001 combined with toripalimab</description>
  </primary_outcome>
  <primary_outcome>
    <measure>Recommended Phase II dose (RP2D)</measure>
    <time_frame>Up to Day 21</time_frame>
    <description>Recommended Phase 2 dose (RP2D) of KD6001 combined with toripalimab</description>
  </primary_outcome>
  <secondary_outcome>
    <measure>The antitumor activity of KD6001 in combination with Toripalimab measured by Response Evaluation Criteria in Solid Tumors (RECIST) 1.1 and modified RECIST 1.1</measure>
    <time_frame>Baseline to study completion up to 2 years</time_frame>
    <description>Number of participants with response according to Response Evaluation Criteria in Solid Tumors (RECIST) version 1.1 criteria and modified RECIST 1.1</description>
  </secondary_outcome>
  <secondary_outcome>
    <measure>The PK profile of KD6001 in combination with Toripalimab</measure>
    <time_frame>Baseline to study completion up to 2 years</time_frame>
    <description>Drug concentration of individual subject at different time points after administration; Pharmacokinetic parameters</description>
  </secondary_outcome>
  <secondary_outcome>
    <measure>The immunogenicity of KD6001 in combination with Toripalimab</measure>
    <time_frame>Baseline to study completion up to 2 years</time_frame>
    <description>Including the incidence of ADA positive. For ADA positive patients, the incidence of neutralizing antibody (NAB) will be analyzed.</description>
  </secondary_outcome>
  <number_of_arms>1</number_of_arms>
  <enrollment type="Anticipated">84</enrollment>
  <condition>Melanoma</condition>
  <arm_group>
    <arm_group_label>KD6001+Toripalimab</arm_group_label>
    <arm_group_type>Experimental</arm_group_type>
    <description>KD6001 combined with toripalimab in patients with advanced melanoma</description>
  </arm_group>
  <intervention>
    <intervention_type>Drug</intervention_type>
    <intervention_name>KD6001</intervention_name>
    <description>KD6001 will be administered intravenously.</description>
    <arm_group_label>KD6001+Toripalimab</arm_group_label>
  </intervention>
  <intervention>
    <intervention_type>Drug</intervention_type>
    <intervention_name>Toripalimab</intervention_name>
    <description>Toripalimab will be administered intravenously.</description>
    <arm_group_label>KD6001+Toripalimab</arm_group_label>
    <other_name>JS001</other_name>
  </intervention>
  <eligibility>
    <criteria>
      <textblock>
        Main Inclusion Criteria:&#xD;
&#xD;
          1. Being voluntary to sign the informed consent form.&#xD;
&#xD;
          2. Male or female, aged ≥ 18 years.&#xD;
&#xD;
          3. Patients whose estimated survival time is more than 3 months.&#xD;
&#xD;
          4. Eastern Cooperative Oncology Group (ECOG) performance status score 0 or 1.&#xD;
&#xD;
          5. Histologically or cytologically confirmed advanced or metastatic melanoma, and the&#xD;
             overall proportion of subjects with mucosal malignant melanoma will not exceed 22%.&#xD;
&#xD;
          6. At least one measurable lesion is used as the target lesion according to the Response&#xD;
             Evaluation Criteria in Solid Tumors Version 1.1(RECIST V1.1).&#xD;
&#xD;
          7. The results of laboratory examination during the screening period suggest that the&#xD;
             subjects have good organ function.&#xD;
&#xD;
          8. Male subjects with reproductive ability or female subjects with the possibility of&#xD;
             pregnancy use effective contraceptive methods.&#xD;
&#xD;
          9. Good compliance and follow-up.&#xD;
&#xD;
        Main Exclusion Criteria:&#xD;
&#xD;
          1. Systematic treatment with antitumor drugs within 4 weeks prior to the start of this&#xD;
             study.&#xD;
&#xD;
          2. Received immunotherapy (including PD-1/PD-L1 therapy and cell therapy) within 4 weeks&#xD;
             prior to the start of this study.&#xD;
&#xD;
          3. Prior treatment with anti-CTLA-4 antibody.&#xD;
&#xD;
          4. Subjects with an active, known or suspected autoimmune disease.&#xD;
&#xD;
          5. Subjects with hepatitis (nonalcoholic steatohepatitis, alcoholic or drug-related,&#xD;
             autoimmune hepatitis) and liver cirrhosis; active hepatitis B or hepatitis C.&#xD;
&#xD;
          6. Subjects with an active infection requiring systemic treatment.&#xD;
&#xD;
          7. Known history of testing positive for human immunodeficiency virus (HIV).&#xD;
&#xD;
          8. Subjects known to have active tuberculosis (TB).&#xD;
&#xD;
          9. Known to be allergic to KD6001 or Toripalimab and its components.&#xD;
      </textblock>
    </criteria>
    <gender>All</gender>
    <minimum_age>18 Years</minimum_age>
    <maximum_age>N/A</maximum_age>
    <healthy_volunteers>No</healthy_volunteers>
  </eligibility>
  <overall_contact>
    <last_name>Chi Zhang</last_name>
    <phone>+8615800854907</phone>
    <email>zhangchi@kandatech.cn</email>
  </overall_contact>
  <location>
    <facility>
      <name>Beijing Cancer Hospital</name>
      <address>
        <city>Beijing</city>
        <country>China</country>
      </address>
    </facility>
    <status>Recruiting</status>
    <contact>
      <last_name>Jun Guo, MD</last_name>
      <phone>010-88121122</phone>
      <email>guoj307@126.com</email>
    </contact>
    <investigator>
      <last_name>Jun Guo, MD</last_name>
      <role>Principal Investigator</role>
    </investigator>
  </location>
  <location_countries>
    <country>China</country>
  </location_countries>
  <verification_date>April 2023</verification_date>
  <study_first_submitted>February 3, 2023</study_first_submitted>
  <study_first_submitted_qc>February 3, 2023</study_first_submitted_qc>
  <study_first_posted type="Actual">February 10, 2023</study_first_posted>
  <last_update_submitted>April 25, 2023</last_update_submitted>
  <last_update_submitted_qc>April 25, 2023</last_update_submitted_qc>
  <last_update_posted type="Actual">April 27, 2023</last_update_posted>
  <responsible_party>
    <responsible_party_type>Sponsor</responsible_party_type>
  </responsible_party>
  <condition_browse>
    <!-- CAUTION:  The following MeSH terms are assigned with an imperfect algorithm            -->
    <mesh_term>Melanoma</mesh_term>
  </condition_browse>
  <!-- Results have not yet been posted for this study                                          -->
</clinical_study>

