<?xml version="1.0" encoding="UTF-8"?>
<clinical_study rank="116">
  <!-- This xml conforms to an XML Schema at:
    https://clinicaltrials.gov/ct2/html/images/info/public.xsd -->
  <required_header>
    <download_date>ClinicalTrials.gov processed this data on February 06, 2024</download_date>
    <link_text>Link to the current ClinicalTrials.gov record.</link_text>
    <url>https://clinicaltrials.gov/ct2/show/NCT04920162</url>
  </required_header>
  <id_info>
    <org_study_id>20-AOIP-03</org_study_id>
    <nct_id>NCT04920162</nct_id>
  </id_info>
  <brief_title>Search for New Predictive Markers of the Immune Response in Vitiligo and Melanoma</brief_title>
  <acronym>VITILIMEL</acronym>
  <official_title>Search for New Predictive Markers of the Immune Response in Vitiligo and Melanoma (Vitilimel Study)</official_title>
  <sponsors>
    <lead_sponsor>
      <agency>Centre Hospitalier Universitaire de Nice</agency>
      <agency_class>Other</agency_class>
    </lead_sponsor>
  </sponsors>
  <source>Centre Hospitalier Universitaire de Nice</source>
  <oversight_info>
    <has_dmc>No</has_dmc>
    <is_fda_regulated_drug>No</is_fda_regulated_drug>
    <is_fda_regulated_device>No</is_fda_regulated_device>
  </oversight_info>
  <brief_summary>
    <textblock>
      Skin diseases can have various origins. However, a number of them are linked to an imbalance&#xD;
      in the immune system which will lead to either an excessively strong autoimmune response or a&#xD;
      complete lack of response against cancer cells. Indeed, both melanoma and vitiligo are&#xD;
      pathologies where the immune system plays an important role in the progression of the&#xD;
      disease.&#xD;
&#xD;
      Advanced stage melanoma (metastatic lymph node and / or visceral) have a poor prognosis.&#xD;
      Although targeted therapies and immunotherapies have improved the outcome for patient however&#xD;
      significant proportion of these patients (~ 50%) developed resistance to therapies.&#xD;
&#xD;
      Vitiligo is a relatively common dermatosis affecting approximately 0.5% to 1% of the French&#xD;
      population. Vitiligo results from the destruction of the melanocytes by the immune system. It&#xD;
      is manifested by acquired depigmented macules, well limited and asymptomatic. Patients&#xD;
      suffering from this condition have a marked decrease in their quality of life. There has been&#xD;
      shown a strong link between vitiligo and melanoma. Indeed, patients with melanoma who develop&#xD;
      vitiligo (~ 9% of patients treated with anti-PD-1 drugs) have a better prognosis compared to&#xD;
      patients who do not develop vitiligo.&#xD;
&#xD;
      Interestingly, in melanoma cases where the immune system is inactive, the investigators have&#xD;
      identified a new molecule secreted by melanoma cells, ITGBL1, leading to the exclusion of&#xD;
      immune cells, decreased cytokines secretion and decreased immune cell activation. It is&#xD;
      therefore essential to better understand the regulatory mechanism of the immune system in&#xD;
      patients with vitiligo or in patients with melanoma treated by immunotherapy in order to be&#xD;
      able to propose new therapeutic solutions for these patients.&#xD;
&#xD;
      No study to date has investigated the expression of ITGBL1 and serum inflammatory markers&#xD;
      during the development of melanoma. Likewise in vitiligo, if a loss of ITGBL1 is observed,&#xD;
      new treatments could be developed in order to limit the progression of the disease by&#xD;
      re-expressing this protein.&#xD;
&#xD;
      Thus, the investigators exploratory study will provide the first answers to the predictive&#xD;
      value of these markers for these pathologies in order to adapt and develop new treatments.&#xD;
    </textblock>
  </brief_summary>
  <overall_status>Recruiting</overall_status>
  <start_date type="Actual">December 28, 2021</start_date>
  <completion_date type="Anticipated">September 2024</completion_date>
  <primary_completion_date type="Anticipated">September 2024</primary_completion_date>
  <phase>N/A</phase>
  <study_type>Interventional</study_type>
  <has_expanded_access>No</has_expanded_access>
  <study_design_info>
    <allocation>N/A</allocation>
    <intervention_model>Single Group Assignment</intervention_model>
    <primary_purpose>Basic Science</primary_purpose>
    <masking>None (Open Label)</masking>
  </study_design_info>
  <primary_outcome>
    <measure>Changes in blood ITGBL1 expression during immunotherpay</measure>
    <time_frame>12 months</time_frame>
    <description>ITGBL1 expression will be measured from the plasma of patients and compared immunotherpy response based on scanner analysis according to RECIST1.1 criteria, and compared to ITGBL1 expression in vitiligo patients or healthy controls</description>
  </primary_outcome>
  <secondary_outcome>
    <measure>Changes in cytokine CXCL9 expression in plasma</measure>
    <time_frame>12 months</time_frame>
    <description>Elisa of different cytokines will be assessed in ng/ml from plasma of patients with melanoma, vitiligo or healthy controls</description>
  </secondary_outcome>
  <secondary_outcome>
    <measure>Changes in cytokine CXCL10 expression in plasma</measure>
    <time_frame>12 months</time_frame>
    <description>Elisa of different cytokines will be assessed in ng/ml from plasma of patients with melanoma, vitiligo or healthy controls</description>
  </secondary_outcome>
  <secondary_outcome>
    <measure>Immune cells activity</measure>
    <time_frame>12 months</time_frame>
    <description>Immune cells will be isolated from the blood of all subjects and lytic activity against tumor cells will be assessed and compared to immune system activity response from the same patients</description>
  </secondary_outcome>
  <number_of_arms>1</number_of_arms>
  <enrollment type="Anticipated">20</enrollment>
  <condition>Melanoma and Vitiligo</condition>
  <arm_group>
    <arm_group_label>Skin deseases biospecimens collection</arm_group_label>
    <arm_group_type>Other</arm_group_type>
    <description>Collect of blood samples without DNA into patients who had a vitiligo or a melanoma at day 0 until 1 year after their treatment</description>
  </arm_group>
  <intervention>
    <intervention_type>Other</intervention_type>
    <intervention_name>Biospecimen into patients who had skin diseases</intervention_name>
    <description>Collect of blood samples without DNA into patients who had a vitiligo or a melanoma at day 0 until 1 year after their treatment</description>
    <arm_group_label>Skin deseases biospecimens collection</arm_group_label>
  </intervention>
  <eligibility>
    <criteria>
      <textblock>
        Inclusion Criteria:&#xD;
&#xD;
          -  Patient diagnosed with non-segmental vitiligo (vitiligo)&#xD;
&#xD;
          -  Vitiligo affecting more than 5% of the total body surface (vitiligo)&#xD;
&#xD;
          -  Patient with unresectable stage III or stage IV skin melanoma confirmed histologically&#xD;
             (melanoma)&#xD;
&#xD;
          -  Treatment-naïve patient with an indication for anti-PD1 mono-immunotherapy with&#xD;
             nivolumab or pembrolizumab regardless of their BRAF status (melanoma)&#xD;
&#xD;
        Exclusion Criteria:&#xD;
&#xD;
          -  Segmental or mixed vitiligo (vitiligo)&#xD;
&#xD;
          -  Photodermatosis or taking a photosensitizing treatment (vitiligo)&#xD;
&#xD;
          -  Patient being allergic to gluten (vitiligo)&#xD;
&#xD;
          -  Melanoma of unknown origin (melanoma)&#xD;
&#xD;
          -  Ocular melanoma or mucous melanoma (melanoma)&#xD;
&#xD;
          -  Patient with brain metastases, symptomatic or not (melanoma)&#xD;
&#xD;
          -  Disease not measurable according to RECIST 1.1 criteria (melanoma)&#xD;
&#xD;
          -  Patient for whom a combination of anti-PD1 and anti-CTLA-4 immunotherapy is being&#xD;
             considered. (melanoma)&#xD;
&#xD;
          -  Active autoimmune disease: chronic inflammatory bowel disease and patients with&#xD;
             autoimmune disease that is or has been symptomatic&#xD;
&#xD;
          -  Patients with autoimmune motor neuropathy&#xD;
&#xD;
          -  Concomitant intake of oral immunosuppressive therapy or topical corticosteroid therapy&#xD;
             (on vitiligo lesions) or systemic&#xD;
&#xD;
          -  Organ transplant patients (kidney, liver, lung, heart, etc.)&#xD;
&#xD;
          -  Patient with a history of clinically significant allergy&#xD;
&#xD;
          -  History of treatment with anti-CTLA-4, anti-PD-1 or anti-PD-L1, including in an&#xD;
             adjuvant situation&#xD;
&#xD;
          -  HIV and / or HCV and / or HBV positive serologies&#xD;
&#xD;
          -  Patient's refusal to do an HIV, HBV, HCV serology&#xD;
&#xD;
          -  Vulnerable people (minors, patients under guardianship or guardianship, deprived of&#xD;
             their liberty, under the protection of justice, etc.)&#xD;
&#xD;
          -  Patient participating or having participated in another clinical drug trial during the&#xD;
             month preceding inclusion&#xD;
&#xD;
          -  Women who are pregnant or breastfeeding or who planned to become pregnant during the&#xD;
             course of the study.&#xD;
      </textblock>
    </criteria>
    <gender>All</gender>
    <minimum_age>18 Years</minimum_age>
    <maximum_age>N/A</maximum_age>
    <healthy_volunteers>No</healthy_volunteers>
  </eligibility>
  <overall_contact>
    <last_name>Henri Montaudie</last_name>
    <phone>0492036226</phone>
    <phone_ext>+33</phone_ext>
    <email>montaudie.h@chu-nice.fr</email>
  </overall_contact>
  <location>
    <facility>
      <name>CHU de Nice</name>
      <address>
        <city>Nice</city>
        <state>Provence Alpes Cote d'Azur</state>
        <zip>06000</zip>
        <country>France</country>
      </address>
    </facility>
    <status>Recruiting</status>
    <contact>
      <last_name>Henri Montaudie</last_name>
      <phone>0492036226</phone>
      <email>montaudie.h@chu-nice.fr</email>
    </contact>
    <investigator>
      <last_name>Henri MONTAUDIE, MD</last_name>
      <role>Principal Investigator</role>
    </investigator>
  </location>
  <location_countries>
    <country>France</country>
  </location_countries>
  <verification_date>November 2023</verification_date>
  <study_first_submitted>June 4, 2021</study_first_submitted>
  <study_first_submitted_qc>June 4, 2021</study_first_submitted_qc>
  <study_first_posted type="Actual">June 9, 2021</study_first_posted>
  <last_update_submitted>November 14, 2023</last_update_submitted>
  <last_update_submitted_qc>November 14, 2023</last_update_submitted_qc>
  <last_update_posted type="Actual">November 15, 2023</last_update_posted>
  <responsible_party>
    <responsible_party_type>Sponsor</responsible_party_type>
  </responsible_party>
  <condition_browse>
    <!-- CAUTION:  The following MeSH terms are assigned with an imperfect algorithm            -->
    <mesh_term>Melanoma</mesh_term>
    <mesh_term>Vitiligo</mesh_term>
  </condition_browse>
  <patient_data>
    <sharing_ipd>No</sharing_ipd>
  </patient_data>
  <!-- Results have not yet been posted for this study                                          -->
</clinical_study>

