<?xml version="1.0" encoding="UTF-8"?>
<clinical_study rank="381">
  <!-- This xml conforms to an XML Schema at:
    https://clinicaltrials.gov/ct2/html/images/info/public.xsd -->
  <required_header>
    <download_date>ClinicalTrials.gov processed this data on February 06, 2024</download_date>
    <link_text>Link to the current ClinicalTrials.gov record.</link_text>
    <url>https://clinicaltrials.gov/ct2/show/NCT06153238</url>
  </required_header>
  <id_info>
    <org_study_id>CGME751A12101</org_study_id>
    <nct_id>NCT06153238</nct_id>
  </id_info>
  <brief_title>A PK Study to Compare GME751 (Proposed Pembrolizumab Biosimilar) and US-licensed and EU-authorized Keytruda® in Participants With Stage II and III Melanoma</brief_title>
  <official_title>A Randomized, Double-blind, Parallel-group Study to Compare Pharmacokinetics of GME751 (Proposed Pembrolizumab Biosimilar) and US-licensed and EU Authorized Keytruda® in Participants With Stage II and III Melanoma Requiring Adjuvant Treatment With Pembrolizumab</official_title>
  <sponsors>
    <lead_sponsor>
      <agency>Sandoz</agency>
      <agency_class>Industry</agency_class>
    </lead_sponsor>
  </sponsors>
  <source>Sandoz</source>
  <oversight_info>
    <has_dmc>No</has_dmc>
    <is_fda_regulated_drug>Yes</is_fda_regulated_drug>
    <is_fda_regulated_device>No</is_fda_regulated_device>
  </oversight_info>
  <brief_summary>
    <textblock>
      The purpose of this study is to investigate the pharmacokinetic (PK) similarity and efficacy,&#xD;
      safety, and immunogenicity of GME751 compared with Keytruda® (pembrolizumab) in subjects with&#xD;
      resected advanced melanoma requiring adjuvant treatment with pembrolizumab.&#xD;
    </textblock>
  </brief_summary>
  <detailed_description>
    <textblock>
      Eligible subjects will be randomized in a 1:1:1 ratio to receive either GME751, Food and Drug&#xD;
      Administration (FDA)-licensed pembrolizumab (Keytruda-US) or European Union (EU)-authorized&#xD;
      pembrolizumab (Keytruda-EU). The maximum study duration for a participant will be&#xD;
      approximately 28 weeks including screening.&#xD;
&#xD;
      Treatment duration is 24 weeks (4 treatment cycles, each of 6 weeks duration). However,&#xD;
      subject should discontinue study participation in case of disease recurrence, unacceptable&#xD;
      toxicity or other reasons.&#xD;
&#xD;
      Participants who are benefiting from treatment with pembrolizumab without signs of recurrence&#xD;
      or unacceptable toxicity will be eligible for continued pembrolizumab treatment via most&#xD;
      suitable option based on the respective country regulations.&#xD;
    </textblock>
  </detailed_description>
  <overall_status>Not yet recruiting</overall_status>
  <start_date type="Anticipated">February 28, 2024</start_date>
  <completion_date type="Anticipated">June 20, 2025</completion_date>
  <primary_completion_date type="Anticipated">June 20, 2025</primary_completion_date>
  <phase>Phase 1</phase>
  <study_type>Interventional</study_type>
  <has_expanded_access>No</has_expanded_access>
  <study_design_info>
    <allocation>Randomized</allocation>
    <intervention_model>Parallel Assignment</intervention_model>
    <primary_purpose>Treatment</primary_purpose>
    <masking>Double (Participant, Investigator)</masking>
  </study_design_info>
  <primary_outcome>
    <measure>Area Under the Serum Concentration-time Curve from Time Zero to 42 Days (AUC0-42d)</measure>
    <time_frame>Day 1 (Postdose) through Day 42</time_frame>
    <description>The PK similarity (AUC0-42d) of GME751 compared with pembrolizumab will be demonstrated in subjects with advanced melanoma in the adjuvant setting.</description>
  </primary_outcome>
  <primary_outcome>
    <measure>Area Under the Serum Concentration-time Curve Over the Dosing Interval at Steady State</measure>
    <time_frame>Week 19 through Week 24</time_frame>
    <description>The PK similarity (AUCtau_ss) of GME751 compared with pembrolizumab will be demonstrated in subjects with advanced melanoma in the adjuvant setting.</description>
  </primary_outcome>
  <number_of_arms>3</number_of_arms>
  <enrollment type="Anticipated">318</enrollment>
  <condition>Melanoma</condition>
  <arm_group>
    <arm_group_label>GME751</arm_group_label>
    <arm_group_type>Experimental</arm_group_type>
    <description>Subjects will receive GME751 via intravenous (IV) infusion.</description>
  </arm_group>
  <arm_group>
    <arm_group_label>Keytruda - EU</arm_group_label>
    <arm_group_type>Active Comparator</arm_group_type>
    <description>Subjects will receive Keytruda-EU via intravenous (IV) infusion.</description>
  </arm_group>
  <arm_group>
    <arm_group_label>Keytruda - US</arm_group_label>
    <arm_group_type>Active Comparator</arm_group_type>
    <description>Subjects will receive Keytruda-US via intravenous (IV) infusion.</description>
  </arm_group>
  <intervention>
    <intervention_type>Drug</intervention_type>
    <intervention_name>GME751</intervention_name>
    <description>400 mg Q6W, i.v. infusion, over 24 weeks period</description>
    <arm_group_label>GME751</arm_group_label>
  </intervention>
  <intervention>
    <intervention_type>Drug</intervention_type>
    <intervention_name>Keytruda - EU</intervention_name>
    <description>400 mg Q6W, i.v. infusion, over 24 weeks period</description>
    <arm_group_label>Keytruda - EU</arm_group_label>
  </intervention>
  <intervention>
    <intervention_type>Drug</intervention_type>
    <intervention_name>Keytruda - US</intervention_name>
    <description>400 mg Q6W, i.v. infusion, over 24 weeks period</description>
    <arm_group_label>Keytruda - US</arm_group_label>
  </intervention>
  <eligibility>
    <criteria>
      <textblock>
        Inclusion Criteria:&#xD;
&#xD;
          -  At least 18 years of age&#xD;
&#xD;
          -  Advanced Melanoma&#xD;
&#xD;
          -  Completely removed melanoma by surgery performed within 13 weeks of randomization&#xD;
&#xD;
          -  Adequate organ function&#xD;
&#xD;
          -  Subject has an Eastern Cooperative Oncology Group (ECOG) performance status score of 0&#xD;
             or 1&#xD;
&#xD;
        Exclusion Criteria:&#xD;
&#xD;
          -  Known history or evidence of ocular or uveal melanoma&#xD;
&#xD;
          -  Known history of hypersensitivity (grade ≥3) to pembrolizumab or its excipients&#xD;
&#xD;
          -  Known History of auto-immune disease&#xD;
&#xD;
          -  Received live vaccine ≤30 days before the first study treatment&#xD;
&#xD;
          -  Prior treatment with anti-PD-1 agents or agent against another stimulatory or&#xD;
             co-inhibitory T cell receptor&#xD;
&#xD;
          -  Active autoimmune disease that has necessitated chronic systemic treatment within 2&#xD;
             years before the first study treatment&#xD;
&#xD;
        Other protocol-defined inclusion/exclusion criteria apply&#xD;
      </textblock>
    </criteria>
    <gender>All</gender>
    <minimum_age>18 Years</minimum_age>
    <maximum_age>N/A</maximum_age>
    <healthy_volunteers>No</healthy_volunteers>
  </eligibility>
  <overall_contact>
    <last_name>Clinical Disclosure Representative</last_name>
    <phone>+49 8024 / 908 0</phone>
    <email>sandoz.disclosure@sandoz.com</email>
  </overall_contact>
  <verification_date>November 2023</verification_date>
  <study_first_submitted>October 11, 2023</study_first_submitted>
  <study_first_submitted_qc>November 22, 2023</study_first_submitted_qc>
  <study_first_posted type="Actual">December 1, 2023</study_first_posted>
  <last_update_submitted>November 22, 2023</last_update_submitted>
  <last_update_submitted_qc>November 22, 2023</last_update_submitted_qc>
  <last_update_posted type="Actual">December 1, 2023</last_update_posted>
  <responsible_party>
    <responsible_party_type>Sponsor</responsible_party_type>
  </responsible_party>
  <condition_browse>
    <!-- CAUTION:  The following MeSH terms are assigned with an imperfect algorithm            -->
    <mesh_term>Melanoma</mesh_term>
  </condition_browse>
  <intervention_browse>
    <!-- CAUTION:  The following MeSH terms are assigned with an imperfect algorithm            -->
    <mesh_term>Pembrolizumab</mesh_term>
  </intervention_browse>
  <patient_data>
    <sharing_ipd>Undecided</sharing_ipd>
  </patient_data>
  <!-- Results have not yet been posted for this study                                          -->
</clinical_study>

