<?xml version="1.0" encoding="UTF-8"?>
<clinical_study rank="285">
  <!-- This xml conforms to an XML Schema at:
    https://clinicaltrials.gov/ct2/html/images/info/public.xsd -->
  <required_header>
    <download_date>ClinicalTrials.gov processed this data on February 06, 2024</download_date>
    <link_text>Link to the current ClinicalTrials.gov record.</link_text>
    <url>https://clinicaltrials.gov/ct2/show/NCT04563949</url>
  </required_header>
  <id_info>
    <org_study_id>17-02</org_study_id>
    <nct_id>NCT04563949</nct_id>
  </id_info>
  <brief_title>DermTech's Non-Invasive Pigmented Lesion Assay to Detect and Track Lesions for Suspected Melanoma and to Determine Outcomes for up to 2 Years</brief_title>
  <acronym>TRUST</acronym>
  <official_title>Clinical Practice Utility Study to Assess DermTech's Non-Invasive Pigmented Lesion Assay to Detect and Track Lesions for Suspected Melanoma and to Determine Outcomes for up to 2 Years</official_title>
  <sponsors>
    <lead_sponsor>
      <agency>DermTech</agency>
      <agency_class>Other</agency_class>
    </lead_sponsor>
  </sponsors>
  <source>DermTech</source>
  <oversight_info>
    <has_dmc>No</has_dmc>
    <is_fda_regulated_drug>Yes</is_fda_regulated_drug>
    <is_fda_regulated_device>No</is_fda_regulated_device>
    <is_us_export>No</is_us_export>
  </oversight_info>
  <brief_summary>
    <textblock>
      This is a multi-center, sample collection study to follow clinically suspicious lesions to&#xD;
      determine the outcome including surgical biopsy, removal, monitoring, etc. for up to 2 years&#xD;
      after lesion identification. Subjects who had, or will have a DermTech Pigmented Lesion Assay&#xD;
      completed on a lesion suspected of being melanoma are eligible for the study. Based on&#xD;
      historical data, an expected melanoma rate of approximately 5% to 10% is anticipated.&#xD;
    </textblock>
  </brief_summary>
  <detailed_description>
    <textblock>
      This is a multi-center, sample collection study to follow clinically suspicious lesions to&#xD;
      determine the outcome including surgical biopsy, removal, monitoring, etc. for up to 2 years&#xD;
      after lesion identification.&#xD;
&#xD;
      Subjects will be consented and enter the trial to have their suspicious lesion(s), biopsied&#xD;
      via DermTech's adhesive patch biopsy and assessed with DermTech's non-invasive PLA, and&#xD;
      followed up to 2 years per standard of care. Lesions must be photographed and/or the site of&#xD;
      the lesion anatomically defined to permit follow-up of the lesion(s) and lesional site(s)&#xD;
      during future visits.&#xD;
&#xD;
      Subjects will be followed per standard of care for lesion biopsy, excision, treatment and/or&#xD;
      monitoring. Other than DermTech's non-invasive PLA of the lesion(s) no other study procedures&#xD;
      will be performed and subjects will be treated according to the standard of care. The&#xD;
      subject's medical management team should use standard of care, visual assessment changes&#xD;
      (i.e., &quot;ABCDE&quot;) and physician judgment for suspicious lesion characterization and monitoring&#xD;
      when planning the subject's course of treatment.&#xD;
    </textblock>
  </detailed_description>
  <overall_status>Completed</overall_status>
  <start_date type="Actual">November 16, 2017</start_date>
  <completion_date type="Actual">December 15, 2020</completion_date>
  <primary_completion_date type="Actual">November 12, 2020</primary_completion_date>
  <study_type>Observational</study_type>
  <has_expanded_access>No</has_expanded_access>
  <study_design_info>
    <observational_model>Other</observational_model>
    <time_perspective>Prospective</time_perspective>
  </study_design_info>
  <primary_outcome>
    <measure>Proportion of subjects without surgical biopsy</measure>
    <time_frame>approximately up to 24 months</time_frame>
    <description>The proportion of subjects who exit the study without surgical biopsy out to approximately up to 24 months ± SOC</description>
  </primary_outcome>
  <secondary_outcome>
    <measure>Results of PLA results compared to biopsy</measure>
    <time_frame>approximately up to 24 months</time_frame>
    <description>Expression of genes during the 2-year study. The association of gene expression and algorithm values with melanoma versus non-melanoma will be examined using clinical performance indicators negative predictive value with their respective 95th percentile confidence intervals.</description>
  </secondary_outcome>
  <number_of_groups>2</number_of_groups>
  <enrollment type="Actual">323</enrollment>
  <condition>Melanoma Detection</condition>
  <arm_group>
    <arm_group_label>PLA-</arm_group_label>
    <description>PLA- initially and repeat testing 1-2 years later</description>
  </arm_group>
  <arm_group>
    <arm_group_label>PLA+</arm_group_label>
    <description>Not eligible for the study</description>
  </arm_group>
  <intervention>
    <intervention_type>Other</intervention_type>
    <intervention_name>Repeat Testing</intervention_name>
    <description>Repeat Testing with the PLA will be conducted</description>
    <arm_group_label>PLA-</arm_group_label>
  </intervention>
  <biospec_retention>Samples Without DNA</biospec_retention>
  <biospec_descr>
    <textblock>
      RNA extracted from DermTech's PLA assay for gene expression observed in melanoma&#xD;
    </textblock>
  </biospec_descr>
  <eligibility>
    <study_pop>
      <textblock>
        Subjects who had a DermTech PLA completed on a lesion suspected of being melanoma are&#xD;
        eligible for the study. Based on historical data, an expected melanoma positivity rate of&#xD;
        5%-10% is anticipated.&#xD;
      </textblock>
    </study_pop>
    <sampling_method>Non-Probability Sample</sampling_method>
    <criteria>
      <textblock>
        Inclusion Criteria:&#xD;
&#xD;
          1. Males and females the treating physician chose to use the PLA on;&#xD;
&#xD;
          2. Presence of a lesion(s) that is suspicious for melanoma and a candidate for surgical&#xD;
             biopsy that was previously biopsied with DermTech's adhesive patch biopsy and assessed&#xD;
             via PLA;&#xD;
&#xD;
          3. Willing to permit subsequent PLA assays to be performed on suspicious lesions;&#xD;
&#xD;
          4. Willing to follow standard of care treatment for the lesion(s) as determined by the&#xD;
             treating physician;&#xD;
&#xD;
          5. Subjects must be able to complete study visits required by the protocol (subject is&#xD;
             not planning to relocate or travel thus prevent attendance at future study visits; and&#xD;
&#xD;
          6. Willing to provide informed consent to participate in this trial.&#xD;
&#xD;
        Exclusion Criteria:&#xD;
&#xD;
          1. Has confirmed melanoma or a suspicious lesion that required a surgical biopsy or&#xD;
             excision prior to the intial PLA on that lesion of interest;&#xD;
&#xD;
          2. Has an ulcerated or bleeding lesion that could cofound the PLA results;&#xD;
&#xD;
          3. Has a suspicious lesion(s) in an area that was previously surgically biopsied;&#xD;
&#xD;
          4. The lesion(s) is on the palms, mucosal surface, or other area where adhesive patch&#xD;
             biopsies cannot be performed;&#xD;
&#xD;
          5. Has an allergy to tape or latex rubber;&#xD;
&#xD;
          6. Receipt of any investigational drug therapy within four weeks of study enrollment, or&#xD;
             concurrent participation in another interventional clinical study deemed by the&#xD;
             treating physician to potentially influence this study; and&#xD;
&#xD;
          7. Documented substance abuse, any other significant medical condition or laboratory&#xD;
             result that would indicate an unreasonable risk to the subject or potential&#xD;
             interference with study procedures, or would negatively affect the patient's&#xD;
             reliability and compliance with the study schedule of events. -&#xD;
      </textblock>
    </criteria>
    <gender>All</gender>
    <minimum_age>21 Years</minimum_age>
    <maximum_age>N/A</maximum_age>
    <healthy_volunteers>No</healthy_volunteers>
  </eligibility>
  <location>
    <facility>
      <name>West Dermatology</name>
      <address>
        <city>San Diego</city>
        <state>California</state>
        <zip>92121</zip>
        <country>United States</country>
      </address>
    </facility>
  </location>
  <location_countries>
    <country>United States</country>
  </location_countries>
  <reference>
    <citation>Ferris LK, Jansen B, Ho J, Busam KJ, Gross K, Hansen DD, Alsobrook JP 2nd, Yao Z, Peck GL, Gerami P. Utility of a Noninvasive 2-Gene Molecular Assay for Cutaneous Melanoma and Effect on the Decision to Biopsy. JAMA Dermatol. 2017 Jul 1;153(7):675-680. doi: 10.1001/jamadermatol.2017.0473.</citation>
    <PMID>28445578</PMID>
  </reference>
  <reference>
    <citation>Gerami P, Yao Z, Polsky D, Jansen B, Busam K, Ho J, Martini M, Ferris LK. Development and validation of a noninvasive 2-gene molecular assay for cutaneous melanoma. J Am Acad Dermatol. 2017 Jan;76(1):114-120.e2. doi: 10.1016/j.jaad.2016.07.038. Epub 2016 Oct 1.</citation>
    <PMID>27707590</PMID>
  </reference>
  <verification_date>September 2020</verification_date>
  <study_first_submitted>September 21, 2020</study_first_submitted>
  <study_first_submitted_qc>September 21, 2020</study_first_submitted_qc>
  <study_first_posted type="Actual">September 25, 2020</study_first_posted>
  <last_update_submitted>March 24, 2021</last_update_submitted>
  <last_update_submitted_qc>March 24, 2021</last_update_submitted_qc>
  <last_update_posted type="Actual">March 26, 2021</last_update_posted>
  <responsible_party>
    <responsible_party_type>Sponsor</responsible_party_type>
  </responsible_party>
  <condition_browse>
    <!-- CAUTION:  The following MeSH terms are assigned with an imperfect algorithm            -->
    <mesh_term>Melanoma</mesh_term>
  </condition_browse>
  <patient_data>
    <sharing_ipd>No</sharing_ipd>
    <ipd_description>All samples received have been de-identified with a study and subject specific number.</ipd_description>
  </patient_data>
  <!-- Results have not yet been posted for this study                                          -->
</clinical_study>

