<?xml version="1.0" encoding="UTF-8"?>
<clinical_study rank="40">
  <!-- This xml conforms to an XML Schema at:
    https://clinicaltrials.gov/ct2/html/images/info/public.xsd -->
  <required_header>
    <download_date>ClinicalTrials.gov processed this data on February 06, 2024</download_date>
    <link_text>Link to the current ClinicalTrials.gov record.</link_text>
    <url>https://clinicaltrials.gov/ct2/show/NCT02816021</url>
  </required_header>
  <id_info>
    <org_study_id>2016-0069</org_study_id>
    <secondary_id>NCI-2016-01185</secondary_id>
    <nct_id>NCT02816021</nct_id>
  </id_info>
  <brief_title>Study of Oral Azacitidine (CC-486) in Combination With Pembrolizumab (MK-3475) in Patients With Metastatic Melanoma</brief_title>
  <official_title>Phase II Study of Oral Azacitidine (CC-486) in Combination With Pembrolizumab (MK-3475) in Patients With Metastatic Melanoma</official_title>
  <sponsors>
    <lead_sponsor>
      <agency>M.D. Anderson Cancer Center</agency>
      <agency_class>Other</agency_class>
    </lead_sponsor>
    <collaborator>
      <agency>Merck Sharp &amp; Dohme LLC</agency>
      <agency_class>Industry</agency_class>
    </collaborator>
    <collaborator>
      <agency>Celgene</agency>
      <agency_class>Industry</agency_class>
    </collaborator>
  </sponsors>
  <source>M.D. Anderson Cancer Center</source>
  <oversight_info>
    <has_dmc>No</has_dmc>
    <is_fda_regulated_drug>Yes</is_fda_regulated_drug>
    <is_fda_regulated_device>No</is_fda_regulated_device>
  </oversight_info>
  <brief_summary>
    <textblock>
      You are being asked to take part in this study because you have advanced melanoma.&#xD;
&#xD;
      The goal of this clinical research study is to learn if oral azacitidine (CC-486) and&#xD;
      pembrolizumab (MK-3475) can help to control melanoma. The safety of this drug combination&#xD;
      will also be studied.&#xD;
&#xD;
      This is an investigational study. Azacitidine is FDA approved and commercially available for&#xD;
      the treatment of myelodysplastic syndrome (MDS) and acute myeloid leukemia. Pembrolizumab is&#xD;
      FDA approved and commercially available for the treatment of melanoma. It is considered&#xD;
      investigational to use this drug combination to treat melanoma.&#xD;
&#xD;
      The study doctor will explain how the study drugs are designed to work.&#xD;
&#xD;
      Up to 71 participants will be enrolled in this study. All will take part at MD Anderson.&#xD;
    </textblock>
  </brief_summary>
  <detailed_description>
    <textblock>
      Study Drug Administration:&#xD;
&#xD;
      Each study cycle is 3 weeks.&#xD;
&#xD;
      You will take azacitidine by mouth 1 time each day on Days 1-14 of each cycle. You may be&#xD;
      asked to complete a Pill Diary for this drug. On this Pill Diary you will record the date,&#xD;
      time, and number of azacitidine tablets you took that day. You will bring the Pill Diary to&#xD;
      each Study Visit while you are on this drug.&#xD;
&#xD;
      You will receive pembrolizumab by vein over about 30 minutes on Day 1 of each cycle.&#xD;
&#xD;
      Study Visits:&#xD;
&#xD;
      On Day 1 of Cycles 1-3:&#xD;
&#xD;
        -  You will have a physical exam.&#xD;
&#xD;
        -  Blood (about 2½ teaspoons) will be drawn for routine tests.&#xD;
&#xD;
        -  During Cycle 1 (if it was not done at screening) and Cycle 3, blood (about 1 teaspoon)&#xD;
           will be drawn to learn if the study drugs have affected the disease.&#xD;
&#xD;
        -  During Cycle 3 only, you will have 4 core needle tumor biopsies.&#xD;
&#xD;
        -  If you can become pregnant, part of the above routine blood sample or urine will be&#xD;
           collected for a pregnancy test.&#xD;
&#xD;
      On Day 1 of Cycle 4:&#xD;
&#xD;
        -  You will have a physical exam.&#xD;
&#xD;
        -  Blood (about 2½ teaspoons) will be drawn for routine tests and to learn if the study&#xD;
           drugs have affected the disease.&#xD;
&#xD;
        -  If you can become pregnant, part of the above routine blood sample or urine will be&#xD;
           collected for a pregnancy test.&#xD;
&#xD;
      You will have an MRI or CT scan at the end of Cycle 4.&#xD;
&#xD;
      On Day 1 of Cycle 5:&#xD;
&#xD;
        -  You will have a physical exam.&#xD;
&#xD;
        -  Blood (about 4 teaspoons) will be drawn for routine tests and to check the status of the&#xD;
           disease.&#xD;
&#xD;
        -  You will have 4 core needle tumor biopsies.&#xD;
&#xD;
        -  If you can become pregnant, part of the above routine blood sample or urine will be&#xD;
           collected for a pregnancy test.&#xD;
&#xD;
      On Day 1 of Cycles 6 and beyond:&#xD;
&#xD;
        -  You will have a physical exam.&#xD;
&#xD;
        -  Blood (up to 3½ teaspoons) will be drawn for routine tests.&#xD;
&#xD;
        -  If you can become pregnant, part of the above routine blood sample or urine will be&#xD;
           collected for a pregnancy test.&#xD;
&#xD;
      At the end of Cycle 8 and then every 4 cycles after that (Cycles 12, 16, 20, and so on), you&#xD;
      will have an MRI or CT scan.&#xD;
&#xD;
      Length of Study:&#xD;
&#xD;
      You may continue taking the study drugs for up to 24 months or 35 doses, whichever is later.&#xD;
      You will no longer be able to take the study drugs if the disease gets worse, if intolerable&#xD;
      side effects occur, or if you are unable to follow study directions.&#xD;
&#xD;
      End-of-Treatment Visit:&#xD;
&#xD;
        -  Blood (about 4 teaspoons) will be drawn for routine testing and to learn how the study&#xD;
           drug has affected the disease.&#xD;
&#xD;
        -  You will have an MRI or CT scan.&#xD;
&#xD;
        -  If you stop treatment because the disease got worse, you may have 4 core needle tumor&#xD;
           biopsies.&#xD;
&#xD;
        -  If you can become pregnant, part of the above routine blood sample or urine will be&#xD;
           collected for a pregnancy test.&#xD;
&#xD;
      Follow-Up:&#xD;
&#xD;
      If you stopped taking the study drug for any reason other than the disease getting worse, you&#xD;
      will have an MRI or CT scan every 12 weeks.&#xD;
&#xD;
      If the disease appears to get worse during this time, you may be eligible to be re-treated&#xD;
      with pembrolizumab for an additional year (described below).&#xD;
&#xD;
      Re-Treatment:&#xD;
&#xD;
      If the disease got worse during follow-up and you are still eligible, you may be able to&#xD;
      receive up to 1 year of additional treatment with pembrolizumab. If you continue to receive&#xD;
      pembrolizumab, you will receive it at the same dose and schedule as described above. You will&#xD;
      also continue to have study visits as described above.&#xD;
&#xD;
      Safety Follow-Up Visit:&#xD;
&#xD;
      About 30 days after your last dose of study drugs or before you start a new anti-cancer&#xD;
      treatment (whichever happens first), you will have a safety follow-up visit. At this visit,&#xD;
      you will have a physical exam and blood (about 2½ teaspoons) will be drawn for routine tests.&#xD;
&#xD;
      This may mean that you have 2 safety follow-up visits if you receive an additional year of&#xD;
      pembrolizumab.&#xD;
&#xD;
      Long-Term Follow-Up:&#xD;
&#xD;
      After follow-up, you will be called every 12 weeks by a member of the study staff to learn&#xD;
      how you are doing. This call should last about 5 minutes.&#xD;
    </textblock>
  </detailed_description>
  <overall_status>Active, not recruiting</overall_status>
  <start_date type="Actual">February 14, 2017</start_date>
  <completion_date type="Anticipated">February 28, 2026</completion_date>
  <primary_completion_date type="Anticipated">February 28, 2025</primary_completion_date>
  <phase>Phase 2</phase>
  <study_type>Interventional</study_type>
  <has_expanded_access>No</has_expanded_access>
  <study_design_info>
    <allocation>Non-Randomized</allocation>
    <intervention_model>Parallel Assignment</intervention_model>
    <primary_purpose>Treatment</primary_purpose>
    <masking>None (Open Label)</masking>
  </study_design_info>
  <primary_outcome>
    <measure>Objective Response Rate in Participants with Metastatic Melanoma That Are PD-1 Naïve (Arm A) or That Have Progressed on PD-1 Directed Therapy (Arm B)</measure>
    <time_frame>After 4 cycles. Each cycle is 21 days.</time_frame>
    <description>Objective Response Rate determined by Response Evaluation Criteria In Solid Tumors (RECIST 1.1).</description>
  </primary_outcome>
  <primary_outcome>
    <measure>Objective Response Rate in Participants with Metastatic Melanoma That Are PD-1 Naïve (Arm A) or That Have Progressed on PD-1 Directed Therapy (Arm B)</measure>
    <time_frame>After 4 cycles. Each cycle is 21 days.</time_frame>
    <description>Objective response rate determined by Immune Related Response Criteria (ir-RC).</description>
  </primary_outcome>
  <secondary_outcome>
    <measure>Overall Survival in Participants with Metastatic Melanoma That Are PD-1 Naïve (Arm A) or That Have Progressed on PD-1 Directed Therapy (Arm B)</measure>
    <time_frame>1 year</time_frame>
    <description>Overall survival defined as the interval between time of enrollment and the date of death from any cause. Overall survival analyzed using the Kaplan-Meier method.</description>
  </secondary_outcome>
  <secondary_outcome>
    <measure>Progression Free Survival in Participants with Metastatic Melanoma That Are PD-1 Naïve (Arm A) or That Have Progressed on PD-1 Directed Therapy (Arm B)</measure>
    <time_frame>After 6 cycles. Each cycle is 21 days.</time_frame>
    <description>Progression free survival defined as the time between the date of enrollment and the date of either disease progression or date of death, whichever is earlier. Progression free survival summarized and plotted using Kaplan-Meier method.</description>
  </secondary_outcome>
  <number_of_arms>2</number_of_arms>
  <enrollment type="Actual">24</enrollment>
  <condition>Melanoma and Other Malignant Neoplasms of Skin</condition>
  <condition>Metastatic Melanoma</condition>
  <arm_group>
    <arm_group_label>Arm A: Metastatic Melanoma - PD-1 Naive</arm_group_label>
    <arm_group_type>Experimental</arm_group_type>
    <description>Thirty-six participants with metastatic melanoma that are PD-1 naïve enrolled in treatment Arm A.&#xD;
Treatment consists of 3-week cycles and continues until disease progression. Oral Azacitidine administered by mouth daily for 15 days (Days 1-15) of every cycle. Pembrolizumab administered by vein every 3 weeks and after the oral dose of Azacitidine on concurrent treatment days.</description>
  </arm_group>
  <arm_group>
    <arm_group_label>Arm B: Metastatic Melanoma - Post PD-1 Progression</arm_group_label>
    <arm_group_type>Experimental</arm_group_type>
    <description>Thirty-five participants with metastatic melanoma that have progressed on PD-1 directed therapy enrolled in treatment Arm B.&#xD;
Treatment consists of 3-week cycles and continues until disease progression. Oral Azacitidine administered by mouth daily for 15 days (Days 1-15) of every cycle. Pembrolizumab administered by vein every 3 weeks and after the oral dose of Azacitidine on concurrent treatment days.</description>
  </arm_group>
  <intervention>
    <intervention_type>Drug</intervention_type>
    <intervention_name>Azacitidine</intervention_name>
    <description>300 mg by mouth daily for 15 days (Days 1-15) of every cycle.</description>
    <arm_group_label>Arm A: Metastatic Melanoma - PD-1 Naive</arm_group_label>
    <arm_group_label>Arm B: Metastatic Melanoma - Post PD-1 Progression</arm_group_label>
    <other_name>5-azacytidine</other_name>
    <other_name>5-aza</other_name>
    <other_name>Vidaza</other_name>
    <other_name>5-AZC</other_name>
    <other_name>Ladakamycin</other_name>
    <other_name>NSC-102816</other_name>
    <other_name>Azacytidine</other_name>
  </intervention>
  <intervention>
    <intervention_type>Drug</intervention_type>
    <intervention_name>Pembrolizumab</intervention_name>
    <description>200 mg by vein every 3 weeks and after the oral dose of Azacitidine on concurrent treatment days.</description>
    <arm_group_label>Arm A: Metastatic Melanoma - PD-1 Naive</arm_group_label>
    <arm_group_label>Arm B: Metastatic Melanoma - Post PD-1 Progression</arm_group_label>
    <other_name>Keytruda</other_name>
    <other_name>MK-3475</other_name>
    <other_name>SCH-900475</other_name>
  </intervention>
  <eligibility>
    <criteria>
      <textblock>
        Inclusion Criteria:&#xD;
&#xD;
          1. Patients who have unresectable Stage III through stage IV metastatic melanoma that&#xD;
             have not received prior PD-1 directed therapy (Arm A) or that have progressed despite&#xD;
             prior PD-1 directed therapy (Arm B).&#xD;
&#xD;
          2. Be willing and able to provide written informed consent/assent for the trial.&#xD;
&#xD;
          3. Be &gt;/= 18 years of age on day of signing informed consent.&#xD;
&#xD;
          4. Have measurable or evaluable disease based on RECIST 1.1.&#xD;
&#xD;
          5. Be willing to provide archival or fresh tissue from a newly obtained core or&#xD;
             excisional biopsy of a tumor lesion. Newly-obtained is defined as a specimen obtained&#xD;
             up to 4 weeks (28 days) prior to initiation of treatment on Day 1. Subjects from whom&#xD;
             newly-obtained samples cannot be provided (e.g. inaccessible or subject safety&#xD;
             concern) may submit an archived specimen only upon agreement from the Principal&#xD;
             Investigator.&#xD;
&#xD;
          6. Have a performance status of 0 or 1 on the ECOG Performance Scale.&#xD;
&#xD;
          7. Demonstrate adequate organ function, all screening labs should be performed within 14&#xD;
             days of treatment initiation. Hematological: Absolute neutrophil count (ANC) &gt;/= 1,500&#xD;
             /mcL; Platelets &gt;/= 100,000 / mcL; Hemoglobin &gt;/= 9 g/dL or &gt;/= 5.6 mmol/L without&#xD;
             transfusion or EPO dependency (within 7 days of assessment). Renal: Serum creatinine&#xD;
             &lt;/= 1.5 X upper limit of normal (ULN) OR measured or calculated creatinine clearance&#xD;
             &gt;/= 60mL/min for subjects with creatinine levels &gt; 1.5 X ULN. Hepatic: Serum total&#xD;
             bilirubin &lt;/= 1.5 X ULN or direct bilirubin &lt;/= ULN for subjects with total bilirubin&#xD;
             levels &gt; 1.5 ULN; AST (SGOT) and ALT (SGPT) 9 &lt;/= 2.5 X ULN OR &lt;/= 5 X ULN for&#xD;
             subjects with liver metastases.&#xD;
&#xD;
          8. contd from #7. Albumin &gt;/= 2.5 g/dL. Coagulation: International Normalized Ratio (INR)&#xD;
             or Prothrombin Time (PT) Activated Partial Thromboplastin Time (aPTT) &lt;/=1.5 X ULN&#xD;
             unless subject is receiving anticoagulant therapy as long as PT or PTT is within&#xD;
             therapeutic range of intended use of anticoagulants &lt;/= 1.5 X ULN unless subject is&#xD;
             receiving anticoagulant therapy as long as PT or PTT is within therapeutic range of&#xD;
             intended use of anticoagulants&#xD;
&#xD;
          9. Female subject of childbearing potential should have a negative urine or serum&#xD;
             pregnancy within 72 hours prior to receiving the first dose of study medication. If&#xD;
             the urine test is positive or cannot be confirmed as negative, a serum pregnancy test&#xD;
             will be required.&#xD;
&#xD;
         10. Female subjects of childbearing potential should be willing to use 2 methods of birth&#xD;
             control or be surgically sterile, or abstain from heterosexual activity for the course&#xD;
             of the study through 120 days after the last dose of study medication. Subjects of&#xD;
             childbearing potential are those who have not been surgically sterilized or have not&#xD;
             been free from menses for &gt; 1 year.&#xD;
&#xD;
         11. Male subjects should agree to use an adequate method of contraception starting with&#xD;
             the first dose of study therapy through 120 days after the last dose of study therapy.&#xD;
&#xD;
        Exclusion Criteria:&#xD;
&#xD;
          1. Is currently participating and receiving study therapy or has participated in a study&#xD;
             of an investigational agent and received study therapy or used an investigational&#xD;
             device within 4 weeks of the first dose of treatment.&#xD;
&#xD;
          2. Has a diagnosis of immunodeficiency or is receiving systemic steroid therapy or any&#xD;
             other form of immunosuppressive therapy within 7 days prior to the first dose of trial&#xD;
             treatment.&#xD;
&#xD;
          3. Has a known history of active TB (Bacillus Tuberculosis)&#xD;
&#xD;
          4. Hypersensitivity to pembrolizumab, azacitidine, mannitol, or any of their excipients.&#xD;
&#xD;
          5. Has had a prior anti-cancer monoclonal antibody (mAb) within 4 weeks prior to study&#xD;
             Day 1 or who has not recovered (i.e., &lt;/= Grade 1 or at baseline) from adverse events&#xD;
             due to agents administered more than 4 weeks earlier.&#xD;
&#xD;
          6. Has had prior chemotherapy, targeted small molecule therapy, or radiation therapy&#xD;
             within 2 weeks prior to study Day 1 or who has not recovered (i.e., &lt;/= Grade 1 or at&#xD;
             baseline) from adverse events due to a previously administered agent. - Note: Subjects&#xD;
             with ≤ Grade 2 neuropathy are an exception to this criterion and may qualify for the&#xD;
             study. - Note: If subject received major surgery, they must have recovered adequately&#xD;
             from the toxicity and/or complications from the intervention prior to starting&#xD;
             therapy.&#xD;
&#xD;
          7. Has a known additional malignancy that is progressing or requires active treatment.&#xD;
             Exceptions include basal cell carcinoma of the skin or squamous cell carcinoma of the&#xD;
             skin that has undergone potentially curative therapy or in situ cervical cancer.&#xD;
&#xD;
          8. Has known active central nervous system (CNS) metastases and/or carcinomatous&#xD;
             meningitis. Subjects with previously treated brain metastases may participate provided&#xD;
             they are stable (without evidence of progression by imaging for at least four weeks&#xD;
             prior to the first dose of trial treatment and any neurologic symptoms have returned&#xD;
             to baseline), have no evidence of new or enlarging brain metastases, and are not using&#xD;
             steroids for at least 7 days prior to trial treatment. This exception does not include&#xD;
             carcinomatous meningitis, which is excluded regardless of clinical stability.&#xD;
&#xD;
          9. Has active autoimmune disease that has required systemic treatment in the past 2 years&#xD;
             (i.e. with use of disease modifying agents, corticosteroids or immunosuppressive&#xD;
             drugs). Replacement therapy (eg., thyroxine, insulin, or physiologic corticosteroid&#xD;
             replacement therapy for adrenal or pituitary insufficiency, etc.) is not considered a&#xD;
             form of systemic treatment.&#xD;
&#xD;
         10. Has known history of, or any evidence of active, non-infectious pneumonitis.&#xD;
&#xD;
         11. Significant active cardiac disease within the previous 6 months including: - NYHA&#xD;
             class 4 CHF - Unstable angina - Myocardial infarction&#xD;
&#xD;
         12. Has an active infection requiring systemic therapy.&#xD;
&#xD;
         13. Has a history or current evidence of any condition, therapy, or laboratory abnormality&#xD;
             that might confound the results of the trial, interfere with the subject's&#xD;
             participation for the full duration of the trial, or is not in the best interest of&#xD;
             the subject to participate, in the opinion of the treating investigator.&#xD;
&#xD;
         14. Has known psychiatric or substance abuse disorders that would interfere with&#xD;
             cooperation with the requirements of the trial.&#xD;
&#xD;
         15. Is pregnant or breastfeeding, or expecting to conceive or father children within the&#xD;
             projected duration of the trial, starting with the pre-screening or screening visit&#xD;
             through 120 days after the last dose of trial treatment.&#xD;
&#xD;
         16. Has received prior therapy with an anti-PD-1, anti-PD-L1, or anti-PD-L2 agent [for Arm&#xD;
             A only].&#xD;
&#xD;
         17. Has a known history of Human Immunodeficiency Virus (HIV) (HIV 1/2 antibodies).&#xD;
&#xD;
         18. Has known active Hepatitis B (e.g., HBsAg reactive) or Hepatitis C (e.g., HCV RNA&#xD;
             [qualitative] is detected).&#xD;
&#xD;
         19. Has received a live vaccine within 30 days of planned start of study therapy.&#xD;
      </textblock>
    </criteria>
    <gender>All</gender>
    <minimum_age>18 Years</minimum_age>
    <maximum_age>N/A</maximum_age>
    <healthy_volunteers>No</healthy_volunteers>
  </eligibility>
  <overall_official>
    <last_name>Hussein Tawbi, MD, PHD</last_name>
    <role>Principal Investigator</role>
    <affiliation>M.D. Anderson Cancer Center</affiliation>
  </overall_official>
  <location>
    <facility>
      <name>University of Texas MD Anderson Cancer Center</name>
      <address>
        <city>Houston</city>
        <state>Texas</state>
        <zip>77330</zip>
        <country>United States</country>
      </address>
    </facility>
  </location>
  <location_countries>
    <country>United States</country>
  </location_countries>
  <link>
    <url>http://www.mdanderson.org</url>
    <description>MD Anderson Cancer Center</description>
  </link>
  <verification_date>September 2023</verification_date>
  <study_first_submitted>June 15, 2016</study_first_submitted>
  <study_first_submitted_qc>June 27, 2016</study_first_submitted_qc>
  <study_first_posted type="Estimate">June 28, 2016</study_first_posted>
  <last_update_submitted>September 27, 2023</last_update_submitted>
  <last_update_submitted_qc>September 27, 2023</last_update_submitted_qc>
  <last_update_posted type="Actual">September 29, 2023</last_update_posted>
  <responsible_party>
    <responsible_party_type>Sponsor</responsible_party_type>
  </responsible_party>
  <keyword>Melanoma and other malignant neoplasms of skin</keyword>
  <keyword>Metastatic melanoma</keyword>
  <keyword>Advanced melanoma</keyword>
  <keyword>Azacitidine</keyword>
  <keyword>5-azacytidine</keyword>
  <keyword>5-aza</keyword>
  <keyword>Vidaza</keyword>
  <keyword>5-AZC</keyword>
  <keyword>Ladakamycin</keyword>
  <keyword>NSC-102816</keyword>
  <keyword>Azacytidine</keyword>
  <keyword>Pembrolizumab</keyword>
  <keyword>Keytruda</keyword>
  <keyword>MK-3475</keyword>
  <keyword>SCH-900475</keyword>
  <condition_browse>
    <!-- CAUTION:  The following MeSH terms are assigned with an imperfect algorithm            -->
    <mesh_term>Neoplasms</mesh_term>
    <mesh_term>Melanoma</mesh_term>
    <mesh_term>Skin Neoplasms</mesh_term>
  </condition_browse>
  <intervention_browse>
    <!-- CAUTION:  The following MeSH terms are assigned with an imperfect algorithm            -->
    <mesh_term>Pembrolizumab</mesh_term>
    <mesh_term>Azacitidine</mesh_term>
  </intervention_browse>
  <!-- Results have not yet been posted for this study                                          -->
</clinical_study>

