<?xml version="1.0" encoding="UTF-8"?>
<clinical_study rank="401">
  <!-- This xml conforms to an XML Schema at:
    https://clinicaltrials.gov/ct2/html/images/info/public.xsd -->
  <required_header>
    <download_date>ClinicalTrials.gov processed this data on February 06, 2024</download_date>
    <link_text>Link to the current ClinicalTrials.gov record.</link_text>
    <url>https://clinicaltrials.gov/ct2/show/NCT00923195</url>
  </required_header>
  <id_info>
    <org_study_id>090051</org_study_id>
    <secondary_id>09-C-0051</secondary_id>
    <nct_id>NCT00923195</nct_id>
    <nct_alias>NCT00814684</nct_alias>
  </id_info>
  <brief_title>Radiation, Chemotherapy, Vaccine and Anti-MART-1 and Anti-gp100 Cells for Patients With Metastatic Melanoma</brief_title>
  <official_title>Phase II Study of Metastatic Melanoma Using a Chemoradiation Lymphodepleting Conditioning Regimen Followed by Infusion of Anti-Mart-1 and Anti-gp100 TCR-Gene Engineered Lymphocytes and Peptide Vaccines</official_title>
  <sponsors>
    <lead_sponsor>
      <agency>National Cancer Institute (NCI)</agency>
      <agency_class>NIH</agency_class>
    </lead_sponsor>
  </sponsors>
  <source>National Institutes of Health Clinical Center (CC)</source>
  <oversight_info>
    <has_dmc>Yes</has_dmc>
  </oversight_info>
  <brief_summary>
    <textblock>
      Background:&#xD;
&#xD;
        -  Melanoma antigen recognized by T-cells (MART-1) and gp100 are two genes found in&#xD;
           melanoma cells. An experimental procedure developed for treating patients with advanced&#xD;
           melanoma uses these genes and a type of virus to make special cells called anti-MART-1&#xD;
           and anti-gp100 cells, which are designed to destroy the patient's tumor. The cells are&#xD;
           created in the laboratory using the patient's own tumor cells or blood cells.&#xD;
&#xD;
        -  The procedure also uses one of two vaccines-the anti-MART-1 peptide or the anti-gp100&#xD;
           peptide-to stimulate cells in the immune system that may increase the effectiveness of&#xD;
           the anti-MART-1 and anti-gp100 cells. Both vaccines are made from a virus that is&#xD;
           modified to carry a copy of the MART-1 gene or gp100 gene. The virus cannot cause&#xD;
           disease in humans.&#xD;
&#xD;
      Objectives:&#xD;
&#xD;
      - To evaluate the safety and effectiveness of anti-MART-1 and anti-gp100 cells and peptide&#xD;
      vaccines for treating patients with advanced melanoma.&#xD;
&#xD;
      Eligibility:&#xD;
&#xD;
      - Patients 18 years of age with metastatic melanoma for whom standard treatments, including&#xD;
      aldesleukin (IL-2) therapy to boost immune response, have not been effective.&#xD;
&#xD;
      Design:&#xD;
&#xD;
        -  Participants have an initial evaluation with complete medical history, as well as scans,&#xD;
           x-rays, and other tests as directed by researchers. Most of the treatments for this&#xD;
           study will be given on an inpatient basis.&#xD;
&#xD;
        -  Before the treatment begins, participants will undergo leukapheresis (removal of&#xD;
           selected blood cells) to obtain cells for preparing the anti-MART-1 and anti-gp100&#xD;
           cells, and for later stem cell transplantation.&#xD;
&#xD;
        -  Preinfusion treatment: 5 days of chemotherapy and 2 days of total-body irradiation to&#xD;
           prepare the immune system for receiving the anti-MART-1 and anti-gp100 cells.&#xD;
&#xD;
        -  Infusion of cells, followed by IL-2 treatment to improve immune response. IL-2 is given&#xD;
           as a 15-minute infusion through a vein every 8 hours for a maximum of 15 doses (over 5&#xD;
           days).&#xD;
&#xD;
        -  After the cell infusion, participants will be divided into two groups and will receive&#xD;
           either the gp100 peptide or MART-1 vaccine, given once a week for 3 weeks. Participants&#xD;
           will also have stem cell transplantation (from previously collected stem cells) to&#xD;
           promote cell survival.&#xD;
&#xD;
        -  Periodic follow-up clinic visits after hospital discharge for physical examination,&#xD;
           review of treatment side effects, laboratory tests and scans every 1 to 6 months.&#xD;
    </textblock>
  </brief_summary>
  <detailed_description>
    <textblock>
      Background:&#xD;
&#xD;
        -  We have engineered human peripheral blood lymphocyte (PBLs) to express a T-cell receptor&#xD;
           (TCR) that recognizes human leukocyte antigens (HLAA*0201) restricted epitopes derived&#xD;
           from the gp100 or the MART-1 melanoma antigen.&#xD;
&#xD;
        -  We constructed single retroviral vectors that contain both Alpha and Beta T cell&#xD;
           receptor (TCR) chains and can mediate genetic transfer of this TCR with high efficiency&#xD;
           (greater than 30 percent) without the need to perform any selection.&#xD;
&#xD;
        -  In co-cultures with HLA-A*0201 positive melanomas these TCR transduced T cells secreted&#xD;
           significant amount of interferon-gamma (IFN-y) but no significant secretion was observed&#xD;
           in control co-cultures.&#xD;
&#xD;
        -  gp100:154-162 TCR or MART-1:27-35 TCR transduced T-cells could efficiently kill&#xD;
           HLAA*0201 positive tumors. There was little or no recognition of normal fibroblasts.&#xD;
&#xD;
        -  Adoptive transfer of either of these TCR transferred gene modified peripheral blood&#xD;
           lymphocyte (PBL) following a nonmyeloablative lymphodepleting regimen could mediate&#xD;
           tumor regression in from 13-30 percent of patients with metastatic melanoma though no&#xD;
           complete responses were seen.&#xD;
&#xD;
      Objectives:&#xD;
&#xD;
      Primary objectives:&#xD;
&#xD;
        -  In cohort 1 and 2, to determine if the administration of both the anti-gp100:154-162&#xD;
           TCR-engineered and anti- MART-1:27-35 TCR-engineered peripheral blood lymphocytes (PBL),&#xD;
           aldesleukin and either the gp100:154-162 peptide or the MART-1:26-35(27L) peptide to&#xD;
           patients following a chemoradiation lymphodepleting preparative regimen will result in&#xD;
           complete tumor regression in patients with metastatic melanoma.&#xD;
&#xD;
        -  In cohort 3 and 4, to determine if the administration of both the anti-gp100:154-162&#xD;
           TCR-engineered and anti-MART-1:27-35 TCR-engineered CD8+ peripheral blood lymphocytes&#xD;
           (PBL), aldesleukin and either the gp100:154-162 peptide or the MART-1:26-35(27L) peptide&#xD;
           to patients following a chemoradiation lymphodepleting preparative regimen will result&#xD;
           in complete tumor regression in patients with metastatic melanoma.&#xD;
&#xD;
        -  Determine whether the administration of the specific vaccine (the gp100:154-162 peptide&#xD;
           or the MART-1:26-35(27L) peptide) can increase the persistence of the specific&#xD;
           transferred cells (anti-gp100:154-162 TCR PBL, anti-gp100:154-162 TCR CD8+ PBL, the&#xD;
           anti-MART- 1:27-35 TCR PBL, or the anti-MART-1:27-35 TCR CD8+ PBL), respectively.&#xD;
&#xD;
      Secondary objectives:&#xD;
&#xD;
      - Determine the toxicity profile of these treatment regimen.&#xD;
&#xD;
      Eligibility:&#xD;
&#xD;
      Patients who are HLA-A*0201 positive and 18 years of age or older must have:&#xD;
&#xD;
        -  metastatic melanoma with measurable disease&#xD;
&#xD;
        -  been previously treated with IL-2 for melanoma;&#xD;
&#xD;
        -  normal values for basic laboratory values.&#xD;
&#xD;
      Patients may not have:&#xD;
&#xD;
        -  concurrent major medical illnesses;&#xD;
&#xD;
        -  any form of primary or secondary immunodeficiency;&#xD;
&#xD;
        -  severe hypersensitivity to any of the agents used in this study;&#xD;
&#xD;
        -  contraindications for high dose aldesleukin administration.&#xD;
&#xD;
      Design:&#xD;
&#xD;
        -  In cohort 1 and 2:&#xD;
&#xD;
             -  Peripheral blood mononuclear cells (PBMC) will be obtained by leukapheresis&#xD;
                (approximately 5 times 10(9) cells) and cultured in the presence of anti-CD3 (OKT3)&#xD;
                and aldesleukin and separate aliquots will be transduced with the&#xD;
                anti-gp100:154-162 TCR and the anti-MART-1:27-35 TCR retroviral vector.&#xD;
&#xD;
             -  Transduction is initiated by exposure of approximately 10(8) to 5 times 10(8) cells&#xD;
                to supernatant containing the retroviral vectors. These gp100 and MART-1 TCR&#xD;
                transduced cells will be separately expanded and tested for their anti-tumor&#xD;
                activity.&#xD;
&#xD;
             -  Once engineered lymphocytes are demonstrated to be biologically active according to&#xD;
                the strict criteria outlined in the Certificate of Analysis, patients will receive&#xD;
                a chemoradiation lymphocyte depleting preparative regimen consisting of&#xD;
                cyclophosphamide and fludarabine and 600 cGy total body irradiation followed by&#xD;
                intravenous infusion of ex vivo tumor reactive, gp100 and MART-1 TCR&#xD;
                gene-transduced cells plus IV aldesleukin (720,000 IU/kg q8h for a maximum of 15&#xD;
                doses).&#xD;
&#xD;
             -  Patients will be randomized to receive either the gp100:154-162 peptide or the&#xD;
                MART-1:26-35(27L) peptide emulsified in incomplete Freund's adjuvant.&#xD;
&#xD;
             -  Patients will undergo complete evaluation of tumor with physical examination,&#xD;
                computed tomography (CT) of the chest, abdomen and pelvis and clinical laboratory&#xD;
                evaluation four to six weeks after treatment and then monthly for approximately 3&#xD;
                to 4 months or until off study criteria are met.&#xD;
&#xD;
             -  The study will be conducted using a phase II optimal design where initially 21&#xD;
                evaluable patients will be enrolled into each of two cohorts. If none of the 21&#xD;
                patients per cohort experiences a complete clinical response, then no further&#xD;
                patients will be enrolled but if 1 or more of the first 21 evaluable patients&#xD;
                enrolled in that cohort have a complete clinical response, then accrual to that&#xD;
                cohort will continue until a total of 41 evaluable patients have been enrolled in&#xD;
                that cohort.&#xD;
&#xD;
             -  Cohort 1 and 2 will be closed with the approval of amendment D.&#xD;
&#xD;
        -  Cohort 3 and 4 will be initiated with approval of amendment D.&#xD;
&#xD;
             -  Peripheral blood mononuclear cells (PBMC) will be obtained by leukapheresis&#xD;
                (approximately 5 times 10(9) cells) and CD8+ cells will be selected from the&#xD;
                cultures, using the Miltenyi CliniMACS apparatus, prior to being stimulated and&#xD;
                transduced. Separate aliquots of CD8+ cells will be transduced with the&#xD;
                anti-gp100:154-162 TCR and the anti-MART-1:27-35 TCR retroviral vectors.&#xD;
&#xD;
             -  Transduction is initiated by exposure of approximately 10(8) to 5 times 10(8) CD8+&#xD;
                cells to supernatant containing the retroviral vectors. These gp100 and MART-1 TCR&#xD;
                transduced cells will be separately expanded and tested for their anti-tumor&#xD;
                activity.&#xD;
&#xD;
             -  Once engineered lymphocytes are demonstrated to be biologically active according to&#xD;
                the strict criteria outlined in the Certificate of Analysis, patients will receive&#xD;
                a chemoradiation lymphocyte depleting preparative regimen consisting of&#xD;
                cyclophosphamide and fludarabine and 600 cGy total body irradiation followed by&#xD;
                intravenous infusion of ex vivo tumor reactive, gp100 and MART-1 TCR&#xD;
                gene-transduced CD8+ cells plus IV aldesleukin (720,000 IU/kg q8h for a maximum of&#xD;
                15 doses).&#xD;
&#xD;
             -  Patients will be randomized to receive either the gp100:154-162 peptide (cohort 3)&#xD;
                or the MART-1:26-35(27L) peptide (cohort 4) emulsified in incomplete Freund's&#xD;
                adjuvant.&#xD;
&#xD;
             -  Patients will undergo complete evaluation of tumor with physical examination, CT of&#xD;
                the chest, abdomen and pelvis and clinical laboratory evaluation four to six weeks&#xD;
                after treatment and then monthly for approximately 3 to 4 months or until off study&#xD;
                criteria are met.&#xD;
&#xD;
             -  The study will be conducted using a phase II optimal design where initially 21&#xD;
                evaluable patients will be enrolled into each of cohort 3 and 4. If none of the 21&#xD;
                patients per cohort experiences a complete clinical response, then no further&#xD;
                patients will be enrolled but if 1 or more of the first 21 evaluable patients&#xD;
                enrolled in that cohort have a complete clinical response, then accrual to that&#xD;
                cohort will continue until a total of 41 evaluable patients have been enrolled in&#xD;
                that cohort.&#xD;
    </textblock>
  </detailed_description>
  <overall_status>Completed</overall_status>
  <start_date>December 2008</start_date>
  <completion_date type="Actual">August 2011</completion_date>
  <primary_completion_date type="Actual">August 2011</primary_completion_date>
  <phase>Phase 2</phase>
  <study_type>Interventional</study_type>
  <has_expanded_access>No</has_expanded_access>
  <study_design_info>
    <allocation>Randomized</allocation>
    <intervention_model>Parallel Assignment</intervention_model>
    <primary_purpose>Treatment</primary_purpose>
    <masking>None (Open Label)</masking>
  </study_design_info>
  <primary_outcome>
    <measure>Complete Response Rates for Patients With Metastatic Melanoma</measure>
    <time_frame>Every 4-6 weeks after initial treatment regimen. If the patient has stable disease or tumor shrinkage, complete evaluations will be repeated every 1-3 months.</time_frame>
    <description>Complete response was assessed by the Response Evaluation Criteria in Solid Tumors (RECIST) criteria. Complete response is a disappearance of all target lesions. Partial response is at least a 30% decrease in the sum of the longest diameter (LD) of target lesions taking as reference the baseline sum LD. Progression is at least a 20% increase in the sum of the LD of target lesions taking as reference the smallest sum LD recorded since the treatment started or the appearance of one or more new lesions. Stable disease is neither sufficient shrinkage to qualify for PR nor sufficient increase to qualify for PD taking as reference the smallest sum LD.</description>
  </primary_outcome>
  <secondary_outcome>
    <measure>Toxicity Profile</measure>
    <time_frame>32 months</time_frame>
    <description>Here is the number of participants with adverse events. For a detailed list of adverse events, see the adverse event module.</description>
  </secondary_outcome>
  <number_of_arms>2</number_of_arms>
  <enrollment type="Actual">4</enrollment>
  <condition>Melanoma</condition>
  <condition>Skin Cancer</condition>
  <arm_group>
    <arm_group_label>TBI 600cGy + PBL + HD IL-2+gp100:154-162</arm_group_label>
    <arm_group_type>Experimental</arm_group_type>
    <description>Day 0:Autologous transduced CD8+PBL (anti-gp100:154 TCR PBL and anti-MART-1 F5 TCR PBL) infusion will be administered intravenously over 20 to 30 minutes (minimum 5 x 10e8 and up to a maximum of 2 x 10e11 of each transduced lymphocyte population). One mg of either the gp100:154-162 or the MART-1:26-35(27) emulsified in IFA by deep subcutaneous injection into each thigh to be administered prior to cell infusion and on days 7 and 14. Within 24 hours of cell infusion administration of aldesleukin will be initiated as 720,000 IU/kg/dose IV over 15 minutes every 8 hours for up to 5 days (maximum 15 doses).Radiation: 2Gy of TBI twice on day -2 and once on day -1 (total dose 6 Gy) at a rate of 0.07 Gy/minute.</description>
  </arm_group>
  <arm_group>
    <arm_group_label>TBI 600cGy+PBL+HD IL-2+MART-1:26-35(27L)</arm_group_label>
    <arm_group_type>Experimental</arm_group_type>
    <description>Day 0:Autologous transduced CD8+PBL (anti-gp100:154 TCR PBL and anti-MART-1 F5 TCR PBL) infusion will be administered intravenously over 20 to 30 minutes (minimum 5 x 10e8 and up to a maximum of 2 x 10e11 of each transduced lymphocyte population). One mg of either the gp100:154-162 or the MART-1:26-35(27) emulsified in IFA by deep subcutaneous injection into each thigh to be administered prior to cell infusion and on days 7 and 14. Within 24 hours of cell infusion administration of aldesleukin will be initiated as 720,000 IU/kg/dose IV over 15 minutes every 8 hours for up to 5 days (maximum 15 doses).Radiation: 2Gy of TBI twice on day -2 and once on day -1 (total dose 6 Gy) at a rate of 0.07 Gy/minute.</description>
  </arm_group>
  <intervention>
    <intervention_type>Drug</intervention_type>
    <intervention_name>MART-1: 26-35(27L) Peptide</intervention_name>
    <description>Day 0:Autologous transduced CD8+PBL (anti-gp100:154 TCR PBL and anti-MART-1 F5 TCR PBL) infusion will be administered intravenously over 20 to 30 minutes (minimum 5 x 10e8 and up to a maximum of 2 x 10e11 of each transduced lymphocyte population).&#xD;
One mg of either the gp100:154-162 or the MART-1:26-35(27) emulsified in IFA by deep subcutaneous injection into each thigh to be administered prior to cell infusion and on days 7 and 14.</description>
    <arm_group_label>TBI 600cGy+PBL+HD IL-2+MART-1:26-35(27L)</arm_group_label>
  </intervention>
  <intervention>
    <intervention_type>Drug</intervention_type>
    <intervention_name>Montanide ISA 51 VG</intervention_name>
    <description>Day 0:Autologous transduced CD8+PBL (anti-gp100:154 TCR PBL and anti-MART-1 F5 TCR PBL) infusion will be administered intravenously over 20 to 30 minutes (minimum 5 x 10e8 and up to a maximum of 2 x 10e11 of each transduced lymphocyte population).&#xD;
One mg of either the gp100:154-162 or the MART-1:26-35(27) emulsified in IFA by deep subcutaneous injection into each thigh to be administered prior to cell infusion and on days 7 and 14.</description>
    <arm_group_label>TBI 600cGy + PBL + HD IL-2+gp100:154-162</arm_group_label>
    <arm_group_label>TBI 600cGy+PBL+HD IL-2+MART-1:26-35(27L)</arm_group_label>
  </intervention>
  <intervention>
    <intervention_type>Drug</intervention_type>
    <intervention_name>gp100:154-162 Peptide</intervention_name>
    <description>Day 0:Autologous transduced CD8+PBL (anti-gp100:154 TCR PBL and anti-MART-1 F5 TCR PBL) infusion will be administered intravenously over 20 to 30 minutes (minimum 5 x 10e8 and up to a maximum of 2 x 10e11 of each transduced lymphocyte population).&#xD;
One mg of either the gp100:154-162 or the MART-1:26-35(27) emulsified in IFA by deep subcutaneous injection into each thigh to be administered prior to cell infusion and on days 7 and 14.</description>
    <arm_group_label>TBI 600cGy + PBL + HD IL-2+gp100:154-162</arm_group_label>
  </intervention>
  <intervention>
    <intervention_type>Procedure</intervention_type>
    <intervention_name>Radiation</intervention_name>
    <description>2Gy of TBI twice on day -2 and once on day -1 (total dose 6 Gy) at a rate of 0.07 Gy/minute</description>
    <arm_group_label>TBI 600cGy + PBL + HD IL-2+gp100:154-162</arm_group_label>
    <arm_group_label>TBI 600cGy+PBL+HD IL-2+MART-1:26-35(27L)</arm_group_label>
  </intervention>
  <intervention>
    <intervention_type>Drug</intervention_type>
    <intervention_name>Aldesleukin</intervention_name>
    <description>Within 24 hours of cell infusion administration of aldesleukin will be initiated as 720,000 IU/kg/dose IV over 15 minutes every 8 hours for up to 5 days (maximum 15 doses).</description>
    <arm_group_label>TBI 600cGy + PBL + HD IL-2+gp100:154-162</arm_group_label>
    <arm_group_label>TBI 600cGy+PBL+HD IL-2+MART-1:26-35(27L)</arm_group_label>
    <other_name>IL-2</other_name>
    <other_name>Interleukin-2</other_name>
  </intervention>
  <intervention>
    <intervention_type>Drug</intervention_type>
    <intervention_name>Fludarabine</intervention_name>
    <description>Day -6 to -2: Fludarabine 25 mg/m2/day IVPB daily over 15-30 minutes for 5 days</description>
    <arm_group_label>TBI 600cGy + PBL + HD IL-2+gp100:154-162</arm_group_label>
    <arm_group_label>TBI 600cGy+PBL+HD IL-2+MART-1:26-35(27L)</arm_group_label>
    <other_name>Fludara</other_name>
  </intervention>
  <intervention>
    <intervention_type>Drug</intervention_type>
    <intervention_name>Cyclophosphamide</intervention_name>
    <description>Day -6 to -5: Cyclophosphamide 60 mg/kg/day X 2 days IV in 250 ml D5W with mesna15 mg/kg/day over 1 hr X 2 days.</description>
    <arm_group_label>TBI 600cGy + PBL + HD IL-2+gp100:154-162</arm_group_label>
    <arm_group_label>TBI 600cGy+PBL+HD IL-2+MART-1:26-35(27L)</arm_group_label>
    <other_name>Cytoxan</other_name>
  </intervention>
  <intervention>
    <intervention_type>Genetic</intervention_type>
    <intervention_name>Anti-gp 100:154 TCR PBL</intervention_name>
    <description>Day 0:Autologous transduced CD8+PBL (anti-gp100:154 TCR PBL and anti-MART-1 F5 TCR PBL) infusion will be administered intravenously over 20 to 30 minutes (minimum 5 x 10e8 and up to a maximum of 2 x 10e11 of each transduced lymphocyte population).&#xD;
One mg of either the gp100:154-162 or theMART-1:26-35(27) emulsified in IFA by deep subcutaneous injection into each thigh to be administered prior to cell infusion and on days 7 and 14</description>
    <arm_group_label>TBI 600cGy + PBL + HD IL-2+gp100:154-162</arm_group_label>
  </intervention>
  <intervention>
    <intervention_type>Genetic</intervention_type>
    <intervention_name>Anti-MART-1 F5 TCR PBL</intervention_name>
    <description>Day 0:Autologous transduced CD8+PBL (anti-gp100:154 TCR PBL and anti-MART-1 F5 TCR PBL) infusion will be administered intravenously over 20 to 30 minutes (minimum 5 x 10e8 and up to a maximum of 2 x 10e11 of each transduced lymphocyte population).&#xD;
One mg of either the gp100:154-162 or theMART-1:26-35(27) emulsified in IFA by deep subcutaneous injection into each thigh to be administered prior to cell infusion and on days 7 and 14</description>
    <arm_group_label>TBI 600cGy+PBL+HD IL-2+MART-1:26-35(27L)</arm_group_label>
  </intervention>
  <eligibility>
    <criteria>
      <textblock>
        -  INCLUSION CRITERIA:&#xD;
&#xD;
               1. Metastatic melanoma with measurable disease.&#xD;
&#xD;
               2. Previously received aldesleukin (IL-2) and have been either non-responders&#xD;
                  (progressive disease) or have recurred.&#xD;
&#xD;
               3. Positive for gp100 and melanoma antigen recognized by T-cells (MART-1) (at least&#xD;
                  1 plus and greater than 5 percent) as assessed by immunohistochemistry (IHC) in&#xD;
                  the Clinical Laboratory Improvement Amendments (CLIA) approved test in the&#xD;
                  Laboratory of Pathology, Center for cancer Research (CCR), National Cancer&#xD;
                  Institute (NCI), National Institutes of Health (NIH).&#xD;
&#xD;
               4. Greater than or equal to 18 years of age.&#xD;
&#xD;
               5. Willing to sign a durable power of attorney.&#xD;
&#xD;
               6. Able to understand and sign the Informed Consent Document.&#xD;
&#xD;
               7. Clinical performance status of Eastern Cooperative Oncology Group (ECOG) 0 or 1.&#xD;
&#xD;
               8. Life expectancy of greater than three months.&#xD;
&#xD;
               9. Patients of both genders must be willing to practice birth control from the time&#xD;
                  of enrollment on this study and for up to four months after receiving the&#xD;
                  preparative regimen.&#xD;
&#xD;
              10. Must be human leukocyte antigens (HLA-A*0201) positive&#xD;
&#xD;
              11. Serology:&#xD;
&#xD;
               1. Seronegative for human immunodeficiency virus (HIV) antibody. (The experimental&#xD;
                  treatment being evaluated in this protocol depends on an intact immune system.&#xD;
                  Patients who are HIV seropositive can have decreased immune-competence and thus&#xD;
                  be less responsive to the experimental treatment and more susceptible to its&#xD;
                  toxicities.)&#xD;
&#xD;
               2. Seronegative for hepatitis B antigen and hepatitis C antibody unless antigen&#xD;
                  negative.&#xD;
&#xD;
             l. Hematology:&#xD;
&#xD;
               1. Absolute neutrophil count greater than 1000/m^3&#xD;
&#xD;
               2. White blood cell (WBC) (greater than 3000/mm^3.&#xD;
&#xD;
               3. Platelet count greater than 100,000/mm^3.&#xD;
&#xD;
               4. Hemoglobin greater than 8.0 g/dl.&#xD;
&#xD;
             m. Chemistry&#xD;
&#xD;
               1. Serum alanine aminotransferase (ALT)/aspartate aminotransferase (AST) less than&#xD;
                  or equal to 2.5 times the upper limit of normal.&#xD;
&#xD;
               2. Serum creatinine less than or equal to 1.6 mg/dl.&#xD;
&#xD;
               3. Total bilirubin less than or equal to 1.5 mg/dl, except in patients with&#xD;
                  Gilbert's Syndrome who must have a total bilirubin less than 3.0 mg/dl.&#xD;
&#xD;
             n. Women of child-bearing potential must have a negative pregnancy test because of the&#xD;
             potentially dangerous effects of the preparative chemotherapy on the fetus.&#xD;
&#xD;
             o. More than four weeks must have elapsed since any prior systemic therapy at the time&#xD;
             the patient receives the preparative regimen, and patients' toxicities must have&#xD;
             recovered to a grade 1 or less (except for toxicities such as alopecia or vitiligo).&#xD;
&#xD;
             p. Six weeks must have elapsed since prior anti-CTLA4 (cytotoxic T-lymphocyte antigen&#xD;
             4) antibody therapy to allow antibody levels to decline, and patients who have&#xD;
             previously received anti-CTLA4 antibody must have a normal colonoscopy with normal&#xD;
             colonic biopsies.&#xD;
&#xD;
        EXCLUSION CRITERIA:&#xD;
&#xD;
          1. Women of child-bearing potential who are pregnant or breastfeeding because of the&#xD;
             potentially dangerous effects of the preparative chemotherapy on the fetus or infant.&#xD;
&#xD;
          2. Active systemic infections; coagulation disorders or other major medical illnesses of&#xD;
             the cardiovascular, respiratory or immune system; myocardial infarction; cardiac&#xD;
             arrhythmias; obstructive or restrictive pulmonary disease.&#xD;
&#xD;
          3. Any form of primary immunodeficiency (such as Severe Combined Immunodeficiency&#xD;
             Disease).&#xD;
&#xD;
          4. Systemic steroid therapy.&#xD;
&#xD;
          5. History of severe immediate hypersensitivity reaction to any of the agents used in&#xD;
             this study.&#xD;
&#xD;
          6. History of coronary revascularization&#xD;
&#xD;
          7. Documented left ventricular ejection fraction (LVEF) of less than 45 percent in&#xD;
             patients with:&#xD;
&#xD;
        a) Clinically significant atrial and/or ventricular arrhythmias including but not limited&#xD;
        to: atrial fibrillation, ventricular tachycardia, 2 degree or 3 degree heart block&#xD;
&#xD;
        b) Age greater than or equal to 60 years old&#xD;
&#xD;
        h. Documented forced expiratory volume 1 (FEV1) less than or equal to 60 percent predicted&#xD;
        for patients with:&#xD;
&#xD;
          1. A prolonged history of cigarette smoking (greater than 20 pack/year within the past 2&#xD;
             years)&#xD;
&#xD;
          2. Symptoms of respiratory distress&#xD;
      </textblock>
    </criteria>
    <gender>All</gender>
    <minimum_age>18 Years</minimum_age>
    <maximum_age>N/A</maximum_age>
    <healthy_volunteers>No</healthy_volunteers>
  </eligibility>
  <overall_official>
    <last_name>Steven Rosenberg, M.D.</last_name>
    <role>Principal Investigator</role>
    <affiliation>National Cancer Institute, National Institutes of Health</affiliation>
  </overall_official>
  <location>
    <facility>
      <name>National Institutes of Health Clinical Center, 9000 Rockville Pike</name>
      <address>
        <city>Bethesda</city>
        <state>Maryland</state>
        <zip>20892</zip>
        <country>United States</country>
      </address>
    </facility>
  </location>
  <location_countries>
    <country>United States</country>
  </location_countries>
  <reference>
    <citation>Kawakami Y, Eliyahu S, Delgado CH, Robbins PF, Sakaguchi K, Appella E, Yannelli JR, Adema GJ, Miki T, Rosenberg SA. Identification of a human melanoma antigen recognized by tumor-infiltrating lymphocytes associated with in vivo tumor rejection. Proc Natl Acad Sci U S A. 1994 Jul 5;91(14):6458-62. doi: 10.1073/pnas.91.14.6458.</citation>
    <PMID>8022805</PMID>
  </reference>
  <reference>
    <citation>Kawakami Y, Eliyahu S, Delgado CH, Robbins PF, Rivoltini L, Topalian SL, Miki T, Rosenberg SA. Cloning of the gene coding for a shared human melanoma antigen recognized by autologous T cells infiltrating into tumor. Proc Natl Acad Sci U S A. 1994 Apr 26;91(9):3515-9. doi: 10.1073/pnas.91.9.3515.</citation>
    <PMID>8170938</PMID>
  </reference>
  <reference>
    <citation>Kawakami Y, Eliyahu S, Sakaguchi K, Robbins PF, Rivoltini L, Yannelli JR, Appella E, Rosenberg SA. Identification of the immunodominant peptides of the MART-1 human melanoma antigen recognized by the majority of HLA-A2-restricted tumor infiltrating lymphocytes. J Exp Med. 1994 Jul 1;180(1):347-52. doi: 10.1084/jem.180.1.347.</citation>
    <PMID>7516411</PMID>
  </reference>
  <verification_date>October 2015</verification_date>
  <study_first_submitted>June 17, 2009</study_first_submitted>
  <study_first_submitted_qc>June 17, 2009</study_first_submitted_qc>
  <study_first_posted type="Estimate">June 18, 2009</study_first_posted>
  <results_first_submitted>October 4, 2012</results_first_submitted>
  <results_first_submitted_qc>October 4, 2012</results_first_submitted_qc>
  <results_first_posted type="Estimate">November 4, 2012</results_first_posted>
  <last_update_submitted>October 6, 2015</last_update_submitted>
  <last_update_submitted_qc>October 6, 2015</last_update_submitted_qc>
  <last_update_posted type="Estimate">October 28, 2015</last_update_posted>
  <responsible_party>
    <responsible_party_type>Principal Investigator</responsible_party_type>
    <investigator_affiliation>National Institutes of Health Clinical Center (CC)</investigator_affiliation>
    <investigator_full_name>Steven Rosenberg, M.D.</investigator_full_name>
    <investigator_title>Principal Investigator</investigator_title>
  </responsible_party>
  <keyword>Metastatic Melanoma</keyword>
  <keyword>Tumor Regression</keyword>
  <keyword>Safety</keyword>
  <keyword>Immunotherapy</keyword>
  <condition_browse>
    <!-- CAUTION:  The following MeSH terms are assigned with an imperfect algorithm            -->
    <mesh_term>Melanoma</mesh_term>
  </condition_browse>
  <intervention_browse>
    <!-- CAUTION:  The following MeSH terms are assigned with an imperfect algorithm            -->
    <mesh_term>Aldesleukin</mesh_term>
    <mesh_term>Cyclophosphamide</mesh_term>
    <mesh_term>Fludarabine</mesh_term>
    <mesh_term>Interleukin-2</mesh_term>
    <mesh_term>Monatide (IMS 3015)</mesh_term>
  </intervention_browse>

  <clinical_results>

    <participant_flow>
      <group_list>
        <group group_id="P1">
          <title>TBI 600cGy + PBL + HD IL-2+gp100:154-162</title>
          <description>Day 0:Autologous transduced CD8+PBL (anti-gp100:154 TCR PBL and anti-MART-1 F5 TCR PBL) infusion will be administered intravenously over 20 to 30 minutes (minimum 5 x 10e8 and up to a maximum of 2 x 10e11 of each transduced lymphocyte population).&#xD;
One mg of either the gp100:154-162 or the MART-1:26-35(27) emulsified in IFA by deep subcutaneous injection into each thigh to be administered prior to cell infusion and on days 7 and 14 Within 24 hours of cell infusion administration of aldesleukin will be initiated as 720,000 IU/kg/dose IV over 15 minutes every 8 hours for up to 5 days (maximum 15 doses).&#xD;
Radiation: 2Gy of TBI twice on day -2 and once on day -1 (total dose 6 Gy) at a rate of 0.07 Gy/minute&#xD;
Day -6 to -2: Fludarabine 25 mg/m2/day IVPB daily over 15-30 minutes for 5 days Day -6 to -5: Cyclophosphamide 60 mg/kg/day X 2 days IV in 250 ml D5W with mesna15 mg/kg/day over 1 hr X 2 days.</description>
        </group>
        <group group_id="P2">
          <title>TBI 600cGy+PBL+HD IL-2+MART-1:26-35(27L)</title>
          <description>Day 0:Autologous transduced CD8+PBL (anti-gp100:154 TCR PBL and anti-MART-1 F5 TCR PBL) infusion will be administered intravenously over 20 to 30 minutes (minimum 5 x 10e8 and up to a maximum of 2 x 10e11 of each transduced lymphocyte population).&#xD;
One mg of either the gp100:154-162 or the MART-1:26-35(27) emulsified in IFA by deep subcutaneous injection into each thigh to be administered prior to cell infusion and on days 7 and 14 Within 24 hours of cell infusion administration of aldesleukin will be initiated as 720,000 IU/kg/dose IV over 15 minutes every 8 hours for up to 5 days (maximum 15 doses).&#xD;
Radiation: 2Gy of TBI twice on day -2 and once on day -1 (total dose 6 Gy) at a rate of 0.07 Gy/minute&#xD;
Day -6 to -2: Fludarabine 25 mg/m2/day IVPB daily over 15-30 minutes for 5 days Day -6 to -5: Cyclophosphamide 60 mg/kg/day X 2 days IV in 250 ml D5W with mesna15 mg/kg/day over 1 hr X 2 days.</description>
        </group>
      </group_list>
      <period_list>
        <period>
          <title>Overall Study</title>
          <milestone_list>
            <milestone>
              <title>STARTED</title>
              <participants_list>
                <participants group_id="P1" count="2"/>
                <participants group_id="P2" count="2"/>
              </participants_list>
            </milestone>
            <milestone>
              <title>COMPLETED</title>
              <participants_list>
                <participants group_id="P1" count="2"/>
                <participants group_id="P2" count="1"/>
              </participants_list>
            </milestone>
            <milestone>
              <title>NOT COMPLETED</title>
              <participants_list>
                <participants group_id="P1" count="0"/>
                <participants group_id="P2" count="1"/>
              </participants_list>
            </milestone>
          </milestone_list>
          <drop_withdraw_reason_list>
            <drop_withdraw_reason>
              <title>Death</title>
              <participants_list>
                <participants group_id="P1" count="0"/>
                <participants group_id="P2" count="1"/>
              </participants_list>
            </drop_withdraw_reason>
          </drop_withdraw_reason_list>
        </period>
      </period_list>
    </participant_flow>

    <baseline>
      <group_list>
        <group group_id="B1">
          <title>TBI 600cGy + PBL + HD IL-2+gp100:154-162</title>
          <description>Day 0:Autologous transduced CD8+PBL (anti-gp100:154 TCR PBL and anti-MART-1 F5 TCR PBL) infusion will be administered intravenously over 20 to 30 minutes (minimum 5 x 10e8 and up to a maximum of 2 x 10e11 of each transduced lymphocyte population).&#xD;
One mg of either the gp100:154-162 or the MART-1:26-35(27) emulsified in IFA by deep subcutaneous injection into each thigh to be administered prior to cell infusion and on days 7 and 14 Within 24 hours of cell infusion administration of aldesleukin will be initiated as 720,000 IU/kg/dose IV over 15 minutes every 8 hours for up to 5 days (maximum 15 doses).&#xD;
Radiation: 2Gy of TBI twice on day -2 and once on day -1 (total dose 6 Gy) at a rate of 0.07 Gy/minute&#xD;
Day -6 to -2: Fludarabine 25 mg/m2/day IVPB daily over 15-30 minutes for 5 days Day -6 to -5: Cyclophosphamide 60 mg/kg/day X 2 days IV in 250 ml D5W with mesna15 mg/kg/day over 1 hr X 2 days.</description>
        </group>
        <group group_id="B2">
          <title>TBI 600cGy+PBL+HD IL-2+MART-1:26-35(27L)</title>
          <description>Day 0:Autologous transduced CD8+PBL (anti-gp100:154 TCR PBL and anti-MART-1 F5 TCR PBL) infusion will be administered intravenously over 20 to 30 minutes (minimum 5 x 10e8 and up to a maximum of 2 x 10e11 of each transduced lymphocyte population).&#xD;
One mg of either the gp100:154-162 or the MART-1:26-35(27) emulsified in IFA by deep subcutaneous injection into each thigh to be administered prior to cell infusion and on days 7 and 14 Within 24 hours of cell infusion administration of aldesleukin will be initiated as 720,000 IU/kg/dose IV over 15 minutes every 8 hours for up to 5 days (maximum 15 doses).&#xD;
Radiation: 2Gy of TBI twice on day -2 and once on day -1 (total dose 6 Gy) at a rate of 0.07 Gy/minute&#xD;
Day -6 to -2: Fludarabine 25 mg/m2/day IVPB daily over 15-30 minutes for 5 days Day -6 to -5: Cyclophosphamide 60 mg/kg/day X 2 days IV in 250 ml D5W with mesna15 mg/kg/day over 1 hr X 2 days.</description>
        </group>
        <group group_id="B3">
          <title>Total</title>
          <description>Total of all reporting groups</description>
        </group>
      </group_list>
      <analyzed_list>
        <analyzed>
          <units>Participants</units>
          <scope>Overall</scope>
          <count_list>
            <count group_id="B1" value="2"/>
            <count group_id="B2" value="2"/>
            <count group_id="B3" value="4"/>
          </count_list>
        </analyzed>
      </analyzed_list>
      <measure_list>
        <measure>
          <title>Age</title>
          <units>Participants</units>
          <param>Count of Participants</param>
          <class_list>
            <class>
              <category_list>
                <category>
                  <title>&lt;=18 years</title>
                  <measurement_list>
                    <measurement group_id="B1" value="0"/>
                    <measurement group_id="B2" value="0"/>
                    <measurement group_id="B3" value="0"/>
                  </measurement_list>
                </category>
                <category>
                  <title>Between 18 and 65 years</title>
                  <measurement_list>
                    <measurement group_id="B1" value="2"/>
                    <measurement group_id="B2" value="2"/>
                    <measurement group_id="B3" value="4"/>
                  </measurement_list>
                </category>
                <category>
                  <title>&gt;=65 years</title>
                  <measurement_list>
                    <measurement group_id="B1" value="0"/>
                    <measurement group_id="B2" value="0"/>
                    <measurement group_id="B3" value="0"/>
                  </measurement_list>
                </category>
              </category_list>
            </class>
          </class_list>
        </measure>
        <measure>
          <title>Age</title>
          <units>years</units>
          <param>Mean</param>
          <dispersion>Standard Deviation</dispersion>
          <class_list>
            <class>
              <category_list>
                <category>
                  <measurement_list>
                    <measurement group_id="B1" value="48.5" spread="4.9"/>
                    <measurement group_id="B2" value="47.5" spread="12.0"/>
                    <measurement group_id="B3" value="48.0" spread="7.5"/>
                  </measurement_list>
                </category>
              </category_list>
            </class>
          </class_list>
        </measure>
        <measure>
          <title>Sex: Female, Male</title>
          <units>Participants</units>
          <param>Count of Participants</param>
          <class_list>
            <class>
              <category_list>
                <category>
                  <title>Female</title>
                  <measurement_list>
                    <measurement group_id="B1" value="0"/>
                    <measurement group_id="B2" value="1"/>
                    <measurement group_id="B3" value="1"/>
                  </measurement_list>
                </category>
                <category>
                  <title>Male</title>
                  <measurement_list>
                    <measurement group_id="B1" value="2"/>
                    <measurement group_id="B2" value="1"/>
                    <measurement group_id="B3" value="3"/>
                  </measurement_list>
                </category>
              </category_list>
            </class>
          </class_list>
        </measure>
        <measure>
          <title>Ethnicity (NIH/OMB)</title>
          <units>Participants</units>
          <param>Count of Participants</param>
          <class_list>
            <class>
              <category_list>
                <category>
                  <title>Hispanic or Latino</title>
                  <measurement_list>
                    <measurement group_id="B1" value="0"/>
                    <measurement group_id="B2" value="0"/>
                    <measurement group_id="B3" value="0"/>
                  </measurement_list>
                </category>
                <category>
                  <title>Not Hispanic or Latino</title>
                  <measurement_list>
                    <measurement group_id="B1" value="2"/>
                    <measurement group_id="B2" value="2"/>
                    <measurement group_id="B3" value="4"/>
                  </measurement_list>
                </category>
                <category>
                  <title>Unknown or Not Reported</title>
                  <measurement_list>
                    <measurement group_id="B1" value="0"/>
                    <measurement group_id="B2" value="0"/>
                    <measurement group_id="B3" value="0"/>
                  </measurement_list>
                </category>
              </category_list>
            </class>
          </class_list>
        </measure>
        <measure>
          <title>Race (NIH/OMB)</title>
          <units>Participants</units>
          <param>Count of Participants</param>
          <class_list>
            <class>
              <category_list>
                <category>
                  <title>American Indian or Alaska Native</title>
                  <measurement_list>
                    <measurement group_id="B1" value="0"/>
                    <measurement group_id="B2" value="0"/>
                    <measurement group_id="B3" value="0"/>
                  </measurement_list>
                </category>
                <category>
                  <title>Asian</title>
                  <measurement_list>
                    <measurement group_id="B1" value="0"/>
                    <measurement group_id="B2" value="0"/>
                    <measurement group_id="B3" value="0"/>
                  </measurement_list>
                </category>
                <category>
                  <title>Native Hawaiian or Other Pacific Islander</title>
                  <measurement_list>
                    <measurement group_id="B1" value="0"/>
                    <measurement group_id="B2" value="0"/>
                    <measurement group_id="B3" value="0"/>
                  </measurement_list>
                </category>
                <category>
                  <title>Black or African American</title>
                  <measurement_list>
                    <measurement group_id="B1" value="0"/>
                    <measurement group_id="B2" value="0"/>
                    <measurement group_id="B3" value="0"/>
                  </measurement_list>
                </category>
                <category>
                  <title>White</title>
                  <measurement_list>
                    <measurement group_id="B1" value="2"/>
                    <measurement group_id="B2" value="2"/>
                    <measurement group_id="B3" value="4"/>
                  </measurement_list>
                </category>
                <category>
                  <title>More than one race</title>
                  <measurement_list>
                    <measurement group_id="B1" value="0"/>
                    <measurement group_id="B2" value="0"/>
                    <measurement group_id="B3" value="0"/>
                  </measurement_list>
                </category>
                <category>
                  <title>Unknown or Not Reported</title>
                  <measurement_list>
                    <measurement group_id="B1" value="0"/>
                    <measurement group_id="B2" value="0"/>
                    <measurement group_id="B3" value="0"/>
                  </measurement_list>
                </category>
              </category_list>
            </class>
          </class_list>
        </measure>
        <measure>
          <title>Region of Enrollment</title>
          <units>participants</units>
          <param>Number</param>
          <class_list>
            <class>
              <title>United States</title>
              <category_list>
                <category>
                  <measurement_list>
                    <measurement group_id="B1" value="2"/>
                    <measurement group_id="B2" value="2"/>
                    <measurement group_id="B3" value="4"/>
                  </measurement_list>
                </category>
              </category_list>
            </class>
          </class_list>
        </measure>
      </measure_list>
    </baseline>

    <outcome_list>
      <outcome>
        <type>Primary</type>
        <title>Complete Response Rates for Patients With Metastatic Melanoma</title>
        <description>Complete response was assessed by the Response Evaluation Criteria in Solid Tumors (RECIST) criteria. Complete response is a disappearance of all target lesions. Partial response is at least a 30% decrease in the sum of the longest diameter (LD) of target lesions taking as reference the baseline sum LD. Progression is at least a 20% increase in the sum of the LD of target lesions taking as reference the smallest sum LD recorded since the treatment started or the appearance of one or more new lesions. Stable disease is neither sufficient shrinkage to qualify for PR nor sufficient increase to qualify for PD taking as reference the smallest sum LD.</description>
        <time_frame>Every 4-6 weeks after initial treatment regimen. If the patient has stable disease or tumor shrinkage, complete evaluations will be repeated every 1-3 months.</time_frame>
        <group_list>
          <group group_id="O1">
            <title>TBI 600cGy + PBL + HD IL-2+gp100:154-162</title>
            <description>Day 0:Autologous transduced CD8+PBL (anti-gp100:154 TCR PBL and anti-MART-1 F5 TCR PBL) infusion will be administered intravenously over 20 to 30 minutes (minimum 5 x 10e8 and up to a maximum of 2 x 10e11 of each transduced lymphocyte population).&#xD;
One mg of either the gp100:154-162 or the MART-1:26-35(27) emulsified in IFA by deep subcutaneous injection into each thigh to be administered prior to cell infusion and on days 7 and 14 Within 24 hours of cell infusion administration of aldesleukin will be initiated as 720,000 IU/kg/dose IV over 15 minutes every 8 hours for up to 5 days (maximum 15 doses).&#xD;
Radiation: 2Gy of TBI twice on day -2 and once on day -1 (total dose 6 Gy) at a rate of 0.07 Gy/minute&#xD;
Day -6 to -2: Fludarabine 25 mg/m2/day IVPB daily over 15-30 minutes for 5 days Day -6 to -5: Cyclophosphamide 60 mg/kg/day X 2 days IV in 250 ml D5W with mesna15 mg/kg/day over 1 hr X 2 days.</description>
          </group>
          <group group_id="O2">
            <title>TBI 600cGy+PBL+HD IL-2+MART-1:26-35(27L)</title>
            <description>Day 0:Autologous transduced CD8+PBL (anti-gp100:154 TCR PBL and anti-MART-1 F5 TCR PBL) infusion will be administered intravenously over 20 to 30 minutes (minimum 5 x 10e8 and up to a maximum of 2 x 10e11 of each transduced lymphocyte population).&#xD;
One mg of either the gp100:154-162 or the MART-1:26-35(27) emulsified in IFA by deep subcutaneous injection into each thigh to be administered prior to cell infusion and on days 7 and 14 Within 24 hours of cell infusion administration of aldesleukin will be initiated as 720,000 IU/kg/dose IV over 15 minutes every 8 hours for up to 5 days (maximum 15 doses).&#xD;
Radiation: 2Gy of TBI twice on day -2 and once on day -1 (total dose 6 Gy) at a rate of 0.07 Gy/minute&#xD;
Day -6 to -2: Fludarabine 25 mg/m2/day IVPB daily over 15-30 minutes for 5 days Day -6 to -5: Cyclophosphamide 60 mg/kg/day X 2 days IV in 250 ml D5W with mesna15 mg/kg/day over 1 hr X 2 days.</description>
          </group>
        </group_list>
        <measure>
          <title>Complete Response Rates for Patients With Metastatic Melanoma</title>
          <description>Complete response was assessed by the Response Evaluation Criteria in Solid Tumors (RECIST) criteria. Complete response is a disappearance of all target lesions. Partial response is at least a 30% decrease in the sum of the longest diameter (LD) of target lesions taking as reference the baseline sum LD. Progression is at least a 20% increase in the sum of the LD of target lesions taking as reference the smallest sum LD recorded since the treatment started or the appearance of one or more new lesions. Stable disease is neither sufficient shrinkage to qualify for PR nor sufficient increase to qualify for PD taking as reference the smallest sum LD.</description>
          <units>Participants</units>
          <param>Number</param>
          <analyzed_list>
            <analyzed>
              <units>Participants</units>
              <scope>Measure</scope>
              <count_list>
                <count group_id="O1" value="2"/>
                <count group_id="O2" value="2"/>
              </count_list>
            </analyzed>
          </analyzed_list>
          <class_list>
            <class>
              <title>Complete Response</title>
              <category_list>
                <category>
                  <measurement_list>
                    <measurement group_id="O1" value="0"/>
                    <measurement group_id="O2" value="0"/>
                  </measurement_list>
                </category>
              </category_list>
            </class>
            <class>
              <title>Partial Response</title>
              <category_list>
                <category>
                  <measurement_list>
                    <measurement group_id="O1" value="0"/>
                    <measurement group_id="O2" value="0"/>
                  </measurement_list>
                </category>
              </category_list>
            </class>
            <class>
              <title>Progressive Disease</title>
              <category_list>
                <category>
                  <measurement_list>
                    <measurement group_id="O1" value="2"/>
                    <measurement group_id="O2" value="2"/>
                  </measurement_list>
                </category>
              </category_list>
            </class>
            <class>
              <title>Stable Disease</title>
              <category_list>
                <category>
                  <measurement_list>
                    <measurement group_id="O1" value="0"/>
                    <measurement group_id="O2" value="0"/>
                  </measurement_list>
                </category>
              </category_list>
            </class>
          </class_list>
        </measure>
      </outcome>
      <outcome>
        <type>Secondary</type>
        <title>Toxicity Profile</title>
        <description>Here is the number of participants with adverse events. For a detailed list of adverse events, see the adverse event module.</description>
        <time_frame>32 months</time_frame>
        <group_list>
          <group group_id="O1">
            <title>TBI 600cGy + PBL + HD IL-2+gp100:154-162</title>
            <description>Day 0:Autologous transduced CD8+PBL (anti-gp100:154 TCR PBL and anti-MART-1 F5 TCR PBL) infusion will be administered intravenously over 20 to 30 minutes (minimum 5 x 10e8 and up to a maximum of 2 x 10e11 of each transduced lymphocyte population).&#xD;
One mg of either the gp100:154-162 or the MART-1:26-35(27) emulsified in IFA by deep subcutaneous injection into each thigh to be administered prior to cell infusion and on days 7 and 14 Within 24 hours of cell infusion administration of aldesleukin will be initiated as 720,000 IU/kg/dose IV over 15 minutes every 8 hours for up to 5 days (maximum 15 doses).&#xD;
Radiation: 2Gy of TBI twice on day -2 and once on day -1 (total dose 6 Gy) at a rate of 0.07 Gy/minute&#xD;
Day -6 to -2: Fludarabine 25 mg/m2/day IVPB daily over 15-30 minutes for 5 days Day -6 to -5: Cyclophosphamide 60 mg/kg/day X 2 days IV in 250 ml D5W with mesna15 mg/kg/day over 1 hr X 2 days.</description>
          </group>
          <group group_id="O2">
            <title>TBI 600cGy+PBL+HD IL-2+MART-1:26-35(27L)</title>
            <description>Day 0:Autologous transduced CD8+PBL (anti-gp100:154 TCR PBL and anti-MART-1 F5 TCR PBL) infusion will be administered intravenously over 20 to 30 minutes (minimum 5 x 10e8 and up to a maximum of 2 x 10e11 of each transduced lymphocyte population).&#xD;
One mg of either the gp100:154-162 or the MART-1:26-35(27) emulsified in IFA by deep subcutaneous injection into each thigh to be administered prior to cell infusion and on days 7 and 14 Within 24 hours of cell infusion administration of aldesleukin will be initiated as 720,000 IU/kg/dose IV over 15 minutes every 8 hours for up to 5 days (maximum 15 doses).&#xD;
Radiation: 2Gy of TBI twice on day -2 and once on day -1 (total dose 6 Gy) at a rate of 0.07 Gy/minute&#xD;
Day -6 to -2: Fludarabine 25 mg/m2/day IVPB daily over 15-30 minutes for 5 days Day -6 to -5: Cyclophosphamide 60 mg/kg/day X 2 days IV in 250 ml D5W with mesna15 mg/kg/day over 1 hr X 2 days.</description>
          </group>
        </group_list>
        <measure>
          <title>Toxicity Profile</title>
          <description>Here is the number of participants with adverse events. For a detailed list of adverse events, see the adverse event module.</description>
          <units>Participants</units>
          <param>Number</param>
          <analyzed_list>
            <analyzed>
              <units>Participants</units>
              <scope>Measure</scope>
              <count_list>
                <count group_id="O1" value="2"/>
                <count group_id="O2" value="2"/>
              </count_list>
            </analyzed>
          </analyzed_list>
          <class_list>
            <class>
              <category_list>
                <category>
                  <measurement_list>
                    <measurement group_id="O1" value="2"/>
                    <measurement group_id="O2" value="2"/>
                  </measurement_list>
                </category>
              </category_list>
            </class>
          </class_list>
        </measure>
      </outcome>
    </outcome_list>

    <reported_events>
      <group_list>
        <group group_id="E1">
          <title>TBI 600cGy + PBL + HD IL-2+gp100:154-162</title>
          <description>Day 0:Autologous transduced CD8+PBL (anti-gp100:154 TCR PBL and anti-MART-1 F5 TCR PBL) infusion will be administered intravenously over 20 to 30 minutes (minimum 5 x 10e8 and up to a maximum of 2 x 10e11 of each transduced lymphocyte population).&#xD;
One mg of either the gp100:154-162 or the MART-1:26-35(27) emulsified in IFA by deep subcutaneous injection into each thigh to be administered prior to cell infusion and on days 7 and 14 Within 24 hours of cell infusion administration of aldesleukin will be initiated as 720,000 IU/kg/dose IV over 15 minutes every 8 hours for up to 5 days (maximum 15 doses).&#xD;
Radiation: 2Gy of TBI twice on day -2 and once on day -1 (total dose 6 Gy) at a rate of 0.07 Gy/minute&#xD;
Day -6 to -2: Fludarabine 25 mg/m2/day IVPB daily over 15-30 minutes for 5 days Day -6 to -5: Cyclophosphamide 60 mg/kg/day X 2 days IV in 250 ml D5W with mesna15 mg/kg/day over 1 hr X 2 days.</description>
        </group>
        <group group_id="E2">
          <title>TBI 600cGy+PBL+HD IL-2+MART-1:26-35(27L)</title>
          <description>Day 0:Autologous transduced CD8+PBL (anti-gp100:154 TCR PBL and anti-MART-1 F5 TCR PBL) infusion will be administered intravenously over 20 to 30 minutes (minimum 5 x 10e8 and up to a maximum of 2 x 10e11 of each transduced lymphocyte population).&#xD;
One mg of either the gp100:154-162 or the MART-1:26-35(27) emulsified in IFA by deep subcutaneous injection into each thigh to be administered prior to cell infusion and on days 7 and 14 Within 24 hours of cell infusion administration of aldesleukin will be initiated as 720,000 IU/kg/dose IV over 15 minutes every 8 hours for up to 5 days (maximum 15 doses).&#xD;
Radiation: 2Gy of TBI twice on day -2 and once on day -1 (total dose 6 Gy) at a rate of 0.07 Gy/minute&#xD;
Day -6 to -2: Fludarabine 25 mg/m2/day IVPB daily over 15-30 minutes for 5 days Day -6 to -5: Cyclophosphamide 60 mg/kg/day X 2 days IV in 250 ml D5W with mesna15 mg/kg/day over 1 hr X 2 days.</description>
        </group>
      </group_list>
      <serious_events>
        <default_vocab>CTCv3.0</default_vocab>
        <default_assessment>Systematic Assessment</default_assessment>
        <category_list>
          <category>
            <title>Total</title>
            <event_list>
              <event>
                <sub_title>Total, serious adverse events</sub_title>
                <counts group_id="E1" subjects_affected="2" subjects_at_risk="2"/>
                <counts group_id="E2" subjects_affected="1" subjects_at_risk="2"/>
              </event>
            </event_list>
          </category>
          <category>
            <title>Nervous system disorders</title>
            <event_list>
              <event>
                <sub_title>Somnolence/depressed level of consciousness</sub_title>
                <counts group_id="E1" events="1" subjects_affected="1" subjects_at_risk="2"/>
                <counts group_id="E2" events="1" subjects_affected="1" subjects_at_risk="2"/>
              </event>
              <event>
                <sub_title>Ischemia cerebrovascular</sub_title>
                <counts group_id="E1" events="0" subjects_affected="0" subjects_at_risk="2"/>
                <counts group_id="E2" events="1" subjects_affected="1" subjects_at_risk="2"/>
              </event>
              <event>
                <sub_title>Seizure</sub_title>
                <counts group_id="E1" events="0" subjects_affected="0" subjects_at_risk="2"/>
                <counts group_id="E2" events="1" subjects_affected="1" subjects_at_risk="2"/>
              </event>
            </event_list>
          </category>
          <category>
            <title>Renal and urinary disorders</title>
            <event_list>
              <event>
                <sub_title>Renal failure</sub_title>
                <counts group_id="E1" events="1" subjects_affected="1" subjects_at_risk="2"/>
                <counts group_id="E2" events="0" subjects_affected="0" subjects_at_risk="2"/>
              </event>
            </event_list>
          </category>
        </category_list>
      </serious_events>
      <other_events>
        <frequency_threshold>0</frequency_threshold>
        <default_vocab>CTCv3.0</default_vocab>
        <default_assessment>Systematic Assessment</default_assessment>
        <category_list>
          <category>
            <title>Total</title>
            <event_list>
              <event>
                <sub_title>Total, other adverse events</sub_title>
                <counts group_id="E1" subjects_affected="2" subjects_at_risk="2"/>
                <counts group_id="E2" subjects_affected="2" subjects_at_risk="2"/>
              </event>
            </event_list>
          </category>
          <category>
            <title>Blood and lymphatic system disorders</title>
            <event_list>
              <event>
                <sub_title>Hemoglobin decreased</sub_title>
                <counts group_id="E1" events="2" subjects_affected="2" subjects_at_risk="2"/>
                <counts group_id="E2" events="2" subjects_affected="2" subjects_at_risk="2"/>
              </event>
              <event>
                <sub_title>Leukocyte count decreased</sub_title>
                <counts group_id="E1" events="2" subjects_affected="2" subjects_at_risk="2"/>
                <counts group_id="E2" events="3" subjects_affected="2" subjects_at_risk="2"/>
              </event>
              <event>
                <sub_title>Lymphocyte count decreased</sub_title>
                <counts group_id="E1" events="3" subjects_affected="2" subjects_at_risk="2"/>
                <counts group_id="E2" events="2" subjects_affected="2" subjects_at_risk="2"/>
              </event>
              <event>
                <sub_title>Neutrophil count decreased</sub_title>
                <counts group_id="E1" events="2" subjects_affected="2" subjects_at_risk="2"/>
                <counts group_id="E2" events="4" subjects_affected="2" subjects_at_risk="2"/>
              </event>
              <event>
                <sub_title>Platelet count decreased</sub_title>
                <counts group_id="E1" events="2" subjects_affected="2" subjects_at_risk="2"/>
                <counts group_id="E2" events="2" subjects_affected="2" subjects_at_risk="2"/>
              </event>
              <event>
                <sub_title>Activated partial thromboplastin time prolonged</sub_title>
                <counts group_id="E1" events="1" subjects_affected="1" subjects_at_risk="2"/>
                <counts group_id="E2" events="0" subjects_affected="0" subjects_at_risk="2"/>
              </event>
            </event_list>
          </category>
          <category>
            <title>Cardiac disorders</title>
            <event_list>
              <event>
                <sub_title>Hypotension</sub_title>
                <counts group_id="E1" events="1" subjects_affected="1" subjects_at_risk="2"/>
                <counts group_id="E2" events="1" subjects_affected="1" subjects_at_risk="2"/>
              </event>
              <event>
                <sub_title>Hypertension</sub_title>
                <counts group_id="E1" events="0" subjects_affected="0" subjects_at_risk="2"/>
                <counts group_id="E2" events="1" subjects_affected="1" subjects_at_risk="2"/>
              </event>
            </event_list>
          </category>
          <category>
            <title>Ear and labyrinth disorders</title>
            <event_list>
              <event>
                <sub_title>Hearing test abnormal</sub_title>
                <counts group_id="E1" events="3" subjects_affected="2" subjects_at_risk="2"/>
                <counts group_id="E2" events="2" subjects_affected="2" subjects_at_risk="2"/>
              </event>
            </event_list>
          </category>
          <category>
            <title>Eye disorders</title>
            <event_list>
              <event>
                <sub_title>Uveitis</sub_title>
                <counts group_id="E1" events="1" subjects_affected="1" subjects_at_risk="2"/>
                <counts group_id="E2" events="1" subjects_affected="1" subjects_at_risk="2"/>
              </event>
            </event_list>
          </category>
          <category>
            <title>Gastrointestinal disorders</title>
            <event_list>
              <event>
                <sub_title>Anorexia</sub_title>
                <counts group_id="E1" events="0" subjects_affected="0" subjects_at_risk="2"/>
                <counts group_id="E2" events="1" subjects_affected="1" subjects_at_risk="2"/>
              </event>
            </event_list>
          </category>
          <category>
            <title>Infections and infestations</title>
            <event_list>
              <event>
                <sub_title>Febrile Neutropenia</sub_title>
                <counts group_id="E1" events="2" subjects_affected="2" subjects_at_risk="2"/>
                <counts group_id="E2" events="3" subjects_affected="2" subjects_at_risk="2"/>
              </event>
              <event>
                <sub_title>Sepsis</sub_title>
                <counts group_id="E1" events="1" subjects_affected="1" subjects_at_risk="2"/>
                <counts group_id="E2" events="4" subjects_affected="1" subjects_at_risk="2"/>
              </event>
              <event>
                <sub_title>Wound infection</sub_title>
                <counts group_id="E1" events="6" subjects_affected="1" subjects_at_risk="2"/>
                <counts group_id="E2" events="0" subjects_affected="0" subjects_at_risk="2"/>
              </event>
              <event>
                <sub_title>Upper respiratory infection</sub_title>
                <counts group_id="E1" events="1" subjects_affected="1" subjects_at_risk="2"/>
                <counts group_id="E2" events="0" subjects_affected="0" subjects_at_risk="2"/>
              </event>
              <event>
                <sub_title>Colitis, infectious (e.g., Clostridium difficile)</sub_title>
                <counts group_id="E1" events="0" subjects_affected="0" subjects_at_risk="2"/>
                <counts group_id="E2" events="3" subjects_affected="1" subjects_at_risk="2"/>
              </event>
              <event>
                <sub_title>Urinary tract infection</sub_title>
                <counts group_id="E1" events="0" subjects_affected="0" subjects_at_risk="2"/>
                <counts group_id="E2" events="1" subjects_affected="1" subjects_at_risk="2"/>
              </event>
              <event>
                <sub_title>Catheter-related infection</sub_title>
                <counts group_id="E1" events="0" subjects_affected="0" subjects_at_risk="2"/>
                <counts group_id="E2" events="1" subjects_affected="1" subjects_at_risk="2"/>
              </event>
              <event>
                <sub_title>Pneumonia</sub_title>
                <counts group_id="E1" events="0" subjects_affected="0" subjects_at_risk="2"/>
                <counts group_id="E2" events="2" subjects_affected="1" subjects_at_risk="2"/>
              </event>
              <event>
                <sub_title>Peripheral nerve infection</sub_title>
                <counts group_id="E1" events="0" subjects_affected="0" subjects_at_risk="2"/>
                <counts group_id="E2" events="1" subjects_affected="1" subjects_at_risk="2"/>
              </event>
              <event>
                <sub_title>Anorectal infection</sub_title>
                <counts group_id="E1" events="0" subjects_affected="0" subjects_at_risk="2"/>
                <counts group_id="E2" events="1" subjects_affected="1" subjects_at_risk="2"/>
              </event>
            </event_list>
          </category>
          <category>
            <title>Metabolism and nutrition disorders</title>
            <event_list>
              <event>
                <sub_title>Acidosis</sub_title>
                <counts group_id="E1" events="1" subjects_affected="1" subjects_at_risk="2"/>
                <counts group_id="E2" events="0" subjects_affected="0" subjects_at_risk="2"/>
              </event>
              <event>
                <sub_title>Serum albumin decreased</sub_title>
                <counts group_id="E1" events="2" subjects_affected="2" subjects_at_risk="2"/>
                <counts group_id="E2" events="1" subjects_affected="1" subjects_at_risk="2"/>
              </event>
              <event>
                <sub_title>Bilirubin increased</sub_title>
                <counts group_id="E1" events="1" subjects_affected="1" subjects_at_risk="2"/>
                <counts group_id="E2" events="0" subjects_affected="0" subjects_at_risk="2"/>
              </event>
              <event>
                <sub_title>Creatinine increased</sub_title>
                <counts group_id="E1" events="2" subjects_affected="2" subjects_at_risk="2"/>
                <counts group_id="E2" events="0" subjects_affected="0" subjects_at_risk="2"/>
              </event>
              <event>
                <sub_title>Serum phosphate decreased</sub_title>
                <counts group_id="E1" events="1" subjects_affected="1" subjects_at_risk="2"/>
                <counts group_id="E2" events="4" subjects_affected="2" subjects_at_risk="2"/>
              </event>
              <event>
                <sub_title>Serum sodium decreased</sub_title>
                <counts group_id="E1" events="1" subjects_affected="1" subjects_at_risk="2"/>
                <counts group_id="E2" events="0" subjects_affected="0" subjects_at_risk="2"/>
              </event>
              <event>
                <sub_title>Blood uric acid increased</sub_title>
                <counts group_id="E1" events="1" subjects_affected="1" subjects_at_risk="2"/>
                <counts group_id="E2" events="0" subjects_affected="0" subjects_at_risk="2"/>
              </event>
              <event>
                <sub_title>Aspartate aminotransferase increased</sub_title>
                <counts group_id="E1" events="0" subjects_affected="0" subjects_at_risk="2"/>
                <counts group_id="E2" events="1" subjects_affected="1" subjects_at_risk="2"/>
              </event>
              <event>
                <sub_title>Serum calcium decreased</sub_title>
                <counts group_id="E1" events="2" subjects_affected="2" subjects_at_risk="2"/>
                <counts group_id="E2" events="1" subjects_affected="1" subjects_at_risk="2"/>
              </event>
              <event>
                <sub_title>Serum potassium decreased</sub_title>
                <counts group_id="E1" events="0" subjects_affected="0" subjects_at_risk="2"/>
                <counts group_id="E2" events="4" subjects_affected="2" subjects_at_risk="2"/>
              </event>
            </event_list>
          </category>
          <category>
            <title>Nervous system disorders</title>
            <event_list>
              <event>
                <sub_title>Confusion</sub_title>
                <counts group_id="E1" events="2" subjects_affected="2" subjects_at_risk="2"/>
                <counts group_id="E2" events="0" subjects_affected="0" subjects_at_risk="2"/>
              </event>
              <event>
                <sub_title>Dizziness</sub_title>
                <counts group_id="E1" events="1" subjects_affected="1" subjects_at_risk="2"/>
                <counts group_id="E2" events="0" subjects_affected="0" subjects_at_risk="2"/>
              </event>
              <event>
                <sub_title>Psychosis</sub_title>
                <counts group_id="E1" events="0" subjects_affected="0" subjects_at_risk="2"/>
                <counts group_id="E2" events="1" subjects_affected="1" subjects_at_risk="2"/>
              </event>
            </event_list>
          </category>
          <category>
            <title>Renal and urinary disorders</title>
            <event_list>
              <event>
                <sub_title>Low urine output</sub_title>
                <counts group_id="E1" events="1" subjects_affected="1" subjects_at_risk="2"/>
                <counts group_id="E2" events="0" subjects_affected="0" subjects_at_risk="2"/>
              </event>
              <event>
                <sub_title>Renal failure</sub_title>
                <counts group_id="E1" events="1" subjects_affected="1" subjects_at_risk="2"/>
                <counts group_id="E2" events="0" subjects_affected="0" subjects_at_risk="2"/>
              </event>
            </event_list>
          </category>
          <category>
            <title>Reproductive system and breast disorders</title>
            <event_list>
              <event>
                <sub_title>Abdominal pain</sub_title>
                <counts group_id="E1" events="1" subjects_affected="1" subjects_at_risk="2"/>
                <counts group_id="E2" events="0" subjects_affected="0" subjects_at_risk="2"/>
              </event>
            </event_list>
          </category>
          <category>
            <title>Respiratory, thoracic and mediastinal disorders</title>
            <event_list>
              <event>
                <sub_title>Dyspnea</sub_title>
                <counts group_id="E1" events="1" subjects_affected="1" subjects_at_risk="2"/>
                <counts group_id="E2" events="1" subjects_affected="1" subjects_at_risk="2"/>
              </event>
              <event>
                <sub_title>Laryngeal edema</sub_title>
                <counts group_id="E1" events="0" subjects_affected="0" subjects_at_risk="2"/>
                <counts group_id="E2" events="1" subjects_affected="1" subjects_at_risk="2"/>
              </event>
            </event_list>
          </category>
          <category>
            <title>Skin and subcutaneous tissue disorders</title>
            <event_list>
              <event>
                <sub_title>Skin hypopigmentation</sub_title>
                <counts group_id="E1" events="1" subjects_affected="1" subjects_at_risk="2"/>
                <counts group_id="E2" events="0" subjects_affected="0" subjects_at_risk="2"/>
              </event>
              <event>
                <sub_title>Rash desquamating</sub_title>
                <counts group_id="E1" events="2" subjects_affected="2" subjects_at_risk="2"/>
                <counts group_id="E2" events="2" subjects_affected="2" subjects_at_risk="2"/>
              </event>
            </event_list>
          </category>
        </category_list>
      </other_events>
    </reported_events>

    <certain_agreements>
      <pi_employee>Principal Investigators are NOT employed by the organization sponsoring the study.</pi_employee>
      <restrictive_agreement>There is NOT an agreement between Principal Investigators and the Sponsor (or its agents) that restricts the PI's rights to discuss or publish trial results after the trial is completed. </restrictive_agreement>
    </certain_agreements>
    <point_of_contact>
      <name_or_title>Dr. Steven Rosenberg</name_or_title>
      <organization>National Cancer Institute, National Institutes of Health</organization>
      <phone>301-496-4164</phone>
      <email>sar@mail.nih.gov</email>
    </point_of_contact>
  </clinical_results>
</clinical_study>

