<?xml version="1.0" encoding="UTF-8"?>
<clinical_study rank="180">
  <!-- This xml conforms to an XML Schema at:
    https://clinicaltrials.gov/ct2/html/images/info/public.xsd -->
  <required_header>
    <download_date>ClinicalTrials.gov processed this data on February 06, 2024</download_date>
    <link_text>Link to the current ClinicalTrials.gov record.</link_text>
    <url>https://clinicaltrials.gov/ct2/show/NCT04356729</url>
  </required_header>
  <id_info>
    <org_study_id>19-604</org_study_id>
    <nct_id>NCT04356729</nct_id>
  </id_info>
  <brief_title>A Phase II Trial of PD-L1 Therapy Combined With Anti-VEGF Therapy in Unresectable or Metastatic Melanoma</brief_title>
  <official_title>A Phase II Trial of PD-L1 Therapy Combined With Anti-VEGF Therapy in Unresectable or Metastatic Melanoma</official_title>
  <sponsors>
    <lead_sponsor>
      <agency>Elizabeth Buchbinder, MD</agency>
      <agency_class>Other</agency_class>
    </lead_sponsor>
    <collaborator>
      <agency>Genentech, Inc.</agency>
      <agency_class>Industry</agency_class>
    </collaborator>
  </sponsors>
  <source>Dana-Farber Cancer Institute</source>
  <oversight_info>
    <has_dmc>Yes</has_dmc>
    <is_fda_regulated_drug>Yes</is_fda_regulated_drug>
    <is_fda_regulated_device>No</is_fda_regulated_device>
  </oversight_info>
  <brief_summary>
    <textblock>
      This research study is studying a combination of two drugs that change the immune system and&#xD;
      tumor as a possible treatment for metastatic or unresectable stage III or IV cutaneous&#xD;
      melanoma.&#xD;
&#xD;
      The names of the study drugs involved in this study are:&#xD;
&#xD;
        -  Atezolizumab&#xD;
&#xD;
        -  Bevacizumab&#xD;
    </textblock>
  </brief_summary>
  <detailed_description>
    <textblock>
      The research study procedures include screening for eligibility, study treatment including&#xD;
      evaluations, a biopsy, and follow up visits.&#xD;
&#xD;
      This research study is a Phase II clinical trial. Phase II clinical trials test the safety&#xD;
      and effectiveness of an investigational drug to learn whether the drug works in treating a&#xD;
      specific disease. &quot;Investigational&quot; means that the drug is being studied. The U.S. Food and&#xD;
      Drug Administration (FDA) has not approved atezolizumab for this specific disease but it has&#xD;
      been approved for other uses. The U.S. Food and Drug Administration (FDA) has not approved&#xD;
      bevacizumab for this specific disease but it has been approved for other uses.&#xD;
&#xD;
      Atezolizumab and bevacizumab are types of immunotherapy. Immunotherapy works by encouraging&#xD;
      the body's own immune system to attack the cancer cells and stop the growth of cancer.&#xD;
      Atezolizumab and bevacizumab work by stopping various molecules on cancer cells and body&#xD;
      cells from working against the immune system's natural fight against cancer.&#xD;
    </textblock>
  </detailed_description>
  <overall_status>Recruiting</overall_status>
  <start_date type="Actual">August 6, 2020</start_date>
  <completion_date type="Anticipated">September 1, 2025</completion_date>
  <primary_completion_date type="Anticipated">September 1, 2024</primary_completion_date>
  <phase>Phase 2</phase>
  <study_type>Interventional</study_type>
  <has_expanded_access>No</has_expanded_access>
  <study_design_info>
    <allocation>N/A</allocation>
    <intervention_model>Single Group Assignment</intervention_model>
    <primary_purpose>Treatment</primary_purpose>
    <masking>None (Open Label)</masking>
  </study_design_info>
  <primary_outcome>
    <measure>Overall Response Rate in PD-L1 negative melanoma</measure>
    <time_frame>5 Years</time_frame>
    <description>The primary endpoint for this study is overall response rate in PDL1 negative melanoma to combination anti-PD-L1 therapy and anti-VEGF therapy by RECIST criteria. The proportion of patients with complete response or partial response as best response to therapy will be summarized and presented with a two-sided, 90% Wald confidence interval.</description>
  </primary_outcome>
  <secondary_outcome>
    <measure>Overall survival</measure>
    <time_frame>start of treatment and death from any cause up to 5 years</time_frame>
    <description>Time from start of treatment to death</description>
  </secondary_outcome>
  <secondary_outcome>
    <measure>Time to tumor progression</measure>
    <time_frame>up to 5 years</time_frame>
    <description>Time to tumor progression (TTP) is the time interval between the dates of the start of trial treatment and first documentation of progressive disease</description>
  </secondary_outcome>
  <secondary_outcome>
    <measure>Duration of response</measure>
    <time_frame>patients with objective response (confirmed CR or PR as best overall response) as the interval between dates of first documentation of objective response and first documentation of progressive disease up to 5 years</time_frame>
    <description>The time-to-event endpoints will each be summarized using the method of KaplanMeier Point estimates for each endpoint will be presented with 90% confidence intervals derived using log(-log(endpoint)) methodology.</description>
  </secondary_outcome>
  <secondary_outcome>
    <measure>Number of Participants With Treatment-Related Adverse Events as Assessed by CTCAE 5.</measure>
    <time_frame>initiation of study treatment, during study treatment, and 30 days after the last dose of study treatment or study discontinuation/termination, whichever occurs first up to 5 years</time_frame>
    <description>Adverse events</description>
  </secondary_outcome>
  <secondary_outcome>
    <measure>Change tumor-infiltrating lymphocytes (TILs)</measure>
    <time_frame>baseline and progression/treatment discontinuation up to 5 years</time_frame>
    <description>Pre-treatment percentages of stromal infiltrating lymphocytes will be summarized descriptively for the two response groups and compared using Wilcoxon rank-sum tests.&#xD;
Changes in TILs between baseline and progression/treatment discontinuation will be calculated (post-pre) for each patient and summarized descriptivelyChanges in TILs between baseline and progression/treatment discontinuation will be calculated (post-pre) for each patient and summarized descriptively</description>
  </secondary_outcome>
  <number_of_arms>1</number_of_arms>
  <enrollment type="Anticipated">30</enrollment>
  <condition>Clinical Stage III Cutaneous Melanoma AJCC v8</condition>
  <condition>Stage IV Melanoma</condition>
  <condition>Unresectable Stage III Cutaneous Melanoma</condition>
  <condition>Unresectable Stage IV Cutaneous Melanoma</condition>
  <arm_group>
    <arm_group_label>Atezolizumab and Bevacizumab</arm_group_label>
    <arm_group_type>Experimental</arm_group_type>
    <description>The research study procedures include screening for eligibility, study treatment including evaluations, a biopsy, and follow up visits.&#xD;
Atezolizumab will be administered intravenously at a fixed predetermined dose every three weeks&#xD;
Bevacizumab will be administered intravenously at a fixed predetermined dose every three weeks, with 21 consecutive days defined as a treatment cycle.&#xD;
Treatment will be administered on an outpatient basis Study treatment will continue until study doctors decide to stop therapy due to criteria which may include disease progression, adverse events or changes in condition. Participants will be followed for survival health information following treatment until the study ends, which could be approximately 5 years from start of treatment</description>
  </arm_group>
  <intervention>
    <intervention_type>Drug</intervention_type>
    <intervention_name>Atezolizumab</intervention_name>
    <description>Atezolizumab will be administered intravenously at a fixed predetermined dose every three weeks ith 21 consecutive days defined as a treatment cycle.</description>
    <arm_group_label>Atezolizumab and Bevacizumab</arm_group_label>
    <other_name>Tecentriq</other_name>
  </intervention>
  <intervention>
    <intervention_type>Drug</intervention_type>
    <intervention_name>Bevacizumab</intervention_name>
    <description>Bevacizumab will be administered intravenously at a fixed predetermined dose every three weeks, with 21 consecutive days defined as a treatment cycle.</description>
    <arm_group_label>Atezolizumab and Bevacizumab</arm_group_label>
    <other_name>Avastin</other_name>
    <other_name>Mvasi</other_name>
  </intervention>
  <eligibility>
    <criteria>
      <textblock>
        Inclusion Criteria:&#xD;
&#xD;
          -  Participants must have histologically or cytologically confirmed metastatic or&#xD;
             unresectable stage III or IV cutaneous melanoma.&#xD;
&#xD;
          -  PD-L1 negative staining in at least one biopsy sample.&#xD;
&#xD;
          -  Age ≥ 18 years&#xD;
&#xD;
          -  ECOG performance status ≤ 2 (Karnofsky ≥60%, see Appendix A)&#xD;
&#xD;
          -  Participants may have received any number of prior therapies for treatment of their&#xD;
             cutaneous melanoma, excluding prior treatment with anti-PD-L1 therapeutic antibodies&#xD;
             or bevacizumab.&#xD;
&#xD;
          -  Participants must have measurable disease per RECIST v1.1.&#xD;
&#xD;
          -  Participants must have availability of a representative tumor specimen for exploratory&#xD;
             biomarker research.&#xD;
&#xD;
          -  Participants must have normal organ and marrow function as defined below:&#xD;
&#xD;
               -  lymphocyte count ≥ 500/mcL&#xD;
&#xD;
               -  absolute neutrophil count ≥ 1,500/mcL without granulocyte colony-stimulating&#xD;
                  factor support&#xD;
&#xD;
               -  platelets* ≥100,000/mcL&#xD;
&#xD;
               -  hemoglobin* ≥9 g/dL&#xD;
&#xD;
               -  serum bilirubin ≤1.5 x ULN with the following exception: participants with known&#xD;
                  Gilbert's Disease: serum bilirubin level ≤ 3x ULN&#xD;
&#xD;
               -  AST(SGOT)/ALT(SGPT) ≤2.5 × institutional ULN, with the following exceptions:&#xD;
                  Participants with documented liver metastases: AST and ALT ≤ 5 x ULN&#xD;
&#xD;
               -  alkaline phosphatase (ALP) ≤2.5 × institutional ULN, with the following&#xD;
                  exceptions:&#xD;
&#xD;
               -  participants with documented liver or bone metastases: ALP ≤ 5 x ULN&#xD;
&#xD;
               -  serum creatinine ≤ 1.5 x ULN OR creatinine clearance ≥ 60 mL/min/1.73 m2 for&#xD;
                  participants with creatinine levels above institutional normal.&#xD;
&#xD;
               -  serum albumin ≥ 2.5 g/dL&#xD;
&#xD;
          -  For participants not receiving therapeutic anticoagulation: INR or aPTT ≤1.5 ULN&#xD;
&#xD;
          -  Urine dipstick for proteinuria &lt; 2+ (within 7 days prior to Cycle 1 Day 1).&#xD;
             Participants discovered to have ≥ 2 + proteinuria on dipstick urinalysis at baseline&#xD;
             should undergo a 24-hour urine collection and must demonstrate &lt; 1 g of protein in 24&#xD;
             hours. Note: Participants cannot be transfused to meet this criterion&#xD;
&#xD;
          -  For women of childbearing potential: agreement to remain abstinent (refrain from&#xD;
             heterosexual intercourse) or use contraceptive methods with a failure rate of &lt; 1% per&#xD;
             year during the treatment period and for 5 months after the last dose of atezolizumab,&#xD;
             and 6 months after the last dose of bevacizumab.&#xD;
&#xD;
          -  Examples of contraceptive methods with a failure rate of &lt; 1 % per year include&#xD;
             bilateral tubal ligation, male sterilization, hormonal contraceptives that inhibit&#xD;
             ovulation, hormone-releasing intrauterine devices, and copper intrauterine devices.&#xD;
&#xD;
          -  The reliability of sexual abstinence should be evaluated in relation to the duration&#xD;
             of the clinical trial and the preferred and usual lifestyle of the patient. Periodic&#xD;
             abstinence (e.g., calendar, ovulation, symptothermal, or postovulation methods) and&#xD;
             withdrawal are not acceptable methods of contraception.&#xD;
&#xD;
          -  For men: agreement to remain abstinent (refrain from heterosexual intercourse) or use&#xD;
             a condom, and agreement to refrain from donating sperm, as defined below: With female&#xD;
             partners of childbearing potential or pregnant female partners, men must remain&#xD;
             abstinent or use a condom during the treatment period and for 5 months after the last&#xD;
             dose of atezolizumab and 6 months after the last dose of bevacizumab, to avoid&#xD;
             exposing the embryo. Men must refrain from donating sperm during this same period. The&#xD;
             reliability of sexual abstinence should be evaluated in relation to the duration of&#xD;
             the clinical trial and the preferred and usual lifestyle of the patient. Periodic&#xD;
             abstinence (e.g., calendar, ovulation, symptothermal, or postovulation methods) and&#xD;
             withdrawal are not acceptable methods of contraception.&#xD;
&#xD;
          -  Ability to understand and the willingness to sign a written informed consent document.&#xD;
&#xD;
        Exclusion Criteria:&#xD;
&#xD;
          -  Participants with symptomatic, untreated, or actively progressing CNS metastases will&#xD;
             be excluded. If a participant has a known history of treated CNS lesions, they are&#xD;
             eligible provided that all of the following criteria are met:&#xD;
&#xD;
          -  Measurable disease, per RECIST v1.1, must be present outside the CNS.&#xD;
&#xD;
          -  The participant has no history of intracranial hemorrhage or spinal cord hemorrhage.&#xD;
&#xD;
          -  Metastases are limited to the cerebellum or the supratentorial region (i.e., no&#xD;
             metastases to the midbrain, pons, medulla, or spinal cord).&#xD;
&#xD;
          -  There is no evidence of interim progression between completion of CNS-directed therapy&#xD;
             and the screening brain scan&#xD;
&#xD;
          -  The participant has not received stereotactic radiotherapy within 7 days prior to&#xD;
             initiation of study treatment or whole-brain radiotherapy within 14 days prior to&#xD;
             initiation of study treatment.&#xD;
&#xD;
          -  The participant has no ongoing requirement for corticosteroids as therapy for CNS&#xD;
             disease. Anticonvulsant therapy at a stable dose is permitted. Asymptomatic patients&#xD;
             with CNS metastases newly detected at screening are eligible for the study after&#xD;
             receiving radiotherapy or surgery, with no need to repeat the screening brain scan.&#xD;
&#xD;
          -  History of leptomeningeal disease.&#xD;
&#xD;
          -  Uncontrolled tumor-related pain.&#xD;
&#xD;
               -  NOTE: Participants requiring pain medication must be on a stable regimen at study&#xD;
                  entry.&#xD;
&#xD;
               -  Symptomatic lesions amendable to palliative radiotherapy (e.g., bone metastases&#xD;
                  or metastases causing nerve impingement) should be treated prior to enrollment.&#xD;
                  Participants should be recovered from the effects of radiation. There is no&#xD;
                  required minimum recovery period.&#xD;
&#xD;
               -  Asymptomatic metastatic lesions that would likely cause functional deficits or&#xD;
                  intractable pain with further growth (e.g., epidural metastasis that is not&#xD;
                  currently associated with spinal cord compression) should be considered for&#xD;
                  loco-regional therapy if appropriate prior to enrollment.&#xD;
&#xD;
          -  History of allergic reactions attributed to compounds of similar chemical or biologic&#xD;
             composition to atezolizumab and/or bevacizumab.&#xD;
&#xD;
          -  Uncontrolled or symptomatic hypercalcemia (&gt; 1.5 mmol/L ionized calcium or calcium &gt;&#xD;
             12 mg/dL or corrected serum calcium &gt; ULN)&#xD;
&#xD;
          -  Active or history of autoimmune disease or immune deficiency, including, but not&#xD;
             limited to, myasthenia gravis, myositis, autoimmune hepatitis, systemic lupus&#xD;
             erythematosus, rheumatoid arthritis, inflammatory bowel disease, antiphospholipid&#xD;
             antibody syndrome,Wegener granulomatosis, Sjögren's syndrome, Guillain-Barré syndrome,&#xD;
             or multiple sclerosis with the following exceptions:&#xD;
&#xD;
               -  Patients with a history of autoimmune-related hypothyroidism who are on&#xD;
                  thyroid-replacement hormone are eligible for the study.&#xD;
&#xD;
               -  Patients with controlled Type 1 diabetes mellitus who are on an insulin regimen&#xD;
                  are eligible for the study.&#xD;
&#xD;
               -  Patients with eczema, psoriasis, lichen simplex chronicus, or vitiligo with&#xD;
                  dermatologic manifestations only (e.g., patients with psoriatic arthritis are&#xD;
                  excluded) are eligible for the study provided all of following conditions are&#xD;
                  met: Rash must cover &lt;10% of body surface area, Disease is well controlled at&#xD;
                  baseline and requires only low-potency topical corticosteroids, No occurrence of&#xD;
                  acute exacerbations of the underlying condition requiring psoralen plus&#xD;
                  ultraviolet. A radiation, methotrexate,retinoids, biologic agents, oral&#xD;
                  calcineurin inhibitors, or high-potency or oral corticosteroids within the&#xD;
                  previous 12 months.&#xD;
&#xD;
          -  History of idiopathic pulmonary fibrosis, organizing pneumonia (e.g., bronchiolitis&#xD;
             obliterans), drug-induced pneumonitis, or idiopathic pneumonitis, or evidence of&#xD;
             active pneumonitis on screening chest computed tomography (CT) scan. History of&#xD;
             radiation pneumonitis in the radiation field (fibrosis) is permitted.&#xD;
&#xD;
          -  Participants who test positive for HIV at time of screening are ineligible because of&#xD;
             the increased risk of lethal infections when treated with marrow-suppressive therapy.&#xD;
&#xD;
          -  Active hepatitis B virus (HBV) infection (chronic or acute), defined as having a&#xD;
             positive hepatitis B surface antigen (HBsAg) test at screening. Participants with a&#xD;
             negative HBsAg test and a positive total hepatitis B core antibody (HBcAb) test at&#xD;
             screening are eligible for the study.&#xD;
&#xD;
          -  Active hepatitis C virus (HCV) infection, defined as a positive HCV antibody test&#xD;
             followed by a positive HCV RNA test at screening. The HCV RNA test will be performed&#xD;
             only for participants who have a positive HCV antibody test.&#xD;
&#xD;
          -  Participants with active tuberculosis will be excluded.&#xD;
&#xD;
          -  Significant cardiovascular disease, such as a New York Heart Association Class II or&#xD;
             greater cardiac disease, myocardial infarction, or cerebrovascular accident within 3&#xD;
             months prior to initiation of study treatment, unstable arrhythmia, or unstable&#xD;
             angina.&#xD;
&#xD;
          -  Major surgical procedure other than for diagnosis within 4 weeks prior to initiation&#xD;
             of study treatment, or anticipation of need for a major surgical procedure during the&#xD;
             course of the study.&#xD;
&#xD;
          -  History of other malignancy within 2 years prior to screening, with the exception of&#xD;
             those with a negligible risk of metastasis or death (e.g., 5-year OS of &gt; 90%), such&#xD;
             as adequately treated carcinoma in situ of the cervix, non-melanoma skin carcinoma,&#xD;
             localized prostate cancer, ductal carcinoma in situ, or Stage I uterine cancer.&#xD;
&#xD;
          -  Severe infection within 4 weeks prior to initiation of study treatment, including, but&#xD;
             not limited to, hospitalization for complications of infection, bacteremia, or severe&#xD;
             pneumonia.&#xD;
&#xD;
          -  Treatment with therapeutic oral or IV antibiotics within 2 weeks prior to initiation&#xD;
             of study treatment. Patients receiving prophylactic antibiotics (e.g., to prevent a&#xD;
             urinary tract infection or chronic obstructive pulmonary disease exacerbation) are&#xD;
             eligible for the study.&#xD;
&#xD;
          -  Any other disease, metabolic dysfunction, physical examination finding, or clinical&#xD;
             laboratory finding that contraindicates the use of an investigational drug, may affect&#xD;
             the interpretation of the results, or may render the patient at high risk from&#xD;
             treatment complications.&#xD;
&#xD;
          -  Prior allogeneic stem cell or solid organ transplantation.&#xD;
&#xD;
          -  Treatment with a live, attenuated vaccine within 4 weeks prior to initiation of study&#xD;
             treatment, or anticipation of need for such a vaccine during the course of the study&#xD;
             or within 5 months after the last dose of atezolizumab.&#xD;
&#xD;
          -  Treatment with investigational therapy within 28 days prior to initiation of study&#xD;
             treatment.&#xD;
&#xD;
          -  Prior treatment with bevacizumab or prior PD-L1 targeted therapy.&#xD;
&#xD;
          -  Treatment with systemic immunostimulatory agents (including, but not limited&#xD;
             to,interferon and interleukin 2 [IL-2]) within 4 weeks or five half-lives of the drug&#xD;
             (whichever is shorter) prior to initiation of study treatment.&#xD;
&#xD;
          -  Treatment with systemic immunosuppressive medication (including, but not limited to,&#xD;
             corticosteroids, cyclophosphamide, azathioprine, methotrexate, thalidomide, and&#xD;
             anti-TNF-α agents) within 2 weeks prior to initiation of study treatment, or&#xD;
             anticipation of need for systemic immunosuppressive medication during the course of&#xD;
             the study, with the following exceptions:&#xD;
&#xD;
               -  Patients who received acute, low-dose systemic immunosuppressant medication or a&#xD;
                  one-time pulse dose of systemic immunosuppressant medication (e.g. 48 hours of&#xD;
                  corticosteroids for a contrast allergy) are eligible for the study.&#xD;
&#xD;
               -  Patients on physiologic replacement doses of steroids less than 10mg daily&#xD;
                  prednisone equivalent are allowed. Higher replacement doses should be discussed&#xD;
                  with the overall PI to determine if patient can be included on the trial.&#xD;
&#xD;
               -  Patients who received mineralocorticoids (e.g., fludrocortisone), corticosteroids&#xD;
                  for chronic obstructive pulmonary disease (COPD) or asthma, or low-dose&#xD;
                  corticosteroids for orthostatic hypotension or adrenal insufficiency are eligible&#xD;
                  for the study.&#xD;
&#xD;
          -  History of severe allergic anaphylactic reactions to chimeric or humanized antibodies&#xD;
             or fusion proteins.&#xD;
&#xD;
          -  Known hypersensitivity to Chinese hamster ovary cell products or to any component of&#xD;
             the atezolizumab formulation.&#xD;
&#xD;
          -  Known allergy or hypersensitivity to any component of the bevacizumab formulation.&#xD;
&#xD;
          -  Inadequately controlled arterial hypertension (defined as systolic blood pressure [BP]&#xD;
             &gt; 150 mm Hg and/or diastolic BP &gt;100 mmHg), based on an average of at least three BP&#xD;
             readings at two or more sessions. Anti-hypertensive therapy to achieve these&#xD;
             parameters is allowed.&#xD;
&#xD;
          -  History of hypertensive crisis or hypertensive encephalopathy.&#xD;
&#xD;
          -  Significant vascular disease (e.g., aortic aneurysm requiring surgical repair or&#xD;
             recent peripheral arterial thrombosis) within 6 months prior to Cycle 1 Day 1.&#xD;
&#xD;
          -  History of hemoptysis (≥ 2.5 mL of bright red blood per episode) within 1 month prior&#xD;
             to Cycle 1 Day 1.&#xD;
&#xD;
          -  Evidence of bleeding diathesis or significant coagulopathy (in the absence of&#xD;
             therapeutic anticoagulation).&#xD;
&#xD;
          -  Current or recent (within 10 days of Cycle 1 Day 1) use of aspirin (&gt; 325 mg/day) or&#xD;
             current or recent treatment with dipyramidole, ticlopidine, clopidogrel, and&#xD;
             cilostazol.&#xD;
&#xD;
          -  Current or recent (within 10 days prior to Cycle 1 Day 1) use of full-dose oral or&#xD;
             parenteral anticoagulants or thrombolytic agents for therapeutic purpose (as opposed&#xD;
             to prophylactic). Prophylactic anticoagulation for the patency of venous access&#xD;
             devices is allowed provided the activity of the agent results in an INR &lt; 1.5 x ULN&#xD;
             and aPTT is within normal limits (according to the institutional standards) within 14&#xD;
             days prior to Cycle 1 Day 1. Prophylactic use of low-molecular weight heparin (LMWH)&#xD;
             (i.e., enoxaparin 40 mg/day) is allowed. However, the use of direct oral anticoagulant&#xD;
             therapies such as dabigatran (Pradaxa®) and rivaroxaban (Xarelto®) is not recommended&#xD;
             due to bleeding risk.&#xD;
&#xD;
          -  History of abdominal or tracheoesophageal fistula, GI perforation, or intra-abdominal&#xD;
             abscess within 6 months prior to Cycle 1 Day 1.&#xD;
&#xD;
          -  Evidence of abdominal free air that is not explained by paracentesis or recent&#xD;
             surgical procedure.&#xD;
&#xD;
          -  Serious, non-healing or dehiscing wound, active ulcer, or untreated bone fracture.&#xD;
&#xD;
          -  Major surgical procedure within 4 weeks prior to Cycle 1 Day 1 or anticipation of need&#xD;
             for a major surgical procedure during the study.&#xD;
&#xD;
          -  History of intra-abdominal inflammatory process within 6 months prior to Cycle 1 Day&#xD;
             1, including, but not limited to, peptic ulcer disease, diverticulitis, or colitis.&#xD;
&#xD;
          -  Chronic daily treatment with a non-steroidal anti-inflammatory drug (NSAID).&#xD;
&#xD;
          -  Pregnant or breastfeeding, or intending to become pregnant during the study or within&#xD;
             5 months after the last dose of atezolizumab and 6 months after the last dose of&#xD;
             bevacizumab. Women of childbearing potential must have a negative serum pregnancy test&#xD;
             result within 14 days prior to initiation of study treatment.&#xD;
      </textblock>
    </criteria>
    <gender>All</gender>
    <minimum_age>18 Years</minimum_age>
    <maximum_age>N/A</maximum_age>
    <healthy_volunteers>No</healthy_volunteers>
  </eligibility>
  <overall_official>
    <last_name>Elizabeth Buchbinder, MD</last_name>
    <role>Principal Investigator</role>
    <affiliation>Dana-Farber Cancer Institute</affiliation>
  </overall_official>
  <overall_contact>
    <last_name>Elizabeth Buchbinder, MD</last_name>
    <phone>617-632-6588</phone>
    <email>Elizabeth_buchbinder@dfci.harvard.edu</email>
  </overall_contact>
  <location>
    <facility>
      <name>Dana Farber Cancer Institute</name>
      <address>
        <city>Boston</city>
        <state>Massachusetts</state>
        <zip>02115</zip>
        <country>United States</country>
      </address>
    </facility>
    <status>Recruiting</status>
    <contact>
      <last_name>Elizabeth I Buchbinder, MD</last_name>
      <phone>617-632-6704</phone>
      <email>Elizabeth_buchbinder@dfci.harvard.edu</email>
    </contact>
    <investigator>
      <last_name>Elizabeth I Buchbinder, MD</last_name>
      <role>Principal Investigator</role>
    </investigator>
  </location>
  <location>
    <facility>
      <name>Massachusetts General Hospital</name>
      <address>
        <city>Boston</city>
        <state>Massachusetts</state>
        <zip>02214</zip>
        <country>United States</country>
      </address>
    </facility>
    <status>Not yet recruiting</status>
    <contact>
      <last_name>Ryan Joseph Sullivan, MD</last_name>
      <email>rsullivan7@partners.org</email>
    </contact>
    <investigator>
      <last_name>Ryan Joseph Sullivan, MD</last_name>
      <role>Principal Investigator</role>
    </investigator>
  </location>
  <location>
    <facility>
      <name>Beth Israel Deaconess Medical Center</name>
      <address>
        <city>Boston</city>
        <state>Massachusetts</state>
        <zip>02215</zip>
        <country>United States</country>
      </address>
    </facility>
    <status>Not yet recruiting</status>
    <contact>
      <last_name>David F. McDermott, MD</last_name>
      <phone>617-632-9250</phone>
    </contact>
    <investigator>
      <last_name>David F McDermott, MD</last_name>
      <role>Principal Investigator</role>
    </investigator>
  </location>
  <location_countries>
    <country>United States</country>
  </location_countries>
  <verification_date>September 2023</verification_date>
  <study_first_submitted>April 20, 2020</study_first_submitted>
  <study_first_submitted_qc>April 20, 2020</study_first_submitted_qc>
  <study_first_posted type="Actual">April 22, 2020</study_first_posted>
  <last_update_submitted>September 20, 2023</last_update_submitted>
  <last_update_submitted_qc>September 20, 2023</last_update_submitted_qc>
  <last_update_posted type="Actual">September 21, 2023</last_update_posted>
  <responsible_party>
    <responsible_party_type>Sponsor-Investigator</responsible_party_type>
    <investigator_affiliation>Dana-Farber Cancer Institute</investigator_affiliation>
    <investigator_full_name>Elizabeth Buchbinder, MD</investigator_full_name>
    <investigator_title>Sponsor Investigator</investigator_title>
  </responsible_party>
  <keyword>Metastatic stage III cutaneous melanoma</keyword>
  <keyword>Metastatic stage IV cutaneous melanoma</keyword>
  <keyword>Unresectable stage III cutaneous melanoma</keyword>
  <keyword>Unresectable stage IV cutaneous melanoma</keyword>
  <condition_browse>
    <!-- CAUTION:  The following MeSH terms are assigned with an imperfect algorithm            -->
    <mesh_term>Melanoma</mesh_term>
    <mesh_term>Skin Neoplasms</mesh_term>
  </condition_browse>
  <intervention_browse>
    <!-- CAUTION:  The following MeSH terms are assigned with an imperfect algorithm            -->
    <mesh_term>Bevacizumab</mesh_term>
    <mesh_term>Atezolizumab</mesh_term>
  </intervention_browse>
  <patient_data>
    <sharing_ipd>Yes</sharing_ipd>
    <ipd_description>The Dana-Farber / Harvard Cancer Center encourages and supports the responsible and ethical sharing of data from clinical trials. De-identified participant data from the final research dataset used in the published manuscript may only be shared under the terms of a Data Use Agreement. Requests may be directed to Sponsor Investigator or designee. The protocol and statistical analysis plan will be made available on Clinicaltrials.gov only as required by federal regulation or as a condition of awards and agreements supporting the research.</ipd_description>
    <ipd_info_type>Study Protocol</ipd_info_type>
    <ipd_info_type>Statistical Analysis Plan (SAP)</ipd_info_type>
    <ipd_info_type>Informed Consent Form (ICF)</ipd_info_type>
    <ipd_time_frame>Data can be shared no earlier than 1 year following the date of publication</ipd_time_frame>
    <ipd_access_criteria>Contact the Belfer Office for Dana-Farber Innovations (BODFI) at innovation@dfci.harvard.edu</ipd_access_criteria>
  </patient_data>
  <!-- Results have not yet been posted for this study                                          -->
</clinical_study>

