<?xml version="1.0" encoding="UTF-8"?>
<clinical_study rank="86">
  <!-- This xml conforms to an XML Schema at:
    https://clinicaltrials.gov/ct2/html/images/info/public.xsd -->
  <required_header>
    <download_date>ClinicalTrials.gov processed this data on February 06, 2024</download_date>
    <link_text>Link to the current ClinicalTrials.gov record.</link_text>
    <url>https://clinicaltrials.gov/ct2/show/NCT05750511</url>
  </required_header>
  <id_info>
    <org_study_id>CA209-578</org_study_id>
    <nct_id>NCT05750511</nct_id>
  </id_info>
  <brief_title>Multicenter Tissue Registry in Melanoma</brief_title>
  <acronym>TRIM</acronym>
  <official_title>Prospective Multicenter Translational Study to Validate Molecular Biomarkers (TMB, PD-L1) on Pre-treatment Tumor Tissue as Predictors of Therapy Outcome in Metastatic Melanoma Patients</official_title>
  <sponsors>
    <lead_sponsor>
      <agency>Dermatologic Cooperative Oncology Group</agency>
      <agency_class>Other</agency_class>
    </lead_sponsor>
  </sponsors>
  <source>Dermatologic Cooperative Oncology Group</source>
  <oversight_info>
    <has_dmc>No</has_dmc>
    <is_fda_regulated_drug>No</is_fda_regulated_drug>
    <is_fda_regulated_device>No</is_fda_regulated_device>
  </oversight_info>
  <brief_summary>
    <textblock>
      The prospective multicenter translational study Tissue Registry in Melanoma (ADOREG/TRIM;&#xD;
      CA209-578) aimed to validate the Tumor Mutational Burden (TMB) and the PD-L1 expression&#xD;
      (PD-L1) from a pre-therapeutically obtained tumor tissue sample as a predictor of a&#xD;
      subsequent systemic therapy in a large real-world cohort of metastatic melanoma patients.&#xD;
    </textblock>
  </brief_summary>
  <detailed_description>
    <textblock>
      The aim of the present study is to identify and validate molecular and clinical biomarkers of&#xD;
      therapy outcome in metastatic melanoma. Clinical and molecular parameters of melanoma&#xD;
      patients and their tumors will be collected in an online-based registry (ADOREG), and&#xD;
      thereafter correlated with the outcome of subsequent systemic therapies in terms of&#xD;
      progression-free survival, overall survival, and treatment response. Systemic therapies will&#xD;
      include all types of currently used regimens (kinase inhibitors, immune checkpoint&#xD;
      inhibitors, chemotherapy). FFPE tissue samples will comprise different time points (primary&#xD;
      tumors versus metastases) as well as tumor sites (lymph node versus organ metastases) to&#xD;
      identify potential differences in the predictive value of these materials. The anticipated&#xD;
      results from these analyses are of essential importance for future patient selection for&#xD;
      individualized therapy strategies.&#xD;
    </textblock>
  </detailed_description>
  <overall_status>Recruiting</overall_status>
  <start_date type="Actual">February 1, 2014</start_date>
  <completion_date type="Anticipated">February 1, 2025</completion_date>
  <primary_completion_date type="Anticipated">February 1, 2024</primary_completion_date>
  <study_type>Observational [Patient Registry]</study_type>
  <has_expanded_access>No</has_expanded_access>
  <study_design_info>
    <observational_model>Cohort</observational_model>
    <time_perspective>Prospective</time_perspective>
  </study_design_info>
  <target_duration>5 Years</target_duration>
  <primary_outcome>
    <measure>BOR</measure>
    <time_frame>through study completion, an average of 1 year</time_frame>
    <description>best overall response (BOR)</description>
  </primary_outcome>
  <primary_outcome>
    <measure>PFS</measure>
    <time_frame>through study completion, an average of 1 year</time_frame>
    <description>progression-free survival (PFS)</description>
  </primary_outcome>
  <primary_outcome>
    <measure>OS</measure>
    <time_frame>through study completion, an average of 1 year</time_frame>
    <description>overall survival (OS)</description>
  </primary_outcome>
  <number_of_groups>1</number_of_groups>
  <enrollment type="Anticipated">1000</enrollment>
  <condition>Metastatic Melanoma</condition>
  <arm_group>
    <arm_group_label>metastatic melanoma</arm_group_label>
    <description>1,000 subjects with metastatic melanoma stage III or IV suitable for systemic treatment from centers of the German Dermatologic Cooperative Oncology Group (DeCOG)</description>
  </arm_group>
  <intervention>
    <intervention_type>Diagnostic Test</intervention_type>
    <intervention_name>molecular tissue analysis</intervention_name>
    <arm_group_label>metastatic melanoma</arm_group_label>
  </intervention>
  <biospec_retention>Samples With DNA</biospec_retention>
  <biospec_descr>
    <textblock>
      pre-treatment tumor tissue of different origin&#xD;
    </textblock>
  </biospec_descr>
  <eligibility>
    <study_pop>
      <textblock>
        Subjects with metastatic melanoma stage III or IV suitable for systemic treatment&#xD;
      </textblock>
    </study_pop>
    <sampling_method>Probability Sample</sampling_method>
    <criteria>
      <textblock>
        Inclusion Criteria:&#xD;
&#xD;
          1. Patients with histologically confirmed melanoma stage III or IV.&#xD;
&#xD;
          2. Clinically eligible for systemic cancer therapy (immune checkpoint inhibitors,&#xD;
             targeted agents).&#xD;
&#xD;
          3. Tumor tissue biopsy already existing (metastasis tissue as recent as possible, but&#xD;
             older tissue material or primary tumor tissue also possible).&#xD;
&#xD;
          4. Patient has given written informed consent for the current study as well as for his&#xD;
             data to be entered into the ADOREG online database system.&#xD;
&#xD;
          5. Patient is ≥18 years old.&#xD;
&#xD;
        Exclusion Criteria:&#xD;
&#xD;
        -&#xD;
      </textblock>
    </criteria>
    <gender>All</gender>
    <minimum_age>18 Years</minimum_age>
    <maximum_age>N/A</maximum_age>
    <healthy_volunteers>No</healthy_volunteers>
  </eligibility>
  <overall_official>
    <last_name>Dirk Schadendorf, MD</last_name>
    <role>Study Chair</role>
    <affiliation>Dermatologic Cooperative Oncology Group</affiliation>
  </overall_official>
  <overall_contact>
    <last_name>Selma Ugurel, MD</last_name>
    <phone>+49 201 723 85364</phone>
    <email>selma.ugurel@uk-essen.de</email>
  </overall_contact>
  <overall_contact_backup>
    <last_name>Dirk Schadendorf, MD</last_name>
    <phone>+49 201 723 4510</phone>
    <email>dirk.schadendorf@uk-essen.de</email>
  </overall_contact_backup>
  <location>
    <facility>
      <name>Dept. of Dermatology, University Hospital Tuebingen</name>
      <address>
        <city>Tuebingen</city>
        <state>Baden-Württemberg</state>
        <zip>D-72076</zip>
        <country>Germany</country>
      </address>
    </facility>
    <status>Recruiting</status>
    <contact>
      <last_name>Andrea Forschner, MD</last_name>
      <phone>+49-7071-2980872</phone>
      <email>studienzentrum-derm-onko@med.uni-tuebingen.de</email>
    </contact>
    <investigator>
      <last_name>Claus Garbe, MD</last_name>
      <role>Principal Investigator</role>
    </investigator>
  </location>
  <location>
    <facility>
      <name>Department of Dermatology, ElbeKliniken - Klinikum Buxtehude</name>
      <address>
        <city>Buxtehude</city>
        <state>Niedersachsen</state>
        <zip>21614</zip>
        <country>Germany</country>
      </address>
    </facility>
    <status>Recruiting</status>
    <contact>
      <last_name>Peter Mohr, MD</last_name>
      <phone>+49 4161 7030</phone>
      <email>p.mohr@elbekliniken.de</email>
    </contact>
    <investigator>
      <last_name>Peter Mohr, MD</last_name>
      <role>Principal Investigator</role>
    </investigator>
  </location>
  <location>
    <facility>
      <name>Department of Dermatology, The Saarland University Hospital</name>
      <address>
        <city>Homburg/Saar</city>
        <state>Saarland</state>
        <zip>66424</zip>
        <country>Germany</country>
      </address>
    </facility>
    <status>Recruiting</status>
    <contact>
      <last_name>Claudia Pfoehler, MD</last_name>
      <phone>+49 6841 3801</phone>
      <email>hakras@uniklinik-saarland.de</email>
    </contact>
    <investigator>
      <last_name>Claudia Pfoehler, MD</last_name>
      <role>Sub-Investigator</role>
    </investigator>
  </location>
  <location>
    <facility>
      <name>Dept. of Dermatology, University of Schleswig-Holstein, Campus Lübeck</name>
      <address>
        <city>Lübeck</city>
        <state>Schleswig-Holstein</state>
        <zip>D-23538</zip>
        <country>Germany</country>
      </address>
    </facility>
    <status>Recruiting</status>
    <contact>
      <last_name>Patrick Terheyden, MD</last_name>
      <phone>+49-451-5002517</phone>
    </contact>
    <investigator>
      <last_name>Sven Krengel, MD</last_name>
      <role>Principal Investigator</role>
    </investigator>
  </location>
  <location>
    <facility>
      <name>Dept. of Dermatology, Helios Clinic Erfurt</name>
      <address>
        <city>Erfurt</city>
        <state>Thuringia</state>
        <zip>99012</zip>
        <country>Germany</country>
      </address>
    </facility>
    <status>Recruiting</status>
    <contact>
      <last_name>Rudolf herbst, MD</last_name>
      <phone>+49-361-7814300</phone>
    </contact>
    <investigator>
      <last_name>Yvonne Kellner, MD</last_name>
      <role>Sub-Investigator</role>
    </investigator>
  </location>
  <location>
    <facility>
      <name>Department of Dermatology, University Hospital</name>
      <address>
        <city>Augsburg</city>
        <country>Germany</country>
      </address>
    </facility>
    <status>Recruiting</status>
    <contact>
      <last_name>Julia Welzel</last_name>
    </contact>
  </location>
  <location>
    <facility>
      <name>Department of Dermatology, University Hospital</name>
      <address>
        <city>Dresden</city>
        <country>Germany</country>
      </address>
    </facility>
    <status>Recruiting</status>
    <contact>
      <last_name>Friedegund Meier</last_name>
    </contact>
  </location>
  <location>
    <facility>
      <name>Department of dermatology, University Hospital</name>
      <address>
        <city>Essen</city>
        <country>Germany</country>
      </address>
    </facility>
    <status>Recruiting</status>
    <contact>
      <last_name>Selma Ugurel</last_name>
    </contact>
  </location>
  <location>
    <facility>
      <name>Medizinische Hochschule,dermatologische Klinik und Poliklinik</name>
      <address>
        <city>Hannover</city>
        <zip>30449</zip>
        <country>Germany</country>
      </address>
    </facility>
    <status>Recruiting</status>
    <contact>
      <last_name>Inke Grimmelmann, MD</last_name>
      <phone>0049(0)511 92 460</phone>
    </contact>
  </location>
  <location>
    <facility>
      <name>Department of Dermatology</name>
      <address>
        <city>Ludwigshafen</city>
        <country>Germany</country>
      </address>
    </facility>
    <status>Recruiting</status>
    <contact>
      <last_name>Edgar Dippel</last_name>
    </contact>
  </location>
  <location>
    <facility>
      <name>Skin Cancer Unit, University Hospital</name>
      <address>
        <city>Mannheim</city>
        <country>Germany</country>
      </address>
    </facility>
    <status>Recruiting</status>
    <contact>
      <last_name>Jochen Utikal</last_name>
    </contact>
  </location>
  <location>
    <facility>
      <name>Department of Dermatology, University Hospital</name>
      <address>
        <city>Minden</city>
        <country>Germany</country>
      </address>
    </facility>
    <status>Recruiting</status>
    <contact>
      <last_name>Ralf Gutzmer</last_name>
    </contact>
  </location>
  <location>
    <facility>
      <name>Department of Dermatology</name>
      <address>
        <city>Oberhausen</city>
        <country>Germany</country>
      </address>
    </facility>
    <status>Recruiting</status>
    <contact>
      <last_name>Alexander Kreuter</last_name>
    </contact>
  </location>
  <location>
    <facility>
      <name>Department of Dermatology</name>
      <address>
        <city>Quedlinburg</city>
        <country>Germany</country>
      </address>
    </facility>
    <status>Recruiting</status>
    <contact>
      <last_name>Jens Ulrich</last_name>
    </contact>
  </location>
  <location_countries>
    <country>Germany</country>
  </location_countries>
  <verification_date>February 2023</verification_date>
  <study_first_submitted>February 18, 2023</study_first_submitted>
  <study_first_submitted_qc>February 28, 2023</study_first_submitted_qc>
  <study_first_posted type="Actual">March 1, 2023</study_first_posted>
  <last_update_submitted>February 28, 2023</last_update_submitted>
  <last_update_submitted_qc>February 28, 2023</last_update_submitted_qc>
  <last_update_posted type="Actual">March 1, 2023</last_update_posted>
  <responsible_party>
    <responsible_party_type>Sponsor</responsible_party_type>
  </responsible_party>
  <keyword>melanoma</keyword>
  <keyword>biomarker</keyword>
  <keyword>tumor tissue</keyword>
  <keyword>systemic therapy</keyword>
  <keyword>immune checkpoint therapy</keyword>
  <keyword>targeted therapy</keyword>
  <keyword>PD-L1</keyword>
  <keyword>Tumor mutational burden</keyword>
  <condition_browse>
    <!-- CAUTION:  The following MeSH terms are assigned with an imperfect algorithm            -->
    <mesh_term>Melanoma</mesh_term>
  </condition_browse>
  <patient_data>
    <sharing_ipd>No</sharing_ipd>
    <ipd_description>patients/samples will be pseudonymized/anonymized</ipd_description>
  </patient_data>
  <!-- Results have not yet been posted for this study                                          -->
</clinical_study>

