<?xml version="1.0" encoding="UTF-8"?>
<clinical_study rank="160">
  <!-- This xml conforms to an XML Schema at:
    https://clinicaltrials.gov/ct2/html/images/info/public.xsd -->
  <required_header>
    <download_date>ClinicalTrials.gov processed this data on February 06, 2024</download_date>
    <link_text>Link to the current ClinicalTrials.gov record.</link_text>
    <url>https://clinicaltrials.gov/ct2/show/NCT00128583</url>
  </required_header>
  <id_info>
    <org_study_id>CDR0000439529</org_study_id>
    <secondary_id>CV-MMAIT-5-001</secondary_id>
    <nct_id>NCT00128583</nct_id>
  </id_info>
  <brief_title>Vaccine Therapy in Treating Patients With Malignant Melanoma</brief_title>
  <official_title>Response of In-Transit Melanoma to Systemic Treatment With the Specific Active Immunotherapeutic Agent, Canvaxin™</official_title>
  <sponsors>
    <lead_sponsor>
      <agency>CancerVax Corporation</agency>
      <agency_class>Industry</agency_class>
    </lead_sponsor>
  </sponsors>
  <source>National Cancer Institute (NCI)</source>
  <brief_summary>
    <textblock>
      RATIONALE: Vaccines made from tumor cells may help the body build an effective immune&#xD;
      response to kill tumor cells.&#xD;
&#xD;
      PURPOSE: This phase II trial is studying vaccine therapy to see how well it works in treating&#xD;
      patients with malignant melanoma.&#xD;
    </textblock>
  </brief_summary>
  <detailed_description>
    <textblock>
      OBJECTIVES:&#xD;
&#xD;
        -  Determine the response in patients with in-transit cutaneous malignant melanoma treated&#xD;
           with active immunotherapy comprising polyvalent melanoma vaccine (Canvaxin™).&#xD;
&#xD;
      OUTLINE: This is an open-label, multicenter study.&#xD;
&#xD;
      Patients receive polyvalent melanoma vaccine (Canvaxin™) subcutaneously to the armpit and&#xD;
      groin areas every 2 weeks for approximately 10 weeks (5 doses) and then every 4 weeks for up&#xD;
      to approximately 1 year of total treatment (total of 15 doses). Patients with no evidence of&#xD;
      response at week 24 receive no further treatment. Patients whose disease continues to respond&#xD;
      after completion of study treatment are eligible for a new study in which they will continue&#xD;
      treatment with polyvalent melanoma vaccine (Canvaxin™).&#xD;
&#xD;
      After completion of study treatment, patients are followed at 30 days.&#xD;
&#xD;
      PROJECTED ACCRUAL: A total of 100 patients will be accrued for this study.&#xD;
    </textblock>
  </detailed_description>
  <overall_status>Unknown status</overall_status>
  <last_known_status>Active, not recruiting</last_known_status>
  <start_date>July 2005</start_date>
  <phase>Phase 2</phase>
  <study_type>Interventional</study_type>
  <has_expanded_access>No</has_expanded_access>
  <study_design_info>
    <primary_purpose>Treatment</primary_purpose>
    <masking>None (Open Label)</masking>
  </study_design_info>
  <primary_outcome>
    <measure>Response</measure>
  </primary_outcome>
  <condition>Melanoma (Skin)</condition>
  <intervention>
    <intervention_type>Biological</intervention_type>
    <intervention_name>polyvalent melanoma vaccine</intervention_name>
  </intervention>
  <eligibility>
    <criteria>
      <textblock>
        DISEASE CHARACTERISTICS:&#xD;
&#xD;
          -  Histologically confirmed malignant melanoma&#xD;
&#xD;
          -  At least 1 in-transit skin lesion measuring 3-10 mm in the longest diameter&#xD;
&#xD;
        PATIENT CHARACTERISTICS:&#xD;
&#xD;
        Age&#xD;
&#xD;
          -  18 to 80&#xD;
&#xD;
        Performance status&#xD;
&#xD;
          -  Not specified&#xD;
&#xD;
        Life expectancy&#xD;
&#xD;
          -  Not specified&#xD;
&#xD;
        Hematopoietic&#xD;
&#xD;
          -  Not specified&#xD;
&#xD;
        Hepatic&#xD;
&#xD;
          -  Not specified&#xD;
&#xD;
        Renal&#xD;
&#xD;
          -  Not specified&#xD;
&#xD;
        PRIOR CONCURRENT THERAPY:&#xD;
&#xD;
        Biologic therapy&#xD;
&#xD;
          -  Not specified&#xD;
&#xD;
        Chemotherapy&#xD;
&#xD;
          -  Not specified&#xD;
&#xD;
        Endocrine therapy&#xD;
&#xD;
          -  Not specified&#xD;
&#xD;
        Radiotherapy&#xD;
&#xD;
          -  Not specified&#xD;
&#xD;
        Surgery&#xD;
&#xD;
          -  Not specified&#xD;
      </textblock>
    </criteria>
    <gender>All</gender>
    <minimum_age>18 Years</minimum_age>
    <maximum_age>80 Years</maximum_age>
    <healthy_volunteers>No</healthy_volunteers>
  </eligibility>
  <overall_official>
    <last_name>Linda Strause</last_name>
    <role>Study Chair</role>
    <affiliation>CancerVax Corporation</affiliation>
  </overall_official>
  <location>
    <facility>
      <name>Comprehensive Cancer Center at Desert Regional Medical Center</name>
      <address>
        <city>Palm Springs</city>
        <state>California</state>
        <zip>92262</zip>
        <country>United States</country>
      </address>
    </facility>
  </location>
  <location>
    <facility>
      <name>John Wayne Cancer Institute at Saint John's Health Center</name>
      <address>
        <city>Santa Monica</city>
        <state>California</state>
        <zip>90404</zip>
        <country>United States</country>
      </address>
    </facility>
  </location>
  <location>
    <facility>
      <name>Lakeland Regional Cancer Center at Lakeland Regional Medical Center</name>
      <address>
        <city>Lakeland</city>
        <state>Florida</state>
        <zip>33804-1057</zip>
        <country>United States</country>
      </address>
    </facility>
  </location>
  <location>
    <facility>
      <name>H. Lee Moffitt Cancer Center and Research Institute at University of South Florida</name>
      <address>
        <city>Tampa</city>
        <state>Florida</state>
        <zip>33612-9497</zip>
        <country>United States</country>
      </address>
    </facility>
  </location>
  <location>
    <facility>
      <name>CCOP - Dayton</name>
      <address>
        <city>Dayton</city>
        <state>Ohio</state>
        <zip>45429</zip>
        <country>United States</country>
      </address>
    </facility>
  </location>
  <location>
    <facility>
      <name>Abramson Cancer Center of the University of Pennsylvania</name>
      <address>
        <city>Philadelphia</city>
        <state>Pennsylvania</state>
        <zip>19104-4283</zip>
        <country>United States</country>
      </address>
    </facility>
  </location>
  <location>
    <facility>
      <name>Simmons Cancer Center at University of Texas Southwestern Medical Center at Dallas</name>
      <address>
        <city>Dallas</city>
        <state>Texas</state>
        <zip>75390</zip>
        <country>United States</country>
      </address>
    </facility>
  </location>
  <location>
    <facility>
      <name>M.D. Anderson Cancer Center at University of Texas</name>
      <address>
        <city>Houston</city>
        <state>Texas</state>
        <zip>77030-4009</zip>
        <country>United States</country>
      </address>
    </facility>
  </location>
  <location>
    <facility>
      <name>LDS Hospital</name>
      <address>
        <city>Salt Lake City</city>
        <state>Utah</state>
        <zip>84143</zip>
        <country>United States</country>
      </address>
    </facility>
  </location>
  <location>
    <facility>
      <name>Sydney Cancer Centre at Royal Prince Alfred Hospital</name>
      <address>
        <city>Sydney</city>
        <state>New South Wales</state>
        <zip>2050</zip>
        <country>Australia</country>
      </address>
    </facility>
  </location>
  <location>
    <facility>
      <name>Princess Alexandra Hospital</name>
      <address>
        <city>Brisbane</city>
        <state>Queensland</state>
        <zip>4102</zip>
        <country>Australia</country>
      </address>
    </facility>
  </location>
  <location_countries>
    <country>Australia</country>
    <country>United States</country>
  </location_countries>
  <verification_date>September 2005</verification_date>
  <study_first_submitted>August 8, 2005</study_first_submitted>
  <study_first_submitted_qc>August 8, 2005</study_first_submitted_qc>
  <study_first_posted type="Estimate">August 10, 2005</study_first_posted>
  <last_update_submitted>December 18, 2013</last_update_submitted>
  <last_update_submitted_qc>December 18, 2013</last_update_submitted_qc>
  <last_update_posted type="Estimate">December 19, 2013</last_update_posted>
  <keyword>stage III melanoma</keyword>
  <condition_browse>
    <!-- CAUTION:  The following MeSH terms are assigned with an imperfect algorithm            -->
    <mesh_term>Melanoma</mesh_term>
  </condition_browse>
  <!-- Results have not yet been posted for this study                                          -->
</clinical_study>

