<?xml version="1.0" encoding="UTF-8"?>
<clinical_study rank="238">
  <!-- This xml conforms to an XML Schema at:
    https://clinicaltrials.gov/ct2/html/images/info/public.xsd -->
  <required_header>
    <download_date>ClinicalTrials.gov processed this data on February 06, 2024</download_date>
    <link_text>Link to the current ClinicalTrials.gov record.</link_text>
    <url>https://clinicaltrials.gov/ct2/show/NCT01986712</url>
  </required_header>
  <id_info>
    <org_study_id>Merck MISP 50422</org_study_id>
    <nct_id>NCT01986712</nct_id>
  </id_info>
  <brief_title>A Study to Compare Quality of Life and Compliance in Patients Receiving High-dose Interferon Versus Pegylated Interferon in Patients With Surgically Resected Melanoma</brief_title>
  <official_title>An Observational Pilot Study to Compare the Compliance With and Health Related Quality of Life During Therapy With Standard High-Dose Interferon Alfa (Intron A, HDI) Versus Pegylated Alfa-Interferon 2b (Sylatron, PEG IFN) in Patients With Surgically Resected Melanoma</official_title>
  <sponsors>
    <lead_sponsor>
      <agency>Sanjiv Agarwala, MD</agency>
      <agency_class>Other</agency_class>
    </lead_sponsor>
    <collaborator>
      <agency>Merck Sharp &amp; Dohme LLC</agency>
      <agency_class>Industry</agency_class>
    </collaborator>
  </sponsors>
  <source>St. Luke's Hospital and Health Network, Pennsylvania</source>
  <oversight_info>
    <has_dmc>Yes</has_dmc>
  </oversight_info>
  <brief_summary>
    <textblock>
      To evaluate the compliance with and perceptions of treatment, as well as health-related&#xD;
      quality of life (HRQOL) in surgically resected melanoma patients undergoing HDI or PEG IFN&#xD;
      therapy.&#xD;
    </textblock>
  </brief_summary>
  <detailed_description>
    <textblock>
      The primary objective of this study is:&#xD;
&#xD;
      • To evaluate compliance with the administration of standard HDI versus PEG IFN for patients&#xD;
      with melanoma in need of adjuvant therapy&#xD;
&#xD;
      The secondary objectives of this study are:&#xD;
&#xD;
        -  To compare the convenience and satisfaction with chemotherapy for patients on standard&#xD;
           HDI versus PEG IFN using a chemotherapy convenience and satisfaction questionnaire&#xD;
           (CCSQ) and to evaluate the treatment-related side effects that may impact the patient's&#xD;
           HRQOL using the Functional Assessment of Cancer Therapy of Biologic Response Modifier&#xD;
           (FACT BRM)&#xD;
&#xD;
        -  To assess the frequency of Grade 3 and 4 toxicities, according to the National Cancer&#xD;
           Institute (NCI) Common Toxicity Criteria for Adverse Events (CTCAE) for patients on&#xD;
           standard HDI versus PEG IFN&#xD;
&#xD;
        -  To examine reasons for patients' choice of treatment with HDI versus PEG IFN, for those&#xD;
           cases in which patients are presented with a choice of either treatment option&#xD;
&#xD;
        -  To assess Health Resource Utilization on both arms of the study&#xD;
    </textblock>
  </detailed_description>
  <overall_status>Unknown status</overall_status>
  <last_known_status>Active, not recruiting</last_known_status>
  <start_date>December 2013</start_date>
  <completion_date type="Anticipated">March 2022</completion_date>
  <primary_completion_date type="Anticipated">March 2021</primary_completion_date>
  <study_type>Observational</study_type>
  <has_expanded_access>No</has_expanded_access>
  <study_design_info>
    <observational_model>Cohort</observational_model>
    <time_perspective>Prospective</time_perspective>
  </study_design_info>
  <primary_outcome>
    <measure>Evaluate Compliance with Standard High Dose Interferon (HDI) versus Sylatron</measure>
    <time_frame>1 year</time_frame>
    <description>To evaluate compliance with administration of standard HDI versus PEG IFN for patients with surgically resected melanoma in need of adjuvant therapy</description>
  </primary_outcome>
  <secondary_outcome>
    <measure>Compare Quality of Life (Qol)for patients on HDI versus PEG IFN</measure>
    <time_frame>1 year</time_frame>
    <description>To compare QOL for patients on standard HDI versus PEG IFN using chemotherapy convenience and satisfaction questionaire (CCSQ) and to evaluate the treatment-related side effects that may impact the patients health-related QOL using Functional Assessment of Cancer Therapy of Biologic Response Modifier (FACT-BRM)</description>
  </secondary_outcome>
  <secondary_outcome>
    <measure>Assess the frequency of Grade 3 and Grade 4 Toxicities</measure>
    <time_frame>1 year</time_frame>
    <description>To assess the frequency of Grade 3 and 4 toxicities, according to the National Cancer Institute (NCI) Common Toxicity Criteria for Adverse Events (CTCAE) for patients on standard HDI versus PEG IFN</description>
  </secondary_outcome>
  <secondary_outcome>
    <measure>Examine the Reasons for Patients' Choice of Treatment with HDI versus PEG IFN</measure>
    <time_frame>1 year</time_frame>
    <description>To examine reasons for patients' choice of treatment HDI versus PEG IFN, for those case in which patients are presented with a choice of either treatment option</description>
  </secondary_outcome>
  <number_of_groups>2</number_of_groups>
  <enrollment type="Actual">58</enrollment>
  <condition>Melanoma</condition>
  <arm_group>
    <arm_group_label>Intron A, HDI</arm_group_label>
    <description>High-dose interferon alfa (Intron A, HDI)</description>
  </arm_group>
  <arm_group>
    <arm_group_label>Sylatron</arm_group_label>
    <description>Pegylated alfa-interferon 2b (Sylatron, PEG IFN)</description>
  </arm_group>
  <eligibility>
    <study_pop>
      <textblock>
        Patients with surgically resected melanoma receiving adjuvant therapy with HDI or PEG IFN&#xD;
        thherapy&#xD;
      </textblock>
    </study_pop>
    <sampling_method>Non-Probability Sample</sampling_method>
    <criteria>
      <textblock>
        Inclusion Criteria:&#xD;
&#xD;
          -  Patient is male or female at least 18 years of age&#xD;
&#xD;
          -  Patient has had surgically resected melanoma and plans to receive adjuvant therapy&#xD;
             with HDI or PEG IFN&#xD;
&#xD;
          -  Patient is willing and able to give written informed consent&#xD;
&#xD;
          -  Patient is willing to comply with all study requirements&#xD;
&#xD;
        Exclusion Criteria:&#xD;
&#xD;
          -  Patient is unable or unwilling to complete QoL questionaire or compliance diary&#xD;
&#xD;
          -  Patient has a history of anaphylaxis due to any interferon alpha product&#xD;
&#xD;
          -  Patient has autoimmune hepatitis&#xD;
&#xD;
          -  Patient has decompensated liver disease (Child-Pugh score&gt;6 ( Class B and C)&#xD;
&#xD;
          -  Patient has a history of neuropsychiatric disorder (including depression) that, in the&#xD;
             judgment of the investigator, may impair the patient's ability to successfully&#xD;
             complete treatment or protocol-related requirements&#xD;
      </textblock>
    </criteria>
    <gender>All</gender>
    <minimum_age>18 Years</minimum_age>
    <maximum_age>N/A</maximum_age>
    <healthy_volunteers>No</healthy_volunteers>
  </eligibility>
  <overall_official>
    <last_name>Sanjiv Agarwala, MD</last_name>
    <role>Principal Investigator</role>
    <affiliation>St. Luke's Hospital and Health Network, Pennsylvania</affiliation>
  </overall_official>
  <location>
    <facility>
      <name>Moffit Cancer Center</name>
      <address>
        <city>Tampa</city>
        <state>Florida</state>
        <zip>33612</zip>
        <country>United States</country>
      </address>
    </facility>
  </location>
  <location>
    <facility>
      <name>Roswell Park Cancer Institute</name>
      <address>
        <city>Buffalo</city>
        <state>New York</state>
        <zip>14263</zip>
        <country>United States</country>
      </address>
    </facility>
  </location>
  <location>
    <facility>
      <name>St Luke's University Hospital and Health Network</name>
      <address>
        <city>Bethlehem</city>
        <state>Pennsylvania</state>
        <zip>18015</zip>
        <country>United States</country>
      </address>
    </facility>
  </location>
  <location>
    <facility>
      <name>Huntsman Cancer Institute</name>
      <address>
        <city>Salt Lake City</city>
        <state>Utah</state>
        <zip>84112-5550</zip>
        <country>United States</country>
      </address>
    </facility>
  </location>
  <location_countries>
    <country>United States</country>
  </location_countries>
  <verification_date>April 2018</verification_date>
  <study_first_submitted>October 23, 2013</study_first_submitted>
  <study_first_submitted_qc>November 11, 2013</study_first_submitted_qc>
  <study_first_posted type="Estimate">November 18, 2013</study_first_posted>
  <last_update_submitted>April 17, 2018</last_update_submitted>
  <last_update_submitted_qc>April 17, 2018</last_update_submitted_qc>
  <last_update_posted type="Actual">April 19, 2018</last_update_posted>
  <responsible_party>
    <responsible_party_type>Sponsor-Investigator</responsible_party_type>
    <investigator_affiliation>St. Luke's Hospital and Health Network, Pennsylvania</investigator_affiliation>
    <investigator_full_name>Sanjiv Agarwala, MD</investigator_full_name>
    <investigator_title>Chief of Medical Oncology</investigator_title>
  </responsible_party>
  <keyword>Melanoma, Stage III, adjuvant, Quality of Life</keyword>
  <condition_browse>
    <!-- CAUTION:  The following MeSH terms are assigned with an imperfect algorithm            -->
    <mesh_term>Melanoma</mesh_term>
  </condition_browse>
  <patient_data>
    <sharing_ipd>Yes</sharing_ipd>
  </patient_data>
  <pending_results>
    <submitted>July 24, 2023</submitted>
  </pending_results>
  <!-- Results have not yet been posted for this study                                          -->
</clinical_study>

