<?xml version="1.0" encoding="UTF-8"?>
<clinical_study rank="296">
  <!-- This xml conforms to an XML Schema at:
    https://clinicaltrials.gov/ct2/html/images/info/public.xsd -->
  <required_header>
    <download_date>ClinicalTrials.gov processed this data on February 06, 2024</download_date>
    <link_text>Link to the current ClinicalTrials.gov record.</link_text>
    <url>https://clinicaltrials.gov/ct2/show/NCT04625205</url>
  </required_header>
  <id_info>
    <org_study_id>NTC-001</org_study_id>
    <secondary_id>2019-003908-13</secondary_id>
    <nct_id>NCT04625205</nct_id>
  </id_info>
  <brief_title>NEO-PTC-01 in Patients With Advanced or Metastatic Melanoma</brief_title>
  <official_title>An Open-label, Phase I Study of NEO-PTC-01 in Patients With Advanced or Metastatic Melanoma</official_title>
  <sponsors>
    <lead_sponsor>
      <agency>BioNTech US Inc.</agency>
      <agency_class>Industry</agency_class>
    </lead_sponsor>
  </sponsors>
  <source>BioNTech SE</source>
  <oversight_info>
    <has_dmc>Yes</has_dmc>
    <is_fda_regulated_drug>No</is_fda_regulated_drug>
    <is_fda_regulated_device>No</is_fda_regulated_device>
  </oversight_info>
  <brief_summary>
    <textblock>
      Study to investigate the safety and activity of NEO-PTC-01 in patients with unresectable or&#xD;
      metastatic melanoma. NEO-PTC-01 is an autologous personalized T cell (PTC) product for&#xD;
      adoptive cell therapy that is manufactured ex vivo and targets neoantigens displayed on the&#xD;
      patient's tumor and the tumor microenvironment.&#xD;
&#xD;
      The study will be conducted in two parts, Part 1 (Dose Finding) and Part 2 (Dose Expansion).&#xD;
      The dose-finding part of the study will test two doses of NEO-PTC-01 and will be structured&#xD;
      according to a 3+3 dose escalation design. After the highest tolerated NEO-PTC-01 dose is&#xD;
      identified, 2 additional evaluations in Part 1 are planned, a cohort to investigate&#xD;
      NEO-PTC-01 in combination with interleukin (IL)-2 and another cohort introducing α programmed&#xD;
      cell death protein 1 (αPD-1) therapy. The dose expansion part of the study will test the dose&#xD;
      deemed to be safe in the dose-finding part of the study in an expanded cohort of patients to&#xD;
      further define the safety of NEO-PTC-01.&#xD;
    </textblock>
  </brief_summary>
  <overall_status>Recruiting</overall_status>
  <start_date type="Actual">December 1, 2020</start_date>
  <completion_date type="Anticipated">October 31, 2025</completion_date>
  <primary_completion_date type="Anticipated">October 31, 2025</primary_completion_date>
  <phase>Phase 1</phase>
  <study_type>Interventional</study_type>
  <has_expanded_access>No</has_expanded_access>
  <study_design_info>
    <allocation>Non-Randomized</allocation>
    <intervention_model>Sequential Assignment</intervention_model>
    <primary_purpose>Treatment</primary_purpose>
    <masking>None (Open Label)</masking>
  </study_design_info>
  <primary_outcome>
    <measure>Rate of adverse events (AEs), including serious adverse events (SAEs) and AEs leading to treatment discontinuation</measure>
    <time_frame>Day 1 to Week 52</time_frame>
    <description>Rate of AEs, including SAEs and AEs leading to treatment discontinuation and those AEs and SAEs detected during symptom-directed physical examinations (changes in safety laboratory evaluations, physical examination findings, and vital signs).</description>
  </primary_outcome>
  <secondary_outcome>
    <measure>Progression-free survival (PFS), defined as the time from the date of first dosing of NEO-PTC-01 to the date of first documented progressive disease (PD) or death, whichever comes first</measure>
    <time_frame>Day 1 to Week 52</time_frame>
    <description>Clinical activity endpoints, based on investigator assessment of serial radiographic evaluations [Computed Tomography (CT) or Magnetic Resonance Imaging (MRI)] to determine response to treatment and progression of disease based on Response Evaluation Criteria in Solid Tumors (RECIST) version 1.1.</description>
  </secondary_outcome>
  <secondary_outcome>
    <measure>Objective response rate (ORR), defined as the proportion of patients who achieve complete response (CR) or partial response (PR) based on RECIST v1.1</measure>
    <time_frame>Day 1 to Week 52</time_frame>
    <description>Clinical activity endpoints, based on investigator assessment of serial radiographic evaluations (CT or MRI) to determine response to treatment and progression of disease based on RECIST version 1.1.</description>
  </secondary_outcome>
  <secondary_outcome>
    <measure>Duration of response (DOR), defined as the date of the first documentation of a confirmed response to the date of the first documented PD</measure>
    <time_frame>Day 1 to Week 52</time_frame>
    <description>Clinical activity endpoints, based on investigator assessment of serial radiographic evaluations (CT or MRI) to determine response to treatment and progression of disease based on RECIST version 1.1.</description>
  </secondary_outcome>
  <secondary_outcome>
    <measure>Clinical benefit rate (CBR), defined as the proportion of patients who achieve CR, PR, or stable disease (SD) based on RECIST v1.1</measure>
    <time_frame>Day 1 to Week 52</time_frame>
    <description>Clinical activity endpoints, based on investigator assessment of serial radiographic evaluations (CT or MRI) to determine response to treatment and progression of disease based on RECIST version 1.1.</description>
  </secondary_outcome>
  <secondary_outcome>
    <measure>Time to first subsequent therapy, defined as the time from the date of first dosing to the start date of first subsequent therapy</measure>
    <time_frame>Day 1 to Week 52</time_frame>
    <description>Clinical activity endpoints, based on investigator assessment of serial radiographic evaluations (CT or MRI) to determine response to treatment and progression of disease based on RECIST version 1.1.</description>
  </secondary_outcome>
  <number_of_arms>5</number_of_arms>
  <enrollment type="Anticipated">72</enrollment>
  <condition>Unresectable Melanoma</condition>
  <condition>Metastatic Melanoma</condition>
  <arm_group>
    <arm_group_label>Part 1 dose finding phase: NEO-PTC-01 Dose 1</arm_group_label>
    <arm_group_type>Experimental</arm_group_type>
    <description>Monotherapy - Dose 1</description>
  </arm_group>
  <arm_group>
    <arm_group_label>Part 1 dose finding phase: NEO-PTC-01 Dose 2</arm_group_label>
    <arm_group_type>Experimental</arm_group_type>
    <description>Monotherapy - Dose 2</description>
  </arm_group>
  <arm_group>
    <arm_group_label>Part 1 dose finding phase: NEO-PTC-01 plus IL-2</arm_group_label>
    <arm_group_type>Experimental</arm_group_type>
    <description>NEO-PTC-01 in combination with a fixed dose of IL-2 (cohort will only be open in countries where IL-2 is approved)</description>
  </arm_group>
  <arm_group>
    <arm_group_label>Part 1 dose finding phase: NEO-PTC-01 plus αPD- 1 therapy</arm_group_label>
    <arm_group_type>Experimental</arm_group_type>
    <description>The αPD-1 therapy will be introduced, beginning 1 to 2 weeks post NEO-PTC-01, to patients who failed αPD-1/α programmed death ligand 1 (αPD-L1) therapy prior to enrollment in the NTC-001 study</description>
  </arm_group>
  <arm_group>
    <arm_group_label>Part 2 dose expansion phase: NEO-PTC-01</arm_group_label>
    <arm_group_type>Experimental</arm_group_type>
    <description>Patients currently receiving PD-1/PD-L1 inhibitors (as single agent or in combination with cytotoxic T-lymphocyte-associated antigen-4 [CTLA4] inhibitors) as therapy for metastatic melanoma</description>
  </arm_group>
  <intervention>
    <intervention_type>Biological</intervention_type>
    <intervention_name>NEO-PTC-01</intervention_name>
    <description>Administered via intravenous infusion.</description>
    <arm_group_label>Part 1 dose finding phase: NEO-PTC-01 Dose 1</arm_group_label>
    <arm_group_label>Part 1 dose finding phase: NEO-PTC-01 Dose 2</arm_group_label>
    <arm_group_label>Part 1 dose finding phase: NEO-PTC-01 plus IL-2</arm_group_label>
    <arm_group_label>Part 1 dose finding phase: NEO-PTC-01 plus αPD- 1 therapy</arm_group_label>
    <arm_group_label>Part 2 dose expansion phase: NEO-PTC-01</arm_group_label>
  </intervention>
  <intervention>
    <intervention_type>Drug</intervention_type>
    <intervention_name>IL-2</intervention_name>
    <description>Administered via intravenous infusion.</description>
    <arm_group_label>Part 1 dose finding phase: NEO-PTC-01 plus IL-2</arm_group_label>
  </intervention>
  <intervention>
    <intervention_type>Drug</intervention_type>
    <intervention_name>αPD-1 therapy</intervention_name>
    <description>Administered via intravenous infusion.</description>
    <arm_group_label>Part 1 dose finding phase: NEO-PTC-01 plus αPD- 1 therapy</arm_group_label>
  </intervention>
  <eligibility>
    <criteria>
      <textblock>
        Inclusion Criteria:&#xD;
&#xD;
          -  Adult (age 18 to 75) men and women willing and able to give written informed consent.&#xD;
&#xD;
          -  Histologically confirmed unresectable or metastatic melanoma.&#xD;
&#xD;
          -  Part 1:&#xD;
&#xD;
               -  Have previously received a PD-1/PD-L1 inhibitor (either as single agent or in&#xD;
                  combination) and a cytotoxic T-lymphocyte-associated antigen-4 (CTLA-4)&#xD;
                  inhibitor-containing regimen (single agent or combination) prior to NEO-PTC-01,&#xD;
                  with disease progression following these therapies or otherwise lack of clinical&#xD;
                  benefit as determined by the study investigator.&#xD;
&#xD;
          -  Part 2:&#xD;
&#xD;
               -  Have received/are currently receiving a PD-1/PD-L1 inhibitor (as a single agent&#xD;
                  or in combination with CTLA-4) for at least 3 months.&#xD;
&#xD;
               -  Have documented SD by RECIST v1.1 or clinically asymptomatic progressive disease&#xD;
                  on the most recent imaging assessment, which must have occurred within 3 months&#xD;
                  of enrollment.&#xD;
&#xD;
               -  In the opinion of the investigator, are medically eligible and able to continue&#xD;
                  with PD-1/PD-L1 inhibitor therapy.&#xD;
&#xD;
               -  In the opinion of the investigator, would benefit from the addition of a T-cell&#xD;
                  based therapy.&#xD;
&#xD;
          -  For known serine-threonine kinase (BRAF) mutant patients: patients must have also&#xD;
             received targeted therapy (B-raf inhibitor or B-raf/mitogen-activated protein kinase&#xD;
             enzyme [MEK] combination therapy) prior to NEO-PTC-01, unless deemed not appropriate&#xD;
             to receive these treatments by the investigator.&#xD;
&#xD;
          -  Have at least one site of measurable disease by RECIST v1.1.&#xD;
&#xD;
          -  At least one site of disease must be accessible to biopsy for tumor tissue for&#xD;
             sequence and immunological analysis. The biopsy site may be the same as the measurable&#xD;
             site so long as it remains measurable. Surgical resection of the measurable site may&#xD;
             not be performed if that site is the only measurable lesion. An archival biopsy may be&#xD;
             used in place if the biopsy was taken within 6 months of informed consent.&#xD;
&#xD;
          -  Have Eastern Cooperative Oncology Group Performance Status (ECOG PS) of 0 or 1.&#xD;
&#xD;
          -  Recovered from all toxicities associated with prior treatment to acceptable baseline&#xD;
             status (for laboratory toxicities see below limits for inclusion) or an National&#xD;
             Cancer Institute Common Terminology Criteria for Adverse Events (NCI CTCAE) version&#xD;
             5.0, Grade of 0 or 1, except for toxicities not considered by the treating physician&#xD;
             to be a safety risk (e.g., alopecia).&#xD;
&#xD;
          -  Screening laboratory values must meet the following criteria and should be obtained&#xD;
             prior to any production phase assessments:&#xD;
&#xD;
               1. White blood cell (WBC) count ≥ 3 × 10^3/μL.&#xD;
&#xD;
               2. Absolute neutrophil count (ANC) ≥ 1.5 × 10^3/μL.&#xD;
&#xD;
               3. Platelet count ≥ 100 × 10^3/μL.&#xD;
&#xD;
               4. Hemoglobin &gt; 9 g/dL or 6 mmol/L.&#xD;
&#xD;
               5. Serum creatinine ≤ 1.5 × upper limit of normal (ULN) or creatinine clearance&#xD;
                  (CrCl) ≥ 50 mL/min by Cockcroft-Gault.&#xD;
&#xD;
               6. Aspartate aminotransferase (AST) and alanine aminotransferase (ALT) ≤ 3 × ULN.&#xD;
&#xD;
               7. Total bilirubin ≤ 1.5 × ULN (except in patients with Gilbert Syndrome, who can&#xD;
                  have total bilirubin &lt; 3.0 mg/dL).&#xD;
&#xD;
               8. International Normalized Ratio (INR), Prothrombin Time (PT), or Activated Partial&#xD;
                  Thromboplastin Time (aPTT) ≤ 1.5 × ULN unless the patient is receiving&#xD;
                  anticoagulant therapy, as long as PT or aPTT is within therapeutic range of&#xD;
                  intended use of anticoagulants.&#xD;
&#xD;
        Exclusion Criteria:&#xD;
&#xD;
          -  Age greater than 75 years or less than 18 years.&#xD;
&#xD;
          -  Received more than three prior lines of therapy for metastatic disease.&#xD;
&#xD;
          -  Have an active or history of autoimmune disease (known or suspected). Exceptions are&#xD;
             permitted for vitiligo, type I diabetes mellitus, residual hypothyroidism due to&#xD;
             autoimmune condition requiring only hormone replacement, psoriasis not requiring&#xD;
             systemic treatment, or conditions not expected to recur in the absence of an external&#xD;
             trigger.&#xD;
&#xD;
          -  Have known active central nervous system (CNS) metastases and/or carcinomatous&#xD;
             meningitis. Patients with previously treated brain metastases may participate provided&#xD;
             they are stable (without evidence of progression by imaging [using the identical&#xD;
             imaging modality for each assessment, either MRI or CT scan] for at least 4 weeks&#xD;
             prior to enrollment and any neurologic symptoms have returned to baseline), have no&#xD;
             evidence of new or enlarging brain metastases, and are not using steroids for at least&#xD;
             7 days prior to enrollment. This exception does not include carcinomatous meningitis,&#xD;
             which is excluded regardless of clinical and/or radiographic stability.&#xD;
&#xD;
          -  Active systemic infections requiring intravenous antimicrobial therapy, coagulation&#xD;
             disorders or other active major medical illnesses of the cardiovascular, respiratory&#xD;
             or immune system, as evidenced by a positive stress thallium or comparable test,&#xD;
             myocardial infarction, clinically significant cardiac arrhythmias such as uncontrolled&#xD;
             atrial fibrillation, ventricular tachycardia, or second- or third-degree heart block,&#xD;
             and obstructive or restrictive pulmonary disease.&#xD;
&#xD;
          -  Active major medical illnesses of the immune system including conditions requiring&#xD;
             systemic treatment with either corticosteroids (&gt; 10 mg daily prednisone equivalents)&#xD;
             or other immunosuppressive medications within 14 days prior to NEO-PTC-01 infusion.&#xD;
             Inhaled or topical steroids and adrenal replacement doses (≤ 10 mg daily prednisone&#xD;
             equivalents) are permitted in the absence of active autoimmune disease.&#xD;
&#xD;
          -  Known human immunodeficiency virus (HIV) infection, active chronic hepatitis B or C,&#xD;
             and/or life-threatening illnesses unrelated to cancer that could, in the&#xD;
             investigator's opinion, interfere with participation in this study.&#xD;
&#xD;
          -  Have any underlying medical condition, psychiatric condition, or social situation&#xD;
             that, in the investigator's opinion, would interfere with participation in the study.&#xD;
&#xD;
          -  Have a planned major surgery that is expected to interfere with study participation or&#xD;
             confound the ability to analyze study data.&#xD;
&#xD;
          -  Are pregnant or breastfeeding, or expecting to conceive or father children within the&#xD;
             projected duration of the study, starting with the screening visit through 150 days&#xD;
             after the end of the trial (EOT) visit. Nursing women are excluded from this study&#xD;
             because there is an unknown but potential risk of AEs in nursing infants secondary to&#xD;
             treatment of the mother with treatments to be administered in this study.&#xD;
&#xD;
          -  Have a history of another invasive malignancy aside from melanoma, except for the&#xD;
             following circumstances:&#xD;
&#xD;
               1. Patient has been disease-free for at least 2 years and is deemed by the&#xD;
                  investigator to be at low risk for recurrence of that malignancy.&#xD;
&#xD;
               2. Patient was not treated with systemic chemotherapy for carcinoma in situ of the&#xD;
                  breast, oral cavity, or cervix, basal cell, or squamous cell carcinoma of the&#xD;
                  skin.&#xD;
      </textblock>
    </criteria>
    <gender>All</gender>
    <minimum_age>18 Years</minimum_age>
    <maximum_age>75 Years</maximum_age>
    <healthy_volunteers>No</healthy_volunteers>
  </eligibility>
  <overall_official>
    <last_name>BioNTech Responsible Person</last_name>
    <role>Study Director</role>
    <affiliation>BioNTech US Inc.</affiliation>
  </overall_official>
  <overall_contact>
    <last_name>BioNTech clinical trials patient information</last_name>
    <phone>+49 6131 9084</phone>
    <phone_ext>0</phone_ext>
    <email>patients@biontech.de</email>
  </overall_contact>
  <location>
    <facility>
      <name>Universitair Ziekenhuis Brussel</name>
      <address>
        <city>Brussel</city>
        <zip>1090</zip>
        <country>Belgium</country>
      </address>
    </facility>
    <status>Recruiting</status>
  </location>
  <location>
    <facility>
      <name>Netherlands Cancer Institute - Antoni van Leeuwenhoek</name>
      <address>
        <city>Amsterdam</city>
        <zip>1066 CX</zip>
        <country>Netherlands</country>
      </address>
    </facility>
    <status>Recruiting</status>
  </location>
  <location>
    <facility>
      <name>Hospital Universitario Valle de Hebrón</name>
      <address>
        <city>Barcelona</city>
        <zip>08035</zip>
        <country>Spain</country>
      </address>
    </facility>
    <status>Recruiting</status>
  </location>
  <location_countries>
    <country>Belgium</country>
    <country>Netherlands</country>
    <country>Spain</country>
  </location_countries>
  <removed_countries>
    <country>Germany</country>
  </removed_countries>
  <verification_date>October 2023</verification_date>
  <study_first_submitted>November 6, 2020</study_first_submitted>
  <study_first_submitted_qc>November 6, 2020</study_first_submitted_qc>
  <study_first_posted type="Actual">November 12, 2020</study_first_posted>
  <last_update_submitted>October 26, 2023</last_update_submitted>
  <last_update_submitted_qc>October 26, 2023</last_update_submitted_qc>
  <last_update_posted type="Actual">October 27, 2023</last_update_posted>
  <responsible_party>
    <responsible_party_type>Sponsor</responsible_party_type>
  </responsible_party>
  <keyword>Melanoma</keyword>
  <keyword>Solid Tumor</keyword>
  <condition_browse>
    <!-- CAUTION:  The following MeSH terms are assigned with an imperfect algorithm            -->
    <mesh_term>Melanoma</mesh_term>
  </condition_browse>
  <patient_data>
    <sharing_ipd>No</sharing_ipd>
  </patient_data>
  <!-- Results have not yet been posted for this study                                          -->
</clinical_study>

