<?xml version="1.0" encoding="UTF-8"?>
<clinical_study rank="319">
  <!-- This xml conforms to an XML Schema at:
    https://clinicaltrials.gov/ct2/html/images/info/public.xsd -->
  <required_header>
    <download_date>ClinicalTrials.gov processed this data on February 06, 2024</download_date>
    <link_text>Link to the current ClinicalTrials.gov record.</link_text>
    <url>https://clinicaltrials.gov/ct2/show/NCT05299580</url>
  </required_header>
  <id_info>
    <org_study_id>BIO-TAILOR</org_study_id>
    <nct_id>NCT05299580</nct_id>
  </id_info>
  <brief_title>&quot;Dabrafenib and Trametinib in Circulating Free DNA BRAFV600 Mutated Metastatic Melanoma Patients: a Prospective Phase II, Open Label, Multicentre Study - (Bioliquid TAILOR Study - BIOTAILOR)&quot;</brief_title>
  <official_title>&quot;Dabrafenib and Trametinib in Circulating Free DNA BRAFV600 Mutated Metastatic Melanoma Patients: a Prospective Phase II, Open Label, Multicentre Study - (Bioliquid TAILOR Study - BIOTAILOR)&quot;</official_title>
  <sponsors>
    <lead_sponsor>
      <agency>Fondazione Melanoma Onlus</agency>
      <agency_class>Other</agency_class>
    </lead_sponsor>
  </sponsors>
  <source>Fondazione Melanoma Onlus</source>
  <oversight_info>
    <has_dmc>No</has_dmc>
    <is_fda_regulated_drug>No</is_fda_regulated_drug>
    <is_fda_regulated_device>No</is_fda_regulated_device>
  </oversight_info>
  <brief_summary>
    <textblock>
      There is evidence from cohort studies and metanalysis that a shift from BRAFWT to BRAF&#xD;
      mutated melanomas can occur (Colombino JCO 2012, Valchis EJC 2017). Based on previous studies&#xD;
      we expect that 15% of tissue BRAF WT patients treated with anti PD-1 will become circulating&#xD;
      free DNA BRAF (CfDNA BRAF) mutation-positive and, at progression, they will be elegible to be&#xD;
      treated with dabrafenib/trametinib. We aimed to design a clinical phase II trial in order to&#xD;
      evaluate the activity of Dabrafenib and Trametinib in patients with Tissue BRAFWT signature&#xD;
      and a molecular shift to circulating free DNA BRAF mutated positive melanomas upon&#xD;
      progression to anti PD-1 therapy.&#xD;
    </textblock>
  </brief_summary>
  <overall_status>Withdrawn</overall_status>
  <why_stopped>
    lack of enrollment&#xD;
  </why_stopped>
  <start_date type="Actual">February 18, 2021</start_date>
  <completion_date type="Actual">March 30, 2023</completion_date>
  <primary_completion_date type="Actual">March 30, 2023</primary_completion_date>
  <phase>Phase 2</phase>
  <study_type>Interventional</study_type>
  <has_expanded_access>No</has_expanded_access>
  <study_design_info>
    <allocation>N/A</allocation>
    <intervention_model>Single Group Assignment</intervention_model>
    <primary_purpose>Treatment</primary_purpose>
    <masking>None (Open Label)</masking>
  </study_design_info>
  <primary_outcome>
    <measure>Overall Response Rate</measure>
    <time_frame>From day 1 up to 24 months Every 12 weeks</time_frame>
    <description>proportion of patients who have a partial or complete response to therapy; it does not include stable disease and is a direct measure of drug tumoricidal activity</description>
  </primary_outcome>
  <secondary_outcome>
    <measure>Progression Free Survival (PFS)</measure>
    <time_frame>From day 1 up to 24 months Every 12 weeks</time_frame>
    <description>the time from the date of first administration of therapy and the date of evidence of progression or death</description>
  </secondary_outcome>
  <secondary_outcome>
    <measure>Overall Survival</measure>
    <time_frame>from 28 days from baseline up to 24 months</time_frame>
    <description>the time from the date of first administration of therapy and the date of death from any cause.</description>
  </secondary_outcome>
  <secondary_outcome>
    <measure>Safety - NCI CTC-AE (Version 5.0)</measure>
    <time_frame>up to 24 months</time_frame>
    <description>Will be used to evaluate the clinical safety of the treatment in this study; patients will be assessed for AEs at each clinical visit and as necessary throughout the study.</description>
  </secondary_outcome>
  <secondary_outcome>
    <measure>QoL</measure>
    <time_frame>From day 1 up to 24 months Every 12 weeks</time_frame>
    <description>the 30-item European Organisation for Research and Treatment of Care quality of life questionnaire</description>
  </secondary_outcome>
  <number_of_arms>1</number_of_arms>
  <enrollment type="Actual">0</enrollment>
  <condition>Melanoma</condition>
  <arm_group>
    <arm_group_label>single arm</arm_group_label>
    <arm_group_type>Experimental</arm_group_type>
    <description>Patients will be treated with Dabrafenib 150 mg bid and Trametinib 2mg qd. Each cycle is 28 days and the treatment will be continued until documented disease progression, unacceptable toxicity, intercurrent illness that prevents further administration of treatment, investigator's decision to withdraw the subject, subject withdraws consent, pregnancy of the subject, noncompliance with trial treatment or procedure requirements, or administrative reasons.</description>
  </arm_group>
  <intervention>
    <intervention_type>Drug</intervention_type>
    <intervention_name>dabrafenib</intervention_name>
    <description>Dabrafenib 150 mg bid</description>
    <arm_group_label>single arm</arm_group_label>
  </intervention>
  <intervention>
    <intervention_type>Drug</intervention_type>
    <intervention_name>Trametinib</intervention_name>
    <description>Trametinib 2mg qd</description>
    <arm_group_label>single arm</arm_group_label>
  </intervention>
  <eligibility>
    <criteria>
      <textblock>
        Inclusion Criteria:&#xD;
&#xD;
          1. Patients of either sex aged ≥ 18 years;&#xD;
&#xD;
          2. Histologically confirmed stage III (unresectable) or stage IV melanoma;&#xD;
&#xD;
          3. Tissue BRAFWT signature and a molecular shift to circulating free DNA BRAF mutated&#xD;
             positive melanomas upon progression to anti PD-1 therapy;&#xD;
&#xD;
          4. Tumor biopsy, if feasible, to confirm the BRAFV600 mutation at progression;&#xD;
&#xD;
          5. Previous adjuvant treatment, including checkpoint inhibitors anti CTLA-4, anti PD-&#xD;
             1/PDL-1 is allowed, except for stage IV (if completed at least 6 months prior to&#xD;
             enrollment, and all related adverse events have either returned to baseline or&#xD;
             stabilized). BRAF inhibitor treatment in adjuvant setting is not permitted;&#xD;
&#xD;
          6. Last previous treatment for metastatic disease MUST BE Anti-PD1 as single agent;&#xD;
&#xD;
          7. Able to swallow and retain oral medication and must not have any clinically&#xD;
             significant gastrointestinal abnormalities that may alter absorption such as&#xD;
             malabsorption syndrome or major resection of the stomach or bowels;&#xD;
&#xD;
          8. Measurable disease by computed tomography (CT) or Magnetic Resonance Imaging (MRI) per&#xD;
             RECIST 1.1 criteria;&#xD;
&#xD;
          9. Eastern Cooperative Oncology Group (ECOG) performance status (PS) 0 to 2 (see Appendix&#xD;
             II);&#xD;
&#xD;
         10. Female subjects of childbearing potential must have a negative pregnancy test result&#xD;
             at baseline and must practice two highly effective methods of contraception for the&#xD;
             duration of the study, EOT, at 30-day and 150-day safety follow up;&#xD;
&#xD;
         11. Sexually active males must agree to use effective contraception methods throughout&#xD;
             treatment and for 150 days after stopping treatment and should not father a child in&#xD;
             this period. A condom is required to be used by vasectomized men as well during&#xD;
             intercourse in order to prevent delivery of the drug via semen;&#xD;
&#xD;
         12. Adequate baseline organ function&#xD;
&#xD;
         13. Life expectancy of at least 3 months;&#xD;
&#xD;
         14. Ability to understand study-related patient information and provision of written&#xD;
             informed consent for participation in the study.&#xD;
&#xD;
        Exclusion Criteria:&#xD;
&#xD;
          1. Symptomatic brain metastases;&#xD;
&#xD;
          2. History of another malignancy, exception: subjects who have been disease-free for 3&#xD;
             years, (i.e. subjects with second malignancies that are indolent or definitively&#xD;
             treated at least 3 years ago) or subjects with a history of completely resected&#xD;
             nonmelanoma skin cancer;&#xD;
&#xD;
          3. A history or current evidence/risk of retinal vein occlusion (RVO) or central serous&#xD;
             retinopathy including:&#xD;
&#xD;
               -  Presence of predisposing factors to RVO or central serous retinopathy (e.g.,&#xD;
                  uncontrolled glaucoma or ocular hypertension, uncontrolled hypertension,&#xD;
                  uncontrolled diabetes mellitus, or a history of hyperviscosity or&#xD;
                  hypercoagulability syndromes); or&#xD;
&#xD;
               -  Visible retinal pathology as assessed by ophthalmic examination that is&#xD;
                  considered a risk factor for RVO or central serous retinopathy such as: i.&#xD;
                  Evidence of new optic disc cupping; ii. Evidence of new visual field defects on&#xD;
                  automated perimetry; iii. Intraocular pressure &gt;21 mmHg as measured by tonometry.&#xD;
&#xD;
          4. A history of clinically significant or active interstitial lung disease or&#xD;
             pneumonitis;&#xD;
&#xD;
          5. Any serious or unstable pre-existing medical conditions (aside from malignancy&#xD;
             exceptions specified above), psychiatric disorders, or other conditions that could&#xD;
             interfere with the subject's safety, obtaining informed consent, or compliance with&#xD;
             study procedures;&#xD;
&#xD;
          6. Known Human Immunodeficiency Virus (HIV), Hepatitis B Virus (HBV), or Hepatitis C&#xD;
             Virus (HCV) infection (subjects with laboratory evidence of cleared HBV and HCV&#xD;
             infection will be permitted);&#xD;
&#xD;
          7. A history or evidence of cardiovascular risk including any of the following:&#xD;
&#xD;
               -  Current LVEF &lt; LLN;&#xD;
&#xD;
               -  A QT interval corrected for heart rate using the Bazett's formula &gt;480 msec;&#xD;
&#xD;
               -  A history or evidence of current clinically significant uncontrolled arrhythmias;&#xD;
                  Exception: Subjects with atrial fibrillation controlled for &gt; 30 days prior to&#xD;
                  enrollment are eligible;&#xD;
&#xD;
               -  A history (within 6 months prior to enrollment) of acute coronary syndromes&#xD;
                  (including myocardial infarction or unstable angina), coronary angioplasty;&#xD;
&#xD;
               -  A history or evidence of current &gt;= Class II congestive heart failure as defined&#xD;
                  by the New York Heart Association (NYHA) guidelines;&#xD;
&#xD;
               -  Treatment refractory hypertension defined as a blood pressure of systolic&gt; 140&#xD;
                  mmHg and/or diastolic &gt; 90 mm Hg which cannot be controlled by antihypertensive&#xD;
                  therapy;&#xD;
&#xD;
               -  Patients with intra-cardiac defibrillators or permanent pacemakers;&#xD;
&#xD;
               -  Known cardiac metastases;&#xD;
&#xD;
               -  Abnormal cardiac valve morphology (&gt; grade 2) documented by echocardiogram&#xD;
                  (subjects with grade 1 abnormalities [i.e., mild regurgitation/stenosis] can be&#xD;
                  entered on study). Subjects with moderate valvular thickening should not be&#xD;
                  entered on study;&#xD;
&#xD;
               -  Uncorrectable electrolyte abnormalities (e.g. hypokalaemia, hypomagnesaemia,&#xD;
                  hypocalcaemia), long QT syndrome or taking medicinal products known to prolong&#xD;
                  the QT interval.&#xD;
&#xD;
          8. Female subjects who are pregnant (positive pregnancy test), breast-feeding, or who are&#xD;
             of childbearing potential and not practicing a reliable method of birth control;&#xD;
&#xD;
          9. Inability to regularly access site facilities for logistical or other reasons;&#xD;
&#xD;
         10. History of poor co-operation, non-compliance with medical treatment, or unreliability;&#xD;
&#xD;
         11. Participation in any interventional drug or medical device study within 30 days prior&#xD;
             to treatment start.&#xD;
      </textblock>
    </criteria>
    <gender>All</gender>
    <minimum_age>18 Years</minimum_age>
    <maximum_age>N/A</maximum_age>
    <healthy_volunteers>No</healthy_volunteers>
  </eligibility>
  <location>
    <facility>
      <name>IRCCS - Istituto Scientifico Romagnolo per la Cura e lo Studio dei Tumori (I.R.S.T) S.r.l.</name>
      <address>
        <city>Meldola</city>
        <state>Forlì-Cesena</state>
        <zip>47014</zip>
        <country>Italy</country>
      </address>
    </facility>
  </location>
  <location>
    <facility>
      <name>Azienda Ospedaliera Nazionale SS. Antonio e Biagio e C. Arrigo</name>
      <address>
        <city>Alessandria</city>
        <country>Italy</country>
      </address>
    </facility>
  </location>
  <location>
    <facility>
      <name>National Institute of Cancer</name>
      <address>
        <city>Bari</city>
        <zip>70124</zip>
        <country>Italy</country>
      </address>
    </facility>
  </location>
  <location>
    <facility>
      <name>Università degli Studi di Bari Aldo Moro</name>
      <address>
        <city>Bari</city>
        <country>Italy</country>
      </address>
    </facility>
  </location>
  <location>
    <facility>
      <name>AOU Sant'Orsola-Malpighi</name>
      <address>
        <city>Bologna</city>
        <country>Italy</country>
      </address>
    </facility>
  </location>
  <location>
    <facility>
      <name>ASST Spedali Civili Brescia</name>
      <address>
        <city>Brescia</city>
        <country>Italy</country>
      </address>
    </facility>
  </location>
  <location>
    <facility>
      <name>Azienda Sanitaria Ospedaliera S. Croce e Carle</name>
      <address>
        <city>Cuneo</city>
        <country>Italy</country>
      </address>
    </facility>
  </location>
  <location>
    <facility>
      <name>IRCCS San Martino - IST</name>
      <address>
        <city>Genova</city>
        <zip>16132</zip>
        <country>Italy</country>
      </address>
    </facility>
  </location>
  <location>
    <facility>
      <name>Fondazione I.R.C.C.S. Istituto Nazionale dei Tumori</name>
      <address>
        <city>Milano</city>
        <zip>20133</zip>
        <country>Italy</country>
      </address>
    </facility>
  </location>
  <location>
    <facility>
      <name>Azienda Ospedaliera Universitaria di Modena</name>
      <address>
        <city>Modena</city>
        <country>Italy</country>
      </address>
    </facility>
  </location>
  <location>
    <facility>
      <name>Istituto Nazionale per lo Studio e la Cura dei Tumori &quot;Fondazione Giovanni Pascale&quot;</name>
      <address>
        <city>Naples</city>
        <zip>80131</zip>
        <country>Italy</country>
      </address>
    </facility>
  </location>
  <location>
    <facility>
      <name>Istituto Oncologico Veneto</name>
      <address>
        <city>Padova</city>
        <zip>35128</zip>
        <country>Italy</country>
      </address>
    </facility>
  </location>
  <location>
    <facility>
      <name>Azienda Ospedaliera Universitaria Policlinico Paolo Giaccone</name>
      <address>
        <city>Palermo</city>
        <country>Italy</country>
      </address>
    </facility>
  </location>
  <location>
    <facility>
      <name>Istituto Nazionale Tumori Regina Elena</name>
      <address>
        <city>Roma</city>
        <zip>00144</zip>
        <country>Italy</country>
      </address>
    </facility>
  </location>
  <location>
    <facility>
      <name>Azienda Ospedaliera Universitaria - Città della Salute e della Scienza di Torino</name>
      <address>
        <city>Torino</city>
        <country>Italy</country>
      </address>
    </facility>
  </location>
  <location>
    <facility>
      <name>Azienda Ospedaliera Universitaria Integrata di Udine</name>
      <address>
        <city>Udine</city>
        <country>Italy</country>
      </address>
    </facility>
  </location>
  <location_countries>
    <country>Italy</country>
  </location_countries>
  <verification_date>September 2023</verification_date>
  <study_first_submitted>February 23, 2022</study_first_submitted>
  <study_first_submitted_qc>March 18, 2022</study_first_submitted_qc>
  <study_first_posted type="Actual">March 29, 2022</study_first_posted>
  <last_update_submitted>September 12, 2023</last_update_submitted>
  <last_update_submitted_qc>September 12, 2023</last_update_submitted_qc>
  <last_update_posted type="Actual">September 14, 2023</last_update_posted>
  <responsible_party>
    <responsible_party_type>Sponsor</responsible_party_type>
  </responsible_party>
  <condition_browse>
    <!-- CAUTION:  The following MeSH terms are assigned with an imperfect algorithm            -->
    <mesh_term>Melanoma</mesh_term>
  </condition_browse>
  <intervention_browse>
    <!-- CAUTION:  The following MeSH terms are assigned with an imperfect algorithm            -->
    <mesh_term>Trametinib</mesh_term>
    <mesh_term>Dabrafenib</mesh_term>
  </intervention_browse>
  <!-- Results have not yet been posted for this study                                          -->
</clinical_study>

