<?xml version="1.0" encoding="UTF-8"?>
<clinical_study rank="275">
  <!-- This xml conforms to an XML Schema at:
    https://clinicaltrials.gov/ct2/html/images/info/public.xsd -->
  <required_header>
    <download_date>ClinicalTrials.gov processed this data on February 06, 2024</download_date>
    <link_text>Link to the current ClinicalTrials.gov record.</link_text>
    <url>https://clinicaltrials.gov/ct2/show/NCT05105100</url>
  </required_header>
  <id_info>
    <org_study_id>21853</org_study_id>
    <nct_id>NCT05105100</nct_id>
  </id_info>
  <brief_title>Peripheral T Cell Determinants of Response and Resistance to Pembrolizumab in Melanoma</brief_title>
  <official_title>Peripheral T Cell Determinants of Response and Resistance to Pembrolizumab in Melanoma</official_title>
  <sponsors>
    <lead_sponsor>
      <agency>University of California, San Francisco</agency>
      <agency_class>Other</agency_class>
    </lead_sponsor>
    <collaborator>
      <agency>Merck Sharp &amp; Dohme LLC</agency>
      <agency_class>Industry</agency_class>
    </collaborator>
  </sponsors>
  <source>University of California, San Francisco</source>
  <oversight_info>
    <has_dmc>No</has_dmc>
    <is_fda_regulated_drug>No</is_fda_regulated_drug>
    <is_fda_regulated_device>No</is_fda_regulated_device>
  </oversight_info>
  <brief_summary>
    <textblock>
      This is a non-therapeutic study assessing peripheral T cell determinants of response and&#xD;
      resistance to immunotherapy in patients with advanced melanoma.The hypothesis is that&#xD;
      systemic T cells traffic into the tumor microenvironment (TME) can predict response and&#xD;
      resistance to immunotherapy. These systemic tumor directed T cells can be defined by&#xD;
      tumor/blood small conditional RNA (scRNA) using T cell receptor (TCR) as a barcode and can&#xD;
      help predict response to PD-1 therapy.&#xD;
    </textblock>
  </brief_summary>
  <detailed_description>
    <textblock>
      Primary Objective:&#xD;
&#xD;
      To understand how the systemic immune profile (T cell activation and expansion in TME)&#xD;
      changes in response to pembrolizumab therapy in patients with advanced melanoma on&#xD;
      pembrolizumab monotherapy.&#xD;
&#xD;
      Exploratory Objectives :&#xD;
&#xD;
      I. To correlate the peripheral T cell profiles with the objective response rate (ORR) at 24&#xD;
      weeks in patients with advanced melanoma on pembrolizumab monotherapy.&#xD;
&#xD;
      II. To correlate the peripheral T cell profiles with progression free survival (PFS) in&#xD;
      patients with advanced melanoma on pembrolizumab monotherapy.&#xD;
&#xD;
      III. To correlate the peripheral T cell profiles with overall survival (OS) in patients with&#xD;
      advanced melanoma on pembrolizumab monotherapy.&#xD;
&#xD;
      IV. To correlate the peripheral T cell profiles with toxicity profile. V. Transcriptional and&#xD;
      phenotypic features of tumor directed T cells in blood using a combination of phenotypic&#xD;
      markers derived from COMET and cite-seq.&#xD;
&#xD;
      Patients will be followed for 6 months from time of treatment initiation. After 6 months,&#xD;
      patients do not need to be followed but standard of care scans and survival status can be&#xD;
      assessed for up to 5 years.&#xD;
    </textblock>
  </detailed_description>
  <overall_status>Recruiting</overall_status>
  <start_date type="Actual">October 29, 2021</start_date>
  <completion_date type="Anticipated">August 28, 2026</completion_date>
  <primary_completion_date type="Anticipated">August 28, 2026</primary_completion_date>
  <study_type>Observational</study_type>
  <has_expanded_access>No</has_expanded_access>
  <study_design_info>
    <observational_model>Cohort</observational_model>
    <time_perspective>Prospective</time_perspective>
  </study_design_info>
  <primary_outcome>
    <measure>Number of genes predictive of response at Baseline</measure>
    <time_frame>Baseline</time_frame>
    <description>The investigators will identify the genes predictive of response to anti-PD-1 therapy by testing for significant associations across expression rates of each gene and response/resistance, within a hurdle-Gaussian mixed-effect framework that accounts for variance across patients and technical noise present in single-cell data.</description>
  </primary_outcome>
  <primary_outcome>
    <measure>Number of genes predictive of response at 24 weeks</measure>
    <time_frame>24 weeks</time_frame>
    <description>The investigators will identify the genes predictive of response to anti-PD-1 therapy by testing for significant associations across expression rates of each gene and response/resistance, within a hurdle-Gaussian mixed-effect framework that accounts for variance across patients and technical noise present in single-cell data.</description>
  </primary_outcome>
  <primary_outcome>
    <measure>Number of T-cell sub-populations</measure>
    <time_frame>Baseline and 24 weeks</time_frame>
    <description>The investigators will identify T cell sub-populations in the tumor-directed component in blood whose relative frequency is indicative of response to anti-PD-1 therapy, using a negative binomial regression model. We will test for predictive differences in relative frequencies before and after treatment initiation separately, as well as when combining both time points with appropriate interaction terms</description>
  </primary_outcome>
  <primary_outcome>
    <measure>Proportion of participants with a change in clonal expansion of T cells associated with response to anti-PD-1 therapy</measure>
    <time_frame>24 weeks</time_frame>
    <description>The investigators will build a novel computational framework to identify T-cell clonal behavior associated with response to anti-PD-1 therapy using profiling of TCR sequences at single-cell resolution to compare clonal expansion in each of the sub-populations for their association with response to anti-PD-1 therapy.</description>
  </primary_outcome>
  <primary_outcome>
    <measure>Proportion of participants with a change in distribution of T cells associated with response to anti-PD-1 therapy</measure>
    <time_frame>24 weeks</time_frame>
    <description>The investigators will build a novel computational framework to identify T-cell clonal behavior associated with response to anti-PD-1 therapy using profiling of TCR sequences at single-cell resolution to compare distribution of T cells in each of the sub-populations for their association with response to anti-PD-1 therapy.</description>
  </primary_outcome>
  <primary_outcome>
    <measure>Number of transcriptional migration events</measure>
    <time_frame>24 weeks</time_frame>
    <description>The investigators will search for &quot;transcriptional migration&quot; events, in which T cell clones change their transcriptional profile following treatment and will assess the predictive power of such events to the success of anti-PD-1 therapy.</description>
  </primary_outcome>
  <number_of_groups>1</number_of_groups>
  <enrollment type="Anticipated">25</enrollment>
  <condition>Melanoma</condition>
  <condition>Advanced Melanoma</condition>
  <arm_group>
    <arm_group_label>Participants with Melanoma</arm_group_label>
    <description>Participants will undergo a pre-treatment tumor core biopsy and Peripheral blood mononuclear cell (PBMC) collection. Then, patients will be started on pembrolizumab per standard of care and PBMCs will be collected every 3 weeks (1 cycle)</description>
  </arm_group>
  <intervention>
    <intervention_type>Procedure</intervention_type>
    <intervention_name>Biopsy</intervention_name>
    <description>Tumor tissue collection</description>
    <arm_group_label>Participants with Melanoma</arm_group_label>
    <other_name>Excisional Biopsy</other_name>
  </intervention>
  <intervention>
    <intervention_type>Procedure</intervention_type>
    <intervention_name>Biospecimen Collection</intervention_name>
    <description>Intravenously Blood draw</description>
    <arm_group_label>Participants with Melanoma</arm_group_label>
    <other_name>Specimen Collection</other_name>
  </intervention>
  <biospec_retention>Samples With DNA</biospec_retention>
  <biospec_descr>
    <textblock>
      Tumor tissue and blood samples&#xD;
    </textblock>
  </biospec_descr>
  <eligibility>
    <study_pop>
      <textblock>
        Participants will be recruited from the Melanoma and Cutaneous Oncology Program at the&#xD;
        Helen Diller Family Comprehensive Cancer Center at University of California San Francisco.&#xD;
      </textblock>
    </study_pop>
    <sampling_method>Probability Sample</sampling_method>
    <criteria>
      <textblock>
        Inclusion Criteria:&#xD;
&#xD;
          1. Patients must have histologically confirmed locally advanced or metastatic melanoma&#xD;
             and be starting on standard of care pembrolizumab monotherapy. Patients may have&#xD;
             received any or no prior anti-cancer therapy without limitation.&#xD;
&#xD;
          2. Must have one or more sites of disease amenable to biopsy (tumor, skin, lymph node,&#xD;
             pleural fluid, peritoneal fluid, cerebral spinal fluid (CSF)).&#xD;
&#xD;
          3. Have measurable disease based on Response Evaluation Criteria in Solid Tumors (RECIST)&#xD;
             version 1.1. Lesions situated in a previously irradiated area are considered&#xD;
             measurable if progression has been demonstrated in such lesions.&#xD;
&#xD;
          4. Participants must be age 18 years or older on the day of signing informed consent.&#xD;
&#xD;
          5. Have the ability to provide written informed consent for the trial.&#xD;
&#xD;
          6. Be able and willing to comply with study procedures including provision of basic&#xD;
             demographic information and medical history.&#xD;
&#xD;
          7. Be willing to receive periodic follow up phone calls to monitor health status and&#xD;
             survival status.&#xD;
&#xD;
        Exclusion Criteria:&#xD;
&#xD;
          1. Has received prior therapy with an anti-PD-1, anti-PD-L1, or anti PD L2 agent or with&#xD;
             an agent directed to another stimulatory or co-inhibitory T-cell receptor (e.g.,&#xD;
             cytotoxic T-lymphocyte-associated protein 4 (CTLA-4), OX 40, Cluster of&#xD;
             Differentiation 137 (CD137)).&#xD;
&#xD;
          2. Has received prior systemic anti-cancer therapy including investigational agents&#xD;
             within the prior 2 weeks.&#xD;
&#xD;
          3. Has a diagnosis of immunodeficiency or is receiving chronic systemic steroid therapy&#xD;
             (in dosing exceeding 10 mg daily of prednisone equivalent) or any other form of&#xD;
             immunosuppressive therapy within 7 days prior to the first dose of study drug.&#xD;
&#xD;
          4. Has a contraindication to tissue biopsy for minimally-invasive research-procedure&#xD;
&#xD;
          5. Contraindication to phlebotomy (up to 20 milliliters (mL)) per phlebotomy every three&#xD;
             weeks).&#xD;
      </textblock>
    </criteria>
    <gender>All</gender>
    <minimum_age>18 Years</minimum_age>
    <maximum_age>N/A</maximum_age>
    <healthy_volunteers>No</healthy_volunteers>
  </eligibility>
  <overall_official>
    <last_name>Adil Daud, MD</last_name>
    <role>Principal Investigator</role>
    <affiliation>University of California, San Francisco</affiliation>
  </overall_official>
  <overall_contact>
    <last_name>Sonia Contreras Martinez</last_name>
    <phone>(415) 514-6427</phone>
    <email>sonia.contrerasmartinez@ucsf.edu</email>
  </overall_contact>
  <location>
    <facility>
      <name>University of California, San Francisco</name>
      <address>
        <city>San Francisco</city>
        <state>California</state>
        <zip>94143</zip>
        <country>United States</country>
      </address>
    </facility>
    <status>Recruiting</status>
    <contact>
      <last_name>Sonia Contreras Martinez</last_name>
      <phone>415-514-6427</phone>
      <email>sonia.contrerasmartinez@ucsf.edu</email>
    </contact>
    <contact_backup>
      <phone>877-827-3222</phone>
      <email>cancertrials@ucsf.edu</email>
    </contact_backup>
    <investigator>
      <last_name>Adil Daud, MD</last_name>
      <role>Principal Investigator</role>
    </investigator>
    <investigator>
      <last_name>Laura Huppert, MD</last_name>
      <role>Sub-Investigator</role>
    </investigator>
  </location>
  <location_countries>
    <country>United States</country>
  </location_countries>
  <verification_date>November 2023</verification_date>
  <study_first_submitted>October 12, 2021</study_first_submitted>
  <study_first_submitted_qc>October 25, 2021</study_first_submitted_qc>
  <study_first_posted type="Actual">November 3, 2021</study_first_posted>
  <last_update_submitted>November 22, 2023</last_update_submitted>
  <last_update_submitted_qc>November 22, 2023</last_update_submitted_qc>
  <last_update_posted type="Actual">November 24, 2023</last_update_posted>
  <responsible_party>
    <responsible_party_type>Sponsor</responsible_party_type>
  </responsible_party>
  <keyword>Peripheral T Cell</keyword>
  <keyword>Pembrolizumab</keyword>
  <condition_browse>
    <!-- CAUTION:  The following MeSH terms are assigned with an imperfect algorithm            -->
    <mesh_term>Melanoma</mesh_term>
  </condition_browse>
  <patient_data>
    <sharing_ipd>No</sharing_ipd>
  </patient_data>
  <!-- Results have not yet been posted for this study                                          -->
</clinical_study>

