<?xml version="1.0" encoding="UTF-8"?>
<clinical_study rank="230">
  <!-- This xml conforms to an XML Schema at:
    https://clinicaltrials.gov/ct2/html/images/info/public.xsd -->
  <required_header>
    <download_date>ClinicalTrials.gov processed this data on February 06, 2024</download_date>
    <link_text>Link to the current ClinicalTrials.gov record.</link_text>
    <url>https://clinicaltrials.gov/ct2/show/NCT01278940</url>
  </required_header>
  <id_info>
    <org_study_id>DC malignant melanoma</org_study_id>
    <nct_id>NCT01278940</nct_id>
  </id_info>
  <brief_title>Trial of Vaccine Therapy With mRNA- Transfected Dendritic Cells in Patients With Advanced Malignant Melanoma</brief_title>
  <official_title>Phase I/II Trial of Vaccine Therapy With mRNA- Transfected Dendritic Cells in Patients With Advanced Malignant Melanoma</official_title>
  <sponsors>
    <lead_sponsor>
      <agency>Oslo University Hospital</agency>
      <agency_class>Other</agency_class>
    </lead_sponsor>
  </sponsors>
  <source>Oslo University Hospital</source>
  <oversight_info>
    <has_dmc>No</has_dmc>
  </oversight_info>
  <brief_summary>
    <textblock>
      PRIMARY OBJECTIVES: Determination of safety and toxicity of vaccination with patients' tumour&#xD;
      mRNA transfected DCs .&#xD;
&#xD;
      SECONDARY OBJECTIVES:Determine immunological response to the vaccine (induction of specific&#xD;
      T-cell response) and assessment of tumour response&#xD;
    </textblock>
  </brief_summary>
  <overall_status>Completed</overall_status>
  <start_date>March 2002</start_date>
  <completion_date type="Actual">December 2015</completion_date>
  <primary_completion_date type="Actual">February 2006</primary_completion_date>
  <phase>Phase 1/Phase 2</phase>
  <study_type>Interventional</study_type>
  <has_expanded_access>No</has_expanded_access>
  <study_design_info>
    <allocation>Non-Randomized</allocation>
    <intervention_model>Parallel Assignment</intervention_model>
    <primary_purpose>Treatment</primary_purpose>
    <masking>None (Open Label)</masking>
  </study_design_info>
  <primary_outcome>
    <measure>Determination of safety and toxicity of vaccination with patients' tumour mRNA transfected DCs</measure>
    <time_frame>Patients are coming every week during 6 weeks.</time_frame>
    <description>Biochemistry and hematology results, vital signs and ECOG performance status are measured at those timepoints.</description>
  </primary_outcome>
  <secondary_outcome>
    <measure>Determine immunological response to the vaccine (induction of specific T-cell response)</measure>
    <time_frame>6 weeks and 3 months after study start</time_frame>
  </secondary_outcome>
  <secondary_outcome>
    <measure>Assessment of tumour response.</measure>
    <time_frame>3 months after study start</time_frame>
    <description>CT-scan</description>
  </secondary_outcome>
  <number_of_arms>2</number_of_arms>
  <enrollment type="Actual">31</enrollment>
  <condition>Malignant Melanoma</condition>
  <arm_group>
    <arm_group_label>Dendritic Cells (DC) malignant melanoma</arm_group_label>
    <arm_group_type>Experimental</arm_group_type>
    <description>22 patients were included in this arm.</description>
  </arm_group>
  <arm_group>
    <arm_group_label>DC vaccine plus IL-2</arm_group_label>
    <arm_group_type>Experimental</arm_group_type>
    <description>To improve the efficacy of the DC vaccine, IL-2 was administrated at the vaccination site through direct lymph node injection. 9 patients were included in this arm.</description>
  </arm_group>
  <intervention>
    <intervention_type>Biological</intervention_type>
    <intervention_name>Dendritic Cells (DC) malignant melanoma</intervention_name>
    <description>The patients were assigned to intradermal or intranodal DC vaccination</description>
    <arm_group_label>DC vaccine plus IL-2</arm_group_label>
    <arm_group_label>Dendritic Cells (DC) malignant melanoma</arm_group_label>
  </intervention>
  <intervention>
    <intervention_type>Procedure</intervention_type>
    <intervention_name>IL-2</intervention_name>
    <description>IL-2 were administrated by intranodal injection</description>
    <arm_group_label>DC vaccine plus IL-2</arm_group_label>
  </intervention>
  <eligibility>
    <criteria>
      <textblock>
        Inclusion Criteria:&#xD;
&#xD;
          -  Accessible tumour tissue for vaccine production (extraction of tumour mRNA)&#xD;
             i.e.subcutaneous or lymph node metastases.&#xD;
&#xD;
          -  Must be at least 18 years of age.&#xD;
&#xD;
          -  Must have histologically confirmed advanced, metastatic cutaneous melanoma no longer&#xD;
             amenable for surgery.&#xD;
&#xD;
          -  Must have evidence of disease progression and measurable or evaluable metastases&#xD;
&#xD;
          -  Must be ambulatory with a ECOG performance score of &lt;2&#xD;
&#xD;
          -  Must have lab.values as following :&#xD;
&#xD;
        ANC &gt; 1.5 x 109/L; platelets &gt; 100 x 109/L, Hb &gt; 9g/dL (&gt; 5.6 mmol/L). Creatinine &lt; 140&#xD;
        µmol/L (1.6 mg/dL); if borderline, the creatinine clearance &gt; 40 mL/min, Bilirubin &lt; 20%&#xD;
        above the upper limit of normal, ASAT and ALAT &lt; 2.5 the upper limit of normal. Albumin &gt;&#xD;
        2.5 g/L.&#xD;
&#xD;
          -  Prior radiotherapy: A minimum of 4 weeks (8 weeks in case of extensive radiotherapy)&#xD;
             must have elapsed between the end of the prior radiotherapy and entry into the&#xD;
             protocol.&#xD;
&#xD;
          -  Prior chemotherapy: A minimum 4 weeks must have elapsed between the end of the prior&#xD;
             chemotherapy and entry into the protocol.&#xD;
&#xD;
          -  Signed informed consent of the patients for the treatment and follow up must be&#xD;
             obtained and documented according to the ICH-GCP Guidelines.&#xD;
&#xD;
        Exclusion Criteria:&#xD;
&#xD;
          -  History of prior malignancy other than melanoma, with the exception of curatively&#xD;
             treated basal cell or squamous cell carcinoma of the skin and ca. cervix stage 1B.&#xD;
&#xD;
          -  Active infection requiring antibiotic therapy.&#xD;
&#xD;
          -  Significant cardiac or other medical illness that would limit activity or survival,&#xD;
             such as severe congestive heart failure, unstable angina, or serious cardiac&#xD;
             arrhythmia.&#xD;
&#xD;
          -  Autoimmune disease currently treated with steroids.&#xD;
&#xD;
          -  Adverse reactions to vaccines such as anaphylaxis or other serious reactions.&#xD;
&#xD;
          -  History of immunodeficiency or autoimmune disease such as rheumatoid arthritis,&#xD;
             systemic lupus erythematosus, scleroderma, polymyositis-dermatomyositis, juvenile&#xD;
             onset insulin dependent diabetes, or a vasculitic syndrome.&#xD;
&#xD;
          -  Chemotherapy or other potentially immune-suppressive therapy that has been&#xD;
             administered within 4 weeks prior to vaccination.&#xD;
&#xD;
          -  Pregnancy or lactation.&#xD;
&#xD;
          -  Any reason why, in the opinion of the investigator, the patient should not&#xD;
             participate.&#xD;
      </textblock>
    </criteria>
    <gender>All</gender>
    <minimum_age>18 Years</minimum_age>
    <maximum_age>N/A</maximum_age>
    <healthy_volunteers>No</healthy_volunteers>
  </eligibility>
  <overall_official>
    <last_name>Steinar Aamdal, M.D PhD Prof</last_name>
    <role>Principal Investigator</role>
    <affiliation>Oslo University Hospital - Norwegian Radium Hospital</affiliation>
  </overall_official>
  <results_reference>
    <citation>Kyte JA, Mu L, Aamdal S, Kvalheim G, Dueland S, Hauser M, Gullestad HP, Ryder T, Lislerud K, Hammerstad H, Gaudernack G. Phase I/II trial of melanoma therapy with dendritic cells transfected with autologous tumor-mRNA. Cancer Gene Ther. 2006 Oct;13(10):905-18. doi: 10.1038/sj.cgt.7700961. Epub 2006 May 5.</citation>
    <PMID>16710345</PMID>
  </results_reference>
  <results_reference>
    <citation>Kyte JA, Kvalheim G, Lislerud K, thor Straten P, Dueland S, Aamdal S, Gaudernack G. T cell responses in melanoma patients after vaccination with tumor-mRNA transfected dendritic cells. Cancer Immunol Immunother. 2007 May;56(5):659-75. doi: 10.1007/s00262-006-0222-y. Epub 2006 Sep 1.</citation>
    <PMID>16947019</PMID>
  </results_reference>
  <verification_date>August 2016</verification_date>
  <study_first_submitted>January 17, 2011</study_first_submitted>
  <study_first_submitted_qc>January 18, 2011</study_first_submitted_qc>
  <study_first_posted type="Estimate">January 19, 2011</study_first_posted>
  <last_update_submitted>August 12, 2016</last_update_submitted>
  <last_update_submitted_qc>August 12, 2016</last_update_submitted_qc>
  <last_update_posted type="Estimate">August 15, 2016</last_update_posted>
  <responsible_party>
    <responsible_party_type>Principal Investigator</responsible_party_type>
    <investigator_affiliation>Oslo University Hospital</investigator_affiliation>
    <investigator_full_name>Svein Dueland</investigator_full_name>
    <investigator_title>MD, PhD</investigator_title>
  </responsible_party>
  <condition_browse>
    <!-- CAUTION:  The following MeSH terms are assigned with an imperfect algorithm            -->
    <mesh_term>Melanoma</mesh_term>
  </condition_browse>
  <!-- Results have not yet been posted for this study                                          -->
</clinical_study>

