<?xml version="1.0" encoding="UTF-8"?>
<clinical_study rank="76">
  <!-- This xml conforms to an XML Schema at:
    https://clinicaltrials.gov/ct2/html/images/info/public.xsd -->
  <required_header>
    <download_date>ClinicalTrials.gov processed this data on February 06, 2024</download_date>
    <link_text>Link to the current ClinicalTrials.gov record.</link_text>
    <url>https://clinicaltrials.gov/ct2/show/NCT06093594</url>
  </required_header>
  <id_info>
    <org_study_id>74815433</org_study_id>
    <nct_id>NCT06093594</nct_id>
  </id_info>
  <brief_title>Investigating Participation Patterns Among Stage IV Melanoma Patients</brief_title>
  <official_title>Understanding Patient Engagement Trends in Stage IV Melanoma Clinical Trials</official_title>
  <sponsors>
    <lead_sponsor>
      <agency>Power Life Sciences Inc.</agency>
      <agency_class>Industry</agency_class>
    </lead_sponsor>
  </sponsors>
  <source>Power Life Sciences Inc.</source>
  <oversight_info>
    <is_fda_regulated_drug>No</is_fda_regulated_drug>
    <is_fda_regulated_device>No</is_fda_regulated_device>
  </oversight_info>
  <brief_summary>
    <textblock>
      Clinical trials, specifically focused on stage IV melanoma, are crucial in assessing the&#xD;
      safety and efficacy of new treatments for this disease. These trials serve as fundamental&#xD;
      instruments in determining whether emerging medications outperform standard therapies,&#xD;
      providing compelling evidence to support wider implementation.&#xD;
&#xD;
      The main goal is to thoroughly scrutinize trial completion rates and voluntary withdrawals&#xD;
      among this particular group of patients.&#xD;
    </textblock>
  </brief_summary>
  <overall_status>Not yet recruiting</overall_status>
  <start_date type="Anticipated">November 2024</start_date>
  <completion_date type="Anticipated">November 2026</completion_date>
  <primary_completion_date type="Anticipated">November 2025</primary_completion_date>
  <study_type>Observational</study_type>
  <has_expanded_access>No</has_expanded_access>
  <study_design_info>
    <observational_model>Case-Crossover</observational_model>
    <time_perspective>Prospective</time_perspective>
  </study_design_info>
  <primary_outcome>
    <measure>Number of stage IV melanoma patients who decide to enroll in a clinical research</measure>
    <time_frame>3 months</time_frame>
  </primary_outcome>
  <primary_outcome>
    <measure>Rate of stage IV melanoma patients who remain in clinical trial to trial completion</measure>
    <time_frame>12 months</time_frame>
  </primary_outcome>
  <enrollment type="Anticipated">500</enrollment>
  <condition>Stage IV Melanoma</condition>
  <eligibility>
    <study_pop>
      <textblock>
        Patients with stage IV melanoma who are actively considering enrolling in a clinical study&#xD;
        for said condition, but have not yet completed enrollment and randomization.&#xD;
      </textblock>
    </study_pop>
    <sampling_method>Probability Sample</sampling_method>
    <criteria>
      <textblock>
        Inclusion Criteria:&#xD;
&#xD;
          -  Aged ≥ 18 years old&#xD;
&#xD;
          -  Diagnosis of stage IV melanoma&#xD;
&#xD;
          -  Able to comprehend the investigational nature of the protocol and provide informed&#xD;
             consent&#xD;
&#xD;
        Exclusion Criteria:&#xD;
&#xD;
          -  Female patients who are currently pregnant or nursing&#xD;
&#xD;
          -  Has known psychiatric or substance abuse disorders that would interfere with&#xD;
             cooperation with the requirements of the trial.&#xD;
&#xD;
          -  Inability to perform regular electronic reporting&#xD;
      </textblock>
    </criteria>
    <gender>All</gender>
    <minimum_age>18 Years</minimum_age>
    <maximum_age>N/A</maximum_age>
    <healthy_volunteers>No</healthy_volunteers>
  </eligibility>
  <overall_official>
    <last_name>Michael B Gill</last_name>
    <role>Study Director</role>
    <affiliation>Power Life Sciences Inc.</affiliation>
  </overall_official>
  <overall_contact>
    <last_name>Michael B Gill</last_name>
    <phone>415-900-4227</phone>
    <email>bask@withpower.com</email>
  </overall_contact>
  <location>
    <facility>
      <name>Power Life Sciences</name>
      <address>
        <city>San Francisco</city>
        <state>California</state>
        <zip>94107</zip>
        <country>United States</country>
      </address>
    </facility>
    <contact>
      <last_name>Michael B Gill</last_name>
      <phone>415-900-4227</phone>
      <email>https://www.withpower.com/contact-us@withpower.com</email>
    </contact>
  </location>
  <location_countries>
    <country>United States</country>
  </location_countries>
  <reference>
    <citation>Scott JF, Conic RZ, Thompson CL, Gerstenblith MR, Bordeaux JS. Stage IV melanoma of unknown primary: A population-based study in the United States from 1973 to 2014. J Am Acad Dermatol. 2018 Aug;79(2):258-265.e4. doi: 10.1016/j.jaad.2018.03.021. Epub 2018 Mar 23.</citation>
    <PMID>29580859</PMID>
  </reference>
  <reference>
    <citation>Wevers KP, Hoekstra HJ. Stage IV melanoma: completely resectable patients are scarce. Ann Surg Oncol. 2013 Jul;20(7):2352-6. doi: 10.1245/s10434-013-2881-1. Epub 2013 Feb 8.</citation>
    <PMID>23392854</PMID>
  </reference>
  <reference>
    <citation>Luen S, Wong SW, Mar V, Kelly JW, McLean C, McArthur GA, Haydon A. Primary Tumor Thickness is a Prognostic Factor in Stage IV Melanoma: A Retrospective Study of Primary Tumor Characteristics. Am J Clin Oncol. 2018 Jan;41(1):90-94. doi: 10.1097/COC.0000000000000226.</citation>
    <PMID>26325493</PMID>
  </reference>
  <verification_date>October 2023</verification_date>
  <study_first_submitted>October 16, 2023</study_first_submitted>
  <study_first_submitted_qc>October 16, 2023</study_first_submitted_qc>
  <study_first_posted type="Actual">October 23, 2023</study_first_posted>
  <last_update_submitted>October 16, 2023</last_update_submitted>
  <last_update_submitted_qc>October 16, 2023</last_update_submitted_qc>
  <last_update_posted type="Actual">October 23, 2023</last_update_posted>
  <responsible_party>
    <responsible_party_type>Sponsor</responsible_party_type>
  </responsible_party>
  <keyword>Stage IV Melanoma</keyword>
  <condition_browse>
    <!-- CAUTION:  The following MeSH terms are assigned with an imperfect algorithm            -->
    <mesh_term>Melanoma</mesh_term>
  </condition_browse>
  <patient_data>
    <sharing_ipd>Undecided</sharing_ipd>
  </patient_data>
  <provided_document_section>
    <provided_document>
      <document_type>Informed Consent Form</document_type>
      <document_has_protocol>No</document_has_protocol>
      <document_has_icf>Yes</document_has_icf>
      <document_has_sap>No</document_has_sap>
      <document_date>October 15, 2023</document_date>
      <document_url>https://ClinicalTrials.gov/ProvidedDocs/94/NCT06093594/ICF_000.pdf</document_url>
    </provided_document>
  </provided_document_section>
  <!-- Results have not yet been posted for this study                                          -->
</clinical_study>

