<?xml version="1.0" encoding="UTF-8"?>
<clinical_study rank="411">
  <!-- This xml conforms to an XML Schema at:
    https://clinicaltrials.gov/ct2/html/images/info/public.xsd -->
  <required_header>
    <download_date>ClinicalTrials.gov processed this data on February 06, 2024</download_date>
    <link_text>Link to the current ClinicalTrials.gov record.</link_text>
    <url>https://clinicaltrials.gov/ct2/show/NCT05542342</url>
  </required_header>
  <id_info>
    <org_study_id>GEM2101</org_study_id>
    <secondary_id>2021-002474-99</secondary_id>
    <nct_id>NCT05542342</nct_id>
  </id_info>
  <brief_title>Sitravatinib and Tislelizumab in Patients With Metastatic Uveal Melanoma With Liver Metastases.</brief_title>
  <acronym>SITISVEAL</acronym>
  <official_title>Phase II, Open-Label Study of Preliminary Efficacy of Sitravatinib in Combination With Tislelizumab in Patients With Metastatic Uveal Melanoma With Liver Metastases.</official_title>
  <sponsors>
    <lead_sponsor>
      <agency>Grupo Español Multidisciplinar de Melanoma</agency>
      <agency_class>Other</agency_class>
    </lead_sponsor>
    <collaborator>
      <agency>Mirati Therapeutics Inc.</agency>
      <agency_class>Industry</agency_class>
    </collaborator>
    <collaborator>
      <agency>BeiGene</agency>
      <agency_class>Industry</agency_class>
    </collaborator>
  </sponsors>
  <source>Grupo Español Multidisciplinar de Melanoma</source>
  <oversight_info>
    <has_dmc>No</has_dmc>
    <is_fda_regulated_drug>No</is_fda_regulated_drug>
    <is_fda_regulated_device>No</is_fda_regulated_device>
  </oversight_info>
  <brief_summary>
    <textblock>
      SITISVEAL stablish the hypothesis that treatment with Tislelizumab + Sitravatinib will&#xD;
      increase the Objective Response Rate in patients with Metastatic Uveal Melanoma (mUM) with&#xD;
      liver metastases, compared with the current standard of care.&#xD;
&#xD;
      This is a non-randomized, single arm, multicenter, phase II study of Sitravatinib in&#xD;
      combination with Tislelizumab in subjects with metastatic uveal melanoma and liver&#xD;
      metastases. After informed consent is obtained, subjects will enter in the Screening phase to&#xD;
      assess eligibility criteria and perform a mandatory tumor biopsy. Upon meeting criteria,&#xD;
      eligible subjects will be entered into the Treatment phase. Patients will receive&#xD;
      Sitravatinib 100 mg orally once daily in combination with tislelizumab 200 mg IV once every 3&#xD;
      weeks until progression of disease, unacceptable toxicity, death, or consent withdrawal,&#xD;
      whichever occurs first. Treatment may be continued after progression according to physician&#xD;
      criteria (with previous consultation with Coordinating investigator) until patients no longer&#xD;
      receive clinical benefit.&#xD;
    </textblock>
  </brief_summary>
  <overall_status>Recruiting</overall_status>
  <start_date type="Actual">September 23, 2022</start_date>
  <completion_date type="Anticipated">August 2024</completion_date>
  <primary_completion_date type="Anticipated">March 2024</primary_completion_date>
  <phase>Phase 2</phase>
  <study_type>Interventional</study_type>
  <has_expanded_access>No</has_expanded_access>
  <study_design_info>
    <allocation>N/A</allocation>
    <intervention_model>Single Group Assignment</intervention_model>
    <primary_purpose>Treatment</primary_purpose>
    <masking>None (Open Label)</masking>
  </study_design_info>
  <primary_outcome>
    <measure>Objective Response rate (ORR)</measure>
    <time_frame>Throughout the study period, approximately 1 year per patient</time_frame>
    <description>ORR is defined as the proportion of patients with at least one visit response of complete response (CR) or partial response (PR) that is confirmed at least 4 weeks later according to Response evaluation criteria in solid tumors (RECIST) version 1.1 criteria.</description>
  </primary_outcome>
  <secondary_outcome>
    <measure>Progression Free Survival (PFS)</measure>
    <time_frame>Throughout the study period, approximately 1 year per patient</time_frame>
    <description>For this protocol, PFS is defined as the time from the first dose of study treatment until objective tumor progression according to RECIST 1.1 criteria or death, whichever occurs first.</description>
  </secondary_outcome>
  <secondary_outcome>
    <measure>Overall survival (OS)</measure>
    <time_frame>Throughout the study period, approximately 1 year per patient</time_frame>
    <description>Overall Survival is defined as the time from the first dose of study treatment until death from any cause. Those patients that do not present a death event or are lost to follow up will be censored at the date of the last contact.</description>
  </secondary_outcome>
  <secondary_outcome>
    <measure>Frequency of Adverse Reactions</measure>
    <time_frame>Throughout the study period, approximately 1 year per patient</time_frame>
    <description>Percentage of patients who experienced an adverse reaction</description>
  </secondary_outcome>
  <number_of_arms>1</number_of_arms>
  <enrollment type="Anticipated">34</enrollment>
  <condition>Uveal Melanoma</condition>
  <arm_group>
    <arm_group_label>Experimental arm</arm_group_label>
    <arm_group_type>Experimental</arm_group_type>
    <description>Patients will receive Sitravatinib 100 mg orally once daily in combination with tislelizumab 200 mg IV once every 3 weeks until progression of disease, unacceptable toxicity, death, or consent withdrawal, whichever occurs first. Treatment may be continued after progression according to physician criteria (with previous consultation with Coordinating investigator) until patients no longer receive clinical benefit.</description>
  </arm_group>
  <intervention>
    <intervention_type>Drug</intervention_type>
    <intervention_name>Tislelizumab</intervention_name>
    <description>200 mg IV once every 3 weeks</description>
    <arm_group_label>Experimental arm</arm_group_label>
  </intervention>
  <intervention>
    <intervention_type>Drug</intervention_type>
    <intervention_name>Sitravatinib Malate</intervention_name>
    <description>100 mg orally once daily</description>
    <arm_group_label>Experimental arm</arm_group_label>
  </intervention>
  <eligibility>
    <criteria>
      <textblock>
        Inclusion Criteria:&#xD;
&#xD;
          1. Patients must have histologically confirmed metastatic uveal melanoma with measurable&#xD;
             disease not eligible for curative therapy.&#xD;
&#xD;
          2. Participants must have measurable disease, defined as at least one lesion that can be&#xD;
             accurately measured in at least one dimension (longest diameter to be recorded for&#xD;
             non-nodal lesions and short axis for nodal lesions) as ≥20 mm with conventional&#xD;
             techniques or as ≥10 mm with spiral CT scan, MRI, or calipers by clinical exam.&#xD;
             Patients must have at least 1 biopsiable liver metastasis.&#xD;
&#xD;
          3. Patients who are human leucocites antigen (HLA)-A02:01 positive can have received one&#xD;
             prior therapy with Tebentafusp for metastatic disease.&#xD;
&#xD;
          4. Patients must be 18 years of age or older at time of study entry.&#xD;
&#xD;
          5. Eastern Cooperative Oncology Group (ECOG) Performance Status 0-1.&#xD;
&#xD;
          6. Capable of giving signed informed consent which includes compliance with the&#xD;
             requirements and restrictions listed in the informed consent form (ICF) and in this&#xD;
             protocol. Written informed consent and any locally required authorization obtained&#xD;
             from the patient/legal representative prior to performing any protocol-related&#xD;
             procedures, including screening evaluations not performed according to normal&#xD;
             practice. Patients must consent for liver metastasis biopsies donation at day 0 and&#xD;
             day +42 since treatment initiation.&#xD;
&#xD;
          7. Adequate normal organ and marrow function as defined below:&#xD;
&#xD;
             a) Haemoglobin ≥9.0 g/dL b) Absolute neutrophil count (ANC) &gt;1.5 x 109/L (&gt; 1500 per&#xD;
             mm3) c) Platelet count ≥ 100 x 109/L (&gt;75,000 per mm3) d) Serum bilirubin ≤1.5 x&#xD;
             institutional upper limit of normal (ULN). This will not apply to patients with&#xD;
             confirmed Gilbert's syndrome (persistent or recurrent hyperbilirubinemia that is&#xD;
             predominantly unconjugated in the absence of hemolysis or hepatic pathology), who will&#xD;
             be allowed only in consultation with Coordinating Investigator e) Both aspartate&#xD;
             aminotrnsferase (AST) and alanine aminotransferase (ALT) must be &lt; 5 x ULN.&#xD;
&#xD;
             f) Creatinine clearance ⩾40 ml/min calculated by Cockcroft-Gault or another validated&#xD;
             method g) Urine protein:creatinine ratio (UPC) ≤1 or ≤2+ proteinuria on 2 consecutive&#xD;
             dipsticks taken no less than 1 week apart h) Subjects with 2+ proteinuria on dipstick&#xD;
             must also have UPC &lt; 0.5 on 2 consecutive samples.&#xD;
&#xD;
          8. Females of childbearing potential must be willing to use a highly effective method of&#xD;
             birth control for the duration of the study, and for 6 months after the last dose of&#xD;
             Tislelizumab and/or Sitravatinib, and have a negative urine or serum pregnancy test ≤&#xD;
             7 days before first administration of Tislelizumab and Sitravatinib. Women will be&#xD;
             considered post-menopausal if they have been amenorrheic for 12 months without an&#xD;
             alternative medical cause. The following age-specific requirements apply:&#xD;
&#xD;
             a) Amenorrheic for ≥1 year in the absence of chemotherapy and/or hormonal treatments&#xD;
             b) Luteinizing hormone (LH) and/or follicle stimulating hormone and/or estradiol&#xD;
             levels in the post-menopausal range c) Radiation induced oophorectomy with last menses&#xD;
             &gt;1 year ago d) Chemotherapy induced menopause with &gt;1 year interval since last menses&#xD;
             e) Surgical sterilization (bilateral oophorectomy or hysterectomy) f) Women &lt;50 years&#xD;
             of age would be considered post-menopausal if they have been amenorrheic for 12 months&#xD;
             or more following cessation of exogenous hormonal treatments and if they have&#xD;
             luteinizing hormone and follicle-stimulating hormone levels in the post-menopausal&#xD;
             range for the institution or underwent surgical sterilization (bilateral oophorectomy&#xD;
             or hysterectomy) g) Women ≥50 years of age would be considered post-menopausal if they&#xD;
             have been amenorrheic for 12 months or more following cessation of all exogenous&#xD;
             hormonal treatments, had radiation-induced menopause with last menses &gt;1 year ago, had&#xD;
             chemotherapy-induced menopause with last menses &gt;1 year ago, or underwent surgical&#xD;
             sterilization (bilateral oophorectomy, bilateral salpingectomy or hysterectomy).&#xD;
&#xD;
          9. For both male and female patients/partners: Contraceptive use should be consistent&#xD;
             with local regulations regarding the methods of contraception for those participating&#xD;
             in clinical studies. Non-sterile males must be willing to use a highly effective&#xD;
             method of birth control for the duration of the study and for ≥ 6 months after the&#xD;
             last dose of Tislelizumab and/or Sitravatinib. A sterile male is defined as:&#xD;
&#xD;
               1. One for whom azoospermia has been previously demonstrated in a semen sample&#xD;
                  examination as definitive evidence of infertility.&#xD;
&#xD;
               2. Males with known &quot;low sperm counts&quot; (consistent with &quot;sub-fertility&quot;) are not to&#xD;
                  be considered sterile for purposes of this study.&#xD;
&#xD;
         10. Patient is willing and able to comply with the protocol procedures for the duration of&#xD;
             the study including undergoing treatment and scheduled visits and examinations&#xD;
             including follow up.&#xD;
&#xD;
         11. Must have a life expectancy of at least 12 weeks&#xD;
&#xD;
         12. Subjects must be able to swallow and retain oral medications and be without clinically&#xD;
             significant gastrointestinal illnesses that would preclude absorption of Sitravatinib.&#xD;
&#xD;
         13. Adequately controlled blood pressure (BP):&#xD;
&#xD;
        Systolic BP ≤140 mmHg and diastolic BP ≤90 mmHg in the presence or absence of a stable&#xD;
        regimen of antihypertensive therapy.&#xD;
&#xD;
        Exclusion Criteria:&#xD;
&#xD;
          1. Patients with concomitant malignancy other than non-melanoma skin cancer, or&#xD;
             superficial bladder cancer controlled with local treatment.&#xD;
&#xD;
          2. Previous treatment with targeted therapies and/or anti-angiogenic agents such as&#xD;
             VEGFR, MEK, BRAF, ERK inhibitors, with the exception of Tebentafusp.&#xD;
&#xD;
          3. Previous treatment with immune checkpoint inhibitors, either anti-PD1/PD-L1 (Including&#xD;
             Tislelizumab), anti-CTLA-4, or other treatments.&#xD;
&#xD;
          4. Presence of brain or leptomeningeal involvement unless previously treated, off&#xD;
             steroids at least 2 weeks, and considered stable. Patients with untreated central&#xD;
             nervous system (CNS) metastases and/or carcinomatous meningitis identified either on&#xD;
             the baseline brain imaging [RECIST]) obtained during the screening period or&#xD;
             identified prior to signing the ICF. Patients whose brain metastases have been treated&#xD;
             may participate provided they show radiographic stability (defined as 2 brain images,&#xD;
             both of which are obtained after treatment to the brain metastases. These imaging&#xD;
             scans should both be obtained at least four weeks apart and show no evidence of&#xD;
             intracranial progression). In addition, any neurologic symptoms that developed either&#xD;
             as a result of the brain metastases or their treatment must have resolved or be stable&#xD;
             either, without the use of steroids, or are stable on a steroid dose of ≤10mg/day of&#xD;
             prednisone or its equivalent and anticonvulsants, for at least 14 days prior to the&#xD;
             start of treatment. Brain metastases will not be recorded as RECIST Target Lesions at&#xD;
             baseline.&#xD;
&#xD;
          5. Patients weighing &lt;30kg will be excluded from enrollment.&#xD;
&#xD;
          6. Participation in another clinical study with an investigational product during the&#xD;
             last 4 weeks.&#xD;
&#xD;
          7. Concurrent enrollment in another clinical study, unless it is an observational&#xD;
             (non-interventional) clinical study or during the follow-up period of an&#xD;
             interventional study.&#xD;
&#xD;
          8. Receipt of the last dose of anticancer therapy (chemotherapy, immunotherapy, endocrine&#xD;
             therapy, targeted therapy, biologic therapy, tumor embolization, monoclonal&#xD;
             antibodies) ≤28 days prior to the first dose of study drug. If sufficient wash-out&#xD;
             time has not occurred due to the schedule or Pharmacokinetic properties of an agent, a&#xD;
             longer wash-out period will be required, as agreed by Sponsor designated Coordinating&#xD;
             Investigator and Principal Investigator.&#xD;
&#xD;
          9. Any unresolved toxicity NCI CTCAE Grade ≥2 from previous anticancer therapy with the&#xD;
             exception of alopecia, vitiligo, and the laboratory values defined in the inclusion&#xD;
             criteria&#xD;
&#xD;
               1. Patients with Grade ≥2 neuropathy will be evaluated on a case-by-case basis after&#xD;
                  consultation with the Coordinating Investigator.&#xD;
&#xD;
               2. Patients with irreversible toxicity not reasonably expected to be exacerbated by&#xD;
                  treatment with Tislelizumab may be included only after consultation with the&#xD;
                  Coordinating Investigator.&#xD;
&#xD;
               3. Known toxicity on prior checkpoint inhibitor treatment:&#xD;
&#xD;
                  I) Grade ≥ 3 immune-related adverse event (AE) related to checkpoint inhibitors.&#xD;
&#xD;
                  II) Grade 2 immune-related AE associated with checkpoint inhibitor unless the AE&#xD;
                  resolved or was well III) controlled by withholding the checkpoint inhibitor&#xD;
                  and/or treatment with steroids, with the exception of prior colitis, myocarditis,&#xD;
                  and pneumonitis, which are exclusionary.&#xD;
&#xD;
                  CNS or ocular AE of any grade related to checkpoint inhibitors. Note: Patients&#xD;
                  with a prior endocrine AE are permitted to enroll if they are stably maintained&#xD;
                  on appropriate replacement therapy and are asymptomatic.&#xD;
&#xD;
         10. Any concurrent chemotherapy, investigational medicinal product (IMP), biologic, or&#xD;
             hormonal therapy for cancer treatment different to Sitravatinib and/or Tislelizumab.&#xD;
             Concurrent use of hormonal therapy for non-cancer-related conditions (e.g., hormone&#xD;
             replacement therapy) is acceptable.&#xD;
&#xD;
         11. Radiotherapy treatment to more than 30% of the bone marrow or with a wide field of&#xD;
             radiation within 4 weeks of the first dose of study drug.&#xD;
&#xD;
         12. Major surgery within a minimum of 4 weeks prior to inclusion; patients must have&#xD;
             recovered from any effects of any major surgery prior to inclusion. Note: Local&#xD;
             surgery of isolated lesions for palliative intent and minor surgeries performed to&#xD;
             obtain biological material for the study (i.e. liver biopsy) are acceptable.&#xD;
&#xD;
         13. History of allogeneic organ transplantation.&#xD;
&#xD;
         14. Active or prior documented autoimmune or inflammatory disorders (including&#xD;
             inflammatory bowel disease [e.g., colitis or Crohn's disease], diverticulitis [with&#xD;
             the exception of diverticulosis], systemic lupus erythematosus, Sarcoidosis syndrome,&#xD;
             or Wegener syndrome [granulomatosis with polyangiitis, Graves' disease, rheumatoid&#xD;
             arthritis, hypophysitis, uveitis, etc]). The following are exceptions to this&#xD;
             criterion:&#xD;
&#xD;
               1. Patients with vitiligo or alopecia&#xD;
&#xD;
               2. Patients with hypothyroidism (e.g., following Hashimoto syndrome) stable on&#xD;
                  hormone replacement&#xD;
&#xD;
               3. Any chronic skin condition that does not require systemic therapy&#xD;
&#xD;
               4. Patients without active disease in the last 5 years may be included but only&#xD;
                  after consultation with the Coordinating Investigator&#xD;
&#xD;
               5. Patients with celiac disease controlled by diet alone&#xD;
&#xD;
         15. Uncontrolled intercurrent illness, including but not limited to, ongoing or active&#xD;
             infection, symptomatic congestive heart failure, uncontrolled/malignant hypertension,&#xD;
             unstable angina pectoris, cardiac arrhythmia, interstitial lung disease, serious&#xD;
             chronic gastrointestinal conditions associated with diarrhea, or psychiatric&#xD;
             illness/social situations that would limit compliance with study requirement,&#xD;
             compromise Sitravatinib absorption, substantially increase risk of incurring AEs or&#xD;
             compromise the ability of the patient to give written informed consent.&#xD;
&#xD;
         16. History of another primary malignancy except for:&#xD;
&#xD;
               1. Malignancy treated with curative intent and with no known active disease ≥5 years&#xD;
                  before the first dose of IMP and of low potential risk for recurrence&#xD;
&#xD;
               2. Adequately treated non-melanoma skin cancer or lentigo maligna without evidence&#xD;
                  of disease&#xD;
&#xD;
               3. Adequately treated carcinoma in situ without evidence of disease&#xD;
&#xD;
                  17 -History of active primary immunodeficiency.&#xD;
&#xD;
        18- Active infection including tuberculosis (TB) (clinical evaluation that includes&#xD;
        clinical history, physical examination and radiographic findings, and TB testing in line&#xD;
        with local practice), hepatitis B (known positive HBV surface antigen (HBsAg) result),&#xD;
        hepatitis C, or human immunodeficiency virus (positive HIV 1/2 antibodies). Patients with a&#xD;
        past or resolved HBV infection (defined as the presence of hepatitis B core antibody&#xD;
        [anti-HBc] and absence of HBsAg) are eligible. Patients positive for hepatitis C (HCV)&#xD;
        antibodies are eligible only if polymerase chain reaction is negative for HCV RNA.&#xD;
&#xD;
        19- Current or prior use of immunosuppressive medication within 14 days before the first&#xD;
        dose of Tislelizumab. The following are exceptions to this criterion:&#xD;
&#xD;
        a) Intranasal, inhaled, topical steroids, or local steroid injections (e.g., intra&#xD;
        articular injection) b) Systemic corticosteroids at physiologic doses not to exceed 10&#xD;
        mg/day of prednisone or its equivalent c) Steroids as premedication for hypersensitivity&#xD;
        reactions (e.g., CT scan premedication)&#xD;
&#xD;
        20- Receipt of live attenuated vaccine within 30 days prior to the first dose of IMP. Note:&#xD;
        Patients, if enrolled, should not receive live vaccines whilst receiving IMP and up to 30&#xD;
        days after the last dose of IMP.&#xD;
&#xD;
        21- Female patients who are pregnant (confirmed with positive pregnancy test) or&#xD;
        breastfeeding or male or female patients of reproductive potential who are not willing to&#xD;
        employ effective birth control from screening to 6 months after the last dose of&#xD;
        Tislelizumab and/or Sitravatinib therapy.&#xD;
&#xD;
        22- History of severe allergic reaction attributed to Sitravatinib or a similar VEGFR&#xD;
        inhibitor or known hypersensitivity to any component of Sitravatinib dose composition&#xD;
&#xD;
        23- Known allergy or hypersensitivity to Tislelizumab or Sitravatinib or any of the&#xD;
        excipients.&#xD;
&#xD;
        24- History of gastrointestinal perforation. Subjects with a history of abdominal fistula&#xD;
        will be eligible if:&#xD;
&#xD;
        a) the fistula has been surgically repaired, b) there is no evidence of fistula for at&#xD;
        least 6 months prior to inclusion, and c) the subject is deemed to be at low risk of&#xD;
        recurrent fistula in the opinion of the Investigator.&#xD;
&#xD;
        25- History of intra-abdominal abscess within 3 months prior to inclusion&#xD;
&#xD;
        26- Clinically significant signs and/or symptoms of bowel obstruction within 3 months prior&#xD;
        to inclusion&#xD;
&#xD;
        27- Resting ECG with clinically significant abnormal findings. i.e. Mean QT interval&#xD;
        corrected for heart rate using Fridericia's formula (QTcF) ≥470 ms calculated from 3 ECGs&#xD;
        (within 15 minutes at 5 minutes apart).&#xD;
&#xD;
        28- Subjects with any one or more of the following:&#xD;
&#xD;
        a)History of myocardial infarction within 6 months prior to inclusion; patients with a&#xD;
        history of myocardial infarction within 6 to 12 months prior to inclusion may be allowed&#xD;
        following assessment b) Unstable angina within 6 months prior to inclusion c) Known&#xD;
        significant cardiac disease (New York Heart Association [NYHA] classification of III or&#xD;
        IV).&#xD;
&#xD;
        d) Concomitant medication known to cause prolonged QT which cannot be discontinued or&#xD;
        changed to a different medication prior to enrollment&#xD;
&#xD;
        29- Left ventricular ejection fraction &lt; lower limit of normal (LLN) per institutional&#xD;
        guidelines, or &lt;55%, if threshold for normal is not otherwise specified by institutional&#xD;
        guidelines, for patients with the following risk factors:&#xD;
&#xD;
        a) Prior or planned treatment with anthracyclines (ie, PLD) b) Prior treatment with&#xD;
        trastuzumab c) Prior central thoracic radiation therapy (RT), including exposure of heart&#xD;
        to therapeutic doses of ionizing RT d) History of myocardial infarction within 6 to 12&#xD;
        months prior to inclusion e) Prior history of other significant impaired cardiac function.&#xD;
&#xD;
        30- History of stroke or transient ischemic attack within 6 months prior to inclusion.&#xD;
&#xD;
        31- History of significant hemorrhage within 4 weeks of first dose date.&#xD;
&#xD;
        32- Patients with:&#xD;
&#xD;
          1. With uncontrolled diabetes or &gt; Grade 1 laboratory test abnormalities in potassium,&#xD;
             sodium, or corrected calcium despite standard medical management or ≥ Grade 3&#xD;
             hypoalbuminemia ≤ 14 days before&#xD;
&#xD;
          2. Uncontrollable pleural effusion, pericardial effusion, or ascites requiring frequent&#xD;
             drainage (recurrence ≤ 14 days after intervention)&#xD;
&#xD;
          3. History of interstitial lung disease, non-infectious pneumonitis or uncontrolled lung&#xD;
             diseases including pulmonary fibrosis, or acute lung diseases. Patients with&#xD;
             significantly impaired pulmonary function, or who require supplemental oxygen at&#xD;
             baseline must undergo an assessment of pulmonary function at screening&#xD;
&#xD;
             33- Evidence of any other disease, physical examination or laboratory finding giving&#xD;
             reasonable suspicion of a disease or condition that puts the subject at high risk for&#xD;
             treatment-related complication.&#xD;
&#xD;
             34- Prior enrollment or treatment in a previous Tislelizumab and/or Sitravatinib&#xD;
             clinical study regardless of treatment arm assignment.&#xD;
&#xD;
             35- Any serious medical condition or psychiatric illness that would interfere in&#xD;
             understanding of the informed consent form.&#xD;
      </textblock>
    </criteria>
    <gender>All</gender>
    <minimum_age>18 Years</minimum_age>
    <maximum_age>N/A</maximum_age>
    <healthy_volunteers>No</healthy_volunteers>
  </eligibility>
  <overall_official>
    <last_name>Josep Maria Piulats, M.D. Ph.D.</last_name>
    <role>Study Chair</role>
    <affiliation>ICO L´Hospitalet</affiliation>
  </overall_official>
  <overall_contact>
    <last_name>Federico Nepote</last_name>
    <phone>+34 93 434 44 12</phone>
    <email>investigacion@mfar.net</email>
  </overall_contact>
  <location>
    <facility>
      <name>Hospital Civil de Málaga</name>
      <address>
        <city>Málaga</city>
        <state>Andalucia</state>
        <zip>29009</zip>
        <country>Spain</country>
      </address>
    </facility>
    <status>Recruiting</status>
    <contact>
      <last_name>A responsible person Designated by the sponsor</last_name>
      <phone>+34 93 434 44 12</phone>
      <email>investigacion@mfar.net</email>
    </contact>
    <investigator>
      <last_name>Principal Investigator Designated by the sponsor, M.D.</last_name>
      <role>Principal Investigator</role>
    </investigator>
  </location>
  <location>
    <facility>
      <name>Hospital Universitario Virgen de la Macarena</name>
      <address>
        <city>Sevilla</city>
        <state>Andalucia</state>
        <zip>41009</zip>
        <country>Spain</country>
      </address>
    </facility>
    <status>Recruiting</status>
    <contact>
      <last_name>A responsible person Designated by the sponsor</last_name>
      <phone>+34 93 434 44 12</phone>
      <email>investigacon@mfar.net</email>
    </contact>
    <investigator>
      <last_name>Principal Investigator Designated by the sponsor, M.D.</last_name>
      <role>Principal Investigator</role>
    </investigator>
  </location>
  <location>
    <facility>
      <name>Institut Catala Oncologia (ICO) L´Hospitalet</name>
      <address>
        <city>Hospitalet de Llobregat</city>
        <state>Barcelona</state>
        <zip>08908</zip>
        <country>Spain</country>
      </address>
    </facility>
    <status>Recruiting</status>
    <contact>
      <last_name>A responsible person Designated by the sponsor</last_name>
      <phone>+34 93 434 44 12</phone>
      <email>investigacion@mfar.net</email>
    </contact>
    <investigator>
      <last_name>Principal Investigator Designated by the sponsor, M.D.</last_name>
      <role>Principal Investigator</role>
    </investigator>
  </location>
  <location>
    <facility>
      <name>Clínica Universidad Navarra (CUN)</name>
      <address>
        <city>Pamplona</city>
        <state>Navarra</state>
        <zip>31008</zip>
        <country>Spain</country>
      </address>
    </facility>
    <status>Recruiting</status>
    <contact>
      <last_name>A responsible person Designated by the sponsor</last_name>
      <phone>+34 93 434 44 12</phone>
      <email>investigacion@mfar.net</email>
    </contact>
    <investigator>
      <last_name>Principal Investigator Designated by the sponsor, M.D.</last_name>
      <role>Principal Investigator</role>
    </investigator>
  </location>
  <location>
    <facility>
      <name>Hospital Universitario la Paz</name>
      <address>
        <city>Madrid</city>
        <zip>28046</zip>
        <country>Spain</country>
      </address>
    </facility>
    <status>Recruiting</status>
    <contact>
      <last_name>A responsible person Designated by the sponsor</last_name>
      <phone>+34 93 434 44 12</phone>
      <email>investigacion@mfar.net</email>
    </contact>
    <investigator>
      <last_name>Principal Investigator Designated by the sponsor, M.D.</last_name>
      <role>Principal Investigator</role>
    </investigator>
  </location>
  <location>
    <facility>
      <name>Hospital General Universitario de Valencia</name>
      <address>
        <city>Valencia</city>
        <zip>46014</zip>
        <country>Spain</country>
      </address>
    </facility>
    <status>Recruiting</status>
    <contact>
      <last_name>A responsible person Designated by the Sponsor</last_name>
      <phone>+34 93 434 44 12</phone>
      <email>investigacion@mfar.net</email>
    </contact>
    <investigator>
      <last_name>Principal Investigator Designated by the sponsor, M.D.</last_name>
      <role>Principal Investigator</role>
    </investigator>
  </location>
  <location_countries>
    <country>Spain</country>
  </location_countries>
  <verification_date>September 2022</verification_date>
  <study_first_submitted>September 12, 2022</study_first_submitted>
  <study_first_submitted_qc>September 13, 2022</study_first_submitted_qc>
  <study_first_posted type="Actual">September 15, 2022</study_first_posted>
  <last_update_submitted>November 15, 2022</last_update_submitted>
  <last_update_submitted_qc>November 15, 2022</last_update_submitted_qc>
  <last_update_posted type="Actual">November 16, 2022</last_update_posted>
  <responsible_party>
    <responsible_party_type>Sponsor</responsible_party_type>
  </responsible_party>
  <condition_browse>
    <!-- CAUTION:  The following MeSH terms are assigned with an imperfect algorithm            -->
    <mesh_term>Melanoma</mesh_term>
    <mesh_term>Uveal Neoplasms</mesh_term>
  </condition_browse>
  <intervention_browse>
    <!-- CAUTION:  The following MeSH terms are assigned with an imperfect algorithm            -->
    <mesh_term>Tislelizumab</mesh_term>
  </intervention_browse>
  <patient_data>
    <sharing_ipd>No</sharing_ipd>
  </patient_data>
  <!-- Results have not yet been posted for this study                                          -->
</clinical_study>

