<?xml version="1.0" encoding="UTF-8"?>
<clinical_study rank="212">
  <!-- This xml conforms to an XML Schema at:
    https://clinicaltrials.gov/ct2/html/images/info/public.xsd -->
  <required_header>
    <download_date>ClinicalTrials.gov processed this data on February 06, 2024</download_date>
    <link_text>Link to the current ClinicalTrials.gov record.</link_text>
    <url>https://clinicaltrials.gov/ct2/show/NCT00283114</url>
  </required_header>
  <id_info>
    <org_study_id>SG033-0001</org_study_id>
    <nct_id>NCT00283114</nct_id>
  </id_info>
  <brief_title>A Safety Study of Lintuzumab in Patients With Acute Myeloid Leukemia and Myelodysplastic Syndrome</brief_title>
  <official_title>A Phase 1, Multi-Dose Study of SGN-33 (Anti-huCD33 mAb; HuM195; Lintuzumab) in Patients With Acute Myeloid Leukemia and Myelodysplastic Syndrome</official_title>
  <sponsors>
    <lead_sponsor>
      <agency>Seagen Inc.</agency>
      <agency_class>Industry</agency_class>
    </lead_sponsor>
  </sponsors>
  <source>Seagen Inc.</source>
  <oversight_info>
    <has_dmc>No</has_dmc>
  </oversight_info>
  <brief_summary>
    <textblock>
      Phase 1a is an open-label, multi-dose, single-arm, dose-escalation study to define the&#xD;
      toxicity profile, pharmacokinetics, and antitumor activity of SGN-33 in patients with&#xD;
      myelodysplastic syndrome (MDS), acute myelogenous leukemia(AML), and CD33+ myeloproliferative&#xD;
      diseases. Phase 1b includes patients with AML or MDS treated at the highest tolerated dose&#xD;
      from phase 1a.&#xD;
    </textblock>
  </brief_summary>
  <overall_status>Completed</overall_status>
  <start_date>November 2005</start_date>
  <completion_date type="Actual">January 2010</completion_date>
  <primary_completion_date type="Actual">January 2010</primary_completion_date>
  <phase>Phase 1</phase>
  <study_type>Interventional</study_type>
  <has_expanded_access>No</has_expanded_access>
  <study_design_info>
    <allocation>N/A</allocation>
    <intervention_model>Single Group Assignment</intervention_model>
    <primary_purpose>Treatment</primary_purpose>
    <masking>None (Open Label)</masking>
  </study_design_info>
  <primary_outcome>
    <measure>The incidence of adverse events and lab abnormalities.</measure>
    <time_frame>13 months</time_frame>
  </primary_outcome>
  <primary_outcome>
    <measure>Pharmacokinetic (PK) profile and immunogenicity (Human Anti-Human Antibody; HAHA).</measure>
    <time_frame>13 months</time_frame>
  </primary_outcome>
  <primary_outcome>
    <measure>Antitumor activity.</measure>
    <time_frame>13 months</time_frame>
  </primary_outcome>
  <number_of_arms>1</number_of_arms>
  <enrollment type="Actual">82</enrollment>
  <condition>Acute Myeloid Leukemia</condition>
  <condition>Myelodysplastic Syndrome</condition>
  <condition>Myeloproliferative Disorders</condition>
  <condition>Chronic Myelomonocytic Leukemia</condition>
  <arm_group>
    <arm_group_label>1</arm_group_label>
    <arm_group_type>Experimental</arm_group_type>
  </arm_group>
  <intervention>
    <intervention_type>Drug</intervention_type>
    <intervention_name>lintuzumab</intervention_name>
    <description>1.5 - 8 mg/kg IV (in the vein) on Days 1, 8, 15, 22 and 29 of Cycle 1; 1.5 - 8 mg/kg IV (in the vein) every other week for all subsequent cycles</description>
    <arm_group_label>1</arm_group_label>
    <other_name>SGN-33</other_name>
  </intervention>
  <eligibility>
    <criteria>
      <textblock>
        Inclusion Criteria:&#xD;
&#xD;
          1. Patients must have a diagnosis of MDS or AML.&#xD;
&#xD;
          2. Patients must have an ECOG performance status ≤ 2 and a life expectancy &gt; 3 months.&#xD;
&#xD;
        Exclusion Criteria:&#xD;
&#xD;
          1. Patients who have received prior therapy with gemtuzumab ozogamicin (Mylotarg®) or&#xD;
             other anti-CD33 monoclonal antibody treatment.&#xD;
&#xD;
          2. Patients with a prior allogeneic transplant.&#xD;
&#xD;
          3. Patients with known leptomeningeal or CNS involvement of leukemia. Patients with onset&#xD;
             of CNS symptoms within the past 12 months will also be excluded.&#xD;
&#xD;
          4. Patients receiving chemotherapy within the last four weeks.&#xD;
      </textblock>
    </criteria>
    <gender>All</gender>
    <minimum_age>18 Years</minimum_age>
    <maximum_age>N/A</maximum_age>
    <healthy_volunteers>No</healthy_volunteers>
  </eligibility>
  <overall_official>
    <last_name>Eric Sievers, M.D.</last_name>
    <role>Study Director</role>
    <affiliation>Seagen Inc.</affiliation>
  </overall_official>
  <location>
    <facility>
      <name>Rocky Mountain Cancer Center</name>
      <address>
        <city>Denver</city>
        <state>Colorado</state>
        <zip>80218</zip>
        <country>United States</country>
      </address>
    </facility>
  </location>
  <location>
    <facility>
      <name>Cancer Care Specialists of Central Illinois</name>
      <address>
        <city>Decatur</city>
        <state>Illinois</state>
        <zip>62526</zip>
        <country>United States</country>
      </address>
    </facility>
  </location>
  <location>
    <facility>
      <name>Indiana Oncology-Hematology Consultants</name>
      <address>
        <city>Indianapolis</city>
        <state>Indiana</state>
        <zip>46107</zip>
        <country>United States</country>
      </address>
    </facility>
  </location>
  <location>
    <facility>
      <name>University of Massachusetts Medical Center</name>
      <address>
        <city>Worcester</city>
        <state>Massachusetts</state>
        <zip>01605</zip>
        <country>United States</country>
      </address>
    </facility>
  </location>
  <location>
    <facility>
      <name>St. Vincent's Comprehensive Cancer Center</name>
      <address>
        <city>New York</city>
        <state>New York</state>
        <zip>10011</zip>
        <country>United States</country>
      </address>
    </facility>
  </location>
  <location>
    <facility>
      <name>Memorial Sloan Kettering Cancer Center</name>
      <address>
        <city>New York</city>
        <state>New York</state>
        <zip>10021</zip>
        <country>United States</country>
      </address>
    </facility>
  </location>
  <location>
    <facility>
      <name>Weill Medical College of Cornell University</name>
      <address>
        <city>New York</city>
        <state>New York</state>
        <zip>10021</zip>
        <country>United States</country>
      </address>
    </facility>
  </location>
  <location>
    <facility>
      <name>Cancer Center of the Carolinas</name>
      <address>
        <city>Greenville</city>
        <state>South Carolina</state>
        <zip>29605</zip>
        <country>United States</country>
      </address>
    </facility>
  </location>
  <location>
    <facility>
      <name>Scott &amp; White Memorial Hospital</name>
      <address>
        <city>Temple</city>
        <state>Texas</state>
        <zip>76508</zip>
        <country>United States</country>
      </address>
    </facility>
  </location>
  <location_countries>
    <country>United States</country>
  </location_countries>
  <results_reference>
    <citation>Raza A, Jurcic JG, Roboz GJ, Maris M, Stephenson JJ, Wood BL, Feldman EJ, Galili N, Grove LE, Drachman JG, Sievers EL. Complete remissions observed in acute myeloid leukemia following prolonged exposure to lintuzumab: a phase 1 trial. Leuk Lymphoma. 2009 Aug;50(8):1336-44. doi: 10.1080/10428190903050013.</citation>
    <PMID>19557623</PMID>
  </results_reference>
  <verification_date>December 2014</verification_date>
  <study_first_submitted>January 25, 2006</study_first_submitted>
  <study_first_submitted_qc>January 25, 2006</study_first_submitted_qc>
  <study_first_posted type="Estimate">January 27, 2006</study_first_posted>
  <last_update_submitted>December 17, 2014</last_update_submitted>
  <last_update_submitted_qc>December 17, 2014</last_update_submitted_qc>
  <last_update_posted type="Estimate">December 18, 2014</last_update_posted>
  <responsible_party>
    <responsible_party_type>Sponsor</responsible_party_type>
  </responsible_party>
  <keyword>Lintuzumab</keyword>
  <keyword>Antigens, CD33</keyword>
  <keyword>Antibodies, Monoclonal</keyword>
  <keyword>Leukemia, Myeloid, Acute</keyword>
  <keyword>Myelodysplastic Syndromes</keyword>
  <keyword>Hematologic Diseases</keyword>
  <keyword>Myeloproliferative Disorders</keyword>
  <keyword>Leukemia</keyword>
  <condition_browse>
    <!-- CAUTION:  The following MeSH terms are assigned with an imperfect algorithm            -->
    <mesh_term>Leukemia</mesh_term>
    <mesh_term>Leukemia, Myeloid</mesh_term>
    <mesh_term>Leukemia, Myeloid, Acute</mesh_term>
    <mesh_term>Preleukemia</mesh_term>
    <mesh_term>Leukemia, Myelomonocytic, Chronic</mesh_term>
    <mesh_term>Leukemia, Myelomonocytic, Juvenile</mesh_term>
    <mesh_term>Myelodysplastic Syndromes</mesh_term>
    <mesh_term>Myeloproliferative Disorders</mesh_term>
    <mesh_term>Syndrome</mesh_term>
  </condition_browse>
  <intervention_browse>
    <!-- CAUTION:  The following MeSH terms are assigned with an imperfect algorithm            -->
    <mesh_term>Lintuzumab</mesh_term>
  </intervention_browse>
  <!-- Results have not yet been posted for this study                                          -->
</clinical_study>

