<?xml version="1.0" encoding="UTF-8"?>
<clinical_study rank="156">
  <!-- This xml conforms to an XML Schema at:
    https://clinicaltrials.gov/ct2/html/images/info/public.xsd -->
  <required_header>
    <download_date>ClinicalTrials.gov processed this data on February 06, 2024</download_date>
    <link_text>Link to the current ClinicalTrials.gov record.</link_text>
    <url>https://clinicaltrials.gov/ct2/show/NCT03493646</url>
  </required_header>
  <id_info>
    <org_study_id>2018-01-AZA</org_study_id>
    <secondary_id>VZ-CL-MDSAML-PI-13085</secondary_id>
    <nct_id>NCT03493646</nct_id>
  </id_info>
  <brief_title>Evaluating in Vivo AZA Incorporation in Mononuclear Cells Following Vidaza or CC486</brief_title>
  <official_title>Evaluating in Vivo AZA Incorporation in Mononuclear Cells Following Vidaza or CC486</official_title>
  <sponsors>
    <lead_sponsor>
      <agency>Kirby Institute</agency>
      <agency_class>Other</agency_class>
    </lead_sponsor>
    <collaborator>
      <agency>Celgene</agency>
      <agency_class>Industry</agency_class>
    </collaborator>
  </sponsors>
  <source>Kirby Institute</source>
  <oversight_info>
    <has_dmc>No</has_dmc>
    <is_fda_regulated_drug>No</is_fda_regulated_drug>
    <is_fda_regulated_device>No</is_fda_regulated_device>
  </oversight_info>
  <brief_summary>
    <textblock>
      Myelodysplastic Syndrome (MDS) is a group of blood disorders where the bone marrow does not&#xD;
      produce enough mature red blood cells, white blood cells and platelets. In a healthy person,&#xD;
      the bone marrow makes blood stem cells (immature cells, also called 'blasts') that become&#xD;
      mature blood cells over time. In people with MDS, this process is affected and immature blood&#xD;
      cells in the bone marrow do not mature fully to become healthy blood cells. This causes a&#xD;
      lack of healthy blood cells that can function properly. With fewer healthy blood cells,&#xD;
      infection, anaemia, or easy bleeding may occur. MDS can progress to acute myeloid leukaemia&#xD;
      in 25-30% of patients, and if untreated it can be rapidly fatal.&#xD;
&#xD;
      The purpose of this study is to evaluate the standard treatment, azacitidine (Vidaza) given&#xD;
      as an injection under the skin compared to the same medication (called CC-486) taken as a&#xD;
      tablet by mouth. Vidaza is approved by the Australian Therapeutics Goods Administration (TGA)&#xD;
      as standard treatment for MDS. CC-486 is an experimental treatment. This means it is not an&#xD;
      approved treatment for MDS in Australia. CC-486 is being developed to increase convenience&#xD;
      and make it easier for patients to continue their treatment. So far it has been given to over&#xD;
      870 patients in studies across the world. The treatment in the injection and the tablet is&#xD;
      the same. Studies like this one are being done to ensure the tablet works in the same way as&#xD;
      the standard injected treatment.&#xD;
&#xD;
      Vidaza is given by subcutaneous injection (ie under the skin) over an hour for 7 days every 4&#xD;
      weeks for as long as it continues to work. All study participants will receive active&#xD;
      treatment (there is no placebo), and all participants will receive the standard injection for&#xD;
      six treatment cycles followed by the new tablet medication taken once daily for 21 days every&#xD;
      4 weeks. This allows the researchers to compare the two ways of giving the medicine.&#xD;
    </textblock>
  </brief_summary>
  <detailed_description>
    <textblock>
      MDS is an insidious and largely incurable haematological malignancy that increasingly impacts&#xD;
      on the well-being of our ageing population, and one for which there has been no significant&#xD;
      therapeutic advance since the introduction of injectable AZA (Vidaza®) over a decade ago.&#xD;
&#xD;
      Furthermore, the basis for the effectiveness of Vidaza® or lack thereof is not known and&#xD;
      attempts at identifying genes that are reactivated and induce HSC differentiation have&#xD;
      generally been unrewarding. It is also unclear whether these drugs work by inducing cellular&#xD;
      differentiation or triggering apoptosis of the abnormal clone by activating permissive gene&#xD;
      transcription. Recently developed assays permit genome-wide mutation analysis and assessment&#xD;
      of gene expression and methylation at gene regulatory regions. Combined with functional&#xD;
      studies, these assays are powerful tools that could help identify why some patients respond&#xD;
      and others don't and why patients relapse after initial response. They can also help provide&#xD;
      molecular insights into specific genes or pathways that could be manipulated to overcome&#xD;
      primary or secondary drug resistance to AZA.&#xD;
&#xD;
      Following the evaluation CC-486 safety in Phase 1 studies, a Phase 2, international,&#xD;
      multicentre, randomized, open-label, parallel group study was launched and is currently&#xD;
      recruiting to evaluate the efficacy and safety of CC-486 alone and in combination with&#xD;
      durvalumab in participants with MDS who fail to achieve objective response to treatment with&#xD;
      Vidaza®. However, at present there is no objective method of correlating clinical or&#xD;
      molecular response with actual drug incorporation due to the lack of a robust assay to&#xD;
      measure AZA incorporation in vivo.&#xD;
&#xD;
      This gap has now been filled by the recent development of a liquid chromatography-mass&#xD;
      spectrometry (LC-MS) based assay that is effective in measuring AZA pharmacokinetics in vivo;&#xD;
      &quot;AZA-MS: a novel mass spectrometry method to determine the intracellular pharmacokinetics of&#xD;
      AZA therapy in vivo&quot; (Unnikrishnan et al Leukemia 2017) and we will for the first time be&#xD;
      able to directly compare Vidaza® incorporation with CC486 incorporation in the same patient&#xD;
      and measuring clinical and molecular response after six cycles of the former followed by six&#xD;
      cycles of the latter. The primary objective of the trial is to determine whether there is&#xD;
      greater AZA incorporation in DNA in blood progenitors following 21 days of CC486 than there&#xD;
      is with 7 days of Vidaza® in a 28- day treatment cycle and whether incorporation is&#xD;
      associated with greater clinical and/or molecular response.&#xD;
&#xD;
      The secondary objectives of the trial are based on outcomes from a compassionate access&#xD;
      program conducted in NSW, Australia from 2008-09. MDS, MDS/AML and CMML patients who respond&#xD;
      to Vidaza® were found to have a greater fraction of hematopoietic progenitor cells (HPCs)&#xD;
      progressing through the cell cycle than patients who fail to respond to AZA (Unnikrishnan et&#xD;
      al 2017). What is not known is whether increased replication is associated with increased AZA&#xD;
      incorporation. The availability of an assay (AZA-MS) to measure AZA incorporation, and the&#xD;
      ability to measure the fraction of replicative HPCs, forms the basis of the secondary&#xD;
      objectives of this study.&#xD;
&#xD;
      When applying the AZA-MS assay to samples collected from the compassionate access program, we&#xD;
      also noted that AZA non-responders either do not incorporate AZA derivatives in DNA following&#xD;
      Vidaza® or do incorporate AZA to levels comparable to that of responders yet still fail to&#xD;
      respond (Unnikrishnan et al Leukemia 2017). Mechanisms of pharmacologically overcoming&#xD;
      resistance would be quite different in the two instances. Longitudinal measurements of&#xD;
      derivative AZA incorporation in DNA can now be combined with assays to evaluate whether&#xD;
      patients who do not respond despite adequate drug uptake fail to activate downstream&#xD;
      processes such as interferon/immune pathway activation or display check-point inhibition.&#xD;
      This study will provide data to support individualised alternatives to optimise future AZA&#xD;
      therapy.&#xD;
    </textblock>
  </detailed_description>
  <overall_status>Active, not recruiting</overall_status>
  <start_date type="Actual">June 18, 2018</start_date>
  <completion_date type="Anticipated">December 31, 2022</completion_date>
  <primary_completion_date type="Anticipated">December 31, 2022</primary_completion_date>
  <phase>Phase 2</phase>
  <study_type>Interventional</study_type>
  <has_expanded_access>No</has_expanded_access>
  <study_design_info>
    <allocation>Non-Randomized</allocation>
    <intervention_model>Sequential Assignment</intervention_model>
    <intervention_model_description>Phase II open label multicentre study. All participants will commence with Vidaza for 6 cycles, followed by 6 cycles of CC 486 regardless of response to Vidaza</intervention_model_description>
    <primary_purpose>Treatment</primary_purpose>
    <masking>None (Open Label)</masking>
  </study_design_info>
  <primary_outcome>
    <measure>DNA incorporation of Vidaza® compared to CC-486</measure>
    <time_frame>At the end of cycle 6 (cycles 1-6 inclusive) compared with cycles 7-12 (cycles 7-12 inclusive). Each cycle is 28 days</time_frame>
    <description>DNA incorporation of Vidaza® compared to CC-486 as measured by the area under the curve (AUC) during the first 6 cycles compared to the area under the curve from cycles 7 to 12.</description>
  </primary_outcome>
  <secondary_outcome>
    <measure>DNA incorporation in bone marrow mononuclear cells</measure>
    <time_frame>At the end of cycle 6 compared to cycle 7. Each cycle is 28 days</time_frame>
    <description>DNA incorporation in bone marrow mononuclear cells following Vidaza® compared to CC-486 as measured by the area under the curve (AUC) in cycle 6 compared to the AUC in cycle 7</description>
  </secondary_outcome>
  <secondary_outcome>
    <measure>DNA AZA derivative uptake</measure>
    <time_frame>end of Cycle 6 and 12</time_frame>
    <description>DNA AZA derivative uptake (measured by AUC) between responders and non-responders who are classified as having AZA uptake</description>
  </secondary_outcome>
  <secondary_outcome>
    <measure>Proportion of cells undergoing the cell cycle</measure>
    <time_frame>end of Cycle 6 and 12. Each cycle is 28 days</time_frame>
    <description>Proportion of cells undergoing the cell cycle for non-responders with AZA uptake vs non-responders without AZA uptake</description>
  </secondary_outcome>
  <secondary_outcome>
    <measure>Inflammatory markers, as measured by AUC, between responders and non-</measure>
    <time_frame>end of Cycle 6 and 12. Each cycle is 28 days</time_frame>
    <description>Inflammatory markers, as measured by AUC, between responders and non-responders who are classified as having AZA uptake</description>
  </secondary_outcome>
  <number_of_arms>2</number_of_arms>
  <enrollment type="Anticipated">60</enrollment>
  <condition>Myelodysplastic Syndromes</condition>
  <condition>Acute Myeloid Leukemia</condition>
  <condition>Chronic Myelomonocytic Leukemia</condition>
  <arm_group>
    <arm_group_label>Azacitidine</arm_group_label>
    <arm_group_type>Active Comparator</arm_group_type>
    <description>6 cycles of azacitidine (28 day cycle)</description>
  </arm_group>
  <arm_group>
    <arm_group_label>CC 486</arm_group_label>
    <arm_group_type>Experimental</arm_group_type>
    <description>6 cycles CC 486 (28 day cycle)</description>
  </arm_group>
  <intervention>
    <intervention_type>Drug</intervention_type>
    <intervention_name>Azacitidine</intervention_name>
    <description>75mg/m2 per day for 7 days of each 28 day cycle. Cycles 1-6</description>
    <arm_group_label>Azacitidine</arm_group_label>
    <other_name>Vidaza</other_name>
  </intervention>
  <intervention>
    <intervention_type>Drug</intervention_type>
    <intervention_name>CC-486</intervention_name>
    <description>100 mg BID for the first 21 days of each 28-day treatment cycle (cycles 7-8). The dose should be increased from cycle 9 onwards to 150mg BID for the first 21 days of each 28-day treatment cycle (cycles 9-12) in the absence of Grade 3 or 4 AE. If 2 or more cycles are tolerated at this dose, further increments are permitted for patients with Stable Disease or if clinically indicated in consultation with the coordinating investigator as per the study dose modification schedule.</description>
    <arm_group_label>CC 486</arm_group_label>
    <other_name>Oral azacitidine</other_name>
  </intervention>
  <eligibility>
    <criteria>
      <textblock>
        Inclusion Criteria:&#xD;
&#xD;
          1. Male or female, ≥ 18 years of age.&#xD;
&#xD;
          2. Documented diagnosis of&#xD;
&#xD;
               1. Myelodysplastic syndrome classified as intermediate-2 or high risk according to&#xD;
                  the IPSS, or&#xD;
&#xD;
               2. AML with 20-30% marrow blasts and multi-lineage dysplasia, according to WHO&#xD;
                  classification, or&#xD;
&#xD;
               3. CMML with 10-29% marrow blasts without myeloproliferative disorder according to&#xD;
                  WHO classification, or Confirmation will be from either the BMA performed at&#xD;
                  screening or a standard of care BMA if performed up to 6 weeks before cycle 1 day&#xD;
                  1.&#xD;
&#xD;
          3. Have an Eastern Cooperative Oncology Group (ECOG) performance status of 0-2&#xD;
&#xD;
          4. Females of childbearing potential (FCBP) may participate, providing they meet the&#xD;
             following conditions:&#xD;
&#xD;
               1. Agree to use at least two effective contraceptive methods (oral, injectable, or&#xD;
                  implantable hormonal contraceptive; tubal ligation; intra-uterine device; barrier&#xD;
                  contraceptive with spermicide; true abstinence; or vasectomized partner)&#xD;
                  throughout the study, and for 90 days following the last dose of investigational&#xD;
                  product (IP); and&#xD;
&#xD;
               2. Have a negative serum pregnancy test at screening&#xD;
&#xD;
          5. Male participants with a female partner of childbearing potential must agree to use at&#xD;
             least two physician-approved contraceptive methods throughout the course of the study&#xD;
             and should avoid fathering a child during the course of the study and for 90 days&#xD;
             following the last dose of Investigational Product.&#xD;
&#xD;
          6. Understand and voluntarily sign an informed consent document prior to any study-&#xD;
             related assessments or procedures conducted.&#xD;
&#xD;
        Exclusion Criteria:&#xD;
&#xD;
          1. Acute myeloid leukemia (AML) - ≥ 30% blasts in bone marrow according to WHO&#xD;
             classification. Participants known to have ≥ 30% blasts are not eligible for inclusion&#xD;
             in this study. Recognizing limitations of blast cell quantitation, this protocol will&#xD;
             allow participants with pre-enrollment (screening/baseline) bone marrow blast counts&#xD;
             up to 33% to be considered for inclusion subject to discussion with the Coordinating&#xD;
             PI prior to enrollment.&#xD;
&#xD;
          2. Prior allogeneic or autologous stem cell transplant.&#xD;
&#xD;
          3. Prior exposure to a hypomethylating agent.&#xD;
&#xD;
          4. Use of any of the following within 28 days prior to cycle 1, day 1:&#xD;
&#xD;
               1. thrombopoiesis-stimulating agents ([TSAs]; eg, Romiplostim, Eltrombopag,&#xD;
                  Interleukin-11)&#xD;
&#xD;
               2. ESAs (Erythropoiesis stimulating agent) and other RBC hematopoietic growth&#xD;
                  factors (eg, interleukin-3)&#xD;
&#xD;
               3. Hydroxyurea&#xD;
&#xD;
               4. Any other investigational product from another clinical trial&#xD;
&#xD;
          5. Concurrent use of corticosteroids unless the participant is on a stable or decreasing&#xD;
             dose for ≥ 1 week prior to enrollment for medical conditions other than MDS.&#xD;
&#xD;
          6. History of inflammatory bowel disease (eg, Crohn's disease, ulcerative colitis),&#xD;
             celiac disease (ie, sprue), prior gastrectomy or upper bowel removal, or any other&#xD;
             gastrointestinal disorder or defect that would interfere with the absorption,&#xD;
             distribution, metabolism or excretion of the IP and/or predispose the participant to&#xD;
             an increased risk of gastrointestinal toxicity.&#xD;
&#xD;
          7. Prior history of malignancies, other than MDS, unless the participant has been free of&#xD;
             the disease for ≥ 3 years. However, participants with the following history/concurrent&#xD;
             conditions are allowed:&#xD;
&#xD;
               1. Basal or squamous cell carcinoma of the skin&#xD;
&#xD;
               2. Carcinoma in situ of the cervix&#xD;
&#xD;
               3. Carcinoma in situ of the breast&#xD;
&#xD;
               4. Incidental histologic finding of prostate cancer (T1a or T1b using the tumor,&#xD;
                  nodes, metastasis [TNM] clinical staging system)&#xD;
&#xD;
          8. Significant active cardiac disease within the previous 6 months, including:&#xD;
&#xD;
               1. New York Heart Association (NYHA) class IV congestive heart failure&#xD;
&#xD;
               2. Unstable angina or angina requiring surgical or medical intervention; and/or&#xD;
&#xD;
               3. Myocardial infarction&#xD;
&#xD;
          9. Active systemic infection including:&#xD;
&#xD;
               1. Ongoing signs/symptoms related to the infection without improvement despite&#xD;
                  appropriate anti-infectives&#xD;
&#xD;
               2. Active Hepatitis B infection&#xD;
&#xD;
               3. Subjects with Human Immunodeficiency Virus (HIV) or Hepatitis C infection will be&#xD;
                  considered individually by the coordinating principal investigator:&#xD;
&#xD;
             i) Those with HIV will generally be eligible if receiving antiretroviral therapy, HIV&#xD;
             VL is suppressed &lt;50 copies/mL and CD4≥350 cells/mm3. ii) Those with HCV will&#xD;
             generally be eligible if there is no evidence of clinical hepatic dysfunction or other&#xD;
             systemic manifestations of HCV disease and the hepatic parameters below are met.&#xD;
             Consideration should be given to curative HCV therapy prior to enrollment in&#xD;
             consultation with HCV clinician, if possible.&#xD;
&#xD;
         10. Any of the following laboratory abnormalities:&#xD;
&#xD;
               1. Serum AST/SGOT or ALT/SGPT &gt; 2.5 x ULN&#xD;
&#xD;
               2. Serum total bilirubin &gt; 1.5 x ULN. Higher levels are acceptable if these can be&#xD;
                  attributed to active RBC precursor destruction within the bone marrow (ie,&#xD;
                  ineffective erythropoiesis).&#xD;
&#xD;
               3. Evidence of autoimmune hemolytic anemia manifested as a corrected reticulocyte&#xD;
                  count of &gt; 2% with either a positive Direct Antiglobulin Test or over 50% of&#xD;
                  indirect bilirubin&#xD;
&#xD;
               4. Serum creatinine &gt; 2.5 x ULN&#xD;
&#xD;
               5. Absolute white blood cell count ≥ 20 x 109/L&#xD;
&#xD;
         11. Known or suspected hypersensitivity to azacitidine, mannitol, its constituents, or to&#xD;
             any other humanized monoclonal antibody.&#xD;
&#xD;
         12. Pregnant or breast-feeding females.&#xD;
&#xD;
         13. Clinical evidence of central nervous system (CNS) or pulmonary leukostasis,&#xD;
             disseminated intravascular coagulation, or CNS leukemia.&#xD;
&#xD;
         14. Any condition not already outlined above which, in the opinion of the clinical&#xD;
             investigator, would place the subject at risk if they participated or would jeopardise&#xD;
             adherence or follow up or confound the ability to interpret study data.&#xD;
      </textblock>
    </criteria>
    <gender>All</gender>
    <minimum_age>18 Years</minimum_age>
    <maximum_age>N/A</maximum_age>
    <healthy_volunteers>No</healthy_volunteers>
  </eligibility>
  <overall_official>
    <last_name>John Pimanda, MD</last_name>
    <role>Principal Investigator</role>
    <affiliation>University of New South Wales</affiliation>
  </overall_official>
  <location>
    <facility>
      <name>Calvary Mater Newcastle</name>
      <address>
        <city>Newcastle</city>
        <state>New South Wales</state>
        <zip>2298</zip>
        <country>Australia</country>
      </address>
    </facility>
  </location>
  <location>
    <facility>
      <name>Nepean Hospital</name>
      <address>
        <city>Penrith</city>
        <state>New South Wales</state>
        <zip>2750</zip>
        <country>Australia</country>
      </address>
    </facility>
  </location>
  <location>
    <facility>
      <name>Prince of Wales Hospital</name>
      <address>
        <city>Sydney</city>
        <state>New South Wales</state>
        <zip>2031</zip>
        <country>Australia</country>
      </address>
    </facility>
  </location>
  <location>
    <facility>
      <name>Royal North Shore Hospital</name>
      <address>
        <city>Sydney</city>
        <state>New South Wales</state>
        <zip>2065</zip>
        <country>Australia</country>
      </address>
    </facility>
  </location>
  <location>
    <facility>
      <name>Blacktown Hospital</name>
      <address>
        <city>Sydney</city>
        <state>New South Wales</state>
        <zip>2148</zip>
        <country>Australia</country>
      </address>
    </facility>
  </location>
  <location>
    <facility>
      <name>Liverpool Hospital</name>
      <address>
        <city>Sydney</city>
        <state>New South Wales</state>
        <zip>2170</zip>
        <country>Australia</country>
      </address>
    </facility>
  </location>
  <location>
    <facility>
      <name>Gosford and Wyong Hospitals</name>
      <address>
        <city>Sydney</city>
        <state>New South Wales</state>
        <zip>219</zip>
        <country>Australia</country>
      </address>
    </facility>
  </location>
  <location>
    <facility>
      <name>St George Hospital</name>
      <address>
        <city>Sydney</city>
        <state>New South Wales</state>
        <zip>2217</zip>
        <country>Australia</country>
      </address>
    </facility>
  </location>
  <location>
    <facility>
      <name>Royal Prince Alfred Hospital</name>
      <address>
        <city>Sydney</city>
        <state>New South Wales</state>
        <country>Australia</country>
      </address>
    </facility>
  </location>
  <location>
    <facility>
      <name>St Vincent's hospital</name>
      <address>
        <city>Sydney</city>
        <state>New South Wales</state>
        <country>Australia</country>
      </address>
    </facility>
  </location>
  <location>
    <facility>
      <name>Wollongong Hospital</name>
      <address>
        <city>Wollongong</city>
        <state>New South Wales</state>
        <zip>2500</zip>
        <country>Australia</country>
      </address>
    </facility>
  </location>
  <location_countries>
    <country>Australia</country>
  </location_countries>
  <verification_date>March 2022</verification_date>
  <study_first_submitted>March 27, 2018</study_first_submitted>
  <study_first_submitted_qc>April 3, 2018</study_first_submitted_qc>
  <study_first_posted type="Actual">April 10, 2018</study_first_posted>
  <last_update_submitted>March 29, 2022</last_update_submitted>
  <last_update_submitted_qc>March 29, 2022</last_update_submitted_qc>
  <last_update_posted type="Actual">March 31, 2022</last_update_posted>
  <responsible_party>
    <responsible_party_type>Sponsor</responsible_party_type>
  </responsible_party>
  <keyword>Myelodysplastic Syndrome</keyword>
  <keyword>MDS</keyword>
  <keyword>Acute Myeloid Leukemia</keyword>
  <keyword>AML</keyword>
  <keyword>Chronic Myelomonocytic Leukemia</keyword>
  <keyword>CMML</keyword>
  <condition_browse>
    <!-- CAUTION:  The following MeSH terms are assigned with an imperfect algorithm            -->
    <mesh_term>Leukemia</mesh_term>
    <mesh_term>Leukemia, Myeloid</mesh_term>
    <mesh_term>Leukemia, Myeloid, Acute</mesh_term>
    <mesh_term>Preleukemia</mesh_term>
    <mesh_term>Leukemia, Myelomonocytic, Chronic</mesh_term>
    <mesh_term>Leukemia, Myelomonocytic, Juvenile</mesh_term>
    <mesh_term>Myelodysplastic Syndromes</mesh_term>
  </condition_browse>
  <intervention_browse>
    <!-- CAUTION:  The following MeSH terms are assigned with an imperfect algorithm            -->
    <mesh_term>Azacitidine</mesh_term>
    <mesh_term>Cc-486</mesh_term>
  </intervention_browse>
  <patient_data>
    <sharing_ipd>Undecided</sharing_ipd>
  </patient_data>
  <!-- Results have not yet been posted for this study                                          -->
</clinical_study>

