<?xml version="1.0" encoding="UTF-8"?>
<clinical_study rank="326">
  <!-- This xml conforms to an XML Schema at:
    https://clinicaltrials.gov/ct2/html/images/info/public.xsd -->
  <required_header>
    <download_date>ClinicalTrials.gov processed this data on February 06, 2024</download_date>
    <link_text>Link to the current ClinicalTrials.gov record.</link_text>
    <url>https://clinicaltrials.gov/ct2/show/NCT00154388</url>
  </required_header>
  <id_info>
    <org_study_id>CSTI571B2225</org_study_id>
    <nct_id>NCT00154388</nct_id>
  </id_info>
  <brief_title>Phase II Study of Imatinib Mesylate in Patients With Life Threatening Malignant Rare Diseases</brief_title>
  <official_title>Phase II Study of Imatinib Mesylate in Patients With Life Threatening Malignant Rare Diseases</official_title>
  <sponsors>
    <lead_sponsor>
      <agency>Novartis Pharmaceuticals</agency>
      <agency_class>Industry</agency_class>
    </lead_sponsor>
  </sponsors>
  <source>Novartis</source>
  <brief_summary>
    <textblock>
      Exploratory study to examine the effect(s) of Imatinib mesylate treatment on life threatening&#xD;
      rare diseases with known associations to one or more Imatinib mesylate -sensitive tyrosine&#xD;
      kinases, and to identify the contribution of specific protein tyrosine kinases (PTKs) of that&#xD;
      specific disease.&#xD;
    </textblock>
  </brief_summary>
  <overall_status>Completed</overall_status>
  <start_date>February 2001</start_date>
  <completion_date type="Actual">January 2007</completion_date>
  <primary_completion_date type="Actual">January 2007</primary_completion_date>
  <phase>Phase 2</phase>
  <study_type>Interventional</study_type>
  <has_expanded_access>No</has_expanded_access>
  <study_design_info>
    <allocation>Non-Randomized</allocation>
    <intervention_model>Parallel Assignment</intervention_model>
    <primary_purpose>Treatment</primary_purpose>
    <masking>None (Open Label)</masking>
  </study_design_info>
  <primary_outcome>
    <measure>To examine the effect(s) of Imatinib mesylate treatment on life threatening rare diseases with known associations to one or more Imatinib mesylate-sensitive tyrosine kinases</measure>
  </primary_outcome>
  <primary_outcome>
    <measure>To identify the contribution of specific protein tyrosine kinases (PTKs) of that specific disease</measure>
  </primary_outcome>
  <secondary_outcome>
    <measure>To assess the safety and tolerability of Imatinib mesylate</measure>
  </secondary_outcome>
  <secondary_outcome>
    <measure>To evaluate the pharmacokinetic profile of Imatinib mesylate</measure>
  </secondary_outcome>
  <secondary_outcome>
    <measure>To assess, where feasible, the functional significance of relevant signal-transduction components in target tissues</measure>
  </secondary_outcome>
  <enrollment type="Actual">185</enrollment>
  <condition>Life Threatening Diseases</condition>
  <intervention>
    <intervention_type>Drug</intervention_type>
    <intervention_name>Imatinib mesylate</intervention_name>
  </intervention>
  <eligibility>
    <criteria>
      <textblock>
        Inclusion Criteria:&#xD;
&#xD;
          -  Patients ≥ 15 years of age&#xD;
&#xD;
          -  Life threatening disease documented by conventional criteria to be resistant to&#xD;
             standard, approved therapy.&#xD;
&#xD;
          -  Experimental documentation of functional significance of either Abl, Kit (CD117), or&#xD;
             PDGF-R in the relevant target tissue (preferably on a sample taken within 6 weeks of&#xD;
             study entry).&#xD;
&#xD;
          -  ECOG Performance status of 0, 1, or 2.&#xD;
&#xD;
          -  Adequate end organ function defined as: total bilirubin &lt; 1.5 x ULN, SGOT and SGPT &lt;&#xD;
             2.5 x UNL (or &lt; 5 x ULN for patients with hepatic disease), creatinine &lt; 1.5 x ULN,&#xD;
             ANC &gt; 1.5 x 109/L, platelets &gt; 100 x 109/L.&#xD;
&#xD;
          -  Negative serum or urine pregnancy test for women of child bearing potential (WOCBP)&#xD;
             within 7 days of study initiation. Post menopausal women must have experienced&#xD;
             amenorrhea for at least 12 months. Male and female patients must use effective birth&#xD;
             control methods throughout the study and for up to 3 months after study&#xD;
             discontinuation.&#xD;
&#xD;
          -  Life expectancy of more than 3 months.&#xD;
&#xD;
          -  Written, voluntary, informed consent for retrieval, evaluation and investigational use&#xD;
             of tissue samples.&#xD;
&#xD;
        Exclusion Criteria:&#xD;
&#xD;
          -  Patients who have received any other investigational agent within 28 days of study&#xD;
             initiation.&#xD;
&#xD;
          -  Patients with another primary malignancy except if other primary malignancy is neither&#xD;
             currently clinically significant nor requiring active intervention.&#xD;
&#xD;
          -  Patients with Grade III/IV cardiac problems defined by the New York Heart Association&#xD;
             Criteria (e.g. congestive heart failure, myocardial infarction within 6 months of&#xD;
             study).&#xD;
&#xD;
          -  Female patients who are pregnant or breast-feeding.&#xD;
&#xD;
          -  Patients who have another severe and/or life threatening medical disease.&#xD;
&#xD;
          -  Patients with acute or known chronic liver disease (e.g. chronic active hepatitis,&#xD;
             cirrhosis).&#xD;
&#xD;
          -  Patients with a known diagnosis of the human immunodeficiency virus ((HIV) infection.&#xD;
&#xD;
          -  Patients who have received chemotherapy within 4 weeks (6 weeks allowed for&#xD;
             nitrosourea, mitomycin-C or any antibody therapy) prior to study entry.&#xD;
&#xD;
          -  Patients who have had major surgery within 2 weeks prior to study entry.&#xD;
&#xD;
          -  Patients with any significant history of non-compliance to medical regimens or with&#xD;
             inability to grant reliable informed consent.&#xD;
&#xD;
        Other protocol-defined inclusion/exclusion criteria may apply.&#xD;
      </textblock>
    </criteria>
    <gender>All</gender>
    <minimum_age>15 Years</minimum_age>
    <maximum_age>70 Years</maximum_age>
    <healthy_volunteers>No</healthy_volunteers>
  </eligibility>
  <overall_official>
    <last_name>Michael Heinrich, MD</last_name>
    <role>Principal Investigator</role>
    <affiliation>Oregon Health and Science University</affiliation>
  </overall_official>
  <results_reference>
    <citation>Chugh R, Wathen JK, Maki RG, Benjamin RS, Patel SR, Meyers PA, Priebat DA, Reinke DK, Thomas DG, Keohan ML, Samuels BL, Baker LH. Phase II multicenter trial of imatinib in 10 histologic subtypes of sarcoma using a bayesian hierarchical statistical model. J Clin Oncol. 2009 Jul 1;27(19):3148-53. doi: 10.1200/JCO.2008.20.5054. Epub 2009 May 18. Erratum In: J Clin Oncol. 2009 Sep 20;27(27):4630. Myers, Paul A [corrected to Meyers, Paul A].</citation>
    <PMID>19451433</PMID>
  </results_reference>
  <verification_date>November 2016</verification_date>
  <study_first_submitted>September 9, 2005</study_first_submitted>
  <study_first_submitted_qc>September 9, 2005</study_first_submitted_qc>
  <study_first_posted type="Estimate">September 12, 2005</study_first_posted>
  <last_update_submitted>November 16, 2016</last_update_submitted>
  <last_update_submitted_qc>November 16, 2016</last_update_submitted_qc>
  <last_update_posted type="Estimate">November 18, 2016</last_update_posted>
  <responsible_party>
    <responsible_party_type>Sponsor</responsible_party_type>
  </responsible_party>
  <keyword>adenocarcinoma</keyword>
  <keyword>leiomyosarcoma</keyword>
  <keyword>angiosarcoma</keyword>
  <keyword>synovial sarcoma</keyword>
  <keyword>myelodysplastic syndrome/HES</keyword>
  <keyword>CMML</keyword>
  <keyword>multiple myeloma</keyword>
  <keyword>embryonal rhabdomyosarcoma</keyword>
  <keyword>endometrial sarcoma</keyword>
  <keyword>adenoid cystic carcinoma</keyword>
  <keyword>fibromatosis</keyword>
  <keyword>ductal invasive breast carcinoma</keyword>
  <keyword>chondrosarcoma</keyword>
  <keyword>pleural tumor</keyword>
  <keyword>brenner tumor</keyword>
  <keyword>ewing sarcoma</keyword>
  <keyword>round cell tumor</keyword>
  <keyword>seminoma</keyword>
  <keyword>thymic carcinoma</keyword>
  <keyword>malignant melanoma</keyword>
  <keyword>fibrosarcoma breast</keyword>
  <keyword>dermatofibrosarcoma protuberans</keyword>
  <keyword>DFSP</keyword>
  <keyword>ovarian stromal tumor</keyword>
  <keyword>osteosarcoma</keyword>
  <keyword>chorioideal melanoma</keyword>
  <keyword>hemangiopericytoma</keyword>
  <keyword>myelofibrosis</keyword>
  <keyword>liposarcoma</keyword>
  <keyword>SCLC</keyword>
  <keyword>small cell lung carcinoma</keyword>
  <keyword>hypereosinophilic syndrome</keyword>
  <keyword>chronic myelo-monocytic leukemia</keyword>
  <keyword>neurofibrosarcoma</keyword>
  <keyword>mesothelioma</keyword>
  <keyword>malignant mesenchymoma</keyword>
  <keyword>malignant schwannoma</keyword>
  <keyword>mast cell leukemia / mastocytosis</keyword>
  <keyword>renal cell carcinoma</keyword>
  <keyword>malignant histocytoma</keyword>
  <keyword>chordoma</keyword>
  <condition_browse>
    <!-- CAUTION:  The following MeSH terms are assigned with an imperfect algorithm            -->
    <mesh_term>Rare Diseases</mesh_term>
  </condition_browse>
  <intervention_browse>
    <!-- CAUTION:  The following MeSH terms are assigned with an imperfect algorithm            -->
    <mesh_term>Imatinib Mesylate</mesh_term>
  </intervention_browse>
  <!-- Results have not yet been posted for this study                                          -->
</clinical_study>

