<?xml version="1.0" encoding="UTF-8"?>
<clinical_study rank="28">
  <!-- This xml conforms to an XML Schema at:
    https://clinicaltrials.gov/ct2/html/images/info/public.xsd -->
  <required_header>
    <download_date>ClinicalTrials.gov processed this data on February 06, 2024</download_date>
    <link_text>Link to the current ClinicalTrials.gov record.</link_text>
    <url>https://clinicaltrials.gov/ct2/show/NCT04217720</url>
  </required_header>
  <id_info>
    <org_study_id>SNS-301-2-1</org_study_id>
    <nct_id>NCT04217720</nct_id>
  </id_info>
  <brief_title>SNS-301 Monotherapy in High Risk MDS and CMML</brief_title>
  <official_title>An Open-Label, Multi-Center Phase 2 Clinical Trial Evaluating SNS-301 in Patients With ASPH+ High Risk Myelodysplastic Syndrome and Chronic Myelomonocytic Leukemia</official_title>
  <sponsors>
    <lead_sponsor>
      <agency>Sensei Biotherapeutics, Inc.</agency>
      <agency_class>Industry</agency_class>
    </lead_sponsor>
  </sponsors>
  <source>Sensei Biotherapeutics, Inc.</source>
  <oversight_info>
    <has_dmc>No</has_dmc>
    <is_fda_regulated_drug>Yes</is_fda_regulated_drug>
    <is_fda_regulated_device>No</is_fda_regulated_device>
  </oversight_info>
  <brief_summary>
    <textblock>
      To evaluate safety, immunogenicity and anti-tumor responses of intradermally delivered&#xD;
      SNS-301 in patients with ASPH+ high risk MDS and CMML.&#xD;
    </textblock>
  </brief_summary>
  <detailed_description>
    <textblock>
      This phase 2, open-label, multi-center trial to evaluate the safety, immunogenicity and&#xD;
      preliminary clinical efficacy of intradermally-delivered SNS-301 delivered using the 3M®&#xD;
      hollow microstructured transdermal system (hMTS) device in patients with ASPH+ high risk&#xD;
      myelodysplastic syndrome (MDS) and chronic myelomonocytic leukemia (CMML). The trial&#xD;
      population consists of high risk ≥ Intermediate Risk-3 (IR-3) MDS and CMML-2.&#xD;
    </textblock>
  </detailed_description>
  <overall_status>Withdrawn</overall_status>
  <why_stopped>
    Sponsor decision&#xD;
  </why_stopped>
  <start_date type="Anticipated">April 1, 2020</start_date>
  <completion_date type="Anticipated">January 1, 2023</completion_date>
  <primary_completion_date type="Anticipated">January 1, 2022</primary_completion_date>
  <phase>Phase 2</phase>
  <study_type>Interventional</study_type>
  <has_expanded_access>No</has_expanded_access>
  <study_design_info>
    <allocation>N/A</allocation>
    <intervention_model>Single Group Assignment</intervention_model>
    <primary_purpose>Treatment</primary_purpose>
    <masking>None (Open Label)</masking>
  </study_design_info>
  <primary_outcome>
    <measure>Adverse events of SNS-301</measure>
    <time_frame>12 weeks</time_frame>
    <description>Number of adverse events including adverse events of special interest as assessed by CTCAE v5.0</description>
  </primary_outcome>
  <primary_outcome>
    <measure>Objective response rate by International Working Group (IWG) 2006 criteria</measure>
    <time_frame>12 weeks</time_frame>
    <description>Best objective response during the study</description>
  </primary_outcome>
  <primary_outcome>
    <measure>Minimal residual disease by IWG 2006 criteria</measure>
    <time_frame>12 weeks</time_frame>
    <description>Minimal residual disease by peripheral and bone marrow blast count during the study</description>
  </primary_outcome>
  <primary_outcome>
    <measure>Duration of Response by IWG 2006 criteria</measure>
    <time_frame>12 weeks</time_frame>
    <description>Duration of response calculated from date of first response to date of progression</description>
  </primary_outcome>
  <primary_outcome>
    <measure>Disease control rate (DCR) by IWG 2006 criteria</measure>
    <time_frame>12 weeks</time_frame>
    <description>Disease control rate calculated as the proportion of patients with stable disease or better</description>
  </primary_outcome>
  <primary_outcome>
    <measure>Progression Free Survival (PFS) as assessed by IWG 2006 criteria</measure>
    <time_frame>12 weeks</time_frame>
    <description>Progression free survival calculated from the date of start of treatment to date of progression</description>
  </primary_outcome>
  <primary_outcome>
    <measure>Overall Survival</measure>
    <time_frame>36 months</time_frame>
    <description>Overall survival calculated from date of treatment to date of death</description>
  </primary_outcome>
  <secondary_outcome>
    <measure>Measurement of ASPH specific responses</measure>
    <time_frame>up to 12 weeks</time_frame>
    <description>Evaluate blood and tissue ASPH-specific responses at pretreatment, changes during treatment and at progression or end of study in all study participants where sample is available for analysis</description>
  </secondary_outcome>
  <secondary_outcome>
    <measure>Measurement of T cell immune response</measure>
    <time_frame>up 12 weeks</time_frame>
    <description>Characterize blood and bone marrow T cell types and numbers at pretreatment, changes during treatment and at progression or end of study in all study participants where sample is available for analysis</description>
  </secondary_outcome>
  <secondary_outcome>
    <measure>Measurement B cell immune responses</measure>
    <time_frame>up to 12 weeks</time_frame>
    <description>Characterize blood and bone marrow B cell numbers at pretreatment, changes during treatment and at progression or end of study in all study participants where sample is available for analyses</description>
  </secondary_outcome>
  <secondary_outcome>
    <measure>Evaluation of immune gene transcript profiles</measure>
    <time_frame>up to12 weeks</time_frame>
    <description>Determine changes in commercially available gene signature panels in blood and bone marrow pretreatment, during treatment and at progression in all study participants where sample is available for analysis</description>
  </secondary_outcome>
  <secondary_outcome>
    <measure>Measurement of pro-inflammatory and/or immunosuppressive molecules</measure>
    <time_frame>up to 12 weeks</time_frame>
    <description>The immunological response of pro-inflammatory/immunosuppressive molecules will be observed before, during and after treatment using commercially available assays. Analyses will be performed both on blood and bone marrow samples in all study participants where sample is available for analysis</description>
  </secondary_outcome>
  <secondary_outcome>
    <measure>Measurement of oncoprotein expression</measure>
    <time_frame>up to 12 weeks</time_frame>
    <description>Changes in oncoprotein levels will be evaluated before, during and after treatment using methods such as flow cytometry. Analyses will be performed both on blood and bone marrow samples in all study participants where sample is available for analysis</description>
  </secondary_outcome>
  <number_of_arms>1</number_of_arms>
  <enrollment type="Actual">0</enrollment>
  <condition>Myelodysplastic Syndromes</condition>
  <condition>Chronic Myelomonocytic Leukemia (CMML)</condition>
  <arm_group>
    <arm_group_label>SNS-301</arm_group_label>
    <arm_group_type>Experimental</arm_group_type>
    <description>SNS-301</description>
  </arm_group>
  <intervention>
    <intervention_type>Drug</intervention_type>
    <intervention_name>SNS-301</intervention_name>
    <description>SNS-301 (1x 1011 dose/1ml) ID injection every 3 weeks for 4 doses then every 6 weeks for 6 additional doses, and thereafter every 12 weeks up to 24 months.</description>
    <arm_group_label>SNS-301</arm_group_label>
  </intervention>
  <eligibility>
    <criteria>
      <textblock>
        Inclusion Criteria:&#xD;
&#xD;
          1. Signed informed consent.&#xD;
&#xD;
          2. Be 18 years of age or older.&#xD;
&#xD;
          3. Confirmed diagnosis of MDS or CMML.&#xD;
&#xD;
          4. Assessment of high-risk-MDS/CMML status defined as follows:&#xD;
&#xD;
               1. MDS: IPSS-R criteria for categorization ≥ Intermediate Risk-3&#xD;
&#xD;
               2. CMML: WHO criteria for CMML-2 (peripheral blasts of 5% to 19%, and 10% to 19%&#xD;
                  bone marrow blasts and/or presence of Auer rods).&#xD;
&#xD;
          5. Be willing to provide a fresh bone marrow aspirate sample at pre-treatment and&#xD;
             demonstrate ASPH expression by flow cytometry.&#xD;
&#xD;
          6. Patient who has relapsed or is refractory / intolerant of hypomethylating agents&#xD;
             (HMAs) or not responding to 4 treatment cycles of decitabine or 6 treatment cycles of&#xD;
             azacytidine or progressing at any point after initiation of an HMA.&#xD;
&#xD;
          7. Patient refuses or is not considered a candidate for intensive induction chemotherapy&#xD;
             using consensus criteria for defining such patients.&#xD;
&#xD;
          8. Patients with CMML must have been treated with at least 1 prior therapy (hydroxyurea&#xD;
             or an HMA).&#xD;
&#xD;
          9. Eastern Cooperative Oncology Group (ECOG) Performance Scale 0-1.&#xD;
&#xD;
         10. Demonstrate adequate organ function: renal, hepatic, coagulation parameters.&#xD;
&#xD;
         11. For women of childbearing potential: agreement to remain abstinent (refrain from&#xD;
             heterosexual intercourse) or use two highly effective contraceptive methods during the&#xD;
             treatment period and for at least 180 days after the last dose of study treatment. For&#xD;
             male patients: Agree that during the period specified above, men will not father a&#xD;
             child. Male patients must remain abstinent, must be surgically sterile during the&#xD;
             treatment period and for at least 180 days after the last dose of study treatment.&#xD;
&#xD;
        Exclusion Criteria:&#xD;
&#xD;
          1. Any approved anti-cancer therapy including chemotherapy, targeted small molecule&#xD;
             therapy or radiation therapy within 2 weeks prior to trial Day 0.&#xD;
&#xD;
          2. Participated on a clinical trial of an investigational agent and/or investigational&#xD;
             device within 28 days prior to Day 0.&#xD;
&#xD;
          3. Malignancies other than indications open for enrollment within 3 years prior to Day 0.&#xD;
&#xD;
          4. Diagnosis of a core binding factor leukemia (t(8;21), t(16;16); or inv(16)) or&#xD;
             diagnosis of acute promyelocytic leukemia (t(15;17)).&#xD;
&#xD;
          5. Active or history of autoimmune disease or immune deficiency.&#xD;
&#xD;
          6. History of HIV. HIV antibody testing recommended per investigator's clinical&#xD;
             suspicion.&#xD;
&#xD;
          7. Active hepatitis B (hepatitis B surface antigen reactive) or active hepatitis C (HCV&#xD;
             qualitative RNA detected); testing recommended per investigator's clinical suspicion.&#xD;
&#xD;
          8. Severe infections within 4 weeks prior to enrollment.&#xD;
&#xD;
          9. Received therapeutic oral or IV antibiotics within 2 weeks prior to Day 0.&#xD;
&#xD;
         10. History or current evidence of any condition, therapy or laboratory abnormality that&#xD;
             in the opinion of the treating investigator might confound the results of the trial.&#xD;
&#xD;
         11. Known previous or ongoing, active psychiatric or substance abuse disorders that would&#xD;
             interfere with the requirements of the trial.&#xD;
&#xD;
         12. Treatment with systemic immunomodulating agents (including but not limited to IFNs,&#xD;
             IL-2) within 6 weeks or five half-lives of the drug, whichever is shorter, prior to&#xD;
             first dose.&#xD;
&#xD;
         13. Treatment with systemic immunosuppressive medication within 2 weeks prior to&#xD;
             initiation of study treatment, or anticipation of need for systemic immunosuppressive&#xD;
             medication during the course of the study.&#xD;
      </textblock>
    </criteria>
    <gender>All</gender>
    <minimum_age>18 Years</minimum_age>
    <maximum_age>N/A</maximum_age>
    <healthy_volunteers>No</healthy_volunteers>
  </eligibility>
  <overall_official>
    <last_name>Ildiko Csiki, MD, PhD</last_name>
    <role>Study Director</role>
    <affiliation>Sensei Biotherapeutics</affiliation>
  </overall_official>
  <verification_date>August 2021</verification_date>
  <study_first_submitted>October 31, 2019</study_first_submitted>
  <study_first_submitted_qc>January 2, 2020</study_first_submitted_qc>
  <study_first_posted type="Actual">January 3, 2020</study_first_posted>
  <last_update_submitted>August 9, 2021</last_update_submitted>
  <last_update_submitted_qc>August 9, 2021</last_update_submitted_qc>
  <last_update_posted type="Actual">August 12, 2021</last_update_posted>
  <responsible_party>
    <responsible_party_type>Sponsor</responsible_party_type>
  </responsible_party>
  <condition_browse>
    <!-- CAUTION:  The following MeSH terms are assigned with an imperfect algorithm            -->
    <mesh_term>Leukemia</mesh_term>
    <mesh_term>Preleukemia</mesh_term>
    <mesh_term>Leukemia, Myelomonocytic, Chronic</mesh_term>
    <mesh_term>Leukemia, Myelomonocytic, Juvenile</mesh_term>
    <mesh_term>Myelodysplastic Syndromes</mesh_term>
  </condition_browse>
  <patient_data>
    <sharing_ipd>Yes</sharing_ipd>
    <ipd_description>Individual participant data that underline the results reported in the article, after deidentification (text, tables, figures and appendices) will be shared to researchers who have provide a methodologically sound proposal and sign a data access agreement.</ipd_description>
    <ipd_info_type>Study Protocol</ipd_info_type>
    <ipd_time_frame>Beginning 9 months and ending 36 months following article publication.</ipd_time_frame>
    <ipd_access_criteria>Access will be considered to researchers who provide a methodologically sound proposal. Analysis must achieve the aims outlined in the approved proposal Proposals should be directed to info@senseibio.com. To gain access, data requestors will need to sign a data access agreement. Data are available for 36 months following article publication.</ipd_access_criteria>
  </patient_data>
  <!-- Results have not yet been posted for this study                                          -->
</clinical_study>

