<?xml version="1.0" encoding="UTF-8"?>
<clinical_study rank="189">
  <!-- This xml conforms to an XML Schema at:
    https://clinicaltrials.gov/ct2/html/images/info/public.xsd -->
  <required_header>
    <download_date>ClinicalTrials.gov processed this data on February 06, 2024</download_date>
    <link_text>Link to the current ClinicalTrials.gov record.</link_text>
    <url>https://clinicaltrials.gov/ct2/show/NCT00885508</url>
  </required_header>
  <id_info>
    <org_study_id>GFM-Chimio-Rev-08</org_study_id>
    <nct_id>NCT00885508</nct_id>
    <nct_alias>NCT00922298</nct_alias>
  </id_info>
  <brief_title>A Study of the Efficacy and Safety of Lenalidomide Combined to Escalating Doses of Chemotherapy in Intermediate-2-or High Risk Myelodysplastic Syndrome (MDS) and Acute Myeloid Leukemia (AML) With Del 5q</brief_title>
  <acronym>GFM-Chimio-Rev</acronym>
  <official_title>A Phase II Study of the Efficacy and Safety of Lenalidomide Combined to Escalating Doses of Chemotherapy in Intermediate-2-or High Risk MDS and AML With Del 5q</official_title>
  <sponsors>
    <lead_sponsor>
      <agency>Groupe Francophone des Myelodysplasies</agency>
      <agency_class>Other</agency_class>
    </lead_sponsor>
    <collaborator>
      <agency>Celgene Corporation</agency>
      <agency_class>Industry</agency_class>
    </collaborator>
  </sponsors>
  <source>Groupe Francophone des Myelodysplasies</source>
  <oversight_info>
    <has_dmc>Yes</has_dmc>
  </oversight_info>
  <brief_summary>
    <textblock>
      In this trial, the investigators will test the combination of escalating doses of&#xD;
      chemotherapy (starting at relatively low dose) with lenalidomide in intermediate-2-or high&#xD;
      risk MDS and AML with del 5 q31. It is hoped that this combined therapy will further increase&#xD;
      response rate in intermediate-2-or high risk MDS and AML with del 5 q31, without major&#xD;
      toxicity in comparison to historical results obtained with chemotherapy alone in the same&#xD;
      subset of patients.&#xD;
    </textblock>
  </brief_summary>
  <detailed_description>
    <textblock>
      Patients will receive lenalidomide combined to DNR- AraC chemotherapy. The first 31 patients&#xD;
      will receive DNR 45 mg/m2/d, during 3 days, and AraC 200mg/m2/d CI during 7 days.&#xD;
&#xD;
      Progression or not to the next cohort DNR 60 mgm2/d x3d and AraC 200mg/m2d x7d , or on the&#xD;
      contrary reduction to the lower cohort DNR 30 mgm2/d x3d and AraC 200mg/m2d x5d will be&#xD;
      decided after inclusion of fixed numbers of patients ,after review of toxicity and efficacy&#xD;
      by an independent safety review committee (SRC).&#xD;
&#xD;
      Efficacy would be defined as a response rate ≥50%. After inclusion of the first 31 patients,&#xD;
      the SRC will choose the cohort dose the last 33 patients will receive, based on toxicity and&#xD;
      efficacy criteria.&#xD;
&#xD;
        1. Induction treatment Lenalidomide 10 mg once daily PO during 3 weeks . DNR 30-45-or 60&#xD;
           mg/m2 /d (depending on the cohort during 3 days (IV push)- AraC 200mg/m2/d during 5- 7&#xD;
           or 7 days (continuous infusion)+ G-CSF (lenograstim): 263 ug/d from day 9, until&#xD;
           recovery from aplasia (maximum 30 days).&#xD;
&#xD;
           Evaluation will be performed after recovery from aplasia, on day 40 at the latest (with&#xD;
           marrow aspirate and karyotype).&#xD;
&#xD;
           Patients in hematological CR, CRi or marrow CR will proceed to consolidation treatment&#xD;
&#xD;
           :Once the cohort dose has been decided by the SRC, a second cohort of 33 patients will&#xD;
           be enrolled&#xD;
&#xD;
        2. Consolidation treatment (in patients who achieved CR, Cri, or marrow CR) 6 monthly&#xD;
           courses of : DNR (at the daily dose required to achieve CR) day1, combined to AraC 60&#xD;
           mg/m2/12h SC during 5 days will be given.&#xD;
&#xD;
           Lenalidomide 10 mg/ d during the first 2 weeks of the course.&#xD;
&#xD;
        3. Maintenance treatment Lenalidomide 10 mg/d 2 weeks every month until relapse (dose&#xD;
           reduced if cytopenias) In patients still responding after 52 weeks, the drug will&#xD;
           continue to be supplied, and follow up until death will be continued in all patients.&#xD;
&#xD;
      SECOND PART OF THE TRIAL AFTER AMENDMENT Treatment schedule of the 2nd Part of the trial&#xD;
&#xD;
      In dose level 4, 20 patients will receive lenalidomide 25 mg/d during 21 days combined to&#xD;
      DNR- AraC chemotherapy (DNR 60 mgm2/d x3d and AraC 200mg/m2d x7d) during induction. During&#xD;
      consolidation, patients will receive Lenalidomide 25 mg/d during 14 days, combined with DNR&#xD;
      60 mgm2/d x1d and AraC 60 mg/m2 x2/d x5d. finally, during maintenance, patients will receive&#xD;
      Lenaidomide 25 mg/d x14d every months, until relapse.&#xD;
&#xD;
      Progression or not to the next cohort (Lenaidomide 50 mg) will be decided after inclusion of&#xD;
      20 patients, after review of toxicity and efficacy by an independent safety review committee&#xD;
      (SRC) (Briefly, given median times to reach ANC and platelets &gt; 500 and 50000/mm3,&#xD;
      respectively of about 27 days in our previous trial with chemotherapy alone (Gardin, Blood),&#xD;
      DLT would be defined by having greater than 3 of 10 patients recovering those levels after&#xD;
      more than 40 days, or the occurrence of unexpected grade III-IV non hematological toxicity).&#xD;
      Efficacy would be defined as a response rate ≥60%.&#xD;
&#xD;
      In dose level 5, 20 patients will receive lenalidomide 50 mg/d during 21 days combined to&#xD;
      DNR- AraC chemotherapy (DNR 60 mgm2/d x3d and AraC 200mg/m2d x7d) during induction. During&#xD;
      consolidation, patients will receive Lenalidomide 50 mg/d during 14 days, combined with DNR&#xD;
      60 mgm2/d x1d and AraC 60 mg/m2 x2/d x5d. finally, during maintenance, patients will receive&#xD;
      Lenaidomide 50 mg/d x14d every months, until relapse.&#xD;
    </textblock>
  </detailed_description>
  <overall_status>Unknown status</overall_status>
  <last_known_status>Active, not recruiting</last_known_status>
  <start_date>February 2009</start_date>
  <completion_date type="Anticipated">December 2015</completion_date>
  <primary_completion_date type="Anticipated">December 2015</primary_completion_date>
  <phase>Phase 2</phase>
  <study_type>Interventional</study_type>
  <has_expanded_access>No</has_expanded_access>
  <study_design_info>
    <allocation>N/A</allocation>
    <intervention_model>Single Group Assignment</intervention_model>
    <primary_purpose>Treatment</primary_purpose>
    <masking>None (Open Label)</masking>
  </study_design_info>
  <primary_outcome>
    <measure>Response (CR, mCR and Cri, according to IWG criteria for AML and IWG 2006 criteria for MDS) to the combination of lenalidomide and chemotherapy in adult high and int 2 MDS (IPSS) or AML with deletion 5q[31]</measure>
    <time_frame>At the end of induction</time_frame>
  </primary_outcome>
  <secondary_outcome>
    <measure>Duration of response</measure>
    <time_frame>At 1 and 2 years</time_frame>
  </secondary_outcome>
  <secondary_outcome>
    <measure>Progression to AML</measure>
    <time_frame>At 1 and 2 years</time_frame>
  </secondary_outcome>
  <secondary_outcome>
    <measure>Survival and safety of the combination of lenalidomide and chemotherapy</measure>
    <time_frame>At 1 and 2 years</time_frame>
  </secondary_outcome>
  <number_of_arms>1</number_of_arms>
  <enrollment type="Actual">85</enrollment>
  <condition>Myelodysplastic Syndrome</condition>
  <condition>Chronic Myelomonocytic Leukemia</condition>
  <condition>Acute Myeloid Leukemia</condition>
  <arm_group>
    <arm_group_label>Aracytidine, Daunaurubicine, Lenalidomide</arm_group_label>
    <arm_group_type>Experimental</arm_group_type>
  </arm_group>
  <intervention>
    <intervention_type>Drug</intervention_type>
    <intervention_name>Lenalidomide</intervention_name>
    <description>Induction treatment Lenalidomide 10 mg once daily PO during 3 weeks . in combination with classical 7+3 chemotherapy.&#xD;
Consolidation treatment 6 monthly courses of : Lenalidomide 10 mg/ d during the first 2 weeks in combination with classical 5+1 consolidation chemotherapy&#xD;
Maintenance treatment Lenalidomide 10 mg/d 2 weeks every month until relapse&#xD;
In absence of toxicity, 20 additionnal patients will be included with lenalidomide dose of 25mg/J, then 20 other additionnals patients with Lenalidomide 50mg/J</description>
    <arm_group_label>Aracytidine, Daunaurubicine, Lenalidomide</arm_group_label>
  </intervention>
  <eligibility>
    <criteria>
      <textblock>
        Inclusion Criteria:&#xD;
&#xD;
          1. Age ≥ 18 years&#xD;
&#xD;
          2. Must understand and voluntarily sign an informed consent form&#xD;
&#xD;
          3. Must be able to adhere to the study visit schedule and other protocol requirements&#xD;
&#xD;
          4. No contra indication to anthracycline based chemotherapy&#xD;
&#xD;
          5. Documented diagnosis of MDS, or CMML with WBC &lt; 13,000/mm3 that meets IPSS criteria&#xD;
             for intermediate-2 or high-risk disease, or AML with an associated del 5q[31] (the&#xD;
             deleted chromosomal region must include 5q[31]), with or without additional&#xD;
             cytogenetic abnormalities&#xD;
&#xD;
          6. Female subjects of childbearing potential must:&#xD;
&#xD;
               -  Understand that the study medication could have a potential teratogenic risk&#xD;
&#xD;
               -  Agree to use, and be able to comply with, effective contraception without&#xD;
                  interruption, 4 weeks before starting study drug, throughout study drug therapy&#xD;
                  (including dose interruptions) and for 4 weeks after the end of study drug&#xD;
                  therapy, even if she has amenorrhoea. This applies unless the subject commits to&#xD;
                  absolute and continued abstinence confirmed on a monthly basis. The following are&#xD;
                  effective methods of contraception:&#xD;
&#xD;
                    -  Implant, Levonorgestrel-releasing intrauterine system (IUS) (prophylactic&#xD;
                       antibiotics should be considered at the time of insertion particularly in&#xD;
                       patients with neutropenia due to risk of infection) , Medroxyprogesterone&#xD;
                       acetate depot, Tubal sterilization, Ovulation inhibitory progesterone-only&#xD;
                       pills (i.e., desogestrel), Sexual intercourse with a vasectomised male&#xD;
                       partner only; vasectomy must be confirmed by two negative semen analyses.&#xD;
&#xD;
                    -  Combined oral contraceptive pills are not recommended. If a subject was&#xD;
                       using combined oral contraception, she must switch to one of the methods&#xD;
                       above. The increased risk of VTE continues for 4 to 6 weeks after stopping&#xD;
                       combined oral contraception.&#xD;
&#xD;
               -  Agree to have a medically supervised pregnancy test with a minimum sensitivity of&#xD;
                  25 mIU/ml not more than 3 days from the start of study medication once the&#xD;
                  subject has been on effective contraception for at least 4 weeks. This&#xD;
                  requirement also applies to women of childbearing potential who practice complete&#xD;
                  and continued abstinence.&#xD;
&#xD;
               -  Agree to have a medically supervised pregnancy test every 4 weeks including 4&#xD;
                  weeks after the end of study treatment, except in the case of confirmed tubal&#xD;
                  sterilization. These tests should be performed not more than 3 days before the&#xD;
                  start of next treatment. This requirement also applies to women of childbearing&#xD;
                  potential who practice complete and continued abstinence&#xD;
&#xD;
          7. Male subjects must:&#xD;
&#xD;
               -  Agree to use condoms throughout study drug therapy, during any dose interruption&#xD;
                  and for one week after cessation of study therapy if their partner is of&#xD;
                  childbearing potential and has no contraception.&#xD;
&#xD;
               -  Agree not to donate semen during study drug therapy and for one week after end of&#xD;
                  study drug therapy.&#xD;
&#xD;
          8. All subjects must:&#xD;
&#xD;
               -  Agree to abstain from donating blood while taking study drug therapy and for one&#xD;
                  week following discontinuation of study drug therapy.&#xD;
&#xD;
               -  Agree not to share study medication with another person and to return all unused&#xD;
                  study drug to the investigator&#xD;
&#xD;
        Exclusion Criteria:&#xD;
&#xD;
          1. Pregnant or lactating females.&#xD;
&#xD;
          2. Contra indication to anthracycline based chemotherapy.&#xD;
&#xD;
          3. Proliferative (WBC ≥ 13,000/mL) CMML.&#xD;
&#xD;
          4. Prior ≥ grade-2 NCI CTCAE (v 3.0) allergic reaction to thalidomide.&#xD;
&#xD;
          5. Prior desquamating (blistering) rash while taking thalidomide.&#xD;
&#xD;
          6. Prior history of malignancy other than MDS unless the subject has been free of disease&#xD;
             for ≥ 5 years.&#xD;
&#xD;
          7. Use of cytotoxic chemotherapeutic agents or experimental agents (agents that are not&#xD;
             commercially available) for the treatment of MDS within 28 days .&#xD;
&#xD;
          8. Less than 6 months since prior allogeneic bone marrow transplantation.&#xD;
&#xD;
          9. Less than 3 months since prior autologous bone marrow or stem cell transplantation.&#xD;
&#xD;
         10. Recombinant human erythropoietin (rHuEPO) therapy received within 28 days.&#xD;
&#xD;
         11. Known HIV-1 positivity.&#xD;
&#xD;
         12. Any serious medical condition or psychiatric illness that will prevent the subject&#xD;
             from signing the informed consent form or will place the subject at unacceptable risk&#xD;
             if he or she participates in the study.&#xD;
&#xD;
         13. Creatinine Clearance&lt; 50 ml/min&#xD;
&#xD;
         14. Serum aspartate aminotransferase (AST)/serum glutamic-oxaloacetic transaminase (SGOT)&#xD;
             or alanine transaminase (ALT)/serum glutamate pyruvate transaminase (SGPT) &gt; 3.0 x&#xD;
             upper limit of normal (ULN)&#xD;
&#xD;
         15. Serum total bilirubin &gt; 1.5 mg/dL (expect for unconjugated hyperbilirubinemia due to&#xD;
             Gilbert's disease or secondary to MDS).&#xD;
&#xD;
         16. Subjects with ≥ grade-2 neuropathy&#xD;
      </textblock>
    </criteria>
    <gender>All</gender>
    <minimum_age>N/A</minimum_age>
    <maximum_age>N/A</maximum_age>
    <healthy_volunteers>No</healthy_volunteers>
  </eligibility>
  <overall_official>
    <last_name>Lionel Adès, MD</last_name>
    <role>Principal Investigator</role>
    <affiliation>Groupe Francophone des Myelodysplasies</affiliation>
  </overall_official>
  <location>
    <facility>
      <name>CH Angers</name>
      <address>
        <city>Angers</city>
        <zip>49 000</zip>
        <country>France</country>
      </address>
    </facility>
  </location>
  <location>
    <facility>
      <name>hopital Victor Dupouy</name>
      <address>
        <city>Argenteuil</city>
        <zip>95107</zip>
        <country>France</country>
      </address>
    </facility>
  </location>
  <location>
    <facility>
      <name>Centre Hospitalier de La Cote Basque</name>
      <address>
        <city>Bayonne</city>
        <zip>64100</zip>
        <country>France</country>
      </address>
    </facility>
  </location>
  <location>
    <facility>
      <name>Hôpital Avicenne</name>
      <address>
        <city>Bobigny</city>
        <zip>93 000</zip>
        <country>France</country>
      </address>
    </facility>
  </location>
  <location>
    <facility>
      <name>CHU Haut-Lévèque</name>
      <address>
        <city>Bordeaux</city>
        <zip>33604</zip>
        <country>France</country>
      </address>
    </facility>
  </location>
  <location>
    <facility>
      <name>Centre hospitalier de Chambéry</name>
      <address>
        <city>Chambéry</city>
        <zip>73011</zip>
        <country>France</country>
      </address>
    </facility>
  </location>
  <location>
    <facility>
      <name>CHU de Clermont-Ferrand</name>
      <address>
        <city>Clermont-Ferrand</city>
        <zip>63058</zip>
        <country>France</country>
      </address>
    </facility>
  </location>
  <location>
    <facility>
      <name>Centre henri Mondor</name>
      <address>
        <city>Creteil</city>
        <zip>94010</zip>
        <country>France</country>
      </address>
    </facility>
  </location>
  <location>
    <facility>
      <name>Centre Hospitalier du Mans</name>
      <address>
        <city>Le Mans cedex</city>
        <zip>72037</zip>
        <country>France</country>
      </address>
    </facility>
  </location>
  <location>
    <facility>
      <name>Centre Hospitalier de Lens</name>
      <address>
        <city>Lens</city>
        <zip>32307</zip>
        <country>France</country>
      </address>
    </facility>
  </location>
  <location>
    <facility>
      <name>centre hospitalier de Lens</name>
      <address>
        <city>Lens</city>
        <zip>62307</zip>
        <country>France</country>
      </address>
    </facility>
  </location>
  <location>
    <facility>
      <name>Hôpital Limoges</name>
      <address>
        <city>Limoges</city>
        <zip>87046</zip>
        <country>France</country>
      </address>
    </facility>
  </location>
  <location>
    <facility>
      <name>Centre Hospitalier Lyon Sud</name>
      <address>
        <city>Lyon</city>
        <zip>69495</zip>
        <country>France</country>
      </address>
    </facility>
  </location>
  <location>
    <facility>
      <name>Institut Paoli Calmettes</name>
      <address>
        <city>Marseille</city>
        <zip>13009</zip>
        <country>France</country>
      </address>
    </facility>
  </location>
  <location>
    <facility>
      <name>CHU Brabois</name>
      <address>
        <city>Nancy</city>
        <zip>54511</zip>
        <country>France</country>
      </address>
    </facility>
  </location>
  <location>
    <facility>
      <name>CHU de nantes</name>
      <address>
        <city>Nantes</city>
        <zip>44093</zip>
        <country>France</country>
      </address>
    </facility>
  </location>
  <location>
    <facility>
      <name>Hôpital Archet1</name>
      <address>
        <city>Nice</city>
        <zip>06202</zip>
        <country>France</country>
      </address>
    </facility>
  </location>
  <location>
    <facility>
      <name>Hoiptal St Louis</name>
      <address>
        <city>Paris</city>
        <zip>75475</zip>
        <country>France</country>
      </address>
    </facility>
  </location>
  <location>
    <facility>
      <name>Hopital Cochin-Hematology</name>
      <address>
        <city>Paris</city>
        <zip>75679</zip>
        <country>France</country>
      </address>
    </facility>
  </location>
  <location>
    <facility>
      <name>Centre Hospitalier Joffre</name>
      <address>
        <city>Perpignan</city>
        <zip>66046</zip>
        <country>France</country>
      </address>
    </facility>
  </location>
  <location>
    <facility>
      <name>Centre Henri Becquerel</name>
      <address>
        <city>Rouen</city>
        <zip>76038</zip>
        <country>France</country>
      </address>
    </facility>
  </location>
  <location>
    <facility>
      <name>Hôpital Hautepierre</name>
      <address>
        <city>Strasbourg</city>
        <zip>67098</zip>
        <country>France</country>
      </address>
    </facility>
  </location>
  <location>
    <facility>
      <name>Hopital Purpan Service d'Hématologie Clinique</name>
      <address>
        <city>Toulouse</city>
        <zip>31059</zip>
        <country>France</country>
      </address>
    </facility>
  </location>
  <location>
    <facility>
      <name>CH de Valence</name>
      <address>
        <city>Valence</city>
        <zip>26953</zip>
        <country>France</country>
      </address>
    </facility>
  </location>
  <location>
    <facility>
      <name>Institut gustave Roussy</name>
      <address>
        <city>Villejuif</city>
        <zip>94805</zip>
        <country>France</country>
      </address>
    </facility>
  </location>
  <location_countries>
    <country>France</country>
  </location_countries>
  <link>
    <url>http://www.gfmgroup.org</url>
    <description>Website of the french group of MDS</description>
  </link>
  <verification_date>April 2015</verification_date>
  <study_first_submitted>April 21, 2009</study_first_submitted>
  <study_first_submitted_qc>April 21, 2009</study_first_submitted_qc>
  <study_first_posted type="Estimate">April 22, 2009</study_first_posted>
  <last_update_submitted>April 23, 2015</last_update_submitted>
  <last_update_submitted_qc>April 23, 2015</last_update_submitted_qc>
  <last_update_posted type="Estimate">April 24, 2015</last_update_posted>
  <responsible_party>
    <responsible_party_type>Sponsor</responsible_party_type>
  </responsible_party>
  <keyword>MDS</keyword>
  <keyword>AML</keyword>
  <keyword>deletion 5q</keyword>
  <keyword>Documented diagnosis of MDS, or CMML</keyword>
  <keyword>with WBC &lt; 13,000/mm3 that meets IPSS criteria for intermediate-2</keyword>
  <keyword>or high-risk disease, or AML with an associated del 5q[31]</keyword>
  <keyword>(the deleted chromosomal region must include 5q[31]),</keyword>
  <keyword>with or without additional cytogenetic abnormalities</keyword>
  <condition_browse>
    <!-- CAUTION:  The following MeSH terms are assigned with an imperfect algorithm            -->
    <mesh_term>Leukemia</mesh_term>
    <mesh_term>Leukemia, Myeloid</mesh_term>
    <mesh_term>Leukemia, Myeloid, Acute</mesh_term>
    <mesh_term>Preleukemia</mesh_term>
    <mesh_term>Leukemia, Myelomonocytic, Chronic</mesh_term>
    <mesh_term>Leukemia, Myelomonocytic, Juvenile</mesh_term>
    <mesh_term>Myelodysplastic Syndromes</mesh_term>
    <mesh_term>Syndrome</mesh_term>
  </condition_browse>
  <intervention_browse>
    <!-- CAUTION:  The following MeSH terms are assigned with an imperfect algorithm            -->
    <mesh_term>Lenalidomide</mesh_term>
  </intervention_browse>
  <!-- Results have not yet been posted for this study                                          -->
</clinical_study>

