<?xml version="1.0" encoding="UTF-8"?>
<clinical_study rank="215">
  <!-- This xml conforms to an XML Schema at:
    https://clinicaltrials.gov/ct2/html/images/info/public.xsd -->
  <required_header>
    <download_date>ClinicalTrials.gov processed this data on February 06, 2024</download_date>
    <link_text>Link to the current ClinicalTrials.gov record.</link_text>
    <url>https://clinicaltrials.gov/ct2/show/NCT00171912</url>
  </required_header>
  <id_info>
    <org_study_id>CSTI571BAU12</org_study_id>
    <nct_id>NCT00171912</nct_id>
  </id_info>
  <brief_title>Imatinib Mesylate in Patients With Various Types of Malignancies Involving Activated Tyrosine Kinase Enzymes</brief_title>
  <official_title>Imatinib Mesylate in Patients With Various Types of Malignancies Involving Activated Tyrosine Kinase Enzymes</official_title>
  <sponsors>
    <lead_sponsor>
      <agency>Novartis Pharmaceuticals</agency>
      <agency_class>Industry</agency_class>
    </lead_sponsor>
  </sponsors>
  <source>Novartis</source>
  <brief_summary>
    <textblock>
      This trial is for various types of malignancies which may depend on certain enzymes (tyrosine&#xD;
      kinases) for growth. The objective of this study is to assess to what extent imatinib&#xD;
      mesylate blocks these enzymes and to assess the effect on the malignancy.&#xD;
    </textblock>
  </brief_summary>
  <detailed_description>
    <textblock>
      Condition&#xD;
&#xD;
      Diverse malignancies either associated with or thought to be associated with activated&#xD;
      tyrosine kinase enzymes including hypereosinophilic syndrome systemic mastocytosis chronic&#xD;
      myelomonocytic leukaemia, dermatofibrosarcoma protuberans and other diseases.&#xD;
&#xD;
      Not included:&#xD;
&#xD;
      Patients with chronic myeloid leukemia, some other types of leukemias (abl-mutated) some&#xD;
      types of gastrointestinal stromal tumours (c-KIT-positive), some systemic mastocytosis (if&#xD;
      c-KIT D816V mutation), brain, prostate, breast or lung cancers.&#xD;
    </textblock>
  </detailed_description>
  <overall_status>Completed</overall_status>
  <start_date>September 2004</start_date>
  <completion_date type="Actual">January 2012</completion_date>
  <primary_completion_date type="Actual">January 2012</primary_completion_date>
  <phase>Phase 2</phase>
  <study_type>Interventional</study_type>
  <has_expanded_access>No</has_expanded_access>
  <study_design_info>
    <allocation>N/A</allocation>
    <intervention_model>Single Group Assignment</intervention_model>
    <primary_purpose>Treatment</primary_purpose>
    <masking>None (Open Label)</masking>
  </study_design_info>
  <primary_outcome>
    <measure>To assess the efficacy and the safety of imatinib mesylate therapy</measure>
    <time_frame>2 years</time_frame>
  </primary_outcome>
  <secondary_outcome>
    <measure>To evaluate the effects of imatinib on quality of life and healthcare resource use</measure>
    <time_frame>2 years</time_frame>
  </secondary_outcome>
  <number_of_arms>1</number_of_arms>
  <enrollment type="Actual">38</enrollment>
  <condition>Hypereosinophilic Syndrome</condition>
  <condition>Systemic Mastocytosis</condition>
  <condition>Chronic Myelomonocytic Leukemia</condition>
  <condition>Dermatofibrosarcoma</condition>
  <arm_group>
    <arm_group_label>imatinib mesylate (STI571)</arm_group_label>
    <arm_group_type>Experimental</arm_group_type>
  </arm_group>
  <intervention>
    <intervention_type>Drug</intervention_type>
    <intervention_name>imatinib mesylate</intervention_name>
    <arm_group_label>imatinib mesylate (STI571)</arm_group_label>
    <other_name>STI571</other_name>
  </intervention>
  <eligibility>
    <criteria>
      <textblock>
        Inclusion Criteria:&#xD;
&#xD;
          1. Malignancy likely related to an activated tyrosine kinase enzyme sensitive to imatinib&#xD;
             mesylate.&#xD;
&#xD;
          2. Spread of the disease to the rest of the body (confirmed by tissue sample) beyond the&#xD;
             skin.&#xD;
&#xD;
          3. Malignant tissue showing activation of certain tyrosine kinases (ABL, ARG, KIT&#xD;
             (CD117), or PDGF-R alpha or beta) &amp; preferably within 6 weeks of entry.&#xD;
&#xD;
        Exclusion Criteria:&#xD;
&#xD;
          1. Certain leukaemias (abl-mutated), some gastrointestinal stromal tumours&#xD;
             (c-KIT-positive) or certain systemic mastocytosis (if c- KIT D816V mutation).&#xD;
&#xD;
          2. A primary prostate, breast, lung or brain tumour,&#xD;
&#xD;
          3. Patient has previously been treated with imatinib mesylate except where treatment was&#xD;
             more than 6 months previously and there is no suggestion of clinical resistance nor&#xD;
             lack of response.&#xD;
&#xD;
        Other protocol-defined inclusion / exclusion criteria may apply.&#xD;
      </textblock>
    </criteria>
    <gender>All</gender>
    <minimum_age>16 Years</minimum_age>
    <maximum_age>80 Years</maximum_age>
    <healthy_volunteers>No</healthy_volunteers>
  </eligibility>
  <overall_official>
    <last_name>Novartis Pharmaceuticals</last_name>
    <role>Study Director</role>
    <affiliation>Novartis Pharmeceuticals</affiliation>
  </overall_official>
  <location>
    <facility>
      <name>Novartis Investigative Site</name>
      <address>
        <city>East Melbourne</city>
        <country>Australia</country>
      </address>
    </facility>
  </location>
  <location_countries>
    <country>Australia</country>
  </location_countries>
  <verification_date>February 2017</verification_date>
  <study_first_submitted>September 13, 2005</study_first_submitted>
  <study_first_submitted_qc>September 13, 2005</study_first_submitted_qc>
  <study_first_posted type="Estimate">September 15, 2005</study_first_posted>
  <last_update_submitted>February 21, 2017</last_update_submitted>
  <last_update_submitted_qc>February 21, 2017</last_update_submitted_qc>
  <last_update_posted type="Actual">February 23, 2017</last_update_posted>
  <responsible_party>
    <responsible_party_type>Sponsor</responsible_party_type>
  </responsible_party>
  <keyword>Imatinib mesylate</keyword>
  <keyword>tyrosine kinases</keyword>
  <keyword>imatinib sensitivity</keyword>
  <keyword>Diverse malignancies either associated with</keyword>
  <keyword>or thought to be associated with</keyword>
  <keyword>activated tyrosine kinase enzymes</keyword>
  <keyword>including hypereosinophilic syndrome</keyword>
  <keyword>systemic mastocytosis</keyword>
  <keyword>chronic myelomonocytic leukaemia,</keyword>
  <keyword>dermatofibrosarcoma protuberans and other diseases.</keyword>
  <keyword>Not included:</keyword>
  <keyword>patients with chronic myeloid leukemia,</keyword>
  <keyword>some other types of leukemias (abl-mutated)</keyword>
  <keyword>some types of gastrointestinal stromal tumours (c-KIT-positive),</keyword>
  <keyword>some systemic mastocytosis (if c-KIT D816V mutation),</keyword>
  <keyword>brain,</keyword>
  <keyword>prostate,</keyword>
  <keyword>breast or lung cancers.</keyword>
  <condition_browse>
    <!-- CAUTION:  The following MeSH terms are assigned with an imperfect algorithm            -->
    <mesh_term>Leukemia</mesh_term>
    <mesh_term>Neoplasms</mesh_term>
    <mesh_term>Leukemia, Myelomonocytic, Chronic</mesh_term>
    <mesh_term>Leukemia, Myelomonocytic, Juvenile</mesh_term>
    <mesh_term>Mastocytosis</mesh_term>
    <mesh_term>Mastocytosis, Systemic</mesh_term>
    <mesh_term>Dermatofibrosarcoma</mesh_term>
    <mesh_term>Hypereosinophilic Syndrome</mesh_term>
  </condition_browse>
  <intervention_browse>
    <!-- CAUTION:  The following MeSH terms are assigned with an imperfect algorithm            -->
    <mesh_term>Imatinib Mesylate</mesh_term>
  </intervention_browse>
  <!-- Results have not yet been posted for this study                                          -->
</clinical_study>

