<?xml version="1.0" encoding="UTF-8"?>
<clinical_study rank="396">
  <!-- This xml conforms to an XML Schema at:
    https://clinicaltrials.gov/ct2/html/images/info/public.xsd -->
  <required_header>
    <download_date>ClinicalTrials.gov processed this data on February 06, 2024</download_date>
    <link_text>Link to the current ClinicalTrials.gov record.</link_text>
    <url>https://clinicaltrials.gov/ct2/show/NCT00489203</url>
  </required_header>
  <id_info>
    <org_study_id>2079.00</org_study_id>
    <secondary_id>NCI-2009-01544</secondary_id>
    <nct_id>NCT00489203</nct_id>
  </id_info>
  <brief_title>Beclomethasone Dipropionate in Preventing Acute Graft-Versus-Host Disease in Patients Undergoing a Donor Stem Cell Transplant for Hematologic Cancer</brief_title>
  <official_title>A Phase II Study to Evaluate the Efficacy of Oral Beclomethasone Dipropionate for Prevention of Acute GVHD After Hematopoietic Cell Transplantation With Myeloablative Conditioning Regimens</official_title>
  <sponsors>
    <lead_sponsor>
      <agency>Fred Hutchinson Cancer Center</agency>
      <agency_class>Other</agency_class>
    </lead_sponsor>
  </sponsors>
  <source>Fred Hutchinson Cancer Center</source>
  <oversight_info>
    <has_dmc>No</has_dmc>
  </oversight_info>
  <brief_summary>
    <textblock>
      RATIONALE: Beclomethasone dipropionate may be effective in preventing acute graft-versus-host&#xD;
      disease in patients undergoing a stem cell transplant for hematologic cancer.&#xD;
&#xD;
      PURPOSE: This randomized phase II trial is studying how well beclomethasone dipropionate&#xD;
      works in preventing acute graft-versus-host disease in patients undergoing a donor stem cell&#xD;
      transplant for hematologic cancer.&#xD;
    </textblock>
  </brief_summary>
  <detailed_description>
    <textblock>
      PRIMARY OBJECTIVES:&#xD;
&#xD;
      I. Assess the efficacy of oral BDP for prevention of acute GVHD after allogeneic&#xD;
      hematopoietic cell transplantation with myeloablative conditioning regimens.&#xD;
&#xD;
      OUTLINE:&#xD;
&#xD;
      Patients are randomized to 1 of 2 treatment arms.&#xD;
&#xD;
      ARM I: Patients receive oral beclomethasone dipropionate 4 times daily beginning at the start&#xD;
      of the conditioning regimen and continuing through day 75 post-transplant. Patients also&#xD;
      receive a standard immunosuppressive regimen comprising tacrolimus and methotrexate&#xD;
      post-transplant.&#xD;
&#xD;
      ARM II: Patients receive oral placebo 4 times daily beginning at the start of the&#xD;
      conditioning regimen and continuing through day 75 post-transplant. Patients also receive a&#xD;
      standard immunosuppressive regimen comprising tacrolimus and methotrexate post-transplant.&#xD;
&#xD;
      In both arms, treatment continues in the absence of disease progression or unacceptable&#xD;
      toxicity.&#xD;
&#xD;
      After completion of study treatment, patients are followed periodically.&#xD;
    </textblock>
  </detailed_description>
  <overall_status>Completed</overall_status>
  <start_date>April 2007</start_date>
  <primary_completion_date type="Actual">November 2010</primary_completion_date>
  <phase>Phase 2</phase>
  <study_type>Interventional</study_type>
  <has_expanded_access>No</has_expanded_access>
  <study_design_info>
    <allocation>Randomized</allocation>
    <intervention_model>Parallel Assignment</intervention_model>
    <primary_purpose>Supportive Care</primary_purpose>
    <masking>Quadruple (Participant, Care Provider, Investigator, Outcomes Assessor)</masking>
  </study_design_info>
  <primary_outcome>
    <measure>Development of acute graft-versus-host disease (GVHD) with severity sufficient to require systemic immunosuppressive treatment</measure>
    <time_frame>On or before day 90 after the transplant</time_frame>
  </primary_outcome>
  <secondary_outcome>
    <measure>Cumulative glucocorticoid dose (measured as prednisone equivalents) per kg body weight</measure>
    <time_frame>First 75 days after HCT</time_frame>
  </secondary_outcome>
  <secondary_outcome>
    <measure>Peak and average skin, liver and gut morbidity stages and overall grades</measure>
    <time_frame>To day 90 after HCT</time_frame>
  </secondary_outcome>
  <secondary_outcome>
    <measure>Modified average acute GVHD index score</measure>
    <time_frame>To day 90 after HCT</time_frame>
  </secondary_outcome>
  <secondary_outcome>
    <measure>Cumulative incidence of systemic immunosuppressive treatment for acute GVHD</measure>
    <time_frame>At any time after HCT</time_frame>
  </secondary_outcome>
  <secondary_outcome>
    <measure>Cumulative incidence of topical therapy for acute GVHD, including psoralen and UV irradiation, hydrocortisone cream, topical tacrolimus, oral BDP, or oral swish and spit dexamethasone</measure>
    <time_frame>On or before day 90 after the transplant</time_frame>
  </secondary_outcome>
  <secondary_outcome>
    <measure>Cumulative incidence of biopsy-proven gastrointestinal GVHD</measure>
    <time_frame>On or before day 90 after the transplant</time_frame>
  </secondary_outcome>
  <secondary_outcome>
    <measure>Proportion of patients with grade IIa GVHD</measure>
    <time_frame>On or before day 90 after the transplant</time_frame>
  </secondary_outcome>
  <secondary_outcome>
    <measure>Proportions of patients with grades IIa and IIb - IV GVHD</measure>
    <time_frame>On or before day 90 after the transplant</time_frame>
  </secondary_outcome>
  <secondary_outcome>
    <measure>Cumulative incidence of chronic GVHD requiring systemic immunosuppressive treatment</measure>
    <time_frame>At any time after HCT</time_frame>
  </secondary_outcome>
  <secondary_outcome>
    <measure>Number of days in the hospital</measure>
    <time_frame>During the first 90 days after HCT</time_frame>
  </secondary_outcome>
  <secondary_outcome>
    <measure>Non-relapse mortality</measure>
    <time_frame>At any time after HCT</time_frame>
  </secondary_outcome>
  <secondary_outcome>
    <measure>Overall survival</measure>
    <time_frame>At any time after HCT</time_frame>
  </secondary_outcome>
  <secondary_outcome>
    <measure>Survival</measure>
    <time_frame>At 200 days after HCT</time_frame>
  </secondary_outcome>
  <secondary_outcome>
    <measure>Safety</measure>
    <time_frame>On or before day 90 after the transplant</time_frame>
  </secondary_outcome>
  <secondary_outcome>
    <measure>Feasibility</measure>
    <time_frame>First 75 days after HCT</time_frame>
  </secondary_outcome>
  <secondary_outcome>
    <measure>Survival without recurrent malignancy</measure>
    <time_frame>At any time after HCT</time_frame>
  </secondary_outcome>
  <number_of_arms>2</number_of_arms>
  <enrollment type="Actual">140</enrollment>
  <condition>Hematopoietic/Lymphoid Cancer</condition>
  <condition>Accelerated Phase Chronic Myelogenous Leukemia</condition>
  <condition>Adult Acute Lymphoblastic Leukemia in Remission</condition>
  <condition>Adult Acute Myeloid Leukemia in Remission</condition>
  <condition>Adult Acute Myeloid Leukemia With 11q23 (MLL) Abnormalities</condition>
  <condition>Adult Acute Myeloid Leukemia With Inv(16)(p13;q22)</condition>
  <condition>Adult Acute Myeloid Leukemia With t(15;17)(q22;q12)</condition>
  <condition>Adult Acute Myeloid Leukemia With t(16;16)(p13;q22)</condition>
  <condition>Adult Acute Myeloid Leukemia With t(8;21)(q22;q22)</condition>
  <condition>Atypical Chronic Myeloid Leukemia</condition>
  <condition>Blastic Phase Chronic Myelogenous Leukemia</condition>
  <condition>Childhood Acute Lymphoblastic Leukemia in Remission</condition>
  <condition>Childhood Acute Myeloid Leukemia in Remission</condition>
  <condition>Childhood Chronic Myelogenous Leukemia</condition>
  <condition>Childhood Myelodysplastic Syndromes</condition>
  <condition>Chronic Eosinophilic Leukemia</condition>
  <condition>Chronic Myelomonocytic Leukemia</condition>
  <condition>Chronic Neutrophilic Leukemia</condition>
  <condition>Chronic Phase Chronic Myelogenous Leukemia</condition>
  <condition>Contiguous Stage II Adult Burkitt Lymphoma</condition>
  <condition>Contiguous Stage II Adult Diffuse Large Cell Lymphoma</condition>
  <condition>Contiguous Stage II Adult Diffuse Mixed Cell Lymphoma</condition>
  <condition>Contiguous Stage II Adult Diffuse Small Cleaved Cell Lymphoma</condition>
  <condition>Contiguous Stage II Adult Immunoblastic Large Cell Lymphoma</condition>
  <condition>Contiguous Stage II Adult Lymphoblastic Lymphoma</condition>
  <condition>Contiguous Stage II Grade 1 Follicular Lymphoma</condition>
  <condition>Contiguous Stage II Grade 2 Follicular Lymphoma</condition>
  <condition>Contiguous Stage II Grade 3 Follicular Lymphoma</condition>
  <condition>Contiguous Stage II Mantle Cell Lymphoma</condition>
  <condition>Contiguous Stage II Marginal Zone Lymphoma</condition>
  <condition>Contiguous Stage II Small Lymphocytic Lymphoma</condition>
  <condition>de Novo Myelodysplastic Syndromes</condition>
  <condition>Essential Thrombocythemia</condition>
  <condition>Extramedullary Plasmacytoma</condition>
  <condition>Extranodal Marginal Zone B-cell Lymphoma of Mucosa-associated Lymphoid Tissue</condition>
  <condition>Graft Versus Host Disease</condition>
  <condition>Isolated Plasmacytoma of Bone</condition>
  <condition>Juvenile Myelomonocytic Leukemia</condition>
  <condition>Meningeal Chronic Myelogenous Leukemia</condition>
  <condition>Myelodysplastic/Myeloproliferative Disease, Unclassifiable</condition>
  <condition>Nodal Marginal Zone B-cell Lymphoma</condition>
  <condition>Noncontiguous Stage II Adult Burkitt Lymphoma</condition>
  <condition>Noncontiguous Stage II Adult Diffuse Large Cell Lymphoma</condition>
  <condition>Noncontiguous Stage II Adult Diffuse Small Cleaved Cell Lymphoma</condition>
  <condition>Noncontiguous Stage II Adult Immunoblastic Large Cell Lymphoma</condition>
  <condition>Noncontiguous Stage II Adult Lymphoblastic Lymphoma</condition>
  <condition>Noncontiguous Stage II Grade 1 Follicular Lymphoma</condition>
  <condition>Noncontiguous Stage II Grade 2 Follicular Lymphoma</condition>
  <condition>Noncontiguous Stage II Grade 3 Follicular Lymphoma</condition>
  <condition>Noncontiguous Stage II Mantle Cell Lymphoma</condition>
  <condition>Noncontiguous Stage II Marginal Zone Lymphoma</condition>
  <condition>Noncontiguous Stage II Small Lymphocytic Lymphoma</condition>
  <condition>Previously Treated Myelodysplastic Syndromes</condition>
  <condition>Primary Myelofibrosis</condition>
  <condition>Recurrent Adult Acute Lymphoblastic Leukemia</condition>
  <condition>Recurrent Adult Acute Myeloid Leukemia</condition>
  <condition>Recurrent Adult Burkitt Lymphoma</condition>
  <condition>Recurrent Adult Diffuse Large Cell Lymphoma</condition>
  <condition>Recurrent Adult Diffuse Mixed Cell Lymphoma</condition>
  <condition>Recurrent Adult Diffuse Small Cleaved Cell Lymphoma</condition>
  <condition>Recurrent Adult Grade III Lymphomatoid Granulomatosis</condition>
  <condition>Recurrent Adult Hodgkin Lymphoma</condition>
  <condition>Recurrent Adult Lymphoblastic Lymphoma</condition>
  <condition>Recurrent Adult T-cell Leukemia/Lymphoma</condition>
  <condition>Recurrent Cutaneous T-cell Non-Hodgkin Lymphoma</condition>
  <condition>Recurrent Grade 1 Follicular Lymphoma</condition>
  <condition>Recurrent Grade 2 Follicular Lymphoma</condition>
  <condition>Recurrent Grade 3 Follicular Lymphoma</condition>
  <condition>Recurrent Mantle Cell Lymphoma</condition>
  <condition>Recurrent Marginal Zone Lymphoma</condition>
  <condition>Recurrent Mycosis Fungoides/Sezary Syndrome</condition>
  <condition>Recurrent Small Lymphocytic Lymphoma</condition>
  <condition>Recurrent/Refractory Childhood Hodgkin Lymphoma</condition>
  <condition>Refractory Chronic Lymphocytic Leukemia</condition>
  <condition>Refractory Hairy Cell Leukemia</condition>
  <condition>Relapsing Chronic Myelogenous Leukemia</condition>
  <condition>Secondary Myelodysplastic Syndromes</condition>
  <condition>Stage I Adult Burkitt Lymphoma</condition>
  <condition>Stage I Adult Diffuse Large Cell Lymphoma</condition>
  <condition>Stage I Adult Diffuse Mixed Cell Lymphoma</condition>
  <condition>Stage I Adult Diffuse Small Cleaved Cell Lymphoma</condition>
  <condition>Stage I Adult Hodgkin Lymphoma</condition>
  <condition>Stage I Adult Immunoblastic Large Cell Lymphoma</condition>
  <condition>Stage I Adult Lymphoblastic Lymphoma</condition>
  <condition>Stage I Adult T-cell Leukemia/Lymphoma</condition>
  <condition>Stage I Childhood Hodgkin Lymphoma</condition>
  <condition>Stage I Chronic Lymphocytic Leukemia</condition>
  <condition>Stage I Cutaneous T-cell Non-Hodgkin Lymphoma</condition>
  <condition>Stage I Grade 1 Follicular Lymphoma</condition>
  <condition>Stage I Grade 2 Follicular Lymphoma</condition>
  <condition>Stage I Grade 3 Follicular Lymphoma</condition>
  <condition>Stage I Mantle Cell Lymphoma</condition>
  <condition>Stage I Marginal Zone Lymphoma</condition>
  <condition>Stage I Multiple Myeloma</condition>
  <condition>Stage I Mycosis Fungoides/Sezary Syndrome</condition>
  <condition>Stage I Small Lymphocytic Lymphoma</condition>
  <condition>Stage II Adult Hodgkin Lymphoma</condition>
  <condition>Stage II Adult T-cell Leukemia/Lymphoma</condition>
  <condition>Stage II Chronic Lymphocytic Leukemia</condition>
  <condition>Stage II Cutaneous T-cell Non-Hodgkin Lymphoma</condition>
  <condition>Stage II Multiple Myeloma</condition>
  <condition>Stage II Mycosis Fungoides/Sezary Syndrome</condition>
  <condition>Stage III Adult Burkitt Lymphoma</condition>
  <condition>Stage III Adult Diffuse Large Cell Lymphoma</condition>
  <condition>Stage III Adult Diffuse Mixed Cell Lymphoma</condition>
  <condition>Stage III Adult Diffuse Small Cleaved Cell Lymphoma</condition>
  <condition>Stage III Adult Hodgkin Lymphoma</condition>
  <condition>Stage III Adult Immunoblastic Large Cell Lymphoma</condition>
  <condition>Stage III Adult Lymphoblastic Lymphoma</condition>
  <condition>Stage III Adult T-cell Leukemia/Lymphoma</condition>
  <condition>Stage III Chronic Lymphocytic Leukemia</condition>
  <condition>Stage III Cutaneous T-cell Non-Hodgkin Lymphoma</condition>
  <condition>Stage III Grade 1 Follicular Lymphoma</condition>
  <condition>Stage III Grade 2 Follicular Lymphoma</condition>
  <condition>Stage III Grade 3 Follicular Lymphoma</condition>
  <condition>Stage III Mantle Cell Lymphoma</condition>
  <condition>Stage III Marginal Zone Lymphoma</condition>
  <condition>Stage III Multiple Myeloma</condition>
  <condition>Stage III Mycosis Fungoides/Sezary Syndrome</condition>
  <condition>Stage III Small Lymphocytic Lymphoma</condition>
  <condition>Stage IV Adult Burkitt Lymphoma</condition>
  <condition>Stage IV Adult Diffuse Large Cell Lymphoma</condition>
  <condition>Stage IV Adult Diffuse Mixed Cell Lymphoma</condition>
  <condition>Stage IV Adult Diffuse Small Cleaved Cell Lymphoma</condition>
  <condition>Stage IV Adult Hodgkin Lymphoma</condition>
  <condition>Stage IV Adult Immunoblastic Large Cell Lymphoma</condition>
  <condition>Stage IV Adult Lymphoblastic Lymphoma</condition>
  <condition>Stage IV Adult T-cell Leukemia/Lymphoma</condition>
  <condition>Stage IV Chronic Lymphocytic Leukemia</condition>
  <condition>Stage IV Cutaneous T-cell Non-Hodgkin Lymphoma</condition>
  <condition>Stage IV Grade 1 Follicular Lymphoma</condition>
  <condition>Stage IV Grade 2 Follicular Lymphoma</condition>
  <condition>Stage IV Grade 3 Follicular Lymphoma</condition>
  <condition>Stage IV Marginal Zone Lymphoma</condition>
  <condition>Stage IV Mycosis Fungoides/Sezary Syndrome</condition>
  <condition>Stage IV Small Lymphocytic Lymphoma</condition>
  <arm_group>
    <arm_group_label>Arm I</arm_group_label>
    <arm_group_type>Experimental</arm_group_type>
    <description>Patients receive oral beclomethasone dipropionate 4 times daily beginning at the start of the conditioning regimen and continuing through day 75 post-transplant. Patients also receive a standard immunosuppressive regimen comprising tacrolimus and methotrexate post-transplant.</description>
  </arm_group>
  <arm_group>
    <arm_group_label>Arm II</arm_group_label>
    <arm_group_type>Active Comparator</arm_group_type>
    <description>Patients receive oral placebo 4 times daily beginning at the start of the conditioning regimen and continuing through day 75 post-transplant. Patients also receive a standard immunosuppressive regimen comprising tacrolimus and methotrexate post-transplant.</description>
  </arm_group>
  <intervention>
    <intervention_type>Drug</intervention_type>
    <intervention_name>beclomethasone dipropionate</intervention_name>
    <description>Given orally</description>
    <arm_group_label>Arm I</arm_group_label>
    <other_name>BECLOMETH</other_name>
    <other_name>Beclovent</other_name>
    <other_name>Beconase</other_name>
    <other_name>Qvar</other_name>
    <other_name>Vancenase</other_name>
    <other_name>Vanceril</other_name>
  </intervention>
  <intervention>
    <intervention_type>Drug</intervention_type>
    <intervention_name>placebo</intervention_name>
    <description>Given orally</description>
    <arm_group_label>Arm II</arm_group_label>
    <other_name>PLCB</other_name>
  </intervention>
  <intervention>
    <intervention_type>Drug</intervention_type>
    <intervention_name>tacrolimus</intervention_name>
    <description>Given after transplant</description>
    <arm_group_label>Arm I</arm_group_label>
    <arm_group_label>Arm II</arm_group_label>
    <other_name>Advagraf</other_name>
    <other_name>FK 506</other_name>
    <other_name>Prograf</other_name>
    <other_name>Protopic</other_name>
  </intervention>
  <intervention>
    <intervention_type>Drug</intervention_type>
    <intervention_name>methotrexate</intervention_name>
    <description>Given after transplant</description>
    <arm_group_label>Arm I</arm_group_label>
    <arm_group_label>Arm II</arm_group_label>
    <other_name>Abitrexate</other_name>
    <other_name>amethopterin</other_name>
    <other_name>Folex</other_name>
    <other_name>methylaminopterin</other_name>
    <other_name>Mexate</other_name>
    <other_name>MTX</other_name>
  </intervention>
  <intervention>
    <intervention_type>Procedure</intervention_type>
    <intervention_name>allogeneic hematopoietic stem cell transplantation</intervention_name>
    <description>Undergo stem cell transplant</description>
    <arm_group_label>Arm I</arm_group_label>
    <arm_group_label>Arm II</arm_group_label>
  </intervention>
  <eligibility>
    <criteria>
      <textblock>
        Inclusion&#xD;
&#xD;
          -  Allogeneic HCT with marrow or growth-factor mobilized blood cells from an HLA-A, B, C,&#xD;
             DRB1, and HLA-DQB1-allele matched or single-allele or antigen mismatched related or&#xD;
             unrelated donor&#xD;
&#xD;
          -  Use of myeloablative pre-transplant conditioning regimen with &gt; 800 cGy total body&#xD;
             irradiation and cyclophosphamide, or high-dose busulfan and cyclophosphamide&#xD;
&#xD;
          -  Use of methotrexate and tacrolimus for prevention of GVHD after allogeneic HCT&#xD;
&#xD;
          -  Informed consent document signed&#xD;
&#xD;
        Exclusion&#xD;
&#xD;
          -  Cord blood transplant recipients&#xD;
&#xD;
          -  Use of T cell depletion or rabbit antithymocyte globulin to prevent acute GVHD&#xD;
&#xD;
          -  Treatment with rabbit antithymocyte globulin or alemtuzumab within 3 months before the&#xD;
             date of HCT&#xD;
&#xD;
          -  Participation in another therapeutic trial where the primary endpoint is related to&#xD;
             acute GVHD&#xD;
&#xD;
          -  Hospitalization at the beginning of the pre-transplant conditioning regimen because of&#xD;
             pre-existing medical complications&#xD;
&#xD;
          -  Glucocorticoid treatment at prednisone-equivalent doses &gt; 0.2 mg/kg/day&#xD;
&#xD;
          -  Known intolerance to BDP&#xD;
&#xD;
          -  Anticipated inability to tolerate oral administration of study drug tablets for any&#xD;
             reason during the first two weeks after HCT&#xD;
&#xD;
          -  Body weight &lt; 35 kg (lower-dose formulations are not available for subjects with lower&#xD;
             body weight)&#xD;
&#xD;
          -  Pregnancy or breast feeding&#xD;
&#xD;
          -  Women of child-bearing potential who are unwilling to use a reliable method of&#xD;
             contraception&#xD;
&#xD;
          -  Incarceration&#xD;
      </textblock>
    </criteria>
    <gender>All</gender>
    <minimum_age>N/A</minimum_age>
    <maximum_age>N/A</maximum_age>
    <healthy_volunteers>No</healthy_volunteers>
  </eligibility>
  <overall_official>
    <last_name>Paul Martin</last_name>
    <role>Principal Investigator</role>
    <affiliation>Fred Hutchinson Cancer Center</affiliation>
  </overall_official>
  <location>
    <facility>
      <name>Hackensack University Medical Center</name>
      <address>
        <city>Hackensack</city>
        <state>New Jersey</state>
        <zip>07601</zip>
        <country>United States</country>
      </address>
    </facility>
  </location>
  <location>
    <facility>
      <name>Fred Hutchinson Cancer Research Center</name>
      <address>
        <city>Seattle</city>
        <state>Washington</state>
        <zip>98109</zip>
        <country>United States</country>
      </address>
    </facility>
  </location>
  <location_countries>
    <country>United States</country>
  </location_countries>
  <verification_date>March 2015</verification_date>
  <study_first_submitted>June 20, 2007</study_first_submitted>
  <study_first_submitted_qc>June 20, 2007</study_first_submitted_qc>
  <study_first_posted type="Estimate">June 21, 2007</study_first_posted>
  <disposition_first_submitted>September 21, 2011</disposition_first_submitted>
  <disposition_first_submitted_qc>September 21, 2011</disposition_first_submitted_qc>
  <disposition_first_posted type="Estimate">October 5, 2011</disposition_first_posted>
  <last_update_submitted>February 1, 2021</last_update_submitted>
  <last_update_submitted_qc>February 1, 2021</last_update_submitted_qc>
  <last_update_posted type="Actual">February 3, 2021</last_update_posted>
  <responsible_party>
    <responsible_party_type>Sponsor</responsible_party_type>
  </responsible_party>
  <condition_browse>
    <!-- CAUTION:  The following MeSH terms are assigned with an imperfect algorithm            -->
    <mesh_term>Burkitt Lymphoma</mesh_term>
    <mesh_term>Mycoses</mesh_term>
    <mesh_term>Lymphoma</mesh_term>
    <mesh_term>Leukemia</mesh_term>
    <mesh_term>Leukemia, Myeloid</mesh_term>
    <mesh_term>Multiple Myeloma</mesh_term>
    <mesh_term>Neoplasms, Plasma Cell</mesh_term>
    <mesh_term>Leukemia, Myeloid, Acute</mesh_term>
    <mesh_term>Lymphoma, Follicular</mesh_term>
    <mesh_term>Lymphoma, Non-Hodgkin</mesh_term>
    <mesh_term>Preleukemia</mesh_term>
    <mesh_term>Precursor Cell Lymphoblastic Leukemia-Lymphoma</mesh_term>
    <mesh_term>Leukemia, Lymphoid</mesh_term>
    <mesh_term>Lymphoma, B-Cell</mesh_term>
    <mesh_term>Leukemia, Lymphocytic, Chronic, B-Cell</mesh_term>
    <mesh_term>Hodgkin Disease</mesh_term>
    <mesh_term>Lymphoma, Mantle-Cell</mesh_term>
    <mesh_term>Lymphoma, B-Cell, Marginal Zone</mesh_term>
    <mesh_term>Leukemia, Myelogenous, Chronic, BCR-ABL Positive</mesh_term>
    <mesh_term>Lymphoma, Large B-Cell, Diffuse</mesh_term>
    <mesh_term>Lymphoma, Large-Cell, Immunoblastic</mesh_term>
    <mesh_term>Plasmablastic Lymphoma</mesh_term>
    <mesh_term>Mycosis Fungoides</mesh_term>
    <mesh_term>Leukemia, Myelomonocytic, Acute</mesh_term>
    <mesh_term>Leukemia, Myelomonocytic, Chronic</mesh_term>
    <mesh_term>Sezary Syndrome</mesh_term>
    <mesh_term>Lymphoma, T-Cell</mesh_term>
    <mesh_term>Leukemia, T-Cell</mesh_term>
    <mesh_term>Lymphoma, T-Cell, Cutaneous</mesh_term>
    <mesh_term>Leukemia-Lymphoma, Adult T-Cell</mesh_term>
    <mesh_term>Leukemia, Myelomonocytic, Juvenile</mesh_term>
    <mesh_term>Leukemia, Hairy Cell</mesh_term>
    <mesh_term>Leukemia, Myeloid, Chronic-Phase</mesh_term>
    <mesh_term>Blast Crisis</mesh_term>
    <mesh_term>Lymphomatoid Granulomatosis</mesh_term>
    <mesh_term>Leukemia, Myeloid, Accelerated Phase</mesh_term>
    <mesh_term>Leukemia, Myeloid, Chronic, Atypical, BCR-ABL Negative</mesh_term>
    <mesh_term>Plasmacytoma</mesh_term>
    <mesh_term>Myelodysplastic Syndromes</mesh_term>
    <mesh_term>Primary Myelofibrosis</mesh_term>
    <mesh_term>Thrombocytosis</mesh_term>
    <mesh_term>Thrombocythemia, Essential</mesh_term>
    <mesh_term>Myeloproliferative Disorders</mesh_term>
    <mesh_term>Hypereosinophilic Syndrome</mesh_term>
    <mesh_term>Myelodysplastic-Myeloproliferative Diseases</mesh_term>
    <mesh_term>Leukemia, Neutrophilic, Chronic</mesh_term>
    <mesh_term>Graft vs Host Disease</mesh_term>
    <mesh_term>Syndrome</mesh_term>
    <mesh_term>Recurrence</mesh_term>
  </condition_browse>
  <intervention_browse>
    <!-- CAUTION:  The following MeSH terms are assigned with an imperfect algorithm            -->
    <mesh_term>Beclomethasone</mesh_term>
    <mesh_term>Methotrexate</mesh_term>
    <mesh_term>Tacrolimus</mesh_term>
  </intervention_browse>
  <!-- Results have not yet been posted, but a results disposition has been submitted           -->
</clinical_study>

