<?xml version="1.0" encoding="UTF-8"?>
<clinical_study rank="359">
  <!-- This xml conforms to an XML Schema at:
    https://clinicaltrials.gov/ct2/html/images/info/public.xsd -->
  <required_header>
    <download_date>ClinicalTrials.gov processed this data on February 06, 2024</download_date>
    <link_text>Link to the current ClinicalTrials.gov record.</link_text>
    <url>https://clinicaltrials.gov/ct2/show/NCT01823198</url>
  </required_header>
  <id_info>
    <org_study_id>2012-0819</org_study_id>
    <secondary_id>NCI-2013-00993</secondary_id>
    <secondary_id>RP110553-P3</secondary_id>
    <secondary_id>2012-0819</secondary_id>
    <nct_id>NCT01823198</nct_id>
  </id_info>
  <brief_title>Donor Natural Killer Cells and Donor Stem Cell Transplant in Treating Patients With High Risk Myeloid Malignancies</brief_title>
  <official_title>NK Cells With HLA Compatible Hematopoietic Transplantation for High Risk Myeloid Malignancies</official_title>
  <sponsors>
    <lead_sponsor>
      <agency>M.D. Anderson Cancer Center</agency>
      <agency_class>Other</agency_class>
    </lead_sponsor>
    <collaborator>
      <agency>National Cancer Institute (NCI)</agency>
      <agency_class>NIH</agency_class>
    </collaborator>
  </sponsors>
  <source>M.D. Anderson Cancer Center</source>
  <oversight_info>
    <has_dmc>No</has_dmc>
    <is_fda_regulated_drug>Yes</is_fda_regulated_drug>
    <is_fda_regulated_device>No</is_fda_regulated_device>
  </oversight_info>
  <brief_summary>
    <textblock>
      This phase I/II trial studies the side effects and best dose of donor natural killer cells&#xD;
      when given together with donor stem cell transplant and to see how well they work in treating&#xD;
      patients with myeloid malignancies that are likely to come back or spread. Giving&#xD;
      chemotherapy, such as busulfan and fludarabine phosphate, before a donor peripheral blood&#xD;
      stem cell transplant helps stop the growth of cancer cells. It may also stop the patient's&#xD;
      immune system from rejecting the donor's stem cells. When the healthy stem cells and natural&#xD;
      killer cells from a donor are infused into the patient they may help the patient's bone&#xD;
      marrow make stem cells, red blood cells, white blood cells, and platelets.&#xD;
    </textblock>
  </brief_summary>
  <detailed_description>
    <textblock>
      PRIMARY OBJECTIVES:&#xD;
&#xD;
      I. Assess the safety of infusing ex vivo expanded natural killer (NK) cells in patients&#xD;
      receiving busulfan-fludarabine phosphate (fludarabine) with an allogeneic human leukocyte&#xD;
      antigen (HLA) matched hematopoietic transplantation for myeloid malignancies. Two sources of&#xD;
      NK cells could be studied, depending on what donor source is available: cells from the HLA&#xD;
      matched related donor or cells from an unrelated cord blood unit.&#xD;
&#xD;
      II. For each source of NK cells: the maximum tolerated cell dose; the phenotype and function&#xD;
      of the ex vivo expanded NK cells and their survival in vivo; the rate of engraftment,&#xD;
      graft-vs.-host disease (GVHD), immune reconstitution, relapse rates and survival for patients&#xD;
      receiving this regimen will be determined.&#xD;
&#xD;
      OUTLINE: This is a phase I, dose-escalation study of NK cells followed by a phase II study.&#xD;
&#xD;
      Patients receive fludarabine phosphate intravenously (IV) over 1 hour and busulfan IV over 3&#xD;
      hours on days -13 to -10. Patients then receive allogeneic CD56-positive CD3-negative natural&#xD;
      killer cells IV over 1 hour on day -8. Patients also receive aldesleukin subcutaneously (SC)&#xD;
      once daily (QD) on days -8 to -4. Patients then undergo allogeneic peripheral blood stem cell&#xD;
      (PBSC) transplant on day 0.&#xD;
    </textblock>
  </detailed_description>
  <overall_status>Completed</overall_status>
  <start_date type="Actual">June 11, 2013</start_date>
  <completion_date type="Actual">May 10, 2022</completion_date>
  <primary_completion_date type="Actual">May 10, 2022</primary_completion_date>
  <phase>Phase 1/Phase 2</phase>
  <study_type>Interventional</study_type>
  <has_expanded_access>No</has_expanded_access>
  <study_design_info>
    <allocation>N/A</allocation>
    <intervention_model>Single Group Assignment</intervention_model>
    <primary_purpose>Treatment</primary_purpose>
    <masking>None (Open Label)</masking>
  </study_design_info>
  <primary_outcome>
    <measure>Number of Participants Who Experienced Dose-limiting Toxicities (DLT)</measure>
    <time_frame>Up to 42 days</time_frame>
    <description>Participants that experienced DLT related to the NK Cells post transplant at different dose levels.</description>
  </primary_outcome>
  <secondary_outcome>
    <measure>Overall Survival</measure>
    <time_frame>Up to 2 years</time_frame>
    <description>Participants that survived between day of transplant and day of death on different dose levels.</description>
  </secondary_outcome>
  <secondary_outcome>
    <measure>Number of Participants With Grade 3 Toxicities</measure>
    <time_frame>Up to day 42</time_frame>
    <description>Number of participants that had grade 3 toxicities up to day 42.</description>
  </secondary_outcome>
  <number_of_arms>1</number_of_arms>
  <enrollment type="Actual">63</enrollment>
  <condition>Accelerated Phase Chronic Myelogenous Leukemia, BCR-ABL1 Positive</condition>
  <condition>Acute Erythroid Leukemia</condition>
  <condition>Acute Megakaryoblastic Leukemia</condition>
  <condition>Acute Myeloid Leukemia</condition>
  <condition>Acute Myeloid Leukemia Arising From Previous Myelodysplastic Syndrome</condition>
  <condition>Acute Myeloid Leukemia in Remission</condition>
  <condition>Blast Phase Chronic Myelogenous Leukemia, BCR-ABL1 Positive</condition>
  <condition>Blasts Under 20 Percent of Bone Marrow Nucleated Cells</condition>
  <condition>Blasts Under 20 Percent of Peripheral Blood White Cells</condition>
  <condition>Chronic Myelomonocytic Leukemia</condition>
  <condition>High Risk Myelodysplastic Syndrome</condition>
  <condition>Myelodysplastic Syndrome</condition>
  <condition>Recurrent Chronic Myelogenous Leukemia, BCR-ABL1 Positive</condition>
  <condition>Therapy-Related Acute Myeloid Leukemia</condition>
  <condition>Therapy-Related Myelodysplastic Syndrome</condition>
  <arm_group>
    <arm_group_label>Treatment (NK cells, PBSC transplant)</arm_group_label>
    <arm_group_type>Experimental</arm_group_type>
    <description>Patients receive fludarabine phosphate IV over 1 hour and busulfan IV over 3 hours on days -13 to -10. Patients then receive allogeneic CD56-positive CD3-negative natural killer cells IV over 1 hour on day -8. Patients also receive aldesleukin SC QD on days -8 to -4. Patients then undergo allogeneic PBSC transplant on day 0.</description>
  </arm_group>
  <intervention>
    <intervention_type>Biological</intervention_type>
    <intervention_name>Aldesleukin</intervention_name>
    <description>Given SC</description>
    <arm_group_label>Treatment (NK cells, PBSC transplant)</arm_group_label>
    <other_name>125-L-Serine-2-133-interleukin 2</other_name>
    <other_name>Proleukin</other_name>
    <other_name>r-serHuIL-2</other_name>
    <other_name>Recombinant Human IL-2</other_name>
    <other_name>Recombinant Human Interleukin-2</other_name>
  </intervention>
  <intervention>
    <intervention_type>Biological</intervention_type>
    <intervention_name>Allogeneic CD56-positive CD3-negative Natural Killer Cells</intervention_name>
    <description>Given IV</description>
    <arm_group_label>Treatment (NK cells, PBSC transplant)</arm_group_label>
  </intervention>
  <intervention>
    <intervention_type>Procedure</intervention_type>
    <intervention_name>Allogeneic Hematopoietic Stem Cell Transplantation</intervention_name>
    <description>Undergo allogeneic PBSC transplant</description>
    <arm_group_label>Treatment (NK cells, PBSC transplant)</arm_group_label>
    <other_name>Allogeneic Hematopoietic Cell Transplantation</other_name>
    <other_name>Allogeneic Stem Cell Transplantation</other_name>
    <other_name>HSC</other_name>
    <other_name>HSCT</other_name>
  </intervention>
  <intervention>
    <intervention_type>Drug</intervention_type>
    <intervention_name>Busulfan</intervention_name>
    <description>Given IV</description>
    <arm_group_label>Treatment (NK cells, PBSC transplant)</arm_group_label>
    <other_name>1, 4-Bis[methanesulfonoxy]butane</other_name>
    <other_name>BUS</other_name>
    <other_name>Bussulfam</other_name>
    <other_name>Busulfanum</other_name>
    <other_name>Busulfex</other_name>
    <other_name>Busulphan</other_name>
    <other_name>CB 2041</other_name>
    <other_name>CB-2041</other_name>
    <other_name>Glyzophrol</other_name>
    <other_name>GT 41</other_name>
    <other_name>GT-41</other_name>
    <other_name>Joacamine</other_name>
    <other_name>Methanesulfonic Acid Tetramethylene Ester</other_name>
    <other_name>Methanesulfonic acid, tetramethylene ester</other_name>
    <other_name>Mielucin</other_name>
    <other_name>Misulban</other_name>
    <other_name>Misulfan</other_name>
    <other_name>Mitosan</other_name>
    <other_name>Myeleukon</other_name>
    <other_name>Myeloleukon</other_name>
    <other_name>Myelosan</other_name>
    <other_name>Mylecytan</other_name>
    <other_name>Myleran</other_name>
    <other_name>Sulfabutin</other_name>
    <other_name>Tetramethylene Bis(methanesulfonate)</other_name>
    <other_name>Tetramethylene bis[methanesulfonate]</other_name>
    <other_name>WR-19508</other_name>
  </intervention>
  <intervention>
    <intervention_type>Drug</intervention_type>
    <intervention_name>Fludarabine Phosphate</intervention_name>
    <description>Given IV</description>
    <arm_group_label>Treatment (NK cells, PBSC transplant)</arm_group_label>
    <other_name>2-F-ara-AMP</other_name>
    <other_name>9H-Purin-6-amine, 2-fluoro-9-(5-O-phosphono-.beta.-D-arabinofuranosyl)-</other_name>
    <other_name>Beneflur</other_name>
    <other_name>Fludara</other_name>
    <other_name>SH T 586</other_name>
  </intervention>
  <intervention>
    <intervention_type>Other</intervention_type>
    <intervention_name>Laboratory Biomarker Analysis</intervention_name>
    <description>Correlative studies</description>
    <arm_group_label>Treatment (NK cells, PBSC transplant)</arm_group_label>
  </intervention>
  <intervention>
    <intervention_type>Procedure</intervention_type>
    <intervention_name>Peripheral Blood Stem Cell Transplantation</intervention_name>
    <description>Undergo allogeneic PBSC transplant</description>
    <arm_group_label>Treatment (NK cells, PBSC transplant)</arm_group_label>
    <other_name>PBPC transplantation</other_name>
    <other_name>PBSCT</other_name>
    <other_name>Peripheral Blood Progenitor Cell Transplantation</other_name>
    <other_name>Peripheral Stem Cell Support</other_name>
    <other_name>Peripheral Stem Cell Transplant</other_name>
    <other_name>Peripheral Stem Cell Transplantation</other_name>
  </intervention>
  <intervention>
    <intervention_type>Other</intervention_type>
    <intervention_name>Pharmacological Study</intervention_name>
    <description>Correlative studies</description>
    <arm_group_label>Treatment (NK cells, PBSC transplant)</arm_group_label>
  </intervention>
  <eligibility>
    <criteria>
      <textblock>
        Inclusion Criteria:&#xD;
&#xD;
          -  Acute myeloid leukemia who fail to achieve complete remission with one course of&#xD;
             induction chemotherapy or after relapse; patients must have less than 20% bone marrow&#xD;
             or peripheral blood blasts&#xD;
&#xD;
          -  Acute myeloid leukemia in first remission with any of the following high risk features&#xD;
             defined as:&#xD;
&#xD;
               -  Adverse cytogenetics: -5, deletion (del) 5q, -7, del7q, abnormalities involving&#xD;
                  3q, 9q, 11q, 20q, 21q, 17, +8 or complex karyotype (&gt; 3 abnormalities)&#xD;
&#xD;
               -  Preceding myelodysplastic or myeloproliferative syndrome&#xD;
&#xD;
               -  Presence of high risk molecular abnormalities including FLT3 mutations, DNMT3A,&#xD;
                  TET2; ras; kit&#xD;
&#xD;
               -  French-American-British (FAB) monosomy (M)6 or M7 classification&#xD;
&#xD;
               -  Treatment related acute myeloid leukemia (AML)&#xD;
&#xD;
               -  Residual cytogenetic or molecular abnormalities&#xD;
&#xD;
          -  Myelodysplastic syndromes with intermediate, high or very high risk Revised&#xD;
             International Prognostic Scoring System (R-IPSS) score, chronic myelomonocytic&#xD;
             leukemia (CMML) or therapy related myelodysplastic syndromes (MDS)&#xD;
&#xD;
          -  Chronic myeloid leukemia (CML) which:&#xD;
&#xD;
               -  Failed to achieve a cytogenetic remission to tyrosine kinase inhibitor treatment&#xD;
                  or has a cytogenetic relapse&#xD;
&#xD;
               -  Has ever been in accelerated phase or blast crisis&#xD;
&#xD;
          -  Patient must have an identified HLA (A,B,C,DR) compatible related or unrelated donor&#xD;
             who is age 16 years of age or older and weighs at least 110 pounds for the stem cell&#xD;
             donation&#xD;
&#xD;
          -  Zubrod performance status 0 to 2 or Karnofsky of at least 60&#xD;
&#xD;
          -  Left ventricular ejection fraction &gt;= 45%; no uncontrolled arrhythmias or uncontrolled&#xD;
             symptomatic cardiac disease&#xD;
&#xD;
          -  Forced expiratory volume in one second (FEV1) &gt;= 50% of expected, corrected for&#xD;
             hemoglobin&#xD;
&#xD;
          -  Forced vital capacity (FVC) &gt;= 50% of expected, corrected for hemoglobin&#xD;
&#xD;
          -  Diffusing capacity of the lung for carbon monoxide (DLCO) &gt;= 50% of expected,&#xD;
             corrected for hemoglobin&#xD;
&#xD;
          -  Bilirubin =&lt; 1.5 mg/dl (unless Gilbert's syndrome)&#xD;
&#xD;
          -  Serum glutamate pyruvate transaminase (SGPT) =&lt; 200 IU/ml unless related to patient&#xD;
             malignancy&#xD;
&#xD;
          -  Hepatitis B surface antigen negative and hepatitis C antibody negative&#xD;
&#xD;
          -  No evidence of chronic active hepatitis or cirrhosis&#xD;
&#xD;
          -  Patients with a history of hepatitis C, but have a negative viral load, are eligible&#xD;
&#xD;
          -  The protocol chairman will determine the eligibility of patients related to hepatic&#xD;
             abnormalities&#xD;
&#xD;
          -  Serum creatinine &lt; 1.5 mg%&#xD;
&#xD;
          -  Patient or patient's legal representative, parent(s) or guardian able to sign informed&#xD;
             consent; patients aged 7 to &lt; 18 to provide assent&#xD;
&#xD;
          -  Pediatric patients (age 7-18 years) will be entered only after 3 adult patients have&#xD;
             been entered without dose limiting toxicity&#xD;
&#xD;
        Exclusion Criteria:&#xD;
&#xD;
          -  Uncontrolled infection, not responding to appropriate antimicrobial agents after seven&#xD;
             days of therapy; the protocol principal investigator (PI) is the final arbiter of&#xD;
             eligibility&#xD;
&#xD;
          -  Pleural/pericardial effusion or ascites &gt; 1 L&#xD;
&#xD;
          -  Patients who are known to be human immunodeficiency virus (HIV)-seropositive&#xD;
&#xD;
          -  Pregnancy: positive pregnancy test in a woman with child bearing potential defined as&#xD;
             not post-menopausal for 12 months or no previous surgical sterilization&#xD;
&#xD;
          -  Women of child bearing potential not willing to use an effective contraceptive measure&#xD;
             while on study&#xD;
&#xD;
          -  Patients who are known to have allergy to mouse proteins&#xD;
      </textblock>
    </criteria>
    <gender>All</gender>
    <minimum_age>7 Years</minimum_age>
    <maximum_age>65 Years</maximum_age>
    <healthy_volunteers>No</healthy_volunteers>
  </eligibility>
  <overall_official>
    <last_name>Richard E Champlin</last_name>
    <role>Principal Investigator</role>
    <affiliation>M.D. Anderson Cancer Center</affiliation>
  </overall_official>
  <location>
    <facility>
      <name>M D Anderson Cancer Center</name>
      <address>
        <city>Houston</city>
        <state>Texas</state>
        <zip>77030</zip>
        <country>United States</country>
      </address>
    </facility>
  </location>
  <location_countries>
    <country>United States</country>
  </location_countries>
  <link>
    <url>http://www.mdanderson.org</url>
    <description>University of Texas MD Anderson Cancer Center Website</description>
  </link>
  <verification_date>November 2023</verification_date>
  <study_first_submitted>March 28, 2013</study_first_submitted>
  <study_first_submitted_qc>March 28, 2013</study_first_submitted_qc>
  <study_first_posted type="Estimate">April 4, 2013</study_first_posted>
  <results_first_submitted>March 24, 2023</results_first_submitted>
  <results_first_submitted_qc>November 3, 2023</results_first_submitted_qc>
  <results_first_posted type="Actual">November 7, 2023</results_first_posted>
  <last_update_submitted>November 3, 2023</last_update_submitted>
  <last_update_submitted_qc>November 3, 2023</last_update_submitted_qc>
  <last_update_posted type="Actual">November 7, 2023</last_update_posted>
  <responsible_party>
    <responsible_party_type>Sponsor</responsible_party_type>
  </responsible_party>
  <condition_browse>
    <!-- CAUTION:  The following MeSH terms are assigned with an imperfect algorithm            -->
    <mesh_term>Leukemia</mesh_term>
    <mesh_term>Leukemia, Myeloid</mesh_term>
    <mesh_term>Leukemia, Myeloid, Acute</mesh_term>
    <mesh_term>Preleukemia</mesh_term>
    <mesh_term>Leukemia, Myelogenous, Chronic, BCR-ABL Positive</mesh_term>
    <mesh_term>Leukemia, Myelomonocytic, Chronic</mesh_term>
    <mesh_term>Leukemia, Myelomonocytic, Juvenile</mesh_term>
    <mesh_term>Leukemia, Myeloid, Accelerated Phase</mesh_term>
    <mesh_term>Leukemia, Megakaryoblastic, Acute</mesh_term>
    <mesh_term>Blast Crisis</mesh_term>
    <mesh_term>Leukemia, Erythroblastic, Acute</mesh_term>
    <mesh_term>Myelodysplastic Syndromes</mesh_term>
    <mesh_term>Syndrome</mesh_term>
  </condition_browse>
  <intervention_browse>
    <!-- CAUTION:  The following MeSH terms are assigned with an imperfect algorithm            -->
    <mesh_term>Aldesleukin</mesh_term>
    <mesh_term>Fludarabine</mesh_term>
    <mesh_term>Fludarabine phosphate</mesh_term>
    <mesh_term>Busulfan</mesh_term>
    <mesh_term>Interleukin-2</mesh_term>
  </intervention_browse>
  <provided_document_section>
    <provided_document>
      <document_type>Study Protocol and Statistical Analysis Plan</document_type>
      <document_has_protocol>Yes</document_has_protocol>
      <document_has_icf>No</document_has_icf>
      <document_has_sap>Yes</document_has_sap>
      <document_date>April 23, 2019</document_date>
      <document_url>https://ClinicalTrials.gov/ProvidedDocs/98/NCT01823198/Prot_SAP_000.pdf</document_url>
    </provided_document>
  </provided_document_section>

  <clinical_results>

    <participant_flow>
      <recruitment_details>Participants were recruited at MD Anderson Cancer Center.</recruitment_details>
      <pre_assignment_details>Sixty three participants were enrolled in MDACC which 42 recipients and 21 related donors have signed consents. Twenty one ex-vivo NK cell derived from cord blood are from MDACC cord blood bank.</pre_assignment_details>
      <group_list>
        <group group_id="P1">
          <title>Phase I: NK Cell Dose Level 1_10^6</title>
          <description>Allogeneic stem cell transplant for patients with high risk myeloid malignancies conditioned with Fludarabine and Busulfan in combination with ex vivo expanded NK cells from 3 different NK cell sources : KIR mismatched haplo donors, KIR mismatched cord blood donors or HLA matched related donors.</description>
        </group>
        <group group_id="P2">
          <title>Phase I: NK Cell Dose Level 2_10^7</title>
          <description>Allogeneic stem cell transplant for patients with high risk myeloid malignancies conditioned with Fludarabine and Busulfan in combination with ex vivo expanded NK cells from 3 different NK cell sources : KIR mismatched haplo donors, KIR mismatched cord blood donors or HLA matched related donors.</description>
        </group>
        <group group_id="P3">
          <title>Phase I: NK Cell Dose Level 3_ 3x10^7</title>
          <description>Allogeneic stem cell transplant for patients with high risk myeloid malignancies conditioned with Fludarabine and Busulfan in combination with ex vivo expanded NK cells from 3 different NK cell sources : KIR mismatched haplo donors, KIR mismatched cord blood donors or HLA matched related donors.</description>
        </group>
        <group group_id="P4">
          <title>Phase I: NK Cell Dose Level 4_ 10^8</title>
          <description>Allogeneic stem cell transplant for patients with high risk myeloid malignancies conditioned with Fludarabine and Busulfan in combination with phase I/II escalation ex vivo expanded NK cells from 3 different NK cell sources : KIR mismatched haplo donors, KIR mismatched cord blood</description>
        </group>
        <group group_id="P5">
          <title>Phase II: NK Cell Dose Level 3_3x10^7</title>
          <description>Allogeneic stem cell transplant for patients with high risk myeloid malignancies conditioned with Fludarabine and Busulfan in combination with phase I/II escalation ex vivo expanded NK cells from 3 different NK cell sources : KIR mismatched haplo donors, KIR mismatched cord blood donors or HLA matched related donors.</description>
        </group>
        <group group_id="P6">
          <title>Phase II: NK Cell Dose Level 4_ 10^8</title>
          <description>Allogeneic stem cell transplant for patients with high risk myeloid malignancies conditioned with Fludarabine and Busulfan in combination with phase I/II escalation ex vivo expanded NK cells from 3 different NK cell sources : KIR mismatched haplo donors, KIR mismatched cord blood</description>
        </group>
        <group group_id="P7">
          <title>Donors</title>
          <description>Donors: KIR mismatched haplo donors, KIR mismatched cord blood donors or HLA matched related donors.</description>
        </group>
      </group_list>
      <period_list>
        <period>
          <title>Overall Study</title>
          <milestone_list>
            <milestone>
              <title>STARTED</title>
              <participants_list>
                <participants group_id="P1" count="6"/>
                <participants group_id="P2" count="6"/>
                <participants group_id="P3" count="4"/>
                <participants group_id="P4" count="4"/>
                <participants group_id="P5" count="1"/>
                <participants group_id="P6" count="21"/>
                <participants group_id="P7" count="21"/>
              </participants_list>
            </milestone>
            <milestone>
              <title>COMPLETED</title>
              <participants_list>
                <participants group_id="P1" count="6"/>
                <participants group_id="P2" count="5"/>
                <participants group_id="P3" count="4"/>
                <participants group_id="P4" count="4"/>
                <participants group_id="P5" count="1"/>
                <participants group_id="P6" count="18"/>
                <participants group_id="P7" count="18"/>
              </participants_list>
            </milestone>
            <milestone>
              <title>NOT COMPLETED</title>
              <participants_list>
                <participants group_id="P1" count="0"/>
                <participants group_id="P2" count="1"/>
                <participants group_id="P3" count="0"/>
                <participants group_id="P4" count="0"/>
                <participants group_id="P5" count="0"/>
                <participants group_id="P6" count="3"/>
                <participants group_id="P7" count="3"/>
              </participants_list>
            </milestone>
          </milestone_list>
          <drop_withdraw_reason_list>
            <drop_withdraw_reason>
              <title>Physician Decision</title>
              <participants_list>
                <participants group_id="P1" count="0"/>
                <participants group_id="P2" count="1"/>
                <participants group_id="P3" count="0"/>
                <participants group_id="P4" count="0"/>
                <participants group_id="P5" count="0"/>
                <participants group_id="P6" count="3"/>
                <participants group_id="P7" count="3"/>
              </participants_list>
            </drop_withdraw_reason>
          </drop_withdraw_reason_list>
        </period>
      </period_list>
    </participant_flow>

    <baseline>
      <population>Donor participants only signed the consents and were not part of the results and Adverse events were not collected.</population>
      <group_list>
        <group group_id="B1">
          <title>Phase I: NK Cell Dose Level 1_10^6</title>
          <description>Allogeneic stem cell transplant for patients with high risk myeloid malignancies conditioned with Fludarabine and Busulfan in combination with ex vivo expanded NK cells from 3 different NK cell sources : KIR mismatched haplo donors, KIR mismatched cord blood donors or HLA matched related donors.</description>
        </group>
        <group group_id="B2">
          <title>Phase I: NK Cell Dose Level 2_10^7</title>
          <description>Allogeneic stem cell transplant for patients with high risk myeloid malignancies conditioned with Fludarabine and Busulfan in combination with ex vivo expanded NK cells from 3 different NK cell sources : KIR mismatched haplo donors, KIR mismatched cord blood donors or HLA matched related donors.</description>
        </group>
        <group group_id="B3">
          <title>Phase I: NK Cell Dose Level 3_ 3x10^7</title>
          <description>Allogeneic stem cell transplant for patients with high risk myeloid malignancies conditioned with Fludarabine and Busulfan in combination with ex vivo expanded NK cells from 3 different NK cell sources : KIR mismatched haplo donors, KIR mismatched cord blood donors or HLA matched related donors.</description>
        </group>
        <group group_id="B4">
          <title>Phase I: NK Cell Dose Level 4_ 10^8</title>
          <description>Allogeneic stem cell transplant for patients with high risk myeloid malignancies conditioned with Fludarabine and Busulfan in combination with phase I/II escalation ex vivo expanded NK cells from 3 different NK cell sources : KIR mismatched haplo donors, KIR mismatched cord blood donors or HLA matched related donors.</description>
        </group>
        <group group_id="B5">
          <title>Phase II: NK Cell Dose Level 3_3x10^7</title>
          <description>Allogeneic stem cell transplant for patients with high risk myeloid malignancies conditioned with Fludarabine and Busulfan in combination with phase I/II escalation ex vivo expanded NK cells from 3 different NK cell sources : KIR mismatched haplo donors, KIR mismatched cord blood donors or HLA matched related donors.</description>
        </group>
        <group group_id="B6">
          <title>Phase II: NK Cell Dose Level 4_ 10^8</title>
          <description>Allogeneic stem cell transplant for patients with high risk myeloid malignancies conditioned with Fludarabine and Busulfan in combination with phase I/II escalation ex vivo expanded NK cells from 3 different NK cell sources : KIR mismatched haplo donors, KIR mismatched cord blood</description>
        </group>
        <group group_id="B7">
          <title>Donors</title>
          <description>Donors: KIR mismatched haplo donors, KIR mismatched cord blood donors or HLA matched related donors.</description>
        </group>
        <group group_id="B8">
          <title>Total</title>
          <description>Total of all reporting groups</description>
        </group>
      </group_list>
      <analyzed_list>
        <analyzed>
          <units>Participants</units>
          <scope>Overall</scope>
          <count_list>
            <count group_id="B1" value="6"/>
            <count group_id="B2" value="6"/>
            <count group_id="B3" value="4"/>
            <count group_id="B4" value="4"/>
            <count group_id="B5" value="1"/>
            <count group_id="B6" value="21"/>
            <count group_id="B7" value="21"/>
            <count group_id="B8" value="63"/>
          </count_list>
        </analyzed>
      </analyzed_list>
      <measure_list>
        <measure>
          <title>Age</title>
          <units>Participants</units>
          <param>Count of Participants</param>
          <class_list>
            <class>
              <category_list>
                <category>
                  <title>&lt;=18 years</title>
                  <measurement_list>
                    <measurement group_id="B1" value="0"/>
                    <measurement group_id="B2" value="0"/>
                    <measurement group_id="B3" value="0"/>
                    <measurement group_id="B4" value="0"/>
                    <measurement group_id="B5" value="0"/>
                    <measurement group_id="B6" value="1"/>
                    <measurement group_id="B7" value="0"/>
                    <measurement group_id="B8" value="1"/>
                  </measurement_list>
                </category>
                <category>
                  <title>Between 18 and 65 years</title>
                  <measurement_list>
                    <measurement group_id="B1" value="6"/>
                    <measurement group_id="B2" value="6"/>
                    <measurement group_id="B3" value="4"/>
                    <measurement group_id="B4" value="4"/>
                    <measurement group_id="B5" value="1"/>
                    <measurement group_id="B6" value="20"/>
                    <measurement group_id="B7" value="21"/>
                    <measurement group_id="B8" value="62"/>
                  </measurement_list>
                </category>
                <category>
                  <title>&gt;=65 years</title>
                  <measurement_list>
                    <measurement group_id="B1" value="0"/>
                    <measurement group_id="B2" value="0"/>
                    <measurement group_id="B3" value="0"/>
                    <measurement group_id="B4" value="0"/>
                    <measurement group_id="B5" value="0"/>
                    <measurement group_id="B6" value="0"/>
                    <measurement group_id="B7" value="0"/>
                    <measurement group_id="B8" value="0"/>
                  </measurement_list>
                </category>
              </category_list>
            </class>
          </class_list>
        </measure>
        <measure>
          <title>Sex: Female, Male</title>
          <units>Participants</units>
          <param>Count of Participants</param>
          <class_list>
            <class>
              <category_list>
                <category>
                  <title>Female</title>
                  <measurement_list>
                    <measurement group_id="B1" value="3"/>
                    <measurement group_id="B2" value="3"/>
                    <measurement group_id="B3" value="3"/>
                    <measurement group_id="B4" value="2"/>
                    <measurement group_id="B5" value="0"/>
                    <measurement group_id="B6" value="5"/>
                    <measurement group_id="B7" value="12"/>
                    <measurement group_id="B8" value="28"/>
                  </measurement_list>
                </category>
                <category>
                  <title>Male</title>
                  <measurement_list>
                    <measurement group_id="B1" value="3"/>
                    <measurement group_id="B2" value="3"/>
                    <measurement group_id="B3" value="1"/>
                    <measurement group_id="B4" value="2"/>
                    <measurement group_id="B5" value="1"/>
                    <measurement group_id="B6" value="16"/>
                    <measurement group_id="B7" value="9"/>
                    <measurement group_id="B8" value="35"/>
                  </measurement_list>
                </category>
              </category_list>
            </class>
          </class_list>
        </measure>
        <measure>
          <title>Ethnicity (NIH/OMB)</title>
          <units>Participants</units>
          <param>Count of Participants</param>
          <class_list>
            <class>
              <category_list>
                <category>
                  <title>Hispanic or Latino</title>
                  <measurement_list>
                    <measurement group_id="B1" value="3"/>
                    <measurement group_id="B2" value="2"/>
                    <measurement group_id="B3" value="0"/>
                    <measurement group_id="B4" value="1"/>
                    <measurement group_id="B5" value="0"/>
                    <measurement group_id="B6" value="4"/>
                    <measurement group_id="B7" value="6"/>
                    <measurement group_id="B8" value="16"/>
                  </measurement_list>
                </category>
                <category>
                  <title>Not Hispanic or Latino</title>
                  <measurement_list>
                    <measurement group_id="B1" value="3"/>
                    <measurement group_id="B2" value="4"/>
                    <measurement group_id="B3" value="4"/>
                    <measurement group_id="B4" value="3"/>
                    <measurement group_id="B5" value="1"/>
                    <measurement group_id="B6" value="17"/>
                    <measurement group_id="B7" value="15"/>
                    <measurement group_id="B8" value="47"/>
                  </measurement_list>
                </category>
                <category>
                  <title>Unknown or Not Reported</title>
                  <measurement_list>
                    <measurement group_id="B1" value="0"/>
                    <measurement group_id="B2" value="0"/>
                    <measurement group_id="B3" value="0"/>
                    <measurement group_id="B4" value="0"/>
                    <measurement group_id="B5" value="0"/>
                    <measurement group_id="B6" value="0"/>
                    <measurement group_id="B7" value="0"/>
                    <measurement group_id="B8" value="0"/>
                  </measurement_list>
                </category>
              </category_list>
            </class>
          </class_list>
        </measure>
        <measure>
          <title>Region of Enrollment</title>
          <units>participants</units>
          <param>Number</param>
          <class_list>
            <class>
              <title>United States</title>
              <category_list>
                <category>
                  <measurement_list>
                    <measurement group_id="B1" value="6"/>
                    <measurement group_id="B2" value="6"/>
                    <measurement group_id="B3" value="4"/>
                    <measurement group_id="B4" value="4"/>
                    <measurement group_id="B5" value="1"/>
                    <measurement group_id="B6" value="21"/>
                    <measurement group_id="B7" value="21"/>
                    <measurement group_id="B8" value="63"/>
                  </measurement_list>
                </category>
              </category_list>
            </class>
          </class_list>
        </measure>
      </measure_list>
    </baseline>

    <outcome_list>
      <outcome>
        <type>Primary</type>
        <title>Number of Participants Who Experienced Dose-limiting Toxicities (DLT)</title>
        <description>Participants that experienced DLT related to the NK Cells post transplant at different dose levels.</description>
        <time_frame>Up to 42 days</time_frame>
        <population>Twenty one donor participants were not included in outcome analysis.</population>
        <group_list>
          <group group_id="O1">
            <title>Phase I: NK Cell Dose Level 1_10^6</title>
            <description>Allogeneic stem cell transplant for patients with high risk myeloid malignancies conditioned with Fludarabine and Busulfan in combination with ex vivo expanded NK cells from 3 different NK cell sources : KIR mismatched haplo donors, KIR mismatched cord blood donors or HLA matched related donors.</description>
          </group>
          <group group_id="O2">
            <title>Phase I: NK Cell Dose Level 2_10^7</title>
            <description>Allogeneic stem cell transplant for patients with high risk myeloid malignancies conditioned with Fludarabine and Busulfan in combination with ex vivo expanded NK cells from 3 different NK cell sources : KIR mismatched haplo donors, KIR mismatched cord blood donors or HLA matched related donors.</description>
          </group>
          <group group_id="O3">
            <title>Phase I: NK Cell Dose Level 3_ 3x10^7</title>
            <description>Allogeneic stem cell transplant for patients with high risk myeloid malignancies conditioned with Fludarabine and Busulfan in combination with ex vivo expanded NK cells from 3 different NK cell sources : KIR mismatched haplo donors, KIR mismatched cord blood donors or HLA matched related donors.</description>
          </group>
          <group group_id="O4">
            <title>Phase I: NK Cell Dose Level 4_ 10^8</title>
            <description>Allogeneic stem cell transplant for patients with high risk myeloid malignancies conditioned with Fludarabine and Busulfan in combination with phase I/II escalation ex vivo expanded NK cells from 3 different NK cell sources : KIR mismatched haplo donors, KIR mismatched cord blood donors or HLA matched related donors.</description>
          </group>
          <group group_id="O5">
            <title>Phase II: NK Cell Dose Level 3_3x10^7</title>
            <description>Allogeneic stem cell transplant for patients with high risk myeloid malignancies conditioned with Fludarabine and Busulfan in combination with phase I/II escalation ex vivo expanded NK cells from 3 different NK cell sources : KIR mismatched haplo donors, KIR mismatched cord blood donors or HLA matched related donors.</description>
          </group>
          <group group_id="O6">
            <title>Phase II: NK Cell Dose Level 4_ 10^8</title>
            <description>Allogeneic stem cell transplant for patients with high risk myeloid malignancies conditioned with Fludarabine and Busulfan in combination with phase I/II escalation ex vivo expanded NK cells from 3 different NK cell sources : KIR mismatched haplo donors, KIR mismatched cord blood</description>
          </group>
        </group_list>
        <measure>
          <title>Number of Participants Who Experienced Dose-limiting Toxicities (DLT)</title>
          <description>Participants that experienced DLT related to the NK Cells post transplant at different dose levels.</description>
          <population>Twenty one donor participants were not included in outcome analysis.</population>
          <units>Participants</units>
          <param>Count of Participants</param>
          <analyzed_list>
            <analyzed>
              <units>Participants</units>
              <scope>Measure</scope>
              <count_list>
                <count group_id="O1" value="6"/>
                <count group_id="O2" value="6"/>
                <count group_id="O3" value="4"/>
                <count group_id="O4" value="4"/>
                <count group_id="O5" value="1"/>
                <count group_id="O6" value="21"/>
              </count_list>
            </analyzed>
          </analyzed_list>
          <class_list>
            <class>
              <title>Group A: NK cells from KIR mismatched haplo donors</title>
              <category_list>
                <category>
                  <measurement_list>
                    <measurement group_id="O1" value="2"/>
                    <measurement group_id="O2" value="1"/>
                    <measurement group_id="O3" value="0"/>
                    <measurement group_id="O4" value="0"/>
                    <measurement group_id="O5" value="0"/>
                    <measurement group_id="O6" value="0"/>
                  </measurement_list>
                </category>
              </category_list>
            </class>
            <class>
              <title>Group B: NK cells from KIR mismatched cord blood donors</title>
              <category_list>
                <category>
                  <measurement_list>
                    <measurement group_id="O1" value="2"/>
                    <measurement group_id="O2" value="2"/>
                    <measurement group_id="O3" value="2"/>
                    <measurement group_id="O4" value="2"/>
                    <measurement group_id="O5" value="1"/>
                    <measurement group_id="O6" value="12"/>
                  </measurement_list>
                </category>
              </category_list>
            </class>
            <class>
              <title>Group C: NK cells from matched related donors</title>
              <category_list>
                <category>
                  <measurement_list>
                    <measurement group_id="O1" value="2"/>
                    <measurement group_id="O2" value="3"/>
                    <measurement group_id="O3" value="2"/>
                    <measurement group_id="O4" value="2"/>
                    <measurement group_id="O5" value="0"/>
                    <measurement group_id="O6" value="9"/>
                  </measurement_list>
                </category>
              </category_list>
            </class>
          </class_list>
        </measure>
      </outcome>
      <outcome>
        <type>Secondary</type>
        <title>Overall Survival</title>
        <description>Participants that survived between day of transplant and day of death on different dose levels.</description>
        <time_frame>Up to 2 years</time_frame>
        <population>Twenty one donor participants were not included in outcome analysis.</population>
        <group_list>
          <group group_id="O1">
            <title>Phase I: NK Cell Dose Level 1_10^6</title>
            <description>Allogeneic stem cell transplant for patients with high risk myeloid malignancies conditioned with Fludarabine and Busulfan in combination with ex vivo expanded NK cells from 3 different NK cell sources : KIR mismatched haplo donors, KIR mismatched cord blood donors or HLA matched related donors.</description>
          </group>
          <group group_id="O2">
            <title>Phase I: NK Cell Dose Level 2_10^7</title>
            <description>Allogeneic stem cell transplant for patients with high risk myeloid malignancies conditioned with Fludarabine and Busulfan in combination with ex vivo expanded NK cells from 3 different NK cell sources : KIR mismatched haplo donors, KIR mismatched cord blood donors or HLA matched related donors.</description>
          </group>
          <group group_id="O3">
            <title>Phase I: NK Cell Dose Level 3_ 3x10^7</title>
            <description>Allogeneic stem cell transplant for patients with high risk myeloid malignancies conditioned with Fludarabine and Busulfan in combination with ex vivo expanded NK cells from 3 different NK cell sources : KIR mismatched haplo donors, KIR mismatched cord blood donors or HLA matched related donors.</description>
          </group>
          <group group_id="O4">
            <title>Phase I: NK Cell Dose Level 4_ 10^8</title>
            <description>Allogeneic stem cell transplant for patients with high risk myeloid malignancies conditioned with Fludarabine and Busulfan in combination with phase I/II escalation ex vivo expanded NK cells from 3 different NK cell sources : KIR mismatched haplo donors, KIR mismatched cord blood donors or HLA matched related donors.</description>
          </group>
          <group group_id="O5">
            <title>Phase II: NK Cell Dose Level 3_3x10^7</title>
            <description>Allogeneic stem cell transplant for patients with high risk myeloid malignancies conditioned with Fludarabine and Busulfan in combination with phase I/II escalation ex vivo expanded NK cells from 3 different NK cell sources : KIR mismatched haplo donors, KIR mismatched cord blood donors or HLA matched related donors.</description>
          </group>
          <group group_id="O6">
            <title>Phase II: NK Cell Dose Level 4_ 10^8</title>
            <description>Allogeneic stem cell transplant for patients with high risk myeloid malignancies conditioned with Fludarabine and Busulfan in combination with phase I/II escalation ex vivo expanded NK cells from 3 different NK cell sources : KIR mismatched haplo donors, KIR mismatched cord blood</description>
          </group>
        </group_list>
        <measure>
          <title>Overall Survival</title>
          <description>Participants that survived between day of transplant and day of death on different dose levels.</description>
          <population>Twenty one donor participants were not included in outcome analysis.</population>
          <units>Participants</units>
          <param>Count of Participants</param>
          <analyzed_list>
            <analyzed>
              <units>Participants</units>
              <scope>Measure</scope>
              <count_list>
                <count group_id="O1" value="6"/>
                <count group_id="O2" value="6"/>
                <count group_id="O3" value="4"/>
                <count group_id="O4" value="4"/>
                <count group_id="O5" value="1"/>
                <count group_id="O6" value="21"/>
              </count_list>
            </analyzed>
          </analyzed_list>
          <class_list>
            <class>
              <title>Group A: NK cells from KIR mismatched haplo donors</title>
              <category_list>
                <category>
                  <measurement_list>
                    <measurement group_id="O1" value="2"/>
                    <measurement group_id="O2" value="0"/>
                    <measurement group_id="O3" value="0"/>
                    <measurement group_id="O4" value="0"/>
                    <measurement group_id="O5" value="0"/>
                    <measurement group_id="O6" value="0"/>
                  </measurement_list>
                </category>
              </category_list>
            </class>
            <class>
              <title>Group B: NK cells from KIR mismatched cord blood donors</title>
              <category_list>
                <category>
                  <measurement_list>
                    <measurement group_id="O1" value="1"/>
                    <measurement group_id="O2" value="1"/>
                    <measurement group_id="O3" value="0"/>
                    <measurement group_id="O4" value="1"/>
                    <measurement group_id="O5" value="1"/>
                    <measurement group_id="O6" value="7"/>
                  </measurement_list>
                </category>
              </category_list>
            </class>
            <class>
              <title>Group C: NK cells from matched related donors</title>
              <category_list>
                <category>
                  <measurement_list>
                    <measurement group_id="O1" value="2"/>
                    <measurement group_id="O2" value="0"/>
                    <measurement group_id="O3" value="3"/>
                    <measurement group_id="O4" value="2"/>
                    <measurement group_id="O5" value="0"/>
                    <measurement group_id="O6" value="2"/>
                  </measurement_list>
                </category>
              </category_list>
            </class>
          </class_list>
        </measure>
      </outcome>
      <outcome>
        <type>Secondary</type>
        <title>Number of Participants With Grade 3 Toxicities</title>
        <description>Number of participants that had grade 3 toxicities up to day 42.</description>
        <time_frame>Up to day 42</time_frame>
        <population>Twenty one donor participants were not included in outcome analysis.</population>
        <group_list>
          <group group_id="O1">
            <title>Phase I: NK Cell Dose Level 1_10^6</title>
            <description>Allogeneic stem cell transplant for patients with high risk myeloid malignancies conditioned with Fludarabine and Busulfan in combination with ex vivo expanded NK cells from 3 different NK cell sources : KIR mismatched haplo donors, KIR mismatched cord blood donors or HLA matched related donors.</description>
          </group>
          <group group_id="O2">
            <title>Phase I: NK Cell Dose Level 2_10^7</title>
            <description>Allogeneic stem cell transplant for patients with high risk myeloid malignancies conditioned with Fludarabine and Busulfan in combination with ex vivo expanded NK cells from 3 different NK cell sources : KIR mismatched haplo donors, KIR mismatched cord blood donors or HLA matched related donors.</description>
          </group>
          <group group_id="O3">
            <title>Phase I: NK Cell Dose Level 3_ 3x10^7</title>
            <description>Allogeneic stem cell transplant for patients with high risk myeloid malignancies conditioned with Fludarabine and Busulfan in combination with ex vivo expanded NK cells from 3 different NK cell sources : KIR mismatched haplo donors, KIR mismatched cord blood donors or HLA matched related donors.</description>
          </group>
          <group group_id="O4">
            <title>Phase I: NK Cell Dose Level 4_ 10^8</title>
            <description>Allogeneic stem cell transplant for patients with high risk myeloid malignancies conditioned with Fludarabine and Busulfan in combination with phase I/II escalation ex vivo expanded NK cells from 3 different NK cell sources : KIR mismatched haplo donors, KIR mismatched cord blood donors or HLA matched related donors.</description>
          </group>
          <group group_id="O5">
            <title>Phase II: NK Cell Dose Level 3_3x10^7</title>
            <description>Allogeneic stem cell transplant for patients with high risk myeloid malignancies conditioned with Fludarabine and Busulfan in combination with phase I/II escalation ex vivo expanded NK cells from 3 different NK cell sources : KIR mismatched haplo donors, KIR mismatched cord blood donors or HLA matched related donors.</description>
          </group>
          <group group_id="O6">
            <title>Phase II: NK Cell Dose Level 4_ 10^8</title>
            <description>Allogeneic stem cell transplant for patients with high risk myeloid malignancies conditioned with Fludarabine and Busulfan in combination with phase I/II escalation ex vivo expanded NK cells from 3 different NK cell sources : KIR mismatched haplo donors, KIR mismatched cord blood</description>
          </group>
        </group_list>
        <measure>
          <title>Number of Participants With Grade 3 Toxicities</title>
          <description>Number of participants that had grade 3 toxicities up to day 42.</description>
          <population>Twenty one donor participants were not included in outcome analysis.</population>
          <units>Participants</units>
          <param>Count of Participants</param>
          <analyzed_list>
            <analyzed>
              <units>Participants</units>
              <scope>Measure</scope>
              <count_list>
                <count group_id="O1" value="6"/>
                <count group_id="O2" value="6"/>
                <count group_id="O3" value="4"/>
                <count group_id="O4" value="4"/>
                <count group_id="O5" value="1"/>
                <count group_id="O6" value="21"/>
              </count_list>
            </analyzed>
          </analyzed_list>
          <class_list>
            <class>
              <title>Group A: NK cells from KIR mismatched haplo donors</title>
              <category_list>
                <category>
                  <measurement_list>
                    <measurement group_id="O1" value="2"/>
                    <measurement group_id="O2" value="1"/>
                    <measurement group_id="O3" value="0"/>
                    <measurement group_id="O4" value="0"/>
                    <measurement group_id="O5" value="0"/>
                    <measurement group_id="O6" value="0"/>
                  </measurement_list>
                </category>
              </category_list>
            </class>
            <class>
              <title>Group B: NK cells from KIR mismatched cord blood donors</title>
              <category_list>
                <category>
                  <measurement_list>
                    <measurement group_id="O1" value="1"/>
                    <measurement group_id="O2" value="2"/>
                    <measurement group_id="O3" value="1"/>
                    <measurement group_id="O4" value="1"/>
                    <measurement group_id="O5" value="1"/>
                    <measurement group_id="O6" value="11"/>
                  </measurement_list>
                </category>
              </category_list>
            </class>
            <class>
              <title>Group C: NK cells from matched related donors</title>
              <category_list>
                <category>
                  <measurement_list>
                    <measurement group_id="O1" value="2"/>
                    <measurement group_id="O2" value="2"/>
                    <measurement group_id="O3" value="2"/>
                    <measurement group_id="O4" value="2"/>
                    <measurement group_id="O5" value="0"/>
                    <measurement group_id="O6" value="6"/>
                  </measurement_list>
                </category>
              </category_list>
            </class>
          </class_list>
        </measure>
      </outcome>
    </outcome_list>

    <reported_events>
      <time_frame>Up to 42 days. All-Cause Mortality was monitored/assessed for up to 2 years).</time_frame>
      <desc>Donor participants only signed the consents and were not part of the results and Adverse events were not collected.</desc>
      <group_list>
        <group group_id="E1">
          <title>Phase I: NK Cell Dose Level 1_10^6</title>
          <description>Allogeneic stem cell transplant for patients with high risk myeloid malignancies conditioned with Fludarabine and Busulfan in combination with ex vivo expanded NK cells from 3 different NK cell sources : KIR mismatched haplo donors, KIR mismatched cord blood donors or HLA matched related donors.</description>
        </group>
        <group group_id="E2">
          <title>Phase I: NK Cell Dose Level 2_10^7</title>
          <description>Allogeneic stem cell transplant for patients with high risk myeloid malignancies conditioned with Fludarabine and Busulfan in combination with ex vivo expanded NK cells from 3 different NK cell sources : KIR mismatched haplo donors, KIR mismatched cord blood donors or HLA matched related donors.</description>
        </group>
        <group group_id="E3">
          <title>Phase I: NK Cell Dose Level 3_ 3x10^7</title>
          <description>Allogeneic stem cell transplant for patients with high risk myeloid malignancies conditioned with Fludarabine and Busulfan in combination with ex vivo expanded NK cells from 3 different NK cell sources : KIR mismatched haplo donors, KIR mismatched cord blood donors or HLA matched related donors.</description>
        </group>
        <group group_id="E4">
          <title>Phase I: NK Cell Dose Level 4_ 10^8</title>
          <description>Allogeneic stem cell transplant for patients with high risk myeloid malignancies conditioned with Fludarabine and Busulfan in combination with phase I/II escalation ex vivo expanded NK cells from 3 different NK cell sources : KIR mismatched haplo donors, KIR mismatched cord blood donors or HLA matched related donors.</description>
        </group>
        <group group_id="E5">
          <title>Phase II: NK Cell Dose Level 3_3x10^7</title>
          <description>Allogeneic stem cell transplant for patients with high risk myeloid malignancies conditioned with Fludarabine and Busulfan in combination with phase I/II escalation ex vivo expanded NK cells from 3 different NK cell sources : KIR mismatched haplo donors, KIR mismatched cord blood donors or HLA matched related donors.</description>
        </group>
        <group group_id="E6">
          <title>Phase II: NK Cell Dose Level 4_ 10^8</title>
          <description>Allogeneic stem cell transplant for patients with high risk myeloid malignancies conditioned with Fludarabine and Busulfan in combination with phase I/II escalation ex vivo expanded NK cells from 3 different NK cell sources : KIR mismatched haplo donors, KIR mismatched cord blood</description>
        </group>
        <group group_id="E7">
          <title>Donors</title>
          <description>Donors: KIR mismatched haplo donors, KIR mismatched cord blood donors or HLA matched related donors.</description>
        </group>
      </group_list>
      <serious_events>
        <default_vocab>CTCAE (4.0)</default_vocab>
        <default_assessment>Systematic Assessment</default_assessment>
        <category_list>
          <category>
            <title>Total</title>
            <event_list>
              <event>
                <sub_title>Total, all-cause mortality</sub_title>
                <counts group_id="E1" subjects_affected="1" subjects_at_risk="6"/>
                <counts group_id="E2" subjects_affected="4" subjects_at_risk="6"/>
                <counts group_id="E3" subjects_affected="2" subjects_at_risk="4"/>
                <counts group_id="E4" subjects_affected="1" subjects_at_risk="4"/>
                <counts group_id="E5" subjects_affected="0" subjects_at_risk="1"/>
                <counts group_id="E6" subjects_affected="9" subjects_at_risk="21"/>
                <counts group_id="E7" subjects_affected="0" subjects_at_risk="0"/>
              </event>
              <event>
                <sub_title>Total, serious adverse events</sub_title>
                <counts group_id="E1" subjects_affected="1" subjects_at_risk="6"/>
                <counts group_id="E2" subjects_affected="2" subjects_at_risk="6"/>
                <counts group_id="E3" subjects_affected="1" subjects_at_risk="4"/>
                <counts group_id="E4" subjects_affected="0" subjects_at_risk="4"/>
                <counts group_id="E5" subjects_affected="1" subjects_at_risk="1"/>
                <counts group_id="E6" subjects_affected="6" subjects_at_risk="21"/>
                <counts group_id="E7" subjects_affected="0" subjects_at_risk="0"/>
              </event>
            </event_list>
          </category>
          <category>
            <title>Blood and lymphatic system disorders</title>
            <event_list>
              <event>
                <sub_title>Secondary graft failure</sub_title>
                <counts group_id="E1" subjects_affected="0" subjects_at_risk="6"/>
                <counts group_id="E2" subjects_affected="1" subjects_at_risk="6"/>
                <counts group_id="E3" subjects_affected="0" subjects_at_risk="4"/>
                <counts group_id="E4" subjects_affected="0" subjects_at_risk="4"/>
                <counts group_id="E5" subjects_affected="0" subjects_at_risk="1"/>
                <counts group_id="E6" subjects_affected="0" subjects_at_risk="21"/>
                <counts group_id="E7" subjects_affected="0" subjects_at_risk="0"/>
              </event>
            </event_list>
          </category>
          <category>
            <title>Gastrointestinal disorders</title>
            <event_list>
              <event>
                <sub_title>GI GvHD</sub_title>
                <counts group_id="E1" subjects_affected="0" subjects_at_risk="6"/>
                <counts group_id="E2" subjects_affected="0" subjects_at_risk="6"/>
                <counts group_id="E3" subjects_affected="0" subjects_at_risk="4"/>
                <counts group_id="E4" subjects_affected="0" subjects_at_risk="4"/>
                <counts group_id="E5" subjects_affected="0" subjects_at_risk="1"/>
                <counts group_id="E6" subjects_affected="1" subjects_at_risk="21"/>
                <counts group_id="E7" subjects_affected="0" subjects_at_risk="0"/>
              </event>
            </event_list>
          </category>
          <category>
            <title>Hepatobiliary disorders</title>
            <event_list>
              <event>
                <sub_title>Liver GvHD</sub_title>
                <counts group_id="E1" subjects_affected="0" subjects_at_risk="6"/>
                <counts group_id="E2" subjects_affected="0" subjects_at_risk="6"/>
                <counts group_id="E3" subjects_affected="0" subjects_at_risk="4"/>
                <counts group_id="E4" subjects_affected="0" subjects_at_risk="4"/>
                <counts group_id="E5" subjects_affected="1" subjects_at_risk="1"/>
                <counts group_id="E6" subjects_affected="0" subjects_at_risk="21"/>
                <counts group_id="E7" subjects_affected="0" subjects_at_risk="0"/>
              </event>
              <event>
                <sub_title>Liver GvHD</sub_title>
                <counts group_id="E1" subjects_affected="0" subjects_at_risk="6"/>
                <counts group_id="E2" subjects_affected="0" subjects_at_risk="6"/>
                <counts group_id="E3" subjects_affected="0" subjects_at_risk="4"/>
                <counts group_id="E4" subjects_affected="0" subjects_at_risk="4"/>
                <counts group_id="E5" subjects_affected="0" subjects_at_risk="1"/>
                <counts group_id="E6" subjects_affected="3" subjects_at_risk="21"/>
                <counts group_id="E7" subjects_affected="0" subjects_at_risk="0"/>
              </event>
            </event_list>
          </category>
          <category>
            <title>Infections and infestations</title>
            <event_list>
              <event>
                <sub_title>Viral Infections</sub_title>
                <counts group_id="E1" subjects_affected="1" subjects_at_risk="6"/>
                <counts group_id="E2" subjects_affected="0" subjects_at_risk="6"/>
                <counts group_id="E3" subjects_affected="0" subjects_at_risk="4"/>
                <counts group_id="E4" subjects_affected="0" subjects_at_risk="4"/>
                <counts group_id="E5" subjects_affected="0" subjects_at_risk="1"/>
                <counts group_id="E6" subjects_affected="0" subjects_at_risk="21"/>
                <counts group_id="E7" subjects_affected="0" subjects_at_risk="0"/>
              </event>
              <event>
                <sub_title>Fungal Infections</sub_title>
                <counts group_id="E1" subjects_affected="0" subjects_at_risk="6"/>
                <counts group_id="E2" subjects_affected="0" subjects_at_risk="6"/>
                <counts group_id="E3" subjects_affected="1" subjects_at_risk="4"/>
                <counts group_id="E4" subjects_affected="0" subjects_at_risk="4"/>
                <counts group_id="E5" subjects_affected="0" subjects_at_risk="1"/>
                <counts group_id="E6" subjects_affected="0" subjects_at_risk="21"/>
                <counts group_id="E7" subjects_affected="0" subjects_at_risk="0"/>
              </event>
              <event>
                <sub_title>Bacterial Infections</sub_title>
                <counts group_id="E1" subjects_affected="0" subjects_at_risk="6"/>
                <counts group_id="E2" subjects_affected="0" subjects_at_risk="6"/>
                <counts group_id="E3" subjects_affected="0" subjects_at_risk="4"/>
                <counts group_id="E4" subjects_affected="0" subjects_at_risk="4"/>
                <counts group_id="E5" subjects_affected="0" subjects_at_risk="1"/>
                <counts group_id="E6" subjects_affected="1" subjects_at_risk="21"/>
                <counts group_id="E7" subjects_affected="0" subjects_at_risk="0"/>
              </event>
            </event_list>
          </category>
          <category>
            <title>Respiratory, thoracic and mediastinal disorders</title>
            <event_list>
              <event>
                <sub_title>Chronic lung GvHD</sub_title>
                <counts group_id="E1" subjects_affected="0" subjects_at_risk="6"/>
                <counts group_id="E2" subjects_affected="1" subjects_at_risk="6"/>
                <counts group_id="E3" subjects_affected="0" subjects_at_risk="4"/>
                <counts group_id="E4" subjects_affected="0" subjects_at_risk="4"/>
                <counts group_id="E5" subjects_affected="0" subjects_at_risk="1"/>
                <counts group_id="E6" subjects_affected="0" subjects_at_risk="21"/>
                <counts group_id="E7" subjects_affected="0" subjects_at_risk="0"/>
              </event>
            </event_list>
          </category>
          <category>
            <title>Skin and subcutaneous tissue disorders</title>
            <event_list>
              <event>
                <sub_title>Chronic Skin GvHD</sub_title>
                <counts group_id="E1" subjects_affected="0" subjects_at_risk="6"/>
                <counts group_id="E2" subjects_affected="0" subjects_at_risk="6"/>
                <counts group_id="E3" subjects_affected="0" subjects_at_risk="4"/>
                <counts group_id="E4" subjects_affected="0" subjects_at_risk="4"/>
                <counts group_id="E5" subjects_affected="0" subjects_at_risk="1"/>
                <counts group_id="E6" subjects_affected="1" subjects_at_risk="21"/>
                <counts group_id="E7" subjects_affected="0" subjects_at_risk="0"/>
              </event>
            </event_list>
          </category>
        </category_list>
      </serious_events>
      <other_events>
        <frequency_threshold>5</frequency_threshold>
        <default_vocab>CTCAE (4.0)</default_vocab>
        <default_assessment>Systematic Assessment</default_assessment>
        <category_list>
          <category>
            <title>Total</title>
            <event_list>
              <event>
                <sub_title>Total, other adverse events</sub_title>
                <counts group_id="E1" subjects_affected="6" subjects_at_risk="6"/>
                <counts group_id="E2" subjects_affected="5" subjects_at_risk="6"/>
                <counts group_id="E3" subjects_affected="4" subjects_at_risk="4"/>
                <counts group_id="E4" subjects_affected="4" subjects_at_risk="4"/>
                <counts group_id="E5" subjects_affected="1" subjects_at_risk="1"/>
                <counts group_id="E6" subjects_affected="17" subjects_at_risk="21"/>
                <counts group_id="E7" subjects_affected="0" subjects_at_risk="0"/>
              </event>
            </event_list>
          </category>
          <category>
            <title>Blood and lymphatic system disorders</title>
            <event_list>
              <event>
                <sub_title>Neutropenic fevers</sub_title>
                <counts group_id="E1" subjects_affected="3" subjects_at_risk="6"/>
                <counts group_id="E2" subjects_affected="2" subjects_at_risk="6"/>
                <counts group_id="E3" subjects_affected="2" subjects_at_risk="4"/>
                <counts group_id="E4" subjects_affected="1" subjects_at_risk="4"/>
                <counts group_id="E5" subjects_affected="0" subjects_at_risk="1"/>
                <counts group_id="E6" subjects_affected="7" subjects_at_risk="21"/>
                <counts group_id="E7" subjects_affected="0" subjects_at_risk="0"/>
              </event>
            </event_list>
          </category>
          <category>
            <title>Cardiac disorders</title>
            <event_list>
              <event>
                <sub_title>Ejection fraction decreased</sub_title>
                <counts group_id="E1" subjects_affected="0" subjects_at_risk="6"/>
                <counts group_id="E2" subjects_affected="0" subjects_at_risk="6"/>
                <counts group_id="E3" subjects_affected="0" subjects_at_risk="4"/>
                <counts group_id="E4" subjects_affected="0" subjects_at_risk="4"/>
                <counts group_id="E5" subjects_affected="0" subjects_at_risk="1"/>
                <counts group_id="E6" subjects_affected="1" subjects_at_risk="21"/>
                <counts group_id="E7" subjects_affected="0" subjects_at_risk="0"/>
              </event>
            </event_list>
          </category>
          <category>
            <title>Eye disorders</title>
            <event_list>
              <event>
                <sub_title>Chronic ocular GvHD</sub_title>
                <counts group_id="E1" subjects_affected="2" subjects_at_risk="6"/>
                <counts group_id="E2" subjects_affected="1" subjects_at_risk="6"/>
                <counts group_id="E3" subjects_affected="1" subjects_at_risk="4"/>
                <counts group_id="E4" subjects_affected="1" subjects_at_risk="4"/>
                <counts group_id="E5" subjects_affected="0" subjects_at_risk="1"/>
                <counts group_id="E6" subjects_affected="7" subjects_at_risk="21"/>
                <counts group_id="E7" subjects_affected="0" subjects_at_risk="0"/>
              </event>
            </event_list>
          </category>
          <category>
            <title>Gastrointestinal disorders</title>
            <event_list>
              <event>
                <sub_title>Chronic oral GvHD</sub_title>
                <counts group_id="E1" subjects_affected="1" subjects_at_risk="6"/>
                <counts group_id="E2" subjects_affected="2" subjects_at_risk="6"/>
                <counts group_id="E3" subjects_affected="0" subjects_at_risk="4"/>
                <counts group_id="E4" subjects_affected="0" subjects_at_risk="4"/>
                <counts group_id="E5" subjects_affected="0" subjects_at_risk="1"/>
                <counts group_id="E6" subjects_affected="6" subjects_at_risk="21"/>
                <counts group_id="E7" subjects_affected="0" subjects_at_risk="0"/>
              </event>
              <event>
                <sub_title>Diarrhea</sub_title>
                <counts group_id="E1" subjects_affected="2" subjects_at_risk="6"/>
                <counts group_id="E2" subjects_affected="2" subjects_at_risk="6"/>
                <counts group_id="E3" subjects_affected="0" subjects_at_risk="4"/>
                <counts group_id="E4" subjects_affected="3" subjects_at_risk="4"/>
                <counts group_id="E5" subjects_affected="0" subjects_at_risk="1"/>
                <counts group_id="E6" subjects_affected="10" subjects_at_risk="21"/>
                <counts group_id="E7" subjects_affected="0" subjects_at_risk="0"/>
              </event>
              <event>
                <sub_title>GI GvHD</sub_title>
                <counts group_id="E1" subjects_affected="0" subjects_at_risk="6"/>
                <counts group_id="E2" subjects_affected="1" subjects_at_risk="6"/>
                <counts group_id="E3" subjects_affected="1" subjects_at_risk="4"/>
                <counts group_id="E4" subjects_affected="0" subjects_at_risk="4"/>
                <counts group_id="E5" subjects_affected="0" subjects_at_risk="1"/>
                <counts group_id="E6" subjects_affected="5" subjects_at_risk="21"/>
                <counts group_id="E7" subjects_affected="0" subjects_at_risk="0"/>
              </event>
              <event>
                <sub_title>Liver GvHD</sub_title>
                <counts group_id="E1" subjects_affected="0" subjects_at_risk="6"/>
                <counts group_id="E2" subjects_affected="0" subjects_at_risk="6"/>
                <counts group_id="E3" subjects_affected="0" subjects_at_risk="4"/>
                <counts group_id="E4" subjects_affected="1" subjects_at_risk="4"/>
                <counts group_id="E5" subjects_affected="0" subjects_at_risk="1"/>
                <counts group_id="E6" subjects_affected="2" subjects_at_risk="21"/>
                <counts group_id="E7" subjects_affected="0" subjects_at_risk="0"/>
              </event>
              <event>
                <sub_title>Mucositis</sub_title>
                <counts group_id="E1" subjects_affected="6" subjects_at_risk="6"/>
                <counts group_id="E2" subjects_affected="5" subjects_at_risk="6"/>
                <counts group_id="E3" subjects_affected="4" subjects_at_risk="4"/>
                <counts group_id="E4" subjects_affected="4" subjects_at_risk="4"/>
                <counts group_id="E5" subjects_affected="1" subjects_at_risk="1"/>
                <counts group_id="E6" subjects_affected="17" subjects_at_risk="21"/>
                <counts group_id="E7" subjects_affected="0" subjects_at_risk="0"/>
              </event>
              <event>
                <sub_title>Nausea</sub_title>
                <counts group_id="E1" subjects_affected="6" subjects_at_risk="6"/>
                <counts group_id="E2" subjects_affected="5" subjects_at_risk="6"/>
                <counts group_id="E3" subjects_affected="3" subjects_at_risk="4"/>
                <counts group_id="E4" subjects_affected="4" subjects_at_risk="4"/>
                <counts group_id="E5" subjects_affected="1" subjects_at_risk="1"/>
                <counts group_id="E6" subjects_affected="17" subjects_at_risk="21"/>
                <counts group_id="E7" subjects_affected="0" subjects_at_risk="0"/>
              </event>
              <event>
                <sub_title>Upper GI GvHD</sub_title>
                <counts group_id="E1" subjects_affected="2" subjects_at_risk="6"/>
                <counts group_id="E2" subjects_affected="1" subjects_at_risk="6"/>
                <counts group_id="E3" subjects_affected="1" subjects_at_risk="4"/>
                <counts group_id="E4" subjects_affected="0" subjects_at_risk="4"/>
                <counts group_id="E5" subjects_affected="0" subjects_at_risk="1"/>
                <counts group_id="E6" subjects_affected="4" subjects_at_risk="21"/>
                <counts group_id="E7" subjects_affected="0" subjects_at_risk="0"/>
              </event>
            </event_list>
          </category>
          <category>
            <title>General disorders</title>
            <event_list>
              <event>
                <sub_title>Fevers</sub_title>
                <counts group_id="E1" subjects_affected="0" subjects_at_risk="6"/>
                <counts group_id="E2" subjects_affected="3" subjects_at_risk="6"/>
                <counts group_id="E3" subjects_affected="2" subjects_at_risk="4"/>
                <counts group_id="E4" subjects_affected="3" subjects_at_risk="4"/>
                <counts group_id="E5" subjects_affected="0" subjects_at_risk="1"/>
                <counts group_id="E6" subjects_affected="4" subjects_at_risk="21"/>
                <counts group_id="E7" subjects_affected="0" subjects_at_risk="0"/>
              </event>
              <event>
                <sub_title>Flu like syndrome</sub_title>
                <counts group_id="E1" subjects_affected="1" subjects_at_risk="6"/>
                <counts group_id="E2" subjects_affected="0" subjects_at_risk="6"/>
                <counts group_id="E3" subjects_affected="0" subjects_at_risk="4"/>
                <counts group_id="E4" subjects_affected="0" subjects_at_risk="4"/>
                <counts group_id="E5" subjects_affected="0" subjects_at_risk="1"/>
                <counts group_id="E6" subjects_affected="1" subjects_at_risk="21"/>
                <counts group_id="E7" subjects_affected="0" subjects_at_risk="0"/>
              </event>
              <event>
                <sub_title>Fluid overload</sub_title>
                <counts group_id="E1" subjects_affected="4" subjects_at_risk="6"/>
                <counts group_id="E2" subjects_affected="2" subjects_at_risk="6"/>
                <counts group_id="E3" subjects_affected="3" subjects_at_risk="4"/>
                <counts group_id="E4" subjects_affected="1" subjects_at_risk="4"/>
                <counts group_id="E5" subjects_affected="0" subjects_at_risk="1"/>
                <counts group_id="E6" subjects_affected="9" subjects_at_risk="21"/>
                <counts group_id="E7" subjects_affected="0" subjects_at_risk="0"/>
              </event>
            </event_list>
          </category>
          <category>
            <title>Immune system disorders</title>
            <event_list>
              <event>
                <sub_title>Allergic reaction</sub_title>
                <counts group_id="E1" subjects_affected="0" subjects_at_risk="6"/>
                <counts group_id="E2" subjects_affected="1" subjects_at_risk="6"/>
                <counts group_id="E3" subjects_affected="0" subjects_at_risk="4"/>
                <counts group_id="E4" subjects_affected="1" subjects_at_risk="4"/>
                <counts group_id="E5" subjects_affected="0" subjects_at_risk="1"/>
                <counts group_id="E6" subjects_affected="0" subjects_at_risk="21"/>
                <counts group_id="E7" subjects_affected="0" subjects_at_risk="0"/>
              </event>
            </event_list>
          </category>
          <category>
            <title>Infections and infestations</title>
            <event_list>
              <event>
                <sub_title>Bacterial Infections</sub_title>
                <counts group_id="E1" subjects_affected="2" subjects_at_risk="6"/>
                <counts group_id="E2" subjects_affected="0" subjects_at_risk="6"/>
                <counts group_id="E3" subjects_affected="2" subjects_at_risk="4"/>
                <counts group_id="E4" subjects_affected="2" subjects_at_risk="4"/>
                <counts group_id="E5" subjects_affected="1" subjects_at_risk="1"/>
                <counts group_id="E6" subjects_affected="7" subjects_at_risk="21"/>
                <counts group_id="E7" subjects_affected="0" subjects_at_risk="0"/>
              </event>
              <event>
                <sub_title>BK virus associated hemorrhagic cystitis</sub_title>
                <counts group_id="E1" subjects_affected="0" subjects_at_risk="6"/>
                <counts group_id="E2" subjects_affected="1" subjects_at_risk="6"/>
                <counts group_id="E3" subjects_affected="0" subjects_at_risk="4"/>
                <counts group_id="E4" subjects_affected="0" subjects_at_risk="4"/>
                <counts group_id="E5" subjects_affected="0" subjects_at_risk="1"/>
                <counts group_id="E6" subjects_affected="5" subjects_at_risk="21"/>
                <counts group_id="E7" subjects_affected="0" subjects_at_risk="0"/>
              </event>
              <event>
                <sub_title>Fungal Infections</sub_title>
                <counts group_id="E1" subjects_affected="0" subjects_at_risk="6"/>
                <counts group_id="E2" subjects_affected="0" subjects_at_risk="6"/>
                <counts group_id="E3" subjects_affected="0" subjects_at_risk="4"/>
                <counts group_id="E4" subjects_affected="0" subjects_at_risk="4"/>
                <counts group_id="E5" subjects_affected="1" subjects_at_risk="1"/>
                <counts group_id="E6" subjects_affected="1" subjects_at_risk="21"/>
                <counts group_id="E7" subjects_affected="0" subjects_at_risk="0"/>
              </event>
              <event>
                <sub_title>Viral Infections</sub_title>
                <counts group_id="E1" subjects_affected="4" subjects_at_risk="6"/>
                <counts group_id="E2" subjects_affected="2" subjects_at_risk="6"/>
                <counts group_id="E3" subjects_affected="2" subjects_at_risk="4"/>
                <counts group_id="E4" subjects_affected="2" subjects_at_risk="4"/>
                <counts group_id="E5" subjects_affected="1" subjects_at_risk="1"/>
                <counts group_id="E6" subjects_affected="7" subjects_at_risk="21"/>
                <counts group_id="E7" subjects_affected="0" subjects_at_risk="0"/>
              </event>
            </event_list>
          </category>
          <category>
            <title>Investigations</title>
            <event_list>
              <event>
                <sub_title>ABO incompatibility</sub_title>
                <counts group_id="E1" subjects_affected="0" subjects_at_risk="6"/>
                <counts group_id="E2" subjects_affected="1" subjects_at_risk="6"/>
                <counts group_id="E3" subjects_affected="0" subjects_at_risk="4"/>
                <counts group_id="E4" subjects_affected="1" subjects_at_risk="4"/>
                <counts group_id="E5" subjects_affected="0" subjects_at_risk="1"/>
                <counts group_id="E6" subjects_affected="0" subjects_at_risk="21"/>
                <counts group_id="E7" subjects_affected="0" subjects_at_risk="0"/>
              </event>
              <event>
                <sub_title>Chronic Liver GvHD</sub_title>
                <counts group_id="E1" subjects_affected="1" subjects_at_risk="6"/>
                <counts group_id="E2" subjects_affected="0" subjects_at_risk="6"/>
                <counts group_id="E3" subjects_affected="0" subjects_at_risk="4"/>
                <counts group_id="E4" subjects_affected="0" subjects_at_risk="4"/>
                <counts group_id="E5" subjects_affected="0" subjects_at_risk="1"/>
                <counts group_id="E6" subjects_affected="0" subjects_at_risk="21"/>
                <counts group_id="E7" subjects_affected="0" subjects_at_risk="0"/>
              </event>
              <event>
                <sub_title>Creatinine increased</sub_title>
                <counts group_id="E1" subjects_affected="1" subjects_at_risk="6"/>
                <counts group_id="E2" subjects_affected="0" subjects_at_risk="6"/>
                <counts group_id="E3" subjects_affected="1" subjects_at_risk="4"/>
                <counts group_id="E4" subjects_affected="0" subjects_at_risk="4"/>
                <counts group_id="E5" subjects_affected="0" subjects_at_risk="1"/>
                <counts group_id="E6" subjects_affected="2" subjects_at_risk="21"/>
                <counts group_id="E7" subjects_affected="0" subjects_at_risk="0"/>
              </event>
              <event>
                <sub_title>Elevated bilirubin</sub_title>
                <counts group_id="E1" subjects_affected="1" subjects_at_risk="6"/>
                <counts group_id="E2" subjects_affected="3" subjects_at_risk="6"/>
                <counts group_id="E3" subjects_affected="0" subjects_at_risk="4"/>
                <counts group_id="E4" subjects_affected="1" subjects_at_risk="4"/>
                <counts group_id="E5" subjects_affected="1" subjects_at_risk="1"/>
                <counts group_id="E6" subjects_affected="8" subjects_at_risk="21"/>
                <counts group_id="E7" subjects_affected="0" subjects_at_risk="0"/>
              </event>
              <event>
                <sub_title>Elevated transminitis</sub_title>
                <counts group_id="E1" subjects_affected="2" subjects_at_risk="6"/>
                <counts group_id="E2" subjects_affected="1" subjects_at_risk="6"/>
                <counts group_id="E3" subjects_affected="0" subjects_at_risk="4"/>
                <counts group_id="E4" subjects_affected="1" subjects_at_risk="4"/>
                <counts group_id="E5" subjects_affected="0" subjects_at_risk="1"/>
                <counts group_id="E6" subjects_affected="6" subjects_at_risk="21"/>
                <counts group_id="E7" subjects_affected="0" subjects_at_risk="0"/>
              </event>
              <event>
                <sub_title>Idiopathic thrombocytopenic purpura (ITP)</sub_title>
                <counts group_id="E1" subjects_affected="0" subjects_at_risk="6"/>
                <counts group_id="E2" subjects_affected="0" subjects_at_risk="6"/>
                <counts group_id="E3" subjects_affected="0" subjects_at_risk="4"/>
                <counts group_id="E4" subjects_affected="0" subjects_at_risk="4"/>
                <counts group_id="E5" subjects_affected="0" subjects_at_risk="1"/>
                <counts group_id="E6" subjects_affected="1" subjects_at_risk="21"/>
                <counts group_id="E7" subjects_affected="0" subjects_at_risk="0"/>
              </event>
            </event_list>
          </category>
          <category>
            <title>Nervous system disorders</title>
            <event_list>
              <event>
                <sub_title>Dizziness</sub_title>
                <counts group_id="E1" subjects_affected="0" subjects_at_risk="6"/>
                <counts group_id="E2" subjects_affected="0" subjects_at_risk="6"/>
                <counts group_id="E3" subjects_affected="0" subjects_at_risk="4"/>
                <counts group_id="E4" subjects_affected="0" subjects_at_risk="4"/>
                <counts group_id="E5" subjects_affected="0" subjects_at_risk="1"/>
                <counts group_id="E6" subjects_affected="3" subjects_at_risk="21"/>
                <counts group_id="E7" subjects_affected="0" subjects_at_risk="0"/>
              </event>
              <event>
                <sub_title>Headache</sub_title>
                <counts group_id="E1" subjects_affected="1" subjects_at_risk="6"/>
                <counts group_id="E2" subjects_affected="2" subjects_at_risk="6"/>
                <counts group_id="E3" subjects_affected="0" subjects_at_risk="4"/>
                <counts group_id="E4" subjects_affected="0" subjects_at_risk="4"/>
                <counts group_id="E5" subjects_affected="0" subjects_at_risk="1"/>
                <counts group_id="E6" subjects_affected="3" subjects_at_risk="21"/>
                <counts group_id="E7" subjects_affected="0" subjects_at_risk="0"/>
              </event>
            </event_list>
          </category>
          <category>
            <title>Reproductive system and breast disorders</title>
            <event_list>
              <event>
                <sub_title>Chronic vaginal GvHD</sub_title>
                <counts group_id="E1" subjects_affected="0" subjects_at_risk="6"/>
                <counts group_id="E2" subjects_affected="1" subjects_at_risk="6"/>
                <counts group_id="E3" subjects_affected="0" subjects_at_risk="4"/>
                <counts group_id="E4" subjects_affected="0" subjects_at_risk="4"/>
                <counts group_id="E5" subjects_affected="0" subjects_at_risk="1"/>
                <counts group_id="E6" subjects_affected="1" subjects_at_risk="21"/>
                <counts group_id="E7" subjects_affected="0" subjects_at_risk="0"/>
              </event>
            </event_list>
          </category>
          <category>
            <title>Respiratory, thoracic and mediastinal disorders</title>
            <event_list>
              <event>
                <sub_title>Bronchiolitis obliterans with organizing pneumonia</sub_title>
                <counts group_id="E1" subjects_affected="0" subjects_at_risk="6"/>
                <counts group_id="E2" subjects_affected="0" subjects_at_risk="6"/>
                <counts group_id="E3" subjects_affected="1" subjects_at_risk="4"/>
                <counts group_id="E4" subjects_affected="0" subjects_at_risk="4"/>
                <counts group_id="E5" subjects_affected="0" subjects_at_risk="1"/>
                <counts group_id="E6" subjects_affected="0" subjects_at_risk="21"/>
                <counts group_id="E7" subjects_affected="0" subjects_at_risk="0"/>
              </event>
              <event>
                <sub_title>Pleural Effusion</sub_title>
                <counts group_id="E1" subjects_affected="1" subjects_at_risk="6"/>
                <counts group_id="E2" subjects_affected="0" subjects_at_risk="6"/>
                <counts group_id="E3" subjects_affected="0" subjects_at_risk="4"/>
                <counts group_id="E4" subjects_affected="0" subjects_at_risk="4"/>
                <counts group_id="E5" subjects_affected="0" subjects_at_risk="1"/>
                <counts group_id="E6" subjects_affected="0" subjects_at_risk="21"/>
                <counts group_id="E7" subjects_affected="0" subjects_at_risk="0"/>
              </event>
              <event>
                <sub_title>Pneumonitis</sub_title>
                <counts group_id="E1" subjects_affected="0" subjects_at_risk="6"/>
                <counts group_id="E2" subjects_affected="3" subjects_at_risk="6"/>
                <counts group_id="E3" subjects_affected="0" subjects_at_risk="4"/>
                <counts group_id="E4" subjects_affected="0" subjects_at_risk="4"/>
                <counts group_id="E5" subjects_affected="1" subjects_at_risk="1"/>
                <counts group_id="E6" subjects_affected="2" subjects_at_risk="21"/>
                <counts group_id="E7" subjects_affected="0" subjects_at_risk="0"/>
              </event>
            </event_list>
          </category>
          <category>
            <title>Skin and subcutaneous tissue disorders</title>
            <event_list>
              <event>
                <sub_title>Chronic Skin GvHD</sub_title>
                <counts group_id="E1" subjects_affected="2" subjects_at_risk="6"/>
                <counts group_id="E2" subjects_affected="2" subjects_at_risk="6"/>
                <counts group_id="E3" subjects_affected="1" subjects_at_risk="4"/>
                <counts group_id="E4" subjects_affected="0" subjects_at_risk="4"/>
                <counts group_id="E5" subjects_affected="0" subjects_at_risk="1"/>
                <counts group_id="E6" subjects_affected="1" subjects_at_risk="21"/>
                <counts group_id="E7" subjects_affected="0" subjects_at_risk="0"/>
              </event>
              <event>
                <sub_title>Rash</sub_title>
                <counts group_id="E1" subjects_affected="1" subjects_at_risk="6"/>
                <counts group_id="E2" subjects_affected="0" subjects_at_risk="6"/>
                <counts group_id="E3" subjects_affected="2" subjects_at_risk="4"/>
                <counts group_id="E4" subjects_affected="1" subjects_at_risk="4"/>
                <counts group_id="E5" subjects_affected="1" subjects_at_risk="1"/>
                <counts group_id="E6" subjects_affected="5" subjects_at_risk="21"/>
                <counts group_id="E7" subjects_affected="0" subjects_at_risk="0"/>
              </event>
              <event>
                <sub_title>Skin GvHD</sub_title>
                <counts group_id="E1" subjects_affected="3" subjects_at_risk="6"/>
                <counts group_id="E2" subjects_affected="3" subjects_at_risk="6"/>
                <counts group_id="E3" subjects_affected="3" subjects_at_risk="4"/>
                <counts group_id="E4" subjects_affected="2" subjects_at_risk="4"/>
                <counts group_id="E5" subjects_affected="1" subjects_at_risk="1"/>
                <counts group_id="E6" subjects_affected="10" subjects_at_risk="21"/>
                <counts group_id="E7" subjects_affected="0" subjects_at_risk="0"/>
              </event>
            </event_list>
          </category>
          <category>
            <title>Vascular disorders</title>
            <event_list>
              <event>
                <sub_title>Hypertension</sub_title>
                <counts group_id="E1" subjects_affected="0" subjects_at_risk="6"/>
                <counts group_id="E2" subjects_affected="1" subjects_at_risk="6"/>
                <counts group_id="E3" subjects_affected="2" subjects_at_risk="4"/>
                <counts group_id="E4" subjects_affected="0" subjects_at_risk="4"/>
                <counts group_id="E5" subjects_affected="0" subjects_at_risk="1"/>
                <counts group_id="E6" subjects_affected="3" subjects_at_risk="21"/>
                <counts group_id="E7" subjects_affected="0" subjects_at_risk="0"/>
              </event>
            </event_list>
          </category>
        </category_list>
      </other_events>
    </reported_events>

    <certain_agreements>
      <pi_employee>All Principal Investigators ARE employed by the organization sponsoring the study.</pi_employee>
      <restrictive_agreement>There is NOT an agreement between Principal Investigators and the Sponsor (or its agents) that restricts the PI's rights to discuss or publish trial results after the trial is completed. </restrictive_agreement>
    </certain_agreements>
    <point_of_contact>
      <name_or_title>Richard Champlin, MD / Stem Cell Transplantation Department</name_or_title>
      <organization>University of Texas MD Anderson Cancer Center</organization>
      <phone>713-792-3618</phone>
      <email>rchampli@mdanderson.org</email>
    </point_of_contact>
  </clinical_results>
</clinical_study>

