<?xml version="1.0" encoding="UTF-8"?>
<clinical_study rank="146">
  <!-- This xml conforms to an XML Schema at:
    https://clinicaltrials.gov/ct2/html/images/info/public.xsd -->
  <required_header>
    <download_date>ClinicalTrials.gov processed this data on February 06, 2024</download_date>
    <link_text>Link to the current ClinicalTrials.gov record.</link_text>
    <url>https://clinicaltrials.gov/ct2/show/NCT04771572</url>
  </required_header>
  <id_info>
    <org_study_id>LP-118-US-I01</org_study_id>
    <nct_id>NCT04771572</nct_id>
  </id_info>
  <brief_title>Study of Oral Administration of LP-118 in Patients With Relapsed or Refractory CLL, SLL, MDS, MDS/MPN, AML, CMML-2, MPN-BP, ALL, MF, NHL, RT, MM or T-PLL.</brief_title>
  <official_title>A Phase 1/1b Study Evaluating the Safety, Pharmacokinetics, and Preliminary Efficacy of LP-118 in Subjects With Relapsed or Refractory Hematological Malignancies</official_title>
  <sponsors>
    <lead_sponsor>
      <agency>Newave Pharmaceutical Inc</agency>
      <agency_class>Industry</agency_class>
    </lead_sponsor>
  </sponsors>
  <source>Newave Pharmaceutical Inc</source>
  <oversight_info>
    <has_dmc>No</has_dmc>
    <is_fda_regulated_drug>Yes</is_fda_regulated_drug>
    <is_fda_regulated_device>No</is_fda_regulated_device>
  </oversight_info>
  <brief_summary>
    <textblock>
      This is a Phase 1, multi-center, open-label study with a dose-escalation phase (Phase 1a) and&#xD;
      a cohort expansion phase (Phase 1b), to evaluate the safety, tolerability, and PK profile of&#xD;
      LP-118 under a once daily oral dosing schedule in up to 100 subjects.&#xD;
    </textblock>
  </brief_summary>
  <detailed_description>
    <textblock>
      Primary objectives of the study are to assess the safety and tolerability profile, determine&#xD;
      the maximum tolerated dose (MTD), and/or the recommended Phase 2 dose (RP2D) of LP-118&#xD;
      administered once daily (QD) as a single agent dosed orally in adult subjects with&#xD;
      relapsed/refractory (low risk tumor lysis) CLL/SLL (Group 1a); relapsed/refractory MF,&#xD;
      CMML-2, MDS/MPN, MDS-BP, MDS; AML with WBC ≤ 25 × 10^9 cells/L (Group 1b);&#xD;
      relapsed/refractory NHL, RT, MM, T-PLL (Group 1c); relapsed/refractory ALL (Group 1d);&#xD;
      relapsed/refractory (intermediate and high tumor lysis risk) CLL/SLL, NHL, RT, T-PLL (Group&#xD;
      2);&#xD;
&#xD;
      Secondary objectives of the study are to evaluate preliminary efficacy regarding the effect&#xD;
      of LP-118 on objective response rate (ORR) using disease specific response criteria,&#xD;
      progression-free survival (PFS), and duration of response (DOR), and overall survival (OS) in&#xD;
      adult subjects with relapsed/refractory (low risk tumor lysis) CLL/SLL (Group 1a);&#xD;
      relapsed/refractory MF, CMML-2, MDS/MPN, MDS-BP, MDS; AML with WBC ≤ 25 × 10^9 cells/L (Group&#xD;
      1b); relapsed/refractory NHL, RT, MM, T-PLL (Group 1c); relapsed/refractory ALL (Group 1d);&#xD;
      relapsed/refractory (intermediate and high tumor lysis risk) CLL/SLL, NHL, RT, T-PLL (Group&#xD;
      2);&#xD;
    </textblock>
  </detailed_description>
  <overall_status>Recruiting</overall_status>
  <start_date type="Actual">August 23, 2021</start_date>
  <completion_date type="Anticipated">August 1, 2024</completion_date>
  <primary_completion_date type="Anticipated">August 1, 2024</primary_completion_date>
  <phase>Phase 1</phase>
  <study_type>Interventional</study_type>
  <study_design_info>
    <allocation>Non-Randomized</allocation>
    <intervention_model>Sequential Assignment</intervention_model>
    <intervention_model_description>The study will start at lower doses (20 mg) and adopt an &quot;accelerated titration&quot; design for these cohorts. Once the safety of the 20 mg dose level is established, we will continue dose escalation using a classic &quot;3+3&quot; design to establish DLT, MTD, and RP2D, starting also with an accelerated step-up dosing schedule.</intervention_model_description>
    <primary_purpose>Treatment</primary_purpose>
    <masking>None (Open Label)</masking>
  </study_design_info>
  <primary_outcome>
    <measure>Maximum Tolerated Dose (MTD)</measure>
    <time_frame>At the end of cycle 1 (each cycle is 28 days)</time_frame>
    <description>If 2 out of 6 subjects in an expanded cohort experience a DLT then this dose is considered the MTD.</description>
  </primary_outcome>
  <primary_outcome>
    <measure>Recommended Phase 2 Dose (RP2D) or Optimal Biological Dose (OBD)</measure>
    <time_frame>At the end of cycle 1 (each cycle is 28 days)</time_frame>
    <description>The RP2D pr OBD may be as high as the MTD or a lower dose and will be selected in discussion with the Investigators and the Sponsor based on longer term safety data, preliminary efficacy, and PK data. OBD is defined as the lowest dose providing the highest rate of efficacy while being safely administered.</description>
  </primary_outcome>
  <primary_outcome>
    <measure>Pharmacokinetic (PK) profile of LP-118: Maximum Plasma Concentration (Cmax)</measure>
    <time_frame>At Cycle 0 Day 1, Cycle 1 Day 1, Cycle 1 Day 2, Cycle 1 Day 15, Cycle 1 Day 16, Cycle 2 Day 1, Cycle 3 Day 1, Cycle 4 Day 1, Cycle 5 Day 1, Cycle 6 Day 1, Cycle 7 Day 1, Cycle 8 Day 1, Cycle 9 Day 1 (28-day cycles))</time_frame>
  </primary_outcome>
  <primary_outcome>
    <measure>Pharmacokinetic (PK) profile of LP-118: Area Under the Curve (AUC) of LP-118</measure>
    <time_frame>At Cycle 0 Day 1, Cycle 1 Day 1, Cycle 1 Day 2, Cycle 1 Day 15, Cycle 1 Day 16, Cycle 2 Day 1, Cycle 3 Day 1, Cycle 4 Day 1, Cycle 5 Day 1, Cycle 6 Day 1, Cycle 7 Day 1, Cycle 8 Day 1, Cycle 9 Day 1 (28-day cycles)</time_frame>
  </primary_outcome>
  <primary_outcome>
    <measure>Pharmacokinetic (PK) profile of LP-118: Time at Maximum Concentration (Tmax) of LP-118</measure>
    <time_frame>At Cycle 0 Day 1, Cycle 1 Day 1, Cycle 1 Day 2, Cycle 1 Day 15, Cycle 1 Day 16, Cycle 2 Day 1, Cycle 3 Day 1, Cycle 4 Day 1, Cycle 5 Day 1, Cycle 6 Day 1, Cycle 7 Day 1, Cycle 8 Day 1, Cycle 9 Day 1 (28-day cycles)</time_frame>
  </primary_outcome>
  <secondary_outcome>
    <measure>Progression-Free Survival (PFS)</measure>
    <time_frame>Approximately 36 cycles (each cycle has 28 days)</time_frame>
    <description>The number of days from the date the subject started study drug to the date the subject experiences an event of disease progression (radiographic or clinical), or to the date of death if disease progression is not reached.</description>
  </secondary_outcome>
  <secondary_outcome>
    <measure>Duration of Response (DOR)</measure>
    <time_frame>Approximately 36 cycles (each cycle is 28 days)</time_frame>
    <description>The number of days from the date the subject started study drug to the date of the subject's death due to any cause.</description>
  </secondary_outcome>
  <secondary_outcome>
    <measure>Overall Survival (OS)</measure>
    <time_frame>Approximately 36 cycles (each cycle is 28 days)</time_frame>
    <description>The number of days from the date the subject started study drug to the date of the subject's death due to any cause.</description>
  </secondary_outcome>
  <number_of_arms>2</number_of_arms>
  <enrollment type="Anticipated">100</enrollment>
  <condition>Non Hodgkin Lymphoma</condition>
  <condition>Richter Transformation</condition>
  <condition>Multiple Myeloma</condition>
  <condition>T-cell-prolymphocytic Leukemia</condition>
  <condition>Acute Myeloid Leukemia</condition>
  <condition>Acute Lymphocytic Leukemia</condition>
  <condition>Myeodysplastic Syndrome</condition>
  <condition>Myelodysplastic/Myeloproliferative Neoplasm</condition>
  <condition>Myelofibrosis</condition>
  <condition>Chronic Lymphocytic Leukemia</condition>
  <condition>Small Lymphocytic Lymphoma</condition>
  <condition>Chronic Myelomonocytic Leukemia-2</condition>
  <condition>Myelodysplastic Neoplasm in Blast Phase</condition>
  <arm_group>
    <arm_group_label>Dose Escalation Phase</arm_group_label>
    <arm_group_type>Experimental</arm_group_type>
    <description>Phase 1a dose-escalation will begin with group 1 and proceed until DLT is observed and MTD is established, or until an RP2D is established. Subjects enrolled in the dose cohorts will follow the 3+3 study design, starting with an accelerated step-up dosing schedule (with a starting dose of 20 mg, 50 mg, 100 mg once daily) until they reach the designated target dose (50 mg, 100 mg, 200 mg, 300 mg, 400 mg, 500 mg, 600 mg, 800 mg). Once the MTD or RP2D is established for group 1, the phase 1a dose escalation can proceed for group 2. The starting dose level for group 2 will be one dose level below the MTD or RP2D established for group 1.</description>
  </arm_group>
  <arm_group>
    <arm_group_label>Dose Expansion Phase</arm_group_label>
    <arm_group_type>Experimental</arm_group_type>
    <description>Additional subjects will be recruited to further explore the safety, tolerability, PK, and efficacy in specific subject subgroups. One or more RP2D may be explored. Definition of these cohorts will be accomplished by protocol amendment, and in light of emerging data from Phase 1a.</description>
  </arm_group>
  <intervention>
    <intervention_type>Drug</intervention_type>
    <intervention_name>LP-118</intervention_name>
    <description>novel, oral, selective treatment for hematological malignancies tested through ascending dose levels</description>
    <arm_group_label>Dose Escalation Phase</arm_group_label>
    <arm_group_label>Dose Expansion Phase</arm_group_label>
  </intervention>
  <eligibility>
    <criteria>
      <textblock>
        Inclusion Criteria:&#xD;
&#xD;
          -  Male or female subjects, ≥ 18 years of age at the time of Screening with the following&#xD;
             exception as outlined below:&#xD;
&#xD;
             o For T cell and B cell ALL subjects with age between 13 - 18 years, their body weight&#xD;
             shall be ≥ 40 kg (for Phase 1b only).&#xD;
&#xD;
          -  Eligible subject must have an advanced hematologic malignancy including:&#xD;
&#xD;
        Group 1:&#xD;
&#xD;
        Group 1a&#xD;
&#xD;
        - Relapsed or refractory low risk tumor lysis CLL/SLL subjects (ALC &lt; 25 x 109 /cells/L and&#xD;
        all lymph nodes &lt; 5 cm) who have slowly progressed on irreversible BTK inhibitors while on&#xD;
        treatment with these agents, and received at least two prior therapies;&#xD;
&#xD;
        Group 1b&#xD;
&#xD;
          -  Morphologically confirmed diagnosis of MF in accordance with the WHO 2016 revised&#xD;
             criteria, that is relapsed, intolerant, and/or refractory and that, in the opinion of&#xD;
             the Investigator, subjects who have no available therapies known to provide clinical&#xD;
             benefits;&#xD;
&#xD;
          -  Morphologically confirmed diagnosis of MDS/MPN, excluding juvenile myelomonocytic&#xD;
             leukemia (JMML), in accordance with WHO 2016 revised criteria, that is relapsed and/or&#xD;
             refractory and that, in the opinion of the Investigator, subjects who have no&#xD;
             available therapies known to provide clinical benefits;&#xD;
&#xD;
               -  Chronic myelomonocytic leukemia (CMML) with &lt;9% blasts;&#xD;
&#xD;
               -  Or atypical chronic myeloid leukemia (aCML) with Hgb &gt; 10g/dL, WBC count &lt; 50 x&#xD;
                  109 cells/L, &lt;10% immature circulating cells;&#xD;
&#xD;
               -  Or MDS/MPN with ring sideroblasts and thrombocytosis (MDS/MPN-RS-T) with Hgb &gt;&#xD;
                  10g/dL;&#xD;
&#xD;
               -  Or myelodysplastic/myeloproliferative neoplasm, unclassifiable (MDS/MPN-UC)&#xD;
&#xD;
          -  CMML-2 with 10-19% blasts as defined by WHO 2016 revised criteria that is relapsed&#xD;
             and/or refractory to prior HMA therapy;&#xD;
&#xD;
          -  Relapsed and/or refractory MPN-BP as defined by WHO 2016 revised criteria that is&#xD;
             transformed MPN with &gt;20% myeloid blasts in the peripheral blood or bone marrow, in&#xD;
             the opinion of the Investigator, subjects who have no available therapies known to&#xD;
             provide clinical benefits;&#xD;
&#xD;
          -  MDS subjects with refractory anemia with excess blasts (MDS-EB; subtype MDS-EB-1 or&#xD;
             MDS-EB-2) as defined by WHO 2016 revised criteria and/or MDS with high- or very&#xD;
             high-risk (risk score &gt; 4.5) per the Revised International Prognostic Scoring System&#xD;
             (IPSS-R, refer to Appendix 11; Section 15.13) who have no available therapies known to&#xD;
             provide clinical benefit;&#xD;
&#xD;
          -  Relapsed or refractory AML subjects (including de novo AML, secondary AML evolving&#xD;
             from MDS or MPN or other antecedent hematologic disorder, and therapy-related AML) as&#xD;
             defined by WHO 2016 revised criteria, subjects who have no available therapies known&#xD;
             to provide clinical benefits; subjects with prior BCL-2 inhibitor therapy are&#xD;
             permitted. WBC needs to be ≤ 25 × 109 cells/L at the time of initiating&#xD;
             investigational therapy (hydroxyurea is allowed to control WBC prior to and during&#xD;
             therapy).&#xD;
&#xD;
        Group 1c&#xD;
&#xD;
          -  Relapsed or refractory low risk tumor lysis NHL (NHL histologies [MZL, FL, WM, DLBCL,&#xD;
             ATLL, PTCL, AITL, ALCL, MCL] are to be included per the 2016 World Health Organization&#xD;
             [WHO] criteria) subjects, must have histologically documented diagnosis of a&#xD;
             non-Hodgkin lymphoma as defined in the WHO classification scheme. Subjects have&#xD;
             received at least 2 prior therapies and have no available therapies known to provide&#xD;
             clinical benefit; For subjects with indolent NHL (Grade 1~3a FL, MZL) who have&#xD;
             received two prior systemic therapies and have relapsed or progressed according to&#xD;
             2014 Lugano;&#xD;
&#xD;
          -  Low risk tumor lysis transformed follicular, MZL, WM (to large cell or aggressive&#xD;
             lymphoma) subjects who must have received at least one prior systemic therapy for the&#xD;
             transformed lymphoma (unless combination chemotherapy is not appropriate);&#xD;
&#xD;
          -  Low risk tumor lysis Richter transformation (RT): previously treated CLL and&#xD;
             biopsy-proven Richter transformation with DLBCL histology after receiving at least one&#xD;
             regimen for RT;&#xD;
&#xD;
          -  Relapsed or refractory multiple myeloma (MM) subjects who have received a proteasome&#xD;
             inhibitor (PI), an immunomodulatory drug (IMiD), and an anti-CD38 and have no&#xD;
             treatment options available known to provide clinical benefit;&#xD;
&#xD;
          -  Low risk tumor lysis T-cell prolymphocytic leukemia (T-PLL) subjects who have received&#xD;
             one therapy for this and are relapsed or refractory;&#xD;
&#xD;
        Group 1d&#xD;
&#xD;
          -  Relapsed or refractory ALL with dexamethasone run-in [5 days, dexamethasone 10mg/m2&#xD;
             (divided BID)];&#xD;
&#xD;
          -  Or r/r ALL in remission but with detectable MRD (MRD +) by any detection method per&#xD;
             institution standard of practice;&#xD;
&#xD;
          -  IT chemo (per institutional SOC) is permitted prior to LP-118 C1D1 dosing, and then&#xD;
             concomitantly on treatment if in best interest of the subject;&#xD;
&#xD;
          -  Relapsed or refractory ALL subjects with B cell phenotype who have received at least&#xD;
             two prior therapeutic regimens (such as multi-agent chemotherapy and/or tyrosine&#xD;
             kinase inhibitors including bosutinib, dasatinib, imatinib, nilotinib or ponatinib)&#xD;
             and failed, or are currently ineligible/intolerant for CD19-based target therapy (e.g.&#xD;
             Blinatumomab); Relapsed or refractory ALL subjects with T cell phenotype who have&#xD;
             received at least one prior therapy and failed.&#xD;
&#xD;
          -  Relapsed or refractory ALL subjects with age between 13 - 18 years and have body&#xD;
             weight ≥ 40kg, ALL subjects with B cell phenotype who have received at least two prior&#xD;
             therapeutic regimens (such as multi-agent chemotherapy and/or tyrosine kinase&#xD;
             inhibitors including bosutinib, dasatinib, imatinib, nilotinib or ponatinib) and&#xD;
             progressed, or are currently ineligible/intolerant for CD19-based target therapy (e.g.&#xD;
             Blinatumomab); Relapsed or refractory ALL subjects with T cell phenotype who have&#xD;
             received at least one prior therapy and progressed.&#xD;
&#xD;
        Group 2&#xD;
&#xD;
          -  Relapsed or refractory intermediate and high risk tumor lysis CLL/SLL subjects who&#xD;
             have received at least two prior therapies;&#xD;
&#xD;
          -  Relapsed or refractory intermediate and high risk tumor lysis NHL (NHL histologies&#xD;
             [MZL, FL, WM, DLBCL, ATLL, PTCL, AITL, ALCL, MCL] are to be included per the 2016&#xD;
             World Health Organization [WHO] criteria) subjects, must have histologically&#xD;
             documented diagnosis of a non-Hodgkin lymphoma as defined in the WHO classification&#xD;
             scheme. Subjects have received at least 2 prior therapies and have no available&#xD;
             therapies known to provide clinical benefit; For subjects with indolent NHL (Grade&#xD;
             1~3a FL, MZL) who have received two prior systemic therapies and have relapsed or&#xD;
             progressed according to 2014 Lugano;&#xD;
&#xD;
          -  Intermediate and high risk tumor lysis transformed follicular, MZL, WM (to large cell&#xD;
             or aggressive lymphoma) subjects who must have received at least one prior systemic&#xD;
             therapy for the transformed lymphoma (unless combination chemotherapy is not&#xD;
             appropriate);&#xD;
&#xD;
          -  Intermediate and high risk tumor lysis Richter transformation (RT): previously treated&#xD;
             CLL and biopsy-proven Richter transformation with DLBCL histology after receiving at&#xD;
             least one regimen for RT;&#xD;
&#xD;
          -  Intermediate and high risk tumor lysis T-cell prolymphocytic leukemia (T-PLL) subjects&#xD;
             who have received one therapy for this and are relapsed or refractory;&#xD;
&#xD;
          -  For Group 1d ALL subjects only, white blood cell (WBC) count ≤ 25 × 109 cells/L at the&#xD;
             time of enrollment (glucocorticoids or hydroxyurea is permitted to control WBC count&#xD;
             prior to and during therapy).&#xD;
&#xD;
          -  Adequate cardiac function defined as shortening fraction of ≥ 40% by 2D echocardiogram&#xD;
             without Doppler.&#xD;
&#xD;
          -  Subject must have adequate bone marrow (independent of growth factor support),&#xD;
             coagulation, renal, and hepatic function, per laboratory reference ranges at Screening&#xD;
             as follows:&#xD;
&#xD;
               -  Bone marrow criteria: Group 1 (r/r low risk tumor lysis CLL/SLL (ALC &lt; 25 x 109&#xD;
                  cells/L and all lymph nodes &lt; 5 cm), NHL, RT, MM, T-PLL):&#xD;
&#xD;
                    1. Absolute Neutrophil Count (ANC) ≥ 1 x 109/L (An exception is for subjects&#xD;
                       with an ANC&lt;1 x 109/L and bone marrow heavily infiltrated with underlying&#xD;
                       disease)&#xD;
&#xD;
                    2. Platelets ≥ 50 x 109/L on day of screening (entry platelet count must be&#xD;
                       independent of transfusion with 14 days of screening);&#xD;
&#xD;
               -  Hemostasis criteria: Activated partial thromboplastin time (APPT) and prothrombin&#xD;
                  time (PT) ≤ 1.5 × the upper limit of normal (ULN);&#xD;
&#xD;
               -  Renal function criteria: Serum creatinine ≤ ULN (per local institution reference&#xD;
                  range) or Calculated creatinine clearance (Cr Cl) ≥ 60 mL/min using 24-hour CrCl&#xD;
                  OR by Cockcroft-Gault formula using actual body weight.&#xD;
&#xD;
               -  Hepatic function criteria: Aspartate aminotransferase (AST) and alanine&#xD;
                  aminotransferase (ALT) ≤ 3.0 × ULN; bilirubin ≤ 1.5 × ULN (except subjects with&#xD;
                  Gilbert's Syndrome, who may have a bilirubin &gt; 1.5 × ULN, per discussion between&#xD;
                  the Investigator and the Medical Monitor).&#xD;
&#xD;
        Exclusion Criteria:&#xD;
&#xD;
        A subject will not be eligible for study participation if he/she meets any of the following&#xD;
        criteria.&#xD;
&#xD;
          -  Subjects who have undergone autologous/allogeneic hematopoietic stem cell&#xD;
             transplantation (HSCT) therapy within 60 days of the first dose of LP-118, or subjects&#xD;
             on immunosuppressive therapy post-HSCT at the time of Screening, or currently with&#xD;
             clinically significant graft-versus-host disease (GVHD) as per treating physician&#xD;
             (Subjects in relapse after allogeneic transplantation must be off treatment with&#xD;
             systemic immunosuppressive agents for at least 4 weeks. The use of topical steroids&#xD;
             and/or up to 20 mg/day prednisone or equivalent systemic steroids for ongoing GVHD is&#xD;
             permitted).&#xD;
&#xD;
          -  Subject has a history of other malignancies within past 12 months that are active and&#xD;
             could result in competing risks. These cases shall be discussed with the Medical&#xD;
             Monitor with exception below&#xD;
&#xD;
               -  Subject with breast cancer or prostate cancer on endocrine therapy with stable&#xD;
                  disease;&#xD;
&#xD;
               -  Continuation of maintenance therapy in patients with adequately treated&#xD;
                  malignancy;&#xD;
&#xD;
               -  Adequately treated in situ carcinoma of the cervix uteri;&#xD;
&#xD;
               -  Basal cell carcinoma of the skin or localized squamous cell carcinoma of the&#xD;
                  skin;&#xD;
&#xD;
               -  Previous malignancy confined and surgically resected (or treated with other&#xD;
                  modalities) with curative intent.&#xD;
&#xD;
               -  Cancer with expected survival of 2 years or more or that will not confound&#xD;
                  evaluation of LP-118 treatment&#xD;
&#xD;
          -  Subject has received any of the following therapies within 14 days or 5 half-lives&#xD;
             (whichever is shorter) prior to the first dose of LP-118, or has not recovered to ≤&#xD;
             Grade 2 clinically significant AEs of the previous therapy (excluding neuropathy):&#xD;
&#xD;
               -  Any anti-neoplastic therapy including chemotherapy, hormonal therapy,&#xD;
                  radiotherapy, biologic or immunotherapy, targeted small molecule agents, etc.&#xD;
                  (corticosteroid therapy &lt; 20 mg/day prednisone equivalent and hydroxyurea&#xD;
                  cytoreduction therapy according to institutional guidelines to treat disease&#xD;
                  associated symptoms are permitted);&#xD;
&#xD;
                    -  For MF subjects who come off JAK2 antagonists, allow washout for 2 days as&#xD;
                       these subjects progress quickly after treatment discontinuation and remain&#xD;
                       eligible (steroids may be given during these two days to allow disease&#xD;
                       control).&#xD;
&#xD;
                    -  Subjects in need of immediate cytoreduction should be excluded.&#xD;
&#xD;
               -  Any investigational therapy.&#xD;
&#xD;
               -  Live vaccines&#xD;
&#xD;
          -  Subject has received the following medications, therapies or natural products within 7&#xD;
             days prior to the first dose of LP-118:&#xD;
&#xD;
               -  Cytochrome P450, family 3, subfamily A (CYP3A) strong inhibitors (itraconazole,&#xD;
                  etc) or inducers (phenytoin, rifampin, etc);&#xD;
&#xD;
               -  Inhibitors of P-glycoprotein (P-gp) and breast cancer resistance protein (BCRP).&#xD;
&#xD;
               -  There is a 28 day washout period required for subjects who have had prior CAR-T&#xD;
                  treatment if there is no evidence of cytokine release syndrome (CRS) or other&#xD;
                  adverse events related to the CAR-T treatment, per discussion with the Medical&#xD;
                  Monitor.&#xD;
&#xD;
          -  Subject has baseline prolongation of the heart rate-corrected QT (QTcF) interval ≥ 480&#xD;
             ms (calculated per Fridericia's formula [QTcF = QT/RR(1/3)]) ), a cardiovascular&#xD;
             disability status of New York Heart Association Class ≥ 2 or associated other&#xD;
             significant screening ECG or ultrasonic cardiogram abnormalities, per Investigator's&#xD;
             judgement.&#xD;
&#xD;
          -  Subject has significant a history of congenital long QT syndrome or Torsades de&#xD;
             Pointes, uncontrolled or symptomatic arrhythmias, congestive heart failure, myocardial&#xD;
             infarction, stroke or intracranial hemorrhage within 6 months prior to the first dose&#xD;
             of LP-118.&#xD;
&#xD;
          -  Subject exhibits evidence of other clinically significant uncontrolled condition(s)&#xD;
             including, but not limited to:&#xD;
&#xD;
               -  Uncontrolled active systemic infection (bacterial, fungal, viral);&#xD;
&#xD;
               -  Known poorly controlled of human immunodeficiency virus (HIV) or active hepatitis&#xD;
                  B or C infection (active hepatitis B defined as HBsAg positive, or HBcAb positive&#xD;
                  with detectable HBV DNA load; active hepatitis C defined as HCV antibody positive&#xD;
                  with HCV RNA positive);&#xD;
&#xD;
               -  Unexplained fever &gt; 38.5°C within 7 days prior to the first dose of study drug&#xD;
                  administration (at the discretion of the Investigator, if the fever is considered&#xD;
                  attributed to the subject's malignancy or an explained infection may be&#xD;
                  enrolled).&#xD;
&#xD;
          -  Subjects with known and active central nervous system (CNS) involvement at Screening.&#xD;
      </textblock>
    </criteria>
    <gender>All</gender>
    <minimum_age>13 Years</minimum_age>
    <maximum_age>N/A</maximum_age>
    <healthy_volunteers>No</healthy_volunteers>
  </eligibility>
  <overall_contact>
    <last_name>Anna Chen, MD, PhD</last_name>
    <phone>(206) 335-3820</phone>
    <email>yu@newavepharma.com</email>
  </overall_contact>
  <overall_contact_backup>
    <last_name>Stephen Anthony, DO</last_name>
    <email>s.anthony@newavepharma.com</email>
  </overall_contact_backup>
  <location>
    <facility>
      <name>University of Chicago</name>
      <address>
        <city>Chicago</city>
        <state>Illinois</state>
        <zip>60637</zip>
        <country>United States</country>
      </address>
    </facility>
    <status>Recruiting</status>
  </location>
  <location>
    <facility>
      <name>Dana Farber Cancer Institute</name>
      <address>
        <city>Boston</city>
        <state>Massachusetts</state>
        <zip>02215</zip>
        <country>United States</country>
      </address>
    </facility>
    <status>Not yet recruiting</status>
  </location>
  <location>
    <facility>
      <name>University of North Carolina</name>
      <address>
        <city>Chapel Hill</city>
        <state>North Carolina</state>
        <zip>27514</zip>
        <country>United States</country>
      </address>
    </facility>
    <status>Not yet recruiting</status>
  </location>
  <location>
    <facility>
      <name>Cincinnati Children's Hospital Medical Center</name>
      <address>
        <city>Cincinnati</city>
        <state>Ohio</state>
        <zip>45229</zip>
        <country>United States</country>
      </address>
    </facility>
    <status>Recruiting</status>
  </location>
  <location>
    <facility>
      <name>University of Cincinnati</name>
      <address>
        <city>Cincinnati</city>
        <state>Ohio</state>
        <zip>45229</zip>
        <country>United States</country>
      </address>
    </facility>
    <status>Recruiting</status>
  </location>
  <location>
    <facility>
      <name>The Ohio State University</name>
      <address>
        <city>Columbus</city>
        <state>Ohio</state>
        <zip>43210</zip>
        <country>United States</country>
      </address>
    </facility>
    <status>Not yet recruiting</status>
  </location>
  <location>
    <facility>
      <name>MD Anderson Cancer Center</name>
      <address>
        <city>Houston</city>
        <state>Texas</state>
        <zip>77030</zip>
        <country>United States</country>
      </address>
    </facility>
    <status>Recruiting</status>
  </location>
  <location>
    <facility>
      <name>University of Utah</name>
      <address>
        <city>Salt Lake City</city>
        <state>Utah</state>
        <zip>84112</zip>
        <country>United States</country>
      </address>
    </facility>
    <status>Recruiting</status>
  </location>
  <location_countries>
    <country>United States</country>
  </location_countries>
  <verification_date>March 2023</verification_date>
  <study_first_submitted>February 19, 2021</study_first_submitted>
  <study_first_submitted_qc>February 23, 2021</study_first_submitted_qc>
  <study_first_posted type="Actual">February 25, 2021</study_first_posted>
  <last_update_submitted>March 27, 2023</last_update_submitted>
  <last_update_submitted_qc>March 27, 2023</last_update_submitted_qc>
  <last_update_posted type="Actual">March 29, 2023</last_update_posted>
  <responsible_party>
    <responsible_party_type>Sponsor</responsible_party_type>
  </responsible_party>
  <keyword>Hematological Malignancies</keyword>
  <keyword>Relapsed</keyword>
  <keyword>Refractory</keyword>
  <condition_browse>
    <!-- CAUTION:  The following MeSH terms are assigned with an imperfect algorithm            -->
    <mesh_term>Lymphoma</mesh_term>
    <mesh_term>Leukemia</mesh_term>
    <mesh_term>Neoplasms</mesh_term>
    <mesh_term>Multiple Myeloma</mesh_term>
    <mesh_term>Leukemia, Lymphoid</mesh_term>
    <mesh_term>Leukemia, Lymphocytic, Chronic, B-Cell</mesh_term>
    <mesh_term>Leukemia, Myelomonocytic, Chronic</mesh_term>
    <mesh_term>Leukemia, Myelomonocytic, Juvenile</mesh_term>
    <mesh_term>Precursor Cell Lymphoblastic Leukemia-Lymphoma</mesh_term>
    <mesh_term>Leukemia, Prolymphocytic</mesh_term>
    <mesh_term>Blast Crisis</mesh_term>
    <mesh_term>Leukemia, Prolymphocytic, T-Cell</mesh_term>
    <mesh_term>Preleukemia</mesh_term>
    <mesh_term>Myeloproliferative Disorders</mesh_term>
    <mesh_term>Myelodysplastic-Myeloproliferative Diseases</mesh_term>
    <mesh_term>Myelodysplastic Syndromes</mesh_term>
  </condition_browse>
  <patient_data>
    <sharing_ipd>Undecided</sharing_ipd>
  </patient_data>
  <!-- Results have not yet been posted for this study                                          -->
</clinical_study>

