<?xml version="1.0" encoding="UTF-8"?>
<clinical_study rank="298">
  <!-- This xml conforms to an XML Schema at:
    https://clinicaltrials.gov/ct2/html/images/info/public.xsd -->
  <required_header>
    <download_date>ClinicalTrials.gov processed this data on February 06, 2024</download_date>
    <link_text>Link to the current ClinicalTrials.gov record.</link_text>
    <url>https://clinicaltrials.gov/ct2/show/NCT01159067</url>
  </required_header>
  <id_info>
    <org_study_id>09187</org_study_id>
    <secondary_id>NCI-2010-01428</secondary_id>
    <nct_id>NCT01159067</nct_id>
  </id_info>
  <brief_title>Deferasirox for Treating Patients Who Have Undergone Allogeneic Stem Cell Transplant and Have Iron Overload</brief_title>
  <official_title>Deferasirox Treatment and Labile Plasma Iron in Iron Overloaded Patients Who Have Undergone Allogeneic Hematopoietic Stem Cell Transplantation</official_title>
  <sponsors>
    <lead_sponsor>
      <agency>City of Hope Medical Center</agency>
      <agency_class>Other</agency_class>
    </lead_sponsor>
  </sponsors>
  <source>City of Hope Medical Center</source>
  <oversight_info>
    <has_dmc>Yes</has_dmc>
  </oversight_info>
  <brief_summary>
    <textblock>
      RATIONALE: Low dose deferasirox may be safe and effective in treating patients who have&#xD;
      undergone hematopoietic stem cell transplant and have iron overload.&#xD;
&#xD;
      PURPOSE: This pilot clinical trial studies safety and tolerability of deferasirox in&#xD;
      hematopoietic stem cell transplant recipients who have iron overload. Effect of low dose&#xD;
      deferasirox on labile plasma iron is also examined.&#xD;
    </textblock>
  </brief_summary>
  <detailed_description>
    <textblock>
      PRIMARY OBJECTIVES:&#xD;
&#xD;
      I. To determine labile plasma iron (LPI) levels in iron overloaded patients after allogeneic&#xD;
      Hematopoietic Stem Cell Transplantation (HSCT).&#xD;
&#xD;
      II. To determine safety and tolerability of low dose deferasirox in the post allogeneic HSCT&#xD;
      setting.&#xD;
&#xD;
      SECONDARY OBJECTIVES:&#xD;
&#xD;
      I. To determine ability of deferasirox to suppress LPI in allogeneic HSCT patients with serum&#xD;
      ferritin over 1500 ng/ml.&#xD;
&#xD;
      II. To determine prevalence of elevated LPI in allogeneic HSCT recipients with serum ferritin&#xD;
      over 1500 ng/ml.&#xD;
&#xD;
      III. To determine ability of low dose deferasirox to lower serum ferritin during the&#xD;
      treatment period.&#xD;
&#xD;
      IV. To correlate LPI with serum ferritin in allogeneic HSCT recipients with serum ferritin&#xD;
      over 1500 ng/ml.&#xD;
&#xD;
      OUTLINE: Patients receive deferasirox at 10 mg/kg once daily for 6 months in the absence of&#xD;
      unacceptable toxicity. Labile plasma iron will be measured at baseline and at weeks 4, 12,&#xD;
      and 24. Side effects of deferasirox will be recorded.&#xD;
    </textblock>
  </detailed_description>
  <overall_status>Terminated</overall_status>
  <why_stopped>
    Low enrollment&#xD;
  </why_stopped>
  <start_date>July 2010</start_date>
  <completion_date type="Actual">August 9, 2011</completion_date>
  <primary_completion_date type="Actual">August 9, 2011</primary_completion_date>
  <phase>Phase 2</phase>
  <study_type>Interventional</study_type>
  <has_expanded_access>No</has_expanded_access>
  <study_design_info>
    <allocation>N/A</allocation>
    <intervention_model>Single Group Assignment</intervention_model>
    <primary_purpose>Supportive Care</primary_purpose>
    <masking>None (Open Label)</masking>
  </study_design_info>
  <primary_outcome>
    <measure>Number of Patients With Elevated Labile Plasma Iron (LPI) Above Threshold (0.5 Umol/L)</measure>
    <time_frame>At baseline</time_frame>
  </primary_outcome>
  <secondary_outcome>
    <measure>Number of Patients With LPI Below 0.5 Umol/L After Treatment</measure>
    <time_frame>Assessed through 6 months from the start of treatment</time_frame>
    <description>In patients with LPI values above threshold 0.5umol/L at baseline, number of patients had LPI suppressed below this value after treatment. Measurement of LPI is done on plasma specimens.</description>
  </secondary_outcome>
  <secondary_outcome>
    <measure>Number of Patients With Serum Ferritin Level Lower Than 1500 ng/mL After Treatment</measure>
    <time_frame>Assessed through 6 months from the start of treatment</time_frame>
    <description>Number of patients, whose Serum Ferritin levels are lower than 1500 ng/mL at two consecutive study visits. Serum Ferritin levels are measured at screening (baseline), week 4, 8, 12, 16, 20, 24 and end of study.</description>
  </secondary_outcome>
  <secondary_outcome>
    <measure>Correlation of LPI With Serum Ferritin</measure>
    <time_frame>Assessed through 6 months from the start of treatment</time_frame>
    <description>Both LPI and Serum Ferritin levels are measured at screening (baseline), week 4, 12, 24 and end of study. The correlation between the levels of LPI and Serum Ferritin at screening, week 4, 12, 24 and end of study will be examined and plotted.</description>
  </secondary_outcome>
  <number_of_arms>1</number_of_arms>
  <enrollment type="Actual">1</enrollment>
  <condition>Iron Overload</condition>
  <condition>Accelerated Phase Chronic Myelogenous Leukemia</condition>
  <condition>Adult Acute Lymphoblastic Leukemia in Remission</condition>
  <condition>Adult Acute Myeloid Leukemia in Remission</condition>
  <condition>Adult Acute Myeloid Leukemia With 11q23 (MLL) Abnormalities</condition>
  <condition>Adult Acute Myeloid Leukemia With Del(5q)</condition>
  <condition>Adult Acute Myeloid Leukemia With Inv(16)(p13;q22)</condition>
  <condition>Adult Acute Myeloid Leukemia With t(15;17)(q22;q12)</condition>
  <condition>Adult Acute Myeloid Leukemia With t(16;16)(p13;q22)</condition>
  <condition>Adult Acute Myeloid Leukemia With t(8;21)(q22;q22)</condition>
  <condition>Atypical Chronic Myeloid Leukemia, BCR-ABL Negative</condition>
  <condition>Blastic Phase Chronic Myelogenous Leukemia</condition>
  <condition>Chronic Eosinophilic Leukemia</condition>
  <condition>Chronic Myelomonocytic Leukemia</condition>
  <condition>Chronic Neutrophilic Leukemia</condition>
  <condition>Chronic Phase Chronic Myelogenous Leukemia</condition>
  <condition>de Novo Myelodysplastic Syndromes</condition>
  <condition>Disseminated Neuroblastoma</condition>
  <condition>Extranodal Marginal Zone B-cell Lymphoma of Mucosa-associated Lymphoid Tissue</condition>
  <condition>Myelodysplastic/Myeloproliferative Neoplasm, Unclassifiable</condition>
  <condition>Nodal Marginal Zone B-cell Lymphoma</condition>
  <condition>Noncontiguous Stage II Adult Burkitt Lymphoma</condition>
  <condition>Noncontiguous Stage II Adult Diffuse Large Cell Lymphoma</condition>
  <condition>Noncontiguous Stage II Adult Diffuse Mixed Cell Lymphoma</condition>
  <condition>Noncontiguous Stage II Adult Diffuse Small Cleaved Cell Lymphoma</condition>
  <condition>Noncontiguous Stage II Adult Immunoblastic Large Cell Lymphoma</condition>
  <condition>Noncontiguous Stage II Adult Lymphoblastic Lymphoma</condition>
  <condition>Noncontiguous Stage II Grade 1 Follicular Lymphoma</condition>
  <condition>Noncontiguous Stage II Grade 2 Follicular Lymphoma</condition>
  <condition>Noncontiguous Stage II Grade 3 Follicular Lymphoma</condition>
  <condition>Noncontiguous Stage II Mantle Cell Lymphoma</condition>
  <condition>Noncontiguous Stage II Marginal Zone Lymphoma</condition>
  <condition>Noncontiguous Stage II Small Lymphocytic Lymphoma</condition>
  <condition>Poor Prognosis Metastatic Gestational Trophoblastic Tumor</condition>
  <condition>Previously Treated Myelodysplastic Syndromes</condition>
  <condition>Primary Myelofibrosis</condition>
  <condition>Recurrent Adult Acute Lymphoblastic Leukemia</condition>
  <condition>Recurrent Adult Acute Myeloid Leukemia</condition>
  <condition>Recurrent Adult Burkitt Lymphoma</condition>
  <condition>Recurrent Adult Diffuse Large Cell Lymphoma</condition>
  <condition>Recurrent Adult Diffuse Mixed Cell Lymphoma</condition>
  <condition>Recurrent Adult Diffuse Small Cleaved Cell Lymphoma</condition>
  <condition>Recurrent Adult Hodgkin Lymphoma</condition>
  <condition>Recurrent Adult Immunoblastic Large Cell Lymphoma</condition>
  <condition>Recurrent Adult Lymphoblastic Lymphoma</condition>
  <condition>Recurrent Cutaneous T-cell Non-Hodgkin Lymphoma</condition>
  <condition>Recurrent Grade 1 Follicular Lymphoma</condition>
  <condition>Recurrent Grade 2 Follicular Lymphoma</condition>
  <condition>Recurrent Grade 3 Follicular Lymphoma</condition>
  <condition>Recurrent Malignant Testicular Germ Cell Tumor</condition>
  <condition>Recurrent Mantle Cell Lymphoma</condition>
  <condition>Recurrent Marginal Zone Lymphoma</condition>
  <condition>Recurrent Mycosis Fungoides/Sezary Syndrome</condition>
  <condition>Recurrent Neuroblastoma</condition>
  <condition>Recurrent Ovarian Epithelial Cancer</condition>
  <condition>Recurrent Ovarian Germ Cell Tumor</condition>
  <condition>Recurrent Small Lymphocytic Lymphoma</condition>
  <condition>Refractory Chronic Lymphocytic Leukemia</condition>
  <condition>Refractory Hairy Cell Leukemia</condition>
  <condition>Relapsing Chronic Myelogenous Leukemia</condition>
  <condition>Secondary Acute Myeloid Leukemia</condition>
  <condition>Secondary Myelodysplastic Syndromes</condition>
  <condition>Splenic Marginal Zone Lymphoma</condition>
  <condition>Stage I Multiple Myeloma</condition>
  <condition>Stage II Multiple Myeloma</condition>
  <condition>Stage II Ovarian Epithelial Cancer</condition>
  <condition>Stage III Adult Burkitt Lymphoma</condition>
  <condition>Stage III Adult Diffuse Large Cell Lymphoma</condition>
  <condition>Stage III Adult Diffuse Mixed Cell Lymphoma</condition>
  <condition>Stage III Adult Diffuse Small Cleaved Cell Lymphoma</condition>
  <condition>Stage III Adult Hodgkin Lymphoma</condition>
  <condition>Stage III Adult Immunoblastic Large Cell Lymphoma</condition>
  <condition>Stage III Adult Lymphoblastic Lymphoma</condition>
  <condition>Stage III Chronic Lymphocytic Leukemia</condition>
  <condition>Stage III Grade 1 Follicular Lymphoma</condition>
  <condition>Stage III Grade 2 Follicular Lymphoma</condition>
  <condition>Stage III Grade 3 Follicular Lymphoma</condition>
  <condition>Stage III Malignant Testicular Germ Cell Tumor</condition>
  <condition>Stage III Mantle Cell Lymphoma</condition>
  <condition>Stage III Marginal Zone Lymphoma</condition>
  <condition>Stage III Multiple Myeloma</condition>
  <condition>Stage III Ovarian Epithelial Cancer</condition>
  <condition>Stage III Small Lymphocytic Lymphoma</condition>
  <condition>Stage IIIA Breast Cancer</condition>
  <condition>Stage IIIB Breast Cancer</condition>
  <condition>Stage IIIC Breast Cancer</condition>
  <condition>Stage IV Adult Burkitt Lymphoma</condition>
  <condition>Stage IV Adult Diffuse Large Cell Lymphoma</condition>
  <condition>Stage IV Adult Diffuse Mixed Cell Lymphoma</condition>
  <condition>Stage IV Adult Diffuse Small Cleaved Cell Lymphoma</condition>
  <condition>Stage IV Adult Hodgkin Lymphoma</condition>
  <condition>Stage IV Adult Immunoblastic Large Cell Lymphoma</condition>
  <condition>Stage IV Adult Lymphoblastic Lymphoma</condition>
  <condition>Stage IV Breast Cancer</condition>
  <condition>Stage IV Chronic Lymphocytic Leukemia</condition>
  <condition>Stage IV Grade 1 Follicular Lymphoma</condition>
  <condition>Stage IV Grade 2 Follicular Lymphoma</condition>
  <condition>Stage IV Grade 3 Follicular Lymphoma</condition>
  <condition>Stage IV Mantle Cell Lymphoma</condition>
  <condition>Stage IV Marginal Zone Lymphoma</condition>
  <condition>Stage IV Ovarian Epithelial Cancer</condition>
  <condition>Stage IV Small Lymphocytic Lymphoma</condition>
  <arm_group>
    <arm_group_label>Arm I</arm_group_label>
    <arm_group_type>Experimental</arm_group_type>
    <description>Patients receive oral deferasirox once daily for up to 6 months in the absence of unacceptable toxicity.</description>
  </arm_group>
  <intervention>
    <intervention_type>Drug</intervention_type>
    <intervention_name>deferasirox</intervention_name>
    <description>Given orally</description>
    <arm_group_label>Arm I</arm_group_label>
    <other_name>Exjade</other_name>
    <other_name>ICL670</other_name>
  </intervention>
  <eligibility>
    <criteria>
      <textblock>
        Inclusion&#xD;
&#xD;
          -  Patients must have undergone a matched related donor, matched unrelated donor or cord&#xD;
             blood Hematopoietic Stem Cell Transplant (HSCT) over 6 months ago&#xD;
&#xD;
          -  Patients currently on Desferal (desferrioxamine) therapy will require a one day wash&#xD;
             out prior to the first dose of study drug&#xD;
&#xD;
          -  Serum ferritin &gt;= 1500 ng/mL on two occasions two weeks apart at screening; samples&#xD;
             must be obtained in the absence of concomitant infection&#xD;
&#xD;
          -  Normal C-reactive protein level at screening&#xD;
&#xD;
          -  Patients must be red cell transfusion independent for 2 months prior to enrollment&#xD;
&#xD;
          -  Sexually active women must use an effective method of contraception, or must have&#xD;
             undergone clinical documented total hysterectomy and/or oophorectomy, or tubal&#xD;
             ligation or be postmenopausal (defined as amenorrhea for at least 12 months)&#xD;
&#xD;
          -  Written informed consent by the patient&#xD;
&#xD;
        Exclusion&#xD;
&#xD;
          -  Chronic hepatic GVHD with serum total bilirubin over 2 mg/dL&#xD;
&#xD;
          -  Known hypersensitivity to deferasirox&#xD;
&#xD;
          -  Serum creatinine above the upper limit of normal&#xD;
&#xD;
          -  AST or ALT &gt; 200 U/L during screening&#xD;
&#xD;
          -  Clinical or laboratory evidence of active Hepatitis B or Hepatitis C (HBsAg in the&#xD;
             absence of HBsAb OR HCV Ab positive with HCV RNA positive and ALT above the normal&#xD;
             range)&#xD;
&#xD;
          -  History of HIV positive test result (ELISA or Western blot)&#xD;
&#xD;
          -  History of drug or alcohol abuse within the 12 months prior to enrollment&#xD;
&#xD;
          -  ECOG Performance Status &gt; 2&#xD;
&#xD;
          -  Patients with a diagnosis of or history of clinically relevant ocular toxicity related&#xD;
             to iron chelation&#xD;
&#xD;
          -  Systemic diseases (cardiovascular, renal, hepatic, etc.) which would prevent study&#xD;
             treatment&#xD;
&#xD;
          -  Pregnancy (as documented in required screening laboratory test) or breast feeding&#xD;
&#xD;
          -  Patients who received treatment with systemic investigational drug within the past 4&#xD;
             weeks or topical investigational drug within the past 7 days or are planning to&#xD;
             receive other investigational drugs while participating in the study&#xD;
&#xD;
          -  Other surgical or medical condition which might significantly alter the absorption,&#xD;
             distribution, metabolism or excretion of study drug&#xD;
&#xD;
          -  History of non-compliance to medical regimens or patients who are considered&#xD;
             potentially unreliable and/or not cooperative&#xD;
      </textblock>
    </criteria>
    <gender>All</gender>
    <minimum_age>18 Years</minimum_age>
    <maximum_age>N/A</maximum_age>
    <healthy_volunteers>No</healthy_volunteers>
  </eligibility>
  <overall_official>
    <last_name>Vinod Pullarkat, MD</last_name>
    <role>Principal Investigator</role>
    <affiliation>City of Hope Medical Center</affiliation>
  </overall_official>
  <location>
    <facility>
      <name>City of Hope</name>
      <address>
        <city>Duarte</city>
        <state>California</state>
        <zip>91010</zip>
        <country>United States</country>
      </address>
    </facility>
  </location>
  <location_countries>
    <country>United States</country>
  </location_countries>
  <verification_date>November 2017</verification_date>
  <study_first_submitted>July 6, 2010</study_first_submitted>
  <study_first_submitted_qc>July 8, 2010</study_first_submitted_qc>
  <study_first_posted type="Estimate">July 9, 2010</study_first_posted>
  <results_first_submitted>May 2, 2019</results_first_submitted>
  <results_first_submitted_qc>May 2, 2019</results_first_submitted_qc>
  <results_first_posted type="Actual">May 29, 2019</results_first_posted>
  <last_update_submitted>June 7, 2019</last_update_submitted>
  <last_update_submitted_qc>June 7, 2019</last_update_submitted_qc>
  <last_update_posted type="Actual">June 18, 2019</last_update_posted>
  <responsible_party>
    <responsible_party_type>Sponsor</responsible_party_type>
  </responsible_party>
  <keyword>HSCT, iron overload, deferasirox, labile plasma iron</keyword>
  <condition_browse>
    <!-- CAUTION:  The following MeSH terms are assigned with an imperfect algorithm            -->
    <mesh_term>Burkitt Lymphoma</mesh_term>
    <mesh_term>Mycoses</mesh_term>
    <mesh_term>Lymphoma</mesh_term>
    <mesh_term>Breast Neoplasms</mesh_term>
    <mesh_term>Leukemia</mesh_term>
    <mesh_term>Leukemia, Myeloid</mesh_term>
    <mesh_term>Multiple Myeloma</mesh_term>
    <mesh_term>Neoplasms, Plasma Cell</mesh_term>
    <mesh_term>Leukemia, Myeloid, Acute</mesh_term>
    <mesh_term>Lymphoma, Follicular</mesh_term>
    <mesh_term>Lymphoma, Non-Hodgkin</mesh_term>
    <mesh_term>Preleukemia</mesh_term>
    <mesh_term>Neoplasm Metastasis</mesh_term>
    <mesh_term>Precursor Cell Lymphoblastic Leukemia-Lymphoma</mesh_term>
    <mesh_term>Leukemia, Lymphoid</mesh_term>
    <mesh_term>Lymphoma, B-Cell</mesh_term>
    <mesh_term>Leukemia, Lymphocytic, Chronic, B-Cell</mesh_term>
    <mesh_term>Hodgkin Disease</mesh_term>
    <mesh_term>Lymphoma, Mantle-Cell</mesh_term>
    <mesh_term>Lymphoma, B-Cell, Marginal Zone</mesh_term>
    <mesh_term>Leukemia, Myelogenous, Chronic, BCR-ABL Positive</mesh_term>
    <mesh_term>Neuroblastoma</mesh_term>
    <mesh_term>Lymphoma, Large B-Cell, Diffuse</mesh_term>
    <mesh_term>Neoplasms, Germ Cell and Embryonal</mesh_term>
    <mesh_term>Lymphoma, Large-Cell, Immunoblastic</mesh_term>
    <mesh_term>Plasmablastic Lymphoma</mesh_term>
    <mesh_term>Carcinoma, Ovarian Epithelial</mesh_term>
    <mesh_term>Mycosis Fungoides</mesh_term>
    <mesh_term>Sezary Syndrome</mesh_term>
    <mesh_term>Lymphoma, T-Cell</mesh_term>
    <mesh_term>Lymphoma, T-Cell, Cutaneous</mesh_term>
    <mesh_term>Leukemia, Myelomonocytic, Chronic</mesh_term>
    <mesh_term>Leukemia, Myelomonocytic, Juvenile</mesh_term>
    <mesh_term>Leukemia, Hairy Cell</mesh_term>
    <mesh_term>Leukemia, Myeloid, Chronic-Phase</mesh_term>
    <mesh_term>Testicular Neoplasms</mesh_term>
    <mesh_term>Blast Crisis</mesh_term>
    <mesh_term>Leukemia, Myeloid, Accelerated Phase</mesh_term>
    <mesh_term>Leukemia, Myeloid, Chronic, Atypical, BCR-ABL Negative</mesh_term>
    <mesh_term>Trophoblastic Neoplasms</mesh_term>
    <mesh_term>Myelodysplastic Syndromes</mesh_term>
    <mesh_term>Primary Myelofibrosis</mesh_term>
    <mesh_term>Myeloproliferative Disorders</mesh_term>
    <mesh_term>Myelodysplastic-Myeloproliferative Diseases</mesh_term>
    <mesh_term>Hypereosinophilic Syndrome</mesh_term>
    <mesh_term>Leukemia, Neutrophilic, Chronic</mesh_term>
    <mesh_term>Iron Overload</mesh_term>
    <mesh_term>Syndrome</mesh_term>
    <mesh_term>Recurrence</mesh_term>
  </condition_browse>
  <intervention_browse>
    <!-- CAUTION:  The following MeSH terms are assigned with an imperfect algorithm            -->
    <mesh_term>Deferasirox</mesh_term>
  </intervention_browse>

  <clinical_results>

    <participant_flow>
      <group_list>
        <group group_id="P1">
          <title>Arm I</title>
          <description>Patients receive oral deferasirox once daily for up to 6 months in the absence of unacceptable toxicity.</description>
        </group>
      </group_list>
      <period_list>
        <period>
          <title>Overall Study</title>
          <milestone_list>
            <milestone>
              <title>STARTED</title>
              <participants_list>
                <participants group_id="P1" count="1"/>
              </participants_list>
            </milestone>
            <milestone>
              <title>COMPLETED</title>
              <participants_list>
                <participants group_id="P1" count="1"/>
              </participants_list>
            </milestone>
            <milestone>
              <title>NOT COMPLETED</title>
              <participants_list>
                <participants group_id="P1" count="0"/>
              </participants_list>
            </milestone>
          </milestone_list>
        </period>
      </period_list>
    </participant_flow>

    <baseline>
      <group_list>
        <group group_id="B1">
          <title>Arm I</title>
          <description>Patients receive oral deferasirox once daily for up to 6 months in the absence of unacceptable toxicity.</description>
        </group>
      </group_list>
      <analyzed_list>
        <analyzed>
          <units>Participants</units>
          <scope>Overall</scope>
          <count_list>
            <count group_id="B1" value="1"/>
          </count_list>
        </analyzed>
      </analyzed_list>
      <measure_list>
        <measure>
          <title>Age</title>
          <units>Participants</units>
          <param>Count of Participants</param>
          <class_list>
            <class>
              <category_list>
                <category>
                  <title>&lt;=18 years</title>
                  <measurement_list>
                    <measurement group_id="B1" value="0"/>
                  </measurement_list>
                </category>
                <category>
                  <title>Between 18 and 65 years</title>
                  <measurement_list>
                    <measurement group_id="B1" value="1"/>
                  </measurement_list>
                </category>
                <category>
                  <title>&gt;=65 years</title>
                  <measurement_list>
                    <measurement group_id="B1" value="0"/>
                  </measurement_list>
                </category>
              </category_list>
            </class>
          </class_list>
        </measure>
        <measure>
          <title>Sex: Female, Male</title>
          <units>Participants</units>
          <param>Count of Participants</param>
          <class_list>
            <class>
              <category_list>
                <category>
                  <title>Female</title>
                  <measurement_list>
                    <measurement group_id="B1" value="1"/>
                  </measurement_list>
                </category>
                <category>
                  <title>Male</title>
                  <measurement_list>
                    <measurement group_id="B1" value="0"/>
                  </measurement_list>
                </category>
              </category_list>
            </class>
          </class_list>
        </measure>
        <measure>
          <title>Region of Enrollment</title>
          <units>participants</units>
          <param>Number</param>
          <class_list>
            <class>
              <title>United States</title>
              <category_list>
                <category>
                  <measurement_list>
                    <measurement group_id="B1" value="1"/>
                  </measurement_list>
                </category>
              </category_list>
            </class>
          </class_list>
        </measure>
      </measure_list>
    </baseline>

    <outcome_list>
      <outcome>
        <type>Primary</type>
        <title>Number of Patients With Elevated Labile Plasma Iron (LPI) Above Threshold (0.5 Umol/L)</title>
        <time_frame>At baseline</time_frame>
        <group_list>
          <group group_id="O1">
            <title>Arm I</title>
            <description>Patients receive oral deferasirox once daily for up to 6 months in the absence of unacceptable toxicity.</description>
          </group>
        </group_list>
        <measure>
          <title>Number of Patients With Elevated Labile Plasma Iron (LPI) Above Threshold (0.5 Umol/L)</title>
          <units>Participants</units>
          <param>Count of Participants</param>
          <analyzed_list>
            <analyzed>
              <units>Participants</units>
              <scope>Measure</scope>
              <count_list>
                <count group_id="O1" value="1"/>
              </count_list>
            </analyzed>
          </analyzed_list>
          <class_list>
            <class>
              <category_list>
                <category>
                  <measurement_list>
                    <measurement group_id="O1" value="0"/>
                  </measurement_list>
                </category>
              </category_list>
            </class>
          </class_list>
        </measure>
      </outcome>
      <outcome>
        <type>Secondary</type>
        <title>Number of Patients With LPI Below 0.5 Umol/L After Treatment</title>
        <description>In patients with LPI values above threshold 0.5umol/L at baseline, number of patients had LPI suppressed below this value after treatment. Measurement of LPI is done on plasma specimens.</description>
        <time_frame>Assessed through 6 months from the start of treatment</time_frame>
        <population>No patient had elevated LPI level above 0.5umol/L at baseline.</population>
        <group_list>
          <group group_id="O1">
            <title>Arm I</title>
            <description>Patients receive oral deferasirox once daily for up to 6 months in the absence of unacceptable toxicity.</description>
          </group>
        </group_list>
        <measure>
          <title>Number of Patients With LPI Below 0.5 Umol/L After Treatment</title>
          <description>In patients with LPI values above threshold 0.5umol/L at baseline, number of patients had LPI suppressed below this value after treatment. Measurement of LPI is done on plasma specimens.</description>
          <population>No patient had elevated LPI level above 0.5umol/L at baseline.</population>
          <analyzed_list>
            <analyzed>
              <units>Participants</units>
              <scope>Measure</scope>
              <count_list>
                <count group_id="O1" value="0"/>
              </count_list>
            </analyzed>
          </analyzed_list>
        </measure>
      </outcome>
      <outcome>
        <type>Secondary</type>
        <title>Number of Patients With Serum Ferritin Level Lower Than 1500 ng/mL After Treatment</title>
        <description>Number of patients, whose Serum Ferritin levels are lower than 1500 ng/mL at two consecutive study visits. Serum Ferritin levels are measured at screening (baseline), week 4, 8, 12, 16, 20, 24 and end of study.</description>
        <time_frame>Assessed through 6 months from the start of treatment</time_frame>
        <group_list>
          <group group_id="O1">
            <title>Arm I</title>
            <description>Patients receive oral deferasirox once daily for up to 6 months in the absence of unacceptable toxicity.</description>
          </group>
        </group_list>
        <measure>
          <title>Number of Patients With Serum Ferritin Level Lower Than 1500 ng/mL After Treatment</title>
          <description>Number of patients, whose Serum Ferritin levels are lower than 1500 ng/mL at two consecutive study visits. Serum Ferritin levels are measured at screening (baseline), week 4, 8, 12, 16, 20, 24 and end of study.</description>
          <units>Participants</units>
          <param>Count of Participants</param>
          <analyzed_list>
            <analyzed>
              <units>Participants</units>
              <scope>Measure</scope>
              <count_list>
                <count group_id="O1" value="1"/>
              </count_list>
            </analyzed>
          </analyzed_list>
          <class_list>
            <class>
              <category_list>
                <category>
                  <measurement_list>
                    <measurement group_id="O1" value="1"/>
                  </measurement_list>
                </category>
              </category_list>
            </class>
          </class_list>
        </measure>
      </outcome>
      <outcome>
        <type>Secondary</type>
        <title>Correlation of LPI With Serum Ferritin</title>
        <description>Both LPI and Serum Ferritin levels are measured at screening (baseline), week 4, 12, 24 and end of study. The correlation between the levels of LPI and Serum Ferritin at screening, week 4, 12, 24 and end of study will be examined and plotted.</description>
        <time_frame>Assessed through 6 months from the start of treatment</time_frame>
        <population>The enrolled patient's LPI level at baseline is below 0.5 umol/L and she had both LPI and Serum Ferritin levels measured at baseline only. Therefore, no sufficient data to estimate the correlation of LPI with Serum Ferritin.</population>
        <group_list>
          <group group_id="O1">
            <title>Arm I</title>
            <description>Patients receive oral deferasirox once daily for up to 6 months in the absence of unacceptable toxicity.</description>
          </group>
        </group_list>
        <measure>
          <title>Correlation of LPI With Serum Ferritin</title>
          <description>Both LPI and Serum Ferritin levels are measured at screening (baseline), week 4, 12, 24 and end of study. The correlation between the levels of LPI and Serum Ferritin at screening, week 4, 12, 24 and end of study will be examined and plotted.</description>
          <population>The enrolled patient's LPI level at baseline is below 0.5 umol/L and she had both LPI and Serum Ferritin levels measured at baseline only. Therefore, no sufficient data to estimate the correlation of LPI with Serum Ferritin.</population>
          <analyzed_list>
            <analyzed>
              <units>Participants</units>
              <scope>Measure</scope>
              <count_list>
                <count group_id="O1" value="0"/>
              </count_list>
            </analyzed>
          </analyzed_list>
        </measure>
      </outcome>
    </outcome_list>

    <reported_events>
      <time_frame>From Cycle 1 to Cycle 6</time_frame>
      <group_list>
        <group group_id="E1">
          <title>Arm I</title>
          <description>Patients receive oral deferasirox once daily for up to 6 months in the absence of unacceptable toxicity.</description>
        </group>
      </group_list>
      <serious_events>
        <category_list>
          <category>
            <title>Total</title>
            <event_list>
              <event>
                <sub_title>Total, all-cause mortality</sub_title>
                <counts group_id="E1" subjects_affected="0" subjects_at_risk="1"/>
              </event>
              <event>
                <sub_title>Total, serious adverse events</sub_title>
                <counts group_id="E1" subjects_affected="0" subjects_at_risk="1"/>
              </event>
            </event_list>
          </category>
        </category_list>
      </serious_events>
      <other_events>
        <frequency_threshold>0</frequency_threshold>
        <default_vocab>CTCAE (3.0)</default_vocab>
        <default_assessment>Systematic Assessment</default_assessment>
        <category_list>
          <category>
            <title>Total</title>
            <event_list>
              <event>
                <sub_title>Total, other adverse events</sub_title>
                <counts group_id="E1" subjects_affected="1" subjects_at_risk="1"/>
              </event>
            </event_list>
          </category>
          <category>
            <title>Blood and lymphatic system disorders</title>
            <event_list>
              <event>
                <sub_title>Iron overload</sub_title>
                <counts group_id="E1" events="1" subjects_affected="1" subjects_at_risk="1"/>
              </event>
              <event>
                <sub_title>Neutrophils/granulocytes (ANC/AGC)</sub_title>
                <counts group_id="E1" events="2" subjects_affected="1" subjects_at_risk="1"/>
              </event>
              <event>
                <sub_title>Platelets</sub_title>
                <counts group_id="E1" events="10" subjects_affected="1" subjects_at_risk="1"/>
              </event>
            </event_list>
          </category>
          <category>
            <title>Cardiac disorders</title>
            <event_list>
              <event>
                <sub_title>Hypotension</sub_title>
                <counts group_id="E1" events="1" subjects_affected="1" subjects_at_risk="1"/>
              </event>
            </event_list>
          </category>
          <category>
            <title>Gastrointestinal disorders</title>
            <event_list>
              <event>
                <sub_title>Anorexia</sub_title>
                <counts group_id="E1" events="1" subjects_affected="1" subjects_at_risk="1"/>
              </event>
              <event>
                <sub_title>Nausea</sub_title>
                <counts group_id="E1" events="6" subjects_affected="1" subjects_at_risk="1"/>
              </event>
              <event>
                <sub_title>Vomiting</sub_title>
                <counts group_id="E1" events="1" subjects_affected="1" subjects_at_risk="1"/>
              </event>
              <event>
                <sub_title>Hemorrhage, GU</sub_title>
                <counts group_id="E1" events="5" subjects_affected="1" subjects_at_risk="1"/>
              </event>
            </event_list>
          </category>
          <category>
            <title>General disorders</title>
            <event_list>
              <event>
                <sub_title>Fatigue (asthenia, lethargy, malaise)</sub_title>
                <counts group_id="E1" events="1" subjects_affected="1" subjects_at_risk="1"/>
              </event>
              <event>
                <sub_title>Fever</sub_title>
                <description>Fever (in the absence of neutropenia, where neutropenia is defined as ANC &lt;1.0 x 10e9/L)</description>
                <counts group_id="E1" events="1" subjects_affected="1" subjects_at_risk="1"/>
              </event>
              <event>
                <sub_title>Rigors/chills</sub_title>
                <counts group_id="E1" events="1" subjects_affected="1" subjects_at_risk="1"/>
              </event>
              <event>
                <sub_title>Pain</sub_title>
                <counts group_id="E1" events="5" subjects_affected="1" subjects_at_risk="1"/>
              </event>
            </event_list>
          </category>
          <category>
            <title>Infections and infestations</title>
            <event_list>
              <event>
                <sub_title>Infection with Grade 3 or 4 neutrophils (ANC &lt;1.0 x 10e9/L)</sub_title>
                <description>Infection (documented clinically or microbiologically) with Grade 3 or 4 neutrophils (ANC &lt;1.0 x 10e9/L)</description>
                <counts group_id="E1" events="2" subjects_affected="1" subjects_at_risk="1"/>
              </event>
              <event>
                <sub_title>Infection with normal ANC or Grade 1 or 2 neutrophils</sub_title>
                <counts group_id="E1" events="1" subjects_affected="1" subjects_at_risk="1"/>
              </event>
            </event_list>
          </category>
          <category>
            <title>Metabolism and nutrition disorders</title>
            <event_list>
              <event>
                <sub_title>ALT, SGPT (serum glutamic pyruvic transaminase)</sub_title>
                <counts group_id="E1" events="6" subjects_affected="1" subjects_at_risk="1"/>
              </event>
              <event>
                <sub_title>AST, SGOT(serum glutamic oxaloacetic transaminase)</sub_title>
                <counts group_id="E1" events="7" subjects_affected="1" subjects_at_risk="1"/>
              </event>
              <event>
                <sub_title>Albumin, serum-low (hypoalbuminemia)</sub_title>
                <counts group_id="E1" events="1" subjects_affected="1" subjects_at_risk="1"/>
              </event>
              <event>
                <sub_title>Alkaline phosphatase</sub_title>
                <counts group_id="E1" events="6" subjects_affected="1" subjects_at_risk="1"/>
              </event>
              <event>
                <sub_title>Creatinine</sub_title>
                <counts group_id="E1" events="4" subjects_affected="1" subjects_at_risk="1"/>
              </event>
              <event>
                <sub_title>Glucose, serum-high (hyperglycemia)</sub_title>
                <counts group_id="E1" events="1" subjects_affected="1" subjects_at_risk="1"/>
              </event>
              <event>
                <sub_title>Magnesium, serum-high (hypermagnesemia)</sub_title>
                <counts group_id="E1" events="3" subjects_affected="1" subjects_at_risk="1"/>
              </event>
              <event>
                <sub_title>Proteinuria</sub_title>
                <counts group_id="E1" events="2" subjects_affected="1" subjects_at_risk="1"/>
              </event>
              <event>
                <sub_title>Sodium, serum-low (hyponatremia)</sub_title>
                <counts group_id="E1" events="2" subjects_affected="1" subjects_at_risk="1"/>
              </event>
              <event>
                <sub_title>Uric acid, serum-high (hyperuricemia)</sub_title>
                <counts group_id="E1" events="3" subjects_affected="1" subjects_at_risk="1"/>
              </event>
            </event_list>
          </category>
          <category>
            <title>Musculoskeletal and connective tissue disorders</title>
            <event_list>
              <event>
                <sub_title>Muscle weakness, generalized or specific area (not due to neuropathy)</sub_title>
                <counts group_id="E1" events="1" subjects_affected="1" subjects_at_risk="1"/>
              </event>
            </event_list>
          </category>
          <category>
            <title>Nervous system disorders</title>
            <event_list>
              <event>
                <sub_title>Mood alteration</sub_title>
                <counts group_id="E1" events="1" subjects_affected="1" subjects_at_risk="1"/>
              </event>
              <event>
                <sub_title>Neuropathy: sensory</sub_title>
                <counts group_id="E1" events="1" subjects_affected="1" subjects_at_risk="1"/>
              </event>
            </event_list>
          </category>
          <category>
            <title>Respiratory, thoracic and mediastinal disorders</title>
            <event_list>
              <event>
                <sub_title>Hemorrhage, pulmonary/upper respiratory</sub_title>
                <counts group_id="E1" events="1" subjects_affected="1" subjects_at_risk="1"/>
              </event>
              <event>
                <sub_title>Cough</sub_title>
                <counts group_id="E1" events="2" subjects_affected="1" subjects_at_risk="1"/>
              </event>
              <event>
                <sub_title>Dyspnea (shortness of breath)</sub_title>
                <counts group_id="E1" events="1" subjects_affected="1" subjects_at_risk="1"/>
              </event>
              <event>
                <sub_title>Nasal cavity/paranasal sinus reactions</sub_title>
                <counts group_id="E1" events="1" subjects_affected="1" subjects_at_risk="1"/>
              </event>
            </event_list>
          </category>
          <category>
            <title>Skin and subcutaneous tissue disorders</title>
            <event_list>
              <event>
                <sub_title>Hypopigmentation</sub_title>
                <counts group_id="E1" events="6" subjects_affected="1" subjects_at_risk="1"/>
              </event>
              <event>
                <sub_title>Ulceration</sub_title>
                <counts group_id="E1" events="1" subjects_affected="1" subjects_at_risk="1"/>
              </event>
            </event_list>
          </category>
        </category_list>
      </other_events>
    </reported_events>

    <certain_agreements>
      <pi_employee>All Principal Investigators ARE employed by the organization sponsoring the study.</pi_employee>
      <restrictive_agreement>There is NOT an agreement between Principal Investigators and the Sponsor (or its agents) that restricts the PI's rights to discuss or publish trial results after the trial is completed. </restrictive_agreement>
    </certain_agreements>
    <point_of_contact>
      <name_or_title>Dr. Vinod Pullarkat</name_or_title>
      <organization>City of Hope National Medical Center</organization>
      <phone>626-256-4673 ext 82405</phone>
      <email>vpullarkat@coh.org</email>
    </point_of_contact>
  </clinical_results>
</clinical_study>

