<?xml version="1.0" encoding="UTF-8"?>
<clinical_study rank="111">
  <!-- This xml conforms to an XML Schema at:
    https://clinicaltrials.gov/ct2/html/images/info/public.xsd -->
  <required_header>
    <download_date>ClinicalTrials.gov processed this data on February 06, 2024</download_date>
    <link_text>Link to the current ClinicalTrials.gov record.</link_text>
    <url>https://clinicaltrials.gov/ct2/show/NCT00052832</url>
  </required_header>
  <id_info>
    <org_study_id>HO02403</org_study_id>
    <secondary_id>P30CA014520</secondary_id>
    <secondary_id>HO02403</secondary_id>
    <secondary_id>2002-184</secondary_id>
    <secondary_id>A534260</secondary_id>
    <secondary_id>SMPH/MEDICINE</secondary_id>
    <nct_id>NCT00052832</nct_id>
  </id_info>
  <brief_title>Doxercalciferol in Treating Patients With Myelodysplastic Syndrome or Chronic Myelomonocytic Leukemia</brief_title>
  <official_title>Phase II Study of Doxercalciferol for the Treatment of Myelodysplastic Syndromes</official_title>
  <sponsors>
    <lead_sponsor>
      <agency>University of Wisconsin, Madison</agency>
      <agency_class>Other</agency_class>
    </lead_sponsor>
    <collaborator>
      <agency>National Cancer Institute (NCI)</agency>
      <agency_class>NIH</agency_class>
    </collaborator>
  </sponsors>
  <source>University of Wisconsin, Madison</source>
  <brief_summary>
    <textblock>
      RATIONALE: Doxercalciferol may improve low blood cell counts and decrease the need for blood&#xD;
      transfusions and may be an effective treatment for myelodysplastic syndrome or chronic&#xD;
      myelomonocytic leukemia.&#xD;
&#xD;
      PURPOSE: Phase II trial to study the effectiveness of doxercalciferol in treating patients&#xD;
      who have myelodysplastic syndrome or chronic myelomonocytic leukemia.&#xD;
    </textblock>
  </brief_summary>
  <detailed_description>
    <textblock>
      OBJECTIVES:&#xD;
&#xD;
        -  Determine the response rate of patients with myelodysplastic syndromes or chronic&#xD;
           myelomonocytic leukemia treated with doxercalciferol.&#xD;
&#xD;
        -  Determine the toxicity profile of this drug in these patients.&#xD;
&#xD;
        -  Determine the time to progression and overall survival of patients treated with this&#xD;
           drug.&#xD;
&#xD;
      OUTLINE: Patients receive oral doxercalciferol daily for 12 weeks. Treatment continues in the&#xD;
      absence of disease progression or unacceptable toxicity.&#xD;
&#xD;
      PROJECTED ACCRUAL: Approximately 41 patients will be accrued for this study.&#xD;
    </textblock>
  </detailed_description>
  <overall_status>Completed</overall_status>
  <start_date>September 2002</start_date>
  <primary_completion_date type="Actual">July 2005</primary_completion_date>
  <phase>Phase 2</phase>
  <study_type>Interventional</study_type>
  <has_expanded_access>No</has_expanded_access>
  <study_design_info>
    <primary_purpose>Treatment</primary_purpose>
    <masking>None (Open Label)</masking>
  </study_design_info>
  <condition>Leukemia</condition>
  <condition>Myelodysplastic Syndromes</condition>
  <condition>Myelodysplastic/Myeloproliferative Diseases</condition>
  <intervention>
    <intervention_type>Dietary Supplement</intervention_type>
    <intervention_name>doxercalciferol</intervention_name>
  </intervention>
  <eligibility>
    <criteria>
      <textblock>
        DISEASE CHARACTERISTICS:&#xD;
&#xD;
          -  Morphologically and cytogenetically confirmed myelodysplastic syndromes or chronic&#xD;
             myelomonocytic leukemia&#xD;
&#xD;
               -  No more than 20% blasts by bone marrow biopsy&#xD;
&#xD;
          -  Must meet at least 1 of the following criteria:&#xD;
&#xD;
               -  Anemia&#xD;
&#xD;
                    -  Hemoglobin less than 11 g/dL over a 2-month period&#xD;
&#xD;
               -  Thrombocytopenia&#xD;
&#xD;
               -  Neutropenia&#xD;
&#xD;
        PATIENT CHARACTERISTICS:&#xD;
&#xD;
        Age&#xD;
&#xD;
          -  18 and over&#xD;
&#xD;
        Performance status&#xD;
&#xD;
          -  ECOG 0-2&#xD;
&#xD;
        Life expectancy&#xD;
&#xD;
          -  Not specified&#xD;
&#xD;
        Hematopoietic&#xD;
&#xD;
          -  See Disease Characteristics&#xD;
&#xD;
        Hepatic&#xD;
&#xD;
          -  ALT and AST less than 1.5 times upper limit of normal&#xD;
&#xD;
          -  Bilirubin less than 3 mg/dL&#xD;
&#xD;
          -  Albumin greater than 3.0 g/dL&#xD;
&#xD;
        Renal&#xD;
&#xD;
          -  Creatinine clearance greater than 50 mL/min&#xD;
&#xD;
          -  No history of hypercalcemia&#xD;
&#xD;
          -  No renal stones within the past 5 years&#xD;
&#xD;
        Cardiovascular&#xD;
&#xD;
          -  No clinically significant heart failure&#xD;
&#xD;
          -  No uncontrolled hypertension&#xD;
&#xD;
        Pulmonary&#xD;
&#xD;
          -  No clinically significant pulmonary failure&#xD;
&#xD;
        Other&#xD;
&#xD;
          -  Not pregnant&#xD;
&#xD;
          -  Fertile patients must use effective contraception during and for 6 months after study&#xD;
&#xD;
        PRIOR CONCURRENT THERAPY:&#xD;
&#xD;
        Biologic therapy&#xD;
&#xD;
          -  At least 4 weeks since prior growth factor or cytokine therapy&#xD;
&#xD;
        Chemotherapy&#xD;
&#xD;
          -  At least 8 weeks since prior cytotoxic chemotherapy&#xD;
&#xD;
        Endocrine therapy&#xD;
&#xD;
          -  Not specified&#xD;
&#xD;
        Radiotherapy&#xD;
&#xD;
          -  Not specified&#xD;
&#xD;
        Surgery&#xD;
&#xD;
          -  Not specified&#xD;
&#xD;
        Other&#xD;
&#xD;
          -  Concurrent transfusion support allowed&#xD;
      </textblock>
    </criteria>
    <gender>All</gender>
    <minimum_age>18 Years</minimum_age>
    <maximum_age>120 Years</maximum_age>
    <healthy_volunteers>No</healthy_volunteers>
  </eligibility>
  <overall_official>
    <last_name>Mark B. Juckett, MD</last_name>
    <role>Study Chair</role>
    <affiliation>University of Wisconsin, Madison</affiliation>
  </overall_official>
  <location>
    <facility>
      <name>University of Wisconsin Comprehensive Cancer Center</name>
      <address>
        <city>Madison</city>
        <state>Wisconsin</state>
        <zip>53792</zip>
        <country>United States</country>
      </address>
    </facility>
  </location>
  <location_countries>
    <country>United States</country>
  </location_countries>
  <link>
    <url>https://cancer.wisc.edu</url>
    <description>University of Wisconsin Carbone Cancer Center</description>
  </link>
  <results_reference>
    <citation>Petrich A, Kahl B, Bailey H, Kim K, Turman N, Juckett M. Phase II study of doxercalciferol for the treatment of myelodysplastic syndrome. Leuk Lymphoma. 2008 Jan;49(1):57-61. doi: 10.1080/10428190701713648.</citation>
    <PMID>18203012</PMID>
  </results_reference>
  <verification_date>September 2015</verification_date>
  <study_first_submitted>January 24, 2003</study_first_submitted>
  <study_first_submitted_qc>January 26, 2003</study_first_submitted_qc>
  <study_first_posted type="Estimate">January 27, 2003</study_first_posted>
  <last_update_submitted>November 15, 2019</last_update_submitted>
  <last_update_submitted_qc>November 15, 2019</last_update_submitted_qc>
  <last_update_posted type="Actual">November 19, 2019</last_update_posted>
  <responsible_party>
    <responsible_party_type>Sponsor</responsible_party_type>
  </responsible_party>
  <keyword>chronic myelomonocytic leukemia</keyword>
  <keyword>previously treated myelodysplastic syndromes</keyword>
  <keyword>secondary myelodysplastic syndromes</keyword>
  <keyword>de novo myelodysplastic syndromes</keyword>
  <keyword>atypical chronic myeloid leukemia</keyword>
  <keyword>myelodysplastic/myeloproliferative disease, unclassifiable</keyword>
  <condition_browse>
    <!-- CAUTION:  The following MeSH terms are assigned with an imperfect algorithm            -->
    <mesh_term>Leukemia</mesh_term>
    <mesh_term>Preleukemia</mesh_term>
    <mesh_term>Leukemia, Myelomonocytic, Chronic</mesh_term>
    <mesh_term>Myelodysplastic Syndromes</mesh_term>
    <mesh_term>Myeloproliferative Disorders</mesh_term>
    <mesh_term>Myelodysplastic-Myeloproliferative Diseases</mesh_term>
    <mesh_term>Syndrome</mesh_term>
  </condition_browse>
  <intervention_browse>
    <!-- CAUTION:  The following MeSH terms are assigned with an imperfect algorithm            -->
    <mesh_term>1 alpha-hydroxyergocalciferol</mesh_term>
  </intervention_browse>
  <!-- Results have not yet been posted for this study                                          -->
</clinical_study>

