<?xml version="1.0" encoding="UTF-8"?>
<clinical_study rank="181">
  <!-- This xml conforms to an XML Schema at:
    https://clinicaltrials.gov/ct2/html/images/info/public.xsd -->
  <required_header>
    <download_date>ClinicalTrials.gov processed this data on February 06, 2024</download_date>
    <link_text>Link to the current ClinicalTrials.gov record.</link_text>
    <url>https://clinicaltrials.gov/ct2/show/NCT04167917</url>
  </required_header>
  <id_info>
    <org_study_id>UAB-NTX301</org_study_id>
    <nct_id>NCT04167917</nct_id>
  </id_info>
  <brief_title>NTX-301 in MDS/AML</brief_title>
  <official_title>A Phase 1 Study of NTX-301, an Oral DNMT1 Inhibitor, in Patients With MDS and AML</official_title>
  <sponsors>
    <lead_sponsor>
      <agency>University of Alabama at Birmingham</agency>
      <agency_class>Other</agency_class>
    </lead_sponsor>
  </sponsors>
  <source>University of Alabama at Birmingham</source>
  <oversight_info>
    <has_dmc>Yes</has_dmc>
    <is_fda_regulated_drug>Yes</is_fda_regulated_drug>
    <is_fda_regulated_device>No</is_fda_regulated_device>
  </oversight_info>
  <brief_summary>
    <textblock>
      NTX-301 is a DNMT1 inhibitor. The drug is an oral drug with preclinical data that has shown&#xD;
      preclinical anti-leukemic efficacy. This is the first clinical trial using NTX-301 in&#xD;
      patients with myeloid malignancies.&#xD;
    </textblock>
  </brief_summary>
  <overall_status>Recruiting</overall_status>
  <start_date type="Actual">January 6, 2021</start_date>
  <completion_date type="Anticipated">March 31, 2028</completion_date>
  <primary_completion_date type="Anticipated">December 31, 2027</primary_completion_date>
  <phase>Phase 1</phase>
  <study_type>Interventional</study_type>
  <has_expanded_access>No</has_expanded_access>
  <study_design_info>
    <allocation>N/A</allocation>
    <intervention_model>Single Group Assignment</intervention_model>
    <primary_purpose>Treatment</primary_purpose>
    <masking>None (Open Label)</masking>
  </study_design_info>
  <primary_outcome>
    <measure>Safety/tolerability: Incidence of treatment related adverse events (AEs) and dose-limiting toxicities (DLTs)</measure>
    <time_frame>3 years</time_frame>
  </primary_outcome>
  <secondary_outcome>
    <measure>Efficacy: Clinical Benefit Rate (CBR)</measure>
    <time_frame>3 years</time_frame>
    <description>Clinical Benefit Rate (CBR), as defined as the percentage of participants achieving a complete remission (CR), complete marrow remission (mCR), partial remission (PR), stable disease (SD) lasting at least 8 weeks, or hematologic improvement (HI), per International Working Group (IWG) criteria.</description>
  </secondary_outcome>
  <secondary_outcome>
    <measure>Efficacy: Overall response rate (ORR)</measure>
    <time_frame>3 years</time_frame>
    <description>Overall response rate (ORR), defined as the percentage of participants achieving a CR, mCR, or PR, per IWG criteria.</description>
  </secondary_outcome>
  <secondary_outcome>
    <measure>Efficacy: Progression free survival (PFS)</measure>
    <time_frame>3 years</time_frame>
    <description>Progression free survival (PFS), defined as time from first dose to disease progression, as defined by IWG criteria, or death due to any cause, whichever occurs earlier.</description>
  </secondary_outcome>
  <secondary_outcome>
    <measure>Efficacy: Overall survival (OS)</measure>
    <time_frame>3 years</time_frame>
    <description>Overall survival (OS), defined as time from first dose to death due to any cause.</description>
  </secondary_outcome>
  <secondary_outcome>
    <measure>Pharmacodynamics (PD): Global methylation (assay) in blood and/or marrow leukemia samples</measure>
    <time_frame>3 years</time_frame>
  </secondary_outcome>
  <secondary_outcome>
    <measure>Pharmacokinetics (PK): Area under the curve (AUC)</measure>
    <time_frame>3 years</time_frame>
  </secondary_outcome>
  <secondary_outcome>
    <measure>Pharmacokinetics (PK): Maximum plasma concentration (Cmax)</measure>
    <time_frame>3 years</time_frame>
  </secondary_outcome>
  <secondary_outcome>
    <measure>Pharmacokinetics (PK): Time to reach maximum concentration (Tmax)</measure>
    <time_frame>3 years</time_frame>
  </secondary_outcome>
  <secondary_outcome>
    <measure>Pharmacokinetics (PK): Half life (t1/2)</measure>
    <time_frame>3 years</time_frame>
  </secondary_outcome>
  <number_of_arms>1</number_of_arms>
  <enrollment type="Anticipated">20</enrollment>
  <condition>Acute Myeloid Leukemia</condition>
  <condition>Myelodysplastic Syndromes</condition>
  <condition>Chronic Myelomonocytic Leukemia</condition>
  <arm_group>
    <arm_group_label>NTX-301</arm_group_label>
    <arm_group_type>Experimental</arm_group_type>
  </arm_group>
  <intervention>
    <intervention_type>Drug</intervention_type>
    <intervention_name>NTX-301</intervention_name>
    <description>oral hypomethylating agent</description>
    <arm_group_label>NTX-301</arm_group_label>
  </intervention>
  <eligibility>
    <criteria>
      <textblock>
        Inclusion Criteria:&#xD;
&#xD;
          1. Able to understand and comply with the study procedures, understand the risks involved&#xD;
             in the study, and provide written informed consent before the first study-specific&#xD;
             procedure.&#xD;
&#xD;
          2. Men or women ≥18 years with one of the following conditions that is relapsed or&#xD;
             refractory to at least one line of therapy:&#xD;
&#xD;
               1. Acute myeloid leukemia as long as with myeloblast percentage in the marrow is ≤&#xD;
                  30% or the peripheral white blood cell count is less than 20,000 cells/μL in the&#xD;
                  absence of leukoreducing therapy (e.g., hydroxyurea, leukapheresis)&#xD;
&#xD;
               2. MDS classified as intermediate, high, or very high risk by International&#xD;
                  Prognostic Scoring System-Revised [IPSS-R] criteria&#xD;
&#xD;
               3. CMML classified as intermediate-2 or high risk per CMML-specific prognostic&#xD;
                  scoring system (CPSS) or clinical/molecular CPSS (CPSS-mol) criteria&#xD;
&#xD;
          3. ECOG performance status of 0, 1, or 2&#xD;
&#xD;
          4. Adequate organ function at screening defined as follows [reasonably minor changes&#xD;
             pre-first dose are acceptable if deemed so by the investigator]:&#xD;
&#xD;
             a) Hepatic:&#xD;
&#xD;
               -  Total bilirubin ≤2 × upper limit of normal (ULN); isolated bilirubin &gt; 2 is&#xD;
                  acceptable if participant has a diagnosis of Gilbert's syndrome&#xD;
&#xD;
               -  Aspartate aminotransferase/serum glutamic oxaloacetic transaminase (AST/SGOT) and&#xD;
                  alanine aminotransferase/serum glutamic pyruvic transaminase (ALT/SGPT) ≤3 × ULN.&#xD;
&#xD;
                  b) Renal:&#xD;
&#xD;
               -  estimated glomerular filtration rate (by CKD-EPI method) ≥ 40 mL/min/1.73 m2 c)&#xD;
                  Cardiac:&#xD;
&#xD;
               -  Left ventricular ejection fraction greater than 45% or the institutional lower&#xD;
                  limit of normal by either ECHO or MUGA at entry.&#xD;
&#xD;
          5. Patients must have recovered to grade 1 or less from prior toxicity or adverse events&#xD;
             (exception of myelosuppression - neutropenia, anemia, thrombocytopenia - and&#xD;
             alopecia). Note: Participants with treatment-related toxicities that are unlikely to&#xD;
             resolve per the investigator may be enrolled on a case-by-case basis after discussion&#xD;
             with the medical monitor&#xD;
&#xD;
          6. Patients must have completed any chemotherapy, radiation therapy, or biologic therapy&#xD;
             specific to their myeloid neoplasm ≥ 2 weeks or 5 half-lives (whichever is longer)&#xD;
&#xD;
          7. Able to swallow, retain, and absorb orally administered medication&#xD;
&#xD;
          8. Expected life ≥ 4 months&#xD;
&#xD;
          9. Participants with a prior history of stem cell transplant (autologous and/or&#xD;
             allogeneic) are allowed if all of the following are met:&#xD;
&#xD;
               -  90 days or more have elapsed from the time of transplant&#xD;
&#xD;
               -  subject has been off systemic immunosuppressive medications (including but not&#xD;
                  limited to: cyclosporine, tacrolimus, mycophenolate mofetil, or corticosteroids)&#xD;
                  for at least 30 days prior to the first dose of NTX-301. Topical steroids are&#xD;
                  permitted&#xD;
&#xD;
               -  no signs or symptoms of acute graft versus host disease, other than Grade 1 skin&#xD;
                  involvement.&#xD;
&#xD;
               -  there are no signs or symptoms of chronic graft versus host disease requiring&#xD;
                  systemic therapy&#xD;
&#xD;
         10. Women of child-bearing potential (according to recommendations of the Clinical Trial&#xD;
             Facilitation Group [CTFG], CTFG 2014) must not be pregnant or breastfeeding and must&#xD;
             have a negative pregnancy test at screening. A woman is considered of childbearing&#xD;
             potential (ie, fertile) following menarche and until becoming postmenopausal, unless&#xD;
             permanently sterile. Permanent sterilization methods include hysterectomy, bilateral&#xD;
             salpingectomy, and bilateral oophorectomy. A man is considered fertile after puberty&#xD;
             unless permanently sterile by bilateral orchidectomy.&#xD;
&#xD;
         11. Subjects and their partners with reproductive potential must agree to use 2 highly&#xD;
             effective contraceptive measures during the study and must agree not to become&#xD;
             pregnant or father a child for 3 months after the last dose of study treatment.&#xD;
             Contraceptive measures that may be considered highly effective comprise combined&#xD;
             hormonal contraception (oral, vaginal, or transdermal) or progestogen-only hormonal&#xD;
             contraception (oral, injectable, implantable) associated with inhibition of ovulation,&#xD;
             intrauterine device, intrauterine hormone-releasing system, bilateral tubal occlusion,&#xD;
             sexual abstinence, and surgically successful vasectomy. Abstinence is acceptable only&#xD;
             if it is consistent with the preferred and usual lifestyle of the subject. Periodic&#xD;
             abstinence (eg, calendar, ovulation, symptothermal, or post-ovulation methods) and&#xD;
             withdrawal are not acceptable methods of birth control.&#xD;
&#xD;
        Exclusion Criteria:&#xD;
&#xD;
          1. Diagnosis or presence of any of the following:&#xD;
&#xD;
               -  acute promyelocytic leukemia&#xD;
&#xD;
               -  core-binding factor AML in first relapse&#xD;
&#xD;
               -  extramedullary leukemia&#xD;
&#xD;
               -  symptomatic or untreated Central Nervous System (CNS) disease [note that lumbar&#xD;
                  puncture (LP) is not required for study enrollment unless there is clinical&#xD;
                  suspicion for CNS disease; patients with history of CNS disease are permitted to&#xD;
                  enroll if they have previously received appropriate therapy and CNS remission has&#xD;
                  been; participants on maintenance intrathecal chemotherapy may be enrolled and&#xD;
                  continue to receive therapy]&#xD;
&#xD;
          2. Patients who are receiving any other investigational agents.&#xD;
&#xD;
          3. Pregnant women and women who are breastfeeding are excluded from this study.&#xD;
&#xD;
          4. Patients with clinically significant illnesses which would compromise participation in&#xD;
             the study, including, but not limited to:&#xD;
&#xD;
               -  severe or uncontrolled infection&#xD;
&#xD;
               -  known HIV infection requiring protease inhibitor therapy&#xD;
&#xD;
               -  known Hepatitis B; defined as presence of hepatitis B surface antigen (HBsAg)&#xD;
&#xD;
               -  known Hepatitis C; if Hepatitis C antibody is positive, then this is defined as&#xD;
                  positive Hepatitis C RNA polymerase chain reaction (PCR) (or comparable test)&#xD;
&#xD;
               -  uncontrolled diabetes and/or hypertension, symptomatic congestive heart failure,&#xD;
                  unstable angina pectoris, myocardial infarction within the past 6 months,&#xD;
                  uncontrolled cardiac arrhythmia, or psychiatric illness/social situations that&#xD;
                  would limit compliance with study requirements in the opinion of the investigator&#xD;
&#xD;
               -  Malabsorption syndrome or other conditions that would interfere with intestinal&#xD;
                  absorption.&#xD;
&#xD;
          5. History of a second malignancy, excluding non-melanoma skin cell cancer, within the&#xD;
             last three years. Participants with second malignancies that were indolent, in situ or&#xD;
             definitively treated may be enrolled even if less than three years have elapsed since&#xD;
             treatment. Consult the monitor if there are any queries.&#xD;
&#xD;
          6. History of prior solid organ transplant&#xD;
&#xD;
          7. History of prior sensitivity reaction to any cytidine derivates&#xD;
      </textblock>
    </criteria>
    <gender>Male</gender>
    <minimum_age>18 Years</minimum_age>
    <maximum_age>N/A</maximum_age>
    <healthy_volunteers>No</healthy_volunteers>
  </eligibility>
  <overall_contact>
    <last_name>Pankit Vachhani, MD</last_name>
    <phone>205-975-7850</phone>
    <email>pvachhani@uabmc.edu</email>
  </overall_contact>
  <overall_contact_backup>
    <last_name>Pam Hardwick, RN, OCN, CCRP</last_name>
    <phone>205-975-5387</phone>
    <email>pamdixon@uab.edu</email>
  </overall_contact_backup>
  <location>
    <facility>
      <name>University of Alabama at Birmingham</name>
      <address>
        <city>Birmingham</city>
        <state>Alabama</state>
        <zip>35294</zip>
        <country>United States</country>
      </address>
    </facility>
    <status>Recruiting</status>
    <contact>
      <last_name>Pankit Vachhani, MD</last_name>
      <phone>205-975-7850</phone>
      <email>pvachhani@uabmc.edu</email>
    </contact>
    <contact_backup>
      <last_name>Pam Hardwick, RN, OCN</last_name>
      <phone>205-975-5387</phone>
      <email>pamdixon@uab.edu</email>
    </contact_backup>
  </location>
  <location>
    <facility>
      <name>Medical College of Wisconsin</name>
      <address>
        <city>Milwaukee</city>
        <state>Wisconsin</state>
        <zip>53226</zip>
        <country>United States</country>
      </address>
    </facility>
    <status>Recruiting</status>
    <contact>
      <last_name>Guru Murthy, M.D.</last_name>
      <phone>414-805-2662</phone>
      <email>gmurthy@mcw.edu</email>
    </contact>
    <contact_backup>
      <last_name>Hasan Abbas</last_name>
      <phone>414-805-2662</phone>
      <email>habbas@mcw.edu</email>
    </contact_backup>
  </location>
  <location_countries>
    <country>United States</country>
  </location_countries>
  <verification_date>August 2023</verification_date>
  <study_first_submitted>November 12, 2019</study_first_submitted>
  <study_first_submitted_qc>November 15, 2019</study_first_submitted_qc>
  <study_first_posted type="Actual">November 19, 2019</study_first_posted>
  <last_update_submitted>August 7, 2023</last_update_submitted>
  <last_update_submitted_qc>August 7, 2023</last_update_submitted_qc>
  <last_update_posted type="Actual">August 8, 2023</last_update_posted>
  <responsible_party>
    <responsible_party_type>Principal Investigator</responsible_party_type>
    <investigator_affiliation>University of Alabama at Birmingham</investigator_affiliation>
    <investigator_full_name>Pankit Vachhani</investigator_full_name>
    <investigator_title>Asst Prof of Medicine</investigator_title>
  </responsible_party>
  <condition_browse>
    <!-- CAUTION:  The following MeSH terms are assigned with an imperfect algorithm            -->
    <mesh_term>Leukemia</mesh_term>
    <mesh_term>Leukemia, Myelomonocytic, Chronic</mesh_term>
    <mesh_term>Leukemia, Myelomonocytic, Juvenile</mesh_term>
    <mesh_term>Myelodysplastic Syndromes</mesh_term>
  </condition_browse>
  <!-- Results have not yet been posted for this study                                          -->
</clinical_study>

