<?xml version="1.0" encoding="UTF-8"?>
<clinical_study rank="35">
  <!-- This xml conforms to an XML Schema at:
    https://clinicaltrials.gov/ct2/html/images/info/public.xsd -->
  <required_header>
    <download_date>ClinicalTrials.gov processed this data on February 06, 2024</download_date>
    <link_text>Link to the current ClinicalTrials.gov record.</link_text>
    <url>https://clinicaltrials.gov/ct2/show/NCT00074750</url>
  </required_header>
  <id_info>
    <org_study_id>DM03-0130</org_study_id>
    <nct_id>NCT00074750</nct_id>
  </id_info>
  <brief_title>Study of DT388GMCSF Fusion Protein in Acute Myelogenous Leukemia (AML) and Chronic Myelomonocytic Leukemia (CMML)</brief_title>
  <official_title>A Phase I Study of DT388GMCSF Fusion Protein in Acute Myelogenous Leukemia (AML) and Chronic Myelomonocytic Leukemia (CMML)</official_title>
  <sponsors>
    <lead_sponsor>
      <agency>M.D. Anderson Cancer Center</agency>
      <agency_class>Other</agency_class>
    </lead_sponsor>
    <collaborator>
      <agency>Wake Forest University</agency>
      <agency_class>Other</agency_class>
    </collaborator>
  </sponsors>
  <source>M.D. Anderson Cancer Center</source>
  <oversight_info>
    <has_dmc>Yes</has_dmc>
  </oversight_info>
  <brief_summary>
    <textblock>
      DTGM belongs to a new generation of drugs designed to target leukemic cells. To achieve this,&#xD;
      DTGM takes advantage of the ability of naturally-produced growth factor (GM,&#xD;
      granulocyte-macrophage stimulating factor) to deliver a drug (diphtheria toxin) to cells;&#xD;
      preferably leukemic cells. It then attaches to the cells and allows the toxin to enter the&#xD;
      leukemic cells and destroy them.&#xD;
    </textblock>
  </brief_summary>
  <detailed_description>
    <textblock>
      The majority of malignant myeloid progenitor cells express receptors for GM-CSF. The fusion&#xD;
      of GM-CSF with diphtheria toxin allows a targeting of cells with GM-CSF receptors for effects&#xD;
      of the toxin while sparing GM-CSF receptor-lacking multipotent stem cells. The great majority&#xD;
      of AML cells express GM-CSF receptors and DT388GMCSF has shown selective killing of AML and&#xD;
      CMML progenitors in vitro while sparing normal progenitor cells. When administered as a&#xD;
      single bolus to rodents, adequate blood DT388GMCSF biological activity was found to kill&#xD;
      several logs of leukemic cells. A phase I clinical trial of DT388GMCSF given as a daily bolus&#xD;
      i.v. infusion for up to 5 consecutive days was completed in 38 patients. The study defined&#xD;
      liver toxicity as the DLT. The liver toxicity was observed only in patients &gt; 50 years and&#xD;
      receiving steroids. Responses were seen in four patients consisting of one complete remission&#xD;
      and 3 partial remission of short duration. Peak drug levels were inversely proportional to&#xD;
      pre-treatment DT388GMCSF antibody levels.&#xD;
&#xD;
      Because of the observed significant preclinical activity in AML and CMML, clinical activity&#xD;
      in chemorefractory patients with AML, the association of toxicities with steroid exposure,&#xD;
      and association of the drug level with antibody titer that could be decreased with DT388GMCSF&#xD;
      exposure, the current follow up phase I trial is designed based on a new administration and&#xD;
      is a dose - finding trial also aimed to better determine and control side effects, improve&#xD;
      drug pharmacokinetics and provide initial insight into antileukemic activity of this novel&#xD;
      agent, delivered at a prolonged intermittent schedule.&#xD;
    </textblock>
  </detailed_description>
  <overall_status>Terminated</overall_status>
  <why_stopped>
    Slow accrual.&#xD;
  </why_stopped>
  <start_date>December 2003</start_date>
  <completion_date type="Actual">December 2004</completion_date>
  <primary_completion_date type="Actual">December 2004</primary_completion_date>
  <phase>Phase 1</phase>
  <study_type>Interventional</study_type>
  <has_expanded_access>No</has_expanded_access>
  <study_design_info>
    <allocation>N/A</allocation>
    <intervention_model>Single Group Assignment</intervention_model>
    <primary_purpose>Treatment</primary_purpose>
    <masking>None (Open Label)</masking>
  </study_design_info>
  <number_of_arms>1</number_of_arms>
  <enrollment type="Actual">7</enrollment>
  <condition>Acute Myelogenous Leukemia</condition>
  <condition>Chronic Myelomonocytic Leukemia</condition>
  <arm_group>
    <arm_group_label>DTGM</arm_group_label>
    <arm_group_type>Experimental</arm_group_type>
    <description>Starting dose of DTGM fusion protein 2 mcg/kg/day as a short (30 min) intravenous infusion, three times /week (M,W,F) for two consecutive weeks. In absence of defined grade 3/4 nonhematological toxicities in the first 0/3 or 1/6 patients, the dose will be escalated by 1 mcg/kg/day for the next patient cohort.</description>
  </arm_group>
  <intervention>
    <intervention_type>Drug</intervention_type>
    <intervention_name>DTGM</intervention_name>
    <description>Starting dose: 2 mcg/kg by vein three times a week (M,W,F) for two consecutive weeks.</description>
    <arm_group_label>DTGM</arm_group_label>
    <other_name>Diphtheria toxin fused with granulocyte macrophage colony stimulating factor</other_name>
  </intervention>
  <eligibility>
    <criteria>
      <textblock>
        Inclusion Criteria:&#xD;
&#xD;
          -  Patients with refractory or relapsed AML ( marrow blasts &gt; 20% ), must have failed&#xD;
             induction therapy or have relapsed after CR duration &lt; 6 months following induction&#xD;
             therapy, untreated or refractory to salvage chemotherapy. Relapsed AML patients with&#xD;
             CR duration &gt; 6 months or previously untreated patients refusing chemotherapy and not&#xD;
             considered for treatments of higher priority are also eligible.&#xD;
&#xD;
          -  Patients with chronic myelomonocytic leukemia (CMML) who failed at least one course of&#xD;
             chemo- or biological therapy( including trial of erythropoietin), or patients with&#xD;
             relapsed CMML. Previously untreated CMML patients with HB &lt; or = 12 g / dL, not&#xD;
             eligible for protocols of higher priority or not wishing to receive chemotherapy.&#xD;
&#xD;
          -  Patients must have an ECOG performance status of &lt; 2.&#xD;
&#xD;
          -  Patients must have WBC count &lt; 10,000/mL prior to initiating the treatment. The WBC&#xD;
             count must be stabilized below this level for at least three days by leukopheresis or&#xD;
             hydroxyurea. Hydroxyurea must be discontinued one day prior to initiation of&#xD;
             DT388GMCSF treatment.&#xD;
&#xD;
          -  Patients must have creatinine &lt; 1.6 times ULN: bilirubin &lt;1.6 times ULN; SGPT &lt; 2.6 x&#xD;
             ULN; albumin &gt; 3 gm/dl; adequate cardiac function (EF &gt;44%), oxygen saturation &gt; 92%&#xD;
             without exogenous oxygen administered.&#xD;
&#xD;
          -  Patients must be willing to be treated at M D Anderson Cancer Center.&#xD;
&#xD;
          -  Women of childbearing potential and men must agree to practice contraception using&#xD;
             approved methods.&#xD;
&#xD;
          -  No chemotherapy except Hydroxyurea 2 weeks prior to entering the study and recovered&#xD;
             from previous toxicity.&#xD;
&#xD;
          -  Patients must be &gt; 17 years old.&#xD;
&#xD;
        Exclusion Criteria:&#xD;
&#xD;
          -  Patients with serious concurrent medical problems. Patients with proven bacterial&#xD;
             infections are not eligible until the resolution of the infection (patient afebrile&#xD;
             who completed antibacterial therapy, not on steroids). Patients with active fungal&#xD;
             infections are eligible only if evidence of response to antifungal medications is&#xD;
             documented and fever does not exceed 38C for at least 2 days.&#xD;
&#xD;
          -  Inability to give informed consent because of psychiatric problems or other serious&#xD;
             medical problems.&#xD;
&#xD;
          -  Pregnant or nursing women.&#xD;
&#xD;
          -  Patients with documented CNS leukemia or leukemia with CNS symptoms.&#xD;
&#xD;
          -  Patients who have had a myocardial infarction within the past six months.&#xD;
&#xD;
          -  Patients with severe penicillin allergy (anaphylaxis).&#xD;
&#xD;
          -  Not fully recovered from toxic effects of prior chemotherapy or radiation therapy.&#xD;
&#xD;
          -  Patients who are on corticosteroid treatment for any medical condition.&#xD;
      </textblock>
    </criteria>
    <gender>All</gender>
    <minimum_age>18 Years</minimum_age>
    <maximum_age>N/A</maximum_age>
    <healthy_volunteers>No</healthy_volunteers>
  </eligibility>
  <overall_official>
    <last_name>Miloslav Beran, MD, PhD, DVM</last_name>
    <role>Principal Investigator</role>
    <affiliation>M.D. Anderson Cancer Center</affiliation>
  </overall_official>
  <location>
    <facility>
      <name>The University of Texas M.D. Anderson Cancer Center</name>
      <address>
        <city>Houston</city>
        <state>Texas</state>
        <zip>77030</zip>
        <country>United States</country>
      </address>
    </facility>
  </location>
  <location_countries>
    <country>United States</country>
  </location_countries>
  <link>
    <url>http://www.mdanderson.org</url>
    <description>M.D. Anderson Cancer Center's website</description>
  </link>
  <verification_date>February 2012</verification_date>
  <study_first_submitted>December 19, 2003</study_first_submitted>
  <study_first_submitted_qc>December 22, 2003</study_first_submitted_qc>
  <study_first_posted type="Estimate">December 23, 2003</study_first_posted>
  <last_update_submitted>February 20, 2012</last_update_submitted>
  <last_update_submitted_qc>February 20, 2012</last_update_submitted_qc>
  <last_update_posted type="Estimate">February 22, 2012</last_update_posted>
  <responsible_party>
    <responsible_party_type>Sponsor</responsible_party_type>
  </responsible_party>
  <keyword>AML</keyword>
  <keyword>CMML</keyword>
  <condition_browse>
    <!-- CAUTION:  The following MeSH terms are assigned with an imperfect algorithm            -->
    <mesh_term>Leukemia</mesh_term>
    <mesh_term>Leukemia, Myeloid</mesh_term>
    <mesh_term>Leukemia, Myelomonocytic, Acute</mesh_term>
    <mesh_term>Leukemia, Myelomonocytic, Chronic</mesh_term>
    <mesh_term>Leukemia, Myeloid, Acute</mesh_term>
    <mesh_term>Leukemia, Myelomonocytic, Juvenile</mesh_term>
  </condition_browse>
  <intervention_browse>
    <!-- CAUTION:  The following MeSH terms are assigned with an imperfect algorithm            -->
    <mesh_term>Molgramostim</mesh_term>
    <mesh_term>Sargramostim</mesh_term>
  </intervention_browse>
  <!-- Results have not yet been posted for this study                                          -->
</clinical_study>

