<?xml version="1.0" encoding="UTF-8"?>
<clinical_study rank="419">
  <!-- This xml conforms to an XML Schema at:
    https://clinicaltrials.gov/ct2/html/images/info/public.xsd -->
  <required_header>
    <download_date>ClinicalTrials.gov processed this data on February 06, 2024</download_date>
    <link_text>Link to the current ClinicalTrials.gov record.</link_text>
    <url>https://clinicaltrials.gov/ct2/show/NCT00248547</url>
  </required_header>
  <id_info>
    <org_study_id>CDR0000445452</org_study_id>
    <secondary_id>OHSU-HEM-03074-L</secondary_id>
    <secondary_id>OHSU-1057</secondary_id>
    <secondary_id>MERCK-OHSU-HEM-03074-L</secondary_id>
    <nct_id>NCT00248547</nct_id>
  </id_info>
  <brief_title>Aprepitant in Preventing Nausea and Vomiting in Patients Who Are Undergoing a Stem Cell Transplant</brief_title>
  <official_title>A Pilot Study of Aprepitant vs. Placebo Combined With Standard Antiemetics for the Control of Nausea and Vomiting During Hematopoietic Cell Transplatation(HCT)</official_title>
  <sponsors>
    <lead_sponsor>
      <agency>OHSU Knight Cancer Institute</agency>
      <agency_class>Other</agency_class>
    </lead_sponsor>
  </sponsors>
  <source>OHSU Knight Cancer Institute</source>
  <oversight_info>
    <has_dmc>Yes</has_dmc>
  </oversight_info>
  <brief_summary>
    <textblock>
      RATIONALE: Antiemetic drugs, such as aprepitant, ondansetron, and dexamethasone, may help&#xD;
      lessen or prevent nausea and vomiting in patients undergoing a stem cell transplant.&#xD;
&#xD;
      PURPOSE: This randomized clinical trial is studying aprepitant, ondansetron, and&#xD;
      dexamethasone to see how well they work compared to placebo, ondansetron, and dexamethasone&#xD;
      in preventing nausea and vomiting in patients who are undergoing a stem cell transplant.&#xD;
    </textblock>
  </brief_summary>
  <detailed_description>
    <textblock>
      OBJECTIVES:&#xD;
&#xD;
      Primary&#xD;
&#xD;
        -  Compare the efficacy of standard antiemetic therapy comprising ondansetron and&#xD;
           dexamethasone combined with either aprepitant or placebo in controlling nausea and&#xD;
           vomiting, as determined by the number of retch/emesis-free days, in patients undergoing&#xD;
           hematopoietic stem cell transplantation.&#xD;
&#xD;
      Secondary&#xD;
&#xD;
        -  Determine the safety of aprepitant in these patients.&#xD;
&#xD;
        -  Compare nausea, appetite, taste changes, nutritional intake, and mucositis in patients&#xD;
           treated with these regimens.&#xD;
&#xD;
        -  Determine the pharmacokinetics of cyclophosphamide, carboxyethylphosphoramide mustard,&#xD;
           hydroxycyclophylamide, and aprepitant in these patients.&#xD;
&#xD;
      OUTLINE: This is a randomized, placebo-controlled, single-blind, pilot study. Patients are&#xD;
      randomized to 1 of 2 treatment arms.&#xD;
&#xD;
        -  Arm I: Beginning on the first day of conditioning chemotherapy, patients receive oral&#xD;
           aprepitant once daily and standard antiemetic therapy comprising oral or IV ondansetron&#xD;
           and oral dexamethasone.&#xD;
&#xD;
        -  Arm II: Patients receive oral placebo once daily and standard antiemetic therapy as in&#xD;
           arm I.&#xD;
&#xD;
      In both arms, treatment continues until day 4 after stem cell transplant in the absence of&#xD;
      unacceptable toxicity.&#xD;
&#xD;
      After completion of study therapy, patients are followed until day 18.&#xD;
&#xD;
      PROJECTED ACCRUAL: A total of 40 patients (20 per treatment arm) will be accrued for this&#xD;
      study.&#xD;
    </textblock>
  </detailed_description>
  <overall_status>Completed</overall_status>
  <start_date>May 2004</start_date>
  <completion_date type="Actual">January 2009</completion_date>
  <primary_completion_date type="Actual">January 2009</primary_completion_date>
  <phase>N/A</phase>
  <study_type>Interventional</study_type>
  <has_expanded_access>No</has_expanded_access>
  <study_design_info>
    <allocation>Randomized</allocation>
    <intervention_model>Parallel Assignment</intervention_model>
    <primary_purpose>Supportive Care</primary_purpose>
    <masking>Quadruple (Participant, Care Provider, Investigator, Outcomes Assessor)</masking>
  </study_design_info>
  <primary_outcome>
    <measure>Number of Emesis Free Participants During the Study Period.</measure>
    <time_frame>Up to three weeks</time_frame>
    <description>To compare the efficacy of aprepitant plus standard therapy to placebo plus standard therapy in control of nausea and vomiting during conditioning therapy for autologous or allogeneic hematopoietic stem cell transplantation (HSCT) as defined by the number of retch/emesis free days during the study period</description>
  </primary_outcome>
  <secondary_outcome>
    <measure>Safety in Transplant Population</measure>
    <time_frame>Up to three weeks</time_frame>
    <description>To assess the safety of aprepitant in the bone marrow transplant population</description>
  </secondary_outcome>
  <secondary_outcome>
    <measure>Effects on Nausea, Appetite and Taste Changes</measure>
    <time_frame>Up to three weeks</time_frame>
    <description>To assess the effects of aprepitant on nausea, appetite, and taste changes, (via visual analogue scale [VAS]), nutritional intake, and mucositis in the bone marrow transplant population.</description>
  </secondary_outcome>
  <secondary_outcome>
    <measure>Pharmacokinetic Interaction</measure>
    <time_frame>Up to three weeks</time_frame>
    <description>To assess the potential for aprepitant and cyclophosphamide to interact pharmacokinetically in a significant manner to change blood levels of aprepitant, cyclophosphamide, hydroxycyclophosphamide or CEPM.</description>
  </secondary_outcome>
  <number_of_arms>2</number_of_arms>
  <enrollment type="Actual">40</enrollment>
  <condition>Cancer</condition>
  <arm_group>
    <arm_group_label>Aprepitant</arm_group_label>
    <arm_group_type>Active Comparator</arm_group_type>
  </arm_group>
  <arm_group>
    <arm_group_label>sugar pill</arm_group_label>
    <arm_group_type>Placebo Comparator</arm_group_type>
    <description>Loading dose of 125 mg capsule once a day for one day, then maintenance dose of 80 mg capsule daily through Day +4 of Bone Marrow Transplant</description>
  </arm_group>
  <intervention>
    <intervention_type>Drug</intervention_type>
    <intervention_name>aprepitant</intervention_name>
    <description>Loading dose of 125 mg capsule once a day for one day, then maintenance dose of 80 mg capsule daily through Day +4 of Bone Marrow Transplant</description>
    <arm_group_label>Aprepitant</arm_group_label>
    <other_name>Emend</other_name>
  </intervention>
  <intervention>
    <intervention_type>Drug</intervention_type>
    <intervention_name>dexamethasone</intervention_name>
    <description>For Cyclophosphamide Total Body Irradiation(CyTBI) patients: Dexamethasone study drug 1 capsule PO daily, 1 hour prior to chemotherapy with aprepitant on total body irradiation(TBI) and cyclophosphamide chemotherapy days; For Busulfan Cyclophosphamide(BuCy) patients: Dexamethasone 1 capsule orally once daily, discontinue after last dose of chemotherapy.</description>
    <arm_group_label>Aprepitant</arm_group_label>
    <arm_group_label>sugar pill</arm_group_label>
    <other_name>Decadron</other_name>
  </intervention>
  <intervention>
    <intervention_type>Drug</intervention_type>
    <intervention_name>ondansetron</intervention_name>
    <description>For CyTBI patients: Ondansetron 8 mg orally evert 12 hours, begin 1 hour prior to first TBI dose and discontinue after last dose; then Ondansetron 8 mg IV every 12 hours X 4 doses, begin 30 minutes prior to first cyclophosphamide chemotherapy; For BuCy patients: Ondansetron 8 mg orally every 6 hours, begin 1 hour prior to first busulfan dose and discontinue after last busulfan dose is given. then: Ondansetron 8 mg IV Q 12 hours X 4 doses, begin 30 minutes prior to first cyclophosphamide chemotherapy</description>
    <arm_group_label>Aprepitant</arm_group_label>
    <arm_group_label>sugar pill</arm_group_label>
    <other_name>Zofran</other_name>
  </intervention>
  <intervention>
    <intervention_type>Drug</intervention_type>
    <intervention_name>placebo</intervention_name>
    <description>Loading dose of 125 mg capsule once a day for one day, then maintenance dose of 80 mg capsule daily through Day +4 of Bone Marrow Transplant</description>
    <arm_group_label>sugar pill</arm_group_label>
    <other_name>placebo, sugar pill</other_name>
  </intervention>
  <eligibility>
    <criteria>
      <textblock>
        Inclusion:&#xD;
&#xD;
          -  18 years of age or greater&#xD;
&#xD;
          -  must be scheduled for an autologous or allogeneic bone marrow or peripheral stem cell&#xD;
             transplant&#xD;
&#xD;
          -  Eastern Cooperative Oncology Group(ECOG) performance status &lt; or = 2&#xD;
&#xD;
          -  patients must have signed informed consent&#xD;
&#xD;
          -  must be able to swallow tablets and capsules&#xD;
&#xD;
          -  must be receiving a cyclophosphamide containing regimen.&#xD;
&#xD;
        Exclusion:&#xD;
&#xD;
          -  patient has known sensitivity to aprepitant, ondansetron, or dexamethasone&#xD;
&#xD;
          -  patient has received another investigational drug in the past 30 days&#xD;
&#xD;
          -  patient has had emesis or requires antiemetic agents in the 48 hours prior to&#xD;
             beginning conditioning therapy&#xD;
&#xD;
          -  patient has taken neurokinin-1 antagonists for 14 days prior to enrollment&#xD;
&#xD;
          -  patient is pregnant, has a positive serum human chorionic gonadotropin(hCg) or is&#xD;
             lactating&#xD;
&#xD;
          -  patient has serum creatinine level &gt; or = 2*ULN&#xD;
&#xD;
          -  patient has severe hepatic insufficiency (Child-Pugh score &gt;9)&#xD;
&#xD;
          -  patient drinks &gt; 5 drinks/day for the last year&#xD;
&#xD;
          -  patient with concurrent illness requiring systemic corticosteroid use other than&#xD;
             planned dexamethasone during conditioning therapy&#xD;
      </textblock>
    </criteria>
    <gender>All</gender>
    <minimum_age>18 Years</minimum_age>
    <maximum_age>N/A</maximum_age>
    <healthy_volunteers>No</healthy_volunteers>
  </eligibility>
  <overall_official>
    <last_name>Joseph Bubalo, PharmD</last_name>
    <role>Principal Investigator</role>
    <affiliation>OHSU Knight Cancer Institute</affiliation>
  </overall_official>
  <location>
    <facility>
      <name>OHSU Knight Cancer Institute</name>
      <address>
        <city>Portland</city>
        <state>Oregon</state>
        <zip>97239-3098</zip>
        <country>United States</country>
      </address>
    </facility>
  </location>
  <location_countries>
    <country>United States</country>
  </location_countries>
  <verification_date>May 2017</verification_date>
  <study_first_submitted>November 3, 2005</study_first_submitted>
  <study_first_submitted_qc>November 3, 2005</study_first_submitted_qc>
  <study_first_posted type="Estimate">November 4, 2005</study_first_posted>
  <results_first_submitted>November 21, 2011</results_first_submitted>
  <results_first_submitted_qc>November 21, 2011</results_first_submitted_qc>
  <results_first_posted type="Estimate">December 21, 2011</results_first_posted>
  <last_update_submitted>May 7, 2017</last_update_submitted>
  <last_update_submitted_qc>May 7, 2017</last_update_submitted_qc>
  <last_update_posted type="Actual">May 9, 2017</last_update_posted>
  <responsible_party>
    <responsible_party_type>Principal Investigator</responsible_party_type>
    <investigator_affiliation>OHSU Knight Cancer Institute</investigator_affiliation>
    <investigator_full_name>Joseph Bubalo</investigator_full_name>
    <investigator_title>PharmD</investigator_title>
  </responsible_party>
  <keyword>nausea and vomiting</keyword>
  <keyword>adult acute myeloid leukemia with 11q23 (MLL) abnormalities</keyword>
  <keyword>adult acute myeloid leukemia with inv(16)(p13;q22)</keyword>
  <keyword>adult acute myeloid leukemia with t(15;17)(q22;q12)</keyword>
  <keyword>adult acute myeloid leukemia with t(16;16)(p13;q22)</keyword>
  <keyword>adult acute myeloid leukemia with t(8;21)(q22;q22)</keyword>
  <keyword>accelerated phase chronic myelogenous leukemia</keyword>
  <keyword>adult acute lymphoblastic leukemia in remission</keyword>
  <keyword>adult acute myeloid leukemia in remission</keyword>
  <keyword>atypical chronic myeloid leukemia</keyword>
  <keyword>blastic phase chronic myelogenous leukemia</keyword>
  <keyword>chronic eosinophilic leukemia</keyword>
  <keyword>chronic idiopathic myelofibrosis</keyword>
  <keyword>chronic myelomonocytic leukemia</keyword>
  <keyword>chronic neutrophilic leukemia</keyword>
  <keyword>chronic phase chronic myelogenous leukemia</keyword>
  <keyword>de novo myelodysplastic syndromes</keyword>
  <keyword>disseminated neuroblastoma</keyword>
  <keyword>extranodal marginal zone B-cell lymphoma of mucosa-associated lymphoid tissue</keyword>
  <keyword>myelodysplastic/myeloproliferative disease, unclassifiable</keyword>
  <keyword>nodal marginal zone B-cell lymphoma</keyword>
  <keyword>noncontiguous stage II adult Burkitt lymphoma</keyword>
  <keyword>noncontiguous stage II adult diffuse large cell lymphoma</keyword>
  <keyword>noncontiguous stage II adult diffuse mixed cell lymphoma</keyword>
  <keyword>noncontiguous stage II adult diffuse small cleaved cell lymphoma</keyword>
  <keyword>noncontiguous stage II adult immunoblastic large cell lymphoma</keyword>
  <keyword>noncontiguous stage II adult lymphoblastic lymphoma</keyword>
  <keyword>noncontiguous stage II grade 1 follicular lymphoma</keyword>
  <keyword>noncontiguous stage II grade 2 follicular lymphoma</keyword>
  <keyword>noncontiguous stage II grade 3 follicular lymphoma</keyword>
  <keyword>noncontiguous stage II mantle cell lymphoma</keyword>
  <keyword>noncontiguous stage II marginal zone lymphoma</keyword>
  <keyword>noncontiguous stage II small lymphocytic lymphoma</keyword>
  <keyword>poor prognosis metastatic gestational trophoblastic tumor</keyword>
  <keyword>previously treated myelodysplastic syndromes</keyword>
  <keyword>recurrent adult acute lymphoblastic leukemia</keyword>
  <keyword>recurrent adult acute myeloid leukemia</keyword>
  <keyword>recurrent adult Burkitt lymphoma</keyword>
  <keyword>recurrent adult Hodgkin lymphoma</keyword>
  <keyword>recurrent adult diffuse large cell lymphoma</keyword>
  <keyword>recurrent adult diffuse mixed cell lymphoma</keyword>
  <keyword>recurrent adult diffuse small cleaved cell lymphoma</keyword>
  <keyword>recurrent adult immunoblastic large cell lymphoma</keyword>
  <keyword>recurrent adult lymphoblastic lymphoma</keyword>
  <keyword>recurrent cutaneous T-cell non-Hodgkin lymphoma</keyword>
  <keyword>recurrent grade 1 follicular lymphoma</keyword>
  <keyword>recurrent grade 2 follicular lymphoma</keyword>
  <keyword>recurrent grade 3 follicular lymphoma</keyword>
  <keyword>recurrent mantle cell lymphoma</keyword>
  <keyword>recurrent marginal zone lymphoma</keyword>
  <keyword>recurrent mycosis fungoides/Sezary syndrome</keyword>
  <keyword>recurrent neuroblastoma</keyword>
  <keyword>recurrent ovarian epithelial cancer</keyword>
  <keyword>recurrent ovarian germ cell tumor</keyword>
  <keyword>recurrent small lymphocytic lymphoma</keyword>
  <keyword>recurrent malignant testicular germ cell tumor</keyword>
  <keyword>refractory chronic lymphocytic leukemia</keyword>
  <keyword>refractory hairy cell leukemia</keyword>
  <keyword>refractory multiple myeloma</keyword>
  <keyword>relapsing chronic myelogenous leukemia</keyword>
  <keyword>secondary acute myeloid leukemia</keyword>
  <keyword>secondary myelodysplastic syndromes</keyword>
  <keyword>splenic marginal zone lymphoma</keyword>
  <keyword>stage I multiple myeloma</keyword>
  <keyword>stage II multiple myeloma</keyword>
  <keyword>stage II ovarian epithelial cancer</keyword>
  <keyword>stage III adult Burkitt lymphoma</keyword>
  <keyword>stage III adult Hodgkin lymphoma</keyword>
  <keyword>stage III adult diffuse large cell lymphoma</keyword>
  <keyword>stage III adult diffuse mixed cell lymphoma</keyword>
  <keyword>stage III adult diffuse small cleaved cell lymphoma</keyword>
  <keyword>stage III adult immunoblastic large cell lymphoma</keyword>
  <keyword>stage III adult lymphoblastic lymphoma</keyword>
  <keyword>stage III chronic lymphocytic leukemia</keyword>
  <keyword>stage III grade 1 follicular lymphoma</keyword>
  <keyword>stage III grade 2 follicular lymphoma</keyword>
  <keyword>stage III grade 3 follicular lymphoma</keyword>
  <keyword>stage III mantle cell lymphoma</keyword>
  <keyword>stage III marginal zone lymphoma</keyword>
  <keyword>stage III multiple myeloma</keyword>
  <keyword>stage III ovarian epithelial cancer</keyword>
  <keyword>stage III small lymphocytic lymphoma</keyword>
  <keyword>stage III malignant testicular germ cell tumor</keyword>
  <keyword>stage IIIA breast cancer</keyword>
  <keyword>stage IIIB breast cancer</keyword>
  <keyword>stage IIIC breast cancer</keyword>
  <keyword>stage IV adult Burkitt lymphoma</keyword>
  <keyword>stage IV adult Hodgkin lymphoma</keyword>
  <keyword>stage IV adult diffuse large cell lymphoma</keyword>
  <keyword>stage IV adult diffuse mixed cell lymphoma</keyword>
  <keyword>stage IV adult diffuse small cleaved cell lymphoma</keyword>
  <keyword>stage IV adult immunoblastic large cell lymphoma</keyword>
  <keyword>stage IV adult lymphoblastic lymphoma</keyword>
  <keyword>stage IV breast cancer</keyword>
  <keyword>stage IV chronic lymphocytic leukemia</keyword>
  <keyword>stage IV grade 1 follicular lymphoma</keyword>
  <keyword>stage IV grade 2 follicular lymphoma</keyword>
  <keyword>stage IV grade 3 follicular lymphoma</keyword>
  <keyword>stage IV mantle cell lymphoma</keyword>
  <keyword>stage IV marginal zone lymphoma</keyword>
  <keyword>stage IV ovarian epithelial cancer</keyword>
  <keyword>stage IV small lymphocytic lymphoma</keyword>
  <keyword>unspecified adult solid tumor, protocol specific</keyword>
  <condition_browse>
    <!-- CAUTION:  The following MeSH terms are assigned with an imperfect algorithm            -->
    <mesh_term>Nausea</mesh_term>
    <mesh_term>Vomiting</mesh_term>
  </condition_browse>
  <intervention_browse>
    <!-- CAUTION:  The following MeSH terms are assigned with an imperfect algorithm            -->
    <mesh_term>Dexamethasone</mesh_term>
    <mesh_term>Ondansetron</mesh_term>
    <mesh_term>Aprepitant</mesh_term>
  </intervention_browse>

  <clinical_results>

    <participant_flow>
      <recruitment_details>Inpatients receiving allogeneic bone marrow transplants who were to get either Busulfan/Cytoxan or Cytoxan/Total Body Radiation as conditioning regimen.</recruitment_details>
      <group_list>
        <group group_id="P1">
          <title>Aprepitant</title>
          <description>Loading dose of 125 mg capsule once a day for one day, then maintenance dose of 80 mg capsule daily through Day +4 of Bone Marrow Transplant</description>
        </group>
        <group group_id="P2">
          <title>Placebo</title>
          <description>Loading dose of 125 mg capsule once a day for one day, then maintenance dose of 80 mg capsule daily through Day +4 of Bone Marrow Transplant</description>
        </group>
      </group_list>
      <period_list>
        <period>
          <title>Overall Study</title>
          <milestone_list>
            <milestone>
              <title>STARTED</title>
              <participants_list>
                <participants group_id="P1" count="20"/>
                <participants group_id="P2" count="20"/>
              </participants_list>
            </milestone>
            <milestone>
              <title>COMPLETED</title>
              <participants_list>
                <participants group_id="P1" count="20"/>
                <participants group_id="P2" count="20"/>
              </participants_list>
            </milestone>
            <milestone>
              <title>NOT COMPLETED</title>
              <participants_list>
                <participants group_id="P1" count="0"/>
                <participants group_id="P2" count="0"/>
              </participants_list>
            </milestone>
          </milestone_list>
        </period>
      </period_list>
    </participant_flow>

    <baseline>
      <group_list>
        <group group_id="B1">
          <title>Aprepitant</title>
          <description>Loading dose of 125 mg capsule once a day for one day, then maintenance dose of 80 mg capsule daily through Day +4 of Bone Marrow Transplant</description>
        </group>
        <group group_id="B2">
          <title>Placebo</title>
          <description>Loading dose of 125 mg capsule once a day for one day, then maintenance dose of 80 mg capsule daily through Day +4 of Bone Marrow Transplant</description>
        </group>
        <group group_id="B3">
          <title>Total</title>
          <description>Total of all reporting groups</description>
        </group>
      </group_list>
      <analyzed_list>
        <analyzed>
          <units>Participants</units>
          <scope>Overall</scope>
          <count_list>
            <count group_id="B1" value="20"/>
            <count group_id="B2" value="20"/>
            <count group_id="B3" value="40"/>
          </count_list>
        </analyzed>
      </analyzed_list>
      <measure_list>
        <measure>
          <title>Age</title>
          <units>Participants</units>
          <param>Count of Participants</param>
          <class_list>
            <class>
              <category_list>
                <category>
                  <title>&lt;=18 years</title>
                  <measurement_list>
                    <measurement group_id="B1" value="0"/>
                    <measurement group_id="B2" value="0"/>
                    <measurement group_id="B3" value="0"/>
                  </measurement_list>
                </category>
                <category>
                  <title>Between 18 and 65 years</title>
                  <measurement_list>
                    <measurement group_id="B1" value="20"/>
                    <measurement group_id="B2" value="20"/>
                    <measurement group_id="B3" value="40"/>
                  </measurement_list>
                </category>
                <category>
                  <title>&gt;=65 years</title>
                  <measurement_list>
                    <measurement group_id="B1" value="0"/>
                    <measurement group_id="B2" value="0"/>
                    <measurement group_id="B3" value="0"/>
                  </measurement_list>
                </category>
              </category_list>
            </class>
          </class_list>
        </measure>
        <measure>
          <title>Age</title>
          <units>years</units>
          <param>Mean</param>
          <dispersion>Standard Deviation</dispersion>
          <class_list>
            <class>
              <category_list>
                <category>
                  <measurement_list>
                    <measurement group_id="B1" value="46" spread="12.9"/>
                    <measurement group_id="B2" value="46" spread="13"/>
                    <measurement group_id="B3" value="46" spread="13"/>
                  </measurement_list>
                </category>
              </category_list>
            </class>
          </class_list>
        </measure>
        <measure>
          <title>Sex: Female, Male</title>
          <units>Participants</units>
          <param>Count of Participants</param>
          <class_list>
            <class>
              <category_list>
                <category>
                  <title>Female</title>
                  <measurement_list>
                    <measurement group_id="B1" value="6"/>
                    <measurement group_id="B2" value="6"/>
                    <measurement group_id="B3" value="12"/>
                  </measurement_list>
                </category>
                <category>
                  <title>Male</title>
                  <measurement_list>
                    <measurement group_id="B1" value="14"/>
                    <measurement group_id="B2" value="14"/>
                    <measurement group_id="B3" value="28"/>
                  </measurement_list>
                </category>
              </category_list>
            </class>
          </class_list>
        </measure>
        <measure>
          <title>Region of Enrollment</title>
          <units>participants</units>
          <param>Number</param>
          <class_list>
            <class>
              <title>United States</title>
              <category_list>
                <category>
                  <measurement_list>
                    <measurement group_id="B1" value="20"/>
                    <measurement group_id="B2" value="20"/>
                    <measurement group_id="B3" value="40"/>
                  </measurement_list>
                </category>
              </category_list>
            </class>
          </class_list>
        </measure>
      </measure_list>
    </baseline>

    <outcome_list>
      <outcome>
        <type>Primary</type>
        <title>Number of Emesis Free Participants During the Study Period.</title>
        <description>To compare the efficacy of aprepitant plus standard therapy to placebo plus standard therapy in control of nausea and vomiting during conditioning therapy for autologous or allogeneic hematopoietic stem cell transplantation (HSCT) as defined by the number of retch/emesis free days during the study period</description>
        <time_frame>Up to three weeks</time_frame>
        <group_list>
          <group group_id="O1">
            <title>Aprepitant</title>
            <description>Loading dose of 125 mg capsule once a day for one day, then maintenance dose of 80 mg capsule daily through Day +4 of Bone Marrow Transplant</description>
          </group>
          <group group_id="O2">
            <title>Placebo (Sugar Pill)</title>
            <description>Loading dose of 125 mg capsule once a day for one day, then maintenance dose of 80 mg capsule daily through Day +4 of Bone Marrow Transplant</description>
          </group>
        </group_list>
        <measure>
          <title>Number of Emesis Free Participants During the Study Period.</title>
          <description>To compare the efficacy of aprepitant plus standard therapy to placebo plus standard therapy in control of nausea and vomiting during conditioning therapy for autologous or allogeneic hematopoietic stem cell transplantation (HSCT) as defined by the number of retch/emesis free days during the study period</description>
          <units>Participants</units>
          <param>Number</param>
          <analyzed_list>
            <analyzed>
              <units>Participants</units>
              <scope>Measure</scope>
              <count_list>
                <count group_id="O1" value="20"/>
                <count group_id="O2" value="20"/>
              </count_list>
            </analyzed>
          </analyzed_list>
          <class_list>
            <class>
              <category_list>
                <category>
                  <measurement_list>
                    <measurement group_id="O1" value="13"/>
                    <measurement group_id="O2" value="5"/>
                  </measurement_list>
                </category>
              </category_list>
            </class>
          </class_list>
        </measure>
        <analysis_list>
          <analysis>
            <group_id_list>
              <group_id>O1</group_id>
              <group_id>O2</group_id>
            </group_id_list>
            <non_inferiority_type>Superiority or Other</non_inferiority_type>
            <p_value>0.041</p_value>
            <method>Wilcoxon Rank Sum Test</method>
          </analysis>
        </analysis_list>
      </outcome>
      <outcome>
        <type>Secondary</type>
        <title>Safety in Transplant Population</title>
        <description>To assess the safety of aprepitant in the bone marrow transplant population</description>
        <time_frame>Up to three weeks</time_frame>
      </outcome>
      <outcome>
        <type>Secondary</type>
        <title>Effects on Nausea, Appetite and Taste Changes</title>
        <description>To assess the effects of aprepitant on nausea, appetite, and taste changes, (via visual analogue scale [VAS]), nutritional intake, and mucositis in the bone marrow transplant population.</description>
        <time_frame>Up to three weeks</time_frame>
      </outcome>
      <outcome>
        <type>Secondary</type>
        <title>Pharmacokinetic Interaction</title>
        <description>To assess the potential for aprepitant and cyclophosphamide to interact pharmacokinetically in a significant manner to change blood levels of aprepitant, cyclophosphamide, hydroxycyclophosphamide or CEPM.</description>
        <time_frame>Up to three weeks</time_frame>
      </outcome>
    </outcome_list>

    <reported_events>
      <group_list>
        <group group_id="E1">
          <title>Aprepitant</title>
          <description>Loading dose of 125 mg capsule once a day for one day, then maintenance dose of 80 mg capsule daily through Day +4 of Bone Marrow Transplant</description>
        </group>
        <group group_id="E2">
          <title>Placebo</title>
          <description>Loading dose of 125 mg capsule once a day for one day, then maintenance dose of 80 mg capsule daily through Day +4 of Bone Marrow Transplant</description>
        </group>
      </group_list>
      <serious_events>
        <category_list>
          <category>
            <title>Total</title>
            <event_list>
              <event>
                <sub_title>Total, serious adverse events</sub_title>
                <counts group_id="E1" subjects_affected="2" subjects_at_risk="20"/>
                <counts group_id="E2" subjects_affected="0" subjects_at_risk="20"/>
              </event>
            </event_list>
          </category>
          <category>
            <title>Gastrointestinal disorders</title>
            <event_list>
              <event>
                <sub_title>Subileus</sub_title>
                <counts group_id="E1" subjects_affected="2" subjects_at_risk="20"/>
                <counts group_id="E2" subjects_affected="0" subjects_at_risk="20"/>
              </event>
            </event_list>
          </category>
        </category_list>
      </serious_events>
      <other_events>
        <frequency_threshold>5</frequency_threshold>
        <category_list>
          <category>
            <title>Total</title>
            <event_list>
              <event>
                <sub_title>Total, other adverse events</sub_title>
                <counts group_id="E1" subjects_affected="0" subjects_at_risk="20"/>
                <counts group_id="E2" subjects_affected="0" subjects_at_risk="20"/>
              </event>
            </event_list>
          </category>
        </category_list>
      </other_events>
    </reported_events>

    <certain_agreements>
      <pi_employee>Principal Investigators are NOT employed by the organization sponsoring the study.</pi_employee>
      <restrictive_agreement>There is NOT an agreement between Principal Investigators and the Sponsor (or its agents) that restricts the PI's rights to discuss or publish trial results after the trial is completed. </restrictive_agreement>
    </certain_agreements>
    <point_of_contact>
      <name_or_title>Joseph Bubalo, PharmD</name_or_title>
      <organization>Oregon Health &amp; Science University, Knight Cancer Institute</organization>
      <phone>503-494-1054</phone>
      <email>bubaloj@ohsu.edu</email>
    </point_of_contact>
  </clinical_results>
</clinical_study>

