<?xml version="1.0" encoding="UTF-8"?>
<clinical_study rank="103">
  <!-- This xml conforms to an XML Schema at:
    https://clinicaltrials.gov/ct2/html/images/info/public.xsd -->
  <required_header>
    <download_date>ClinicalTrials.gov processed this data on February 06, 2024</download_date>
    <link_text>Link to the current ClinicalTrials.gov record.</link_text>
    <url>https://clinicaltrials.gov/ct2/show/NCT05024994</url>
  </required_header>
  <id_info>
    <org_study_id>21-159</org_study_id>
    <nct_id>NCT05024994</nct_id>
  </id_info>
  <brief_title>A Study of E7820 in People With Bone Marrow (Myeloid) Cancers</brief_title>
  <official_title>A Phase II Clinical Trial of E7820 for Patients With Relapsed/Refractory Myeloid Malignancies With Mutations in Splicing Factor Genes.</official_title>
  <sponsors>
    <lead_sponsor>
      <agency>Memorial Sloan Kettering Cancer Center</agency>
      <agency_class>Other</agency_class>
    </lead_sponsor>
    <collaborator>
      <agency>Eisai Inc.</agency>
      <agency_class>Industry</agency_class>
    </collaborator>
  </sponsors>
  <source>Memorial Sloan Kettering Cancer Center</source>
  <oversight_info>
    <is_fda_regulated_drug>Yes</is_fda_regulated_drug>
    <is_fda_regulated_device>No</is_fda_regulated_device>
  </oversight_info>
  <brief_summary>
    <textblock>
      The researchers are doing this study to find out whether E7820 is an effective treatment for&#xD;
      people with relapsed/refractory myeloid cancers with mutations in splicing factor genes.&#xD;
      Participants will have acute myeloid leukemia (AML), myelodysplastic syndromes (MDS), or&#xD;
      chronic myelomonocytic leukemia (CMML).&#xD;
    </textblock>
  </brief_summary>
  <overall_status>Active, not recruiting</overall_status>
  <start_date type="Actual">August 13, 2021</start_date>
  <completion_date type="Anticipated">August 2024</completion_date>
  <primary_completion_date type="Anticipated">August 2024</primary_completion_date>
  <phase>Phase 2</phase>
  <study_type>Interventional</study_type>
  <study_design_info>
    <allocation>N/A</allocation>
    <intervention_model>Single Group Assignment</intervention_model>
    <intervention_model_description>This is a phase II study exploring the efficacy of E7820 in patients with relapsed and refractory myeloid malignancies with mutations in splicing factors.</intervention_model_description>
    <primary_purpose>Treatment</primary_purpose>
    <masking>None (Open Label)</masking>
  </study_design_info>
  <primary_outcome>
    <measure>response rate</measure>
    <time_frame>1 year</time_frame>
    <description>Response to treatment and treatment decisions in all participants will be determined based on the 2017 ELN criteria for AML 2 and the International Working Group 2006 criteria for MDS 3 and 2015 for CMML4.</description>
  </primary_outcome>
  <number_of_arms>1</number_of_arms>
  <enrollment type="Actual">12</enrollment>
  <condition>Acute Myeloid Leukemia</condition>
  <condition>Myelodysplastic Syndromes</condition>
  <condition>Chronic Myelomonocytic Leukemia</condition>
  <arm_group>
    <arm_group_label>E7820</arm_group_label>
    <arm_group_type>Experimental</arm_group_type>
    <description>Each patient will receive daily administration of E7820. The starting dose for every patient will be 100 mg daily but the dose can subsequently be reduced if excessive toxicity is encountered.</description>
  </arm_group>
  <intervention>
    <intervention_type>Drug</intervention_type>
    <intervention_name>E7820</intervention_name>
    <description>100mg of E7820 QD</description>
    <arm_group_label>E7820</arm_group_label>
  </intervention>
  <eligibility>
    <criteria>
      <textblock>
        Inclusion Criteria:&#xD;
&#xD;
        1. Subject is ≥ 18 years of age at the time of signing informed consent 2. Subject is&#xD;
        willing and able to adhere to the study visit schedule and other protocol requirements. 3.&#xD;
        Subject has relapsed or refractory MDS, AML or CMML with a previously defined hotspot&#xD;
        splicing factor mutation in SF3B1, SRSF2, U2AF1, or U2AF2 (with hotspot mutations as&#xD;
        defined by OncoKB) or a nonsense or frameshift mutation in ZRSR2. A splicing factor&#xD;
        mutation is required to be detected on next generation sequencing from bone marrow aspirate&#xD;
        or peripheral blood at any timepoint within the 6 months prior to screening for the study.&#xD;
&#xD;
        a. Relapsed AML is defined as: i. The appearance of 5% or greater myeloblasts in the bone&#xD;
        marrow or peripheral blood after achieving a CR (MRD positive or negative), CRh, or CRi&#xD;
&#xD;
        1. Patients with mutations in FLT3, IDH1 or IDH2 must have failed or been intolerant of an&#xD;
        FDA approved FLT3, IDH1 or IDH2 inhibitor before enrolling on study.&#xD;
&#xD;
        b. Refractory AML is defined as failure to achieve a CR, CRh, or CRi after one of the&#xD;
        following regimens: i. Two cycles of intensive induction chemotherapy with a cytarabine&#xD;
        containing regimen (e.g. 7+3, MEC, HIDAC, etc.) ii. Two cycles of HMA/venetoclax or&#xD;
        LDAC/glasdegib iii. 4 cycles of HMA monotherapy c. Relapsed MDS is defined as: i. Any&#xD;
        relapse after achieving an IWG defined response. d. Refractory MDS is defined as: i. For&#xD;
        patients with intermediate, high or very high risk disease by IPSS-R, the failure to&#xD;
        achieve a response (as per IWG 2006 criteria) after 4 cycles of HMA monotherapy or 2 cycles&#xD;
        of HMA + venetoclax.&#xD;
&#xD;
        ii. For patients with very low and low risk disease by IPSS-R failure to achieve&#xD;
        hematologic improvement or loss of hematologic improvement after treatment with standard of&#xD;
        care agents such as ESAs, Luspatercept (for MDS with ringed sideroblasts) and lenalidomide&#xD;
        (for pts with a 5q-).&#xD;
&#xD;
        e. Relapsed CMML is defined as: i. Any relapse after achieving an IWG defined response. f.&#xD;
        Refractory CMML is defined as: i. Failure to achieve a response (as per IWG 2006 criteria)&#xD;
        after 4 cycles of HMA monotherapy or 2 cycles of HMA + venetoclax.&#xD;
&#xD;
        4. Subject has an Eastern Cooperative Oncology Group (ECOG) performance status of 0-3 5.&#xD;
        Subject has adequate organ function defined as:&#xD;
&#xD;
          1. Serum aspartate aminotransferase/serum glutamic oxaloacetic transaminase (AST/SGOT)&#xD;
             and alanine aminotransferase (ALT/SGPT) ≤ 3 x ULN, unless considered due to organ&#xD;
             involvement by the patient's myeloid malignancy (in that case a cut off of ≤ 5 x ULN&#xD;
             will be used)&#xD;
&#xD;
          2. Serum direct bilirubin &lt; 1.5 x ULN.&#xD;
&#xD;
          3. Creatinine clearance ≥ 60 mL/min based on the Cockroft-Gault glomerular filtration&#xD;
             rate (GFR) estimation.&#xD;
&#xD;
          4. Females of childbearing potential may participate provided they have a negative serum&#xD;
             pregnancy test at screening and a negative serum OR urine pregnancy test within 72&#xD;
             hours of starting on treatment. Females and male participants with female partners of&#xD;
             childbearing potential also must agree to either abstain from sexual intercourse or&#xD;
             use a highly effective method of contraception while on study and for 4 months after&#xD;
             completing the study treatment.&#xD;
&#xD;
             6. There are no limits on transfusion and/or growth factor support for enrollment.&#xD;
&#xD;
             7. In case of leukemic organ involvement, patients with creatinine clearance &gt; 30&#xD;
             ml/min and bilirubin ≤ 2.0 x ULN will be eligible to be included.&#xD;
&#xD;
             Exclusion Criteria:&#xD;
&#xD;
               1. Patients with acute promyelocytic leukemia&#xD;
&#xD;
               2. Subject has immediate life-threatening, severe complications of their myeloid&#xD;
                  malignancy such as uncontrolled bleeding, pneumonia with hypoxia or shock, and/or&#xD;
                  disseminated intravascular coagulation&#xD;
&#xD;
               3. Subject has significant active cardiac disease within 6 months prior to the start&#xD;
                  of study treatment, including New York Heart Association (NYHA) class III or IV&#xD;
                  congestive heart failure; acute coronary syndrome (ACS); and/or stroke or left&#xD;
                  ventricular ejection fraction (LVEF) &lt;40% by echocardiogram (ECHO) or multi-gated&#xD;
                  acquisition (MUGA) scan obtained within 28 days prior to the start of study&#xD;
                  treatment.&#xD;
&#xD;
               4. Subject has active viral infection with human immunodeficiency virus (HIV), or&#xD;
                  active infection with hepatitis B virus (HBV) or hepatitis C virus (HCV).&#xD;
                  Patients with HIV that is controlled with HAART are eligible to participate.&#xD;
&#xD;
               5. Subject is known to have dysphagia, short-gut syndrome, gastroparesis, or other&#xD;
                  conditions that limit the ingestion or gastrointestinal absorption of drugs&#xD;
                  administered orally.&#xD;
&#xD;
               6. Subject has active uncontrolled systemic fungal, bacterial, or viral infection&#xD;
                  (defined as ongoing signs/symptoms related to the infection without improvement&#xD;
                  despite appropriate antibiotics, antiviral therapy, and/or other treatment).&#xD;
&#xD;
               7. Subject has QTc interval (i.e., Fridericia's correction [QTcF]) ≥ 480 ms or other&#xD;
                  factors that increase the risk of QT prolongation or arrhythmic events (e.g.,&#xD;
                  heart failure family history of long QT interval syndrome) at screening. Patients&#xD;
                  with left bundle branch block or right bundle branch block with prolonged QTc&#xD;
                  will be allowed to enroll on the trial with medical monitor approval.&#xD;
&#xD;
               8. Female subject who is pregnant or lactating.&#xD;
&#xD;
               9. Subject with known hypersensitivity to sulfa medications&#xD;
      </textblock>
    </criteria>
    <gender>All</gender>
    <minimum_age>18 Years</minimum_age>
    <maximum_age>N/A</maximum_age>
    <healthy_volunteers>No</healthy_volunteers>
  </eligibility>
  <overall_official>
    <last_name>Eytan Stein, MD</last_name>
    <role>Principal Investigator</role>
    <affiliation>Memorial Sloan Kettering Cancer Center</affiliation>
  </overall_official>
  <location>
    <facility>
      <name>University of Miami (Data Collection AND Specimen Analysis Only)</name>
      <address>
        <city>Miami</city>
        <state>Florida</state>
        <zip>33136</zip>
        <country>United States</country>
      </address>
    </facility>
  </location>
  <location>
    <facility>
      <name>Memorial Sloan Kettering Basking Ridge</name>
      <address>
        <city>Basking Ridge</city>
        <state>New Jersey</state>
        <zip>07920</zip>
        <country>United States</country>
      </address>
    </facility>
  </location>
  <location>
    <facility>
      <name>Memorial Sloan Kettering Monmouth</name>
      <address>
        <city>Middletown</city>
        <state>New Jersey</state>
        <zip>07748</zip>
        <country>United States</country>
      </address>
    </facility>
  </location>
  <location>
    <facility>
      <name>Memorial Sloan Kettering Bergen</name>
      <address>
        <city>Montvale</city>
        <state>New Jersey</state>
        <zip>07645</zip>
        <country>United States</country>
      </address>
    </facility>
  </location>
  <location>
    <facility>
      <name>Memorial Sloan Kettering Commack</name>
      <address>
        <city>Commack</city>
        <state>New York</state>
        <zip>11725</zip>
        <country>United States</country>
      </address>
    </facility>
  </location>
  <location>
    <facility>
      <name>Memorial Sloan Kettering Westchester (All protocol activities)</name>
      <address>
        <city>Harrison</city>
        <state>New York</state>
        <zip>10604</zip>
        <country>United States</country>
      </address>
    </facility>
  </location>
  <location>
    <facility>
      <name>Memorial Sloan Kettering Nassau</name>
      <address>
        <city>Uniondale</city>
        <state>New York</state>
        <zip>11553</zip>
        <country>United States</country>
      </address>
    </facility>
  </location>
  <location_countries>
    <country>United States</country>
  </location_countries>
  <link>
    <url>http://www.mskcc.org/mskcc/html/44.cfm</url>
    <description>Memorial Sloan Kettering Cancer Center</description>
  </link>
  <verification_date>June 2023</verification_date>
  <study_first_submitted>August 23, 2021</study_first_submitted>
  <study_first_submitted_qc>August 23, 2021</study_first_submitted_qc>
  <study_first_posted type="Actual">August 27, 2021</study_first_posted>
  <last_update_submitted>June 30, 2023</last_update_submitted>
  <last_update_submitted_qc>June 30, 2023</last_update_submitted_qc>
  <last_update_posted type="Actual">July 5, 2023</last_update_posted>
  <responsible_party>
    <responsible_party_type>Sponsor</responsible_party_type>
  </responsible_party>
  <keyword>E7820</keyword>
  <keyword>Bone Marrow cancers</keyword>
  <keyword>Myeloid</keyword>
  <keyword>Relapsed/Refractory</keyword>
  <keyword>Mutations in Splicing Factor Genes</keyword>
  <keyword>21-159</keyword>
  <condition_browse>
    <!-- CAUTION:  The following MeSH terms are assigned with an imperfect algorithm            -->
    <mesh_term>Leukemia</mesh_term>
    <mesh_term>Leukemia, Myelomonocytic, Chronic</mesh_term>
    <mesh_term>Leukemia, Myelomonocytic, Juvenile</mesh_term>
    <mesh_term>Myelodysplastic Syndromes</mesh_term>
  </condition_browse>
  <patient_data>
    <sharing_ipd>Yes</sharing_ipd>
    <ipd_description>Memorial Sloan Kettering Cancer Center supports the international committee of medical journal editors (ICMJE) and the ethical obligation of responsible sharing of data from clinical trials. The protocol summary, a statistical summary, and informed consent form will be made available on clinicaltrials.gov when required as a condition of Federal awards, other agreements supporting the research and/or as otherwise required. Requests for deidentified individual participant data can be made beginning 12 months after publication and for up to 36 months post publication. Deidentified individual participant data reported in the manuscript will be shared under the terms of a Data Use Agreement and may only be used for approved proposals. Requests may be made to: crdatashare@mskcc.org.</ipd_description>
  </patient_data>
  <!-- Results have not yet been posted for this study                                          -->
</clinical_study>

