<?xml version="1.0" encoding="UTF-8"?>
<clinical_study rank="361">
  <!-- This xml conforms to an XML Schema at:
    https://clinicaltrials.gov/ct2/html/images/info/public.xsd -->
  <required_header>
    <download_date>ClinicalTrials.gov processed this data on February 06, 2024</download_date>
    <link_text>Link to the current ClinicalTrials.gov record.</link_text>
    <url>https://clinicaltrials.gov/ct2/show/NCT01529827</url>
  </required_header>
  <id_info>
    <org_study_id>I 177110</org_study_id>
    <secondary_id>NCI-2011-03563</secondary_id>
    <nct_id>NCT01529827</nct_id>
  </id_info>
  <brief_title>Fludarabine Phosphate, Melphalan, and Low-Dose Total-Body Irradiation Followed by Donor Peripheral Blood Stem Cell Transplant in Treating Patients With Hematologic Malignancies</brief_title>
  <official_title>A Phase II Trial of Reduced Intensity Allogeneic Stem Cell Transplantation With Fludarabine, Melphalan and Low Dose Total Body Irradiation</official_title>
  <sponsors>
    <lead_sponsor>
      <agency>Roswell Park Cancer Institute</agency>
      <agency_class>Other</agency_class>
    </lead_sponsor>
  </sponsors>
  <source>Roswell Park Cancer Institute</source>
  <oversight_info>
    <has_dmc>Yes</has_dmc>
  </oversight_info>
  <brief_summary>
    <textblock>
      This phase II trial studies how well giving fludarabine phosphate, melphalan, and low-dose&#xD;
      total-body irradiation (TBI) followed by donor peripheral blood stem cell transplant (PBSCT)&#xD;
      works in treating patients with hematologic malignancies. Giving chemotherapy drugs such as&#xD;
      fludarabine phosphate and melphalan, and low-dose TBI before a donor PBSCT helps stop the&#xD;
      growth of cancer and abnormal cells and helps stop the patient's immune system from rejecting&#xD;
      the donor's stem cells. When the healthy stem cells from the donor are infused into the&#xD;
      patient they may help the patient's bone marrow make stem cells, red blood cells, white blood&#xD;
      cells, and platelets. Sometimes the transplanted cell from a donor can make an immune&#xD;
      response against the body's normal cells. Giving tacrolimus, mycophenolate mofetil (MMF), and&#xD;
      methotrexate after transplant may stop this from happening&#xD;
    </textblock>
  </brief_summary>
  <detailed_description>
    <textblock>
      PRIMARY OBJECTIVES:&#xD;
&#xD;
      I. To determine the transplant related mortality (TRM) of this reduced-intensity&#xD;
      transplantation (RIT) combination, fludarabine (fludarabine phosphate), melphalan, and TBI in&#xD;
      a patient population usually not eligible for a full a myeloablative allogeneic hematopoietic&#xD;
      stem cell transplantation (HSCT).&#xD;
&#xD;
      SECONDARY OBJECTIVES:&#xD;
&#xD;
      I. To evaluate clinical response, progression free survival (PFS) at one year, engraftment&#xD;
      rate, and graft-versus-host disease (GvHD) incidence with the proposed RIT regimen across a&#xD;
      variety of hematological conditions.&#xD;
&#xD;
      II. Correlative studies will include chimerism analysis by molecular analysis and evaluation&#xD;
      of immune reconstitution by cytomegalovirus (CMV) dextramer analysis using flow cytometry.&#xD;
&#xD;
      OUTLINE: PREPARATIVE REGIMEN:&#xD;
&#xD;
      Patients receive fludarabine phosphate intravenously (IV) over 30 minutes on days -5 to -2&#xD;
      and melphalan IV over 30 minutes on day -2. Patients undergo low-dose TBI twice daily (BID)&#xD;
      on day -1.&#xD;
&#xD;
      TRANSPLANTATION:&#xD;
&#xD;
      Patients undergo allogeneic PBSCT on day 0.&#xD;
&#xD;
      GvHD PROPHYLAXIS:&#xD;
&#xD;
      Patients receive tacrolimus IV or orally (PO) BID on days -1 to 100 with taper over 4-6&#xD;
      months, MMF PO or IV every 6-8 hours on days -1 to 60, and methotrexate IV over 15-30 minutes&#xD;
      on days 1, 3, and 6. After completion of study treatment, patients are followed up&#xD;
      periodically.&#xD;
    </textblock>
  </detailed_description>
  <overall_status>Completed</overall_status>
  <start_date type="Actual">February 28, 2012</start_date>
  <completion_date type="Actual">August 29, 2019</completion_date>
  <primary_completion_date type="Actual">May 28, 2015</primary_completion_date>
  <phase>Phase 2</phase>
  <study_type>Interventional</study_type>
  <has_expanded_access>No</has_expanded_access>
  <study_design_info>
    <allocation>N/A</allocation>
    <intervention_model>Single Group Assignment</intervention_model>
    <primary_purpose>Treatment</primary_purpose>
    <masking>None (Open Label)</masking>
  </study_design_info>
  <primary_outcome>
    <measure>Transplant Related Mortality (TRM)</measure>
    <time_frame>In the first 100 days from day 0 of transplant</time_frame>
    <description>Day 100 transplant related mortality (TRM). An exact 95% confidence interval will be provided.</description>
  </primary_outcome>
  <secondary_outcome>
    <measure>Clinical Response</measure>
    <time_frame>In the first 100 days from day 0 of transplant</time_frame>
    <description>Patients will be followed according to response criteria as referenced in BMT SOP &quot;Standards of Therapy&quot; last updated 2008. Clinical Response = CR + PR.&#xD;
Complete Response Requires all of the following:&#xD;
Serum and urine negative for monoclonal proteins by immunofixation&#xD;
Normal free light chain ratio&#xD;
Plasma cells in marrow &lt; 5%&#xD;
Partial Response (PR) Requires any of the following:&#xD;
- ≥ 50% reduction in current serum monoclonal protein levels &gt; 0.5 g/dL or urine light chain levels &gt; 100 mg/day with a visible peak or free light chain levels &gt; 10mg/dL&#xD;
Progressive Disease (PD) Requires any of the following:&#xD;
If progressing from CR, any detectable monoclonal protein or abnormal free light chain ratio (light chain must double)&#xD;
If progressive from PR or SD, ≥ 50% increase in the serum M protein to &gt; 0.5 g/dL,or ≥ 50% increase in urine M protein to &gt; 200mg/day with visible peak present.&#xD;
Free light chain increase of ≥ 50% to</description>
  </secondary_outcome>
  <secondary_outcome>
    <measure>Progression Free Survival (PFS) at One Year</measure>
    <time_frame>day of transplant until progression up to 5 years</time_frame>
    <description>Assessed using Kaplan Meier and Proportional Hazards</description>
  </secondary_outcome>
  <secondary_outcome>
    <measure>Median Time to Neutrophil Engraftment</measure>
    <time_frame>Day 100</time_frame>
    <description>Median time to recovery of absolute neutrophil count &gt;=500/uL for 3 consecutive days. Summarized using standard descriptive statistics along with corresponding 95% confidence intervals.</description>
  </secondary_outcome>
  <number_of_arms>1</number_of_arms>
  <enrollment type="Actual">94</enrollment>
  <condition>Accelerated Phase Chronic Myelogenous Leukemia</condition>
  <condition>Adult Acute Lymphoblastic Leukemia in Remission</condition>
  <condition>Adult Acute Myeloid Leukemia in Remission</condition>
  <condition>Adult Acute Myeloid Leukemia With 11q23 (MLL) Abnormalities</condition>
  <condition>Adult Acute Myeloid Leukemia With Del(5q)</condition>
  <condition>Adult Acute Myeloid Leukemia With Inv(16)(p13;q22)</condition>
  <condition>Adult Acute Myeloid Leukemia With t(15;17)(q22;q12)</condition>
  <condition>Adult Acute Myeloid Leukemia With t(16;16)(p13;q22)</condition>
  <condition>Adult Acute Myeloid Leukemia With t(8;21)(q22;q22)</condition>
  <condition>Adult Grade III Lymphomatoid Granulomatosis</condition>
  <condition>Adult Nasal Type Extranodal NK/T-cell Lymphoma</condition>
  <condition>Anaplastic Large Cell Lymphoma</condition>
  <condition>Angioimmunoblastic T-cell Lymphoma</condition>
  <condition>Aplastic Anemia</condition>
  <condition>Burkitt Lymphoma</condition>
  <condition>Childhood Acute Lymphoblastic Leukemia in Remission</condition>
  <condition>Childhood Acute Myeloid Leukemia in Remission</condition>
  <condition>Childhood Chronic Myelogenous Leukemia</condition>
  <condition>Childhood Diffuse Large Cell Lymphoma</condition>
  <condition>Childhood Grade III Lymphomatoid Granulomatosis</condition>
  <condition>Childhood Immunoblastic Large Cell Lymphoma</condition>
  <condition>Childhood Myelodysplastic Syndromes</condition>
  <condition>Childhood Nasal Type Extranodal NK/T-cell Lymphoma</condition>
  <condition>Chronic Myelomonocytic Leukemia</condition>
  <condition>Chronic Phase Chronic Myelogenous Leukemia</condition>
  <condition>Congenital Amegakaryocytic Thrombocytopenia</condition>
  <condition>Diamond-Blackfan Anemia</condition>
  <condition>Extranodal Marginal Zone B-cell Lymphoma of Mucosa-associated Lymphoid Tissue</condition>
  <condition>Hepatosplenic T-cell Lymphoma</condition>
  <condition>Juvenile Myelomonocytic Leukemia</condition>
  <condition>Myelodysplastic/Myeloproliferative Neoplasm, Unclassifiable</condition>
  <condition>Nodal Marginal Zone B-cell Lymphoma</condition>
  <condition>Paroxysmal Nocturnal Hemoglobinuria</condition>
  <condition>Peripheral T-cell Lymphoma</condition>
  <condition>Polycythemia Vera</condition>
  <condition>Post-transplant Lymphoproliferative Disorder</condition>
  <condition>Previously Treated Myelodysplastic Syndromes</condition>
  <condition>Primary Myelofibrosis</condition>
  <condition>Recurrent Adult Acute Lymphoblastic Leukemia</condition>
  <condition>Recurrent Adult Acute Myeloid Leukemia</condition>
  <condition>Recurrent Adult Burkitt Lymphoma</condition>
  <condition>Recurrent Adult Diffuse Large Cell Lymphoma</condition>
  <condition>Recurrent Adult Diffuse Mixed Cell Lymphoma</condition>
  <condition>Recurrent Adult Diffuse Small Cleaved Cell Lymphoma</condition>
  <condition>Recurrent Adult Grade III Lymphomatoid Granulomatosis</condition>
  <condition>Recurrent Adult Hodgkin Lymphoma</condition>
  <condition>Recurrent Adult Immunoblastic Large Cell Lymphoma</condition>
  <condition>Recurrent Adult Lymphoblastic Lymphoma</condition>
  <condition>Recurrent Adult T-cell Leukemia/Lymphoma</condition>
  <condition>Recurrent Childhood Acute Lymphoblastic Leukemia</condition>
  <condition>Recurrent Childhood Acute Myeloid Leukemia</condition>
  <condition>Recurrent Childhood Anaplastic Large Cell Lymphoma</condition>
  <condition>Recurrent Childhood Grade III Lymphomatoid Granulomatosis</condition>
  <condition>Recurrent Childhood Large Cell Lymphoma</condition>
  <condition>Recurrent Childhood Lymphoblastic Lymphoma</condition>
  <condition>Recurrent Childhood Small Noncleaved Cell Lymphoma</condition>
  <condition>Recurrent Cutaneous T-cell Non-Hodgkin Lymphoma</condition>
  <condition>Recurrent Grade 1 Follicular Lymphoma</condition>
  <condition>Recurrent Grade 2 Follicular Lymphoma</condition>
  <condition>Recurrent Grade 3 Follicular Lymphoma</condition>
  <condition>Recurrent Mantle Cell Lymphoma</condition>
  <condition>Recurrent Marginal Zone Lymphoma</condition>
  <condition>Recurrent Mycosis Fungoides/Sezary Syndrome</condition>
  <condition>Recurrent Small Lymphocytic Lymphoma</condition>
  <condition>Recurrent/Refractory Childhood Hodgkin Lymphoma</condition>
  <condition>Refractory Chronic Lymphocytic Leukemia</condition>
  <condition>Refractory Hairy Cell Leukemia</condition>
  <condition>Refractory Multiple Myeloma</condition>
  <condition>Secondary Acute Myeloid Leukemia</condition>
  <condition>Secondary Myelodysplastic Syndromes</condition>
  <condition>Secondary Myelofibrosis</condition>
  <condition>Severe Combined Immunodeficiency</condition>
  <condition>Severe Congenital Neutropenia</condition>
  <condition>Shwachman-Diamond Syndrome</condition>
  <condition>Splenic Marginal Zone Lymphoma</condition>
  <condition>T-cell Large Granular Lymphocyte Leukemia</condition>
  <condition>Waldenstrom Macroglobulinemia</condition>
  <condition>Wiskott-Aldrich Syndrome</condition>
  <arm_group>
    <arm_group_label>Treatment (reduced intensity allogeneic PBSCT)</arm_group_label>
    <arm_group_type>Experimental</arm_group_type>
    <description>PREPARATIVE REGIMEN: Patients receive fludarabine phosphate IV over 30 minutes on days -5 to -2 and melphalan IV over 30 minutes on day -2. Patients undergo low-dose TBI BID on day -1. TRANSPLANTATION: Patients undergo allogeneic PBSCT on day 0. GvHD PROPHYLAXIS: Patients receive tacrolimus IV or PO BID on days -1 to 100 with taper over 4-6 months, MMF PO or IV every 6-8 hours on days -1 to 60, and methotrexate IV over 15 to 30 minutes on days 1, 3, and 6.</description>
  </arm_group>
  <intervention>
    <intervention_type>Drug</intervention_type>
    <intervention_name>fludarabine phosphate</intervention_name>
    <description>Given IV</description>
    <arm_group_label>Treatment (reduced intensity allogeneic PBSCT)</arm_group_label>
    <other_name>2-F-ara-AMP</other_name>
    <other_name>Beneflur</other_name>
    <other_name>Fludara</other_name>
  </intervention>
  <intervention>
    <intervention_type>Drug</intervention_type>
    <intervention_name>melphalan</intervention_name>
    <description>Given IV</description>
    <arm_group_label>Treatment (reduced intensity allogeneic PBSCT)</arm_group_label>
    <other_name>Alkeran</other_name>
    <other_name>CB-3025</other_name>
    <other_name>L-PAM</other_name>
    <other_name>L-phenylalanine mustard</other_name>
    <other_name>L-Sarcolysin</other_name>
  </intervention>
  <intervention>
    <intervention_type>Radiation</intervention_type>
    <intervention_name>total-body irradiation</intervention_name>
    <description>Undergo TBI</description>
    <arm_group_label>Treatment (reduced intensity allogeneic PBSCT)</arm_group_label>
    <other_name>TBI</other_name>
  </intervention>
  <intervention>
    <intervention_type>Drug</intervention_type>
    <intervention_name>tacrolimus</intervention_name>
    <description>Given IV or PO</description>
    <arm_group_label>Treatment (reduced intensity allogeneic PBSCT)</arm_group_label>
    <other_name>FK 506</other_name>
    <other_name>Prograf</other_name>
  </intervention>
  <intervention>
    <intervention_type>Drug</intervention_type>
    <intervention_name>mycophenolate mofetil</intervention_name>
    <description>Given IV or PO</description>
    <arm_group_label>Treatment (reduced intensity allogeneic PBSCT)</arm_group_label>
    <other_name>Cellcept</other_name>
    <other_name>MMF</other_name>
  </intervention>
  <intervention>
    <intervention_type>Drug</intervention_type>
    <intervention_name>methotrexate</intervention_name>
    <description>Given IV</description>
    <arm_group_label>Treatment (reduced intensity allogeneic PBSCT)</arm_group_label>
    <other_name>amethopterin</other_name>
    <other_name>Folex</other_name>
    <other_name>methylaminopterin</other_name>
    <other_name>Mexate</other_name>
    <other_name>MTX</other_name>
  </intervention>
  <intervention>
    <intervention_type>Other</intervention_type>
    <intervention_name>laboratory biomarker analysis</intervention_name>
    <description>Correlative studies</description>
    <arm_group_label>Treatment (reduced intensity allogeneic PBSCT)</arm_group_label>
  </intervention>
  <intervention>
    <intervention_type>Procedure</intervention_type>
    <intervention_name>allogeneic hematopoietic stem cell transplantation</intervention_name>
    <description>Undergo allogeneic PBSCT</description>
    <arm_group_label>Treatment (reduced intensity allogeneic PBSCT)</arm_group_label>
  </intervention>
  <intervention>
    <intervention_type>Procedure</intervention_type>
    <intervention_name>peripheral blood stem cell transplantation</intervention_name>
    <description>Undergo PBSCT</description>
    <arm_group_label>Treatment (reduced intensity allogeneic PBSCT)</arm_group_label>
    <other_name>PBPC transplantation</other_name>
    <other_name>PBSC transplantation</other_name>
    <other_name>peripheral blood progenitor cell transplantation</other_name>
    <other_name>transplantation, peripheral blood stem cell</other_name>
  </intervention>
  <eligibility>
    <criteria>
      <textblock>
        Inclusion Criteria:&#xD;
&#xD;
          -  Diagnosis of a histology documented hematologic malignancy or marrow disorder&#xD;
&#xD;
        BONE MARROW FAILURE DISORDERS:&#xD;
&#xD;
          -  Acquired bone marrow failure disorders include aplastic anemia, paroxysmal nocturnal&#xD;
             hemoglobinuria (PNH) * Primary allogeneic HSCT is appropriate for selected patients&#xD;
             with severe aplastic anemia; however, patients with aplastic anemia must have failed&#xD;
             at least one cycle of standard immunosuppressive therapy with calcineurin inhibitor&#xD;
             plus anti-thymocyte globulin (ATG) if a fully matched donor is available * Patients&#xD;
             with PNH should not be eligible for a myeloablative HSCT&#xD;
&#xD;
          -  Hereditary bone marrow failure disorders include Diamond-Blackfan Anemia,&#xD;
             Shwachman-Diamond Syndrome, Kostmann Syndrome, congenital Amegakaryocytic&#xD;
             Thrombocytopenia; Fanconi Anemia or related chromosomal breakage syndrome,&#xD;
             Dyskeratosis Congenital are excluded from this study die to their poor&#xD;
             deoxyribonucleic acid (DNA) repair capacity * Fanconi anemia or related chromosomal&#xD;
             breakage syndrome: positive chromosome breakage analysis using diepoxybutane (DEB) or&#xD;
             mitomycin C if applicable * Dyskeratosis Congenita: diagnosis is supported by using&#xD;
             either telomerase RNA component (TERC) gene mutation in autosomal dominant&#xD;
             Dyskeratosis Congenita or X-linked DKC1 gene mutation&#xD;
&#xD;
          -  Other non-malignant hematologic or immunologic disorders that require transplantation&#xD;
             * Quantitative or qualitative congenital platelet disorders (including but not limited&#xD;
             to congenital amegakaryocytopenia, absent-radii syndrome, Glanzmann's thrombasthenia)&#xD;
             * Quantitative or qualitative congenital neutrophil disorders (including but not&#xD;
             limited to chronic granulomatous disease, congenital neutropenia) *Congenital primary&#xD;
             immunodeficiency syndrome, Wiskott-Aldrich syndrome, CD40 ligand deficiency, T-cell&#xD;
             deficiencies)&#xD;
&#xD;
        ACUTE LEUKEMIAS:&#xD;
&#xD;
          -  Subjects must be ineligible for or unable to receive a conventional myeloablative&#xD;
             transplantation&#xD;
&#xD;
          -  Resistant or recurrent disease after at least one standard combination chemotherapy OR&#xD;
             first remission patients at high risk of relapse * Acute myeloid leukemia (AML)&#xD;
&#xD;
          -  antecedent myelodysplastic syndrome, secondary AML, high risk cytogenetic&#xD;
             abnormalities or normal cytogenetics with high-risk molecular mutations (e.g.,&#xD;
             fms-like tyrosine kinase3-internal tandem duplication [Flt3-ITD] mutation) * Acute&#xD;
             lymphocytic leukemia (ALL)&#xD;
&#xD;
          -  high or standard risk ALL&#xD;
&#xD;
        CHRONIC MYELOID LEUKEMIA (CML):&#xD;
&#xD;
          -  Chronic phase (intolerant or unresponsive to imatinib and/or other tyrosine kinase&#xD;
             inhibitors), second chronic phase or accelerated phase who are ineligible for&#xD;
             conventional myeloablative transplantation&#xD;
&#xD;
        MYELOPROLIFERATIVE AND MYELODYSPLASTIC SYNDROME (MDS):&#xD;
&#xD;
          -  Myelofibrosis (with/without splenectomy) with intermediate to high risk features&#xD;
&#xD;
          -  Advanced polycythemia vera nor responding to standard therapy&#xD;
&#xD;
          -  MDS with lower International Prognostic Scoring System (IPSS) score of intermediate&#xD;
             (Int)-2 or higher&#xD;
&#xD;
          -  MDS with lower IPSS score Int-1 or less with severe clinical features such as severe&#xD;
             neutropenia or thrombocytopenia or high risk chromosome abnormalities such as monosomy&#xD;
             7&#xD;
&#xD;
          -  Secondary MDS with any IPSS scores&#xD;
&#xD;
          -  Chronic myelomonocytic leukemia&#xD;
&#xD;
        LYMPHOPROLIFERATIVE DISEASE:&#xD;
&#xD;
          -  Chronic lymphocytic leukemia (CLL), low-grade non-Hodgkin lymphoma (NHL) (recurrent or&#xD;
             persistent) fludarabine refractory or with less than 6 months duration or complete&#xD;
             remission (CR) between courses of conventional therapy&#xD;
&#xD;
          -  Multiple myeloma (progressive disease after autologous stem cell transplant, tandem&#xD;
             allogeneic transplant after prior autologous stem cell transplant)&#xD;
&#xD;
          -  Waldenstrom's macroglobulinemia (failed one standard regimen)&#xD;
&#xD;
          -  High grade NHL and diffuse large B-cell lymphoma (DLBCL)&#xD;
&#xD;
          -  Not eligible for conventional myeloablative HSCT OR failed autologous HSCT&#xD;
&#xD;
          -  First remission lymphoblastic lymphoma, or small, non-cleaved cell lymphoma or mantle&#xD;
             cell lymphoma&#xD;
&#xD;
        HODGKIN LYMPHOMA:&#xD;
&#xD;
          -  Received and failed front-line therapy&#xD;
&#xD;
          -  Failed or were not eligible for autologous transplantation DONOR: Permissible human&#xD;
             leukocyte antigen (HLA) matching: related donors&#xD;
&#xD;
          -  single antigen mismatch at HLA A, B, or DRB1; unrelated donors&#xD;
&#xD;
          -  a single antigen mismatch at HLA A, B, or C, +/- additional single allele level&#xD;
             mismatch at A, B, V or DRB1&#xD;
&#xD;
          -  Minimum goal for peripheral blood stem cells (PBSC) dose is 2 x 10^6 CD34+ cells/kg of&#xD;
             recipient weight; minimum goal for the marrow dose is 1 x 10^8 nucleated cells/kg of&#xD;
             recipient weight&#xD;
&#xD;
          -  No serious uncontrolled psychiatric illness&#xD;
&#xD;
          -  No concomitant active malignancy that would be expected to require chemotherapy within&#xD;
             3 years of transplant (other than non-melanoma skin cancer)&#xD;
&#xD;
          -  Non-pregnant and non-nursing woman; (women or men with reproductive potential should&#xD;
             agree to use an effective means of birth control)&#xD;
&#xD;
          -  Patients who have failed a prior autologous or allogeneic transplant are eligible;&#xD;
             however, at least 90 days must have elapsed between the start of this reduced&#xD;
             intensity conditioning regimen and the last transplant if patient had a prior&#xD;
             autologous or myeloablative allogeneic bone marrow transplant (BMT)&#xD;
&#xD;
          -  At least 2 weeks since prior chemotherapy, radiation treatment and/or surgery&#xD;
&#xD;
          -  Informed consent&#xD;
&#xD;
        DONOR: Compatibility at the four most informative HLA loci:&#xD;
&#xD;
        A, B, C and DRB1 are important for reducing the risk of GVHD and successful transplant&#xD;
        outcomes; the A, B, C and DRB1 loci comprise 8 possible alleles (a haplotype being&#xD;
        inherited from each parent); one additional locus, HLA-DQ, is also typed to ascertain&#xD;
        haplotypes and assist in the search for a compatible donor; however mismatching at DQ has&#xD;
        not been shown to be associated with adverse outcomes; high resolution molecular typing (at&#xD;
        the allele level) is now the standard of care for unrelated donor searches and allows&#xD;
        greater refinement of the search strategy&#xD;
&#xD;
        DONOR: Matched related donor:&#xD;
&#xD;
        a single antigen mismatch at A, B, or the DR transplant from a family member is associated&#xD;
        with a higher risk of GVHD but similar overall survival when compared to full identity at&#xD;
        these 3 regions; related donor/recipient pairs must be matched at 5 of 6 HLA antigens (A,&#xD;
        B, DRB1)&#xD;
&#xD;
        DONOR: Unrelated Donor:&#xD;
&#xD;
        When evaluating patients for unrelated donor transplant, the higher degree of matching, the&#xD;
        lower risk of GvHD; the A, B, C, DRB1 and DQB1 loci, comprising 10 possible antigen (with&#xD;
        alleles), will be typed for all unrelated transplants; given the higher risk of TRM in&#xD;
        mismatched transplants, RIT is often the best way to mitigate the risk; data from the&#xD;
        National Marrow Donor Program makes it possible to estimate the risk of donor-recipient HLA&#xD;
        mismatch at the allele or antigen level; the higher risk from HLA-mismatching must be&#xD;
        balanced against the clinical urgency and the patient's risk by the transplant team; at&#xD;
        this time, antigen level mismatches at DQB1 do not affect outcomes and will not be used for&#xD;
        matching purposes for donor selection; thus, the matching required will be at the HLA A, B,&#xD;
        C and DRB1 (8 loci); for this protocol, a single antigen mismatch at the HLA A, B, C, with&#xD;
        or without additional single allele level mismatch may participate in this protocol for&#xD;
        voluntary unrelated donors (blood or marrow) DONOR: Donor must be healthy and have&#xD;
        non-reactive test results for all infectious disease assays as required by state and&#xD;
        federal regulations; donors who screen seropositive for hepatitis an/or syphilis must be&#xD;
        cleared by infectious disease consultation DONOR: Donor must have no uncontrolled&#xD;
        cardiopulmonary, renal, endocrine, hepatic or psychiatric disease to render donation unsafe&#xD;
        DONOR: The donor (or parent in minor) must give informed consent for peripheral blood stem&#xD;
        cell collection or bone marrow collection DONOR: Syngeneic donors are not eligible DONOR:&#xD;
        Donors who have poor peripheral venous access, may require central venous line placement&#xD;
        for stem cell apheresis&#xD;
&#xD;
        Exclusion Criteria:&#xD;
&#xD;
          -  Uncontrolled central nervous system (CNS) disease (for hematologic malignancies)&#xD;
&#xD;
          -  Karnofsky (adult) or Lansky (for =&lt; 16 years) performance status &lt; 50%&#xD;
&#xD;
          -  Diffusing capacity of the lung for carbon monoxide (DLCO) &lt; 40% predicted, corrected&#xD;
             for hemoglobin and/or alveolar ventilation&#xD;
&#xD;
          -  Left ventricular ejection fraction &lt; 40% - Bilirubin &gt;= 3 X upper limit of normal&#xD;
&#xD;
          -  Liver alkaline phosphatase &gt;= 3 x upper limit of normal&#xD;
&#xD;
          -  Serum glutamic oxaloacetic transaminase (SGOT) or serum glutamic pyruvate transaminase&#xD;
             (SGPT) &gt;= 3 x upper limit of normal&#xD;
&#xD;
          -  Child's class B and C liver failure&#xD;
&#xD;
          -  Calculated creatinine clearance &lt; 40 cc/min by the modified Cockroft-Gault formula for&#xD;
             adults or the Schwartz formula for pediatrics&#xD;
&#xD;
          -  Patients who have received maximally allowed doses (given in 2 Gy fractionations, or&#xD;
             equivalent) of previous radiation therapy to various organs as follows: * Mediastinum:&#xD;
             adult -40, pediatric (=&lt;18 yrs) - 21 * Heart: adult 36, pediatric - 26 * Whole&#xD;
             lung(s): adult - 12, pediatric - 10 * Small bowel: adult - 46, pediatric - 40 *&#xD;
             Kidneys: adult - 12, pediatric - 10 * Whole liver: adult - 20, pediatric - 20 * Spinal&#xD;
             cord: adult - 36, pediatric - 36 * Whole Brain: adult 30, pediatric - 30&#xD;
&#xD;
          -  Patients who previously have received a higher than allowed dose of radiation to a&#xD;
             small lung, liver, and brain volume, will be evaluated by the radiation oncologist to&#xD;
             determine if the patient is eligible for study&#xD;
&#xD;
          -  Uncontrolled diabetes mellitus, cardiovascular disease, active serious infection or&#xD;
             other condition which, in the opinion of treating physician, would make this protocol&#xD;
             unreasonably hazardous for the patient&#xD;
&#xD;
          -  Human immunodeficiency virus (HIV) positive&#xD;
&#xD;
          -  Patients who in the opinion of the treating physician are unlikely to comply with the&#xD;
             restrictions of allogeneic stem cell transplantation based on formal psychosocial&#xD;
             screening&#xD;
&#xD;
          -  Female of childbearing potential with a positive pregnancy test&#xD;
      </textblock>
    </criteria>
    <gender>All</gender>
    <minimum_age>3 Years</minimum_age>
    <maximum_age>75 Years</maximum_age>
    <healthy_volunteers>No</healthy_volunteers>
  </eligibility>
  <overall_official>
    <last_name>George Chen</last_name>
    <role>Principal Investigator</role>
    <affiliation>Roswell Park Cancer Institute</affiliation>
  </overall_official>
  <location>
    <facility>
      <name>Roswell Park Cancer Institute</name>
      <address>
        <city>Buffalo</city>
        <state>New York</state>
        <zip>14263</zip>
        <country>United States</country>
      </address>
    </facility>
  </location>
  <location_countries>
    <country>United States</country>
  </location_countries>
  <verification_date>September 2019</verification_date>
  <study_first_submitted>February 6, 2012</study_first_submitted>
  <study_first_submitted_qc>February 8, 2012</study_first_submitted_qc>
  <study_first_posted type="Estimate">February 9, 2012</study_first_posted>
  <results_first_submitted>June 30, 2017</results_first_submitted>
  <results_first_submitted_qc>June 30, 2017</results_first_submitted_qc>
  <results_first_posted type="Actual">July 2, 2017</results_first_posted>
  <last_update_submitted>September 16, 2019</last_update_submitted>
  <last_update_submitted_qc>September 16, 2019</last_update_submitted_qc>
  <last_update_posted type="Actual">September 24, 2019</last_update_posted>
  <responsible_party>
    <responsible_party_type>Sponsor</responsible_party_type>
  </responsible_party>
  <condition_browse>
    <!-- CAUTION:  The following MeSH terms are assigned with an imperfect algorithm            -->
    <mesh_term>Burkitt Lymphoma</mesh_term>
    <mesh_term>Mycoses</mesh_term>
    <mesh_term>Lymphoma</mesh_term>
    <mesh_term>Leukemia</mesh_term>
    <mesh_term>Leukemia, Myeloid</mesh_term>
    <mesh_term>Multiple Myeloma</mesh_term>
    <mesh_term>Leukemia, Myeloid, Acute</mesh_term>
    <mesh_term>Lymphoma, Follicular</mesh_term>
    <mesh_term>Lymphoma, Non-Hodgkin</mesh_term>
    <mesh_term>Preleukemia</mesh_term>
    <mesh_term>Neoplasm Metastasis</mesh_term>
    <mesh_term>Precursor Cell Lymphoblastic Leukemia-Lymphoma</mesh_term>
    <mesh_term>Leukemia, Lymphoid</mesh_term>
    <mesh_term>Lymphoma, B-Cell</mesh_term>
    <mesh_term>Leukemia, Lymphocytic, Chronic, B-Cell</mesh_term>
    <mesh_term>Hodgkin Disease</mesh_term>
    <mesh_term>Lymphoma, Mantle-Cell</mesh_term>
    <mesh_term>Lymphoma, T-Cell</mesh_term>
    <mesh_term>Lymphoma, T-Cell, Peripheral</mesh_term>
    <mesh_term>Lymphoma, B-Cell, Marginal Zone</mesh_term>
    <mesh_term>Leukemia, Myelogenous, Chronic, BCR-ABL Positive</mesh_term>
    <mesh_term>Lymphoma, Large B-Cell, Diffuse</mesh_term>
    <mesh_term>Lymphoma, Large-Cell, Immunoblastic</mesh_term>
    <mesh_term>Plasmablastic Lymphoma</mesh_term>
    <mesh_term>Mycosis Fungoides</mesh_term>
    <mesh_term>Leukemia, Myelomonocytic, Acute</mesh_term>
    <mesh_term>Leukemia, Myelomonocytic, Chronic</mesh_term>
    <mesh_term>Sezary Syndrome</mesh_term>
    <mesh_term>Leukemia, T-Cell</mesh_term>
    <mesh_term>Lymphoma, T-Cell, Cutaneous</mesh_term>
    <mesh_term>Waldenstrom Macroglobulinemia</mesh_term>
    <mesh_term>Leukemia-Lymphoma, Adult T-Cell</mesh_term>
    <mesh_term>Leukemia, Myelomonocytic, Juvenile</mesh_term>
    <mesh_term>Polycythemia Vera</mesh_term>
    <mesh_term>Lymphoma, Large-Cell, Anaplastic</mesh_term>
    <mesh_term>Leukemia, Hairy Cell</mesh_term>
    <mesh_term>Leukemia, Myeloid, Chronic-Phase</mesh_term>
    <mesh_term>Lymphomatoid Granulomatosis</mesh_term>
    <mesh_term>Leukemia, Myeloid, Accelerated Phase</mesh_term>
    <mesh_term>Lymphoma, Extranodal NK-T-Cell</mesh_term>
    <mesh_term>Leukemia, Large Granular Lymphocytic</mesh_term>
    <mesh_term>Shwachman-Diamond Syndrome</mesh_term>
    <mesh_term>Hemoglobinuria</mesh_term>
    <mesh_term>Anemia</mesh_term>
    <mesh_term>Myelodysplastic Syndromes</mesh_term>
    <mesh_term>Thrombocytopenia</mesh_term>
    <mesh_term>Primary Myelofibrosis</mesh_term>
    <mesh_term>Neutropenia</mesh_term>
    <mesh_term>Myeloproliferative Disorders</mesh_term>
    <mesh_term>Anemia, Aplastic</mesh_term>
    <mesh_term>Polycythemia</mesh_term>
    <mesh_term>Lymphoproliferative Disorders</mesh_term>
    <mesh_term>Hemoglobinuria, Paroxysmal</mesh_term>
    <mesh_term>Immunoblastic Lymphadenopathy</mesh_term>
    <mesh_term>Myelodysplastic-Myeloproliferative Diseases</mesh_term>
    <mesh_term>Anemia, Diamond-Blackfan</mesh_term>
    <mesh_term>Wiskott-Aldrich Syndrome</mesh_term>
    <mesh_term>Severe Combined Immunodeficiency</mesh_term>
    <mesh_term>Syndrome</mesh_term>
    <mesh_term>Recurrence</mesh_term>
  </condition_browse>
  <intervention_browse>
    <!-- CAUTION:  The following MeSH terms are assigned with an imperfect algorithm            -->
    <mesh_term>Mycophenolic Acid</mesh_term>
    <mesh_term>Methotrexate</mesh_term>
    <mesh_term>Fludarabine phosphate</mesh_term>
    <mesh_term>Fludarabine</mesh_term>
    <mesh_term>Melphalan</mesh_term>
    <mesh_term>Tacrolimus</mesh_term>
  </intervention_browse>
  <provided_document_section>
    <provided_document>
      <document_type>Study Protocol and Statistical Analysis Plan</document_type>
      <document_has_protocol>Yes</document_has_protocol>
      <document_has_icf>No</document_has_icf>
      <document_has_sap>Yes</document_has_sap>
      <document_date>October 7, 2014</document_date>
      <document_url>https://ClinicalTrials.gov/ProvidedDocs/27/NCT01529827/Prot_SAP_000.pdf</document_url>
    </provided_document>
    <provided_document>
      <document_type>Informed Consent Form</document_type>
      <document_has_protocol>No</document_has_protocol>
      <document_has_icf>Yes</document_has_icf>
      <document_has_sap>No</document_has_sap>
      <document_date>September 20, 2014</document_date>
      <document_url>https://ClinicalTrials.gov/ProvidedDocs/27/NCT01529827/ICF_001.pdf</document_url>
    </provided_document>
  </provided_document_section>

  <clinical_results>

    <participant_flow>
      <group_list>
        <group group_id="P1">
          <title>Treatment (Reduced Intensity Allogeneic PBSCT)</title>
          <description>PREPARATIVE REGIMEN: Patients receive fludarabine phosphate IV over 30 minutes on days -5 to -2 and melphalan IV over 30 minutes on day -2. Patients undergo low-dose TBI BID on day -1. TRANSPLANTATION: Patients undergo allogeneic PBSCT on day 0. GvHD PROPHYLAXIS: Patients receive tacrolimus IV or PO BID on days -1 to 100 with taper over 4-6 months, MMF PO or IV every 6-8 hours on days -1 to 60, and methotrexate IV over 15 to 30 minutes on days 1, 3, and 6.&#xD;
fludarabine phosphate: Given IV&#xD;
melphalan: Given IV&#xD;
total-body irradiation: Undergo TBI&#xD;
tacrolimus: Given IV or PO&#xD;
mycophenolate mofetil: Given IV or PO&#xD;
methotrexate: Given IV&#xD;
laboratory biomarker analysis: Correlative studies&#xD;
allogeneic hematopoietic stem cell transplantation: Undergo allogeneic PBSCT&#xD;
peripheral blood stem cell transplantation: Undergo PBSCT</description>
        </group>
      </group_list>
      <period_list>
        <period>
          <title>Overall Study</title>
          <milestone_list>
            <milestone>
              <title>STARTED</title>
              <participants_list>
                <participants group_id="P1" count="94"/>
              </participants_list>
            </milestone>
            <milestone>
              <title>COMPLETED</title>
              <participants_list>
                <participants group_id="P1" count="94"/>
              </participants_list>
            </milestone>
            <milestone>
              <title>NOT COMPLETED</title>
              <participants_list>
                <participants group_id="P1" count="0"/>
              </participants_list>
            </milestone>
          </milestone_list>
        </period>
      </period_list>
    </participant_flow>

    <baseline>
      <population>All treated and eligible patients</population>
      <group_list>
        <group group_id="B1">
          <title>Treatment (Reduced Intensity Allogeneic PBSCT)</title>
          <description>PREPARATIVE REGIMEN: Patients receive fludarabine phosphate IV over 30 minutes on days -5 to -2 and melphalan IV over 30 minutes on day -2. Patients undergo low-dose TBI BID on day -1. TRANSPLANTATION: Patients undergo allogeneic PBSCT on day 0. GvHD PROPHYLAXIS: Patients receive tacrolimus IV or PO BID on days -1 to 100 with taper over 4-6 months, MMF PO or IV every 6-8 hours on days -1 to 60, and methotrexate IV over 15 to 30 minutes on days 1, 3, and 6.&#xD;
fludarabine phosphate: Given IV&#xD;
melphalan: Given IV&#xD;
total-body irradiation: Undergo TBI&#xD;
tacrolimus: Given IV or PO&#xD;
mycophenolate mofetil: Given IV or PO&#xD;
methotrexate: Given IV&#xD;
laboratory biomarker analysis: Correlative studies&#xD;
allogeneic hematopoietic stem cell transplantation: Undergo allogeneic PBSCT&#xD;
peripheral blood stem cell transplantation: Undergo PBSCT</description>
        </group>
      </group_list>
      <analyzed_list>
        <analyzed>
          <units>Participants</units>
          <scope>Overall</scope>
          <count_list>
            <count group_id="B1" value="94"/>
          </count_list>
        </analyzed>
      </analyzed_list>
      <measure_list>
        <measure>
          <title>Age</title>
          <units>Participants</units>
          <param>Count of Participants</param>
          <class_list>
            <class>
              <category_list>
                <category>
                  <title>&lt;=18 years</title>
                  <measurement_list>
                    <measurement group_id="B1" value="1"/>
                  </measurement_list>
                </category>
                <category>
                  <title>Between 18 and 65 years</title>
                  <measurement_list>
                    <measurement group_id="B1" value="66"/>
                  </measurement_list>
                </category>
                <category>
                  <title>&gt;=65 years</title>
                  <measurement_list>
                    <measurement group_id="B1" value="27"/>
                  </measurement_list>
                </category>
              </category_list>
            </class>
          </class_list>
        </measure>
        <measure>
          <title>Age</title>
          <units>years</units>
          <param>Mean</param>
          <dispersion>Standard Deviation</dispersion>
          <class_list>
            <class>
              <category_list>
                <category>
                  <measurement_list>
                    <measurement group_id="B1" value="57.2" spread="12.3"/>
                  </measurement_list>
                </category>
              </category_list>
            </class>
          </class_list>
        </measure>
        <measure>
          <title>Sex: Female, Male</title>
          <units>Participants</units>
          <param>Count of Participants</param>
          <class_list>
            <class>
              <category_list>
                <category>
                  <title>Female</title>
                  <measurement_list>
                    <measurement group_id="B1" value="45"/>
                  </measurement_list>
                </category>
                <category>
                  <title>Male</title>
                  <measurement_list>
                    <measurement group_id="B1" value="49"/>
                  </measurement_list>
                </category>
              </category_list>
            </class>
          </class_list>
        </measure>
        <measure>
          <title>Race (NIH/OMB)</title>
          <units>Participants</units>
          <param>Count of Participants</param>
          <class_list>
            <class>
              <category_list>
                <category>
                  <title>American Indian or Alaska Native</title>
                  <measurement_list>
                    <measurement group_id="B1" value="0"/>
                  </measurement_list>
                </category>
                <category>
                  <title>Asian</title>
                  <measurement_list>
                    <measurement group_id="B1" value="0"/>
                  </measurement_list>
                </category>
                <category>
                  <title>Native Hawaiian or Other Pacific Islander</title>
                  <measurement_list>
                    <measurement group_id="B1" value="0"/>
                  </measurement_list>
                </category>
                <category>
                  <title>Black or African American</title>
                  <measurement_list>
                    <measurement group_id="B1" value="1"/>
                  </measurement_list>
                </category>
                <category>
                  <title>White</title>
                  <measurement_list>
                    <measurement group_id="B1" value="93"/>
                  </measurement_list>
                </category>
                <category>
                  <title>More than one race</title>
                  <measurement_list>
                    <measurement group_id="B1" value="0"/>
                  </measurement_list>
                </category>
                <category>
                  <title>Unknown or Not Reported</title>
                  <measurement_list>
                    <measurement group_id="B1" value="0"/>
                  </measurement_list>
                </category>
              </category_list>
            </class>
          </class_list>
        </measure>
      </measure_list>
    </baseline>

    <outcome_list>
      <outcome>
        <type>Primary</type>
        <title>Transplant Related Mortality (TRM)</title>
        <description>Day 100 transplant related mortality (TRM). An exact 95% confidence interval will be provided.</description>
        <time_frame>In the first 100 days from day 0 of transplant</time_frame>
        <population>All treated and eligible patients</population>
        <group_list>
          <group group_id="O1">
            <title>Treatment (Reduced Intensity Allogeneic PBSCT)</title>
            <description>PREPARATIVE REGIMEN: Patients receive fludarabine phosphate IV over 30 minutes on days -5 to -2 and melphalan IV over 30 minutes on day -2. Patients undergo low-dose TBI BID on day -1. TRANSPLANTATION: Patients undergo allogeneic PBSCT on day 0. GvHD PROPHYLAXIS: Patients receive tacrolimus IV or PO BID on days -1 to 100 with taper over 4-6 months, MMF PO or IV every 6-8 hours on days -1 to 60, and methotrexate IV over 15 to 30 minutes on days 1, 3, and 6.&#xD;
fludarabine phosphate: Given IV&#xD;
melphalan: Given IV&#xD;
total-body irradiation: Undergo TBI&#xD;
tacrolimus: Given IV or PO&#xD;
mycophenolate mofetil: Given IV or PO&#xD;
methotrexate: Given IV&#xD;
laboratory biomarker analysis: Correlative studies&#xD;
allogeneic hematopoietic stem cell transplantation: Undergo allogeneic PBSCT&#xD;
peripheral blood stem cell transplantation: Undergo PBSCT</description>
          </group>
        </group_list>
        <measure>
          <title>Transplant Related Mortality (TRM)</title>
          <description>Day 100 transplant related mortality (TRM). An exact 95% confidence interval will be provided.</description>
          <population>All treated and eligible patients</population>
          <units>percentage of participants</units>
          <param>Number</param>
          <dispersion>95% Confidence Interval</dispersion>
          <analyzed_list>
            <analyzed>
              <units>Participants</units>
              <scope>Measure</scope>
              <count_list>
                <count group_id="O1" value="94"/>
              </count_list>
            </analyzed>
          </analyzed_list>
          <class_list>
            <class>
              <category_list>
                <category>
                  <measurement_list>
                    <measurement group_id="O1" value="8.5" lower_limit="4.0" upper_limit="15.3"/>
                  </measurement_list>
                </category>
              </category_list>
            </class>
          </class_list>
        </measure>
      </outcome>
      <outcome>
        <type>Secondary</type>
        <title>Clinical Response</title>
        <description>Patients will be followed according to response criteria as referenced in BMT SOP &quot;Standards of Therapy&quot; last updated 2008. Clinical Response = CR + PR.&#xD;
Complete Response Requires all of the following:&#xD;
Serum and urine negative for monoclonal proteins by immunofixation&#xD;
Normal free light chain ratio&#xD;
Plasma cells in marrow &lt; 5%&#xD;
Partial Response (PR) Requires any of the following:&#xD;
- ≥ 50% reduction in current serum monoclonal protein levels &gt; 0.5 g/dL or urine light chain levels &gt; 100 mg/day with a visible peak or free light chain levels &gt; 10mg/dL&#xD;
Progressive Disease (PD) Requires any of the following:&#xD;
If progressing from CR, any detectable monoclonal protein or abnormal free light chain ratio (light chain must double)&#xD;
If progressive from PR or SD, ≥ 50% increase in the serum M protein to &gt; 0.5 g/dL,or ≥ 50% increase in urine M protein to &gt; 200mg/day with visible peak present.&#xD;
Free light chain increase of ≥ 50% to</description>
        <time_frame>In the first 100 days from day 0 of transplant</time_frame>
        <population>All treated and eligible patients</population>
        <group_list>
          <group group_id="O1">
            <title>Treatment (Reduced Intensity Allogeneic PBSCT)</title>
            <description>PREPARATIVE REGIMEN: Patients receive fludarabine phosphate IV over 30 minutes on days -5 to -2 and melphalan IV over 30 minutes on day -2. Patients undergo low-dose TBI BID on day -1. TRANSPLANTATION: Patients undergo allogeneic PBSCT on day 0. GvHD PROPHYLAXIS: Patients receive tacrolimus IV or PO BID on days -1 to 100 with taper over 4-6 months, MMF PO or IV every 6-8 hours on days -1 to 60, and methotrexate IV over 15 to 30 minutes on days 1, 3, and 6.&#xD;
fludarabine phosphate: Given IV&#xD;
melphalan: Given IV&#xD;
total-body irradiation: Undergo TBI&#xD;
tacrolimus: Given IV or PO&#xD;
mycophenolate mofetil: Given IV or PO&#xD;
methotrexate: Given IV&#xD;
laboratory biomarker analysis: Correlative studies&#xD;
allogeneic hematopoietic stem cell transplantation: Undergo allogeneic PBSCT&#xD;
peripheral blood stem cell transplantation: Undergo PBSCT</description>
          </group>
        </group_list>
        <measure>
          <title>Clinical Response</title>
          <description>Patients will be followed according to response criteria as referenced in BMT SOP &quot;Standards of Therapy&quot; last updated 2008. Clinical Response = CR + PR.&#xD;
Complete Response Requires all of the following:&#xD;
Serum and urine negative for monoclonal proteins by immunofixation&#xD;
Normal free light chain ratio&#xD;
Plasma cells in marrow &lt; 5%&#xD;
Partial Response (PR) Requires any of the following:&#xD;
- ≥ 50% reduction in current serum monoclonal protein levels &gt; 0.5 g/dL or urine light chain levels &gt; 100 mg/day with a visible peak or free light chain levels &gt; 10mg/dL&#xD;
Progressive Disease (PD) Requires any of the following:&#xD;
If progressing from CR, any detectable monoclonal protein or abnormal free light chain ratio (light chain must double)&#xD;
If progressive from PR or SD, ≥ 50% increase in the serum M protein to &gt; 0.5 g/dL,or ≥ 50% increase in urine M protein to &gt; 200mg/day with visible peak present.&#xD;
Free light chain increase of ≥ 50% to</description>
          <population>All treated and eligible patients</population>
          <units>percentage of participants</units>
          <param>Number</param>
          <dispersion>95% Confidence Interval</dispersion>
          <analyzed_list>
            <analyzed>
              <units>Participants</units>
              <scope>Measure</scope>
              <count_list>
                <count group_id="O1" value="94"/>
              </count_list>
            </analyzed>
          </analyzed_list>
          <class_list>
            <class>
              <category_list>
                <category>
                  <measurement_list>
                    <measurement group_id="O1" value="45" lower_limit="34" upper_limit="55"/>
                  </measurement_list>
                </category>
              </category_list>
            </class>
          </class_list>
        </measure>
      </outcome>
      <outcome>
        <type>Secondary</type>
        <title>Progression Free Survival (PFS) at One Year</title>
        <description>Assessed using Kaplan Meier and Proportional Hazards</description>
        <time_frame>day of transplant until progression up to 5 years</time_frame>
        <population>All treated and eligible patients</population>
        <group_list>
          <group group_id="O1">
            <title>Treatment (Reduced Intensity Allogeneic PBSCT)</title>
            <description>PREPARATIVE REGIMEN: Patients receive fludarabine phosphate IV over 30 minutes on days -5 to -2 and melphalan IV over 30 minutes on day -2. Patients undergo low-dose TBI BID on day -1. TRANSPLANTATION: Patients undergo allogeneic PBSCT on day 0. GvHD PROPHYLAXIS: Patients receive tacrolimus IV or PO BID on days -1 to 100 with taper over 4-6 months, MMF PO or IV every 6-8 hours on days -1 to 60, and methotrexate IV over 15 to 30 minutes on days 1, 3, and 6.&#xD;
fludarabine phosphate: Given IV&#xD;
melphalan: Given IV&#xD;
total-body irradiation: Undergo TBI&#xD;
tacrolimus: Given IV or PO&#xD;
mycophenolate mofetil: Given IV or PO&#xD;
methotrexate: Given IV&#xD;
laboratory biomarker analysis: Correlative studies&#xD;
allogeneic hematopoietic stem cell transplantation: Undergo allogeneic PBSCT&#xD;
peripheral blood stem cell transplantation: Undergo PBSCT</description>
          </group>
        </group_list>
        <measure>
          <title>Progression Free Survival (PFS) at One Year</title>
          <description>Assessed using Kaplan Meier and Proportional Hazards</description>
          <population>All treated and eligible patients</population>
          <units>percentage of participants</units>
          <param>Number</param>
          <dispersion>95% Confidence Interval</dispersion>
          <analyzed_list>
            <analyzed>
              <units>Participants</units>
              <scope>Measure</scope>
              <count_list>
                <count group_id="O1" value="94"/>
              </count_list>
            </analyzed>
          </analyzed_list>
          <class_list>
            <class>
              <category_list>
                <category>
                  <measurement_list>
                    <measurement group_id="O1" value="85" lower_limit="76" upper_limit="91"/>
                  </measurement_list>
                </category>
              </category_list>
            </class>
          </class_list>
        </measure>
      </outcome>
      <outcome>
        <type>Secondary</type>
        <title>Median Time to Neutrophil Engraftment</title>
        <description>Median time to recovery of absolute neutrophil count &gt;=500/uL for 3 consecutive days. Summarized using standard descriptive statistics along with corresponding 95% confidence intervals.</description>
        <time_frame>Day 100</time_frame>
        <population>All treated and eligible patients</population>
        <group_list>
          <group group_id="O1">
            <title>Treatment (Reduced Intensity Allogeneic PBSCT)</title>
            <description>PREPARATIVE REGIMEN: Patients receive fludarabine phosphate IV over 30 minutes on days -5 to -2 and melphalan IV over 30 minutes on day -2. Patients undergo low-dose TBI BID on day -1. TRANSPLANTATION: Patients undergo allogeneic PBSCT on day 0. GvHD PROPHYLAXIS: Patients receive tacrolimus IV or PO BID on days -1 to 100 with taper over 4-6 months, MMF PO or IV every 6-8 hours on days -1 to 60, and methotrexate IV over 15 to 30 minutes on days 1, 3, and 6.&#xD;
fludarabine phosphate: Given IV&#xD;
melphalan: Given IV&#xD;
total-body irradiation: Undergo TBI&#xD;
tacrolimus: Given IV or PO&#xD;
mycophenolate mofetil: Given IV or PO&#xD;
methotrexate: Given IV&#xD;
laboratory biomarker analysis: Correlative studies&#xD;
allogeneic hematopoietic stem cell transplantation: Undergo allogeneic PBSCT&#xD;
peripheral blood stem cell transplantation: Undergo PBSCT</description>
          </group>
        </group_list>
        <measure>
          <title>Median Time to Neutrophil Engraftment</title>
          <description>Median time to recovery of absolute neutrophil count &gt;=500/uL for 3 consecutive days. Summarized using standard descriptive statistics along with corresponding 95% confidence intervals.</description>
          <population>All treated and eligible patients</population>
          <units>days</units>
          <param>Median</param>
          <dispersion>Full Range</dispersion>
          <analyzed_list>
            <analyzed>
              <units>Participants</units>
              <scope>Measure</scope>
              <count_list>
                <count group_id="O1" value="94"/>
              </count_list>
            </analyzed>
          </analyzed_list>
          <class_list>
            <class>
              <category_list>
                <category>
                  <measurement_list>
                    <measurement group_id="O1" value="17" lower_limit="6" upper_limit="64"/>
                  </measurement_list>
                </category>
              </category_list>
            </class>
          </class_list>
        </measure>
      </outcome>
    </outcome_list>

    <reported_events>
      <group_list>
        <group group_id="E1">
          <title>Treatment (Reduced Intensity Allogeneic PBSCT)</title>
          <description>PREPARATIVE REGIMEN: Patients receive fludarabine phosphate IV over 30 minutes on days -5 to -2 and melphalan IV over 30 minutes on day -2. Patients undergo low-dose TBI BID on day -1. TRANSPLANTATION: Patients undergo allogeneic PBSCT on day 0. GvHD PROPHYLAXIS: Patients receive tacrolimus IV or PO BID on days -1 to 100 with taper over 4-6 months, MMF PO or IV every 6-8 hours on days -1 to 60, and methotrexate IV over 15 to 30 minutes on days 1, 3, and 6.&#xD;
fludarabine phosphate: Given IV&#xD;
melphalan: Given IV&#xD;
total-body irradiation: Undergo TBI&#xD;
tacrolimus: Given IV or PO&#xD;
mycophenolate mofetil: Given IV or PO&#xD;
methotrexate: Given IV&#xD;
laboratory biomarker analysis: Correlative studies&#xD;
allogeneic hematopoietic stem cell transplantation: Undergo allogeneic PBSCT&#xD;
peripheral blood stem cell transplantation: Undergo PBSCT</description>
        </group>
      </group_list>
      <serious_events>
        <default_assessment>Systematic Assessment</default_assessment>
        <category_list>
          <category>
            <title>Total</title>
            <event_list>
              <event>
                <sub_title>Total, serious adverse events</sub_title>
                <counts group_id="E1" subjects_affected="17" subjects_at_risk="94"/>
              </event>
            </event_list>
          </category>
          <category>
            <title>Cardiac disorders</title>
            <event_list>
              <event>
                <sub_title>Myocardial infarction</sub_title>
                <counts group_id="E1" events="4" subjects_affected="1" subjects_at_risk="94"/>
              </event>
            </event_list>
          </category>
          <category>
            <title>General disorders</title>
            <event_list>
              <event>
                <sub_title>Multi-organ failure</sub_title>
                <counts group_id="E1" events="8" subjects_affected="1" subjects_at_risk="94"/>
              </event>
              <event>
                <sub_title>Pyrexia</sub_title>
                <counts group_id="E1" events="22" subjects_affected="2" subjects_at_risk="94"/>
              </event>
            </event_list>
          </category>
          <category>
            <title>Immune system disorders</title>
            <event_list>
              <event>
                <sub_title>Acute graft versus host disease in intestine</sub_title>
                <counts group_id="E1" events="18" subjects_affected="2" subjects_at_risk="94"/>
              </event>
              <event>
                <sub_title>Graft versus host disease</sub_title>
                <counts group_id="E1" events="13" subjects_affected="3" subjects_at_risk="94"/>
              </event>
            </event_list>
          </category>
          <category>
            <title>Infections and infestations</title>
            <event_list>
              <event>
                <sub_title>Infection</sub_title>
                <counts group_id="E1" events="5" subjects_affected="1" subjects_at_risk="94"/>
              </event>
              <event>
                <sub_title>Pneumonia</sub_title>
                <counts group_id="E1" events="8" subjects_affected="1" subjects_at_risk="94"/>
              </event>
            </event_list>
          </category>
          <category>
            <title>Investigations</title>
            <event_list>
              <event>
                <sub_title>Blood culture positive</sub_title>
                <counts group_id="E1" events="4" subjects_affected="1" subjects_at_risk="94"/>
              </event>
              <event>
                <sub_title>Gram stain positive</sub_title>
                <counts group_id="E1" events="4" subjects_affected="1" subjects_at_risk="94"/>
              </event>
            </event_list>
          </category>
          <category>
            <title>Metabolism and nutrition disorders</title>
            <event_list>
              <event>
                <sub_title>Decreased appetite</sub_title>
                <counts group_id="E1" events="4" subjects_affected="1" subjects_at_risk="94"/>
              </event>
            </event_list>
          </category>
          <category>
            <title>Musculoskeletal and connective tissue disorders</title>
            <event_list>
              <event>
                <sub_title>Muscular weakness</sub_title>
                <counts group_id="E1" events="4" subjects_affected="1" subjects_at_risk="94"/>
              </event>
            </event_list>
          </category>
          <category>
            <title>Respiratory, thoracic and mediastinal disorders</title>
            <event_list>
              <event>
                <sub_title>Pleuritic pain</sub_title>
                <counts group_id="E1" events="4" subjects_affected="1" subjects_at_risk="94"/>
              </event>
            </event_list>
          </category>
          <category>
            <title>Surgical and medical procedures</title>
            <event_list>
              <event>
                <sub_title>Hospitalisation</sub_title>
                <counts group_id="E1" events="4" subjects_affected="1" subjects_at_risk="94"/>
              </event>
            </event_list>
          </category>
          <category>
            <title>Vascular disorders</title>
            <event_list>
              <event>
                <sub_title>Hypotension</sub_title>
                <counts group_id="E1" events="8" subjects_affected="1" subjects_at_risk="94"/>
              </event>
            </event_list>
          </category>
        </category_list>
      </serious_events>
      <other_events>
        <frequency_threshold>0</frequency_threshold>
        <default_assessment>Systematic Assessment</default_assessment>
        <category_list>
          <category>
            <title>Total</title>
            <event_list>
              <event>
                <sub_title>Total, other adverse events</sub_title>
                <counts group_id="E1" subjects_affected="1" subjects_at_risk="94"/>
              </event>
            </event_list>
          </category>
          <category>
            <title>Immune system disorders</title>
            <event_list>
              <event>
                <sub_title>Acute graft versus host disease in intestine</sub_title>
                <counts group_id="E1" events="1" subjects_affected="1" subjects_at_risk="94"/>
              </event>
            </event_list>
          </category>
        </category_list>
      </other_events>
    </reported_events>

    <certain_agreements>
      <pi_employee>All Principal Investigators ARE employed by the organization sponsoring the study.</pi_employee>
      <restrictive_agreement>There is NOT an agreement between Principal Investigators and the Sponsor (or its agents) that restricts the PI's rights to discuss or publish trial results after the trial is completed. </restrictive_agreement>
    </certain_agreements>
    <point_of_contact>
      <name_or_title>Senior Administrator, Compliance - Clinical Research Services</name_or_title>
      <organization>Roswell Park Cancer Institute</organization>
      <phone>716-845-2300</phone>
    </point_of_contact>
  </clinical_results>
</clinical_study>

