<?xml version="1.0" encoding="UTF-8"?>
<clinical_study rank="82">
  <!-- This xml conforms to an XML Schema at:
    https://clinicaltrials.gov/ct2/html/images/info/public.xsd -->
  <required_header>
    <download_date>ClinicalTrials.gov processed this data on February 06, 2024</download_date>
    <link_text>Link to the current ClinicalTrials.gov record.</link_text>
    <url>https://clinicaltrials.gov/ct2/show/NCT03682029</url>
  </required_header>
  <id_info>
    <org_study_id>H-16022249 low-risk cohort</org_study_id>
    <nct_id>NCT03682029</nct_id>
  </id_info>
  <brief_title>Epigenetics, Vitamin C, and Abnormal Blood Cell Formation - Vitamin C in Patients With Low-Risk Myeloid Malignancies</brief_title>
  <acronym>EVITA</acronym>
  <official_title>Epigenetics, Vitamin C, and Abnormal Hematopoiesis - Role of Vitamin C in Epigenetic Regulation in Hematopoiesis Sub-Study on CCUS, Low-Risk MDS, and CMML-0/1</official_title>
  <sponsors>
    <lead_sponsor>
      <agency>Rigshospitalet, Denmark</agency>
      <agency_class>Other</agency_class>
    </lead_sponsor>
    <collaborator>
      <agency>Van Andel Research Institute</agency>
      <agency_class>Other</agency_class>
    </collaborator>
    <collaborator>
      <agency>University of Southern California</agency>
      <agency_class>Other</agency_class>
    </collaborator>
    <collaborator>
      <agency>Imperial College London</agency>
      <agency_class>Other</agency_class>
    </collaborator>
    <collaborator>
      <agency>University of Copenhagen</agency>
      <agency_class>Other</agency_class>
    </collaborator>
    <collaborator>
      <agency>Odense University Hospital</agency>
      <agency_class>Other</agency_class>
    </collaborator>
    <collaborator>
      <agency>Technical University of Denmark</agency>
      <agency_class>Other</agency_class>
    </collaborator>
    <collaborator>
      <agency>Aalborg University Hospital</agency>
      <agency_class>Other</agency_class>
    </collaborator>
  </sponsors>
  <source>Rigshospitalet, Denmark</source>
  <oversight_info>
    <has_dmc>No</has_dmc>
    <is_fda_regulated_drug>No</is_fda_regulated_drug>
    <is_fda_regulated_device>No</is_fda_regulated_device>
  </oversight_info>
  <brief_summary>
    <textblock>
      The primary purpose of this multi-centre, randomized, placebo-controlled, double-blind phase&#xD;
      II study is to investigate if oral vitamin C may change the biology of low-risk myeloid&#xD;
      malignancies; i.e., clonal cytopenia of undetermined significance (CCUS), low-risk&#xD;
      myelodysplastic syndromes (MDS), and chronic myelomonocytic leukemia (CMML)-0/1 by reversing&#xD;
      the epigenetic changes characteristic of these disease entities. The epigenetic regulator&#xD;
      TET2 is the gene most often affected in CCUS. Preclinical studies have shown that active&#xD;
      demethylation by the TET enzymes is dependent on vitamin C, and the investigators and&#xD;
      collaborators have shown that plasma vitamin C levels are exceedingly low in hematological&#xD;
      cancer patients but are easily corrected by oral vitamin C. This study is part of an array of&#xD;
      EVITA studies aimed at clarifying whether the standard of care of patients with myeloid&#xD;
      malignancies should be changed and oral vitamin C supplement added to the treatment&#xD;
      recommendations.&#xD;
    </textblock>
  </brief_summary>
  <detailed_description>
    <textblock>
      BACKGROUND Recent investigations have shown that mutations in epigenetic regulators are&#xD;
      common, both in the apparently normal hematopoiesis of the elderly and in patients (pts) with&#xD;
      myeloid cancers. It was long anticipated that DNA methylation was a permanent silencing mark,&#xD;
      but with the discovery of the ten eleven translocation (TET) enzymes it became clear that&#xD;
      active demethylation occurs. The initial steps in this process are catalyzed by TET enzymes,&#xD;
      which are, however, frequently mutated and methylated in hematological cancers. The Jumonji&#xD;
      enzymes, which catalyze histone demethylation, are also aberrantly regulated in hematological&#xD;
      cancers.&#xD;
&#xD;
      Vitamin C (VitC) was identified in the 1930'ies as the necessary micronutrient in the&#xD;
      prevention of scurvy. Unlike plants and most animals, humans are unable to synthesize vitC&#xD;
      from glucose due to lack of the required enzyme, L-gulonolactone oxidase. Therefore, vitC&#xD;
      must be provided through the diet. Recent studies recognize vitC as an important cofactor for&#xD;
      the Fe(II)- and 2-oxoglutarate dioxygenase family. These include the TET enzymes, which are&#xD;
      involved in the conversion of 5-methylcytosine (5-mC) to its oxidized derivatives&#xD;
      5-hydroxymethylcytosine (5-hmC), 5-carboxyl cytosine (5-caC), and 5-formylcytosine (5-fC),&#xD;
      and the Jumonji enzymes that are involved in histone demethylation. Accordingly, vitC may&#xD;
      potentially play an important role in the regulation of DNA and histone demethylation.&#xD;
      However, &gt; 80 percentage of hematological cancer pts were found to be severely vitC&#xD;
      deficient. Interestingly, analyses of 20 participants included in the investigators' recently&#xD;
      conducted randomized, placebo-controlled pilot study (NCT02877277) show that the level of&#xD;
      vitC in MDS and CMML pts undergoing treatment with azacitidine, is easily elevated to the&#xD;
      normal range by oral vitC supplement (unpublished data). When pts that were already taking&#xD;
      vitC supplements were switched to placebo, the vitC levels quickly dropped below the normal&#xD;
      range.&#xD;
&#xD;
      It has also been shown that the formation of 5-hmC and its derivatives may be compromised in&#xD;
      healthy individuals and pts with TET mutations. However, since many of these mutations are&#xD;
      heterozygous, and since the three TET enzymes (TET1, TET2, and TET3) may have some&#xD;
      redundancy, restoration of vitC to physiological levels might have an impact on the level of&#xD;
      5-hmC/5-mC in individuals with TET mutant clonal hematopoiesis or hematological cancer.&#xD;
&#xD;
      Analyses of 5-hmC/5-mC levels in peripheral blood (PB) mononuclear cells (MNCs) from the&#xD;
      participants in the pilot study also showed a clear trend toward increased 5-hmC in the vitC&#xD;
      arm, however, after designing the trial the investigators realized that 5-hmC/5-mC levels are&#xD;
      better measured in hematopoietic stem cells in the bone marrow (BM) where the levels are&#xD;
      10-20 fold higher. Thus, the pilot study will be followed-up with a randomized&#xD;
      placebo-controlled trial of oral vitC in individuals with low-risk myeloid malignancies;&#xD;
      i.e., CCUS or low-risk MDS/CMML, to investigate if oral vitC can change the biology of these&#xD;
      disease entities and ultimately prevent progression.&#xD;
&#xD;
      Hypotheses:&#xD;
&#xD;
        1. The investigators and collaborators have previously shown that cancer pts are vitC&#xD;
           deficient, and individuals with CCUS, which represents pre-MDS, might also be vitC&#xD;
           deficient. The hypothesis is that this may lead to reduced levels of 5-hmC/5-mC in vivo&#xD;
           in both cancer pts and individuals with CCUS&#xD;
&#xD;
        2. Elevating serum vitC levels to the normal range in CCUS and low-risk MDS/CMML pts by&#xD;
           oral supplementation with vitC may&#xD;
&#xD;
             -  reduce the malignant clone,&#xD;
&#xD;
             -  increase the 5-hmC/5-mC ratio,&#xD;
&#xD;
             -  change the plasma cytokine profile towards a less inflammatory, less tumorigenic&#xD;
                profile,&#xD;
&#xD;
             -  change gene expression&#xD;
&#xD;
      Aims:&#xD;
&#xD;
      To determine if restoring vitC to the normal range in CCUS and low-risk MDS/CMML pts can:&#xD;
&#xD;
        1. reduce the malignant clone,&#xD;
&#xD;
        2. increase the 5-hmC/5-mC ratio in CCUS and low-risk MDS/CMML pts&#xD;
&#xD;
        3. reduce accumulation of 5-mC at promoters/enhancers/long terminal repeats (LTRs), or at&#xD;
           other regulatory genomic regions of tumor suppressors/methylated driver genes/genes&#xD;
           involved in hematopoietic development,&#xD;
&#xD;
        4. upregulate the expression of these genes,&#xD;
&#xD;
        5. change the plasma cytokine profile,&#xD;
&#xD;
        6. alter intestinal permeability (measured by concentration of bacterial DNA in peripheral&#xD;
           blood) and/or composition of gut microbiota,&#xD;
&#xD;
        7. entail any safety risks.&#xD;
&#xD;
      RESEARCH PLAN A total of 100 patients is planned for enrolment. Individuals with CCUS,&#xD;
      low-risk MDS, or CMML-0 or -1 will be included from Rigshospitalet, Herlev University&#xD;
      Hospital, Odense University Hospital, Aalborg University Hospital or Keck Hospital of&#xD;
      University of Southern California between November 2017-December 2021.&#xD;
&#xD;
      The participants will enter block randomization with a ratio of 1:1; vitC 1000 mg/day p.o.&#xD;
      versus placebo for one year.&#xD;
&#xD;
      Up to 30 healthy elderly volunteers are planned for enrolment. Amount and type of bacterial&#xD;
      DNA in PB will be determined and serve as controls.&#xD;
&#xD;
      MATERIAL AND MEASUREMENTS PB: PB samples (45 mL) will be taken at study entry and every 3&#xD;
      months (or more if required according to physician's choice) during the first year.&#xD;
&#xD;
      Measurements include blood counts including differential count, levels of folic acid, vitamin&#xD;
      B12, vitamin D, iron, ferritin, transferrin, transferrin saturation, plasma vitC levels,&#xD;
      cytokines, and bacterial DNA content (referenced to bacterial DNA on patient's skin and in&#xD;
      feces).&#xD;
&#xD;
      BM: BM samples (18 mL) will be taken at study entry, after 3 months, and after one year.&#xD;
&#xD;
      Levels of vitC and various cytokines will be measured. Mutations in genes frequently involved&#xD;
      in myeloid cancer/clonal hematopoiesis, including epigenetic regulators, and variant allele&#xD;
      frequencies (VAF) will be investigated by targeted next generation sequencing in sorted BM&#xD;
      CD34+ cells (if available) or BM negative fraction of CD34+ sorting at study entry, after 3&#xD;
      months and after one year.&#xD;
&#xD;
      RNA sequencing and total 5-hmC/5-mC assessment will be performed on BM CD34+ hematopoietic&#xD;
      stem cells.&#xD;
&#xD;
      Feces: Feces samples (9 mL) will be collected from a subset of patients at study entry, after&#xD;
      3 months, and after one year. Bacterial DNA will be extracted and sequenced.&#xD;
&#xD;
      RESEARCH BIOBANK A research biobank will be established at The Epi-/Genome Laboratory,&#xD;
      Rigshospitalet / Biotech Research and Innovation Centre to store the biological samples from&#xD;
      the participants. The research biobank is approved by the Regional Science Ethics Committee&#xD;
      and the Danish Data Protection Agency in accordance with the Act on Processing of Personal&#xD;
      Data (license no. H-16022249 and 04864/RH-2016-259, respectively). Cryopreserved separated&#xD;
      MNCs from BM and PB will be stored in addition to granulocyte pellets and plasma. The date&#xD;
      for closing the research biobank is 31-12-2030.&#xD;
&#xD;
      For correlative studies, biological samples will be sent to Van Andel Research Institute,&#xD;
      Grand Rapids, US, and Imperial College, London, UK (external collaborators), for RNA&#xD;
      sequencing and analyses of DNA methylation and hydroxymethylation, respectively. Biological&#xD;
      samples will also be sent to Life Science Faculty, University of Copenhagen, and The National&#xD;
      Veterinary Institute, Technical University of Denmark (external collaborators) for&#xD;
      measurement of serum vitC concentrations and analyses of T cell responses, respectively.&#xD;
&#xD;
      METHODS VitC measurement: Ascorbate and total vitC, i.e., ascorbate + dehydroascorbic acid&#xD;
      (the oxidized form of vitC; DHA), are quantified by high-performance liquid chromatography&#xD;
      (HPLC) with coulometric detection; DHA is assessed by subtraction of ascorbate from total&#xD;
      vitC. Uric acid is used as endogenous internal standard.&#xD;
&#xD;
      Cell sorting: Magnetic-activated cell sorting (MACS, using a EasySep device).&#xD;
&#xD;
      Total 5-hmC/5-mC measurement: Dot blot analysis of 5-hmC. 5-hmC/5-mC measurement by Mass&#xD;
      Spectrometry.&#xD;
&#xD;
      Locus specific 5-hmC/5-mC measurement: &quot;EPIC&quot; 850 K BeadChips. 5-hmC/5-mC at selected sites&#xD;
      will be measured by pyrosequencing.&#xD;
&#xD;
      Gene expression: Total RNA sequencing and reverse transcriptase-quantitative polymerase chain&#xD;
      reaction.&#xD;
&#xD;
      Mutation detection: Targeted next generation sequencing of a panel of genes recurrently&#xD;
      mutated in myeloid cancer as described.&#xD;
&#xD;
      STATISTICAL CONSIDERATIONS AND POWER CALCULATION This study is the first study to examine the&#xD;
      effects of vitC as monotherapy on 5-hmC/5-mC levels in hematopoietic stem cells in humans in&#xD;
      vivo. Therefore, it is not possible to perform a power calculation or a sample size&#xD;
      calculation. The number of participants (n=100) is set as an estimate of the number needed to&#xD;
      observe a potential significant difference between the groups (vitC vs. placebo) in the&#xD;
      primary endpoint; median change in VAF of somatic mutations from baseline to 12 months.&#xD;
&#xD;
      Efficacy analyses are by intention-to-treat. Safety analyses include all participants who&#xD;
      receive at least one dose of protocol therapy.&#xD;
&#xD;
      ETHICAL CONSIDERATIONS The study has been approved by the Regional Science Ethics Committee&#xD;
      (H-16022249) and the Danish Data Protection Agency (04864/RH-2016-259).&#xD;
&#xD;
      All participants included in the project will be informed orally and in writing.&#xD;
      Participation will only be accepted after written consent. Participants will be informed that&#xD;
      they can at any time for any reason withdraw from the study without it affecting their&#xD;
      treatment in the health care system.&#xD;
&#xD;
      Using the targeted DNA sequencing approach described, there is a small risk of detecting a&#xD;
      germline mutation in the participants related to myeloid malignancy. The participants will be&#xD;
      asked to state in the informed consent if they do not want to receive any further relevant&#xD;
      health-related information that may appear during the project analyses. Unless the&#xD;
      participant explicitly states that he or she does not want to be informed of any potential&#xD;
      health-related random findings in the study, the participant will be informed and offered&#xD;
      further investigations and genetic counseling at the local hospital in case of random&#xD;
      findings.&#xD;
&#xD;
      Patient disadvantages, side effects, risks, and complications Blood sampling is associated&#xD;
      with brief discomfort and/or pain. No significant risks are associated with the blood&#xD;
      sampling. Local bleeding can occur, which in rare cases can cause discomfort and&#xD;
      discoloration for a few days. Rarely, a blood sampling can cause vasovagal reaction leading&#xD;
      to a brief loss of consciousness.&#xD;
&#xD;
      BM aspiration is associated with brief pain while the local anesthesia is given. Furthermore,&#xD;
      many individuals experience an uncomfortable feeling in the nates and leg while the BM is&#xD;
      aspirated. This lasts approximately 30 seconds. Finally, some tenderness can occur for a few&#xD;
      days after the procedure. Possible complications to undergoing a BM investigation include&#xD;
      bleeding and infection. However, the incidence of these complications is extremely low.&#xD;
&#xD;
      According to the Nordic Nutrition Recommendations there is no evidence that intake of vitC&#xD;
      above 1000 mg/day are either carcinogenic or teratogenic. However, high intakes (&gt; 1000-2000&#xD;
      mg/day) may cause diarrhea and other gastrointestinal disturbances and susceptible&#xD;
      individuals may experience kidney stone formation from increased oxalate formation. Since&#xD;
      vitC is only given at physiological doses, it is anticipated that the study is safe and will&#xD;
      provide no additional risk for the participants; an assumption that is supported by the&#xD;
      experience from the pilot study.&#xD;
    </textblock>
  </detailed_description>
  <overall_status>Active, not recruiting</overall_status>
  <start_date type="Actual">November 21, 2017</start_date>
  <completion_date type="Anticipated">September 30, 2025</completion_date>
  <primary_completion_date type="Anticipated">September 30, 2023</primary_completion_date>
  <phase>N/A</phase>
  <study_type>Interventional</study_type>
  <has_expanded_access>No</has_expanded_access>
  <study_design_info>
    <allocation>Randomized</allocation>
    <intervention_model>Parallel Assignment</intervention_model>
    <intervention_model_description>Prospective, randomized, placebo-controlled trial.</intervention_model_description>
    <primary_purpose>Prevention</primary_purpose>
    <masking>Quadruple (Participant, Care Provider, Investigator, Outcomes Assessor)</masking>
    <masking_description>Randomization performed by the independent provider of study medication (Glostrup Pharmacy).</masking_description>
  </study_design_info>
  <primary_outcome>
    <measure>Median Change from Baseline in Variant Allele Frequency at 12 Months</measure>
    <time_frame>At baseline and at 12 months</time_frame>
    <description>Median change from baseline to 12 months in mutant allele burden as measured by the variant allele frequency (VAF) and number of mutations in the vitC group vs. the placebo group.</description>
  </primary_outcome>
  <secondary_outcome>
    <measure>Mean Change from Baseline in 5-hmC/5-mC Level at 3 Months and 12 months</measure>
    <time_frame>At baseline and at 3 months and 12 months</time_frame>
    <description>Mean change from baseline to 3 months and 12 months in global 5-hmC/5-mC measured in hematopoietic stem cells is compared between the vitamin C group and the placebo group. In addition, the mean change from baseline in 5-hmC/5-mC at 12 months is compared between participants in the vitamin C arm with baseline plasma vitamin C level in the normal range vs. participants in the vitamin C arm with baseline plasma vitamin C level below the normal range.</description>
  </secondary_outcome>
  <secondary_outcome>
    <measure>Mean Change from Baseline in 5-mC at Selected Sites at 12 Months</measure>
    <time_frame>At baseline and at 12 months</time_frame>
    <description>Mean change from baseline to 12 months in 5-mC at promoters/enhancers/long terminal repeats, and other regulatory genomic regions of tumor suppressors/methylated driver genes/genes involved in hematopoietic development.</description>
  </secondary_outcome>
  <secondary_outcome>
    <measure>Mean Change from Baseline in H3K9 Methylation at Selected Sites at 12 Months</measure>
    <time_frame>At baseline and at 12 months</time_frame>
    <description>Mean change from baseline to 12 months in methylated histone H3 lysine at position 9 at promoters/enhancers/long terminal repeats, and other regulatory regions of tumor suppressors/methylated driver genes/genes involved in hematopoietic development.</description>
  </secondary_outcome>
  <secondary_outcome>
    <measure>Mean Change from Baseline in Plasma Cytokine Levels at 12 Months</measure>
    <time_frame>At baseline and at 12 months</time_frame>
    <description>Mean change from baseline to 12 months in plasma cytokine levels (e.g., IL-6, S100A9, etc.).</description>
  </secondary_outcome>
  <secondary_outcome>
    <measure>Mean Change from Baseline in mRNA Levels of Selected Genes at 12 Months</measure>
    <time_frame>At baseline and at 12 months</time_frame>
    <description>Mean change from baseline to 12 months in mRNA levels of tumor suppressor genes, oncogenes, epigenetic regulators, cytokines, and genes involved in hematopoietic development.</description>
  </secondary_outcome>
  <secondary_outcome>
    <measure>Mean Change from Baseline in mRNA Levels of Selected Genes at 3 Months</measure>
    <time_frame>At baseline and at 3 months</time_frame>
    <description>Mean change from baseline to 3 months in mRNA levels of tumor suppressor genes, oncogenes, epigenetic regulators, cytokines, and genes involved in hematopoietic development.</description>
  </secondary_outcome>
  <secondary_outcome>
    <measure>Number of Participants with Serious Adverse Events and Treatment-Related Adverse Events as Assessed by CTCAE v5.0</measure>
    <time_frame>Through study completion, 12 months</time_frame>
    <description>Number of serious adverse events and treatment-related adverse events as assessed by CTCAE v5.0. Adverse events, that are not considered serious or related to vitamin C intake, will not be recorded.</description>
  </secondary_outcome>
  <secondary_outcome>
    <measure>Percentage of Participants with Vitamin C Deficiency</measure>
    <time_frame>Day 1</time_frame>
    <description>Percentage of participants with baseline plasma vitamin C level below the normal physiological range.</description>
  </secondary_outcome>
  <secondary_outcome>
    <measure>Change in intestinal permeability and gut microbiota</measure>
    <time_frame>At baseline and at 3 months and 12 months</time_frame>
    <description>Change in intestinal permeability and gut microbiota (concentration of bacterial DNA in PB and adscription of bacteria by sequencing)</description>
  </secondary_outcome>
  <number_of_arms>2</number_of_arms>
  <enrollment type="Actual">109</enrollment>
  <condition>Myelodysplastic Syndromes</condition>
  <condition>Chronic Myelomonocytic Leukemia-1</condition>
  <condition>Cytopenia</condition>
  <arm_group>
    <arm_group_label>Vitamin C</arm_group_label>
    <arm_group_type>Experimental</arm_group_type>
    <description>Vitamin C (ascorbic acid) 500 mg/capsule. Ingestion of 2 capsules (1000 mg) daily for 12 months.</description>
  </arm_group>
  <arm_group>
    <arm_group_label>Placebo</arm_group_label>
    <arm_group_type>Placebo Comparator</arm_group_type>
    <description>Placebo capsule. Ingestion of 2 capsules daily for 12 months. Placebo will be prepared as capsules that look and taste identical to the vitamin C supplement capsules. The content of the placebo is lactose, potato starch, gelatin, magnesium stearate, and talc.</description>
  </arm_group>
  <intervention>
    <intervention_type>Dietary Supplement</intervention_type>
    <intervention_name>Vitamin C (ascorbic acid)</intervention_name>
    <description>Monotherapy with oral vitamin C supplementation to elevate plasma vitamin C level to the upper end of the physiological range.</description>
    <arm_group_label>Vitamin C</arm_group_label>
  </intervention>
  <intervention>
    <intervention_type>Other</intervention_type>
    <intervention_name>Placebo</intervention_name>
    <description>Placebo</description>
    <arm_group_label>Placebo</arm_group_label>
  </intervention>
  <eligibility>
    <criteria>
      <textblock>
        Inclusion Criteria:&#xD;
&#xD;
        A diagnosis of CCUS:&#xD;
&#xD;
          -  Persistent cytopenia for &gt; 6 months defined as hgb &lt; 11.3 g/dL (7 mmol/L) in women and&#xD;
             hgb &lt; 12.9 g/dL (8 mmol/L) in men, thrombocyte count &lt; 150 x 10^9/L or neutrophil&#xD;
             count &lt; 1.8 x 10^9/L&#xD;
&#xD;
          -  Normal cytogenetics (with the exception of deletion of the Y chromosome which can be&#xD;
             accepted)&#xD;
&#xD;
          -  A bone marrow morphology that is not diagnostic of MDS or any other malignancy&#xD;
&#xD;
          -  Other common causes of cytopenia (vitamin or other deficiencies, virus infection,&#xD;
             etc.) have been ruled out&#xD;
&#xD;
          -  Hematolytic conditions have been ruled out&#xD;
&#xD;
          -  The presence of a detectable mutation in genes recurrently affected in myeloid&#xD;
             malignancy representing a clonal marker (excluding germline mutations)&#xD;
&#xD;
        OR&#xD;
&#xD;
        A diagnosis of MDS as according to World Health Organization (WHO) 2016 diagnostic criteria&#xD;
&#xD;
        • Revised international prognostic scoring system (IPSS-R) risk score ≤ 3 AND bone marrow&#xD;
        blast percentage &lt; 5 defining low-risk&#xD;
&#xD;
        OR&#xD;
&#xD;
        A diagnosis of CMML-0 or -1 as according to WHO 2016 diagnostic criteria&#xD;
&#xD;
        AND&#xD;
&#xD;
        (All diagnostic categories) The presence of a detectable mutation in genes recurrently&#xD;
        affected in myeloid malignancy representing a clonal marker (excluding germline mutations)&#xD;
&#xD;
        Exclusion Criteria:&#xD;
&#xD;
          -  Unwillingness to discontinue any and all use of vitamin C medication/supplementation&#xD;
             including multivitamin at least 24 hours prior to Baseline investigations and sampling&#xD;
&#xD;
          -  Lack of ability to understand the information given, or lack of willingness to sign a&#xD;
             written informed consent document&#xD;
&#xD;
          -  Treatment with chemotherapy within the past 6 months&#xD;
&#xD;
          -  Patients receiving active treatment for their myeloid malignancy, including&#xD;
             investigational agents, with the exception of granulocyte colony-stimulating factor&#xD;
             (G-CSF) and erythropoietin&#xD;
&#xD;
          -  History of allergic reactions to ascorbic acid&#xD;
&#xD;
          -  Unwillingness to comply with all aspects of the protocol&#xD;
      </textblock>
    </criteria>
    <gender>All</gender>
    <minimum_age>18 Years</minimum_age>
    <maximum_age>N/A</maximum_age>
    <healthy_volunteers>No</healthy_volunteers>
  </eligibility>
  <overall_official>
    <last_name>Kirsten Grønbæk, Professor</last_name>
    <role>Principal Investigator</role>
    <affiliation>Rigshospitalet, Denmark</affiliation>
  </overall_official>
  <location>
    <facility>
      <name>Keck Hospital of University of Southern California</name>
      <address>
        <city>Los Angeles</city>
        <state>California</state>
        <zip>90033</zip>
        <country>United States</country>
      </address>
    </facility>
  </location>
  <location>
    <facility>
      <name>Rigshospitalet</name>
      <address>
        <city>Copenhagen</city>
        <state>N/A = Not Applicable</state>
        <zip>2100</zip>
        <country>Denmark</country>
      </address>
    </facility>
  </location>
  <location>
    <facility>
      <name>Aalborg University Hospital</name>
      <address>
        <city>Aalborg</city>
        <country>Denmark</country>
      </address>
    </facility>
  </location>
  <location>
    <facility>
      <name>Herlev University Hospital</name>
      <address>
        <city>Copenhagen</city>
        <zip>2730</zip>
        <country>Denmark</country>
      </address>
    </facility>
  </location>
  <location>
    <facility>
      <name>Odense University Hospital</name>
      <address>
        <city>Odense</city>
        <country>Denmark</country>
      </address>
    </facility>
  </location>
  <location_countries>
    <country>Denmark</country>
    <country>United States</country>
  </location_countries>
  <reference>
    <citation>Busque L, Mio R, Mattioli J, Brais E, Blais N, Lalonde Y, Maragh M, Gilliland DG. Nonrandom X-inactivation patterns in normal females: lyonization ratios vary with age. Blood. 1996 Jul 1;88(1):59-65.</citation>
    <PMID>8704202</PMID>
  </reference>
  <reference>
    <citation>Genovese G, Kahler AK, Handsaker RE, Lindberg J, Rose SA, Bakhoum SF, Chambert K, Mick E, Neale BM, Fromer M, Purcell SM, Svantesson O, Landen M, Hoglund M, Lehmann S, Gabriel SB, Moran JL, Lander ES, Sullivan PF, Sklar P, Gronberg H, Hultman CM, McCarroll SA. Clonal hematopoiesis and blood-cancer risk inferred from blood DNA sequence. N Engl J Med. 2014 Dec 25;371(26):2477-87. doi: 10.1056/NEJMoa1409405. Epub 2014 Nov 26.</citation>
    <PMID>25426838</PMID>
  </reference>
  <reference>
    <citation>Jaiswal S, Fontanillas P, Flannick J, Manning A, Grauman PV, Mar BG, Lindsley RC, Mermel CH, Burtt N, Chavez A, Higgins JM, Moltchanov V, Kuo FC, Kluk MJ, Henderson B, Kinnunen L, Koistinen HA, Ladenvall C, Getz G, Correa A, Banahan BF, Gabriel S, Kathiresan S, Stringham HM, McCarthy MI, Boehnke M, Tuomilehto J, Haiman C, Groop L, Atzmon G, Wilson JG, Neuberg D, Altshuler D, Ebert BL. Age-related clonal hematopoiesis associated with adverse outcomes. N Engl J Med. 2014 Dec 25;371(26):2488-98. doi: 10.1056/NEJMoa1408617. Epub 2014 Nov 26.</citation>
    <PMID>25426837</PMID>
  </reference>
  <reference>
    <citation>Shih AH, Abdel-Wahab O, Patel JP, Levine RL. The role of mutations in epigenetic regulators in myeloid malignancies. Nat Rev Cancer. 2012 Sep;12(9):599-612. doi: 10.1038/nrc3343. Epub 2012 Aug 17.</citation>
    <PMID>22898539</PMID>
  </reference>
  <reference>
    <citation>Tahiliani M, Koh KP, Shen Y, Pastor WA, Bandukwala H, Brudno Y, Agarwal S, Iyer LM, Liu DR, Aravind L, Rao A. Conversion of 5-methylcytosine to 5-hydroxymethylcytosine in mammalian DNA by MLL partner TET1. Science. 2009 May 15;324(5929):930-5. doi: 10.1126/science.1170116. Epub 2009 Apr 16.</citation>
    <PMID>19372391</PMID>
  </reference>
  <reference>
    <citation>Pastor WA, Aravind L, Rao A. TETonic shift: biological roles of TET proteins in DNA demethylation and transcription. Nat Rev Mol Cell Biol. 2013 Jun;14(6):341-56. doi: 10.1038/nrm3589.</citation>
    <PMID>23698584</PMID>
  </reference>
  <reference>
    <citation>Cimmino L, Dawlaty MM, Ndiaye-Lobry D, Yap YS, Bakogianni S, Yu Y, Bhattacharyya S, Shaknovich R, Geng H, Lobry C, Mullenders J, King B, Trimarchi T, Aranda-Orgilles B, Liu C, Shen S, Verma AK, Jaenisch R, Aifantis I. TET1 is a tumor suppressor of hematopoietic malignancy. Nat Immunol. 2015 Jun;16(6):653-62. doi: 10.1038/ni.3148. Epub 2015 Apr 13. Erratum In: Nat Immunol. 2015 Aug;16(8):889.</citation>
    <PMID>25867473</PMID>
  </reference>
  <reference>
    <citation>Monfort A, Wutz A. Breathing-in epigenetic change with vitamin C. EMBO Rep. 2013 Apr;14(4):337-46. doi: 10.1038/embor.2013.29. Epub 2013 Mar 15.</citation>
    <PMID>23492828</PMID>
  </reference>
  <reference>
    <citation>Grzybowski A, Pietrzak K. Albert Szent-Gyorgyi (1893-1986): the scientist who discovered vitamin C. Clin Dermatol. 2013 May-Jun;31(3):327-31. doi: 10.1016/j.clindermatol.2012.08.001.</citation>
    <PMID>23738385</PMID>
  </reference>
  <reference>
    <citation>Nishikimi M, Fukuyama R, Minoshima S, Shimizu N, Yagi K. Cloning and chromosomal mapping of the human nonfunctional gene for L-gulono-gamma-lactone oxidase, the enzyme for L-ascorbic acid biosynthesis missing in man. J Biol Chem. 1994 May 6;269(18):13685-8.</citation>
    <PMID>8175804</PMID>
  </reference>
  <reference>
    <citation>Blaschke K, Ebata KT, Karimi MM, Zepeda-Martinez JA, Goyal P, Mahapatra S, Tam A, Laird DJ, Hirst M, Rao A, Lorincz MC, Ramalho-Santos M. Vitamin C induces Tet-dependent DNA demethylation and a blastocyst-like state in ES cells. Nature. 2013 Aug 8;500(7461):222-6. doi: 10.1038/nature12362. Epub 2013 Jun 30.</citation>
    <PMID>23812591</PMID>
  </reference>
  <reference>
    <citation>Liu M, Ohtani H, Zhou W, Orskov AD, Charlet J, Zhang YW, Shen H, Baylin SB, Liang G, Gronbaek K, Jones PA. Vitamin C increases viral mimicry induced by 5-aza-2'-deoxycytidine. Proc Natl Acad Sci U S A. 2016 Sep 13;113(37):10238-44. doi: 10.1073/pnas.1612262113. Epub 2016 Aug 29.</citation>
    <PMID>27573823</PMID>
  </reference>
  <reference>
    <citation>Ko M, Huang Y, Jankowska AM, Pape UJ, Tahiliani M, Bandukwala HS, An J, Lamperti ED, Koh KP, Ganetzky R, Liu XS, Aravind L, Agarwal S, Maciejewski JP, Rao A. Impaired hydroxylation of 5-methylcytosine in myeloid cancers with mutant TET2. Nature. 2010 Dec 9;468(7325):839-43. doi: 10.1038/nature09586.</citation>
    <PMID>21057493</PMID>
  </reference>
  <reference>
    <citation>Agathocleous M, Meacham CE, Burgess RJ, Piskounova E, Zhao Z, Crane GM, Cowin BL, Bruner E, Murphy MM, Chen W, Spangrude GJ, Hu Z, DeBerardinis RJ, Morrison SJ. Ascorbate regulates haematopoietic stem cell function and leukaemogenesis. Nature. 2017 Sep 28;549(7673):476-481. doi: 10.1038/nature23876. Epub 2017 Aug 21.</citation>
    <PMID>28825709</PMID>
  </reference>
  <reference>
    <citation>Lykkesfeldt J. Ascorbate and dehydroascorbic acid as reliable biomarkers of oxidative stress: analytical reproducibility and long-term stability of plasma samples subjected to acidic deproteinization. Cancer Epidemiol Biomarkers Prev. 2007 Nov;16(11):2513-6. doi: 10.1158/1055-9965.EPI-07-0639.</citation>
    <PMID>18006947</PMID>
  </reference>
  <reference>
    <citation>Hansen JW, Westman MK, Sjo LD, Saft L, Kristensen LS, Orskov AD, Treppendahl M, Andersen MK, Gronbaek K. Mutations in idiopathic cytopenia of undetermined significance assist diagnostics and correlate to dysplastic changes. Am J Hematol. 2016 Dec;91(12):1234-1238. doi: 10.1002/ajh.24554. Epub 2016 Nov 8.</citation>
    <PMID>27717004</PMID>
  </reference>
  <reference>
    <citation>Greenberg PL, Tuechler H, Schanz J, Sanz G, Garcia-Manero G, Sole F, Bennett JM, Bowen D, Fenaux P, Dreyfus F, Kantarjian H, Kuendgen A, Levis A, Malcovati L, Cazzola M, Cermak J, Fonatsch C, Le Beau MM, Slovak ML, Krieger O, Luebbert M, Maciejewski J, Magalhaes SM, Miyazaki Y, Pfeilstocker M, Sekeres M, Sperr WR, Stauder R, Tauro S, Valent P, Vallespi T, van de Loosdrecht AA, Germing U, Haase D. Revised international prognostic scoring system for myelodysplastic syndromes. Blood. 2012 Sep 20;120(12):2454-65. doi: 10.1182/blood-2012-03-420489. Epub 2012 Jun 27.</citation>
    <PMID>22740453</PMID>
  </reference>
  <verification_date>October 2022</verification_date>
  <study_first_submitted>September 20, 2018</study_first_submitted>
  <study_first_submitted_qc>September 20, 2018</study_first_submitted_qc>
  <study_first_posted type="Actual">September 24, 2018</study_first_posted>
  <last_update_submitted>October 24, 2022</last_update_submitted>
  <last_update_submitted_qc>October 24, 2022</last_update_submitted_qc>
  <last_update_posted type="Actual">October 26, 2022</last_update_posted>
  <responsible_party>
    <responsible_party_type>Principal Investigator</responsible_party_type>
    <investigator_affiliation>Rigshospitalet, Denmark</investigator_affiliation>
    <investigator_full_name>Kirsten Grønbæk</investigator_full_name>
    <investigator_title>Professor, MD, DMSc</investigator_title>
  </responsible_party>
  <keyword>Clonal Cytopenia of Undetermined Significance</keyword>
  <keyword>Myelodysplastic Syndromes</keyword>
  <keyword>Chronic Myelomonocytic Leukemia</keyword>
  <keyword>Low-Risk Myeloid Malignancies</keyword>
  <keyword>Vitamin C</keyword>
  <keyword>Epigenetics</keyword>
  <keyword>TET2</keyword>
  <keyword>Randomized, Placebo-Controlled Trial</keyword>
  <keyword>Clinical Study</keyword>
  <condition_browse>
    <!-- CAUTION:  The following MeSH terms are assigned with an imperfect algorithm            -->
    <mesh_term>Preleukemia</mesh_term>
    <mesh_term>Leukemia, Myelomonocytic, Chronic</mesh_term>
    <mesh_term>Leukemia, Myelomonocytic, Juvenile</mesh_term>
    <mesh_term>Myelodysplastic Syndromes</mesh_term>
  </condition_browse>
  <intervention_browse>
    <!-- CAUTION:  The following MeSH terms are assigned with an imperfect algorithm            -->
    <mesh_term>Ascorbic Acid</mesh_term>
  </intervention_browse>
  <patient_data>
    <sharing_ipd>No</sharing_ipd>
  </patient_data>
  <!-- Results have not yet been posted for this study                                          -->
</clinical_study>

