<?xml version="1.0" encoding="UTF-8"?>
<clinical_study rank="18">
  <!-- This xml conforms to an XML Schema at:
    https://clinicaltrials.gov/ct2/html/images/info/public.xsd -->
  <required_header>
    <download_date>ClinicalTrials.gov processed this data on February 06, 2024</download_date>
    <link_text>Link to the current ClinicalTrials.gov record.</link_text>
    <url>https://clinicaltrials.gov/ct2/show/NCT05690425</url>
  </required_header>
  <id_info>
    <org_study_id>BC3402-002</org_study_id>
    <nct_id>NCT05690425</nct_id>
  </id_info>
  <brief_title>A Phase I Study of BC3402 as a Single Agent in Patients With MDS and CMML</brief_title>
  <official_title>A Phase I Study to Evaluate the Safety, Tolerability, Pharmacokinetics, Pharmacodynamics, and Preliminary Efficacy of BC3402 as a Single Agent in Patients With Myelodysplastic Syndrome SYNDR(MDS) and Chronic Myelomonocytic Leukemia(CMML)</official_title>
  <sponsors>
    <lead_sponsor>
      <agency>Biocity Biopharmaceutics Co., Ltd.</agency>
      <agency_class>Industry</agency_class>
    </lead_sponsor>
  </sponsors>
  <source>Biocity Biopharmaceutics Co., Ltd.</source>
  <oversight_info>
    <has_dmc>No</has_dmc>
    <is_fda_regulated_drug>No</is_fda_regulated_drug>
    <is_fda_regulated_device>No</is_fda_regulated_device>
  </oversight_info>
  <brief_summary>
    <textblock>
      This is a phase I study to evaluate the safety ,Tolerability, PK, PD, and preliminary&#xD;
      efficacy of BC3402 Monotherapy in MDS or CMML, and explore the RP2D/MTD dose.&#xD;
&#xD;
      The patients with very low,low,intermediate,or high,very high risk of MDS or CMML,who meet&#xD;
      the criteria will receive BC3402 as a single agent via intravenous infusion Q3W , Up to 3&#xD;
      dose cohorts will be sequentially enrolled using an accelerated titration combined with a&#xD;
      &quot;3+3 design&quot; approach.Dose limiting toxicities (DLT) will be assessed during the first cycles&#xD;
      (i.e., total 3 weeks).&#xD;
&#xD;
      A Safety Monitoring Committee (SMC), comprised of the Sponsor's medical representatives,&#xD;
      safety physician, and the principal investigator (PI), will be established for the&#xD;
      determination of dose levels to be administered and dose regimen during dose escalation based&#xD;
      on the data available from the previous dose levels. Additional dose levels may be explored&#xD;
      based on the emerging safety, PK, and PD data during the study.&#xD;
    </textblock>
  </brief_summary>
  <detailed_description>
    <textblock>
      This is a phase I study to evaluate the safety ,Tolerability, PK, PD, and preliminary&#xD;
      efficacy of BC3402 Monotherapy in MDS or CMML, and explore the RP2D/MTD dose.&#xD;
&#xD;
      The patients with very low,low,intermediate,or high,very high risk of MDS or CMML,who meet&#xD;
      the criteria will receive BC3402 as a single agent via intravenous infusion Q3W , Up to 3&#xD;
      dose cohorts will be sequentially enrolled using an accelerated titration combined with a&#xD;
      &quot;3+3 design&quot; approach.Dose limiting toxicities (DLT) will be assessed during the first cycles&#xD;
      (i.e., total 3 weeks). The Cohort1 will be enrolled 1 patient initially.If this subject&#xD;
      experience any Grade 2 or higher toxicity during the first cycle, unless definitely unrelated&#xD;
      to BC3402,2 more patients will be accrued,and the standard &quot;3+3&quot; dose escalation algorithm&#xD;
      will be followed thereafter , with each cohort enrolling 3 to 6 subjects. Cohorts 2 and 3&#xD;
      will follow the traditional 3+3 dose escalation design. Dose limiting toxicities will be&#xD;
      assessed during the first cycle(i.e., total21 days). If ≥ 2 subjects experience a DLT at a&#xD;
      given dose level, the MTD would have been exceeded, further dose escalation is not pursued,&#xD;
      and the prior dose level is expanded to six patients; if there is no more than one patient&#xD;
      who experiences a DLT among those six patients, that dose level is considered the MTD.&#xD;
&#xD;
      A Safety Monitoring Committee (SMC), comprised of the Sponsor's medical representatives,&#xD;
      safety physician, and the principal investigator (PI), will be established for the&#xD;
      determination of dose levels to be administered and dose regimen during dose escalation based&#xD;
      on the data available from the previous dose levels. Additional dose levels may be explored&#xD;
      based on the emerging safety, PK, and PD data during the study.&#xD;
    </textblock>
  </detailed_description>
  <overall_status>Recruiting</overall_status>
  <start_date type="Actual">July 6, 2023</start_date>
  <completion_date type="Anticipated">June 15, 2024</completion_date>
  <primary_completion_date type="Anticipated">March 15, 2024</primary_completion_date>
  <phase>Phase 1</phase>
  <study_type>Interventional</study_type>
  <has_expanded_access>No</has_expanded_access>
  <study_design_info>
    <allocation>N/A</allocation>
    <intervention_model>Sequential Assignment</intervention_model>
    <primary_purpose>Treatment</primary_purpose>
    <masking>None (Open Label)</masking>
  </study_design_info>
  <primary_outcome>
    <measure>Incidence of dose limiting toxicities(DLTs) within 28 days (first cycle)</measure>
    <time_frame>Dose limiting toxicities (DLT) will be assessed during the first cycle (i.e., total 3 weeks).</time_frame>
    <description>The DLT for this study will be evaluated in the first cycle. The DLT will include any of the following adverse events that cannot be clearly attributed to other reasons and are judged to be related to BC3402.&#xD;
Hematologic toxicity in the following cases:&#xD;
Hematologic toxicity ≥ grade 4 occurred in the first cycle, which could not be recovered to baseline value within 21 days after the occurrence, and bone marrow primordial cells&lt;5%.&#xD;
Non hematologic toxicities:&#xD;
Grade 2 above ALT and/or AST elevational concomitant grade 2 total bilirubin elevation(non biliary obstruction or other reasons);&#xD;
QTcF interval &gt; 470 ms or longer than baseline &gt; 60 ms;&#xD;
Grade 3 or above non-haematological toxicity;&#xD;
Others Any ongoing toxicity (of any grade) not caused by disease progression that results in a delay of more than 2 weeks in the next scheduled cycle;</description>
  </primary_outcome>
  <number_of_arms>1</number_of_arms>
  <enrollment type="Anticipated">13</enrollment>
  <condition>Hematologic Malignancy</condition>
  <arm_group>
    <arm_group_label>BC3402 treatment group</arm_group_label>
    <arm_group_type>Experimental</arm_group_type>
    <description>BC3402 as a single agent via intravenous infusion once every 3-weeks</description>
  </arm_group>
  <intervention>
    <intervention_type>Drug</intervention_type>
    <intervention_name>BC3402 Injection</intervention_name>
    <description>Subjects will receive BC3402 as a single agent via intravenous infusion once every 3-weeks (Q3W),the dose of BC3402 was calculated according to the dose group and body weight of the subjects.</description>
    <arm_group_label>BC3402 treatment group</arm_group_label>
    <other_name>not have</other_name>
  </intervention>
  <eligibility>
    <criteria>
      <textblock>
        Inclusion Criteria:&#xD;
&#xD;
          1. The subject must be able to understand and voluntarily sign the informed consent form;&#xD;
&#xD;
          2. Subjects were 18 years old or above when they signed the informed consent form;&#xD;
&#xD;
          3. Subjects mast be willing to undergo serial bone marrow aspirate procedures on the&#xD;
             study;&#xD;
&#xD;
          4. Morphologically confirmed diagnosis as extremely low risk, low risk, intermediate&#xD;
             risk, high risk, extremely high risk MDS (IPSS-R classification) or CMML according to&#xD;
             WHO (2016) diagnostic criteria, and WBC&lt;13* 10^9/L (allowed to receive hydroxyurea or&#xD;
             leukocyte removal before enrollment to reduce WBC count), and:&#xD;
&#xD;
        4.1 According to IPSS-R, patients diagnosis as extremely low risk, low risk or intermediate&#xD;
        risk MDS must meet one or more of the following criteria:&#xD;
&#xD;
          1. Patients who are RBCs and/or platelets transfusion-dependent , must receive stable&#xD;
             infusion 2U/month above for 3 months before the first dose;&#xD;
&#xD;
          2. Patients who are RBCs transfusion-dependent must Erythropoiesis stimulating agents&#xD;
             (ESAs) failure or intolerant ;&#xD;
&#xD;
          3. Patients who are RBCs transfusion-dependent without ESA treatment mast have serum&#xD;
             erythropoietin level &gt;500 U/L ;&#xD;
&#xD;
          4. MDS patients with isolated del (5q) (&quot;5q syndrome&quot;) must have disease progression or&#xD;
             intolerance during lenalidomide treatment;&#xD;
&#xD;
          5. Platelet transfusion dependent patients must be treated with thrombopoietin receptor&#xD;
             agonist (TPO-RA) for relapse/refractory or intolerance;&#xD;
&#xD;
          6. Persistent (&gt;3 months) neutrophil absolute count is lower than 1.5 before screening ×&#xD;
             10^9/L；&#xD;
&#xD;
        4.2 MDS and CMML patients rated as high-risk or extremely high-risk according to IPSS-R:&#xD;
&#xD;
          1. The monotherapy of demethylated drugs (HMA) failed (4 cycles of decitabine treatment&#xD;
             or 6 cycles of azacytidine treatment) or was not tolerated;&#xD;
&#xD;
          2. Not suitable for intensive treatment;&#xD;
&#xD;
          3. CMML patients must fail or not tolerate at least one previous treatment (including but&#xD;
             not limited to hydroxyurea treatment, HMA treatment, etc.);&#xD;
&#xD;
        5. Patient has an Eastern Cooperative Oncology Group(ecog) status between 0 and1;&#xD;
&#xD;
        6. Expected survival time &gt; 3 months;&#xD;
&#xD;
        7. White blood cell count (WBC) ≤ 25 × 103/μL within 7 days prior to the first dose&#xD;
        (hydroxycarbamide or leukapheresis is allowed to meet this criterion)&#xD;
&#xD;
        8. Platelet &gt; 30 × 10^9/L before screening；&#xD;
&#xD;
        9. Adequate renal function:&#xD;
&#xD;
        (2) Serum creatinine ≤ 1.5 × Upper limit of normal value (ULN), and creatinine clearance ≥&#xD;
        45 mL/min; If the urine protein is qualitative ≥ 2+, the 24-hour urine protein quantity&#xD;
        shall be less than 3.5g;&#xD;
&#xD;
        10. Adequate liver function:&#xD;
&#xD;
        (3) Total serum bilirubin ≤ 1.5 × ULN (except Gilbert syndrome, this kind of subjects only&#xD;
        meet the requirements of direct bilirubin ≤ 1.5 × ULN);&#xD;
&#xD;
        (4) Aspartate aminotransferase (AST) and alanine aminotransferase (ALT) ≤ 2.5 × ULN；&#xD;
&#xD;
        11. When screening, serum or urine pregnancy test (for female patients with fertility) was&#xD;
        negative;&#xD;
&#xD;
        12. Patient must be a candidate for serial bone marrow aspirate and/or biopsy according to&#xD;
        the institutions guidelines and be willing to undergo a bone marrow aspirate and/biopsy at&#xD;
        screening, during and at the end of therapy on this study.&#xD;
&#xD;
        13. Male and female patients with fertility must agree to use medically approved&#xD;
        contraceptive methods throughout the study period and continue to use them until 6 months&#xD;
        after the last treatment of BC3402.&#xD;
&#xD;
        Exclusion Criteria:&#xD;
&#xD;
          1. Suitable and willing to accept hematopoietic stem cell transplantation (allogeneic or&#xD;
             autologous);&#xD;
&#xD;
          2. Immunomodulatory drugs, including but not limited to thymosin, interleukin-2,&#xD;
             interferon, etc., were used within 2 weeks before the first use of the test drug;&#xD;
&#xD;
          3. 3. Prior treatment with immunomodulatory agents including but not limited to thymosin,&#xD;
             interleukin-2, and interferon within 2 weeks prior to the first dose of study drugs.&#xD;
&#xD;
          4. Patients who have used any Chinese herbal medicine or traditional Chinese medicine&#xD;
             with anti-tumor activity within 2 weeks prior to the first dose of study drugs.&#xD;
&#xD;
          5. Patients who received live attenuated vaccine within 4 weeks prior to the first dose&#xD;
             of study drug.&#xD;
&#xD;
          6. Prior treatment with an investigational drug within 4 weeks or 5 half-lives of the&#xD;
             agent (whichever is longer) before the planned first dose of study drug. The washout&#xD;
             period for biologic agents should be 28 days since the last dose.&#xD;
&#xD;
          7. Prior exposure to TIM-3 targeted therapy at any time.&#xD;
&#xD;
          8. Participants receiving chemotherapy within 14 days or 5 half lives (whichever is&#xD;
             longer) before the first dose of study treatment;&#xD;
&#xD;
          9. Major organ surgery or significant trauma or radiotherapy within 2 weeks before&#xD;
             entering the study;&#xD;
&#xD;
         10. Have received systemic glucocorticoid (prednisone&gt;10mg/day or equivalent dose of the&#xD;
             same drug) or other immunosuppressive drugs within 2 weeks before the first use of the&#xD;
             study drug;&#xD;
&#xD;
         11. Active infections or other severe infections requiring systemic antibiotics, antiviral&#xD;
             or antifungal drugs within 2 weeks before the first administration of the study&#xD;
             treatment. Except for those who are treated with anti infection prevention according&#xD;
             to local guidelines or the judgment of the researcher.&#xD;
&#xD;
         12. Known malignant tumors in progress or requiring active treatment in the past 5 years&#xD;
             (except those diagnosed in the study). The exceptions to this exclusion criterion are&#xD;
             as follows: basal cell carcinoma and squamous cell skin carcinoma completely resected;&#xD;
             And completely resected carcinoma in situ of any type;&#xD;
&#xD;
         13. Active hepatitis B or C, history of HIV infection, active syphilis;&#xD;
&#xD;
         14. Patients with autoimmune diseases;&#xD;
&#xD;
         15. Known uncontrolled central nervous system (CNS) involvement;&#xD;
&#xD;
         16. Patients with history of serious cardiovascular and cerebrovascular diseases,&#xD;
             including but not limited to, (1)Serious cardiac rhythm or conduction abnormalities,&#xD;
             such as ventricular arrhythmia requiring clinical intervention, Ⅱ - Ⅲ degree&#xD;
             atrioventricular block ect.&#xD;
&#xD;
        (2) During the screening period, 12 lead electrocardiogram (ECG) was measured for three&#xD;
        times in the research center. According to the average value of the three times calculated&#xD;
        by the QTc formula of the instrument used in the center, QTc interval&gt; 470ms; (3)&#xD;
        occurrence of acute coronary heart failure, acute congestive syndrome, aortic dissection,&#xD;
        stroke or other grade 3 or above cardiovascular and cerebrovascular events within 6 months&#xD;
        prior to the first dose of study drug (4) Patients with history of New York Heart Society&#xD;
        (NYHA) class≥ II, or left ventricular ejection fraction (LVEF) &lt; 50%; (5) Clinically&#xD;
        uncontrollable hypertension&#xD;
&#xD;
        17. Mental disorders or poor compliance; 18. Patients who are being pregnant or&#xD;
        breastfeeding. 19.Patients with other serious systemic diseases or conditions who are&#xD;
        deemed unsuitable to participate in this clinical study at the judgement of the&#xD;
        Investigator&#xD;
      </textblock>
    </criteria>
    <gender>All</gender>
    <minimum_age>18 Years</minimum_age>
    <maximum_age>N/A</maximum_age>
    <healthy_volunteers>No</healthy_volunteers>
  </eligibility>
  <overall_official>
    <last_name>hui zeng, prof</last_name>
    <role>Principal Investigator</role>
    <affiliation>First Affiliated Hospital of Jinan University</affiliation>
  </overall_official>
  <overall_contact>
    <last_name>hui zeng, prof</last_name>
    <phone>18002201919</phone>
    <email>xyzengh@hotmail.com</email>
  </overall_contact>
  <location>
    <facility>
      <name>The First Affiliated Hospital of Jinan University</name>
      <address>
        <city>Guangzhou</city>
        <state>Guangdong</state>
        <zip>510630</zip>
        <country>China</country>
      </address>
    </facility>
    <status>Recruiting</status>
    <contact>
      <last_name>Hui Zeng, Prof</last_name>
      <phone>18002201919</phone>
      <email>androps2011@hotmail.com</email>
    </contact>
  </location>
  <location_countries>
    <country>China</country>
  </location_countries>
  <verification_date>July 2023</verification_date>
  <study_first_submitted>January 10, 2023</study_first_submitted>
  <study_first_submitted_qc>January 10, 2023</study_first_submitted_qc>
  <study_first_posted type="Actual">January 19, 2023</study_first_posted>
  <last_update_submitted>July 21, 2023</last_update_submitted>
  <last_update_submitted_qc>July 21, 2023</last_update_submitted_qc>
  <last_update_posted type="Actual">July 24, 2023</last_update_posted>
  <responsible_party>
    <responsible_party_type>Sponsor</responsible_party_type>
  </responsible_party>
  <keyword>MDS and CMML</keyword>
  <condition_browse>
    <!-- CAUTION:  The following MeSH terms are assigned with an imperfect algorithm            -->
    <mesh_term>Hematologic Neoplasms</mesh_term>
  </condition_browse>
  <!-- Results have not yet been posted for this study                                          -->
</clinical_study>

