<?xml version="1.0" encoding="UTF-8"?>
<clinical_study rank="313">
  <!-- This xml conforms to an XML Schema at:
    https://clinicaltrials.gov/ct2/html/images/info/public.xsd -->
  <required_header>
    <download_date>ClinicalTrials.gov processed this data on February 06, 2024</download_date>
    <link_text>Link to the current ClinicalTrials.gov record.</link_text>
    <url>https://clinicaltrials.gov/ct2/show/NCT00095797</url>
  </required_header>
  <id_info>
    <org_study_id>NCI-2012-02633</org_study_id>
    <secondary_id>MDA-2004-0154</secondary_id>
    <secondary_id>U10CA62461</secondary_id>
    <secondary_id>CDR0000393836</secondary_id>
    <nct_id>NCT00095797</nct_id>
  </id_info>
  <brief_title>XK469R in Treating Patients With Refractory Hematologic Cancer</brief_title>
  <official_title>A Phase I Study of XK469R (NSC 698215) in Patients With Refractory Hematologic Malignancies</official_title>
  <sponsors>
    <lead_sponsor>
      <agency>National Cancer Institute (NCI)</agency>
      <agency_class>NIH</agency_class>
    </lead_sponsor>
  </sponsors>
  <source>National Cancer Institute (NCI)</source>
  <brief_summary>
    <textblock>
      Phase I trial to study the effectiveness of XK469R in treating patients who have refractory&#xD;
      hematologic cancer. Drugs used in chemotherapy, such XK469R, work in different ways to stop&#xD;
      cancer cells from dividing so they stop growing or die&#xD;
    </textblock>
  </brief_summary>
  <detailed_description>
    <textblock>
      PRIMARY OBJECTIVES:&#xD;
&#xD;
      I. Determine the dose-limiting toxicity, maximum tolerated dose, and recommended phase II&#xD;
      dose of XK469R in patients with refractory hematologic malignancies.&#xD;
&#xD;
      II. Determine the pharmacokinetics of this drug in these patients.&#xD;
&#xD;
      SECONDARY OBJECTIVES:&#xD;
&#xD;
      I. Determine the presence of genetic variations potentially affecting XK469R disposition in&#xD;
      patients treated with this drug.&#xD;
&#xD;
      OUTLINE: This is an open-label, dose-escalation, multicenter study.&#xD;
&#xD;
      Patients receive XK469R IV over 30-60 minutes on days 1, 3, and 5. Courses repeat every 21&#xD;
      days in the absence of disease progression or unacceptable toxicity.&#xD;
&#xD;
      Cohorts of 3-6 patients receive escalating doses of XK469R until the maximum tolerated dose&#xD;
      (MTD) is determined. The MTD is defined as the dose at which at least 2 of 6 patients&#xD;
      experience dose-limiting toxicity. A total of 12 patients receive treatment at the MTD.&#xD;
&#xD;
      PROJECTED ACCRUAL: A total of 60 patients will be accrued for this study.&#xD;
    </textblock>
  </detailed_description>
  <overall_status>Completed</overall_status>
  <start_date>October 2004</start_date>
  <primary_completion_date type="Actual">March 2007</primary_completion_date>
  <phase>Phase 1</phase>
  <study_type>Interventional</study_type>
  <has_expanded_access>No</has_expanded_access>
  <study_design_info>
    <allocation>N/A</allocation>
    <intervention_model>Single Group Assignment</intervention_model>
    <primary_purpose>Treatment</primary_purpose>
    <masking>None (Open Label)</masking>
  </study_design_info>
  <primary_outcome>
    <measure>MTD as assessed by Common Terminology Criteria for Adverse Events (CTCAE) version 3.0</measure>
    <time_frame>21 days</time_frame>
  </primary_outcome>
  <primary_outcome>
    <measure>Dose-limiting toxicity (DLT) defined as a clinically significant adverse event or abnormal laboratory value assessed as unrelated to disease progression, intercurrent illness, or concomitant medications using CTCAE version 3.0</measure>
    <time_frame>21 days</time_frame>
  </primary_outcome>
  <secondary_outcome>
    <measure>Pharmacokinetic profile of XK496R</measure>
    <time_frame>At baseline, at 15 and 30 minutes, and at 1, 2, 4, 6, 8, and 24 hours (of days 1-2), and at days 3 and 5</time_frame>
  </secondary_outcome>
  <secondary_outcome>
    <measure>Candidate genes for XK469R using PCR assay</measure>
    <time_frame>At baseline</time_frame>
  </secondary_outcome>
  <number_of_arms>1</number_of_arms>
  <enrollment type="Actual">60</enrollment>
  <condition>Adult Acute Basophilic Leukemia</condition>
  <condition>Adult Acute Eosinophilic Leukemia</condition>
  <condition>Adult Acute Megakaryoblastic Leukemia (M7)</condition>
  <condition>Adult Acute Minimally Differentiated Myeloid Leukemia (M0)</condition>
  <condition>Adult Acute Monoblastic Leukemia (M5a)</condition>
  <condition>Adult Acute Monocytic Leukemia (M5b)</condition>
  <condition>Adult Acute Myeloblastic Leukemia With Maturation (M2)</condition>
  <condition>Adult Acute Myeloblastic Leukemia Without Maturation (M1)</condition>
  <condition>Adult Acute Myeloid Leukemia With 11q23 (MLL) Abnormalities</condition>
  <condition>Adult Acute Myeloid Leukemia With Inv(16)(p13;q22)</condition>
  <condition>Adult Acute Myeloid Leukemia With t(16;16)(p13;q22)</condition>
  <condition>Adult Acute Myeloid Leukemia With t(8;21)(q22;q22)</condition>
  <condition>Adult Acute Myelomonocytic Leukemia (M4)</condition>
  <condition>Adult Erythroleukemia (M6a)</condition>
  <condition>Adult Pure Erythroid Leukemia (M6b)</condition>
  <condition>Blastic Phase Chronic Myelogenous Leukemia</condition>
  <condition>Chronic Myelomonocytic Leukemia</condition>
  <condition>de Novo Myelodysplastic Syndromes</condition>
  <condition>Previously Treated Myelodysplastic Syndromes</condition>
  <condition>Recurrent Adult Acute Lymphoblastic Leukemia</condition>
  <condition>Recurrent Adult Acute Myeloid Leukemia</condition>
  <condition>Refractory Anemia With Excess Blasts</condition>
  <condition>Refractory Anemia With Excess Blasts in Transformation</condition>
  <condition>Refractory Chronic Lymphocytic Leukemia</condition>
  <condition>Relapsing Chronic Myelogenous Leukemia</condition>
  <condition>Secondary Myelodysplastic Syndromes</condition>
  <condition>Stage III Chronic Lymphocytic Leukemia</condition>
  <condition>Stage IV Chronic Lymphocytic Leukemia</condition>
  <condition>Untreated Adult Acute Myeloid Leukemia</condition>
  <arm_group>
    <arm_group_label>Treatment (XK469R)</arm_group_label>
    <arm_group_type>Experimental</arm_group_type>
    <description>Patients receive XK469R IV over 30-60 minutes on days 1, 3, and 5. Courses repeat every 21 days in the absence of disease progression or unacceptable toxicity.</description>
  </arm_group>
  <intervention>
    <intervention_type>Drug</intervention_type>
    <intervention_name>R(+)XK469</intervention_name>
    <description>Given IV</description>
    <arm_group_label>Treatment (XK469R)</arm_group_label>
    <other_name>XK469</other_name>
  </intervention>
  <intervention>
    <intervention_type>Other</intervention_type>
    <intervention_name>pharmacological study</intervention_name>
    <description>Correlative studies</description>
    <arm_group_label>Treatment (XK469R)</arm_group_label>
    <other_name>pharmacological studies</other_name>
  </intervention>
  <intervention>
    <intervention_type>Other</intervention_type>
    <intervention_name>laboratory biomarker analysis</intervention_name>
    <description>Optional correlative studies</description>
    <arm_group_label>Treatment (XK469R)</arm_group_label>
  </intervention>
  <eligibility>
    <criteria>
      <textblock>
        Inclusion Criteria:&#xD;
&#xD;
          -  Diagnosis of 1 of the following relapsed or refractory hematologic malignancies for&#xD;
             which all potentially curative therapy options have been exhausted:&#xD;
&#xD;
               -  Acute myeloid leukemia* (AML) (non-M3)&#xD;
&#xD;
               -  Acute lymphoblastic leukemia*&#xD;
&#xD;
               -  Myelodysplastic syndromes*, including the following:&#xD;
&#xD;
                    -  Refractory anemia with excess blasts (RAEB)&#xD;
&#xD;
                    -  RAEB in transformation&#xD;
&#xD;
               -  Chronic myelomonocytic leukemia in transformation* (CMML-t) with ≥ 10% peripheral&#xD;
                  blood/bone marrow blasts&#xD;
&#xD;
               -  Chronic myelogenous leukemia in blast crisis* (CML-BC)&#xD;
&#xD;
               -  Chronic lymphocytic leukemia&#xD;
&#xD;
                    -  Rai stage III-IV&#xD;
&#xD;
                    -  Failed prior fludarabine-based therapy and ≥ 1 other therapy&#xD;
&#xD;
                         -  Fludarabine failure defined as failure to achieve partial response or&#xD;
                            complete response (CR) to at least 1 fludarabine-containing regimen;&#xD;
                            disease progression while on fludarabine; or disease progression within&#xD;
                            6 months of response to fludarabine&#xD;
&#xD;
          -  Not a candidate for autologous or allogeneic stem cell transplantation (SCT)&#xD;
&#xD;
          -  Patients with previously untreated AML, MDS, or CMML-t who are considered&#xD;
             inappropriate candidates for, or refused, standard induction chemotherapy due to older&#xD;
             age or concurrent medical conditions are eligible&#xD;
&#xD;
          -  No known CNS disease&#xD;
&#xD;
          -  Performance status - ECOG 0-2&#xD;
&#xD;
          -  See Disease Characteristics&#xD;
&#xD;
          -  Bilirubin &lt; 1.5 times upper limit of normal (ULN)&#xD;
&#xD;
          -  AST and ALT &lt; 5 times ULN&#xD;
&#xD;
          -  Creatinine &lt; 1.5 times ULN&#xD;
&#xD;
          -  No symptomatic congestive heart failure&#xD;
&#xD;
          -  No unstable angina pectoris&#xD;
&#xD;
          -  No cardiac arrhythmia&#xD;
&#xD;
          -  Not pregnant or nursing&#xD;
&#xD;
          -  Fertile patients must use effective contraception&#xD;
&#xD;
          -  No ongoing or active infection&#xD;
&#xD;
          -  No psychiatric illness or social situation that would preclude study compliance&#xD;
&#xD;
          -  No history of allergic reactions attributed to compounds of similar chemical or&#xD;
             biologic composition to XK469R&#xD;
&#xD;
          -  No other uncontrolled illness&#xD;
&#xD;
          -  HIV-positive patients allowed provided CD4 counts are normal with no AIDS-defining&#xD;
             disease&#xD;
&#xD;
          -  No prior allogeneic SCT&#xD;
&#xD;
          -  No concurrent prophylactic hematopoietic colony-stimulating factors&#xD;
&#xD;
          -  More than 7 days since prior cytotoxic chemotherapy (except hydroxyurea)&#xD;
&#xD;
          -  More than 7 days since prior radiotherapy&#xD;
&#xD;
          -  No concurrent combination antiretroviral therapy for HIV-positive patients&#xD;
&#xD;
          -  No other concurrent investigational agents&#xD;
&#xD;
          -  No other concurrent anti-leukemia agents&#xD;
&#xD;
          -  No other concurrent anticancer therapy&#xD;
      </textblock>
    </criteria>
    <gender>All</gender>
    <minimum_age>18 Years</minimum_age>
    <maximum_age>N/A</maximum_age>
    <healthy_volunteers>No</healthy_volunteers>
  </eligibility>
  <overall_official>
    <last_name>Francis Giles</last_name>
    <role>Principal Investigator</role>
    <affiliation>M.D. Anderson Cancer Center</affiliation>
  </overall_official>
  <location>
    <facility>
      <name>M D Anderson Cancer Center</name>
      <address>
        <city>Houston</city>
        <state>Texas</state>
        <zip>77030</zip>
        <country>United States</country>
      </address>
    </facility>
  </location>
  <location_countries>
    <country>United States</country>
  </location_countries>
  <verification_date>February 2013</verification_date>
  <study_first_submitted>November 9, 2004</study_first_submitted>
  <study_first_submitted_qc>November 8, 2004</study_first_submitted_qc>
  <study_first_posted type="Estimate">November 9, 2004</study_first_posted>
  <last_update_submitted>February 7, 2013</last_update_submitted>
  <last_update_submitted_qc>February 7, 2013</last_update_submitted_qc>
  <last_update_posted type="Estimate">February 8, 2013</last_update_posted>
  <responsible_party>
    <responsible_party_type>Sponsor</responsible_party_type>
  </responsible_party>
  <condition_browse>
    <!-- CAUTION:  The following MeSH terms are assigned with an imperfect algorithm            -->
    <mesh_term>Leukemia</mesh_term>
    <mesh_term>Leukemia, Myeloid</mesh_term>
    <mesh_term>Leukemia, Myeloid, Acute</mesh_term>
    <mesh_term>Preleukemia</mesh_term>
    <mesh_term>Precursor Cell Lymphoblastic Leukemia-Lymphoma</mesh_term>
    <mesh_term>Leukemia, Lymphoid</mesh_term>
    <mesh_term>Leukemia, Lymphocytic, Chronic, B-Cell</mesh_term>
    <mesh_term>Leukemia, Myelogenous, Chronic, BCR-ABL Positive</mesh_term>
    <mesh_term>Leukemia, Myelomonocytic, Acute</mesh_term>
    <mesh_term>Leukemia, Myelomonocytic, Chronic</mesh_term>
    <mesh_term>Leukemia, Myelomonocytic, Juvenile</mesh_term>
    <mesh_term>Blast Crisis</mesh_term>
    <mesh_term>Leukemia, Monocytic, Acute</mesh_term>
    <mesh_term>Leukemia, Megakaryoblastic, Acute</mesh_term>
    <mesh_term>Leukemia, Erythroblastic, Acute</mesh_term>
    <mesh_term>Leukemia, Basophilic, Acute</mesh_term>
    <mesh_term>Leukemia, Eosinophilic, Acute</mesh_term>
    <mesh_term>Anemia</mesh_term>
    <mesh_term>Myelodysplastic Syndromes</mesh_term>
    <mesh_term>Anemia, Refractory</mesh_term>
    <mesh_term>Anemia, Refractory, with Excess of Blasts</mesh_term>
    <mesh_term>Hypereosinophilic Syndrome</mesh_term>
    <mesh_term>Syndrome</mesh_term>
    <mesh_term>Recurrence</mesh_term>
  </condition_browse>
  <!-- Results have not yet been posted for this study                                          -->
</clinical_study>

