<?xml version="1.0" encoding="UTF-8"?>
<clinical_study rank="202">
  <!-- This xml conforms to an XML Schema at:
    https://clinicaltrials.gov/ct2/html/images/info/public.xsd -->
  <required_header>
    <download_date>ClinicalTrials.gov processed this data on February 06, 2024</download_date>
    <link_text>Link to the current ClinicalTrials.gov record.</link_text>
    <url>https://clinicaltrials.gov/ct2/show/NCT02581007</url>
  </required_header>
  <id_info>
    <org_study_id>NSH 1132</org_study_id>
    <nct_id>NCT02581007</nct_id>
  </id_info>
  <brief_title>Reduced Intensity Conditioning Transplant Using Haploidentical Donors</brief_title>
  <official_title>Reduced Intensity Conditioning and Transplantation of Partially HLA-Mismatched Peripheral Blood Stem Cells for Patients With Hematologic Malignancies</official_title>
  <sponsors>
    <lead_sponsor>
      <agency>Northside Hospital, Inc.</agency>
      <agency_class>Other</agency_class>
    </lead_sponsor>
    <collaborator>
      <agency>Blood and Marrow Transplant Group of Georgia</agency>
      <agency_class>Other</agency_class>
    </collaborator>
  </sponsors>
  <source>Northside Hospital, Inc.</source>
  <oversight_info>
    <has_dmc>No</has_dmc>
  </oversight_info>
  <brief_summary>
    <textblock>
      This trial will evaluate the safety and efficacy of a reduced intensity allogeneic HSCT from&#xD;
      partially HLA-mismatched first-degree relatives utilizing PBSC as the stem cell source. The&#xD;
      primary objective of the study is to estimate the incidence of graft rejection and acute&#xD;
      GVHD. A secondary objective will be to estimate the incidence of the relapse, NRM, OS,&#xD;
      chronic GVHD and EFS.&#xD;
    </textblock>
  </brief_summary>
  <detailed_description>
    <textblock>
      Patients will receive a haploidentical transpalnt using a fludarabine melphalan prepartive&#xD;
      regimen. Patients will get cyclophosphamide on days 3 &amp; 4 post-transplant.&#xD;
    </textblock>
  </detailed_description>
  <overall_status>Completed</overall_status>
  <start_date type="Actual">October 26, 2015</start_date>
  <completion_date type="Actual">December 28, 2020</completion_date>
  <primary_completion_date type="Actual">November 5, 2019</primary_completion_date>
  <phase>Phase 2</phase>
  <study_type>Interventional</study_type>
  <has_expanded_access>No</has_expanded_access>
  <study_design_info>
    <allocation>N/A</allocation>
    <intervention_model>Single Group Assignment</intervention_model>
    <primary_purpose>Treatment</primary_purpose>
    <masking>None (Open Label)</masking>
  </study_design_info>
  <primary_outcome>
    <measure>Graft Rejection</measure>
    <time_frame>100 days</time_frame>
    <description>Measurement of donor cells vs. recipient cells</description>
  </primary_outcome>
  <secondary_outcome>
    <measure>Overall Survival</measure>
    <time_frame>2 years</time_frame>
    <description>Number of participants still alive 2 years after transplant</description>
  </secondary_outcome>
  <secondary_outcome>
    <measure>Relapse Incidence</measure>
    <time_frame>2 years</time_frame>
    <description>Number of patients with disease reoccurrence at 1 and 2 years post-transplant</description>
  </secondary_outcome>
  <secondary_outcome>
    <measure>GVHD Incidence</measure>
    <time_frame>100 days</time_frame>
    <description>The number of participants that developed graft-versus-host-disease before or at 100 days after transplant</description>
  </secondary_outcome>
  <number_of_arms>1</number_of_arms>
  <enrollment type="Actual">25</enrollment>
  <condition>Chronic Myelogenous Leukemia</condition>
  <condition>Acute Myelogenous Leukemia</condition>
  <condition>Myelodysplastic Syndrome</condition>
  <condition>Acute Lymphocytic Leukemia</condition>
  <condition>Chronic Lymphocytic Leukemia</condition>
  <condition>Hodgkin's Lymphoma</condition>
  <condition>Non-Hodgkin's Lymphoma</condition>
  <condition>Myelofibrosis</condition>
  <condition>CMML</condition>
  <condition>Multiple Myeloma</condition>
  <arm_group>
    <arm_group_label>Reduced-Intensity Mismatched Transplant</arm_group_label>
    <arm_group_type>Experimental</arm_group_type>
    <description>Fludarabine, Melphalan &amp; Post-transplant cyclophosphamide</description>
  </arm_group>
  <intervention>
    <intervention_type>Drug</intervention_type>
    <intervention_name>Fludarabine</intervention_name>
    <description>fludarabine (30mg/m2) given every day starting on Day -6 through Day -2;</description>
    <arm_group_label>Reduced-Intensity Mismatched Transplant</arm_group_label>
    <other_name>Fludara</other_name>
  </intervention>
  <intervention>
    <intervention_type>Drug</intervention_type>
    <intervention_name>Melphalan</intervention_name>
    <arm_group_label>Reduced-Intensity Mismatched Transplant</arm_group_label>
    <other_name>melphalan (140mg/m2) given one time on Day -1.</other_name>
  </intervention>
  <intervention>
    <intervention_type>Drug</intervention_type>
    <intervention_name>Cyclophosphamide</intervention_name>
    <description>cyclophosphamide (50mg/kg) given every day starting on Day 3 through Day 4.</description>
    <arm_group_label>Reduced-Intensity Mismatched Transplant</arm_group_label>
    <other_name>Cytoxan</other_name>
  </intervention>
  <intervention>
    <intervention_type>Procedure</intervention_type>
    <intervention_name>peripheral blood stem cell transplant</intervention_name>
    <arm_group_label>Reduced-Intensity Mismatched Transplant</arm_group_label>
    <other_name>HSCT</other_name>
  </intervention>
  <eligibility>
    <criteria>
      <textblock>
        Inclusion Criteria:&#xD;
&#xD;
          -  No available matched related or unrelated donor, OR a matched related or unrelated&#xD;
             donor will not be available in time frame necessary to perform potentially curative&#xD;
             transplant&#xD;
&#xD;
          -  Availability of 3/6 - 5/6 matched (HLA-A, B, DR) related donor (donor must have&#xD;
             negative HLA cross-match in host vs. graft direction)&#xD;
&#xD;
          -  Karnofsky status ≥70%&#xD;
&#xD;
          -  One of the following high-risk malignancies:&#xD;
&#xD;
               1. Chronic Myelogenous Leukemia: Chronic myelogenous leukemia in chronic phase,&#xD;
                  resistant or intolerant to available tyrosine kinase inhibitors; Chronic&#xD;
                  myelogenous leukemia in accelerated phase; Chronic myelogenous leukemia with&#xD;
                  blast crisis that has entered into a second chronic phase following induction&#xD;
                  chemotherapy&#xD;
&#xD;
               2. Acute Myelogenous Leukemia in first or greater remission&#xD;
&#xD;
               3. Myelodysplastic Syndrome at least one of the following: treatment-related;&#xD;
                  monosmy 7, complex cytogenetics or other high risk karyotype; IPSS score of 1.0&#xD;
                  or greater; neutropenia or cytopenia requiring transfusion not responding to&#xD;
                  therapy; peripheral or BM blast count of &lt;10%; CMML&#xD;
&#xD;
               4. Acute lymphocytic leukemia/lymphoblastic lymphoma: 2nd or subsequent complete&#xD;
                  remission; first complete remission; marrow blasts &lt;5%, but persistence of&#xD;
                  minimal residual disease by flow cytometry, cytogenetics, or FISH&#xD;
&#xD;
               5. Chronic Lymphocytic Leukemia/Prolymphocytic Leukemia: previously treated disease&#xD;
                  that has either relapsed or failed to respond adequately to conventional-dose&#xD;
                  therapy including purine analogs&#xD;
&#xD;
               6. Hodgkin's or Non-Hodgkin's Lymphoma (including low-grade, mantle cell, and&#xD;
                  intermediate-grade/diffuse): previously treated disease that has either relapsed&#xD;
                  or failed to respond adequately to conventional-dose therapy or autologous&#xD;
                  transplantation&#xD;
&#xD;
               7. Myeloproliferative diseases (myelofibrosis, CMML)&#xD;
&#xD;
               8. Multiple Myeloma with relapse after a prior autologous transplant or eligible for&#xD;
                  allogeneic HSCT based on other risk factors&#xD;
&#xD;
        Exclusion Criteria:&#xD;
&#xD;
          -  not be excluded on basis of sex, racial, or ethnic backgrounds&#xD;
&#xD;
          -  poor cardiac function: left ventricular ejection fraction &lt;40%&#xD;
&#xD;
          -  poor pulmonary function: FEV1 and FVC &lt;50% predicted&#xD;
&#xD;
          -  poor liver function: bilirubin &gt;2 mg/dl (not due to hemolysis, Gilbert's or primary&#xD;
             malignancy)&#xD;
&#xD;
          -  poor renal function: Creatinine &gt;2.0mg/dl or creatinine clearance (calculated&#xD;
             creatinine clearance is permitted) &lt; 40 mL/min based on Traditional Cockcroft-Gault&#xD;
             formula: 140 - age (yrs) x Smaller of Actual Weight vs. Ideal Body Weight (kg) / 72 x&#xD;
             Serum creatinine (mg/dl)&#xD;
&#xD;
          -  HIV-positive&#xD;
&#xD;
          -  prior allogeneic transplant&#xD;
&#xD;
          -  women of childbearing potential who currently are pregnant or who are not practicing&#xD;
             adequate contraception&#xD;
&#xD;
          -  any debilitating medical or psychiatric illness which would preclude their giving&#xD;
             informed consent or their receiving optimal treatment and follow-up&#xD;
      </textblock>
    </criteria>
    <gender>All</gender>
    <minimum_age>18 Years</minimum_age>
    <maximum_age>75 Years</maximum_age>
    <healthy_volunteers>No</healthy_volunteers>
  </eligibility>
  <overall_official>
    <last_name>Melhem Solh, MD</last_name>
    <role>Principal Investigator</role>
    <affiliation>Northside Hospital</affiliation>
  </overall_official>
  <location>
    <facility>
      <name>Northside Hospital</name>
      <address>
        <city>Atlanta</city>
        <state>Georgia</state>
        <zip>30342</zip>
        <country>United States</country>
      </address>
    </facility>
  </location>
  <location_countries>
    <country>United States</country>
  </location_countries>
  <reference>
    <citation>Szydlo R, Goldman JM, Klein JP, Gale RP, Ash RC, Bach FH, Bradley BA, Casper JT, Flomenberg N, Gajewski JL, Gluckman E, Henslee-Downey PJ, Hows JM, Jacobsen N, Kolb HJ, Lowenberg B, Masaoka T, Rowlings PA, Sondel PM, van Bekkum DW, van Rood JJ, Vowels MR, Zhang MJ, Horowitz MM. Results of allogeneic bone marrow transplants for leukemia using donors other than HLA-identical siblings. J Clin Oncol. 1997 May;15(5):1767-77. doi: 10.1200/JCO.1997.15.5.1767.</citation>
    <PMID>9164184</PMID>
  </reference>
  <reference>
    <citation>Anasetti C, Amos D, Beatty PG, Appelbaum FR, Bensinger W, Buckner CD, Clift R, Doney K, Martin PJ, Mickelson E, et al. Effect of HLA compatibility on engraftment of bone marrow transplants in patients with leukemia or lymphoma. N Engl J Med. 1989 Jan 26;320(4):197-204. doi: 10.1056/NEJM198901263200401.</citation>
    <PMID>2643045</PMID>
  </reference>
  <reference>
    <citation>Kernan NA, Flomenberg N, Dupont B, O'Reilly RJ. Graft rejection in recipients of T-cell-depleted HLA-nonidentical marrow transplants for leukemia. Identification of host-derived antidonor allocytotoxic T lymphocytes. Transplantation. 1987 Jun;43(6):842-7.</citation>
    <PMID>3296349</PMID>
  </reference>
  <reference>
    <citation>Aversa F, Terenzi A, Tabilio A, Falzetti F, Carotti A, Ballanti S, Felicini R, Falcinelli F, Velardi A, Ruggeri L, Aloisi T, Saab JP, Santucci A, Perruccio K, Martelli MP, Mecucci C, Reisner Y, Martelli MF. Full haplotype-mismatched hematopoietic stem-cell transplantation: a phase II study in patients with acute leukemia at high risk of relapse. J Clin Oncol. 2005 May 20;23(15):3447-54. doi: 10.1200/JCO.2005.09.117. Epub 2005 Mar 7.</citation>
    <PMID>15753458</PMID>
  </reference>
  <reference>
    <citation>Bashey A, Solomon SR. T-cell replete haploidentical donor transplantation using post-transplant CY: an emerging standard-of-care option for patients who lack an HLA-identical sibling donor. Bone Marrow Transplant. 2014 Aug;49(8):999-1008. doi: 10.1038/bmt.2014.62. Epub 2014 May 19.</citation>
    <PMID>24842530</PMID>
  </reference>
  <reference>
    <citation>O'Donnell PV, Luznik L, Jones RJ, Vogelsang GB, Leffell MS, Phelps M, Rhubart P, Cowan K, Piantados S, Fuchs EJ. Nonmyeloablative bone marrow transplantation from partially HLA-mismatched related donors using posttransplantation cyclophosphamide. Biol Blood Marrow Transplant. 2002;8(7):377-86. doi: 10.1053/bbmt.2002.v8.pm12171484.</citation>
    <PMID>12171484</PMID>
  </reference>
  <reference>
    <citation>Solomon SR, Sizemore CA, Sanacore M, Zhang X, Brown S, Holland HK, Morris LE, Bashey A. Haploidentical transplantation using T cell replete peripheral blood stem cells and myeloablative conditioning in patients with high-risk hematologic malignancies who lack conventional donors is well tolerated and produces excellent relapse-free survival: results of a prospective phase II trial. Biol Blood Marrow Transplant. 2012 Dec;18(12):1859-66. doi: 10.1016/j.bbmt.2012.06.019. Epub 2012 Aug 1.</citation>
    <PMID>22863841</PMID>
  </reference>
  <reference>
    <citation>Solomon SR, Sizemore CA, Sanacore M, Zhang X, Brown S, Holland HK, Morris LE, Bashey A. Total Body Irradiation-Based Myeloablative Haploidentical Stem Cell Transplantation Is a Safe and Effective Alternative to Unrelated Donor Transplantation in Patients Without Matched Sibling Donors. Biol Blood Marrow Transplant. 2015 Jul;21(7):1299-307. doi: 10.1016/j.bbmt.2015.03.003. Epub 2015 Mar 19.</citation>
    <PMID>25797174</PMID>
  </reference>
  <verification_date>April 2023</verification_date>
  <study_first_submitted>October 16, 2015</study_first_submitted>
  <study_first_submitted_qc>October 16, 2015</study_first_submitted_qc>
  <study_first_posted type="Estimate">October 20, 2015</study_first_posted>
  <results_first_submitted>November 9, 2022</results_first_submitted>
  <results_first_submitted_qc>April 5, 2023</results_first_submitted_qc>
  <results_first_posted type="Actual">April 27, 2023</results_first_posted>
  <last_update_submitted>April 5, 2023</last_update_submitted>
  <last_update_submitted_qc>April 5, 2023</last_update_submitted_qc>
  <last_update_posted type="Actual">April 27, 2023</last_update_posted>
  <responsible_party>
    <responsible_party_type>Sponsor</responsible_party_type>
  </responsible_party>
  <keyword>CML</keyword>
  <keyword>AML</keyword>
  <keyword>MDS</keyword>
  <keyword>ALL</keyword>
  <keyword>CLL/CPL</keyword>
  <keyword>HD</keyword>
  <keyword>NHL</keyword>
  <keyword>MPS</keyword>
  <keyword>CMML</keyword>
  <keyword>MM</keyword>
  <condition_browse>
    <!-- CAUTION:  The following MeSH terms are assigned with an imperfect algorithm            -->
    <mesh_term>Lymphoma</mesh_term>
    <mesh_term>Leukemia</mesh_term>
    <mesh_term>Multiple Myeloma</mesh_term>
    <mesh_term>Leukemia, Lymphoid</mesh_term>
    <mesh_term>Leukemia, Lymphocytic, Chronic, B-Cell</mesh_term>
    <mesh_term>Leukemia, Myeloid</mesh_term>
    <mesh_term>Leukemia, Myelogenous, Chronic, BCR-ABL Positive</mesh_term>
    <mesh_term>Leukemia, Myeloid, Acute</mesh_term>
    <mesh_term>Precursor Cell Lymphoblastic Leukemia-Lymphoma</mesh_term>
    <mesh_term>Myelodysplastic Syndromes</mesh_term>
  </condition_browse>
  <intervention_browse>
    <!-- CAUTION:  The following MeSH terms are assigned with an imperfect algorithm            -->
    <mesh_term>Cyclophosphamide</mesh_term>
    <mesh_term>Melphalan</mesh_term>
    <mesh_term>Fludarabine</mesh_term>
  </intervention_browse>
  <patient_data>
    <sharing_ipd>No</sharing_ipd>
  </patient_data>
  <provided_document_section>
    <provided_document>
      <document_type>Study Protocol and Statistical Analysis Plan</document_type>
      <document_has_protocol>Yes</document_has_protocol>
      <document_has_icf>No</document_has_icf>
      <document_has_sap>Yes</document_has_sap>
      <document_date>October 28, 2016</document_date>
      <document_url>https://ClinicalTrials.gov/ProvidedDocs/07/NCT02581007/Prot_SAP_000.pdf</document_url>
    </provided_document>
  </provided_document_section>

  <clinical_results>

    <participant_flow>
      <group_list>
        <group group_id="P1">
          <title>Reduced-Intensity Mismatched Transplant</title>
          <description>Fludarabine, Melphalan &amp; Post-transplant cyclophosphamide&#xD;
Fludarabine: fludarabine (30mg/m2) given every day starting on Day -6 through Day -2;&#xD;
Melphalan&#xD;
Cyclophosphamide: cyclophosphamide (50mg/kg) given every day starting on Day 3 through Day 4.&#xD;
peripheral blood stem cell transplant</description>
        </group>
      </group_list>
      <period_list>
        <period>
          <title>Overall Study</title>
          <milestone_list>
            <milestone>
              <title>STARTED</title>
              <participants_list>
                <participants group_id="P1" count="25"/>
              </participants_list>
            </milestone>
            <milestone>
              <title>COMPLETED</title>
              <participants_list>
                <participants group_id="P1" count="25"/>
              </participants_list>
            </milestone>
            <milestone>
              <title>NOT COMPLETED</title>
              <participants_list>
                <participants group_id="P1" count="0"/>
              </participants_list>
            </milestone>
          </milestone_list>
        </period>
      </period_list>
    </participant_flow>

    <baseline>
      <group_list>
        <group group_id="B1">
          <title>Reduced-Intensity Mismatched Transplant</title>
          <description>Fludarabine, Melphalan &amp; Post-transplant cyclophosphamide&#xD;
Fludarabine: fludarabine (30mg/m2) given every day starting on Day -6 through Day -2;&#xD;
Melphalan&#xD;
Cyclophosphamide: cyclophosphamide (50mg/kg) given every day starting on Day 3 through Day 4.&#xD;
peripheral blood stem cell transplant</description>
        </group>
      </group_list>
      <analyzed_list>
        <analyzed>
          <units>Participants</units>
          <scope>Overall</scope>
          <count_list>
            <count group_id="B1" value="25"/>
          </count_list>
        </analyzed>
      </analyzed_list>
      <measure_list>
        <measure>
          <title>Age</title>
          <units>Participants</units>
          <param>Count of Participants</param>
          <class_list>
            <class>
              <analyzed_list>
                <analyzed>
                  <units>Participants</units>
                  <scope>Class</scope>
                  <count_list>
                    <count group_id="B1" value="25"/>
                  </count_list>
                </analyzed>
              </analyzed_list>
              <category_list>
                <category>
                  <title>&lt;=18 years</title>
                  <measurement_list>
                    <measurement group_id="B1" value="0"/>
                  </measurement_list>
                </category>
                <category>
                  <title>Between 18 and 65 years</title>
                  <measurement_list>
                    <measurement group_id="B1" value="22"/>
                  </measurement_list>
                </category>
                <category>
                  <title>&gt;=65 years</title>
                  <measurement_list>
                    <measurement group_id="B1" value="3"/>
                  </measurement_list>
                </category>
              </category_list>
            </class>
          </class_list>
        </measure>
        <measure>
          <title>Age</title>
          <units>years</units>
          <param>Median</param>
          <dispersion>Full Range</dispersion>
          <class_list>
            <class>
              <analyzed_list>
                <analyzed>
                  <units>Participants</units>
                  <scope>Class</scope>
                  <count_list>
                    <count group_id="B1" value="25"/>
                  </count_list>
                </analyzed>
              </analyzed_list>
              <category_list>
                <category>
                  <measurement_list>
                    <measurement group_id="B1" value="57" lower_limit="35" upper_limit="68"/>
                  </measurement_list>
                </category>
              </category_list>
            </class>
          </class_list>
        </measure>
        <measure>
          <title>Sex: Female, Male</title>
          <units>Participants</units>
          <param>Count of Participants</param>
          <class_list>
            <class>
              <analyzed_list>
                <analyzed>
                  <units>Participants</units>
                  <scope>Class</scope>
                  <count_list>
                    <count group_id="B1" value="25"/>
                  </count_list>
                </analyzed>
              </analyzed_list>
              <category_list>
                <category>
                  <title>Female</title>
                  <measurement_list>
                    <measurement group_id="B1" value="13"/>
                  </measurement_list>
                </category>
                <category>
                  <title>Male</title>
                  <measurement_list>
                    <measurement group_id="B1" value="12"/>
                  </measurement_list>
                </category>
              </category_list>
            </class>
          </class_list>
        </measure>
        <measure>
          <title>Race and Ethnicity Not Collected</title>
          <population>Race and Ethnicity were not collected from any participant.</population>
          <units>Participants</units>
          <param>Count of Participants</param>
          <class_list>
            <class>
              <analyzed_list>
                <analyzed>
                  <units>Participants</units>
                  <scope>Class</scope>
                  <count_list>
                    <count group_id="B1" value="0"/>
                  </count_list>
                </analyzed>
              </analyzed_list>
            </class>
          </class_list>
        </measure>
        <measure>
          <title>Region of Enrollment</title>
          <units>participants</units>
          <param>Number</param>
          <class_list>
            <class>
              <title>United States</title>
              <analyzed_list>
                <analyzed>
                  <units>Participants</units>
                  <scope>Class</scope>
                  <count_list>
                    <count group_id="B1" value="25"/>
                  </count_list>
                </analyzed>
              </analyzed_list>
              <category_list>
                <category>
                  <measurement_list>
                    <measurement group_id="B1" value="25"/>
                  </measurement_list>
                </category>
              </category_list>
            </class>
          </class_list>
        </measure>
      </measure_list>
    </baseline>

    <outcome_list>
      <outcome>
        <type>Primary</type>
        <title>Graft Rejection</title>
        <description>Measurement of donor cells vs. recipient cells</description>
        <time_frame>100 days</time_frame>
        <group_list>
          <group group_id="O1">
            <title>Reduced-Intensity Mismatched Transplant</title>
            <description>Fludarabine, Melphalan &amp; Post-transplant cyclophosphamide&#xD;
Fludarabine: fludarabine (30mg/m2) given every day starting on Day -6 through Day -2;&#xD;
Melphalan&#xD;
Cyclophosphamide: cyclophosphamide (50mg/kg) given every day starting on Day 3 through Day 4.&#xD;
peripheral blood stem cell transplant</description>
          </group>
        </group_list>
        <measure>
          <title>Graft Rejection</title>
          <description>Measurement of donor cells vs. recipient cells</description>
          <units>Participants</units>
          <param>Count of Participants</param>
          <analyzed_list>
            <analyzed>
              <units>Participants</units>
              <scope>Measure</scope>
              <count_list>
                <count group_id="O1" value="25"/>
              </count_list>
            </analyzed>
          </analyzed_list>
          <class_list>
            <class>
              <category_list>
                <category>
                  <measurement_list>
                    <measurement group_id="O1" value="3"/>
                  </measurement_list>
                </category>
              </category_list>
            </class>
          </class_list>
        </measure>
      </outcome>
      <outcome>
        <type>Secondary</type>
        <title>Overall Survival</title>
        <description>Number of participants still alive 2 years after transplant</description>
        <time_frame>2 years</time_frame>
        <group_list>
          <group group_id="O1">
            <title>Reduced-Intensity Mismatched Transplant</title>
            <description>Fludarabine, Melphalan &amp; Post-transplant cyclophosphamide&#xD;
Fludarabine: fludarabine (30mg/m2) given every day starting on Day -6 through Day -2;&#xD;
Melphalan&#xD;
Cyclophosphamide: cyclophosphamide (50mg/kg) given every day starting on Day 3 through Day 4.&#xD;
peripheral blood stem cell transplant</description>
          </group>
        </group_list>
        <measure>
          <title>Overall Survival</title>
          <description>Number of participants still alive 2 years after transplant</description>
          <units>percentage of patients</units>
          <param>Number</param>
          <dispersion>95% Confidence Interval</dispersion>
          <analyzed_list>
            <analyzed>
              <units>Participants</units>
              <scope>Measure</scope>
              <count_list>
                <count group_id="O1" value="25"/>
              </count_list>
            </analyzed>
          </analyzed_list>
          <class_list>
            <class>
              <title>1 yr post-transplant</title>
              <category_list>
                <category>
                  <measurement_list>
                    <measurement group_id="O1" value="68" lower_limit="46" upper_limit="82"/>
                  </measurement_list>
                </category>
              </category_list>
            </class>
            <class>
              <title>2 yr post-transplant</title>
              <category_list>
                <category>
                  <measurement_list>
                    <measurement group_id="O1" value="56" lower_limit="33" upper_limit="74"/>
                  </measurement_list>
                </category>
              </category_list>
            </class>
          </class_list>
        </measure>
      </outcome>
      <outcome>
        <type>Secondary</type>
        <title>Relapse Incidence</title>
        <description>Number of patients with disease reoccurrence at 1 and 2 years post-transplant</description>
        <time_frame>2 years</time_frame>
        <group_list>
          <group group_id="O1">
            <title>Reduced-Intensity Mismatched Transplant</title>
            <description>Fludarabine, Melphalan &amp; Post-transplant cyclophosphamide&#xD;
Fludarabine: fludarabine (30mg/m2) given every day starting on Day -6 through Day -2;&#xD;
Melphalan&#xD;
Cyclophosphamide: cyclophosphamide (50mg/kg) given every day starting on Day 3 through Day 4.&#xD;
peripheral blood stem cell transplant</description>
          </group>
        </group_list>
        <measure>
          <title>Relapse Incidence</title>
          <description>Number of patients with disease reoccurrence at 1 and 2 years post-transplant</description>
          <units>percentage of patients</units>
          <param>Number</param>
          <dispersion>95% Confidence Interval</dispersion>
          <analyzed_list>
            <analyzed>
              <units>Participants</units>
              <scope>Measure</scope>
              <count_list>
                <count group_id="O1" value="25"/>
              </count_list>
            </analyzed>
          </analyzed_list>
          <class_list>
            <class>
              <title>1 yr post-transplant</title>
              <category_list>
                <category>
                  <measurement_list>
                    <measurement group_id="O1" value="24" lower_limit="10" upper_limit="42"/>
                  </measurement_list>
                </category>
              </category_list>
            </class>
            <class>
              <title>2 yr post-transplant</title>
              <category_list>
                <category>
                  <measurement_list>
                    <measurement group_id="O1" value="36" lower_limit="17" upper_limit="55"/>
                  </measurement_list>
                </category>
              </category_list>
            </class>
          </class_list>
        </measure>
      </outcome>
      <outcome>
        <type>Secondary</type>
        <title>GVHD Incidence</title>
        <description>The number of participants that developed graft-versus-host-disease before or at 100 days after transplant</description>
        <time_frame>100 days</time_frame>
        <group_list>
          <group group_id="O1">
            <title>Reduced-Intensity Mismatched Transplant</title>
            <description>Fludarabine, Melphalan &amp; Post-transplant cyclophosphamide&#xD;
Fludarabine: fludarabine (30mg/m2) given every day starting on Day -6 through Day -2;&#xD;
Melphalan&#xD;
Cyclophosphamide: cyclophosphamide (50mg/kg) given every day starting on Day 3 through Day 4.&#xD;
peripheral blood stem cell transplant</description>
          </group>
        </group_list>
        <measure>
          <title>GVHD Incidence</title>
          <description>The number of participants that developed graft-versus-host-disease before or at 100 days after transplant</description>
          <units>percentage of patients</units>
          <param>Number</param>
          <dispersion>95% Confidence Interval</dispersion>
          <analyzed_list>
            <analyzed>
              <units>Participants</units>
              <scope>Measure</scope>
              <count_list>
                <count group_id="O1" value="25"/>
              </count_list>
            </analyzed>
          </analyzed_list>
          <class_list>
            <class>
              <title>Grades II to IV acute GVHD</title>
              <category_list>
                <category>
                  <measurement_list>
                    <measurement group_id="O1" value="20" lower_limit="8" upper_limit="37"/>
                  </measurement_list>
                </category>
              </category_list>
            </class>
            <class>
              <title>Grades III to IV acute GVHD</title>
              <category_list>
                <category>
                  <measurement_list>
                    <measurement group_id="O1" value="8" lower_limit="2" upper_limit="22"/>
                  </measurement_list>
                </category>
              </category_list>
            </class>
            <class>
              <title>Moderate chronic GVHD</title>
              <category_list>
                <category>
                  <measurement_list>
                    <measurement group_id="O1" value="16" lower_limit="5" upper_limit="33"/>
                  </measurement_list>
                </category>
              </category_list>
            </class>
            <class>
              <title>Severe chronic GVHD</title>
              <category_list>
                <category>
                  <measurement_list>
                    <measurement group_id="O1" value="12" lower_limit="3" upper_limit="27"/>
                  </measurement_list>
                </category>
              </category_list>
            </class>
          </class_list>
        </measure>
      </outcome>
    </outcome_list>

    <reported_events>
      <time_frame>100 days for adverse events, overall survival over 2 years</time_frame>
      <group_list>
        <group group_id="E1">
          <title>Reduced-Intensity Mismatched Transplant</title>
          <description>Fludarabine, Melphalan &amp; Post-transplant cyclophosphamide&#xD;
Fludarabine: fludarabine (30mg/m2) given every day starting on Day -6 through Day -2;&#xD;
Melphalan&#xD;
Cyclophosphamide: cyclophosphamide (50mg/kg) given every day starting on Day 3 through Day 4.&#xD;
peripheral blood stem cell transplant</description>
        </group>
      </group_list>
      <serious_events>
        <default_assessment>Non-systematic Assessment</default_assessment>
        <category_list>
          <category>
            <title>Total</title>
            <event_list>
              <event>
                <sub_title>Total, all-cause mortality</sub_title>
                <counts group_id="E1" subjects_affected="3" subjects_at_risk="25"/>
              </event>
              <event>
                <sub_title>Total, serious adverse events</sub_title>
                <counts group_id="E1" subjects_affected="23" subjects_at_risk="25"/>
              </event>
            </event_list>
          </category>
          <category>
            <title>Cardiac disorders</title>
            <event_list>
              <event>
                <sub_title>pericardial effusion</sub_title>
                <counts group_id="E1" subjects_affected="3" subjects_at_risk="25"/>
              </event>
              <event>
                <sub_title>tachycardia</sub_title>
                <counts group_id="E1" subjects_affected="1" subjects_at_risk="25"/>
              </event>
              <event>
                <sub_title>cardiac arrest</sub_title>
                <counts group_id="E1" subjects_affected="1" subjects_at_risk="25"/>
              </event>
              <event>
                <sub_title>superficial venous thrombosis</sub_title>
                <counts group_id="E1" subjects_affected="1" subjects_at_risk="25"/>
              </event>
              <event>
                <sub_title>hypotension</sub_title>
                <counts group_id="E1" subjects_affected="1" subjects_at_risk="25"/>
              </event>
              <event>
                <sub_title>hypertension</sub_title>
                <counts group_id="E1" subjects_affected="1" subjects_at_risk="25"/>
              </event>
              <event>
                <sub_title>deep venous thrombosis</sub_title>
                <counts group_id="E1" subjects_affected="1" subjects_at_risk="25"/>
              </event>
            </event_list>
          </category>
          <category>
            <title>Gastrointestinal disorders</title>
            <event_list>
              <event>
                <sub_title>esophagitis</sub_title>
                <counts group_id="E1" subjects_affected="2" subjects_at_risk="25"/>
              </event>
              <event>
                <sub_title>mucositis</sub_title>
                <counts group_id="E1" subjects_affected="1" subjects_at_risk="25"/>
              </event>
              <event>
                <sub_title>anorexia</sub_title>
                <counts group_id="E1" subjects_affected="1" subjects_at_risk="25"/>
              </event>
              <event>
                <sub_title>nausea</sub_title>
                <counts group_id="E1" subjects_affected="4" subjects_at_risk="25"/>
              </event>
              <event>
                <sub_title>vomiting</sub_title>
                <counts group_id="E1" subjects_affected="4" subjects_at_risk="25"/>
              </event>
              <event>
                <sub_title>diarrhea</sub_title>
                <counts group_id="E1" subjects_affected="4" subjects_at_risk="25"/>
              </event>
            </event_list>
          </category>
          <category>
            <title>General disorders</title>
            <event_list>
              <event>
                <sub_title>chest pain</sub_title>
                <counts group_id="E1" subjects_affected="1" subjects_at_risk="25"/>
              </event>
              <event>
                <sub_title>fever</sub_title>
                <counts group_id="E1" subjects_affected="15" subjects_at_risk="25"/>
              </event>
            </event_list>
          </category>
          <category>
            <title>Immune system disorders</title>
            <event_list>
              <event>
                <sub_title>graft-versus-host-disease</sub_title>
                <counts group_id="E1" subjects_affected="1" subjects_at_risk="25"/>
              </event>
              <event>
                <sub_title>cytokine release syndrome</sub_title>
                <counts group_id="E1" subjects_affected="1" subjects_at_risk="25"/>
              </event>
            </event_list>
          </category>
          <category>
            <title>Infections and infestations</title>
            <event_list>
              <event>
                <sub_title>sepsis</sub_title>
                <counts group_id="E1" subjects_affected="4" subjects_at_risk="25"/>
              </event>
              <event>
                <sub_title>sinusitis</sub_title>
                <counts group_id="E1" subjects_affected="1" subjects_at_risk="25"/>
              </event>
              <event>
                <sub_title>bacteremia infection</sub_title>
                <counts group_id="E1" subjects_affected="6" subjects_at_risk="25"/>
              </event>
            </event_list>
          </category>
          <category>
            <title>Investigations</title>
            <event_list>
              <event>
                <sub_title>thrombocytopenia</sub_title>
                <counts group_id="E1" subjects_affected="3" subjects_at_risk="25"/>
              </event>
            </event_list>
          </category>
          <category>
            <title>Metabolism and nutrition disorders</title>
            <event_list>
              <event>
                <sub_title>elevated liver enzymes</sub_title>
                <counts group_id="E1" subjects_affected="1" subjects_at_risk="25"/>
              </event>
              <event>
                <sub_title>tumor lysis syndrome</sub_title>
                <counts group_id="E1" subjects_affected="1" subjects_at_risk="25"/>
              </event>
            </event_list>
          </category>
          <category>
            <title>Nervous system disorders</title>
            <event_list>
              <event>
                <sub_title>confusion</sub_title>
                <counts group_id="E1" subjects_affected="2" subjects_at_risk="25"/>
              </event>
            </event_list>
          </category>
          <category>
            <title>Psychiatric disorders</title>
            <event_list>
              <event>
                <sub_title>hallucinations</sub_title>
                <counts group_id="E1" subjects_affected="1" subjects_at_risk="25"/>
              </event>
            </event_list>
          </category>
          <category>
            <title>Renal and urinary disorders</title>
            <event_list>
              <event>
                <sub_title>renal failure</sub_title>
                <counts group_id="E1" subjects_affected="1" subjects_at_risk="25"/>
              </event>
            </event_list>
          </category>
          <category>
            <title>Respiratory, thoracic and mediastinal disorders</title>
            <event_list>
              <event>
                <sub_title>respiratory failure</sub_title>
                <counts group_id="E1" subjects_affected="2" subjects_at_risk="25"/>
              </event>
              <event>
                <sub_title>hypoxia</sub_title>
                <counts group_id="E1" subjects_affected="7" subjects_at_risk="25"/>
              </event>
              <event>
                <sub_title>pulmonary edema</sub_title>
                <counts group_id="E1" subjects_affected="3" subjects_at_risk="25"/>
              </event>
              <event>
                <sub_title>pneumonia</sub_title>
                <counts group_id="E1" subjects_affected="2" subjects_at_risk="25"/>
              </event>
            </event_list>
          </category>
        </category_list>
      </serious_events>
      <other_events>
        <frequency_threshold>0</frequency_threshold>
        <default_assessment>Non-systematic Assessment</default_assessment>
        <category_list>
          <category>
            <title>Total</title>
            <event_list>
              <event>
                <sub_title>Total, other adverse events</sub_title>
                <counts group_id="E1" subjects_affected="25" subjects_at_risk="25"/>
              </event>
            </event_list>
          </category>
          <category>
            <title>Cardiac disorders</title>
            <event_list>
              <event>
                <sub_title>hypertension</sub_title>
                <counts group_id="E1" subjects_affected="3" subjects_at_risk="25"/>
              </event>
            </event_list>
          </category>
          <category>
            <title>Gastrointestinal disorders</title>
            <event_list>
              <event>
                <sub_title>weight loss</sub_title>
                <counts group_id="E1" subjects_affected="1" subjects_at_risk="25"/>
              </event>
            </event_list>
          </category>
          <category>
            <title>Investigations</title>
            <event_list>
              <event>
                <sub_title>leukopenia</sub_title>
                <counts group_id="E1" subjects_affected="25" subjects_at_risk="25"/>
              </event>
              <event>
                <sub_title>neutropenia</sub_title>
                <counts group_id="E1" subjects_affected="25" subjects_at_risk="25"/>
              </event>
              <event>
                <sub_title>anemia</sub_title>
                <counts group_id="E1" subjects_affected="10" subjects_at_risk="25"/>
              </event>
              <event>
                <sub_title>thrombocytopenia</sub_title>
                <counts group_id="E1" subjects_affected="25" subjects_at_risk="25"/>
              </event>
            </event_list>
          </category>
          <category>
            <title>Metabolism and nutrition disorders</title>
            <event_list>
              <event>
                <sub_title>hypokalemia</sub_title>
                <counts group_id="E1" subjects_affected="3" subjects_at_risk="25"/>
              </event>
              <event>
                <sub_title>hyponatremia</sub_title>
                <counts group_id="E1" subjects_affected="1" subjects_at_risk="25"/>
              </event>
              <event>
                <sub_title>hypocalcemia</sub_title>
                <counts group_id="E1" subjects_affected="2" subjects_at_risk="25"/>
              </event>
              <event>
                <sub_title>elevated liver enzymes</sub_title>
                <counts group_id="E1" subjects_affected="8" subjects_at_risk="25"/>
              </event>
              <event>
                <sub_title>hyperglycemia</sub_title>
                <counts group_id="E1" subjects_affected="3" subjects_at_risk="25"/>
              </event>
              <event>
                <sub_title>hypomagnesemia</sub_title>
                <counts group_id="E1" subjects_affected="1" subjects_at_risk="25"/>
              </event>
              <event>
                <sub_title>hypermagnesemia</sub_title>
                <counts group_id="E1" subjects_affected="1" subjects_at_risk="25"/>
              </event>
            </event_list>
          </category>
          <category>
            <title>Nervous system disorders</title>
            <event_list>
              <event>
                <sub_title>syncope</sub_title>
                <counts group_id="E1" subjects_affected="1" subjects_at_risk="25"/>
              </event>
            </event_list>
          </category>
          <category>
            <title>Renal and urinary disorders</title>
            <event_list>
              <event>
                <sub_title>BK virus</sub_title>
                <counts group_id="E1" subjects_affected="2" subjects_at_risk="25"/>
              </event>
              <event>
                <sub_title>urinary tract infection</sub_title>
                <counts group_id="E1" subjects_affected="1" subjects_at_risk="25"/>
              </event>
            </event_list>
          </category>
          <category>
            <title>Skin and subcutaneous tissue disorders</title>
            <event_list>
              <event>
                <sub_title>rash</sub_title>
                <counts group_id="E1" subjects_affected="4" subjects_at_risk="25"/>
              </event>
            </event_list>
          </category>
        </category_list>
      </other_events>
    </reported_events>

    <certain_agreements>
      <pi_employee>All Principal Investigators ARE employed by the organization sponsoring the study.</pi_employee>
      <restrictive_agreement>There is NOT an agreement between Principal Investigators and the Sponsor (or its agents) that restricts the PI's rights to discuss or publish trial results after the trial is completed. </restrictive_agreement>
    </certain_agreements>
    <point_of_contact>
      <name_or_title>Dr. Melhem Solh</name_or_title>
      <organization>Northside Hospital</organization>
      <phone>404-255-1930</phone>
      <email>msolh@bmtga.com</email>
    </point_of_contact>
  </clinical_results>
</clinical_study>

