<?xml version="1.0" encoding="UTF-8"?>
<clinical_study rank="334">
  <!-- This xml conforms to an XML Schema at:
    https://clinicaltrials.gov/ct2/html/images/info/public.xsd -->
  <required_header>
    <download_date>ClinicalTrials.gov processed this data on February 06, 2024</download_date>
    <link_text>Link to the current ClinicalTrials.gov record.</link_text>
    <url>https://clinicaltrials.gov/ct2/show/NCT00004145</url>
  </required_header>
  <id_info>
    <org_study_id>9581</org_study_id>
    <secondary_id>UCCRC-9581</secondary_id>
    <secondary_id>UCCRC-CTRC-9852</secondary_id>
    <secondary_id>NCI-G99-1618</secondary_id>
    <nct_id>NCT00004145</nct_id>
  </id_info>
  <brief_title>Chemotherapy Plus Biological Therapy Followed By Peripheral Stem Cell Transplantation in Treating Patients With Hematologic Cancer</brief_title>
  <official_title>Allogeneic Peripheral Blood Stem Cell Transplantation Using a Non-Myeloablative Preparative Regimen for Patients With Hematologic Malignancies</official_title>
  <sponsors>
    <lead_sponsor>
      <agency>University of Chicago</agency>
      <agency_class>Other</agency_class>
    </lead_sponsor>
    <collaborator>
      <agency>National Cancer Institute (NCI)</agency>
      <agency_class>NIH</agency_class>
    </collaborator>
  </sponsors>
  <source>University of Chicago</source>
  <oversight_info>
    <has_dmc>No</has_dmc>
  </oversight_info>
  <brief_summary>
    <textblock>
      RATIONALE: Drugs used in chemotherapy use different ways to stop cancer cells from dividing&#xD;
      so they stop growing or die. Combining chemotherapy with peripheral stem cell transplantation&#xD;
      may allow the doctor to give higher doses of chemotherapy drugs and kill more cancer cells.&#xD;
      Sometimes the transplanted cells are rejected by the body's normal tissues. Antithymocyte&#xD;
      globulin may prevent this from happening.&#xD;
&#xD;
      PURPOSE: Phase II trial to study the effectiveness of chemotherapy plus biological therapy&#xD;
      followed by peripheral stem cell transplantation in treating patients who have hematologic&#xD;
      cancer.&#xD;
    </textblock>
  </brief_summary>
  <detailed_description>
    <textblock>
      OBJECTIVES: I. Determine the effect of nonmyeloablative chemotherapy followed by allogeneic&#xD;
      peripheral blood stem cell transplantation on hematopoietic recovery in patients with&#xD;
      hematologic malignancies. II. Determine the toxicities of this regimen in these patients.&#xD;
      III. Determine the frequency of mixed hematopoietic chimerism in these patients after this&#xD;
      therapy. IV. Determine the efficacy and toxicity of donor leukocyte infusions at relapse in&#xD;
      these patients. V. Determine the response rates and survival of these patients after this&#xD;
      therapy. VI. Determine the immune reconstitution of patients undergoing this therapy.&#xD;
&#xD;
      OUTLINE: Patients receive fludarabine IV over 30 minutes on days -9 to -5, cyclophosphamide&#xD;
      IV over 1 hour on day -5, and antithymocyte globulin IV over 10 hours on days -5 to -2.&#xD;
      Allogeneic peripheral blood stem cells are infused on day 0. Patients who achieve complete&#xD;
      remission (CR) and then relapse or patients who achieve less than a CR before day 60 receive&#xD;
      donor leukocyte infusions (DLI) over 30 minutes. DLI are repeated as necessary for persistent&#xD;
      disease. Patients are followed at 1, 3, and 6 months, then at 1 and 2 years.&#xD;
&#xD;
      PROJECTED ACCRUAL: A total of 40 patients will be accrued for this study within 2 years.&#xD;
    </textblock>
  </detailed_description>
  <overall_status>Completed</overall_status>
  <start_date>November 1998</start_date>
  <completion_date type="Actual">August 2011</completion_date>
  <primary_completion_date type="Actual">November 2003</primary_completion_date>
  <phase>Phase 2</phase>
  <study_type>Interventional</study_type>
  <has_expanded_access>No</has_expanded_access>
  <study_design_info>
    <allocation>N/A</allocation>
    <intervention_model>Single Group Assignment</intervention_model>
    <primary_purpose>Treatment</primary_purpose>
    <masking>None (Open Label)</masking>
  </study_design_info>
  <primary_outcome>
    <measure>Hematopoetic recovery and toxicities of non-myeloablative allogenic stem cell transplantation Hematopoetic recovery and toxicities of non-myeloablative allogenic stem cell transplantation</measure>
    <time_frame>5 years</time_frame>
  </primary_outcome>
  <number_of_arms>1</number_of_arms>
  <enrollment type="Actual">16</enrollment>
  <condition>Leukemia</condition>
  <condition>Lymphoma</condition>
  <condition>Multiple Myeloma and Plasma Cell Neoplasm</condition>
  <condition>Myelodysplastic Syndromes</condition>
  <arm_group>
    <arm_group_label>Arm A</arm_group_label>
    <arm_group_type>Experimental</arm_group_type>
    <description>Fludarabine (30mg/m2/day x 5 days on days -9 to -5), cyclophosphamide (2gm/m2/day on day -5), antithymocyte globulin (10mg/kg/day x 4 days on days -5 to -2), tacrolimus (.03 mg/kg/day IVPB continuous infusion), mycophenolate mofetil (1mg PO BID, days +1 to +60), allogenic peripheral blood stem cells</description>
  </arm_group>
  <intervention>
    <intervention_type>Biological</intervention_type>
    <intervention_name>anti-thymocyte globulin</intervention_name>
    <arm_group_label>Arm A</arm_group_label>
  </intervention>
  <intervention>
    <intervention_type>Drug</intervention_type>
    <intervention_name>cyclophosphamide</intervention_name>
    <arm_group_label>Arm A</arm_group_label>
  </intervention>
  <intervention>
    <intervention_type>Drug</intervention_type>
    <intervention_name>fludarabine phosphate</intervention_name>
    <arm_group_label>Arm A</arm_group_label>
  </intervention>
  <intervention>
    <intervention_type>Procedure</intervention_type>
    <intervention_name>peripheral blood stem cell transplantation</intervention_name>
    <arm_group_label>Arm A</arm_group_label>
  </intervention>
  <eligibility>
    <criteria>
      <textblock>
        DISEASE CHARACTERISTICS: Histologically proven hematologic malignancy for which there is no&#xD;
        standard curative therapy, including, but not limited to: Low grade non-Hodgkin's lymphoma&#xD;
        (NHL) Mantle cell lymphoma Chronic lymphocytic leukemia (stage II-IV) Myelodysplastic&#xD;
        syndrome, including: Refractory anemia (RA) with ringed sideroblasts RA with excess blasts&#xD;
        (RAEB) RAEB in transformation Chronic myelomonocytic leukemia Multiple myeloma OR&#xD;
        Histologically proven hematologic malignancy that has failed 1 prior therapy OR is at high&#xD;
        risk for relapse, including, but not limited to: Intermediate grade NHL High grade NHL&#xD;
        Hodgkin's disease Acute lymphoblastic lymphoma Acute myelogenous leukemia OR Histologically&#xD;
        proven chronic myelogenous leukemia in chronic or accelerated phase, with the following&#xD;
        risk factors that preclude eligibility for standard allogeneic peripheral blood stem cell&#xD;
        transplantation: Older age Poor performance status Healthy, partially related HLA 5/6 or&#xD;
        6/6 serologic match donor available A new classification scheme for adult non-Hodgkin's&#xD;
        lymphoma has been adopted by PDQ. The terminology of &quot;indolent&quot; or &quot;aggressive&quot; lymphoma&#xD;
        will replace the former terminology of &quot;low&quot;, &quot;intermediate&quot;, or &quot;high&quot; grade lymphoma.&#xD;
        However, this protocol uses the former terminology.&#xD;
&#xD;
        PATIENT CHARACTERISTICS: Age: 18 to 60 or physiologic 70 Performance status: Karnofsky 0-2&#xD;
        Life expectancy: Not specified Hematopoietic: Not specified Hepatic: Bilirubin less than&#xD;
        2.0 mg/dL SGOT and SGPT less than 2 times normal No active hepatitis Renal: Creatinine less&#xD;
        than 2.0 mg/dL OR Creatinine clearance greater than 50 mL/min Cardiovascular: Ejection&#xD;
        fraction greater than 45% OR Cardiac clearance Pulmonary: DLCO at least 50% predicted&#xD;
        Other: No active infection HIV-1, HIV-2, and HTLV-1 negative Not pregnant or nursing&#xD;
&#xD;
        PRIOR CONCURRENT THERAPY: Biologic therapy: Not specified Chemotherapy: See Disease&#xD;
        Characteristics Endocrine therapy: Not specified Radiotherapy: Not specified Surgery: Not&#xD;
        specified&#xD;
      </textblock>
    </criteria>
    <gender>All</gender>
    <minimum_age>18 Years</minimum_age>
    <maximum_age>60 Years</maximum_age>
    <healthy_volunteers>No</healthy_volunteers>
  </eligibility>
  <overall_official>
    <last_name>Todd M. Zimmerman, MD</last_name>
    <role>Study Chair</role>
    <affiliation>University of Chicago</affiliation>
  </overall_official>
  <location>
    <facility>
      <name>University of Chicago Cancer Research Center</name>
      <address>
        <city>Chicago</city>
        <state>Illinois</state>
        <zip>60637-1470</zip>
        <country>United States</country>
      </address>
    </facility>
  </location>
  <location_countries>
    <country>United States</country>
  </location_countries>
  <verification_date>March 2014</verification_date>
  <study_first_submitted>December 10, 1999</study_first_submitted>
  <study_first_submitted_qc>February 13, 2004</study_first_submitted_qc>
  <study_first_posted type="Estimate">February 16, 2004</study_first_posted>
  <last_update_submitted>March 6, 2014</last_update_submitted>
  <last_update_submitted_qc>March 6, 2014</last_update_submitted_qc>
  <last_update_posted type="Estimate">March 7, 2014</last_update_posted>
  <responsible_party>
    <responsible_party_type>Sponsor</responsible_party_type>
  </responsible_party>
  <keyword>stage III adult Hodgkin lymphoma</keyword>
  <keyword>stage IV adult Hodgkin lymphoma</keyword>
  <keyword>recurrent adult Hodgkin lymphoma</keyword>
  <keyword>refractory multiple myeloma</keyword>
  <keyword>stage I multiple myeloma</keyword>
  <keyword>stage II multiple myeloma</keyword>
  <keyword>stage III multiple myeloma</keyword>
  <keyword>stage II chronic lymphocytic leukemia</keyword>
  <keyword>stage III chronic lymphocytic leukemia</keyword>
  <keyword>stage IV chronic lymphocytic leukemia</keyword>
  <keyword>recurrent adult acute myeloid leukemia</keyword>
  <keyword>recurrent adult acute lymphoblastic leukemia</keyword>
  <keyword>refractory chronic lymphocytic leukemia</keyword>
  <keyword>chronic phase chronic myelogenous leukemia</keyword>
  <keyword>accelerated phase chronic myelogenous leukemia</keyword>
  <keyword>adult acute myeloid leukemia in remission</keyword>
  <keyword>adult acute lymphoblastic leukemia in remission</keyword>
  <keyword>refractory anemia</keyword>
  <keyword>refractory anemia with ringed sideroblasts</keyword>
  <keyword>refractory anemia with excess blasts</keyword>
  <keyword>refractory anemia with excess blasts in transformation</keyword>
  <keyword>chronic myelomonocytic leukemia</keyword>
  <keyword>stage III grade 1 follicular lymphoma</keyword>
  <keyword>stage III grade 2 follicular lymphoma</keyword>
  <keyword>stage III grade 3 follicular lymphoma</keyword>
  <keyword>stage III adult diffuse small cleaved cell lymphoma</keyword>
  <keyword>stage III adult diffuse mixed cell lymphoma</keyword>
  <keyword>stage III adult diffuse large cell lymphoma</keyword>
  <keyword>stage III adult immunoblastic large cell lymphoma</keyword>
  <keyword>stage III adult lymphoblastic lymphoma</keyword>
  <keyword>stage III adult Burkitt lymphoma</keyword>
  <keyword>stage IV grade 1 follicular lymphoma</keyword>
  <keyword>stage IV grade 2 follicular lymphoma</keyword>
  <keyword>stage IV grade 3 follicular lymphoma</keyword>
  <keyword>stage IV adult diffuse small cleaved cell lymphoma</keyword>
  <keyword>stage IV adult diffuse mixed cell lymphoma</keyword>
  <keyword>stage IV adult diffuse large cell lymphoma</keyword>
  <keyword>stage IV adult immunoblastic large cell lymphoma</keyword>
  <keyword>stage IV adult lymphoblastic lymphoma</keyword>
  <keyword>stage IV adult Burkitt lymphoma</keyword>
  <keyword>recurrent grade 1 follicular lymphoma</keyword>
  <keyword>recurrent grade 2 follicular lymphoma</keyword>
  <keyword>recurrent grade 3 follicular lymphoma</keyword>
  <keyword>recurrent adult diffuse small cleaved cell lymphoma</keyword>
  <keyword>recurrent adult diffuse mixed cell lymphoma</keyword>
  <keyword>recurrent adult diffuse large cell lymphoma</keyword>
  <keyword>recurrent adult immunoblastic large cell lymphoma</keyword>
  <keyword>recurrent adult lymphoblastic lymphoma</keyword>
  <keyword>recurrent adult Burkitt lymphoma</keyword>
  <keyword>secondary acute myeloid leukemia</keyword>
  <keyword>de novo myelodysplastic syndromes</keyword>
  <keyword>previously treated myelodysplastic syndromes</keyword>
  <keyword>secondary myelodysplastic syndromes</keyword>
  <keyword>stage III mantle cell lymphoma</keyword>
  <keyword>stage IV mantle cell lymphoma</keyword>
  <keyword>recurrent mantle cell lymphoma</keyword>
  <keyword>recurrent marginal zone lymphoma</keyword>
  <keyword>recurrent small lymphocytic lymphoma</keyword>
  <keyword>stage III small lymphocytic lymphoma</keyword>
  <keyword>stage III marginal zone lymphoma</keyword>
  <keyword>stage IV small lymphocytic lymphoma</keyword>
  <keyword>stage IV marginal zone lymphoma</keyword>
  <keyword>extranodal marginal zone B-cell lymphoma of mucosa-associated lymphoid tissue</keyword>
  <keyword>nodal marginal zone B-cell lymphoma</keyword>
  <keyword>splenic marginal zone lymphoma</keyword>
  <condition_browse>
    <!-- CAUTION:  The following MeSH terms are assigned with an imperfect algorithm            -->
    <mesh_term>Lymphoma</mesh_term>
    <mesh_term>Leukemia</mesh_term>
    <mesh_term>Multiple Myeloma</mesh_term>
    <mesh_term>Neoplasms, Plasma Cell</mesh_term>
    <mesh_term>Preleukemia</mesh_term>
    <mesh_term>Plasmacytoma</mesh_term>
    <mesh_term>Myelodysplastic Syndromes</mesh_term>
    <mesh_term>Syndrome</mesh_term>
  </condition_browse>
  <intervention_browse>
    <!-- CAUTION:  The following MeSH terms are assigned with an imperfect algorithm            -->
    <mesh_term>Cyclophosphamide</mesh_term>
    <mesh_term>Fludarabine</mesh_term>
    <mesh_term>Fludarabine phosphate</mesh_term>
    <mesh_term>Antilymphocyte Serum</mesh_term>
  </intervention_browse>
  <!-- Results have not yet been posted for this study                                          -->
</clinical_study>

