<?xml version="1.0" encoding="UTF-8"?>
<clinical_study rank="486">
  <!-- This xml conforms to an XML Schema at:
    https://clinicaltrials.gov/ct2/html/images/info/public.xsd -->
  <required_header>
    <download_date>ClinicalTrials.gov processed this data on February 06, 2024</download_date>
    <link_text>Link to the current ClinicalTrials.gov record.</link_text>
    <url>https://clinicaltrials.gov/ct2/show/NCT00004896</url>
  </required_header>
  <id_info>
    <org_study_id>NU 91H4T</org_study_id>
    <secondary_id>NU-91H4T</secondary_id>
    <secondary_id>NCI-G00-1686</secondary_id>
    <nct_id>NCT00004896</nct_id>
  </id_info>
  <brief_title>Busulfan and Cyclophosphamide Followed by Bone Marrow Transplantation in Treating Patients With Acute Myelogenous Leukemia or Myelodysplastic Syndrome</brief_title>
  <official_title>Phase II Study of High-Dose Busulfan and Cyclophosphamide Followed by Allogeneic Bone Marrow Transplantation for Patients With Acute Myelogenous Leukemia</official_title>
  <sponsors>
    <lead_sponsor>
      <agency>Northwestern University</agency>
      <agency_class>Other</agency_class>
    </lead_sponsor>
    <collaborator>
      <agency>National Cancer Institute (NCI)</agency>
      <agency_class>NIH</agency_class>
    </collaborator>
  </sponsors>
  <source>Northwestern University</source>
  <oversight_info>
    <has_dmc>Yes</has_dmc>
  </oversight_info>
  <brief_summary>
    <textblock>
      RATIONALE: Drugs used in chemotherapy use different ways to stop cancer cells from dividing&#xD;
      so they stop growing or die. Combining chemotherapy with donor bone marrow transplantation&#xD;
      may allow the doctor to give higher doses of chemotherapy drugs and kill more cancer cells.&#xD;
&#xD;
      PURPOSE: Phase II trial to study the effectiveness of busulfan and cyclophosphamide followed&#xD;
      by bone marrow transplantation in treating patients who have acute myelogenous leukemia or&#xD;
      myelodysplastic syndrome.&#xD;
    </textblock>
  </brief_summary>
  <detailed_description>
    <textblock>
      OBJECTIVES:&#xD;
&#xD;
        -  Determine the remission duration, disease-free survival, and overall survival of&#xD;
           patients with acute myelogenous leukemia in remission or early relapse or&#xD;
           myelodysplastic syndrome treated with high-dose busulfan and cyclophosphamide followed&#xD;
           by allogeneic bone marrow transplantation.&#xD;
&#xD;
      OUTLINE: Patients receive oral high-dose busulfan every 6 hours for 14-16 doses on days -9 to&#xD;
      -6, followed by high-dose cyclophosphamide IV over 1 hour on days -5 to -2. Allogeneic bone&#xD;
      marrow is infused on day 0.&#xD;
&#xD;
      Patients who have already had 1 transplant receive high-dose cyclophosphamide IV on days -6&#xD;
      and -5, total body irradiation twice a day on days -4 to -1, and allogeneic bone marrow&#xD;
      infusion on day 0.&#xD;
&#xD;
      All patients receive prophylaxis for graft versus host disease.&#xD;
&#xD;
      Patients are followed every 6 months for at least 2 years.&#xD;
&#xD;
      PROJECTED ACCRUAL: A total of 25-40 patients will be accrued for this study.&#xD;
    </textblock>
  </detailed_description>
  <overall_status>Completed</overall_status>
  <start_date>October 1999</start_date>
  <completion_date type="Actual">August 2004</completion_date>
  <primary_completion_date type="Actual">August 2004</primary_completion_date>
  <phase>Phase 2</phase>
  <study_type>Interventional</study_type>
  <has_expanded_access>No</has_expanded_access>
  <study_design_info>
    <primary_purpose>Treatment</primary_purpose>
    <masking>None (Open Label)</masking>
  </study_design_info>
  <condition>Leukemia</condition>
  <condition>Myelodysplastic Syndromes</condition>
  <condition>Myelodysplastic/Myeloproliferative Diseases</condition>
  <intervention>
    <intervention_type>Drug</intervention_type>
    <intervention_name>busulfan</intervention_name>
  </intervention>
  <intervention>
    <intervention_type>Drug</intervention_type>
    <intervention_name>cyclophosphamide</intervention_name>
  </intervention>
  <intervention>
    <intervention_type>Procedure</intervention_type>
    <intervention_name>allogeneic bone marrow transplantation</intervention_name>
  </intervention>
  <intervention>
    <intervention_type>Procedure</intervention_type>
    <intervention_name>bone marrow ablation with stem cell support</intervention_name>
  </intervention>
  <intervention>
    <intervention_type>Radiation</intervention_type>
    <intervention_name>radiation therapy</intervention_name>
  </intervention>
  <eligibility>
    <criteria>
      <textblock>
        DISEASE CHARACTERISTICS:&#xD;
&#xD;
          -  Morphologically proven (from bone marrow aspirate smears or touch preps of marrow&#xD;
             biopsy) acute myelogenous leukemia or myelodysplastic syndrome of 1 of the following&#xD;
             subtypes:&#xD;
&#xD;
               -  Acute myeloblastic leukemia (M1, M2)&#xD;
&#xD;
               -  Acute promyelocytic leukemia (M3)&#xD;
&#xD;
               -  Acute myelomonocytic leukemia (M4)&#xD;
&#xD;
               -  Acute monocytic leukemia (M5)&#xD;
&#xD;
               -  Acute erythroleukemia (M6)&#xD;
&#xD;
               -  Acute megakaryocytic leukemia (M7)&#xD;
&#xD;
               -  Refractory anemia&#xD;
&#xD;
               -  Refractory anemia with excess blasts&#xD;
&#xD;
               -  Refractory anemia with excess blasts in transformation&#xD;
&#xD;
               -  Refractory anemia with ringed sideroblasts&#xD;
&#xD;
               -  Chronic myelomonocytic leukemia&#xD;
&#xD;
          -  In remission or in early relapse as defined by less than 20% blast cells in the marrow&#xD;
             or overt active acute myeloid leukemia&#xD;
&#xD;
          -  Suitable marrow donor, defined as a sibling donor matched at the HLA-A, HLA-B, and&#xD;
             HLA-D/DR locus nonreactive in bidirectional mixed lymphocyte culture or a donor who is&#xD;
             mismatched at 1 antigen loci&#xD;
&#xD;
          -  Active CNS disease allowed&#xD;
&#xD;
        PATIENT CHARACTERISTICS:&#xD;
&#xD;
        Age:&#xD;
&#xD;
          -  16 to physiologic 60&#xD;
&#xD;
        Performance status:&#xD;
&#xD;
          -  ECOG 0-2&#xD;
&#xD;
        Life expectancy:&#xD;
&#xD;
          -  Not specified&#xD;
&#xD;
        Hematopoietic:&#xD;
&#xD;
          -  Not specified&#xD;
&#xD;
        Hepatic:&#xD;
&#xD;
          -  Bilirubin no greater than 3 times upper limit of normal (ULN) unless due to Gilbert's&#xD;
             disease&#xD;
&#xD;
          -  SGOT no greater than 3 times ULN&#xD;
&#xD;
        Renal:&#xD;
&#xD;
          -  Creatinine no greater than 2.0 mg/dL&#xD;
&#xD;
        Cardiovascular:&#xD;
&#xD;
          -  Cardiac ejection fraction normal&#xD;
&#xD;
        Pulmonary:&#xD;
&#xD;
          -  FEV_1 at least 50% of predicted&#xD;
&#xD;
          -  DLCO at least 50% of predicted&#xD;
&#xD;
        Other:&#xD;
&#xD;
          -  HIV negative&#xD;
&#xD;
          -  No evidence of persistent infection&#xD;
&#xD;
          -  No concurrent organ damage or medical problems that would preclude study therapy&#xD;
&#xD;
        PRIOR CONCURRENT THERAPY:&#xD;
&#xD;
        Biologic therapy:&#xD;
&#xD;
          -  Not specified&#xD;
&#xD;
        Chemotherapy:&#xD;
&#xD;
          -  Not specified&#xD;
&#xD;
        Endocrine therapy:&#xD;
&#xD;
          -  Not specified&#xD;
&#xD;
        Radiotherapy:&#xD;
&#xD;
          -  Not specified&#xD;
&#xD;
        Surgery:&#xD;
&#xD;
          -  Not specified&#xD;
&#xD;
        Other:&#xD;
&#xD;
          -  No concurrent antibiotics&#xD;
      </textblock>
    </criteria>
    <gender>All</gender>
    <minimum_age>16 Years</minimum_age>
    <maximum_age>60 Years</maximum_age>
    <healthy_volunteers>No</healthy_volunteers>
  </eligibility>
  <overall_official>
    <last_name>Martin S. Tallman, MD</last_name>
    <role>Study Chair</role>
    <affiliation>Robert H. Lurie Cancer Center</affiliation>
  </overall_official>
  <location>
    <facility>
      <name>Robert H. Lurie Comprehensive Cancer Center at Northwestern University</name>
      <address>
        <city>Chicago</city>
        <state>Illinois</state>
        <zip>60611</zip>
        <country>United States</country>
      </address>
    </facility>
  </location>
  <location_countries>
    <country>United States</country>
  </location_countries>
  <verification_date>June 2012</verification_date>
  <study_first_submitted>March 7, 2000</study_first_submitted>
  <study_first_submitted_qc>January 26, 2003</study_first_submitted_qc>
  <study_first_posted type="Estimate">January 27, 2003</study_first_posted>
  <disposition_first_submitted>February 16, 2011</disposition_first_submitted>
  <disposition_first_submitted_qc>February 16, 2011</disposition_first_submitted_qc>
  <disposition_first_posted type="Estimate">February 18, 2011</disposition_first_posted>
  <last_update_submitted>June 8, 2012</last_update_submitted>
  <last_update_submitted_qc>June 8, 2012</last_update_submitted_qc>
  <last_update_posted type="Estimate">June 12, 2012</last_update_posted>
  <responsible_party>
    <responsible_party_type>Sponsor</responsible_party_type>
  </responsible_party>
  <keyword>recurrent adult acute myeloid leukemia</keyword>
  <keyword>adult acute myeloid leukemia in remission</keyword>
  <keyword>adult acute erythroid leukemia (M6)</keyword>
  <keyword>adult acute myeloblastic leukemia without maturation (M1)</keyword>
  <keyword>adult acute myeloblastic leukemia with maturation (M2)</keyword>
  <keyword>adult acute promyelocytic leukemia (M3)</keyword>
  <keyword>adult acute myelomonocytic leukemia (M4)</keyword>
  <keyword>adult acute monoblastic leukemia (M5a)</keyword>
  <keyword>adult acute megakaryoblastic leukemia (M7)</keyword>
  <keyword>refractory anemia</keyword>
  <keyword>refractory anemia with ringed sideroblasts</keyword>
  <keyword>refractory anemia with excess blasts</keyword>
  <keyword>refractory anemia with excess blasts in transformation</keyword>
  <keyword>chronic myelomonocytic leukemia</keyword>
  <keyword>adult acute monocytic leukemia (M5b)</keyword>
  <keyword>previously treated myelodysplastic syndromes</keyword>
  <keyword>myelodysplastic/myeloproliferative disease, unclassifiable</keyword>
  <keyword>atypical chronic myeloid leukemia</keyword>
  <keyword>adult acute myeloid leukemia with t(8;21)(q22;q22)</keyword>
  <keyword>adult acute myeloid leukemia with t(16;16)(p13;q22)</keyword>
  <keyword>adult acute myeloid leukemia with inv(16)(p13;q22)</keyword>
  <keyword>adult acute myeloid leukemia with 11q23 (MLL) abnormalities</keyword>
  <keyword>adult acute myeloid leukemia with t(15;17)(q22;q12)</keyword>
  <keyword>childhood myelodysplastic syndromes</keyword>
  <condition_browse>
    <!-- CAUTION:  The following MeSH terms are assigned with an imperfect algorithm            -->
    <mesh_term>Leukemia</mesh_term>
    <mesh_term>Preleukemia</mesh_term>
    <mesh_term>Leukemia, Myeloid</mesh_term>
    <mesh_term>Leukemia, Myeloid, Acute</mesh_term>
    <mesh_term>Myelodysplastic Syndromes</mesh_term>
    <mesh_term>Myeloproliferative Disorders</mesh_term>
    <mesh_term>Myelodysplastic-Myeloproliferative Diseases</mesh_term>
    <mesh_term>Syndrome</mesh_term>
  </condition_browse>
  <intervention_browse>
    <!-- CAUTION:  The following MeSH terms are assigned with an imperfect algorithm            -->
    <mesh_term>Cyclophosphamide</mesh_term>
    <mesh_term>Busulfan</mesh_term>
  </intervention_browse>
  <!-- Results have not yet been posted, but a results disposition has been submitted           -->
</clinical_study>

