<?xml version="1.0" encoding="UTF-8"?>
<clinical_study rank="378">
  <!-- This xml conforms to an XML Schema at:
    https://clinicaltrials.gov/ct2/html/images/info/public.xsd -->
  <required_header>
    <download_date>ClinicalTrials.gov processed this data on February 06, 2024</download_date>
    <link_text>Link to the current ClinicalTrials.gov record.</link_text>
    <url>https://clinicaltrials.gov/ct2/show/NCT00946283</url>
  </required_header>
  <id_info>
    <org_study_id>060802</org_study_id>
    <secondary_id>P30CA072720</secondary_id>
    <secondary_id>CDR0000649274</secondary_id>
    <secondary_id>0220090096</secondary_id>
    <secondary_id>NCI-2012-00597</secondary_id>
    <nct_id>NCT00946283</nct_id>
  </id_info>
  <brief_title>Lactobacillus in Preventing Infection in Patients Undergoing a Donor Stem Cell Transplant for Hematologic Cancer or Myelodysplastic Syndrome</brief_title>
  <official_title>Probiotic Enteric Regimen For Easing Complications of Transplant : A Pilot Study (PERFECT Trial)</official_title>
  <sponsors>
    <lead_sponsor>
      <agency>Rutgers, The State University of New Jersey</agency>
      <agency_class>Other</agency_class>
    </lead_sponsor>
    <collaborator>
      <agency>National Cancer Institute (NCI)</agency>
      <agency_class>NIH</agency_class>
    </collaborator>
    <collaborator>
      <agency>Rutgers Cancer Institute of New Jersey</agency>
      <agency_class>Other</agency_class>
    </collaborator>
  </sponsors>
  <source>Rutgers, The State University of New Jersey</source>
  <oversight_info>
    <has_dmc>Yes</has_dmc>
  </oversight_info>
  <brief_summary>
    <textblock>
      RATIONALE: Probiotics, such as Lactobacillus, may be effective in preventing infections in&#xD;
      patients with suppressed immune systems.&#xD;
&#xD;
      PURPOSE: This phase I trial is studying the side effects and how well giving enteral&#xD;
      nutrition, including Lactobacillus, works in preventing infections in patients undergoing&#xD;
      donor stem cell transplant for hematologic cancer or myelodysplastic syndrome.&#xD;
    </textblock>
  </brief_summary>
  <detailed_description>
    <textblock>
      OBJECTIVES:&#xD;
&#xD;
        -  To determine if patients who are treated with a probiotic-containing diet develop&#xD;
           infection with one of the probiotic microorganisms while undergoing allogenic&#xD;
           hematopoietic stem cell transplantation for a hematologic malignancy or myelodysplastic&#xD;
           syndrome.&#xD;
&#xD;
      OUTLINE: Patients receive oral Lactobacillus rhamosus GG (Culturelle DS) once daily beginning&#xD;
      when blood counts have recovered without filgrastim (G-CSF) or sargramostim (GM-CSF) support&#xD;
      for 3 consecutive days and continuing for 1 year after transplantation.&#xD;
    </textblock>
  </detailed_description>
  <overall_status>Terminated</overall_status>
  <why_stopped>
    slow accrual&#xD;
  </why_stopped>
  <start_date>March 2010</start_date>
  <completion_date type="Actual">October 14, 2015</completion_date>
  <primary_completion_date type="Actual">May 2013</primary_completion_date>
  <phase>N/A</phase>
  <study_type>Interventional</study_type>
  <has_expanded_access>No</has_expanded_access>
  <study_design_info>
    <allocation>N/A</allocation>
    <intervention_model>Single Group Assignment</intervention_model>
    <primary_purpose>Supportive Care</primary_purpose>
    <masking>None (Open Label)</masking>
  </study_design_info>
  <primary_outcome>
    <measure>Safety as indicated by the lack of infection attributable to probiotic organisms</measure>
    <time_frame>3 years</time_frame>
  </primary_outcome>
  <number_of_arms>1</number_of_arms>
  <enrollment type="Actual">30</enrollment>
  <condition>Breast Cancer</condition>
  <condition>Chronic Myeloproliferative Disorders</condition>
  <condition>Leukemia</condition>
  <condition>Lymphoma</condition>
  <condition>Multiple Myeloma and Plasma Cell Neoplasm</condition>
  <condition>Myelodysplastic Syndromes</condition>
  <condition>Myelodysplastic/Myeloproliferative Neoplasms</condition>
  <condition>Neuroblastoma</condition>
  <condition>Ovarian Cancer</condition>
  <condition>Testicular Germ Cell Tumor</condition>
  <arm_group>
    <arm_group_label>Lactobacillus GG</arm_group_label>
    <arm_group_type>Experimental</arm_group_type>
    <description>Open label trial of Culturelle (Lactobacillus GG) administered to patients after engraftment, post allogeneic stem cell transplantation.</description>
  </arm_group>
  <intervention>
    <intervention_type>Dietary Supplement</intervention_type>
    <intervention_name>Lactobacillus rhamnosus GG</intervention_name>
    <description>Culturelle DS (Lactobacillus GG) will be administered one capsule (10 billion live lactobacillus GG) daily with water</description>
    <arm_group_label>Lactobacillus GG</arm_group_label>
    <other_name>Culturelle DS</other_name>
  </intervention>
  <eligibility>
    <criteria>
      <textblock>
        DISEASE CHARACTERISTICS:&#xD;
&#xD;
          -  Currently undergoing allogeneic stem cell transplantation from a related or unrelated&#xD;
             donor for a hematologic malignancy or myelodysplastic syndrome&#xD;
&#xD;
          -  Hematopoietic engraftment as evidenced by recovery of the absolute neutrophil count &gt;&#xD;
             1000/μL for &gt; 3 days without filgrastim (G-CSF) support within 30 days of transplant&#xD;
&#xD;
        PATIENT CHARACTERISTICS:&#xD;
&#xD;
          -  ECOG performance status 0-2&#xD;
&#xD;
          -  Serum creatinine ≤ 2.0&#xD;
&#xD;
          -  AST or ALT ≤ 3 times upper limit of normal (ULN)&#xD;
&#xD;
          -  Total bilirubin ≤ 2.0 times ULN&#xD;
&#xD;
          -  No clostridium difficile enterocolitis diagnosed during the transplant hospitalization&#xD;
             in the peri-transplant period&#xD;
&#xD;
          -  Able to take medications by mouth&#xD;
&#xD;
          -  No evidence of graft-vs-host disease&#xD;
&#xD;
          -  No history of inflammatory bowel disease or other chronic diarrheal illness&#xD;
&#xD;
          -  No history of hypersensitivity to milk proteins&#xD;
&#xD;
        PRIOR CONCURRENT THERAPY:&#xD;
&#xD;
          -  See Disease Characteristics&#xD;
&#xD;
          -  More than 3 months since prior use of probiotics supplements, excluding yogurt and&#xD;
             cheeses with live cultures&#xD;
&#xD;
          -  No concurrent over-the-counter medications or herbal remedies&#xD;
      </textblock>
    </criteria>
    <gender>All</gender>
    <minimum_age>18 Years</minimum_age>
    <maximum_age>120 Years</maximum_age>
    <healthy_volunteers>No</healthy_volunteers>
  </eligibility>
  <overall_official>
    <last_name>Roger Strair, MD, PhD</last_name>
    <role>Principal Investigator</role>
    <affiliation>Rutgers Cancer Institute of New Jersey</affiliation>
  </overall_official>
  <location>
    <facility>
      <name>Rutgers Cancer Institute of New Jersey</name>
      <address>
        <city>New Brunswick</city>
        <state>New Jersey</state>
        <zip>08903</zip>
        <country>United States</country>
      </address>
    </facility>
  </location>
  <location_countries>
    <country>United States</country>
  </location_countries>
  <verification_date>February 2017</verification_date>
  <study_first_submitted>July 23, 2009</study_first_submitted>
  <study_first_submitted_qc>July 23, 2009</study_first_submitted_qc>
  <study_first_posted type="Estimate">July 24, 2009</study_first_posted>
  <last_update_submitted>February 2, 2017</last_update_submitted>
  <last_update_submitted_qc>February 2, 2017</last_update_submitted_qc>
  <last_update_posted type="Estimate">February 3, 2017</last_update_posted>
  <responsible_party>
    <responsible_party_type>Sponsor</responsible_party_type>
  </responsible_party>
  <keyword>stage III adult Burkitt lymphoma</keyword>
  <keyword>stage III adult diffuse large cell lymphoma</keyword>
  <keyword>stage III adult diffuse mixed cell lymphoma</keyword>
  <keyword>stage III adult diffuse small cleaved cell lymphoma</keyword>
  <keyword>stage III adult Hodgkin lymphoma</keyword>
  <keyword>stage III adult immunoblastic large cell lymphoma</keyword>
  <keyword>stage III adult lymphoblastic lymphoma</keyword>
  <keyword>stage III grade 1 follicular lymphoma</keyword>
  <keyword>stage III grade 2 follicular lymphoma</keyword>
  <keyword>stage III grade 3 follicular lymphoma</keyword>
  <keyword>stage III mantle cell lymphoma</keyword>
  <keyword>stage III marginal zone lymphoma</keyword>
  <keyword>stage III small lymphocytic lymphoma</keyword>
  <keyword>stage IV adult Burkitt lymphoma</keyword>
  <keyword>stage IV adult diffuse large cell lymphoma</keyword>
  <keyword>stage IV adult diffuse mixed cell lymphoma</keyword>
  <keyword>stage IV adult diffuse small cleaved cell lymphoma</keyword>
  <keyword>stage IV adult Hodgkin lymphoma</keyword>
  <keyword>stage IV adult immunoblastic large cell lymphoma</keyword>
  <keyword>stage IV adult lymphoblastic lymphoma</keyword>
  <keyword>stage IV grade 1 follicular lymphoma</keyword>
  <keyword>stage IV grade 2 follicular lymphoma</keyword>
  <keyword>stage IV grade 3 follicular lymphoma</keyword>
  <keyword>stage IV mantle cell lymphoma</keyword>
  <keyword>stage IV marginal zone lymphoma</keyword>
  <keyword>stage IV small lymphocytic lymphoma</keyword>
  <keyword>recurrent adult Burkitt lymphoma</keyword>
  <keyword>recurrent adult diffuse large cell lymphoma</keyword>
  <keyword>recurrent adult diffuse mixed cell lymphoma</keyword>
  <keyword>recurrent adult diffuse small cleaved cell lymphoma</keyword>
  <keyword>recurrent adult Hodgkin lymphoma</keyword>
  <keyword>recurrent adult immunoblastic large cell lymphoma</keyword>
  <keyword>recurrent adult lymphoblastic lymphoma</keyword>
  <keyword>recurrent cutaneous T-cell non-Hodgkin lymphoma</keyword>
  <keyword>recurrent grade 1 follicular lymphoma</keyword>
  <keyword>recurrent grade 2 follicular lymphoma</keyword>
  <keyword>recurrent grade 3 follicular lymphoma</keyword>
  <keyword>recurrent mantle cell lymphoma</keyword>
  <keyword>recurrent marginal zone lymphoma</keyword>
  <keyword>recurrent small lymphocytic lymphoma</keyword>
  <keyword>recurrent mycosis fungoides/Sezary syndrome</keyword>
  <keyword>extranodal marginal zone B-cell lymphoma of mucosa-associated lymphoid tissue</keyword>
  <keyword>nodal marginal zone B-cell lymphoma</keyword>
  <keyword>splenic marginal zone lymphoma</keyword>
  <keyword>noncontiguous stage II adult Burkitt lymphoma</keyword>
  <keyword>noncontiguous stage II adult diffuse large cell lymphoma</keyword>
  <keyword>noncontiguous stage II adult diffuse mixed cell lymphoma</keyword>
  <keyword>noncontiguous stage II adult diffuse small cleaved cell lymphoma</keyword>
  <keyword>noncontiguous stage II adult immunoblastic large cell lymphoma</keyword>
  <keyword>noncontiguous stage II adult lymphoblastic lymphoma</keyword>
  <keyword>noncontiguous stage II grade 1 follicular lymphoma</keyword>
  <keyword>noncontiguous stage II grade 2 follicular lymphoma</keyword>
  <keyword>noncontiguous stage II grade 3 follicular lymphoma</keyword>
  <keyword>noncontiguous stage II mantle cell lymphoma</keyword>
  <keyword>noncontiguous stage II marginal zone lymphoma</keyword>
  <keyword>noncontiguous stage II small lymphocytic lymphoma</keyword>
  <keyword>accelerated phase chronic myelogenous leukemia</keyword>
  <keyword>adult acute lymphoblastic leukemia in remission</keyword>
  <keyword>adult acute myeloid leukemia in remission</keyword>
  <keyword>adult acute myeloid leukemia with 11q23 (MLL) abnormalities</keyword>
  <keyword>adult acute myeloid leukemia with inv(16)(p13;q22)</keyword>
  <keyword>adult acute myeloid leukemia with t(15;17)(q22;q12)</keyword>
  <keyword>adult acute myeloid leukemia with t(16;16)(p13;q22)</keyword>
  <keyword>adult acute myeloid leukemia with t(8;21)(q22;q22)</keyword>
  <keyword>atypical chronic myeloid leukemia, BCR-ABL negative</keyword>
  <keyword>blastic phase chronic myelogenous leukemia</keyword>
  <keyword>chronic myelomonocytic leukemia</keyword>
  <keyword>chronic phase chronic myelogenous leukemia</keyword>
  <keyword>recurrent adult acute lymphoblastic leukemia</keyword>
  <keyword>recurrent adult acute myeloid leukemia</keyword>
  <keyword>refractory chronic lymphocytic leukemia</keyword>
  <keyword>refractory hairy cell leukemia</keyword>
  <keyword>relapsing chronic myelogenous leukemia</keyword>
  <keyword>secondary acute myeloid leukemia</keyword>
  <keyword>stage III chronic lymphocytic leukemia</keyword>
  <keyword>stage IV chronic lymphocytic leukemia</keyword>
  <keyword>chronic eosinophilic leukemia</keyword>
  <keyword>primary myelofibrosis</keyword>
  <keyword>chronic neutrophilic leukemia</keyword>
  <keyword>de novo myelodysplastic syndromes</keyword>
  <keyword>disseminated neuroblastoma</keyword>
  <keyword>myelodysplastic/myeloproliferative neoplasm, unclassifiable</keyword>
  <keyword>previously treated myelodysplastic syndromes</keyword>
  <keyword>recurrent neuroblastoma</keyword>
  <keyword>recurrent ovarian epithelial cancer</keyword>
  <keyword>recurrent ovarian germ cell tumor</keyword>
  <keyword>recurrent malignant testicular germ cell tumor</keyword>
  <keyword>secondary myelodysplastic syndromes</keyword>
  <keyword>stage II multiple myeloma</keyword>
  <keyword>stage III multiple myeloma</keyword>
  <keyword>stage II ovarian epithelial cancer</keyword>
  <keyword>stage III ovarian epithelial cancer</keyword>
  <keyword>stage IV ovarian epithelial cancer</keyword>
  <keyword>stage III malignant testicular germ cell tumor</keyword>
  <keyword>stage IIIA breast cancer</keyword>
  <keyword>stage IIIB breast cancer</keyword>
  <keyword>stage IIIC breast cancer</keyword>
  <keyword>stage IV breast cancer</keyword>
  <keyword>refractory multiple myeloma</keyword>
  <condition_browse>
    <!-- CAUTION:  The following MeSH terms are assigned with an imperfect algorithm            -->
    <mesh_term>Lymphoma</mesh_term>
    <mesh_term>Breast Neoplasms</mesh_term>
    <mesh_term>Leukemia</mesh_term>
    <mesh_term>Neoplasms</mesh_term>
    <mesh_term>Multiple Myeloma</mesh_term>
    <mesh_term>Neoplasms, Plasma Cell</mesh_term>
    <mesh_term>Preleukemia</mesh_term>
    <mesh_term>Neuroblastoma</mesh_term>
    <mesh_term>Neoplasms, Germ Cell and Embryonal</mesh_term>
    <mesh_term>Plasmacytoma</mesh_term>
    <mesh_term>Myelodysplastic Syndromes</mesh_term>
    <mesh_term>Myeloproliferative Disorders</mesh_term>
    <mesh_term>Myelodysplastic-Myeloproliferative Diseases</mesh_term>
    <mesh_term>Syndrome</mesh_term>
  </condition_browse>
  <!-- Results have not yet been posted for this study                                          -->
</clinical_study>

