<?xml version="1.0" encoding="UTF-8"?>
<clinical_study rank="132">
  <!-- This xml conforms to an XML Schema at:
    https://clinicaltrials.gov/ct2/html/images/info/public.xsd -->
  <required_header>
    <download_date>ClinicalTrials.gov processed this data on February 06, 2024</download_date>
    <link_text>Link to the current ClinicalTrials.gov record.</link_text>
    <url>https://clinicaltrials.gov/ct2/show/NCT03912064</url>
  </required_header>
  <id_info>
    <org_study_id>19-142</org_study_id>
    <nct_id>NCT03912064</nct_id>
  </id_info>
  <brief_title>A Phase 1 Trial of CD25/Treg-depleted DLI Plus Ipilimumab for Myeloid Disease Relapse After Matched-HCT</brief_title>
  <official_title>A Phase 1 Trial of CD25/Treg-depleted DLI Plus Ipilimumab for Myeloid Disease Relapse After Matched-HCT</official_title>
  <sponsors>
    <lead_sponsor>
      <agency>Dana-Farber Cancer Institute</agency>
      <agency_class>Other</agency_class>
    </lead_sponsor>
  </sponsors>
  <source>Dana-Farber Cancer Institute</source>
  <oversight_info>
    <has_dmc>Yes</has_dmc>
    <is_fda_regulated_drug>Yes</is_fda_regulated_drug>
    <is_fda_regulated_device>No</is_fda_regulated_device>
  </oversight_info>
  <brief_summary>
    <textblock>
      In this research study, our main goal for the ipilimumab portion of the study is to determine&#xD;
      the highest dose of ipilimumab that can be given safely in several courses and to determine&#xD;
      what side effects are seen in patients with Acute Myeloid Leukemia (AML), Myelodysplastic&#xD;
      Syndromes (MDS), Myeloproliferative Neoplasms (MPN), Chronic Myelomonocytic Leukemia (CMML),&#xD;
      or Myelofibrosis (MF).&#xD;
    </textblock>
  </brief_summary>
  <detailed_description>
    <textblock>
      This research study is a Phase I clinical trial, which tests the safety of an investigational&#xD;
      intervention and also tries to define the appropriate dose of the investigational&#xD;
      intervention to use for further studies. &quot;Investigational&quot; means that the intervention is&#xD;
      being studied.&#xD;
&#xD;
      The U.S. Food and Drug Administration (FDA) has not approved ipilimumab for this specific&#xD;
      disease but it has been approved for other uses. This drug has been used in other research&#xD;
      studies and is now FDA-approved for the treatment of melanoma. Many people have also received&#xD;
      ipilimumab on research studies for possible treatment of prostate cancer, lymphoma, kidney&#xD;
      cancer, ovarian cancer and HIV infection. Information from those other research studies&#xD;
      suggests that ipilimumab may help to treat the participant's cancer.&#xD;
&#xD;
      Ipilimumab is an antibody that acts against CTLA-4. An antibody is a common type of protein&#xD;
      produced by the body that the immune system (a system that defends the body against&#xD;
      potentially harmful particles) uses to find and destroy foreign molecules (particles not&#xD;
      typically found in the body) such as bacteria and viruses.&#xD;
    </textblock>
  </detailed_description>
  <overall_status>Recruiting</overall_status>
  <start_date type="Actual">July 10, 2019</start_date>
  <completion_date type="Anticipated">May 25, 2025</completion_date>
  <primary_completion_date type="Anticipated">May 26, 2024</primary_completion_date>
  <phase>Phase 1</phase>
  <study_type>Interventional</study_type>
  <has_expanded_access>No</has_expanded_access>
  <study_design_info>
    <allocation>N/A</allocation>
    <intervention_model>Single Group Assignment</intervention_model>
    <primary_purpose>Treatment</primary_purpose>
    <masking>None (Open Label)</masking>
  </study_design_info>
  <primary_outcome>
    <measure>Maximum Tolerated Dose (MTD)</measure>
    <time_frame>Day 43 (6 weeks)</time_frame>
    <description>The primary objective of this study is to determine the safety (MTD) of CD25/Treg-depleted donor lymphocyte infusion (DLI) plus Ipilimumab in patients with myeloid relapse after matched-HCT. Participants will be evaluated for dose limiting toxicities (DLTs) at day 43. DLTs explained within section 5.4 of the protocol.</description>
  </primary_outcome>
  <secondary_outcome>
    <measure>Response rate as determined by Complete remission (CR) and CR with incomplete count recovery (CRi)</measure>
    <time_frame>Day 43 (6 weeks)</time_frame>
    <description>Complete remission will be evaluated for each disease, along with duration of complete remission. AML morphological complete remission can be found in Appendix E (E.1.1.), and Relapse from CR/CRi is in E.1.3. MDS/MPN complete remission criteria is found in Appendix F (F.1.1), and criteria for relapse is found in F.1.5.</description>
  </secondary_outcome>
  <secondary_outcome>
    <measure>Progression Free Survival</measure>
    <time_frame>Day 92 and Week 60</time_frame>
    <description>Duration of time from start of treatment to time of objective disease progression or death, whichever comes first. AML progressive disease is defined in Appendix E (E.1.7.), and criteria for MDS/MPN is in Appendix F (F.1.4.).</description>
  </secondary_outcome>
  <secondary_outcome>
    <measure>Overall Survival</measure>
    <time_frame>Day 92 and Week 60</time_frame>
    <description>Duration of time from start of treatment to time of death.</description>
  </secondary_outcome>
  <secondary_outcome>
    <measure>Incidence and Severity of Acute GVHD Rates</measure>
    <time_frame>Day 92</time_frame>
    <description>Incidence of aGVHD will be measured at the below time point, and grading severity of aGVHD will be standardized using the chart and information in Appendix C.</description>
  </secondary_outcome>
  <secondary_outcome>
    <measure>Incidence and Severity of Chronic GVHD Rates</measure>
    <time_frame>Day 92</time_frame>
    <description>Provider will assess study subject for severity of cGVHD per 2014 NIH consensus criteria at day 92.</description>
  </secondary_outcome>
  <number_of_arms>1</number_of_arms>
  <enrollment type="Anticipated">25</enrollment>
  <condition>Acute Myeloid Leukemia</condition>
  <condition>Myelodysplastic Syndromes</condition>
  <condition>Myeloproliferative Neoplasms</condition>
  <condition>Chronic Myelomonocytic Leukemia</condition>
  <condition>Myelofibrosis</condition>
  <arm_group>
    <arm_group_label>CD25/Treg-depleted DLI + Ipilimumab</arm_group_label>
    <arm_group_type>Experimental</arm_group_type>
    <description>Ipilimumab is administered intravenously every 12 weeks&#xD;
Patients will receive a defined dose of CD25hi Treg depleted DLI intravenously</description>
  </arm_group>
  <intervention>
    <intervention_type>Drug</intervention_type>
    <intervention_name>Ipilimumab</intervention_name>
    <description>Ipilimumab is an antibody that acts against CTLA-4</description>
    <arm_group_label>CD25/Treg-depleted DLI + Ipilimumab</arm_group_label>
    <other_name>Yervoy</other_name>
  </intervention>
  <intervention>
    <intervention_type>Biological</intervention_type>
    <intervention_name>CD25hi Treg depleted DLI</intervention_name>
    <description>Donor lymphocyte product</description>
    <arm_group_label>CD25/Treg-depleted DLI + Ipilimumab</arm_group_label>
  </intervention>
  <eligibility>
    <criteria>
      <textblock>
        Inclusion Criteria:&#xD;
&#xD;
          -  Histologically or cytologically confirmed relapse of AML, MDS or MPN (CMML or&#xD;
             myelofibrosis or MDS/MPN with ≥5% blasts in the marrow).&#xD;
&#xD;
          -  Relapse at ≥2 months after any 8/8 or better HLA-matched HCT&#xD;
&#xD;
          -  Available original stem cell donor.&#xD;
&#xD;
          -  Age ≥18 years. Because no dosing or adverse event data are currently available on the&#xD;
             use of Ipilimumab in participants &lt;18 years of age, children are excluded from this&#xD;
             study.&#xD;
&#xD;
          -  ECOG performance status ≤2 (Karnofsky performance status ≥60, see Appendix A).&#xD;
&#xD;
          -  Recipient donor T cell chimerism ≥20% within 4 weeks prior to cell infusion.&#xD;
&#xD;
          -  &lt;50% bone marrow involvement within 4 weeks prior to cell infusion.&#xD;
&#xD;
          -  No systemic corticosteroid therapy for GVHD (≤5 mg of prednisone or equivalent doses&#xD;
             of other systemic steroids for non-GVHD, non-autoimmune indications for at least 4&#xD;
             weeks prior to cell infusion).&#xD;
&#xD;
          -  No other systemic medications/treatments (e.g. ECP) for GVHD for at least 4 weeks&#xD;
             prior to cell infusion.&#xD;
&#xD;
          -  Ability to understand and willingness to sign written informed consents.&#xD;
&#xD;
          -  Adequate organ function as defined below:&#xD;
&#xD;
               -  Total bilirubin: ≤1.5 x institutional upper limit of normal (ULN) (except&#xD;
                  Gilbert's or disease-related hemolysis, then &lt; 3 x ULN)&#xD;
&#xD;
               -  AST(SGOT)/ALT(SGPT): ≤3 x institutional ULN&#xD;
&#xD;
               -  creatinine clearance: ≤1.5 x institutional ULN&#xD;
&#xD;
               -  O2 saturation: ≥90% on room air&#xD;
&#xD;
               -  LVEF &gt;40%&#xD;
&#xD;
          -  The effects of CD25/Treg-depleted DLI and Ipilimumab on the developing human fetus are&#xD;
             unknown. For this reason and because immunomodulatory agents are known to be&#xD;
             teratogenic, women of child-bearing potential and men must agree to use adequate&#xD;
             contraception (hormonal or barrier method of birth control; abstinence) prior to study&#xD;
             entry and for the duration of study participation. Should a woman become pregnant or&#xD;
             suspect she is pregnant while participating in this study or within 23 weeks after the&#xD;
             last dose of study drug, she should inform her treating physician immediately. Men&#xD;
             treated or enrolled on this protocol must also agree to use adequate contraception&#xD;
             prior to the study, for the duration of study participation, and for at least 31 weeks&#xD;
             after completion of Ipilimumab administration.&#xD;
&#xD;
          -  Negative pregnancy test for females of childbearing potential only&#xD;
&#xD;
        Exclusion Criteria:&#xD;
&#xD;
          -  Extramedullary relapse involving immuno-privileged sites (e.g. CNS, testes, eyes).&#xD;
             Other sites of extramedullary relapse (e.g. leukemia cutis, granulocytic sarcoma) are&#xD;
             acceptable.&#xD;
&#xD;
          -  Participants who have had anti-tumor chemotherapy or other investigational agents&#xD;
             within 4 weeks prior to cell infusion (6 weeks for nitrosoureas or mitomycin C), or&#xD;
             immunotherapy within 8 weeks prior, or those who have not recovered from adverse&#xD;
             events due to agents administered more than 4 weeks prior. Use of hydroxyurea to&#xD;
             control counts within 4 weeks prior to cell infusion is permitted.&#xD;
&#xD;
          -  Prior history of DLI&#xD;
&#xD;
          -  Prior history of treatment with anti-CTLA-4 or anti-PD-1 pathway therapy, or CD137&#xD;
             agonist therapy.&#xD;
&#xD;
          -  Prior history of severe (grade 3 or 4) acute GVHD, or ongoing active GVHD requiring&#xD;
             systemic treatment.&#xD;
&#xD;
          -  Organ transplant (allograft) recipient.&#xD;
&#xD;
          -  History of allergic reactions attributed to compounds of similar chemical or biologic&#xD;
             composition to Ipilimumab or other agents used in study.&#xD;
&#xD;
          -  Autoimmune disease: Patients with a history of inflammatory bowel disease, including&#xD;
             ulcerative colitis and Crohn's Disease, are excluded from this study, as are patients&#xD;
             with a history of symptomatic disease (e.g., rheumatoid arthritis, systemic&#xD;
             progressive sclerosis [scleroderma], systemic lupus erythematosus, autoimmune&#xD;
             vasculitis [e.g., Wegener's Granulomatosis]) and motor neuropathy considered of&#xD;
             autoimmune origin (e.g. Guillain-Barre Syndrome and Myasthenia Gravis). Patients with&#xD;
             Hashimoto's thyroiditis are eligible to go on study.&#xD;
&#xD;
          -  Uncontrolled intercurrent illness including, but not limited to, ongoing or active&#xD;
             infection, symptomatic congestive heart failure, unstable angina pectoris, cardiac&#xD;
             arrhythmia, or psychiatric illness/social situations that would limit compliance with&#xD;
             study requirements.&#xD;
&#xD;
          -  Pregnant women are excluded from this study because of the unknown teratogenic risk.&#xD;
             Because there is an unknown but potential risk for adverse events in nursing infants&#xD;
             secondary to treatment of the mother, breastfeeding should be discontinued if the&#xD;
             mother is treated on this study.&#xD;
&#xD;
          -  HIV-positive participants on combination antiretroviral therapy are ineligible because&#xD;
             of the potential for pharmacokinetic interactions with agents used in this study. In&#xD;
             addition, these participants are at increased risk of lethal infections when treated&#xD;
             with marrow- suppressive therapy. Appropriate studies will be undertaken in&#xD;
             participants receiving combination antiretroviral therapy when indicated.&#xD;
&#xD;
          -  Individuals with active uncontrolled hepatitis B or C are ineligible as they are at&#xD;
             high risk of lethal treatment-related hepatotoxicity after HCT.&#xD;
      </textblock>
    </criteria>
    <gender>All</gender>
    <minimum_age>18 Years</minimum_age>
    <maximum_age>N/A</maximum_age>
    <healthy_volunteers>No</healthy_volunteers>
  </eligibility>
  <overall_official>
    <last_name>John Koreth, MD</last_name>
    <role>Principal Investigator</role>
    <affiliation>Dana-Farber Cancer Institute</affiliation>
  </overall_official>
  <overall_contact>
    <last_name>John Koreth, MD</last_name>
    <phone>617-632-3470</phone>
    <email>john_koreth@dfci.harvard.edu</email>
  </overall_contact>
  <location>
    <facility>
      <name>Brigham and Women's Hospital</name>
      <address>
        <city>Boston</city>
        <state>Massachusetts</state>
        <zip>02115</zip>
        <country>United States</country>
      </address>
    </facility>
    <status>Recruiting</status>
    <contact>
      <last_name>John Koreth, MD</last_name>
      <phone>617-632-5168</phone>
      <email>john_koreth@dfci.harvard.edu</email>
    </contact>
    <investigator>
      <last_name>John Koreth, MD</last_name>
      <role>Principal Investigator</role>
    </investigator>
  </location>
  <location>
    <facility>
      <name>Dana Farber Cancer Institute</name>
      <address>
        <city>Boston</city>
        <state>Massachusetts</state>
        <zip>02115</zip>
        <country>United States</country>
      </address>
    </facility>
    <status>Recruiting</status>
    <contact>
      <last_name>John Koreth, MD</last_name>
      <phone>617-632-5168</phone>
      <email>john_koreth@dfci.harvard.edu</email>
    </contact>
    <investigator>
      <last_name>John Koreth, MD</last_name>
      <role>Principal Investigator</role>
    </investigator>
  </location>
  <location_countries>
    <country>United States</country>
  </location_countries>
  <verification_date>May 2023</verification_date>
  <study_first_submitted>April 10, 2019</study_first_submitted>
  <study_first_submitted_qc>April 10, 2019</study_first_submitted_qc>
  <study_first_posted type="Actual">April 11, 2019</study_first_posted>
  <last_update_submitted>May 26, 2023</last_update_submitted>
  <last_update_submitted_qc>May 26, 2023</last_update_submitted_qc>
  <last_update_posted type="Actual">May 30, 2023</last_update_posted>
  <responsible_party>
    <responsible_party_type>Principal Investigator</responsible_party_type>
    <investigator_affiliation>Dana-Farber Cancer Institute</investigator_affiliation>
    <investigator_full_name>John Koreth, MD</investigator_full_name>
    <investigator_title>Principal Investigator</investigator_title>
  </responsible_party>
  <keyword>Myelofibrosis</keyword>
  <keyword>Chronic Myelomonocytic Leukemia</keyword>
  <keyword>Myeloproliferative Neoplasms</keyword>
  <keyword>Myelodysplastic Syndromes</keyword>
  <keyword>Acute Myeloid Leukemia</keyword>
  <condition_browse>
    <!-- CAUTION:  The following MeSH terms are assigned with an imperfect algorithm            -->
    <mesh_term>Leukemia</mesh_term>
    <mesh_term>Leukemia, Myeloid</mesh_term>
    <mesh_term>Leukemia, Myeloid, Acute</mesh_term>
    <mesh_term>Preleukemia</mesh_term>
    <mesh_term>Leukemia, Myelomonocytic, Chronic</mesh_term>
    <mesh_term>Leukemia, Myelomonocytic, Juvenile</mesh_term>
    <mesh_term>Myelodysplastic Syndromes</mesh_term>
    <mesh_term>Primary Myelofibrosis</mesh_term>
    <mesh_term>Myeloproliferative Disorders</mesh_term>
  </condition_browse>
  <intervention_browse>
    <!-- CAUTION:  The following MeSH terms are assigned with an imperfect algorithm            -->
    <mesh_term>Ipilimumab</mesh_term>
  </intervention_browse>
  <patient_data>
    <sharing_ipd>Yes</sharing_ipd>
    <ipd_description>The Dana-Farber / Harvard Cancer Center encourages and supports the responsible and ethical sharing of data from clinical trials. De-identified participant data from the final research dataset used in the published manuscript may only be shared under the terms of a Data Use Agreement. Requests may be directed to: [contact information for Sponsor Investigator or designee]. The protocol and statistical analysis plan will be made available on Clinicaltrials.gov only as required by federal regulation or as a condition of awards and agreements supporting the research</ipd_description>
    <ipd_info_type>Study Protocol</ipd_info_type>
    <ipd_info_type>Statistical Analysis Plan (SAP)</ipd_info_type>
    <ipd_info_type>Informed Consent Form (ICF)</ipd_info_type>
    <ipd_time_frame>Data can be shared no earlier than 1 year following the date of publication.</ipd_time_frame>
    <ipd_access_criteria>BCH - Contact the Technology &amp; Innovation Development Office at www.childrensinnovations.org or email TIDO@childrens.harvard.edu BIDMC - Contact the Beth Israel Deaconess Medical Center Technology Ventures Office at tvo@bidmc.harvard.edu BWH - Contact the Partners Innovations team at http://www.partners.org/innovation DFCI - Contact the Belfer Office for Dana-Farber Innovations (BODFI) at innovation@dfci.harvard.edu MGH - Contact the Partners Innovations team at http://www.partners.org/innovation</ipd_access_criteria>
  </patient_data>
  <!-- Results have not yet been posted for this study                                          -->
</clinical_study>

