<?xml version="1.0" encoding="UTF-8"?>
<clinical_study rank="47">
  <!-- This xml conforms to an XML Schema at:
    https://clinicaltrials.gov/ct2/html/images/info/public.xsd -->
  <required_header>
    <download_date>ClinicalTrials.gov processed this data on February 06, 2024</download_date>
    <link_text>Link to the current ClinicalTrials.gov record.</link_text>
    <url>https://clinicaltrials.gov/ct2/show/NCT04655755</url>
  </required_header>
  <id_info>
    <org_study_id>2020-0129</org_study_id>
    <secondary_id>NCI-2020-09915</secondary_id>
    <secondary_id>2020-0129</secondary_id>
    <nct_id>NCT04655755</nct_id>
  </id_info>
  <brief_title>Venetoclax in Combination With ASTX727 for the Treatment of Treatment-Naive High-Risk Myelodysplastic Syndrome or Chronic Myelomonocytic Leukemia</brief_title>
  <official_title>A Phase I/II Study of Venetoclax in Combination With ASTX727 (Cedazuridine/Decitabine) in Treatment-Naïve High-Risk Myelodysplastic Syndrome (MDS) or Chronic Myelomonocytic Leukemia (CMML)</official_title>
  <sponsors>
    <lead_sponsor>
      <agency>M.D. Anderson Cancer Center</agency>
      <agency_class>Other</agency_class>
    </lead_sponsor>
    <collaborator>
      <agency>Astex Pharmaceuticals, Inc.</agency>
      <agency_class>Industry</agency_class>
    </collaborator>
    <collaborator>
      <agency>Genentech, Inc.</agency>
      <agency_class>Industry</agency_class>
    </collaborator>
  </sponsors>
  <source>M.D. Anderson Cancer Center</source>
  <oversight_info>
    <has_dmc>Yes</has_dmc>
    <is_fda_regulated_drug>Yes</is_fda_regulated_drug>
    <is_fda_regulated_device>No</is_fda_regulated_device>
  </oversight_info>
  <brief_summary>
    <textblock>
      This phase I/II trial studies the side effects and best dose of venetoclax in combination&#xD;
      with cedazuridine and decitabine (ASTX727) in treating patients with high risk&#xD;
      myelodysplastic syndrome or chronic myelomonocytic leukemia who have not received prior&#xD;
      treatment (treatment-naive). Chemotherapy drugs, such as venetoclax, cedazuridine, and&#xD;
      decitabine, work in different ways to stop the growth of cancer cells, either by killing the&#xD;
      cells, by stopping them from dividing, or by stopping them from spreading.&#xD;
    </textblock>
  </brief_summary>
  <detailed_description>
    <textblock>
      PRIMARY OBJECTIVE:&#xD;
&#xD;
      I. To determine the safety and tolerability (phase 1) and overall response rate (ORR) (phase&#xD;
      2) of venetoclax in combination with ASTX727 in patients with treatment-naive high-risk&#xD;
      myelodysplastic syndrome (MDS) or chronic myelomonocytic leukemia (CMML) with bone marrow&#xD;
      excess blasts &gt; 5%.&#xD;
&#xD;
      SECONDARY OBJECTIVES:&#xD;
&#xD;
      I. Rate of complete remission (CR). II. Rate of marrow/morphologic complete remission (mCR).&#xD;
      III. Rate of hematologic improvement (HI; erythroid/platelet/neutrophil responses).&#xD;
&#xD;
      IV. Rate of red blood cell (RBC) transfusion independence. V. Rate of platelet (PLT)&#xD;
      transfusion independence. VI. Rate of cytogenetic response. VII. Rate of bone marrow blast&#xD;
      response. VIII. Time to transformation to acute myeloid leukemia (AML). IX. Duration of&#xD;
      response (DOR). X. Overall survival (OS). XI. Progression-free survival (PFS). XII.&#xD;
      Disease-free survival (DFS). XIII. Time to next MDS treatment (TTNT). XIV. Event-free&#xD;
      survival (EFS).&#xD;
&#xD;
      EXPLORATORY OBJECTIVE:&#xD;
&#xD;
      I. To investigate the effects of therapy on MDS and to identify biological markers of&#xD;
      response to venetoclax and/or its combination with ASTX727.&#xD;
&#xD;
      OUTLINE: This is a phase I, dose-escalation study of venetoclax, followed by a phase II&#xD;
      study.&#xD;
&#xD;
      Patients receive venetoclax orally (PO) once daily (QD) on days 1-14. Patients also receive&#xD;
      ASTX727 PO QD on days 1-5. Cycles repeat every 28 days in the absence of disease progression&#xD;
      or unacceptable toxicity.&#xD;
&#xD;
      After completion of study treatment, patients are followed up every 3-6 months for up to 5&#xD;
      years.&#xD;
    </textblock>
  </detailed_description>
  <overall_status>Recruiting</overall_status>
  <start_date type="Actual">January 19, 2021</start_date>
  <completion_date type="Anticipated">July 20, 2026</completion_date>
  <primary_completion_date type="Anticipated">July 20, 2026</primary_completion_date>
  <phase>Phase 1/Phase 2</phase>
  <study_type>Interventional</study_type>
  <study_design_info>
    <allocation>N/A</allocation>
    <intervention_model>Single Group Assignment</intervention_model>
    <primary_purpose>Treatment</primary_purpose>
    <masking>None (Open Label)</masking>
  </study_design_info>
  <primary_outcome>
    <measure>Incidence and severity of all reported adverse events (Phase I)</measure>
    <time_frame>Up to 28 days</time_frame>
    <description>The overall incidence and severity of all reported adverse events using Common Toxicity Criteria version 5.0.</description>
  </primary_outcome>
  <primary_outcome>
    <measure>Overall response rate (ORR) (Phase II)</measure>
    <time_frame>Up to 8 weeks</time_frame>
    <description>ORR will be defined as the proportion of patients who had complete remission (CR), partial remission (PR) or marrow CR (mCR), or hematologic improvement (HI) lasting at least 8 weeks. Will estimate the ORR for the combination treatment, along with the 95% credible interval.</description>
  </primary_outcome>
  <secondary_outcome>
    <measure>Rate of complete remission</measure>
    <time_frame>Up to 5 years post treatment</time_frame>
    <description>Will be estimated with the 95% credible interval.</description>
  </secondary_outcome>
  <secondary_outcome>
    <measure>Rate of marrow/morphologic complete remission</measure>
    <time_frame>Up to 5 years post treatment</time_frame>
    <description>Will be estimated with the 95% credible interval.</description>
  </secondary_outcome>
  <secondary_outcome>
    <measure>Rate of hematologic improvement (HI; erythroid/platelet/neutrophil responses)</measure>
    <time_frame>Up to 5 years post treatment</time_frame>
    <description>Will be estimated with the 95% credible interval.</description>
  </secondary_outcome>
  <secondary_outcome>
    <measure>Rate of red blood cell transfusion independence</measure>
    <time_frame>Up to 5 years post treatment</time_frame>
    <description>Will be estimated with the 95% credible interval.</description>
  </secondary_outcome>
  <secondary_outcome>
    <measure>Rate of platelet transfusion independence</measure>
    <time_frame>Up to 5 years post treatment</time_frame>
    <description>Will be estimated with the 95% credible interval.</description>
  </secondary_outcome>
  <secondary_outcome>
    <measure>Rate of cytogenetic response</measure>
    <time_frame>Up to 5 years post treatment</time_frame>
    <description>Will be estimated with the 95% credible interval.</description>
  </secondary_outcome>
  <secondary_outcome>
    <measure>Rate of bone marrow blast response</measure>
    <time_frame>Up to 5 years post treatment</time_frame>
    <description>Will be estimated with the 95% credible interval.</description>
  </secondary_outcome>
  <secondary_outcome>
    <measure>Duration of response</measure>
    <time_frame>From the date of initial response (PR or better) to the date of first documented disease progression/relapse or death, whichever occurs first, assessed up to 5 years</time_frame>
  </secondary_outcome>
  <secondary_outcome>
    <measure>Time to transformation to acute myeloid leukemia</measure>
    <time_frame>Up to 5 years post treatment</time_frame>
    <description>Time to transformation to acute myeloid leukemia is defined as the period from treatment till transformed to acute myeloid leukemia.</description>
  </secondary_outcome>
  <secondary_outcome>
    <measure>Overall survival</measure>
    <time_frame>From treatment start till death, assessed up to 5 years</time_frame>
    <description>Will be estimated using the method of Kaplan and Meier.</description>
  </secondary_outcome>
  <secondary_outcome>
    <measure>Progression-free survival</measure>
    <time_frame>From treatment start till disease progression or death, assessed up to 5 years</time_frame>
    <description>Will be estimated using the method of Kaplan and Meier.</description>
  </secondary_outcome>
  <secondary_outcome>
    <measure>Disease-free survival</measure>
    <time_frame>Up to 5 years post treatment</time_frame>
  </secondary_outcome>
  <secondary_outcome>
    <measure>Time to next myelodysplastic syndrome (MDS) treatment</measure>
    <time_frame>From initial treatment start till the next MDS treatment, assessed up to 5 years</time_frame>
    <description>Will be estimated using the method of Kaplan and Meier.</description>
  </secondary_outcome>
  <secondary_outcome>
    <measure>Event-free survival</measure>
    <time_frame>From treatment initiation to the date of documented treatment failure, relapses from CR, or death from any cause, whichever occurs first, assessed up to 5 years</time_frame>
    <description>Will be estimated using the method of Kaplan and Meier.</description>
  </secondary_outcome>
  <other_outcome>
    <measure>Biomarker analysis</measure>
    <time_frame>Up to 5 years post treatment</time_frame>
    <description>The association between cellular biomarker, and antitumor activity will be compared using Wilcoxon's rank sum test or Fisher's exact test, as appropriate.</description>
  </other_outcome>
  <number_of_arms>1</number_of_arms>
  <enrollment type="Anticipated">52</enrollment>
  <condition>Chronic Myelomonocytic Leukemia</condition>
  <condition>Myelodysplastic Syndrome</condition>
  <arm_group>
    <arm_group_label>Treatment (venetoclax, ASTX727)</arm_group_label>
    <arm_group_type>Experimental</arm_group_type>
    <description>Patients receive venetoclax orally PO QD on days 1-14. Patients also receive ASTX727 PO QD on days 1-5. Cycles repeat every 28 days in the absence of disease progression or unacceptable toxicity.</description>
  </arm_group>
  <intervention>
    <intervention_type>Drug</intervention_type>
    <intervention_name>Decitabine and Cedazuridine</intervention_name>
    <description>Given PO</description>
    <arm_group_label>Treatment (venetoclax, ASTX727)</arm_group_label>
    <other_name>ASTX727</other_name>
    <other_name>CDA Inhibitor E7727/Decitabine Combination Agent ASTX727</other_name>
    <other_name>Cedazuridine/Decitabine Combination Agent ASTX727</other_name>
    <other_name>Cedazuridine/Decitabine Tablet</other_name>
    <other_name>Inqovi</other_name>
  </intervention>
  <intervention>
    <intervention_type>Drug</intervention_type>
    <intervention_name>Venetoclax</intervention_name>
    <description>Given PO</description>
    <arm_group_label>Treatment (venetoclax, ASTX727)</arm_group_label>
    <other_name>ABT-0199</other_name>
    <other_name>ABT-199</other_name>
    <other_name>ABT199</other_name>
    <other_name>GDC-0199</other_name>
    <other_name>RG7601</other_name>
    <other_name>Venclexta</other_name>
    <other_name>Venclyxto</other_name>
  </intervention>
  <eligibility>
    <criteria>
      <textblock>
        Inclusion Criteria:&#xD;
&#xD;
          -  Patients with treatment-naive high-risk (HR)-MDS or CMML (intermediate [Int]-2 or high&#xD;
             risk by the International Prognostic Scoring System [IPSS] with overall score &gt;= 1.5)&#xD;
             with excess blasts &gt; 5. Note: Patients with therapy-related MDS are eligible.&#xD;
             Hydroxyurea is allowed to lower the white cell count =&lt; 10,000/ul prior to initiation&#xD;
             of venetoclax&#xD;
&#xD;
          -  Total bilirubin &lt; 3 x upper limit of normal (ULN) unless increase is due to Gilbert's&#xD;
             disease or leukemic involvement&#xD;
&#xD;
          -  Alanine aminotransferase (ALT)/aspartate aminotransferase (AST) &lt; 3.0 x ULN unless&#xD;
             considered due to leukemic involvement&#xD;
&#xD;
          -  Creatinine &lt; 2 x ULN unless related to the disease&#xD;
&#xD;
          -  Signed written informed consent&#xD;
&#xD;
          -  Females must be surgically or biologically sterile or postmenopausal (amenorrheic for&#xD;
             at least 12 months) or if of childbearing potential, must have a negative serum or&#xD;
             urine pregnancy test within 72 hours before the start of the treatment. Women of&#xD;
             childbearing potential must agree to use an adequate method of contraception during&#xD;
             the study and until 3 months after the last treatment&#xD;
&#xD;
          -  Males must be surgically or biologically sterile or agree to use an adequate method of&#xD;
             contraception during the study until 3 months after the last treatment&#xD;
&#xD;
          -  Age &gt;= 18 years of age&#xD;
&#xD;
        Exclusion Criteria:&#xD;
&#xD;
          -  Patients having received any prior BCL2 inhibitor therapy&#xD;
&#xD;
          -  Patients with MDS with IPSS risk categories low or Int-1 (overall IPSS score &lt; 1.5)&#xD;
&#xD;
          -  Patient with known human immunodeficiency virus (HIV) infection (due to potential&#xD;
             drug-drug interactions between antiretroviral medications and venetoclax). HIV testing&#xD;
             will be performed at screening, only if required per local guidelines or institutional&#xD;
             standards&#xD;
&#xD;
          -  Patient known to be positive for hepatitis B or C infection (hepatitis C virus&#xD;
             antibody [HCV Ab] indicative of a previous or current infection; and/or positive&#xD;
             hepatitis B surface antigen [HBs Ag] or detected sensitivity on hepatitis B&#xD;
             virus-deoxyribonucleic acid [HBV-DNA] polymerase chain reaction [PCR] test for hepatis&#xD;
             B core antibody [HBc Ab] and/or HBs Ab positivity) with the exception of those with an&#xD;
             undetectable viral load within 3 months of screening. (Hepatitis B or C testing is not&#xD;
             required). Subjects with serologic evidence of prior vaccination to HBV [i.e., HBs&#xD;
             Ag-, and anti-HBs+] may participate&#xD;
&#xD;
          -  Patient has received strong and/or moderate CYP3A inducers within 7 days prior to the&#xD;
             initiation of study treatment&#xD;
&#xD;
          -  Patient has consumed grapefruit, grapefruit products, Seville oranges (including&#xD;
             marmalade containing Seville oranges) or Starfruit within 3 days prior to the&#xD;
             initiation of study treatment&#xD;
&#xD;
          -  Patient has a cardiovascular disability status of New York Heart Association class &gt;&#xD;
             2. Class 2 is defined as cardiac disease in which patients are comfortable at rest but&#xD;
             ordinary physical activity results in fatigue, palpitations, dyspnea, or anginal pain&#xD;
&#xD;
          -  Patient has chronic respiratory disease that requires continuous oxygen, or&#xD;
             significant history of renal, neurologic, psychiatric, endocrinologic, metabolic,&#xD;
             immunologic, hepatic, cardiovascular disease, any other medical condition or known&#xD;
             hypersensitivity to any of the study medications including excipients of azacitidine&#xD;
             that in the opinion of the investigator would adversely affect his/her participating&#xD;
             in this study&#xD;
&#xD;
          -  Patient has a malabsorption syndrome or other condition that precludes enteral route&#xD;
             of administration&#xD;
&#xD;
          -  Patient exhibits evidence of other clinically significant uncontrolled systemic&#xD;
             infection requiring therapy (viral, bacterial or fungal)&#xD;
&#xD;
          -  Patient has received a live attenuated vaccine within 4 weeks prior to the first dose&#xD;
             of study drug&#xD;
&#xD;
          -  Patient has a history of other malignancies within 2 years prior to study entry, with&#xD;
             the exception of:&#xD;
&#xD;
               -  Adequately treated in situ carcinoma of the cervix uteri or carcinoma in situ of&#xD;
                  breast;&#xD;
&#xD;
               -  Basal cell carcinoma of the skin or localized squamous cell carcinoma of the&#xD;
                  skin;&#xD;
&#xD;
               -  Previous malignancy confined and surgically resected (or treated with other&#xD;
                  modalities) with curative intent; requires discussion with TA MD&#xD;
&#xD;
          -  Patient has a white blood cell count &gt; 25 x 10^9/L. (Hydroxyurea or leukapheresis are&#xD;
             permitted to meet this criterion)&#xD;
&#xD;
          -  Female subject has positive results for pregnancy test&#xD;
      </textblock>
    </criteria>
    <gender>All</gender>
    <minimum_age>18 Years</minimum_age>
    <maximum_age>N/A</maximum_age>
    <healthy_volunteers>No</healthy_volunteers>
  </eligibility>
  <overall_official>
    <last_name>Guillermo Garcia-Manero</last_name>
    <role>Principal Investigator</role>
    <affiliation>M.D. Anderson Cancer Center</affiliation>
  </overall_official>
  <overall_contact>
    <last_name>Guillermo Garcia-Manero</last_name>
    <phone>713-745-3428</phone>
    <email>ggarciam@mdanderson.org</email>
  </overall_contact>
  <location>
    <facility>
      <name>M D Anderson Cancer Center</name>
      <address>
        <city>Houston</city>
        <state>Texas</state>
        <zip>77030</zip>
        <country>United States</country>
      </address>
    </facility>
    <status>Recruiting</status>
    <contact>
      <last_name>Guillermo Garcia-Manero</last_name>
      <phone>713-745-3428</phone>
      <email>ggarciam@mdanderson.org</email>
    </contact>
    <investigator>
      <last_name>Guillermo Garcia-Manero</last_name>
      <role>Principal Investigator</role>
    </investigator>
  </location>
  <location_countries>
    <country>United States</country>
  </location_countries>
  <link>
    <url>http://www.mdanderson.org</url>
    <description>MD Anderson Cancer Center</description>
  </link>
  <verification_date>December 2023</verification_date>
  <study_first_submitted>November 30, 2020</study_first_submitted>
  <study_first_submitted_qc>November 30, 2020</study_first_submitted_qc>
  <study_first_posted type="Actual">December 7, 2020</study_first_posted>
  <last_update_submitted>December 18, 2023</last_update_submitted>
  <last_update_submitted_qc>December 18, 2023</last_update_submitted_qc>
  <last_update_posted type="Actual">December 21, 2023</last_update_posted>
  <responsible_party>
    <responsible_party_type>Sponsor</responsible_party_type>
  </responsible_party>
  <condition_browse>
    <!-- CAUTION:  The following MeSH terms are assigned with an imperfect algorithm            -->
    <mesh_term>Leukemia</mesh_term>
    <mesh_term>Preleukemia</mesh_term>
    <mesh_term>Leukemia, Myelomonocytic, Acute</mesh_term>
    <mesh_term>Leukemia, Myelomonocytic, Chronic</mesh_term>
    <mesh_term>Leukemia, Myelomonocytic, Juvenile</mesh_term>
    <mesh_term>Myelodysplastic Syndromes</mesh_term>
    <mesh_term>Syndrome</mesh_term>
  </condition_browse>
  <intervention_browse>
    <!-- CAUTION:  The following MeSH terms are assigned with an imperfect algorithm            -->
    <mesh_term>Venetoclax</mesh_term>
    <mesh_term>Decitabine</mesh_term>
    <mesh_term>Decitabine and cedazuridine drug combination</mesh_term>
  </intervention_browse>
  <!-- Results have not yet been posted for this study                                          -->
</clinical_study>

