<?xml version="1.0" encoding="UTF-8"?>
<clinical_study rank="394">
  <!-- This xml conforms to an XML Schema at:
    https://clinicaltrials.gov/ct2/html/images/info/public.xsd -->
  <required_header>
    <download_date>ClinicalTrials.gov processed this data on February 06, 2024</download_date>
    <link_text>Link to the current ClinicalTrials.gov record.</link_text>
    <url>https://clinicaltrials.gov/ct2/show/NCT00666211</url>
  </required_header>
  <id_info>
    <org_study_id>VICC SUPP 0424</org_study_id>
    <secondary_id>P30CA068485</secondary_id>
    <secondary_id>VU-VICC-SUPP-0424</secondary_id>
    <secondary_id>VU-VICC-040410</secondary_id>
    <nct_id>NCT00666211</nct_id>
  </id_info>
  <brief_title>Opioid Titration Order Sheet or Standard Care in Treating Patients With Cancer Pain</brief_title>
  <official_title>Phase III Randomized Trial of an Opioid Titration Order Sheet Compared to Standard of Care in Patients With Cancer Related Pain.</official_title>
  <sponsors>
    <lead_sponsor>
      <agency>Vanderbilt-Ingram Cancer Center</agency>
      <agency_class>Other</agency_class>
    </lead_sponsor>
    <collaborator>
      <agency>National Cancer Institute (NCI)</agency>
      <agency_class>NIH</agency_class>
    </collaborator>
  </sponsors>
  <source>Vanderbilt-Ingram Cancer Center</source>
  <oversight_info>
    <has_dmc>No</has_dmc>
  </oversight_info>
  <brief_summary>
    <textblock>
      RATIONALE: An Opioid Titration Order Sheet that allows healthcare providers to adjust the&#xD;
      dose and schedule of pain medication may help improve pain treatment for patients with&#xD;
      cancer. It is not yet known whether the use of an Opioid Titration Order Sheet is more&#xD;
      effective than standard care in treating pain caused by cancer.&#xD;
&#xD;
      PURPOSE: This randomized phase III trial is studying an Opioid Titration Order Sheet to see&#xD;
      how well it works compared with standard care in treating patients with cancer pain.&#xD;
    </textblock>
  </brief_summary>
  <detailed_description>
    <textblock>
      OBJECTIVES:&#xD;
&#xD;
        -  To examine the effect of an opioid titration order sheet on pain outcomes.&#xD;
&#xD;
        -  To examine the effect of an opioid titration order sheet on secondary outcomes of&#xD;
           function, mood, and quality of life.&#xD;
&#xD;
      OUTLINE: This is a multicenter study. Participating centers are randomized to 1 of 2&#xD;
      treatment arms.&#xD;
&#xD;
        -  Arm I (usual care): After completion of baseline assessments, patients undergo a&#xD;
           standardized pain education program over approximately 15 minutes. The program consists&#xD;
           of standard written materials about communicating pain to providers, opioids and side&#xD;
           effect management, as well as a tailored discussion about patient concerns and specific&#xD;
           information about prescribed opioid medications. Patients are also instructed in the use&#xD;
           of the daily pain diary. Patients are then discharged from the clinic with instructions&#xD;
           to contact the treating physician (through standard procedures) for problems with pain&#xD;
           or side effects. The study staff conducts weekly telephone interviews to prevent changes&#xD;
           in patient pain management practice. The treating physician continues to manage pain in&#xD;
           their usual manner.&#xD;
&#xD;
        -  Arm II (opioid titration order sheet): After completion of baseline assessments,&#xD;
           patients undergo the standardized pain education program and are instructed in the use&#xD;
           of the daily pain diary as described in arm I. The treating physician signs an Opioid&#xD;
           Titration Order Sheet (OTOS) providing a baseline dose and schedule. The OTOS is faxed&#xD;
           to study staff and verified. Patients are then discharged from the clinic with&#xD;
           instructions to contact the research nurse for problems with pain or side effects. The&#xD;
           treating physician also contacts the study staff if he/she is made aware of any problems&#xD;
           pertaining to the patient's pain control. The research nurse, in consultation with study&#xD;
           physician, manages pain according to the OTOS and manages opioid side effects using&#xD;
           standing orders. Referral to the treating physician is made as needed.&#xD;
&#xD;
      Patients' pain is managed on study for 8 weeks in the absence of unacceptable toxicity, pain&#xD;
      crisis, or new site of pain.&#xD;
&#xD;
      Patients complete a demographic questionnaire at baseline and other questionnaires at 2, 4,&#xD;
      and 6 weeks (over the telephone) and at 8 weeks (at site or by telephone), including the&#xD;
      Functional Assessment Screening Questionnaire (FASQ), the Brief Pain Inventory-Interference&#xD;
      (PPI-I), The Profile of Mood States-Short Form (POMS-SF), and the Quality of life (FACT-G)&#xD;
      questionnaire. Patients also complete a pain diary recording daily measures of pain&#xD;
      dimensions, analgesic use (i.e., fixed dose opioids, rescue doses, and non-opioids), adjuvant&#xD;
      medications, and side effects that prevented the patient from taking medications. Data in the&#xD;
      pain diary is transcribed over the telephone on a weekly basis.&#xD;
&#xD;
      Clinical data, including the type of cancer, stage of disease, time since diagnosis, current&#xD;
      treatment for cancer, type of pain, time since onset of pain, and time of first opioid&#xD;
      prescription, as well as information regarding analgesics (opioid and non-opioid), adjuvant&#xD;
      medications, and medications to manage side effects prescribed during the study is collected&#xD;
      from patients' medical records. Anticancer and palliative treatment received during the study&#xD;
      is monitored via treating physician records.&#xD;
&#xD;
      The physician charts are reviewed after study completion to determine whether pain,&#xD;
      treatment, and response are adequately documented and treated. The documentation in the&#xD;
      physician charts is compared to the documentation obtained by the study staff during the&#xD;
      study.&#xD;
    </textblock>
  </detailed_description>
  <overall_status>Completed</overall_status>
  <start_date>May 2005</start_date>
  <completion_date type="Actual">May 2010</completion_date>
  <primary_completion_date type="Actual">January 2010</primary_completion_date>
  <phase>Phase 3</phase>
  <study_type>Interventional</study_type>
  <has_expanded_access>No</has_expanded_access>
  <study_design_info>
    <allocation>Randomized</allocation>
    <intervention_model>Parallel Assignment</intervention_model>
    <primary_purpose>Supportive Care</primary_purpose>
    <masking>None (Open Label)</masking>
  </study_design_info>
  <primary_outcome>
    <measure>Pain Intensity</measure>
    <time_frame>Baseline(Week 0) to week 8, Total time frame is 9 weeks.</time_frame>
    <description>Patients in each arm will each have 9 measures: daily scores averaged over 1 week with baseline to week 8:&#xD;
Average daily pain intensity 0 (no pain) to 10 (worst) scale&#xD;
Worst daily pain intensity 0 (no pain) to 10 (worst) scale</description>
  </primary_outcome>
  <primary_outcome>
    <measure>Pain-related Distress</measure>
    <time_frame>Baseline(Week 0) to week 8, Total time frame is 9 weeks.</time_frame>
    <description>Patients in each arm will each have 9 measures: daily scores averaged over 1 week with baseline to week 8. Pain-related distress scale is from 0 (no pain) to 10 (worst pain).</description>
  </primary_outcome>
  <primary_outcome>
    <measure>Pain Duration</measure>
    <time_frame>at 9 weeks</time_frame>
    <description>Pain duration in hours 0 to 24</description>
  </primary_outcome>
  <secondary_outcome>
    <measure>Ability to Engage in Activities of Daily Living (ADL)</measure>
    <time_frame>Baseline(Week 0) to week 8, Total time frame is 9 weeks.</time_frame>
    <description>The Functional Assessment Screening Questionnaire (FASQ) scale is used, scored at baseline and at weeks 2, 4, 6, 8. The FASQ consists of 15 questions about ability to perform ADL with minimum score of 1 (easy to perform) to a maximum score of 5 (N/A, meaning someone else performs this activity for the patient or else the patient chooses not to do it). A summary mean score is generated with a minimum score of 1 and a maximum score of 5.</description>
  </secondary_outcome>
  <secondary_outcome>
    <measure>Interference in Daily Life Due to Pain</measure>
    <time_frame>9 weeks</time_frame>
    <description>Patients in each arm will each have 5 measures on the Brief Pain Inventory (BPI) scale: baseline + weeks 2, 4, 6, 8. The BPI consists of 7 questions about interference of pain in daily life, answered on a scale of 0 (does not interfere) to 10 (completely interferes). The summary score is the average from the 7 questions, with higher score indicating greater interference due to pain.</description>
  </secondary_outcome>
  <secondary_outcome>
    <measure>Mood Disturbance</measure>
    <time_frame>9 weeks</time_frame>
    <description>Patients in each arm will each have 5 measures on the Profile of Mood States-Short Form (POMS-SF): baseline + weeks 2, 4, 6, 8. The POMS-SF consists of 37 questions, querying 6 mood states (anxiety, depression, anger, confusion, fatigue, and vigor), with responses on a scale from 0 (not at all) to 4 (extremely). To generate a summary score, questions on vigor state are first recoded to reverse the scale, so that higher summary scores consistently indicate greater mood disturbance.</description>
  </secondary_outcome>
  <secondary_outcome>
    <measure>Quality of Life</measure>
    <time_frame>9 weeks</time_frame>
    <description>Each patient in each arm is scored on the Functional Assessment of Cancer Therapy-General (FACT-G) at baseline + week 8 with 4 related sub-scales (physical, social/family, emotional, functional well-being. To generate sub-scale scores, physical and emotional items are reverse coded &amp; items are then summed, such that higher values indicate better quality of life. Thus, each sub-scale score ranges from 0 (not at all, worse outcome) to 4 (very much, better outcome) with a minimum total score of 0 (worst quality of life) to a maximum of 16 (good quality of life).</description>
  </secondary_outcome>
  <number_of_arms>2</number_of_arms>
  <enrollment type="Actual">98</enrollment>
  <condition>Brain and Central Nervous System Tumors</condition>
  <condition>Chronic Myeloproliferative Disorders</condition>
  <condition>Leukemia</condition>
  <condition>Lymphoma</condition>
  <condition>Lymphoproliferative Disorder</condition>
  <condition>Multiple Myeloma and Plasma Cell Neoplasm</condition>
  <condition>Myelodysplastic Syndromes</condition>
  <condition>Myelodysplastic/Myeloproliferative Neoplasms</condition>
  <condition>Pain</condition>
  <condition>Precancerous Condition</condition>
  <condition>Unspecified Adult Solid Tumor, Protocol Specific</condition>
  <arm_group>
    <arm_group_label>Standard of Care</arm_group_label>
    <arm_group_type>Active Comparator</arm_group_type>
    <description>Standard pain control drugs.</description>
  </arm_group>
  <arm_group>
    <arm_group_label>Opioid Titration</arm_group_label>
    <arm_group_type>Experimental</arm_group_type>
    <description>Pain will be Monitored and Medication Titrated</description>
  </arm_group>
  <intervention>
    <intervention_type>Other</intervention_type>
    <intervention_name>educational intervention</intervention_name>
    <description>Participants will be educated on pain management.</description>
    <arm_group_label>Opioid Titration</arm_group_label>
    <arm_group_label>Standard of Care</arm_group_label>
  </intervention>
  <intervention>
    <intervention_type>Other</intervention_type>
    <intervention_name>Titrated pain management</intervention_name>
    <description>Pain will be Monitored and Medication Titrated</description>
    <arm_group_label>Opioid Titration</arm_group_label>
  </intervention>
  <intervention>
    <intervention_type>Other</intervention_type>
    <intervention_name>questionnaire administration</intervention_name>
    <description>Participants will be given questionnaires to complete.</description>
    <arm_group_label>Opioid Titration</arm_group_label>
    <arm_group_label>Standard of Care</arm_group_label>
  </intervention>
  <eligibility>
    <criteria>
      <textblock>
        DISEASE CHARACTERISTICS:&#xD;
&#xD;
          -  Histologically confirmed carcinoma&#xD;
&#xD;
          -  Cancer-related pain requiring fixed-dose opioid therapy&#xD;
&#xD;
               -  Has received ≥ 1 week of fixed-dose opioid therapy AND meets any of the following&#xD;
                  criteria:&#xD;
&#xD;
                    -  Inadequate pain control as defined by the patient&#xD;
&#xD;
                    -  Requires 2 or more rescue doses per day&#xD;
&#xD;
                    -  Requires adjustments in pain regimen (either fixed or breakthrough dosing)&#xD;
&#xD;
          -  No pain crisis that requires hospitalization or immediate anesthetic or neurosurgical&#xD;
             intervention&#xD;
&#xD;
          -  No predominantly neuropathic pain (e.g., peripheral neuropathy) as assessed by the&#xD;
             treating physician&#xD;
&#xD;
        PATIENT CHARACTERISTICS:&#xD;
&#xD;
          -  ECOG performance status 0-2&#xD;
&#xD;
          -  ANC &gt; 1,500/mm³&#xD;
&#xD;
          -  Platelet count &gt; 100,000/mm³&#xD;
&#xD;
          -  Serum bilirubin &lt; 1.5 mg/dL&#xD;
&#xD;
          -  Serum creatinine &lt; 2.5 mg/dL&#xD;
&#xD;
          -  Not pregnant or nursing&#xD;
&#xD;
          -  Negative pregnancy test&#xD;
&#xD;
          -  Fertile patients must use effective contraception&#xD;
&#xD;
          -  Nutritional, pulmonary, and cardiac status must be considered adequate to tolerate the&#xD;
             proposed study therapy&#xD;
&#xD;
          -  Must be available for active follow-up&#xD;
&#xD;
          -  No documented active psychiatric disorder (i.e., psychosis or major depression) that&#xD;
             would preclude informed consent or the patient's ability to comply with study&#xD;
             procedures&#xD;
&#xD;
          -  No significant infection&#xD;
&#xD;
          -  No concerns about compliance with medication regimens or medical follow-up&#xD;
&#xD;
          -  No excessive alcohol use&#xD;
&#xD;
        PRIOR CONCURRENT THERAPY:&#xD;
&#xD;
          -  See Disease Characteristics&#xD;
&#xD;
          -  Concurrent chemotherapy or radiotherapy allowed&#xD;
      </textblock>
    </criteria>
    <gender>All</gender>
    <minimum_age>21 Years</minimum_age>
    <maximum_age>N/A</maximum_age>
    <healthy_volunteers>No</healthy_volunteers>
  </eligibility>
  <overall_official>
    <last_name>Nancy Wells, DNSc, RN</last_name>
    <role>Principal Investigator</role>
    <affiliation>Vanderbilt-Ingram Cancer Center</affiliation>
  </overall_official>
  <location>
    <facility>
      <name>Jennie Stuart Medical Center</name>
      <address>
        <city>Hopkinsville</city>
        <state>Kentucky</state>
        <zip>44240</zip>
        <country>United States</country>
      </address>
    </facility>
  </location>
  <location>
    <facility>
      <name>Mitchell Memorial Cancer Center at Owensboro Medical Health System</name>
      <address>
        <city>Owensboro</city>
        <state>Kentucky</state>
        <zip>42303</zip>
        <country>United States</country>
      </address>
    </facility>
  </location>
  <location>
    <facility>
      <name>Erlanger Health System</name>
      <address>
        <city>Chattanooga</city>
        <state>Tennessee</state>
        <zip>37403</zip>
        <country>United States</country>
      </address>
    </facility>
  </location>
  <location>
    <facility>
      <name>Tennessee Plateau Oncology</name>
      <address>
        <city>Crossville</city>
        <state>Tennessee</state>
        <zip>38555</zip>
        <country>United States</country>
      </address>
    </facility>
  </location>
  <location>
    <facility>
      <name>Center for Biomedical Research</name>
      <address>
        <city>Knoxville</city>
        <state>Tennessee</state>
        <zip>37909</zip>
        <country>United States</country>
      </address>
    </facility>
  </location>
  <location>
    <facility>
      <name>The Jones Clinic</name>
      <address>
        <city>Memphis</city>
        <state>Tennessee</state>
        <zip>38138</zip>
        <country>United States</country>
      </address>
    </facility>
  </location>
  <location>
    <facility>
      <name>Vanderbilt-Ingram Cancer Center - Cool Springs</name>
      <address>
        <city>Nashville</city>
        <state>Tennessee</state>
        <zip>37064</zip>
        <country>United States</country>
      </address>
    </facility>
  </location>
  <location>
    <facility>
      <name>Vanderbilt-Ingram Cancer Center at Franklin</name>
      <address>
        <city>Nashville</city>
        <state>Tennessee</state>
        <zip>37064</zip>
        <country>United States</country>
      </address>
    </facility>
  </location>
  <location>
    <facility>
      <name>Meharry Medical College</name>
      <address>
        <city>Nashville</city>
        <state>Tennessee</state>
        <zip>37208</zip>
        <country>United States</country>
      </address>
    </facility>
  </location>
  <location>
    <facility>
      <name>Veterans Affairs Medical Center - Nashville</name>
      <address>
        <city>Nashville</city>
        <state>Tennessee</state>
        <zip>37212</zip>
        <country>United States</country>
      </address>
    </facility>
  </location>
  <location>
    <facility>
      <name>Vanderbilt-Ingram Cancer Center</name>
      <address>
        <city>Nashville</city>
        <state>Tennessee</state>
        <zip>37232-6838</zip>
        <country>United States</country>
      </address>
    </facility>
  </location>
  <location_countries>
    <country>United States</country>
  </location_countries>
  <verification_date>August 2012</verification_date>
  <study_first_submitted>April 23, 2008</study_first_submitted>
  <study_first_submitted_qc>April 23, 2008</study_first_submitted_qc>
  <study_first_posted type="Estimate">April 24, 2008</study_first_posted>
  <results_first_submitted>October 21, 2011</results_first_submitted>
  <results_first_submitted_qc>August 4, 2012</results_first_submitted_qc>
  <results_first_posted type="Estimate">September 6, 2012</results_first_posted>
  <last_update_submitted>August 4, 2012</last_update_submitted>
  <last_update_submitted_qc>August 4, 2012</last_update_submitted_qc>
  <last_update_posted type="Estimate">September 6, 2012</last_update_posted>
  <responsible_party>
    <responsible_party_type>Principal Investigator</responsible_party_type>
    <investigator_affiliation>Vanderbilt-Ingram Cancer Center</investigator_affiliation>
    <investigator_full_name>Nancy Wells</investigator_full_name>
    <investigator_title>Research Professor of Nursing; Director, VUMC Nursing; Researcher</investigator_title>
  </responsible_party>
  <keyword>pain</keyword>
  <keyword>unspecified adult solid tumor, protocol specific</keyword>
  <keyword>accelerated phase chronic myelogenous leukemia</keyword>
  <keyword>acute undifferentiated leukemia</keyword>
  <keyword>adult acute lymphoblastic leukemia in remission</keyword>
  <keyword>adult acute myeloid leukemia in remission</keyword>
  <keyword>adult acute myeloid leukemia with 11q23 (MLL) abnormalities</keyword>
  <keyword>adult acute myeloid leukemia with inv(16)(p13;q22)</keyword>
  <keyword>adult acute myeloid leukemia with t(15;17)(q22;q12)</keyword>
  <keyword>adult acute myeloid leukemia with t(16;16)(p13;q22)</keyword>
  <keyword>adult acute myeloid leukemia with t(8;21)(q22;q22)</keyword>
  <keyword>atypical chronic myeloid leukemia, BCR-ABL negative</keyword>
  <keyword>blastic phase chronic myelogenous leukemia</keyword>
  <keyword>chronic myelomonocytic leukemia</keyword>
  <keyword>chronic phase chronic myelogenous leukemia</keyword>
  <keyword>mast cell leukemia</keyword>
  <keyword>meningeal chronic myelogenous leukemia</keyword>
  <keyword>progressive hairy cell leukemia, initial treatment</keyword>
  <keyword>prolymphocytic leukemia</keyword>
  <keyword>recurrent adult acute lymphoblastic leukemia</keyword>
  <keyword>recurrent adult acute myeloid leukemia</keyword>
  <keyword>recurrent adult T-cell leukemia/lymphoma</keyword>
  <keyword>refractory chronic lymphocytic leukemia</keyword>
  <keyword>refractory hairy cell leukemia</keyword>
  <keyword>relapsing chronic myelogenous leukemia</keyword>
  <keyword>secondary acute myeloid leukemia</keyword>
  <keyword>stage I adult T-cell leukemia/lymphoma</keyword>
  <keyword>stage I chronic lymphocytic leukemia</keyword>
  <keyword>stage II adult T-cell leukemia/lymphoma</keyword>
  <keyword>stage II chronic lymphocytic leukemia</keyword>
  <keyword>stage III adult T-cell leukemia/lymphoma</keyword>
  <keyword>stage III chronic lymphocytic leukemia</keyword>
  <keyword>stage IV adult T-cell leukemia/lymphoma</keyword>
  <keyword>stage IV chronic lymphocytic leukemia</keyword>
  <keyword>T-cell large granular lymphocyte leukemia</keyword>
  <keyword>stage I adult Hodgkin lymphoma</keyword>
  <keyword>stage II adult Hodgkin lymphoma</keyword>
  <keyword>stage III adult Hodgkin lymphoma</keyword>
  <keyword>stage IV adult Hodgkin lymphoma</keyword>
  <keyword>anaplastic large cell lymphoma</keyword>
  <keyword>angioimmunoblastic T-cell lymphoma</keyword>
  <keyword>cutaneous B-cell non-Hodgkin lymphoma</keyword>
  <keyword>recurrent cutaneous T-cell non-Hodgkin lymphoma</keyword>
  <keyword>stage I cutaneous T-cell non-Hodgkin lymphoma</keyword>
  <keyword>stage II cutaneous T-cell non-Hodgkin lymphoma</keyword>
  <keyword>stage III cutaneous T-cell non-Hodgkin lymphoma</keyword>
  <keyword>stage IV cutaneous T-cell non-Hodgkin lymphoma</keyword>
  <keyword>recurrent mycosis fungoides/Sezary syndrome</keyword>
  <keyword>stage I mycosis fungoides/Sezary syndrome</keyword>
  <keyword>stage II mycosis fungoides/Sezary syndrome</keyword>
  <keyword>stage III mycosis fungoides/Sezary syndrome</keyword>
  <keyword>stage IV mycosis fungoides/Sezary syndrome</keyword>
  <keyword>adult grade III lymphomatoid granulomatosis</keyword>
  <keyword>adult nasal type extranodal NK/T-cell lymphoma</keyword>
  <keyword>Waldenstrom macroglobulinemia</keyword>
  <keyword>extranodal marginal zone B-cell lymphoma of mucosa-associated lymphoid tissue</keyword>
  <keyword>nodal marginal zone B-cell lymphoma</keyword>
  <keyword>splenic marginal zone lymphoma</keyword>
  <keyword>contiguous stage II adult Burkitt lymphoma</keyword>
  <keyword>contiguous stage II adult diffuse large cell lymphoma</keyword>
  <keyword>contiguous stage II adult diffuse mixed cell lymphoma</keyword>
  <keyword>contiguous stage II adult diffuse small cleaved cell lymphoma</keyword>
  <keyword>contiguous stage II adult immunoblastic large cell lymphoma</keyword>
  <keyword>contiguous stage II adult lymphoblastic lymphoma</keyword>
  <keyword>contiguous stage II grade 1 follicular lymphoma</keyword>
  <keyword>contiguous stage II grade 2 follicular lymphoma</keyword>
  <keyword>contiguous stage II grade 3 follicular lymphoma</keyword>
  <keyword>contiguous stage II mantle cell lymphoma</keyword>
  <keyword>contiguous stage II marginal zone lymphoma</keyword>
  <keyword>stage I adult Burkitt lymphoma</keyword>
  <keyword>stage I adult diffuse large cell lymphoma</keyword>
  <keyword>stage I adult diffuse mixed cell lymphoma</keyword>
  <keyword>stage I adult diffuse small cleaved cell lymphoma</keyword>
  <keyword>stage I adult immunoblastic large cell lymphoma</keyword>
  <keyword>stage I adult lymphoblastic lymphoma</keyword>
  <keyword>stage I grade 1 follicular lymphoma</keyword>
  <keyword>stage I grade 2 follicular lymphoma</keyword>
  <keyword>stage I grade 3 follicular lymphoma</keyword>
  <keyword>stage I mantle cell lymphoma</keyword>
  <keyword>stage I marginal zone lymphoma</keyword>
  <keyword>stage I small lymphocytic lymphoma</keyword>
  <keyword>noncontiguous stage II adult Burkitt lymphoma</keyword>
  <keyword>noncontiguous stage II adult diffuse large cell lymphoma</keyword>
  <keyword>noncontiguous stage II adult diffuse mixed cell lymphoma</keyword>
  <keyword>noncontiguous stage II adult diffuse small cleaved cell lymphoma</keyword>
  <keyword>noncontiguous stage II adult immunoblastic large cell lymphoma</keyword>
  <keyword>noncontiguous stage II adult lymphoblastic lymphoma</keyword>
  <keyword>noncontiguous stage II grade 1 follicular lymphoma</keyword>
  <keyword>noncontiguous stage II grade 2 follicular lymphoma</keyword>
  <keyword>noncontiguous stage II grade 3 follicular lymphoma</keyword>
  <keyword>noncontiguous stage II mantle cell lymphoma</keyword>
  <keyword>noncontiguous stage II marginal zone lymphoma</keyword>
  <keyword>noncontiguous stage II small lymphocytic lymphoma</keyword>
  <keyword>stage III adult Burkitt lymphoma</keyword>
  <keyword>stage III adult diffuse large cell lymphoma</keyword>
  <keyword>stage III adult diffuse mixed cell lymphoma</keyword>
  <keyword>stage III adult diffuse small cleaved cell lymphoma</keyword>
  <keyword>stage III adult immunoblastic large cell lymphoma</keyword>
  <keyword>stage III adult lymphoblastic lymphoma</keyword>
  <keyword>stage III grade 1 follicular lymphoma</keyword>
  <keyword>stage III grade 2 follicular lymphoma</keyword>
  <keyword>stage III grade 3 follicular lymphoma</keyword>
  <keyword>stage III mantle cell lymphoma</keyword>
  <keyword>stage III marginal zone lymphoma</keyword>
  <keyword>stage III small lymphocytic lymphoma</keyword>
  <keyword>stage IV adult Burkitt lymphoma</keyword>
  <keyword>stage IV adult diffuse large cell lymphoma</keyword>
  <keyword>stage IV adult diffuse mixed cell lymphoma</keyword>
  <keyword>stage IV adult diffuse small cleaved cell lymphoma</keyword>
  <keyword>stage IV adult immunoblastic large cell lymphoma</keyword>
  <keyword>stage IV adult lymphoblastic lymphoma</keyword>
  <keyword>stage IV grade 1 follicular lymphoma</keyword>
  <keyword>stage IV grade 2 follicular lymphoma</keyword>
  <keyword>stage IV grade 3 follicular lymphoma</keyword>
  <keyword>stage IV mantle cell lymphoma</keyword>
  <keyword>stage IV marginal zone lymphoma</keyword>
  <keyword>stage IV small lymphocytic lymphoma</keyword>
  <keyword>recurrent adult Burkitt lymphoma</keyword>
  <keyword>recurrent adult diffuse large cell lymphoma</keyword>
  <keyword>recurrent adult diffuse mixed cell lymphoma</keyword>
  <keyword>recurrent adult diffuse small cleaved cell lymphoma</keyword>
  <keyword>recurrent adult grade III lymphomatoid granulomatosis</keyword>
  <keyword>recurrent adult immunoblastic large cell lymphoma</keyword>
  <keyword>recurrent adult lymphoblastic lymphoma</keyword>
  <keyword>recurrent grade 1 follicular lymphoma</keyword>
  <keyword>recurrent grade 2 follicular lymphoma</keyword>
  <keyword>recurrent grade 3 follicular lymphoma</keyword>
  <keyword>recurrent mantle cell lymphoma</keyword>
  <keyword>recurrent marginal zone lymphoma</keyword>
  <keyword>recurrent small lymphocytic lymphoma</keyword>
  <keyword>intraocular lymphoma</keyword>
  <keyword>primary central nervous system non-Hodgkin lymphoma</keyword>
  <keyword>primary central nervous system Hodgkin lymphoma</keyword>
  <keyword>post-transplant lymphoproliferative disorder</keyword>
  <keyword>chronic eosinophilic leukemia</keyword>
  <keyword>chronic neutrophilic leukemia</keyword>
  <keyword>primary myelofibrosis</keyword>
  <keyword>essential thrombocythemia</keyword>
  <keyword>polycythemia vera</keyword>
  <keyword>extramedullary plasmacytoma</keyword>
  <keyword>isolated plasmacytoma of bone</keyword>
  <keyword>monoclonal gammopathy of undetermined significance</keyword>
  <keyword>stage I multiple myeloma</keyword>
  <keyword>stage II multiple myeloma</keyword>
  <keyword>stage III multiple myeloma</keyword>
  <keyword>primary systemic amyloidosis</keyword>
  <keyword>refractory multiple myeloma</keyword>
  <keyword>de novo myelodysplastic syndromes</keyword>
  <keyword>previously treated myelodysplastic syndromes</keyword>
  <keyword>secondary myelodysplastic syndromes</keyword>
  <keyword>myelodysplastic/myeloproliferative neoplasm, unclassifiable</keyword>
  <keyword>recurrent adult Hodgkin lymphoma</keyword>
  <condition_browse>
    <!-- CAUTION:  The following MeSH terms are assigned with an imperfect algorithm            -->
    <mesh_term>Lymphoma</mesh_term>
    <mesh_term>Neoplasms</mesh_term>
    <mesh_term>Leukemia</mesh_term>
    <mesh_term>Multiple Myeloma</mesh_term>
    <mesh_term>Neoplasms, Plasma Cell</mesh_term>
    <mesh_term>Preleukemia</mesh_term>
    <mesh_term>Nervous System Neoplasms</mesh_term>
    <mesh_term>Central Nervous System Neoplasms</mesh_term>
    <mesh_term>Plasmacytoma</mesh_term>
    <mesh_term>Precancerous Conditions</mesh_term>
    <mesh_term>Myelodysplastic Syndromes</mesh_term>
    <mesh_term>Myeloproliferative Disorders</mesh_term>
    <mesh_term>Lymphoproliferative Disorders</mesh_term>
    <mesh_term>Myelodysplastic-Myeloproliferative Diseases</mesh_term>
    <mesh_term>Syndrome</mesh_term>
  </condition_browse>

  <clinical_results>

    <participant_flow>
      <recruitment_details>This study opened to accrual May 2005 through May 2010. Although 99 patients were consented one was determined ineligible, thus only 98 went on study.</recruitment_details>
      <group_list>
        <group group_id="P1">
          <title>Standard of Care</title>
          <description>Standard pain control drugs.</description>
        </group>
        <group group_id="P2">
          <title>Opioid Titration</title>
          <description>Pain will be Monitored and Medication Titrated</description>
        </group>
      </group_list>
      <period_list>
        <period>
          <title>Overall Study</title>
          <milestone_list>
            <milestone>
              <title>STARTED</title>
              <participants_list>
                <participants group_id="P1" count="42"/>
                <participants group_id="P2" count="56"/>
              </participants_list>
            </milestone>
            <milestone>
              <title>COMPLETED</title>
              <participants_list>
                <participants group_id="P1" count="22"/>
                <participants group_id="P2" count="18"/>
              </participants_list>
            </milestone>
            <milestone>
              <title>NOT COMPLETED</title>
              <participants_list>
                <participants group_id="P1" count="20"/>
                <participants group_id="P2" count="38"/>
              </participants_list>
            </milestone>
          </milestone_list>
          <drop_withdraw_reason_list>
            <drop_withdraw_reason>
              <title>Withdrawal by Subject</title>
              <participants_list>
                <participants group_id="P1" count="10"/>
                <participants group_id="P2" count="13"/>
              </participants_list>
            </drop_withdraw_reason>
            <drop_withdraw_reason>
              <title>went off medication, no more pain</title>
              <participants_list>
                <participants group_id="P1" count="1"/>
                <participants group_id="P2" count="0"/>
              </participants_list>
            </drop_withdraw_reason>
            <drop_withdraw_reason>
              <title>patient non-compliant</title>
              <participants_list>
                <participants group_id="P1" count="6"/>
                <participants group_id="P2" count="6"/>
              </participants_list>
            </drop_withdraw_reason>
            <drop_withdraw_reason>
              <title>disease progression</title>
              <participants_list>
                <participants group_id="P1" count="1"/>
                <participants group_id="P2" count="8"/>
              </participants_list>
            </drop_withdraw_reason>
            <drop_withdraw_reason>
              <title>Lost to Follow-up</title>
              <participants_list>
                <participants group_id="P1" count="2"/>
                <participants group_id="P2" count="0"/>
              </participants_list>
            </drop_withdraw_reason>
            <drop_withdraw_reason>
              <title>toxicity</title>
              <participants_list>
                <participants group_id="P1" count="0"/>
                <participants group_id="P2" count="2"/>
              </participants_list>
            </drop_withdraw_reason>
            <drop_withdraw_reason>
              <title>hospital admission</title>
              <participants_list>
                <participants group_id="P1" count="0"/>
                <participants group_id="P2" count="5"/>
              </participants_list>
            </drop_withdraw_reason>
            <drop_withdraw_reason>
              <title>Death</title>
              <participants_list>
                <participants group_id="P1" count="0"/>
                <participants group_id="P2" count="2"/>
              </participants_list>
            </drop_withdraw_reason>
            <drop_withdraw_reason>
              <title>off tx for other complicating disease</title>
              <participants_list>
                <participants group_id="P1" count="0"/>
                <participants group_id="P2" count="1"/>
              </participants_list>
            </drop_withdraw_reason>
            <drop_withdraw_reason>
              <title>Physician Decision</title>
              <participants_list>
                <participants group_id="P1" count="0"/>
                <participants group_id="P2" count="1"/>
              </participants_list>
            </drop_withdraw_reason>
          </drop_withdraw_reason_list>
        </period>
      </period_list>
    </participant_flow>

    <baseline>
      <group_list>
        <group group_id="B1">
          <title>Standard of Care</title>
          <description>Standard pain control drugs.</description>
        </group>
        <group group_id="B2">
          <title>Opioid Titration</title>
          <description>Pain will be Monitored and Medication Titrated</description>
        </group>
        <group group_id="B3">
          <title>Total</title>
          <description>Total of all reporting groups</description>
        </group>
      </group_list>
      <analyzed_list>
        <analyzed>
          <units>Participants</units>
          <scope>Overall</scope>
          <count_list>
            <count group_id="B1" value="42"/>
            <count group_id="B2" value="56"/>
            <count group_id="B3" value="98"/>
          </count_list>
        </analyzed>
      </analyzed_list>
      <measure_list>
        <measure>
          <title>Age</title>
          <units>Participants</units>
          <param>Count of Participants</param>
          <class_list>
            <class>
              <category_list>
                <category>
                  <title>&lt;=18 years</title>
                  <measurement_list>
                    <measurement group_id="B1" value="0"/>
                    <measurement group_id="B2" value="0"/>
                    <measurement group_id="B3" value="0"/>
                  </measurement_list>
                </category>
                <category>
                  <title>Between 18 and 65 years</title>
                  <measurement_list>
                    <measurement group_id="B1" value="33"/>
                    <measurement group_id="B2" value="49"/>
                    <measurement group_id="B3" value="82"/>
                  </measurement_list>
                </category>
                <category>
                  <title>&gt;=65 years</title>
                  <measurement_list>
                    <measurement group_id="B1" value="9"/>
                    <measurement group_id="B2" value="7"/>
                    <measurement group_id="B3" value="16"/>
                  </measurement_list>
                </category>
              </category_list>
            </class>
          </class_list>
        </measure>
        <measure>
          <title>Age</title>
          <units>years</units>
          <param>Mean</param>
          <dispersion>Standard Deviation</dispersion>
          <class_list>
            <class>
              <category_list>
                <category>
                  <measurement_list>
                    <measurement group_id="B1" value="55.6" spread="1"/>
                    <measurement group_id="B2" value="56.4" spread="1"/>
                    <measurement group_id="B3" value="56" spread="1"/>
                  </measurement_list>
                </category>
              </category_list>
            </class>
          </class_list>
        </measure>
        <measure>
          <title>Sex: Female, Male</title>
          <units>Participants</units>
          <param>Count of Participants</param>
          <class_list>
            <class>
              <category_list>
                <category>
                  <title>Female</title>
                  <measurement_list>
                    <measurement group_id="B1" value="19"/>
                    <measurement group_id="B2" value="20"/>
                    <measurement group_id="B3" value="39"/>
                  </measurement_list>
                </category>
                <category>
                  <title>Male</title>
                  <measurement_list>
                    <measurement group_id="B1" value="23"/>
                    <measurement group_id="B2" value="36"/>
                    <measurement group_id="B3" value="59"/>
                  </measurement_list>
                </category>
              </category_list>
            </class>
          </class_list>
        </measure>
        <measure>
          <title>Region of Enrollment</title>
          <units>participants</units>
          <param>Number</param>
          <class_list>
            <class>
              <title>United States</title>
              <category_list>
                <category>
                  <measurement_list>
                    <measurement group_id="B1" value="42"/>
                    <measurement group_id="B2" value="56"/>
                    <measurement group_id="B3" value="98"/>
                  </measurement_list>
                </category>
              </category_list>
            </class>
          </class_list>
        </measure>
      </measure_list>
    </baseline>

    <outcome_list>
      <outcome>
        <type>Primary</type>
        <title>Pain Intensity</title>
        <description>Patients in each arm will each have 9 measures: daily scores averaged over 1 week with baseline to week 8:&#xD;
Average daily pain intensity 0 (no pain) to 10 (worst) scale&#xD;
Worst daily pain intensity 0 (no pain) to 10 (worst) scale</description>
        <time_frame>Baseline(Week 0) to week 8, Total time frame is 9 weeks.</time_frame>
        <group_list>
          <group group_id="O1">
            <title>Standard of Care</title>
            <description>Standard pain control drugs.</description>
          </group>
          <group group_id="O2">
            <title>Opioid Titration</title>
            <description>Pain will be Monitored and Medication Titrated</description>
          </group>
        </group_list>
        <measure>
          <title>Pain Intensity</title>
          <description>Patients in each arm will each have 9 measures: daily scores averaged over 1 week with baseline to week 8:&#xD;
Average daily pain intensity 0 (no pain) to 10 (worst) scale&#xD;
Worst daily pain intensity 0 (no pain) to 10 (worst) scale</description>
          <units>units on a scale</units>
          <param>Mean</param>
          <dispersion>Standard Deviation</dispersion>
          <analyzed_list>
            <analyzed>
              <units>Participants</units>
              <scope>Measure</scope>
              <count_list>
                <count group_id="O1" value="42"/>
                <count group_id="O2" value="56"/>
              </count_list>
            </analyzed>
          </analyzed_list>
          <class_list>
            <class>
              <title>Average Daily Pain Intensity</title>
              <category_list>
                <category>
                  <measurement_list>
                    <measurement group_id="O1" value="5.60" spread="2.76"/>
                    <measurement group_id="O2" value="6.44" spread="1.89"/>
                  </measurement_list>
                </category>
              </category_list>
            </class>
            <class>
              <title>Worst Daily Pain Intensity</title>
              <category_list>
                <category>
                  <measurement_list>
                    <measurement group_id="O1" value="5.11" spread="2.45"/>
                    <measurement group_id="O2" value="5.98" spread="1.96"/>
                  </measurement_list>
                </category>
              </category_list>
            </class>
          </class_list>
        </measure>
      </outcome>
      <outcome>
        <type>Secondary</type>
        <title>Ability to Engage in Activities of Daily Living (ADL)</title>
        <description>The Functional Assessment Screening Questionnaire (FASQ) scale is used, scored at baseline and at weeks 2, 4, 6, 8. The FASQ consists of 15 questions about ability to perform ADL with minimum score of 1 (easy to perform) to a maximum score of 5 (N/A, meaning someone else performs this activity for the patient or else the patient chooses not to do it). A summary mean score is generated with a minimum score of 1 and a maximum score of 5.</description>
        <time_frame>Baseline(Week 0) to week 8, Total time frame is 9 weeks.</time_frame>
        <group_list>
          <group group_id="O1">
            <title>Standard of Care</title>
            <description>Standard pain control drugs.</description>
          </group>
          <group group_id="O2">
            <title>Opioid Titration</title>
            <description>Pain will be Monitored and Medication Titrated</description>
          </group>
        </group_list>
        <measure>
          <title>Ability to Engage in Activities of Daily Living (ADL)</title>
          <description>The Functional Assessment Screening Questionnaire (FASQ) scale is used, scored at baseline and at weeks 2, 4, 6, 8. The FASQ consists of 15 questions about ability to perform ADL with minimum score of 1 (easy to perform) to a maximum score of 5 (N/A, meaning someone else performs this activity for the patient or else the patient chooses not to do it). A summary mean score is generated with a minimum score of 1 and a maximum score of 5.</description>
          <units>units on a scale</units>
          <param>Mean</param>
          <dispersion>Standard Deviation</dispersion>
          <analyzed_list>
            <analyzed>
              <units>Participants</units>
              <scope>Measure</scope>
              <count_list>
                <count group_id="O1" value="42"/>
                <count group_id="O2" value="56"/>
              </count_list>
            </analyzed>
          </analyzed_list>
          <class_list>
            <class>
              <title>Baseline</title>
              <category_list>
                <category>
                  <measurement_list>
                    <measurement group_id="O1" value="2.18" spread="0.61"/>
                    <measurement group_id="O2" value="1.99" spread="0.58"/>
                  </measurement_list>
                </category>
              </category_list>
            </class>
            <class>
              <title>Week 2</title>
              <category_list>
                <category>
                  <measurement_list>
                    <measurement group_id="O1" value="2.14" spread="0.73"/>
                    <measurement group_id="O2" value="2.06" spread="0.67"/>
                  </measurement_list>
                </category>
              </category_list>
            </class>
            <class>
              <title>Week 4</title>
              <category_list>
                <category>
                  <measurement_list>
                    <measurement group_id="O1" value="1.94" spread="0.57"/>
                    <measurement group_id="O2" value="1.91" spread="0.55"/>
                  </measurement_list>
                </category>
              </category_list>
            </class>
            <class>
              <title>Week 6</title>
              <category_list>
                <category>
                  <measurement_list>
                    <measurement group_id="O1" value="2.01" spread="0.73"/>
                    <measurement group_id="O2" value="2.03" spread="0.49"/>
                  </measurement_list>
                </category>
              </category_list>
            </class>
            <class>
              <title>Week 8</title>
              <category_list>
                <category>
                  <measurement_list>
                    <measurement group_id="O1" value="1.98" spread="0.67"/>
                    <measurement group_id="O2" value="1.96" spread="0.58"/>
                  </measurement_list>
                </category>
              </category_list>
            </class>
          </class_list>
        </measure>
      </outcome>
      <outcome>
        <type>Secondary</type>
        <title>Interference in Daily Life Due to Pain</title>
        <description>Patients in each arm will each have 5 measures on the Brief Pain Inventory (BPI) scale: baseline + weeks 2, 4, 6, 8. The BPI consists of 7 questions about interference of pain in daily life, answered on a scale of 0 (does not interfere) to 10 (completely interferes). The summary score is the average from the 7 questions, with higher score indicating greater interference due to pain.</description>
        <time_frame>9 weeks</time_frame>
        <group_list>
          <group group_id="O1">
            <title>Standard of Care</title>
            <description>Standard pain control drugs.</description>
          </group>
          <group group_id="O2">
            <title>Opioid Titration</title>
            <description>Pain will be Monitored and Medication Titrated</description>
          </group>
        </group_list>
        <measure>
          <title>Interference in Daily Life Due to Pain</title>
          <description>Patients in each arm will each have 5 measures on the Brief Pain Inventory (BPI) scale: baseline + weeks 2, 4, 6, 8. The BPI consists of 7 questions about interference of pain in daily life, answered on a scale of 0 (does not interfere) to 10 (completely interferes). The summary score is the average from the 7 questions, with higher score indicating greater interference due to pain.</description>
          <units>units on a scale</units>
          <param>Mean</param>
          <dispersion>Standard Deviation</dispersion>
          <analyzed_list>
            <analyzed>
              <units>Participants</units>
              <scope>Measure</scope>
              <count_list>
                <count group_id="O1" value="42"/>
                <count group_id="O2" value="56"/>
              </count_list>
            </analyzed>
          </analyzed_list>
          <class_list>
            <class>
              <title>Baseline</title>
              <category_list>
                <category>
                  <measurement_list>
                    <measurement group_id="O1" value="4.49" spread="2.54"/>
                    <measurement group_id="O2" value="4.23" spread="2.30"/>
                  </measurement_list>
                </category>
              </category_list>
            </class>
            <class>
              <title>Week 2</title>
              <category_list>
                <category>
                  <measurement_list>
                    <measurement group_id="O1" value="4.25" spread="2.89"/>
                    <measurement group_id="O2" value="4.12" spread="2.26"/>
                  </measurement_list>
                </category>
              </category_list>
            </class>
            <class>
              <title>Week 4</title>
              <category_list>
                <category>
                  <measurement_list>
                    <measurement group_id="O1" value="4.16" spread="2.82"/>
                    <measurement group_id="O2" value="3.48" spread="2.03"/>
                  </measurement_list>
                </category>
              </category_list>
            </class>
            <class>
              <title>Week 6</title>
              <category_list>
                <category>
                  <measurement_list>
                    <measurement group_id="O1" value="3.78" spread="2.99"/>
                    <measurement group_id="O2" value="3.16" spread="2.21"/>
                  </measurement_list>
                </category>
              </category_list>
            </class>
            <class>
              <title>Week 8</title>
              <category_list>
                <category>
                  <measurement_list>
                    <measurement group_id="O1" value="3.01" spread="2.43"/>
                    <measurement group_id="O2" value="3.68" spread="2.42"/>
                  </measurement_list>
                </category>
              </category_list>
            </class>
          </class_list>
        </measure>
      </outcome>
      <outcome>
        <type>Secondary</type>
        <title>Mood Disturbance</title>
        <description>Patients in each arm will each have 5 measures on the Profile of Mood States-Short Form (POMS-SF): baseline + weeks 2, 4, 6, 8. The POMS-SF consists of 37 questions, querying 6 mood states (anxiety, depression, anger, confusion, fatigue, and vigor), with responses on a scale from 0 (not at all) to 4 (extremely). To generate a summary score, questions on vigor state are first recoded to reverse the scale, so that higher summary scores consistently indicate greater mood disturbance.</description>
        <time_frame>9 weeks</time_frame>
        <group_list>
          <group group_id="O1">
            <title>Standard of Care</title>
            <description>Standard pain control drugs.</description>
          </group>
          <group group_id="O2">
            <title>Opioid Titration</title>
            <description>Pain will be Monitored and Medication Titrated</description>
          </group>
        </group_list>
        <measure>
          <title>Mood Disturbance</title>
          <description>Patients in each arm will each have 5 measures on the Profile of Mood States-Short Form (POMS-SF): baseline + weeks 2, 4, 6, 8. The POMS-SF consists of 37 questions, querying 6 mood states (anxiety, depression, anger, confusion, fatigue, and vigor), with responses on a scale from 0 (not at all) to 4 (extremely). To generate a summary score, questions on vigor state are first recoded to reverse the scale, so that higher summary scores consistently indicate greater mood disturbance.</description>
          <units>units on a scale</units>
          <param>Mean</param>
          <dispersion>Standard Deviation</dispersion>
          <analyzed_list>
            <analyzed>
              <units>Participants</units>
              <scope>Measure</scope>
              <count_list>
                <count group_id="O1" value="42"/>
                <count group_id="O2" value="56"/>
              </count_list>
            </analyzed>
          </analyzed_list>
          <class_list>
            <class>
              <title>Baseline</title>
              <category_list>
                <category>
                  <measurement_list>
                    <measurement group_id="O1" value="1.48" spread="0.55"/>
                    <measurement group_id="O2" value="1.21" spread="0.63"/>
                  </measurement_list>
                </category>
              </category_list>
            </class>
            <class>
              <title>Week 2</title>
              <category_list>
                <category>
                  <measurement_list>
                    <measurement group_id="O1" value="1.45" spread="0.63"/>
                    <measurement group_id="O2" value="1.20" spread="0.52"/>
                  </measurement_list>
                </category>
              </category_list>
            </class>
            <class>
              <title>Week 4</title>
              <category_list>
                <category>
                  <measurement_list>
                    <measurement group_id="O1" value="1.37" spread="0.70"/>
                    <measurement group_id="O2" value="1.12" spread="0.52"/>
                  </measurement_list>
                </category>
              </category_list>
            </class>
            <class>
              <title>Week 6</title>
              <category_list>
                <category>
                  <measurement_list>
                    <measurement group_id="O1" value="1.19" spread="0.64"/>
                    <measurement group_id="O2" value="1.22" spread="0.66"/>
                  </measurement_list>
                </category>
              </category_list>
            </class>
            <class>
              <title>Week 8</title>
              <category_list>
                <category>
                  <measurement_list>
                    <measurement group_id="O1" value="1.14" spread="0.58"/>
                    <measurement group_id="O2" value="1.32" spread="0.70"/>
                  </measurement_list>
                </category>
              </category_list>
            </class>
          </class_list>
        </measure>
      </outcome>
      <outcome>
        <type>Secondary</type>
        <title>Quality of Life</title>
        <description>Each patient in each arm is scored on the Functional Assessment of Cancer Therapy-General (FACT-G) at baseline + week 8 with 4 related sub-scales (physical, social/family, emotional, functional well-being. To generate sub-scale scores, physical and emotional items are reverse coded &amp; items are then summed, such that higher values indicate better quality of life. Thus, each sub-scale score ranges from 0 (not at all, worse outcome) to 4 (very much, better outcome) with a minimum total score of 0 (worst quality of life) to a maximum of 16 (good quality of life).</description>
        <time_frame>9 weeks</time_frame>
        <group_list>
          <group group_id="O1">
            <title>Standard of Care</title>
            <description>Standard pain control drugs.</description>
          </group>
          <group group_id="O2">
            <title>Opioid Titration</title>
            <description>Pain will be Monitored and Medication Titrated</description>
          </group>
        </group_list>
        <measure>
          <title>Quality of Life</title>
          <description>Each patient in each arm is scored on the Functional Assessment of Cancer Therapy-General (FACT-G) at baseline + week 8 with 4 related sub-scales (physical, social/family, emotional, functional well-being. To generate sub-scale scores, physical and emotional items are reverse coded &amp; items are then summed, such that higher values indicate better quality of life. Thus, each sub-scale score ranges from 0 (not at all, worse outcome) to 4 (very much, better outcome) with a minimum total score of 0 (worst quality of life) to a maximum of 16 (good quality of life).</description>
          <units>scores on a scale</units>
          <param>Mean</param>
          <dispersion>Standard Deviation</dispersion>
          <analyzed_list>
            <analyzed>
              <units>Participants</units>
              <scope>Measure</scope>
              <count_list>
                <count group_id="O1" value="42"/>
                <count group_id="O2" value="56"/>
              </count_list>
            </analyzed>
          </analyzed_list>
          <class_list>
            <class>
              <title>Physical at baseline</title>
              <category_list>
                <category>
                  <measurement_list>
                    <measurement group_id="O1" value="1.94" spread="0.83"/>
                    <measurement group_id="O2" value="2.11" spread="0.77"/>
                  </measurement_list>
                </category>
              </category_list>
            </class>
            <class>
              <title>Physical at week 8</title>
              <category_list>
                <category>
                  <measurement_list>
                    <measurement group_id="O1" value="2.18" spread="0.93"/>
                    <measurement group_id="O2" value="2.34" spread="0.86"/>
                  </measurement_list>
                </category>
              </category_list>
            </class>
            <class>
              <title>Social/family at baseline</title>
              <category_list>
                <category>
                  <measurement_list>
                    <measurement group_id="O1" value="3.02" spread="0.82"/>
                    <measurement group_id="O2" value="3.30" spread="0.77"/>
                  </measurement_list>
                </category>
              </category_list>
            </class>
            <class>
              <title>Social/family at week 8</title>
              <category_list>
                <category>
                  <measurement_list>
                    <measurement group_id="O1" value="3.03" spread="0.90"/>
                    <measurement group_id="O2" value="2.88" spread="0.92"/>
                  </measurement_list>
                </category>
              </category_list>
            </class>
            <class>
              <title>Emotional at baseline</title>
              <category_list>
                <category>
                  <measurement_list>
                    <measurement group_id="O1" value="2.55" spread="0.90"/>
                    <measurement group_id="O2" value="2.93" spread="0.69"/>
                  </measurement_list>
                </category>
              </category_list>
            </class>
            <class>
              <title>Emotional at week 8</title>
              <category_list>
                <category>
                  <measurement_list>
                    <measurement group_id="O1" value="2.88" spread="0.77"/>
                    <measurement group_id="O2" value="2.42" spread="0.83"/>
                  </measurement_list>
                </category>
              </category_list>
            </class>
            <class>
              <title>Functional well-being at baseline</title>
              <category_list>
                <category>
                  <measurement_list>
                    <measurement group_id="O1" value="1.81" spread="0.92"/>
                    <measurement group_id="O2" value="1.75" spread="0.82"/>
                  </measurement_list>
                </category>
              </category_list>
            </class>
            <class>
              <title>Functional well-being at week 8</title>
              <category_list>
                <category>
                  <measurement_list>
                    <measurement group_id="O1" value="1.88" spread="0.86"/>
                    <measurement group_id="O2" value="1.88" spread="0.78"/>
                  </measurement_list>
                </category>
              </category_list>
            </class>
          </class_list>
        </measure>
      </outcome>
      <outcome>
        <type>Primary</type>
        <title>Pain-related Distress</title>
        <description>Patients in each arm will each have 9 measures: daily scores averaged over 1 week with baseline to week 8. Pain-related distress scale is from 0 (no pain) to 10 (worst pain).</description>
        <time_frame>Baseline(Week 0) to week 8, Total time frame is 9 weeks.</time_frame>
        <group_list>
          <group group_id="O1">
            <title>Standard of Care</title>
            <description>Standard pain control drugs.</description>
          </group>
          <group group_id="O2">
            <title>Opioid Titration</title>
            <description>Pain will be Monitored and Medication Titrated</description>
          </group>
        </group_list>
        <measure>
          <title>Pain-related Distress</title>
          <description>Patients in each arm will each have 9 measures: daily scores averaged over 1 week with baseline to week 8. Pain-related distress scale is from 0 (no pain) to 10 (worst pain).</description>
          <units>units on a scale</units>
          <param>Mean</param>
          <dispersion>Standard Deviation</dispersion>
          <analyzed_list>
            <analyzed>
              <units>Participants</units>
              <scope>Measure</scope>
              <count_list>
                <count group_id="O1" value="42"/>
                <count group_id="O2" value="56"/>
              </count_list>
            </analyzed>
          </analyzed_list>
          <class_list>
            <class>
              <category_list>
                <category>
                  <measurement_list>
                    <measurement group_id="O1" value="3.32" spread="2.50"/>
                    <measurement group_id="O2" value="4.87" spread="2.64"/>
                  </measurement_list>
                </category>
              </category_list>
            </class>
          </class_list>
        </measure>
      </outcome>
      <outcome>
        <type>Primary</type>
        <title>Pain Duration</title>
        <description>Pain duration in hours 0 to 24</description>
        <time_frame>at 9 weeks</time_frame>
        <group_list>
          <group group_id="O1">
            <title>Standard of Care</title>
            <description>Standard pain control drugs.</description>
          </group>
          <group group_id="O2">
            <title>Opioid Titration</title>
            <description>Pain will be Monitored and Medication Titrated</description>
          </group>
        </group_list>
        <measure>
          <title>Pain Duration</title>
          <description>Pain duration in hours 0 to 24</description>
          <units>hours</units>
          <param>Mean</param>
          <dispersion>Standard Deviation</dispersion>
          <analyzed_list>
            <analyzed>
              <units>Participants</units>
              <scope>Measure</scope>
              <count_list>
                <count group_id="O1" value="42"/>
                <count group_id="O2" value="56"/>
              </count_list>
            </analyzed>
          </analyzed_list>
          <class_list>
            <class>
              <category_list>
                <category>
                  <measurement_list>
                    <measurement group_id="O1" value="8.40" spread="6.06"/>
                    <measurement group_id="O2" value="11.31" spread="7.78"/>
                  </measurement_list>
                </category>
              </category_list>
            </class>
          </class_list>
        </measure>
      </outcome>
    </outcome_list>

    <reported_events>
      <group_list>
        <group group_id="E1">
          <title>Standard of Care</title>
          <description>Standard pain control drugs.</description>
        </group>
        <group group_id="E2">
          <title>Opioid Titration</title>
          <description>Pain will be Monitored and Medication Titrated</description>
        </group>
      </group_list>
      <serious_events>
        <category_list>
          <category>
            <title>Total</title>
            <event_list>
              <event>
                <sub_title>Total, serious adverse events</sub_title>
                <counts group_id="E1" subjects_affected="1" subjects_at_risk="42"/>
                <counts group_id="E2" subjects_affected="8" subjects_at_risk="56"/>
              </event>
            </event_list>
          </category>
          <category>
            <title>Blood and lymphatic system disorders</title>
            <event_list>
              <event>
                <sub_title>neutrapenia</sub_title>
                <counts group_id="E1" events="0" subjects_affected="0" subjects_at_risk="42"/>
                <counts group_id="E2" events="1" subjects_affected="1" subjects_at_risk="56"/>
              </event>
              <event>
                <sub_title>hyponatremia</sub_title>
                <counts group_id="E1" events="0" subjects_affected="0" subjects_at_risk="42"/>
                <counts group_id="E2" events="1" subjects_affected="1" subjects_at_risk="56"/>
              </event>
            </event_list>
          </category>
          <category>
            <title>Cardiac disorders</title>
            <event_list>
              <event>
                <sub_title>Ventricular arrhythmia</sub_title>
                <counts group_id="E1" events="0" subjects_affected="0" subjects_at_risk="42"/>
                <counts group_id="E2" events="1" subjects_affected="1" subjects_at_risk="56"/>
              </event>
            </event_list>
          </category>
          <category>
            <title>Gastrointestinal disorders</title>
            <event_list>
              <event>
                <sub_title>nausea</sub_title>
                <counts group_id="E1" events="0" subjects_affected="0" subjects_at_risk="42"/>
                <counts group_id="E2" events="1" subjects_affected="1" subjects_at_risk="56"/>
              </event>
              <event>
                <sub_title>Mucositis/stomatisis</sub_title>
                <counts group_id="E1" events="0" subjects_affected="0" subjects_at_risk="42"/>
                <counts group_id="E2" events="2" subjects_affected="2" subjects_at_risk="56"/>
              </event>
              <event>
                <sub_title>dysphagia</sub_title>
                <counts group_id="E1" events="0" subjects_affected="0" subjects_at_risk="42"/>
                <counts group_id="E2" events="1" subjects_affected="1" subjects_at_risk="56"/>
              </event>
            </event_list>
          </category>
          <category>
            <title>General disorders</title>
            <event_list>
              <event>
                <sub_title>Pain - Throat/pharynx/larynx - odynophagia</sub_title>
                <counts group_id="E1" events="0" subjects_affected="0" subjects_at_risk="42"/>
                <counts group_id="E2" events="1" subjects_affected="1" subjects_at_risk="56"/>
              </event>
              <event>
                <sub_title>Death not associated with CTCAE term</sub_title>
                <counts group_id="E1" events="0" subjects_affected="0" subjects_at_risk="42"/>
                <counts group_id="E2" events="1" subjects_affected="1" subjects_at_risk="56"/>
              </event>
              <event>
                <sub_title>fatigue</sub_title>
                <counts group_id="E1" events="0" subjects_affected="0" subjects_at_risk="42"/>
                <counts group_id="E2" events="1" subjects_affected="1" subjects_at_risk="56"/>
              </event>
            </event_list>
          </category>
          <category>
            <title>Infections and infestations</title>
            <event_list>
              <event>
                <sub_title>infection with normal ANC</sub_title>
                <counts group_id="E1" events="0" subjects_affected="0" subjects_at_risk="42"/>
                <counts group_id="E2" events="1" subjects_affected="1" subjects_at_risk="56"/>
              </event>
              <event>
                <sub_title>Infection with unknown ANC</sub_title>
                <counts group_id="E1" events="0" subjects_affected="0" subjects_at_risk="42"/>
                <counts group_id="E2" events="1" subjects_affected="1" subjects_at_risk="56"/>
              </event>
            </event_list>
          </category>
          <category>
            <title>Investigations</title>
            <event_list>
              <event>
                <sub_title>weight loss</sub_title>
                <counts group_id="E1" events="0" subjects_affected="0" subjects_at_risk="42"/>
                <counts group_id="E2" events="1" subjects_affected="1" subjects_at_risk="56"/>
              </event>
            </event_list>
          </category>
          <category>
            <title>Musculoskeletal and connective tissue disorders</title>
            <event_list>
              <event>
                <sub_title>Pain - Back</sub_title>
                <counts group_id="E1" events="0" subjects_affected="0" subjects_at_risk="42"/>
                <counts group_id="E2" events="1" subjects_affected="1" subjects_at_risk="56"/>
              </event>
              <event>
                <sub_title>extremity-lower gait</sub_title>
                <counts group_id="E1" events="0" subjects_affected="0" subjects_at_risk="42"/>
                <counts group_id="E2" events="1" subjects_affected="1" subjects_at_risk="56"/>
              </event>
              <event>
                <sub_title>fracture</sub_title>
                <counts group_id="E1" events="1" subjects_affected="1" subjects_at_risk="42"/>
                <counts group_id="E2" events="0" subjects_affected="0" subjects_at_risk="56"/>
              </event>
            </event_list>
          </category>
          <category>
            <title>Nervous system disorders</title>
            <event_list>
              <event>
                <sub_title>Somnolence/depressed level of consciousness</sub_title>
                <counts group_id="E1" events="0" subjects_affected="0" subjects_at_risk="42"/>
                <counts group_id="E2" events="1" subjects_affected="1" subjects_at_risk="56"/>
              </event>
            </event_list>
          </category>
          <category>
            <title>Psychiatric disorders</title>
            <event_list>
              <event>
                <sub_title>confusion</sub_title>
                <counts group_id="E1" events="0" subjects_affected="0" subjects_at_risk="42"/>
                <counts group_id="E2" events="1" subjects_affected="1" subjects_at_risk="56"/>
              </event>
            </event_list>
          </category>
          <category>
            <title>Respiratory, thoracic and mediastinal disorders</title>
            <event_list>
              <event>
                <sub_title>Pleural effusion</sub_title>
                <counts group_id="E1" events="0" subjects_affected="0" subjects_at_risk="42"/>
                <counts group_id="E2" events="1" subjects_affected="1" subjects_at_risk="56"/>
              </event>
              <event>
                <sub_title>Dyspnea (shortness of breath)</sub_title>
                <counts group_id="E1" events="0" subjects_affected="0" subjects_at_risk="42"/>
                <counts group_id="E2" events="1" subjects_affected="1" subjects_at_risk="56"/>
              </event>
              <event>
                <sub_title>aspiration</sub_title>
                <counts group_id="E1" events="0" subjects_affected="0" subjects_at_risk="42"/>
                <counts group_id="E2" events="1" subjects_affected="1" subjects_at_risk="56"/>
              </event>
            </event_list>
          </category>
        </category_list>
      </serious_events>
      <other_events>
        <frequency_threshold>5</frequency_threshold>
        <category_list>
          <category>
            <title>Total</title>
            <event_list>
              <event>
                <sub_title>Total, other adverse events</sub_title>
                <counts group_id="E1" subjects_affected="13" subjects_at_risk="42"/>
                <counts group_id="E2" subjects_affected="27" subjects_at_risk="56"/>
              </event>
            </event_list>
          </category>
          <category>
            <title>Cardiac disorders</title>
            <event_list>
              <event>
                <sub_title>cardiac arrhythmia</sub_title>
                <counts group_id="E1" events="2" subjects_affected="2" subjects_at_risk="42"/>
                <counts group_id="E2" events="3" subjects_affected="1" subjects_at_risk="56"/>
              </event>
            </event_list>
          </category>
          <category>
            <title>Gastrointestinal disorders</title>
            <event_list>
              <event>
                <sub_title>constipation</sub_title>
                <counts group_id="E1" events="8" subjects_affected="1" subjects_at_risk="42"/>
                <counts group_id="E2" events="41" subjects_affected="4" subjects_at_risk="56"/>
              </event>
              <event>
                <sub_title>nausea</sub_title>
                <counts group_id="E1" events="0" subjects_affected="0" subjects_at_risk="42"/>
                <counts group_id="E2" events="50" subjects_affected="6" subjects_at_risk="56"/>
              </event>
            </event_list>
          </category>
          <category>
            <title>General disorders</title>
            <event_list>
              <event>
                <sub_title>edema</sub_title>
                <counts group_id="E1" events="0" subjects_affected="0" subjects_at_risk="42"/>
                <counts group_id="E2" events="14" subjects_affected="4" subjects_at_risk="56"/>
              </event>
              <event>
                <sub_title>fatigue</sub_title>
                <counts group_id="E1" events="0" subjects_affected="0" subjects_at_risk="42"/>
                <counts group_id="E2" events="46" subjects_affected="8" subjects_at_risk="56"/>
              </event>
            </event_list>
          </category>
          <category>
            <title>Musculoskeletal and connective tissue disorders</title>
            <event_list>
              <event>
                <sub_title>pain, extremity</sub_title>
                <counts group_id="E1" events="10" subjects_affected="3" subjects_at_risk="42"/>
                <counts group_id="E2" events="0" subjects_affected="0" subjects_at_risk="56"/>
              </event>
            </event_list>
          </category>
          <category>
            <title>Nervous system disorders</title>
            <event_list>
              <event>
                <sub_title>drowsiness, somnolence</sub_title>
                <counts group_id="E1" events="13" subjects_affected="4" subjects_at_risk="42"/>
                <counts group_id="E2" events="9" subjects_affected="2" subjects_at_risk="56"/>
              </event>
              <event>
                <sub_title>dysphagia</sub_title>
                <counts group_id="E1" events="0" subjects_affected="0" subjects_at_risk="42"/>
                <counts group_id="E2" events="33" subjects_affected="4" subjects_at_risk="56"/>
              </event>
              <event>
                <sub_title>neuropathy</sub_title>
                <counts group_id="E1" events="2" subjects_affected="1" subjects_at_risk="42"/>
                <counts group_id="E2" events="11" subjects_affected="3" subjects_at_risk="56"/>
              </event>
              <event>
                <sub_title>dysgeusia</sub_title>
                <counts group_id="E1" events="7" subjects_affected="2" subjects_at_risk="42"/>
                <counts group_id="E2" events="0" subjects_affected="0" subjects_at_risk="56"/>
              </event>
              <event>
                <sub_title>Dysarthria</sub_title>
                <counts group_id="E1" events="18" subjects_affected="3" subjects_at_risk="42"/>
                <counts group_id="E2" events="0" subjects_affected="0" subjects_at_risk="56"/>
              </event>
            </event_list>
          </category>
          <category>
            <title>Psychiatric disorders</title>
            <event_list>
              <event>
                <sub_title>confusion</sub_title>
                <counts group_id="E1" events="4" subjects_affected="2" subjects_at_risk="42"/>
                <counts group_id="E2" events="12" subjects_affected="1" subjects_at_risk="56"/>
              </event>
              <event>
                <sub_title>anorexia</sub_title>
                <counts group_id="E1" events="15" subjects_affected="2" subjects_at_risk="42"/>
                <counts group_id="E2" events="0" subjects_affected="0" subjects_at_risk="56"/>
              </event>
            </event_list>
          </category>
          <category>
            <title>Respiratory, thoracic and mediastinal disorders</title>
            <event_list>
              <event>
                <sub_title>cough</sub_title>
                <counts group_id="E1" events="5" subjects_affected="2" subjects_at_risk="42"/>
                <counts group_id="E2" events="13" subjects_affected="2" subjects_at_risk="56"/>
              </event>
            </event_list>
          </category>
          <category>
            <title>Skin and subcutaneous tissue disorders</title>
            <event_list>
              <event>
                <sub_title>bruising</sub_title>
                <counts group_id="E1" events="2" subjects_affected="2" subjects_at_risk="42"/>
                <counts group_id="E2" events="0" subjects_affected="0" subjects_at_risk="56"/>
              </event>
            </event_list>
          </category>
        </category_list>
      </other_events>
    </reported_events>

    <certain_agreements>
      <pi_employee>All Principal Investigators ARE employed by the organization sponsoring the study.</pi_employee>
      <restrictive_agreement>There is NOT an agreement between Principal Investigators and the Sponsor (or its agents) that restricts the PI's rights to discuss or publish trial results after the trial is completed. </restrictive_agreement>
    </certain_agreements>
    <point_of_contact>
      <name_or_title>Nancy Wells, Director of Nursing Research Patient Care Svcs</name_or_title>
      <organization>Vanderbilt-Ingram Cancer Center</organization>
      <phone>615-322-6184</phone>
      <email>nancy.wells@vanderbilt.edu</email>
    </point_of_contact>
  </clinical_results>
</clinical_study>

