<?xml version="1.0" encoding="UTF-8"?>
<clinical_study rank="265">
  <!-- This xml conforms to an XML Schema at:
    https://clinicaltrials.gov/ct2/html/images/info/public.xsd -->
  <required_header>
    <download_date>ClinicalTrials.gov processed this data on February 06, 2024</download_date>
    <link_text>Link to the current ClinicalTrials.gov record.</link_text>
    <url>https://clinicaltrials.gov/ct2/show/NCT00096161</url>
  </required_header>
  <id_info>
    <org_study_id>1825.00</org_study_id>
    <secondary_id>NCI-2010-00230</secondary_id>
    <secondary_id>1825.00</secondary_id>
    <secondary_id>P01CA078902</secondary_id>
    <secondary_id>P30CA015704</secondary_id>
    <nct_id>NCT00096161</nct_id>
  </id_info>
  <brief_title>Pentostatin and Lymphocyte Infusion in Preventing Graft Rejection in Patients Who Have Undergone Donor Stem Cell Transplant</brief_title>
  <official_title>Pentostatin and Donor Lymphocyte Infusion for Low Donor T-cell Chimerism After Hematopoietic Cell Transplantation - A Multi-center Trial</official_title>
  <sponsors>
    <lead_sponsor>
      <agency>Fred Hutchinson Cancer Center</agency>
      <agency_class>Other</agency_class>
    </lead_sponsor>
    <collaborator>
      <agency>National Cancer Institute (NCI)</agency>
      <agency_class>NIH</agency_class>
    </collaborator>
  </sponsors>
  <source>Fred Hutchinson Cancer Center</source>
  <oversight_info>
    <has_dmc>Yes</has_dmc>
  </oversight_info>
  <brief_summary>
    <textblock>
      This phase II trial studies pentostatin and donor lymphocyte infusion in preventing graft&#xD;
      rejection in patients who have undergone donor stem cell transplant. Giving pentostatin and&#xD;
      an infusion of the donor's T cells (donor lymphocyte infusion) after a donor stem cell&#xD;
      transplant may stop the patient's immune system from rejecting the donor's stem cells. The&#xD;
      donated stem cells may replace the patient's immune cells and help destroy any remaining&#xD;
      cancer cells (graft-versus-tumor effect). Sometimes the transplanted cells from a donor can&#xD;
      also make an immune response against the body's normal cells. Giving pentostatin before donor&#xD;
      lymphocyte infusion may stop this from happening.&#xD;
    </textblock>
  </brief_summary>
  <detailed_description>
    <textblock>
      PRIMARY OBJECTIVES:&#xD;
&#xD;
      I. To assess the safety and efficacy of the combined use of pentostatin and donor lymphocyte&#xD;
      infusion (DLI) in patients with low or falling donor T-cell chimerism to prevent graft&#xD;
      rejection after transplantation both from matched related donors (MRDs) or unrelated donors&#xD;
      (URDs).&#xD;
&#xD;
      SECONDARY OBJECTIVES:&#xD;
&#xD;
      I. To determine the incidence of graft-versus-host disease (GvHD) infections and disease&#xD;
      response, if persistent disease is present.&#xD;
&#xD;
      OUTLINE: This is a dose-escalation study of donor lymphocyte infusion.&#xD;
&#xD;
      GROUP I: Patients receive pentostatin intravenously (IV) over 20-30 minutes on day -2 and DLI&#xD;
      over 15-30 minutes on day 0. Treatment may repeat once beginning with an escalated or same&#xD;
      cluster of differentiation (CD)3-dose at least 4 weeks if persistent donor T-cells are&#xD;
      documented, no GvHD has developed, and the chimerism status worsens or, if chimerism status&#xD;
      is unchanged after at least 8 weeks with two subsequent tests of chimerism 4 weeks apart.&#xD;
&#xD;
      GROUP II (initiated if patients in group I do not achieve sustained engraftment and improved&#xD;
      chimerism): Patients receive treatment as in group I. Patients also receive cyclosporine&#xD;
      orally (PO) twice daily (BID) on days -3 to 56 and mycophenolate mofetil PO once daily (QD)&#xD;
      on days 0 to 27. Treatment continues in the absence of GvHD.&#xD;
&#xD;
      After completion of study treatment, patients are followed up every 6 months for 2 years and&#xD;
      then annually thereafter.&#xD;
    </textblock>
  </detailed_description>
  <overall_status>Completed</overall_status>
  <start_date type="Actual">May 2003</start_date>
  <completion_date type="Actual">August 2015</completion_date>
  <primary_completion_date type="Actual">February 2015</primary_completion_date>
  <phase>Phase 2</phase>
  <study_type>Interventional</study_type>
  <has_expanded_access>No</has_expanded_access>
  <study_design_info>
    <allocation>N/A</allocation>
    <intervention_model>Single Group Assignment</intervention_model>
    <primary_purpose>Treatment</primary_purpose>
    <masking>None (Open Label)</masking>
  </study_design_info>
  <primary_outcome>
    <measure>Percentage Patients With an Increase of at Least 10 Percentage Points in Donor T-cell Chimerism</measure>
    <time_frame>From the time of enrollment maintained to day 56 after the last DLI, up to Day 112</time_frame>
    <description>A regimen will be considered successful if 20 patients are enrolled, at least 13 demonstrate improved chimerism. If fewer than 5 patients have shown improvement in chimerism then it can be at least 75% confident that the true rate of improvement is less than 0.53. Enrollment to the regimen will stop and the next regimen will be opened. Enrollment to a regimen may also be stopped at any time it becomes impossible to achieve 5 of 10 or 13 of 20 successful improvements.&#xD;
&quot;Chimerism&quot; in hematopoietic cell transplant derives from this idea of a &quot;mixed&quot; entity, referring to someone who has received a transplant of genetically different tissue. A test for chimerism after a hematopoietic cell transplant involves identifying the genetic profiles of the recipient and of the donor and then evaluating the extent of mixture in the recipient's blood cells or marrow cells.</description>
  </primary_outcome>
  <primary_outcome>
    <measure>Incidence of Grade IV Acute GVHD</measure>
    <time_frame>Within 100 days after the last DLI</time_frame>
    <description>Clinical Stage of acute GVHD according to Organ System&#xD;
Skin:&#xD;
- Maculopapular rash &lt;25% of body surface&#xD;
- Maculopapular rash 25-50% of body surface&#xD;
- Maculopapular rash &gt;50% body surface area or generalized erythroderma&#xD;
- Generalized erythroderma with bullous formation and desquamation&#xD;
Liver:&#xD;
- Bilirubin 2-3 mg/dl&#xD;
- Bilirubin 3.1-6 mg/dl&#xD;
- Bilirubin 6.1-15 mg/dl&#xD;
- Bilirubin &gt;15 mg/dl&#xD;
Gut:&#xD;
- &gt;500-1000 mL diarrhea per day or (nausea, anorexia or vomiting with biopsy (EGD) confirmation of upper GI GVHD&#xD;
- &gt;1000 -1500 mL diarrhea per day&#xD;
- &gt;1500 mL diarrhea per day&#xD;
- &gt;1500 mL diarrhea per day plus severe abdominal pain with or without ileus&#xD;
Overall Clinical Grading of Severity of acute GVHD Grade IV: 0-4 Skin, 2-4 Liver, and/or 2-4 GI</description>
  </primary_outcome>
  <secondary_outcome>
    <measure>Incidence of GVHD</measure>
    <time_frame>1 year after DLI</time_frame>
    <description>Percentage patients with acute or chronic GVHD.&#xD;
The diagnosis of chronic GVHD requires at least one manifestation that is distinctive for chronic GVHD as opposed to acute GVHD. In all cases, infection and others causes must be ruled out in the differential diagnosis of chronic GVHD.</description>
  </secondary_outcome>
  <secondary_outcome>
    <measure>Incidence of Infections</measure>
    <time_frame>100 days after DLI</time_frame>
  </secondary_outcome>
  <secondary_outcome>
    <measure>Incidence of Relapse/Progression</measure>
    <time_frame>1 year after DLI</time_frame>
    <description>CML Acquisition of a new cytogenetic abnormality and/or development of accelerated phase or blast crisis. Criteria for accelerated phase: unexplained fever &gt;38.3° C, new clonal cytogenetic abnormalities in addition to a single Ph-positive chromosome, BM blasts and promyelocytes &gt;20%.&#xD;
AML, ALL, CMML &gt;30% BM blasts w/ deteriorating performance status, or worsening of anemia, neutropenia, or thrombocytopenia.&#xD;
CLL Progressive disease: ≥1 of: physical exam/imaging studies (nodes, liver, and/or spleen) ≥50% increase or new, circulating lymphocytes by morphology and/or flow cytometry ≥50% increase, and lymph node biopsy w/ Richter's transformation.&#xD;
NHL &gt;25% increase in the sum of the products of the perpendicular diameters of marker lesions, or the appearance of new lesions.&#xD;
MM&#xD;
≥100% increase of the serum myeloma protein from its lowest level, or reappearance of myeloma peaks that had disappeared w/ tx; or definite increase in the size/number of plasmacytomas or lytic bone lesions.</description>
  </secondary_outcome>
  <secondary_outcome>
    <measure>Survival</measure>
    <time_frame>1 year after DLI</time_frame>
    <description>Percentage patients surviving.</description>
  </secondary_outcome>
  <number_of_arms>1</number_of_arms>
  <enrollment type="Actual">36</enrollment>
  <condition>Acute Lymphoblastic Leukemia</condition>
  <condition>Acute Myeloid Leukemia</condition>
  <condition>Chronic Lymphocytic Leukemia</condition>
  <condition>Chronic Myelogenous Leukemia, BCR-ABL1 Positive</condition>
  <condition>Graft Versus Host Disease</condition>
  <condition>Hodgkin Lymphoma</condition>
  <condition>Myelodysplastic/Myeloproliferative Neoplasm</condition>
  <condition>Non-Hodgkin Lymphoma</condition>
  <condition>Plasma Cell Myeloma</condition>
  <condition>Waldenstrom Macroglobulinemia</condition>
  <arm_group>
    <arm_group_label>pentostatin, DLI, mycophenolate mofetil, cyclosporine</arm_group_label>
    <arm_group_type>Experimental</arm_group_type>
    <description>Group I (pentostatin, DLI): Patients receive pentostatin IV over 20-30 minutes on day -2 and DLI over 15-30 minutes on day 0. Treatment may repeat once beginning with an escalated or same CD3-dose at least 4 weeks if persistent donor T-cells are documented, no GvHD has developed, and the chimerism status worsens or, if chimerism status is unchanged after at least 8 weeks with two subsequent tests of chimerism 4 weeks apart.&#xD;
Group II (pentostatin, DLI, mycophenolate mofetil, cyclosporine): Patients receive treatment as in group I. Patients also receive cyclosporine PO BID on days -3 to 56 and mycophenolate mofetil PO QD on days 0 to 27. Treatment continues in the absence of GvHD.</description>
  </arm_group>
  <intervention>
    <intervention_type>Drug</intervention_type>
    <intervention_name>Cyclosporine</intervention_name>
    <description>Given PO</description>
    <arm_group_label>pentostatin, DLI, mycophenolate mofetil, cyclosporine</arm_group_label>
    <other_name>27-400</other_name>
    <other_name>Ciclosporin</other_name>
    <other_name>CsA</other_name>
    <other_name>Cyclosporin</other_name>
    <other_name>Cyclosporin A</other_name>
    <other_name>Neoral</other_name>
    <other_name>OL 27-400</other_name>
    <other_name>Sandimmun</other_name>
    <other_name>Sandimmune</other_name>
    <other_name>SangCya</other_name>
  </intervention>
  <intervention>
    <intervention_type>Drug</intervention_type>
    <intervention_name>Mycophenolate Mofetil</intervention_name>
    <description>Given PO</description>
    <arm_group_label>pentostatin, DLI, mycophenolate mofetil, cyclosporine</arm_group_label>
    <other_name>Cellcept</other_name>
    <other_name>MMF</other_name>
  </intervention>
  <intervention>
    <intervention_type>Drug</intervention_type>
    <intervention_name>Pentostatin</intervention_name>
    <description>Given IV</description>
    <arm_group_label>pentostatin, DLI, mycophenolate mofetil, cyclosporine</arm_group_label>
    <other_name>(R)-3-(2-Deoxy-.beta.-D-erythro-pentofuranosyl)-3,6,7, 8-tetrahydroimidazo[4,5-d][1,3]diazepin-8-ol</other_name>
    <other_name>2'-Deoxycoformycin</other_name>
    <other_name>CI-825</other_name>
    <other_name>Co-Vidarabine</other_name>
    <other_name>Covidarabine</other_name>
    <other_name>DCF</other_name>
    <other_name>Deoxycoformycin</other_name>
    <other_name>Nipent</other_name>
    <other_name>PD-81565</other_name>
    <other_name>Pentostatine</other_name>
  </intervention>
  <intervention>
    <intervention_type>Biological</intervention_type>
    <intervention_name>Therapeutic Allogeneic Lymphocytes</intervention_name>
    <description>Given IV</description>
    <arm_group_label>pentostatin, DLI, mycophenolate mofetil, cyclosporine</arm_group_label>
    <other_name>Allogeneic Lymphocytes</other_name>
  </intervention>
  <eligibility>
    <criteria>
      <textblock>
        Inclusion Criteria:&#xD;
&#xD;
          -  Patients having received a preceding allogeneic transplantation from either a human&#xD;
             leukocyte antigen (HLA)-matched related or unrelated donor are eligible for this&#xD;
             protocol&#xD;
&#xD;
               -  Related donor: HLA genotypically identical at least at one haplotype and may be&#xD;
                  phenotypically or genotypically identical at the allele level at HLA A, B, C,&#xD;
                  DRB1, and DQB1&#xD;
&#xD;
               -  Unrelated donor who are prospectively:&#xD;
&#xD;
                    -  Matched for HLA-A, B, C, DRB1 and DQB1 by high resolution typing; OR&#xD;
&#xD;
                    -  Only a single allele disparity will be allowed for HLA-A, B, or C as defined&#xD;
                       by high resolution typing&#xD;
&#xD;
          -  Patients with less than 50% donor CD3 peripheral blood chimerism on two separate,&#xD;
             consecutive evaluations; the two evaluations must be at least 14 days apart OR&#xD;
             patients with absolute decreases of donor CD3 peripheral blood chimerism of &gt;= 20% if&#xD;
             the second test shows &lt; 50% donor CD3 cells; the two evaluations must be at least 14&#xD;
             days apart&#xD;
&#xD;
          -  Patients with evidence of disease are only eligible if the disease is stable (or&#xD;
             persistent) in comparison to the status prior to transplantation&#xD;
&#xD;
          -  Patients must be tapered off systemic steroids to a dosage of less than or equal to&#xD;
             0.25 mg/kg/day&#xD;
&#xD;
          -  Patients must have persistent donor CD3 cells (&gt;= 5% donor CD3 cells by a&#xD;
             deoxyribonucleic acid [DNA]-based assay that compares the profile of amplified&#xD;
             fragment length polymorphisms [ampFLP] [or fluorescent in situ hybridization (FISH)&#xD;
             studies or variable number of tandem repeats (VNTR)])&#xD;
&#xD;
          -  DONOR: Alternatively to a fresh unmodified leukapheresis product, previously collected&#xD;
             cryopreserved peripheral blood stem cells (PBSC) after mobilization with G-CSF or&#xD;
             cryopreserved unmodified leukapheresis product from the original donor can be used; if&#xD;
             cryopreserved product is not available, the following criteria apply for the DLI&#xD;
             product:&#xD;
&#xD;
          -  DONOR: Original donor of hematopoietic cell transplantation&#xD;
&#xD;
          -  DONOR: Donor must give consent to leukapheresis&#xD;
&#xD;
          -  DONOR: Donor must have adequate veins for leukapheresis or agree to placement of&#xD;
             central venous catheter (femoral or subclavian)&#xD;
&#xD;
          -  DONOR: Donor must be medically fit to undergo the apheresis procedure (institutional&#xD;
             guidelines for apheresis)&#xD;
&#xD;
        Exclusion Criteria:&#xD;
&#xD;
          -  Current grade II to IV acute GVHD or extensive chronic GVHD&#xD;
&#xD;
          -  Karnofsky score &lt; 50%&#xD;
&#xD;
               -  Pediatric criteria&#xD;
&#xD;
                    -  Lansky play-performance score &lt; 40&#xD;
&#xD;
          -  Evidence of relapse or progression of disease after transplantation&#xD;
&#xD;
          -  Prior recipient of cord blood&#xD;
&#xD;
          -  DONOR: Donors who are not suitable for medical reasons to donate peripheral blood&#xD;
             mononuclear cells (PBMC) by continuous centrifugation according to the criteria of the&#xD;
             American Association of Blood Banks (AABB)&#xD;
&#xD;
          -  DONOR: Pregnancy&#xD;
&#xD;
          -  DONOR: Human immunodeficiency virus (HIV) or human T-lymphotrophic virus (HTLV)&#xD;
             infection&#xD;
&#xD;
          -  DONOR: Recent immunization may require a delay&#xD;
      </textblock>
    </criteria>
    <gender>All</gender>
    <minimum_age>N/A</minimum_age>
    <maximum_age>N/A</maximum_age>
    <healthy_volunteers>No</healthy_volunteers>
  </eligibility>
  <overall_official>
    <last_name>Brenda Sandmaier</last_name>
    <role>Principal Investigator</role>
    <affiliation>Fred Hutch/University of Washington Cancer Consortium</affiliation>
  </overall_official>
  <location>
    <facility>
      <name>Huntsman Cancer Institute/University of Utah</name>
      <address>
        <city>Salt Lake City</city>
        <state>Utah</state>
        <zip>84112</zip>
        <country>United States</country>
      </address>
    </facility>
  </location>
  <location>
    <facility>
      <name>LDS Hospital</name>
      <address>
        <city>Salt Lake City</city>
        <state>Utah</state>
        <zip>84143</zip>
        <country>United States</country>
      </address>
    </facility>
  </location>
  <location>
    <facility>
      <name>VA Puget Sound Health Care System</name>
      <address>
        <city>Seattle</city>
        <state>Washington</state>
        <zip>98101</zip>
        <country>United States</country>
      </address>
    </facility>
  </location>
  <location>
    <facility>
      <name>Fred Hutch/University of Washington Cancer Consortium</name>
      <address>
        <city>Seattle</city>
        <state>Washington</state>
        <zip>98109</zip>
        <country>United States</country>
      </address>
    </facility>
  </location>
  <location>
    <facility>
      <name>University of Torino</name>
      <address>
        <city>Torino</city>
        <zip>10126</zip>
        <country>Italy</country>
      </address>
    </facility>
  </location>
  <location_countries>
    <country>Italy</country>
    <country>United States</country>
  </location_countries>
  <removed_countries>
    <country>Germany</country>
  </removed_countries>
  <verification_date>January 2020</verification_date>
  <study_first_submitted>November 9, 2004</study_first_submitted>
  <study_first_submitted_qc>November 8, 2004</study_first_submitted_qc>
  <study_first_posted type="Estimate">November 9, 2004</study_first_posted>
  <results_first_submitted>January 27, 2017</results_first_submitted>
  <results_first_submitted_qc>March 24, 2017</results_first_submitted_qc>
  <results_first_posted type="Actual">May 4, 2017</results_first_posted>
  <last_update_submitted>January 15, 2020</last_update_submitted>
  <last_update_submitted_qc>January 15, 2020</last_update_submitted_qc>
  <last_update_posted type="Actual">January 31, 2020</last_update_posted>
  <responsible_party>
    <responsible_party_type>Principal Investigator</responsible_party_type>
    <investigator_affiliation>Fred Hutchinson Cancer Center</investigator_affiliation>
    <investigator_full_name>Brenda Sandmaier</investigator_full_name>
    <investigator_title>Principal Investigator</investigator_title>
  </responsible_party>
  <condition_browse>
    <!-- CAUTION:  The following MeSH terms are assigned with an imperfect algorithm            -->
    <mesh_term>Lymphoma</mesh_term>
    <mesh_term>Leukemia</mesh_term>
    <mesh_term>Precursor Cell Lymphoblastic Leukemia-Lymphoma</mesh_term>
    <mesh_term>Leukemia, Lymphocytic, Chronic, B-Cell</mesh_term>
    <mesh_term>Leukemia, Myeloid</mesh_term>
    <mesh_term>Leukemia, Myelogenous, Chronic, BCR-ABL Positive</mesh_term>
    <mesh_term>Waldenstrom Macroglobulinemia</mesh_term>
    <mesh_term>Multiple Myeloma</mesh_term>
    <mesh_term>Myeloproliferative Disorders</mesh_term>
    <mesh_term>Myelodysplastic-Myeloproliferative Diseases</mesh_term>
    <mesh_term>Graft vs Host Disease</mesh_term>
  </condition_browse>
  <intervention_browse>
    <!-- CAUTION:  The following MeSH terms are assigned with an imperfect algorithm            -->
    <mesh_term>Cyclosporine</mesh_term>
    <mesh_term>Mycophenolic Acid</mesh_term>
    <mesh_term>Vidarabine</mesh_term>
    <mesh_term>Pentostatin</mesh_term>
    <mesh_term>Cyclosporins</mesh_term>
  </intervention_browse>

  <clinical_results>

    <participant_flow>
      <group_list>
        <group group_id="P1">
          <title>Group 1A (Pentostatin, DLI Dose Level 1)</title>
          <description>Patients receive pentostatin IV over 20-30 minutes on day -2 and DLI (1x10^7 CD3+ cells/kg) over 15-30 minutes on day 0. Treatment may repeat once beginning with an escalated or same CD3-dose at least 4 weeks if persistent donor T-cells are documented, no GvHD has developed, and the chimerism status worsens or, if chimerism status is unchanged after at least 8 weeks with two subsequent tests of chimerism 4 weeks apart.&#xD;
Pentostatin: Given IV&#xD;
Therapeutic Allogeneic Lymphocytes: Given IV</description>
        </group>
        <group group_id="P2">
          <title>Group 1B (Pentostatin, DLI Dose Level 2)</title>
          <description>Patients receive pentostatin IV over 20-30 minutes on day -2 and DLI (3x10^7 CD3+ cells/kg) over 15-30 minutes on day 0. Treatment may repeat once beginning with an escalated or same CD3-dose at least 4 weeks if persistent donor T-cells are documented, no GvHD has developed, and the chimerism status worsens or, if chimerism status is unchanged after at least 8 weeks with two subsequent tests of chimerism 4 weeks apart.&#xD;
Pentostatin: Given IV&#xD;
Therapeutic Allogeneic Lymphocytes: Given IV</description>
        </group>
        <group group_id="P3">
          <title>Group 2C (Pentostatin, DLI Dose Level 1, Add'l IS)</title>
          <description>Patients receive treatment as in group 1A. Patients also receive cyclosporine PO BID on days -3 to 56 and mycophenolate mofetil PO QD on days 0 to 27. Treatment continues in the absence of GvHD.&#xD;
Pentostatin: Given IV&#xD;
Therapeutic Allogeneic Lymphocytes: Given IV</description>
        </group>
        <group group_id="P4">
          <title>Group 2D (Pentostatin, DLI Dose Level 2, Add'l IS)</title>
          <description>Patients receive treatment as in group 1B. Patients also receive cyclosporine PO BID on days -3 to 56 and mycophenolate mofetil PO QD on days 0 to 27. Treatment continues in the absence of GvHD.&#xD;
Pentostatin: Given IV&#xD;
Therapeutic Allogeneic Lymphocytes: Given IV</description>
        </group>
      </group_list>
      <period_list>
        <period>
          <title>Overall Study</title>
          <milestone_list>
            <milestone>
              <title>STARTED</title>
              <participants_list>
                <participants group_id="P1" count="20"/>
                <participants group_id="P2" count="10"/>
                <participants group_id="P3" count="6"/>
                <participants group_id="P4" count="0"/>
              </participants_list>
            </milestone>
            <milestone>
              <title>COMPLETED</title>
              <participants_list>
                <participants group_id="P1" count="20"/>
                <participants group_id="P2" count="10"/>
                <participants group_id="P3" count="6"/>
                <participants group_id="P4" count="0"/>
              </participants_list>
            </milestone>
            <milestone>
              <title>NOT COMPLETED</title>
              <participants_list>
                <participants group_id="P1" count="0"/>
                <participants group_id="P2" count="0"/>
                <participants group_id="P3" count="0"/>
                <participants group_id="P4" count="0"/>
              </participants_list>
            </milestone>
          </milestone_list>
        </period>
      </period_list>
    </participant_flow>

    <baseline>
      <population>No subjects were enrolled onto Group 2D because the dose escalation was not triggered before the study closed to accrual.</population>
      <group_list>
        <group group_id="B1">
          <title>Group 1A (Pentostatin, DLI Dose Level 1)</title>
          <description>Patients receive pentostatin IV over 20-30 minutes on day -2 and DLI (1x10^7 CD3+ cells/kg) over 15-30 minutes on day 0. Treatment may repeat once beginning with an escalated or same CD3-dose at least 4 weeks if persistent donor T-cells are documented, no GvHD has developed, and the chimerism status worsens or, if chimerism status is unchanged after at least 8 weeks with two subsequent tests of chimerism 4 weeks apart.&#xD;
Pentostatin: Given IV&#xD;
Therapeutic Allogeneic Lymphocytes: Given IV</description>
        </group>
        <group group_id="B2">
          <title>Group 1B (Pentostatin, DLI Dose Level 2)</title>
          <description>Patients receive pentostatin IV over 20-30 minutes on day -2 and DLI (3x10^7 CD3+ cells/kg) over 15-30 minutes on day 0. Treatment may repeat once beginning with an escalated or same CD3-dose at least 4 weeks if persistent donor T-cells are documented, no GvHD has developed, and the chimerism status worsens or, if chimerism status is unchanged after at least 8 weeks with two subsequent tests of chimerism 4 weeks apart.&#xD;
Pentostatin: Given IV&#xD;
Therapeutic Allogeneic Lymphocytes: Given IV</description>
        </group>
        <group group_id="B3">
          <title>Group 2C (Pentostatin, DLI Dose Level 1, Add'l IS)</title>
          <description>Patients receive treatment as in group 1A. Patients also receive cyclosporine PO BID on days -3 to 56 and mycophenolate mofetil PO QD on days 0 to 27. Treatment continues in the absence of GvHD.&#xD;
Pentostatin: Given IV&#xD;
Therapeutic Allogeneic Lymphocytes: Given IV</description>
        </group>
        <group group_id="B4">
          <title>Group 2D (Pentostatin, DLI Dose Level 2, Add'l IS)</title>
          <description>Patients receive treatment as in group 1B. Patients also receive cyclosporine PO BID on days -3 to 56 and mycophenolate mofetil PO QD on days 0 to 27. Treatment continues in the absence of GvHD.&#xD;
Pentostatin: Given IV&#xD;
Therapeutic Allogeneic Lymphocytes: Given IV</description>
        </group>
        <group group_id="B5">
          <title>Total</title>
          <description>Total of all reporting groups</description>
        </group>
      </group_list>
      <analyzed_list>
        <analyzed>
          <units>Participants</units>
          <scope>Overall</scope>
          <count_list>
            <count group_id="B1" value="20"/>
            <count group_id="B2" value="10"/>
            <count group_id="B3" value="6"/>
            <count group_id="B4" value="0"/>
            <count group_id="B5" value="36"/>
          </count_list>
        </analyzed>
      </analyzed_list>
      <measure_list>
        <measure>
          <title>Age</title>
          <units>Participants</units>
          <param>Count of Participants</param>
          <class_list>
            <class>
              <category_list>
                <category>
                  <title>&lt;=18 years</title>
                  <measurement_list>
                    <measurement group_id="B1" value="0"/>
                    <measurement group_id="B2" value="0"/>
                    <measurement group_id="B3" value="0"/>
                    <measurement group_id="B4" value="0"/>
                    <measurement group_id="B5" value="0"/>
                  </measurement_list>
                </category>
                <category>
                  <title>Between 18 and 65 years</title>
                  <measurement_list>
                    <measurement group_id="B1" value="17"/>
                    <measurement group_id="B2" value="7"/>
                    <measurement group_id="B3" value="4"/>
                    <measurement group_id="B4" value="0"/>
                    <measurement group_id="B5" value="28"/>
                  </measurement_list>
                </category>
                <category>
                  <title>&gt;=65 years</title>
                  <measurement_list>
                    <measurement group_id="B1" value="3"/>
                    <measurement group_id="B2" value="3"/>
                    <measurement group_id="B3" value="2"/>
                    <measurement group_id="B4" value="0"/>
                    <measurement group_id="B5" value="8"/>
                  </measurement_list>
                </category>
              </category_list>
            </class>
          </class_list>
        </measure>
        <measure>
          <title>Age</title>
          <units>years</units>
          <param>Median</param>
          <dispersion>Full Range</dispersion>
          <class_list>
            <class>
              <category_list>
                <category>
                  <measurement_list>
                    <measurement group_id="B1" value="55" lower_limit="44" upper_limit="67"/>
                    <measurement group_id="B2" value="59.3" lower_limit="35" upper_limit="72"/>
                    <measurement group_id="B3" value="60.3" lower_limit="47" upper_limit="69"/>
                    <measurement group_id="B5" value="56.9" lower_limit="35" upper_limit="72"/>
                  </measurement_list>
                </category>
              </category_list>
            </class>
          </class_list>
        </measure>
        <measure>
          <title>Sex: Female, Male</title>
          <units>Participants</units>
          <param>Count of Participants</param>
          <class_list>
            <class>
              <category_list>
                <category>
                  <title>Female</title>
                  <measurement_list>
                    <measurement group_id="B1" value="2"/>
                    <measurement group_id="B2" value="2"/>
                    <measurement group_id="B3" value="1"/>
                    <measurement group_id="B5" value="5"/>
                  </measurement_list>
                </category>
                <category>
                  <title>Male</title>
                  <measurement_list>
                    <measurement group_id="B1" value="18"/>
                    <measurement group_id="B2" value="8"/>
                    <measurement group_id="B3" value="5"/>
                    <measurement group_id="B5" value="31"/>
                  </measurement_list>
                </category>
              </category_list>
            </class>
          </class_list>
        </measure>
        <measure>
          <title>Region of Enrollment</title>
          <units>participants</units>
          <param>Number</param>
          <class_list>
            <class>
              <title>United States</title>
              <category_list>
                <category>
                  <measurement_list>
                    <measurement group_id="B1" value="20"/>
                    <measurement group_id="B2" value="10"/>
                    <measurement group_id="B3" value="6"/>
                    <measurement group_id="B5" value="36"/>
                  </measurement_list>
                </category>
              </category_list>
            </class>
          </class_list>
        </measure>
      </measure_list>
    </baseline>

    <outcome_list>
      <outcome>
        <type>Primary</type>
        <title>Percentage Patients With an Increase of at Least 10 Percentage Points in Donor T-cell Chimerism</title>
        <description>A regimen will be considered successful if 20 patients are enrolled, at least 13 demonstrate improved chimerism. If fewer than 5 patients have shown improvement in chimerism then it can be at least 75% confident that the true rate of improvement is less than 0.53. Enrollment to the regimen will stop and the next regimen will be opened. Enrollment to a regimen may also be stopped at any time it becomes impossible to achieve 5 of 10 or 13 of 20 successful improvements.&#xD;
&quot;Chimerism&quot; in hematopoietic cell transplant derives from this idea of a &quot;mixed&quot; entity, referring to someone who has received a transplant of genetically different tissue. A test for chimerism after a hematopoietic cell transplant involves identifying the genetic profiles of the recipient and of the donor and then evaluating the extent of mixture in the recipient's blood cells or marrow cells.</description>
        <time_frame>From the time of enrollment maintained to day 56 after the last DLI, up to Day 112</time_frame>
        <population>No subjects were enrolled onto Group 2D because the dose escalation was not triggered before the study closed to accrual.</population>
        <group_list>
          <group group_id="O1">
            <title>Group 1A (Pentostatin, DLI Dose Level 1)</title>
            <description>Patients receive pentostatin IV over 20-30 minutes on day -2 and DLI (1x10^7 CD3+ cells/kg) over 15-30 minutes on day 0. Treatment may repeat once beginning with an escalated or same CD3-dose at least 4 weeks if persistent donor T-cells are documented, no GvHD has developed, and the chimerism status worsens or, if chimerism status is unchanged after at least 8 weeks with two subsequent tests of chimerism 4 weeks apart.&#xD;
Pentostatin: Given IV&#xD;
Therapeutic Allogeneic Lymphocytes: Given IV</description>
          </group>
          <group group_id="O2">
            <title>Group 1B (Pentostatin, DLI Dose Level 2)</title>
            <description>Patients receive pentostatin IV over 20-30 minutes on day -2 and DLI (3x10^7 CD3+ cells/kg) over 15-30 minutes on day 0. Treatment may repeat once beginning with an escalated or same CD3-dose at least 4 weeks if persistent donor T-cells are documented, no GvHD has developed, and the chimerism status worsens or, if chimerism status is unchanged after at least 8 weeks with two subsequent tests of chimerism 4 weeks apart.&#xD;
Pentostatin: Given IV&#xD;
Therapeutic Allogeneic Lymphocytes: Given IV</description>
          </group>
          <group group_id="O3">
            <title>Group 2C (Pentostatin, DLI Dose Level 1, Add'l IS)</title>
            <description>Patients receive treatment as in group 1A. Patients also receive cyclosporine PO BID on days -3 to 56 and mycophenolate mofetil PO QD on days 0 to 27. Treatment continues in the absence of GvHD.&#xD;
Pentostatin: Given IV&#xD;
Therapeutic Allogeneic Lymphocytes: Given IV</description>
          </group>
          <group group_id="O4">
            <title>Group 2D (Pentostatin, DLI Dose Level 2, Add'l IS)</title>
            <description>Patients receive treatment as in group 1B. Patients also receive cyclosporine PO BID on days -3 to 56 and mycophenolate mofetil PO QD on days 0 to 27. Treatment continues in the absence of GvHD.&#xD;
Pentostatin: Given IV&#xD;
Therapeutic Allogeneic Lymphocytes: Given IV</description>
          </group>
        </group_list>
        <measure>
          <title>Percentage Patients With an Increase of at Least 10 Percentage Points in Donor T-cell Chimerism</title>
          <description>A regimen will be considered successful if 20 patients are enrolled, at least 13 demonstrate improved chimerism. If fewer than 5 patients have shown improvement in chimerism then it can be at least 75% confident that the true rate of improvement is less than 0.53. Enrollment to the regimen will stop and the next regimen will be opened. Enrollment to a regimen may also be stopped at any time it becomes impossible to achieve 5 of 10 or 13 of 20 successful improvements.&#xD;
&quot;Chimerism&quot; in hematopoietic cell transplant derives from this idea of a &quot;mixed&quot; entity, referring to someone who has received a transplant of genetically different tissue. A test for chimerism after a hematopoietic cell transplant involves identifying the genetic profiles of the recipient and of the donor and then evaluating the extent of mixture in the recipient's blood cells or marrow cells.</description>
          <population>No subjects were enrolled onto Group 2D because the dose escalation was not triggered before the study closed to accrual.</population>
          <units>percentage of participants</units>
          <param>Number</param>
          <analyzed_list>
            <analyzed>
              <units>Participants</units>
              <scope>Measure</scope>
              <count_list>
                <count group_id="O1" value="20"/>
                <count group_id="O2" value="10"/>
                <count group_id="O3" value="6"/>
                <count group_id="O4" value="0"/>
              </count_list>
            </analyzed>
          </analyzed_list>
          <class_list>
            <class>
              <category_list>
                <category>
                  <measurement_list>
                    <measurement group_id="O1" value="60"/>
                    <measurement group_id="O2" value="30"/>
                    <measurement group_id="O3" value="33.3"/>
                  </measurement_list>
                </category>
              </category_list>
            </class>
          </class_list>
        </measure>
      </outcome>
      <outcome>
        <type>Primary</type>
        <title>Incidence of Grade IV Acute GVHD</title>
        <description>Clinical Stage of acute GVHD according to Organ System&#xD;
Skin:&#xD;
- Maculopapular rash &lt;25% of body surface&#xD;
- Maculopapular rash 25-50% of body surface&#xD;
- Maculopapular rash &gt;50% body surface area or generalized erythroderma&#xD;
- Generalized erythroderma with bullous formation and desquamation&#xD;
Liver:&#xD;
- Bilirubin 2-3 mg/dl&#xD;
- Bilirubin 3.1-6 mg/dl&#xD;
- Bilirubin 6.1-15 mg/dl&#xD;
- Bilirubin &gt;15 mg/dl&#xD;
Gut:&#xD;
- &gt;500-1000 mL diarrhea per day or (nausea, anorexia or vomiting with biopsy (EGD) confirmation of upper GI GVHD&#xD;
- &gt;1000 -1500 mL diarrhea per day&#xD;
- &gt;1500 mL diarrhea per day&#xD;
- &gt;1500 mL diarrhea per day plus severe abdominal pain with or without ileus&#xD;
Overall Clinical Grading of Severity of acute GVHD Grade IV: 0-4 Skin, 2-4 Liver, and/or 2-4 GI</description>
        <time_frame>Within 100 days after the last DLI</time_frame>
        <population>No subjects were enrolled onto Group 2D because the dose escalation was not triggered before the study closed to accrual.</population>
        <group_list>
          <group group_id="O1">
            <title>Group 1A (Pentostatin, DLI Dose Level 1)</title>
            <description>Patients receive pentostatin IV over 20-30 minutes on day -2 and DLI (1x10^7 CD3+ cells/kg) over 15-30 minutes on day 0. Treatment may repeat once beginning with an escalated or same CD3-dose at least 4 weeks if persistent donor T-cells are documented, no GvHD has developed, and the chimerism status worsens or, if chimerism status is unchanged after at least 8 weeks with two subsequent tests of chimerism 4 weeks apart.&#xD;
Pentostatin: Given IV&#xD;
Therapeutic Allogeneic Lymphocytes: Given IV</description>
          </group>
          <group group_id="O2">
            <title>Group 1B (Pentostatin, DLI Dose Level 2)</title>
            <description>Patients receive pentostatin IV over 20-30 minutes on day -2 and DLI (3x10^7 CD3+ cells/kg) over 15-30 minutes on day 0. Treatment may repeat once beginning with an escalated or same CD3-dose at least 4 weeks if persistent donor T-cells are documented, no GvHD has developed, and the chimerism status worsens or, if chimerism status is unchanged after at least 8 weeks with two subsequent tests of chimerism 4 weeks apart.&#xD;
Pentostatin: Given IV&#xD;
Therapeutic Allogeneic Lymphocytes: Given IV</description>
          </group>
          <group group_id="O3">
            <title>Group 2C (Pentostatin, DLI Dose Level 1, Add'l IS)</title>
            <description>Patients receive treatment as in group 1A. Patients also receive cyclosporine PO BID on days -3 to 56 and mycophenolate mofetil PO QD on days 0 to 27. Treatment continues in the absence of GvHD.&#xD;
Pentostatin: Given IV&#xD;
Therapeutic Allogeneic Lymphocytes: Given IV</description>
          </group>
          <group group_id="O4">
            <title>Group 2D (Pentostatin, DLI Dose Level 2, Add'l IS)</title>
            <description>Patients receive treatment as in group 1B. Patients also receive cyclosporine PO BID on days -3 to 56 and mycophenolate mofetil PO QD on days 0 to 27. Treatment continues in the absence of GvHD.&#xD;
Pentostatin: Given IV&#xD;
Therapeutic Allogeneic Lymphocytes: Given IV</description>
          </group>
        </group_list>
        <measure>
          <title>Incidence of Grade IV Acute GVHD</title>
          <description>Clinical Stage of acute GVHD according to Organ System&#xD;
Skin:&#xD;
- Maculopapular rash &lt;25% of body surface&#xD;
- Maculopapular rash 25-50% of body surface&#xD;
- Maculopapular rash &gt;50% body surface area or generalized erythroderma&#xD;
- Generalized erythroderma with bullous formation and desquamation&#xD;
Liver:&#xD;
- Bilirubin 2-3 mg/dl&#xD;
- Bilirubin 3.1-6 mg/dl&#xD;
- Bilirubin 6.1-15 mg/dl&#xD;
- Bilirubin &gt;15 mg/dl&#xD;
Gut:&#xD;
- &gt;500-1000 mL diarrhea per day or (nausea, anorexia or vomiting with biopsy (EGD) confirmation of upper GI GVHD&#xD;
- &gt;1000 -1500 mL diarrhea per day&#xD;
- &gt;1500 mL diarrhea per day&#xD;
- &gt;1500 mL diarrhea per day plus severe abdominal pain with or without ileus&#xD;
Overall Clinical Grading of Severity of acute GVHD Grade IV: 0-4 Skin, 2-4 Liver, and/or 2-4 GI</description>
          <population>No subjects were enrolled onto Group 2D because the dose escalation was not triggered before the study closed to accrual.</population>
          <units>percentage of participants</units>
          <param>Number</param>
          <analyzed_list>
            <analyzed>
              <units>Participants</units>
              <scope>Measure</scope>
              <count_list>
                <count group_id="O1" value="20"/>
                <count group_id="O2" value="10"/>
                <count group_id="O3" value="6"/>
                <count group_id="O4" value="0"/>
              </count_list>
            </analyzed>
          </analyzed_list>
          <class_list>
            <class>
              <category_list>
                <category>
                  <measurement_list>
                    <measurement group_id="O1" value="5"/>
                    <measurement group_id="O2" value="0"/>
                    <measurement group_id="O3" value="0"/>
                  </measurement_list>
                </category>
              </category_list>
            </class>
          </class_list>
        </measure>
      </outcome>
      <outcome>
        <type>Secondary</type>
        <title>Incidence of GVHD</title>
        <description>Percentage patients with acute or chronic GVHD.&#xD;
The diagnosis of chronic GVHD requires at least one manifestation that is distinctive for chronic GVHD as opposed to acute GVHD. In all cases, infection and others causes must be ruled out in the differential diagnosis of chronic GVHD.</description>
        <time_frame>1 year after DLI</time_frame>
        <population>No subjects were enrolled onto Group 2D because the dose escalation was not triggered before the study closed to accrual.</population>
        <group_list>
          <group group_id="O1">
            <title>Group 1A (Pentostatin, DLI Dose Level 1)</title>
            <description>Patients receive pentostatin IV over 20-30 minutes on day -2 and DLI (1x10^7 CD3+ cells/kg) over 15-30 minutes on day 0. Treatment may repeat once beginning with an escalated or same CD3-dose at least 4 weeks if persistent donor T-cells are documented, no GvHD has developed, and the chimerism status worsens or, if chimerism status is unchanged after at least 8 weeks with two subsequent tests of chimerism 4 weeks apart.&#xD;
Pentostatin: Given IV&#xD;
Therapeutic Allogeneic Lymphocytes: Given IV</description>
          </group>
          <group group_id="O2">
            <title>Group 1B (Pentostatin, DLI Dose Level 2)</title>
            <description>Patients receive pentostatin IV over 20-30 minutes on day -2 and DLI (3x10^7 CD3+ cells/kg) over 15-30 minutes on day 0. Treatment may repeat once beginning with an escalated or same CD3-dose at least 4 weeks if persistent donor T-cells are documented, no GvHD has developed, and the chimerism status worsens or, if chimerism status is unchanged after at least 8 weeks with two subsequent tests of chimerism 4 weeks apart.&#xD;
Pentostatin: Given IV&#xD;
Therapeutic Allogeneic Lymphocytes: Given IV</description>
          </group>
          <group group_id="O3">
            <title>Group 2C (Pentostatin, DLI Dose Level 1, Add'l IS)</title>
            <description>Patients receive treatment as in group 1A. Patients also receive cyclosporine PO BID on days -3 to 56 and mycophenolate mofetil PO QD on days 0 to 27. Treatment continues in the absence of GvHD.&#xD;
Pentostatin: Given IV&#xD;
Therapeutic Allogeneic Lymphocytes: Given IV</description>
          </group>
          <group group_id="O4">
            <title>Group 2D (Pentostatin, DLI Dose Level 2, Add'l IS)</title>
            <description>Patients receive treatment as in group 1B. Patients also receive cyclosporine PO BID on days -3 to 56 and mycophenolate mofetil PO QD on days 0 to 27. Treatment continues in the absence of GvHD.&#xD;
Pentostatin: Given IV&#xD;
Therapeutic Allogeneic Lymphocytes: Given IV</description>
          </group>
        </group_list>
        <measure>
          <title>Incidence of GVHD</title>
          <description>Percentage patients with acute or chronic GVHD.&#xD;
The diagnosis of chronic GVHD requires at least one manifestation that is distinctive for chronic GVHD as opposed to acute GVHD. In all cases, infection and others causes must be ruled out in the differential diagnosis of chronic GVHD.</description>
          <population>No subjects were enrolled onto Group 2D because the dose escalation was not triggered before the study closed to accrual.</population>
          <units>percentage of participants</units>
          <param>Number</param>
          <analyzed_list>
            <analyzed>
              <units>Participants</units>
              <scope>Measure</scope>
              <count_list>
                <count group_id="O1" value="20"/>
                <count group_id="O2" value="10"/>
                <count group_id="O3" value="6"/>
                <count group_id="O4" value="0"/>
              </count_list>
            </analyzed>
          </analyzed_list>
          <class_list>
            <class>
              <title>aGVHD</title>
              <category_list>
                <category>
                  <measurement_list>
                    <measurement group_id="O1" value="20"/>
                    <measurement group_id="O2" value="0"/>
                    <measurement group_id="O3" value="0"/>
                  </measurement_list>
                </category>
              </category_list>
            </class>
            <class>
              <title>cGVHD</title>
              <category_list>
                <category>
                  <measurement_list>
                    <measurement group_id="O1" value="50"/>
                    <measurement group_id="O2" value="20"/>
                    <measurement group_id="O3" value="16.7"/>
                  </measurement_list>
                </category>
              </category_list>
            </class>
          </class_list>
        </measure>
      </outcome>
      <outcome>
        <type>Secondary</type>
        <title>Incidence of Infections</title>
        <time_frame>100 days after DLI</time_frame>
        <population>No subjects were enrolled onto Group 2D because the dose escalation was not triggered before the study closed to accrual.</population>
        <group_list>
          <group group_id="O1">
            <title>Group 1A (Pentostatin, DLI Dose Level 1)</title>
            <description>Patients receive pentostatin IV over 20-30 minutes on day -2 and DLI (1x10^7 CD3+ cells/kg) over 15-30 minutes on day 0. Treatment may repeat once beginning with an escalated or same CD3-dose at least 4 weeks if persistent donor T-cells are documented, no GvHD has developed, and the chimerism status worsens or, if chimerism status is unchanged after at least 8 weeks with two subsequent tests of chimerism 4 weeks apart.&#xD;
Pentostatin: Given IV&#xD;
Therapeutic Allogeneic Lymphocytes: Given IV</description>
          </group>
          <group group_id="O2">
            <title>Group 1B (Pentostatin, DLI Dose Level 2)</title>
            <description>Patients receive pentostatin IV over 20-30 minutes on day -2 and DLI (3x10^7 CD3+ cells/kg) over 15-30 minutes on day 0. Treatment may repeat once beginning with an escalated or same CD3-dose at least 4 weeks if persistent donor T-cells are documented, no GvHD has developed, and the chimerism status worsens or, if chimerism status is unchanged after at least 8 weeks with two subsequent tests of chimerism 4 weeks apart.&#xD;
Pentostatin: Given IV&#xD;
Therapeutic Allogeneic Lymphocytes: Given IV</description>
          </group>
          <group group_id="O3">
            <title>Group 2C (Pentostatin, DLI Dose Level 1, Add'l IS)</title>
            <description>Patients receive treatment as in group 1A. Patients also receive cyclosporine PO BID on days -3 to 56 and mycophenolate mofetil PO QD on days 0 to 27. Treatment continues in the absence of GvHD.&#xD;
Pentostatin: Given IV&#xD;
Therapeutic Allogeneic Lymphocytes: Given IV</description>
          </group>
          <group group_id="O4">
            <title>Group 2D (Pentostatin, DLI Dose Level 2, Add'l IS)</title>
            <description>Patients receive treatment as in group 1B. Patients also receive cyclosporine PO BID on days -3 to 56 and mycophenolate mofetil PO QD on days 0 to 27. Treatment continues in the absence of GvHD.&#xD;
Pentostatin: Given IV&#xD;
Therapeutic Allogeneic Lymphocytes: Given IV</description>
          </group>
        </group_list>
        <measure>
          <title>Incidence of Infections</title>
          <population>No subjects were enrolled onto Group 2D because the dose escalation was not triggered before the study closed to accrual.</population>
          <units>percentage of participants</units>
          <param>Number</param>
          <analyzed_list>
            <analyzed>
              <units>Participants</units>
              <scope>Measure</scope>
              <count_list>
                <count group_id="O1" value="20"/>
                <count group_id="O2" value="10"/>
                <count group_id="O3" value="6"/>
                <count group_id="O4" value="0"/>
              </count_list>
            </analyzed>
          </analyzed_list>
          <class_list>
            <class>
              <category_list>
                <category>
                  <measurement_list>
                    <measurement group_id="O1" value="80"/>
                    <measurement group_id="O2" value="70"/>
                    <measurement group_id="O3" value="33.3"/>
                  </measurement_list>
                </category>
              </category_list>
            </class>
          </class_list>
        </measure>
      </outcome>
      <outcome>
        <type>Secondary</type>
        <title>Incidence of Relapse/Progression</title>
        <description>CML Acquisition of a new cytogenetic abnormality and/or development of accelerated phase or blast crisis. Criteria for accelerated phase: unexplained fever &gt;38.3° C, new clonal cytogenetic abnormalities in addition to a single Ph-positive chromosome, BM blasts and promyelocytes &gt;20%.&#xD;
AML, ALL, CMML &gt;30% BM blasts w/ deteriorating performance status, or worsening of anemia, neutropenia, or thrombocytopenia.&#xD;
CLL Progressive disease: ≥1 of: physical exam/imaging studies (nodes, liver, and/or spleen) ≥50% increase or new, circulating lymphocytes by morphology and/or flow cytometry ≥50% increase, and lymph node biopsy w/ Richter's transformation.&#xD;
NHL &gt;25% increase in the sum of the products of the perpendicular diameters of marker lesions, or the appearance of new lesions.&#xD;
MM&#xD;
≥100% increase of the serum myeloma protein from its lowest level, or reappearance of myeloma peaks that had disappeared w/ tx; or definite increase in the size/number of plasmacytomas or lytic bone lesions.</description>
        <time_frame>1 year after DLI</time_frame>
        <population>No subjects were enrolled onto Group 2D because the dose escalation was not triggered before the study closed to accrual.</population>
        <group_list>
          <group group_id="O1">
            <title>Group 1A (Pentostatin, DLI Dose Level 1)</title>
            <description>Patients receive pentostatin IV over 20-30 minutes on day -2 and DLI (1x10^7 CD3+ cells/kg) over 15-30 minutes on day 0. Treatment may repeat once beginning with an escalated or same CD3-dose at least 4 weeks if persistent donor T-cells are documented, no GvHD has developed, and the chimerism status worsens or, if chimerism status is unchanged after at least 8 weeks with two subsequent tests of chimerism 4 weeks apart.&#xD;
Pentostatin: Given IV&#xD;
Therapeutic Allogeneic Lymphocytes: Given IV</description>
          </group>
          <group group_id="O2">
            <title>Group 1B (Pentostatin, DLI Dose Level 2)</title>
            <description>Patients receive pentostatin IV over 20-30 minutes on day -2 and DLI (3x10^7 CD3+ cells/kg) over 15-30 minutes on day 0. Treatment may repeat once beginning with an escalated or same CD3-dose at least 4 weeks if persistent donor T-cells are documented, no GvHD has developed, and the chimerism status worsens or, if chimerism status is unchanged after at least 8 weeks with two subsequent tests of chimerism 4 weeks apart.&#xD;
Pentostatin: Given IV&#xD;
Therapeutic Allogeneic Lymphocytes: Given IV</description>
          </group>
          <group group_id="O3">
            <title>Group 2C (Pentostatin, DLI Dose Level 1, Add'l IS)</title>
            <description>Patients receive treatment as in group 1A. Patients also receive cyclosporine PO BID on days -3 to 56 and mycophenolate mofetil PO QD on days 0 to 27. Treatment continues in the absence of GvHD.&#xD;
Pentostatin: Given IV&#xD;
Therapeutic Allogeneic Lymphocytes: Given IV</description>
          </group>
          <group group_id="O4">
            <title>Group 2D (Pentostatin, DLI Dose Level 2, Add'l IS)</title>
            <description>Patients receive treatment as in group 1B. Patients also receive cyclosporine PO BID on days -3 to 56 and mycophenolate mofetil PO QD on days 0 to 27. Treatment continues in the absence of GvHD.&#xD;
Pentostatin: Given IV&#xD;
Therapeutic Allogeneic Lymphocytes: Given IV</description>
          </group>
        </group_list>
        <measure>
          <title>Incidence of Relapse/Progression</title>
          <description>CML Acquisition of a new cytogenetic abnormality and/or development of accelerated phase or blast crisis. Criteria for accelerated phase: unexplained fever &gt;38.3° C, new clonal cytogenetic abnormalities in addition to a single Ph-positive chromosome, BM blasts and promyelocytes &gt;20%.&#xD;
AML, ALL, CMML &gt;30% BM blasts w/ deteriorating performance status, or worsening of anemia, neutropenia, or thrombocytopenia.&#xD;
CLL Progressive disease: ≥1 of: physical exam/imaging studies (nodes, liver, and/or spleen) ≥50% increase or new, circulating lymphocytes by morphology and/or flow cytometry ≥50% increase, and lymph node biopsy w/ Richter's transformation.&#xD;
NHL &gt;25% increase in the sum of the products of the perpendicular diameters of marker lesions, or the appearance of new lesions.&#xD;
MM&#xD;
≥100% increase of the serum myeloma protein from its lowest level, or reappearance of myeloma peaks that had disappeared w/ tx; or definite increase in the size/number of plasmacytomas or lytic bone lesions.</description>
          <population>No subjects were enrolled onto Group 2D because the dose escalation was not triggered before the study closed to accrual.</population>
          <units>percentage of participants</units>
          <param>Number</param>
          <analyzed_list>
            <analyzed>
              <units>Participants</units>
              <scope>Measure</scope>
              <count_list>
                <count group_id="O1" value="20"/>
                <count group_id="O2" value="10"/>
                <count group_id="O3" value="6"/>
                <count group_id="O4" value="0"/>
              </count_list>
            </analyzed>
          </analyzed_list>
          <class_list>
            <class>
              <category_list>
                <category>
                  <measurement_list>
                    <measurement group_id="O1" value="45"/>
                    <measurement group_id="O2" value="20"/>
                    <measurement group_id="O3" value="33.3"/>
                  </measurement_list>
                </category>
              </category_list>
            </class>
          </class_list>
        </measure>
      </outcome>
      <outcome>
        <type>Secondary</type>
        <title>Survival</title>
        <description>Percentage patients surviving.</description>
        <time_frame>1 year after DLI</time_frame>
        <population>No subjects were enrolled onto Group 2D because the dose escalation was not triggered before the study closed to accrual.</population>
        <group_list>
          <group group_id="O1">
            <title>Group 1A (Pentostatin, DLI Dose Level 1)</title>
            <description>Patients receive pentostatin IV over 20-30 minutes on day -2 and DLI (1x10^7 CD3+ cells/kg) over 15-30 minutes on day 0. Treatment may repeat once beginning with an escalated or same CD3-dose at least 4 weeks if persistent donor T-cells are documented, no GvHD has developed, and the chimerism status worsens or, if chimerism status is unchanged after at least 8 weeks with two subsequent tests of chimerism 4 weeks apart.&#xD;
Pentostatin: Given IV&#xD;
Therapeutic Allogeneic Lymphocytes: Given IV</description>
          </group>
          <group group_id="O2">
            <title>Group 1B (Pentostatin, DLI Dose Level 2)</title>
            <description>Patients receive pentostatin IV over 20-30 minutes on day -2 and DLI (3x10^7 CD3+ cells/kg) over 15-30 minutes on day 0. Treatment may repeat once beginning with an escalated or same CD3-dose at least 4 weeks if persistent donor T-cells are documented, no GvHD has developed, and the chimerism status worsens or, if chimerism status is unchanged after at least 8 weeks with two subsequent tests of chimerism 4 weeks apart.&#xD;
Pentostatin: Given IV&#xD;
Therapeutic Allogeneic Lymphocytes: Given IV</description>
          </group>
          <group group_id="O3">
            <title>Group 2C (Pentostatin, DLI Dose Level 1, Add'l IS)</title>
            <description>Patients receive treatment as in group 1A. Patients also receive cyclosporine PO BID on days -3 to 56 and mycophenolate mofetil PO QD on days 0 to 27. Treatment continues in the absence of GvHD.&#xD;
Pentostatin: Given IV&#xD;
Therapeutic Allogeneic Lymphocytes: Given IV</description>
          </group>
          <group group_id="O4">
            <title>Group 2D (Pentostatin, DLI Dose Level 2, Add'l IS)</title>
            <description>Patients receive treatment as in group 1B. Patients also receive cyclosporine PO BID on days -3 to 56 and mycophenolate mofetil PO QD on days 0 to 27. Treatment continues in the absence of GvHD.&#xD;
Pentostatin: Given IV&#xD;
Therapeutic Allogeneic Lymphocytes: Given IV</description>
          </group>
        </group_list>
        <measure>
          <title>Survival</title>
          <description>Percentage patients surviving.</description>
          <population>No subjects were enrolled onto Group 2D because the dose escalation was not triggered before the study closed to accrual.</population>
          <units>percentage of participants</units>
          <param>Number</param>
          <analyzed_list>
            <analyzed>
              <units>Participants</units>
              <scope>Measure</scope>
              <count_list>
                <count group_id="O1" value="20"/>
                <count group_id="O2" value="10"/>
                <count group_id="O3" value="6"/>
                <count group_id="O4" value="0"/>
              </count_list>
            </analyzed>
          </analyzed_list>
          <class_list>
            <class>
              <category_list>
                <category>
                  <measurement_list>
                    <measurement group_id="O1" value="60"/>
                    <measurement group_id="O2" value="90"/>
                    <measurement group_id="O3" value="66.7"/>
                  </measurement_list>
                </category>
              </category_list>
            </class>
          </class_list>
        </measure>
      </outcome>
    </outcome_list>

    <reported_events>
      <time_frame>AEs: Conditioning through Day 100; SAEs: Conditioning through Day 200</time_frame>
      <desc>One incident of GVHD was incorrectly reported as an SAE, as it is an expected complication of DLI. This patient outcome is recorded under deaths.</desc>
      <group_list>
        <group group_id="E1">
          <title>Group 1A (Pentostatin, DLI Dose Level 1)</title>
          <description>Patients receive pentostatin IV over 20-30 minutes on day -2 and DLI (1x10^7 CD3+ cells/kg) over 15-30 minutes on day 0. Treatment may repeat once beginning with an escalated or same CD3-dose at least 4 weeks if persistent donor T-cells are documented, no GvHD has developed, and the chimerism status worsens or, if chimerism status is unchanged after at least 8 weeks with two subsequent tests of chimerism 4 weeks apart.&#xD;
Pentostatin: Given IV&#xD;
Therapeutic Allogeneic Lymphocytes: Given IV</description>
        </group>
        <group group_id="E2">
          <title>Group 1B (Pentostatin, DLI Dose Level 2)</title>
          <description>Patients receive pentostatin IV over 20-30 minutes on day -2 and DLI (3x10^7 CD3+ cells/kg) over 15-30 minutes on day 0. Treatment may repeat once beginning with an escalated or same CD3-dose at least 4 weeks if persistent donor T-cells are documented, no GvHD has developed, and the chimerism status worsens or, if chimerism status is unchanged after at least 8 weeks with two subsequent tests of chimerism 4 weeks apart.&#xD;
Pentostatin: Given IV&#xD;
Therapeutic Allogeneic Lymphocytes: Given IV</description>
        </group>
        <group group_id="E3">
          <title>Group 2C (Pentostatin, DLI Dose Level 1, Add'l IS)</title>
          <description>Patients receive treatment as in group 1A. Patients also receive cyclosporine PO BID on days -3 to 56 and mycophenolate mofetil PO QD on days 0 to 27. Treatment continues in the absence of GvHD.&#xD;
Pentostatin: Given IV&#xD;
Therapeutic Allogeneic Lymphocytes: Given IV</description>
        </group>
        <group group_id="E4">
          <title>Group 2D (Pentostatin, DLI Dose Level 2, Add'l IS)</title>
          <description>Patients receive treatment as in group 1B. Patients also receive cyclosporine PO BID on days -3 to 56 and mycophenolate mofetil PO QD on days 0 to 27. Treatment continues in the absence of GvHD.&#xD;
Pentostatin: Given IV&#xD;
Therapeutic Allogeneic Lymphocytes: Given IV</description>
        </group>
      </group_list>
      <serious_events>
        <default_assessment>Systematic Assessment</default_assessment>
        <category_list>
          <category>
            <title>Total</title>
            <event_list>
              <event>
                <sub_title>Total, serious adverse events</sub_title>
                <counts group_id="E1" subjects_affected="6" subjects_at_risk="20"/>
                <counts group_id="E2" subjects_affected="0" subjects_at_risk="10"/>
                <counts group_id="E3" subjects_affected="0" subjects_at_risk="6"/>
                <counts group_id="E4" subjects_affected="0" subjects_at_risk="0"/>
              </event>
            </event_list>
          </category>
          <category>
            <title>Blood and lymphatic system disorders</title>
            <event_list>
              <event>
                <sub_title>Anemia</sub_title>
                <counts group_id="E1" events="1" subjects_affected="1" subjects_at_risk="20"/>
                <counts group_id="E2" events="0" subjects_affected="0" subjects_at_risk="10"/>
                <counts group_id="E3" events="0" subjects_affected="0" subjects_at_risk="6"/>
                <counts group_id="E4" events="0" subjects_affected="0" subjects_at_risk="0"/>
              </event>
              <event>
                <sub_title>Hemolytic uremic syndrome</sub_title>
                <counts group_id="E1" events="1" subjects_affected="1" subjects_at_risk="20"/>
                <counts group_id="E2" events="0" subjects_affected="0" subjects_at_risk="10"/>
                <counts group_id="E3" events="0" subjects_affected="0" subjects_at_risk="6"/>
                <counts group_id="E4" events="0" subjects_affected="0" subjects_at_risk="0"/>
              </event>
            </event_list>
          </category>
          <category>
            <title>Cardiac disorders</title>
            <event_list>
              <event>
                <sub_title>Atrial fibrillation</sub_title>
                <counts group_id="E1" events="1" subjects_affected="1" subjects_at_risk="20"/>
                <counts group_id="E2" events="0" subjects_affected="0" subjects_at_risk="10"/>
                <counts group_id="E3" events="0" subjects_affected="0" subjects_at_risk="6"/>
                <counts group_id="E4" events="0" subjects_affected="0" subjects_at_risk="0"/>
              </event>
            </event_list>
          </category>
          <category>
            <title>Immune system disorders</title>
            <event_list>
              <event>
                <sub_title>GVHD</sub_title>
                <counts group_id="E1" events="1" subjects_affected="1" subjects_at_risk="20"/>
                <counts group_id="E2" events="0" subjects_affected="0" subjects_at_risk="10"/>
                <counts group_id="E3" events="0" subjects_affected="0" subjects_at_risk="6"/>
                <counts group_id="E4" events="0" subjects_affected="0" subjects_at_risk="0"/>
              </event>
            </event_list>
          </category>
          <category>
            <title>Nervous system disorders</title>
            <event_list>
              <event>
                <sub_title>Peripheral motor neuropathy</sub_title>
                <counts group_id="E1" events="1" subjects_affected="1" subjects_at_risk="20"/>
                <counts group_id="E2" events="0" subjects_affected="0" subjects_at_risk="10"/>
                <counts group_id="E3" events="0" subjects_affected="0" subjects_at_risk="6"/>
                <counts group_id="E4" events="0" subjects_affected="0" subjects_at_risk="0"/>
              </event>
            </event_list>
          </category>
          <category>
            <title>Respiratory, thoracic and mediastinal disorders</title>
            <event_list>
              <event>
                <sub_title>Hypoxia</sub_title>
                <counts group_id="E1" events="1" subjects_affected="1" subjects_at_risk="20"/>
                <counts group_id="E2" events="0" subjects_affected="0" subjects_at_risk="10"/>
                <counts group_id="E3" events="0" subjects_affected="0" subjects_at_risk="6"/>
                <counts group_id="E4" events="0" subjects_affected="0" subjects_at_risk="0"/>
              </event>
            </event_list>
          </category>
        </category_list>
      </serious_events>
      <other_events>
        <frequency_threshold>0</frequency_threshold>
        <default_assessment>Systematic Assessment</default_assessment>
        <category_list>
          <category>
            <title>Total</title>
            <event_list>
              <event>
                <sub_title>Total, other adverse events</sub_title>
                <counts group_id="E1" subjects_affected="10" subjects_at_risk="20"/>
                <counts group_id="E2" subjects_affected="2" subjects_at_risk="10"/>
                <counts group_id="E3" subjects_affected="2" subjects_at_risk="6"/>
                <counts group_id="E4" subjects_affected="0" subjects_at_risk="0"/>
              </event>
            </event_list>
          </category>
          <category>
            <title>Blood and lymphatic system disorders</title>
            <event_list>
              <event>
                <sub_title>Anemia</sub_title>
                <counts group_id="E1" events="1" subjects_affected="1" subjects_at_risk="20"/>
                <counts group_id="E2" events="0" subjects_affected="0" subjects_at_risk="10"/>
                <counts group_id="E3" events="0" subjects_affected="0" subjects_at_risk="6"/>
                <counts group_id="E4" events="0" subjects_affected="0" subjects_at_risk="0"/>
              </event>
              <event>
                <sub_title>Febrile neutropenia</sub_title>
                <counts group_id="E1" events="1" subjects_affected="1" subjects_at_risk="20"/>
                <counts group_id="E2" events="0" subjects_affected="0" subjects_at_risk="10"/>
                <counts group_id="E3" events="0" subjects_affected="0" subjects_at_risk="6"/>
                <counts group_id="E4" events="0" subjects_affected="0" subjects_at_risk="0"/>
              </event>
              <event>
                <sub_title>Hemolysis</sub_title>
                <counts group_id="E1" events="1" subjects_affected="1" subjects_at_risk="20"/>
                <counts group_id="E2" events="0" subjects_affected="0" subjects_at_risk="10"/>
                <counts group_id="E3" events="1" subjects_affected="1" subjects_at_risk="6"/>
                <counts group_id="E4" events="0" subjects_affected="0" subjects_at_risk="0"/>
              </event>
              <event>
                <sub_title>Thrombotic thrombocytopenic purpura</sub_title>
                <counts group_id="E1" events="1" subjects_affected="1" subjects_at_risk="20"/>
                <counts group_id="E2" events="0" subjects_affected="0" subjects_at_risk="10"/>
                <counts group_id="E3" events="0" subjects_affected="0" subjects_at_risk="6"/>
                <counts group_id="E4" events="0" subjects_affected="0" subjects_at_risk="0"/>
              </event>
            </event_list>
          </category>
          <category>
            <title>Cardiac disorders</title>
            <event_list>
              <event>
                <sub_title>Cardiac troponin I increased</sub_title>
                <counts group_id="E1" events="1" subjects_affected="1" subjects_at_risk="20"/>
                <counts group_id="E2" events="0" subjects_affected="0" subjects_at_risk="10"/>
                <counts group_id="E3" events="0" subjects_affected="0" subjects_at_risk="6"/>
                <counts group_id="E4" events="0" subjects_affected="0" subjects_at_risk="0"/>
              </event>
            </event_list>
          </category>
          <category>
            <title>Gastrointestinal disorders</title>
            <event_list>
              <event>
                <sub_title>Gastric hemorrhage</sub_title>
                <counts group_id="E1" events="3" subjects_affected="2" subjects_at_risk="20"/>
                <counts group_id="E2" events="0" subjects_affected="0" subjects_at_risk="10"/>
                <counts group_id="E3" events="0" subjects_affected="0" subjects_at_risk="6"/>
                <counts group_id="E4" events="0" subjects_affected="0" subjects_at_risk="0"/>
              </event>
              <event>
                <sub_title>Ileal obstruction</sub_title>
                <counts group_id="E1" events="1" subjects_affected="1" subjects_at_risk="20"/>
                <counts group_id="E2" events="0" subjects_affected="0" subjects_at_risk="10"/>
                <counts group_id="E3" events="0" subjects_affected="0" subjects_at_risk="6"/>
                <counts group_id="E4" events="0" subjects_affected="0" subjects_at_risk="0"/>
              </event>
            </event_list>
          </category>
          <category>
            <title>General disorders</title>
            <event_list>
              <event>
                <sub_title>Fever</sub_title>
                <counts group_id="E1" events="0" subjects_affected="0" subjects_at_risk="20"/>
                <counts group_id="E2" events="1" subjects_affected="1" subjects_at_risk="10"/>
                <counts group_id="E3" events="0" subjects_affected="0" subjects_at_risk="6"/>
                <counts group_id="E4" events="0" subjects_affected="0" subjects_at_risk="0"/>
              </event>
            </event_list>
          </category>
          <category>
            <title>Infections and infestations</title>
            <event_list>
              <event>
                <sub_title>Small intestine infection</sub_title>
                <counts group_id="E1" events="1" subjects_affected="1" subjects_at_risk="20"/>
                <counts group_id="E2" events="0" subjects_affected="0" subjects_at_risk="10"/>
                <counts group_id="E3" events="0" subjects_affected="0" subjects_at_risk="6"/>
                <counts group_id="E4" events="0" subjects_affected="0" subjects_at_risk="0"/>
              </event>
            </event_list>
          </category>
          <category>
            <title>Investigations</title>
            <event_list>
              <event>
                <sub_title>Blood bilirubin increased</sub_title>
                <counts group_id="E1" events="2" subjects_affected="2" subjects_at_risk="20"/>
                <counts group_id="E2" events="0" subjects_affected="0" subjects_at_risk="10"/>
                <counts group_id="E3" events="1" subjects_affected="1" subjects_at_risk="6"/>
                <counts group_id="E4" events="0" subjects_affected="0" subjects_at_risk="0"/>
              </event>
              <event>
                <sub_title>Creatinine increased</sub_title>
                <counts group_id="E1" events="1" subjects_affected="1" subjects_at_risk="20"/>
                <counts group_id="E2" events="0" subjects_affected="0" subjects_at_risk="10"/>
                <counts group_id="E3" events="0" subjects_affected="0" subjects_at_risk="6"/>
                <counts group_id="E4" events="0" subjects_affected="0" subjects_at_risk="0"/>
              </event>
              <event>
                <sub_title>Forced expiratory volume decreased</sub_title>
                <counts group_id="E1" events="1" subjects_affected="1" subjects_at_risk="20"/>
                <counts group_id="E2" events="0" subjects_affected="0" subjects_at_risk="10"/>
                <counts group_id="E3" events="0" subjects_affected="0" subjects_at_risk="6"/>
                <counts group_id="E4" events="0" subjects_affected="0" subjects_at_risk="0"/>
              </event>
              <event>
                <sub_title>Investigations - Other, (Pancytopenia)</sub_title>
                <counts group_id="E1" events="1" subjects_affected="1" subjects_at_risk="20"/>
                <counts group_id="E2" events="0" subjects_affected="0" subjects_at_risk="10"/>
                <counts group_id="E3" events="0" subjects_affected="0" subjects_at_risk="6"/>
                <counts group_id="E4" events="0" subjects_affected="0" subjects_at_risk="0"/>
              </event>
            </event_list>
          </category>
          <category>
            <title>Renal and urinary disorders</title>
            <event_list>
              <event>
                <sub_title>Acute kidney injury</sub_title>
                <counts group_id="E1" events="1" subjects_affected="1" subjects_at_risk="20"/>
                <counts group_id="E2" events="0" subjects_affected="0" subjects_at_risk="10"/>
                <counts group_id="E3" events="0" subjects_affected="0" subjects_at_risk="6"/>
                <counts group_id="E4" events="0" subjects_affected="0" subjects_at_risk="0"/>
              </event>
            </event_list>
          </category>
          <category>
            <title>Respiratory, thoracic and mediastinal disorders</title>
            <event_list>
              <event>
                <sub_title>Hypoxia</sub_title>
                <counts group_id="E1" events="3" subjects_affected="3" subjects_at_risk="20"/>
                <counts group_id="E2" events="1" subjects_affected="1" subjects_at_risk="10"/>
                <counts group_id="E3" events="0" subjects_affected="0" subjects_at_risk="6"/>
                <counts group_id="E4" events="0" subjects_affected="0" subjects_at_risk="0"/>
              </event>
            </event_list>
          </category>
          <category>
            <title>Vascular disorders</title>
            <event_list>
              <event>
                <sub_title>Hypotension</sub_title>
                <counts group_id="E1" events="2" subjects_affected="2" subjects_at_risk="20"/>
                <counts group_id="E2" events="0" subjects_affected="0" subjects_at_risk="10"/>
                <counts group_id="E3" events="0" subjects_affected="0" subjects_at_risk="6"/>
                <counts group_id="E4" events="0" subjects_affected="0" subjects_at_risk="0"/>
              </event>
            </event_list>
          </category>
        </category_list>
      </other_events>
    </reported_events>

    <certain_agreements>
      <pi_employee>All Principal Investigators ARE employed by the organization sponsoring the study.</pi_employee>
      <restrictive_agreement>There is NOT an agreement between Principal Investigators and the Sponsor (or its agents) that restricts the PI's rights to discuss or publish trial results after the trial is completed. </restrictive_agreement>
    </certain_agreements>
    <point_of_contact>
      <name_or_title>Dr. Brenda M. Sandmaier</name_or_title>
      <organization>Fred Hutchinson Cancer Research Center</organization>
      <phone>(206) 667-4961</phone>
      <email>bsandmai@fhcrc.org</email>
    </point_of_contact>
  </clinical_results>
</clinical_study>

