<?xml version="1.0" encoding="UTF-8"?>
<clinical_study rank="91">
  <!-- This xml conforms to an XML Schema at:
    https://clinicaltrials.gov/ct2/html/images/info/public.xsd -->
  <required_header>
    <download_date>ClinicalTrials.gov processed this data on February 06, 2024</download_date>
    <link_text>Link to the current ClinicalTrials.gov record.</link_text>
    <url>https://clinicaltrials.gov/ct2/show/NCT03363399</url>
  </required_header>
  <id_info>
    <org_study_id>38RC17.249</org_study_id>
    <secondary_id>2017-A02361-52</secondary_id>
    <nct_id>NCT03363399</nct_id>
  </id_info>
  <brief_title>Flow Cytometric Analysis of Peripheral Blood Neutrophil Myeloperoxidase Expression and Myelodysplastic Syndromes</brief_title>
  <acronym>MPO-MDS-PILOT</acronym>
  <official_title>Flow Cytometric Analysis of Peripheral Blood Neutrophil Myeloperoxidase Expression for Ruling Out Myelodysplastic Syndromes: A Pilot Diagnostic Accuracy Study</official_title>
  <sponsors>
    <lead_sponsor>
      <agency>University Hospital, Grenoble</agency>
      <agency_class>Other</agency_class>
    </lead_sponsor>
  </sponsors>
  <source>University Hospital, Grenoble</source>
  <oversight_info>
    <has_dmc>No</has_dmc>
    <is_fda_regulated_drug>No</is_fda_regulated_drug>
    <is_fda_regulated_device>No</is_fda_regulated_device>
  </oversight_info>
  <brief_summary>
    <textblock>
      Myelodysplastic syndromes (MDS) constitute a heterogeneous group of clonal bone marrow&#xD;
      neoplasms that predominate in the elderly, with a median age at diagnosis of 70 years. MDS&#xD;
      are characterized by peripheral blood cytopenia and morphologic dysplasia for one or more&#xD;
      hematopoietic cell lineage, reflecting ineffective hematopoiesis.&#xD;
&#xD;
      The diagnostic work-up of MDS includes a bone marrow aspirate and biopsy, which is an&#xD;
      invasive procedure, for cytomorphologic and cytogenetic evaluations. Because the prevalence&#xD;
      of disease is lower than 20% in subjects referred for suspected MDS, many patients are&#xD;
      exposed to unnecessary bone marrow aspiration-related discomfort and harms.&#xD;
&#xD;
      An objective assay is highly desirable for accurately ruling out MDS based on peripheral&#xD;
      blood samples, which may obviate the need for invasive bone marrow aspiration and biopsy in&#xD;
      patients with negative results.&#xD;
&#xD;
      Few studies have investigated the value of peripheral blood flow cytometric analysis for the&#xD;
      diagnosis of MDS and/or chronic myelomonocytic leukemia (CMML). Although promising, these&#xD;
      studies lacked replication of their results, used a case-control design, which was prone to&#xD;
      spectrum bias, or yielded imprecise diagnostic accuracy estimates due to relatively limited&#xD;
      sample sizes.&#xD;
&#xD;
      Anecdotal evidence supports the potential of flow cytometric analysis of peripheral blood&#xD;
      neutrophil myeloperoxidase expression for the diagnosis of MDS and CMML. Myeloperoxidase is&#xD;
      an enzyme synthetized during myeloid differentiation that constitutes the major component of&#xD;
      neutrophil azurophilic granules. Myeloperoxidase expression may reflect neutrophil&#xD;
      hypogranulation, which is a classical although subjective dysplastic feature of MDS. Flow&#xD;
      cytometric analysis of myeloperoxidase expression in bone marrow neutrophil granulocytes has&#xD;
      been used for discriminating low versus high grade MDS. Yet a study reporting on the accuracy&#xD;
      of flow cytometric analysis of peripheral blood neutrophil myeloperoxidase expression for the&#xD;
      diagnosis of MDS is still lacking, to our knowledge.&#xD;
&#xD;
      In this study, the investigators hypothesize that flow cytometric analysis of neutrophil&#xD;
      myeloperoxidase expression in peripheral blood may accurately rule out MDS and obviate the&#xD;
      need for bone marrow aspiration and biopsy, with sensitivity approaching 100%, in routine&#xD;
      practice.&#xD;
&#xD;
      In this observational diagnostic accuracy study, burden will be null for recruited patients.&#xD;
      No specific intervention is assigned to participants. All diagnostic testing, procedures, and&#xD;
      medication ordering are performed at the discretion of attending physicians. Flow cytometry&#xD;
      analysis of peripheral blood neutrophil myeloperoxidase expression will not require&#xD;
      additional blood sample. A test result will have no impact on patient management. No&#xD;
      follow-up visits are planned in this cross-sectional study.&#xD;
    </textblock>
  </brief_summary>
  <detailed_description>
    <textblock>
      The primary objective of MPO-MDS-pilot study is to estimate the accuracy of flow cytometric&#xD;
      analysis of neutrophil myeloperoxidase expression in peripheral blood for the diagnosis of&#xD;
      myelodysplastic syndromes (MDS) and/or chronic myelomonocytic leukemia (CMML).&#xD;
&#xD;
      The secondary objectives are:&#xD;
&#xD;
        1. to provide accuracy estimates for prespecified thresholds of neutrophil myeloperoxidase&#xD;
           expression in peripheral blood in ruling out MDS and/or CMML.&#xD;
&#xD;
        2. to estimate the prevalence of alternate diagnosis established by bone marrow&#xD;
           cytomorphology.&#xD;
&#xD;
      The MPO-MDS-pilot project is a multicenter, phase II, cross-sectional, diagnostic accuracy&#xD;
      study of consecutive unselected patients referred for suspected MDS or CMML.&#xD;
&#xD;
      Screening: All consecutive patients referred to the immuno-hematology lab at the study sites&#xD;
      for suspicion of MDS will be screened for eligibility. A lab physician will review inclusion&#xD;
      and exclusion criteria, using computerized medical and laboratory records.&#xD;
&#xD;
      Recruitment: Participants will be included in the study once all the screening activities&#xD;
      have been conducted and only if the patient meets all inclusion and none exclusion criteria.&#xD;
      The consent for flow cytometry analysis of peripheral blood sample and data collection&#xD;
      through chart review will be sought under a regime of &quot;non-opposition&quot; (opt-out): after&#xD;
      appropriate written information is delivered, cross-sectional data will be collected except&#xD;
      in case of opposition from the patient. All patients included in the study will be assigned a&#xD;
      unique patient identification number. This number will be used to identify the patient&#xD;
      throughout the study.&#xD;
&#xD;
      Index test: Flow cytometry analysis of neutrophil myeloperoxidase expression in peripheral&#xD;
      blood will be performed within 24 h of MDS diagnostic evaluation and blinded to the reference&#xD;
      standard.&#xD;
&#xD;
      Reference standard: The diagnosis of MDS will be established according to the World Health&#xD;
      Organization (WHO) classification, based on clinical data, peripheral blood cytopenia,&#xD;
      cytomorphology of peripheral blood and bone marrow aspirate, and cytogenetic analysis. The&#xD;
      criteria for MDS diagnosis are 1) the presence of ≥10% dysplastic cells in any hematopoietic&#xD;
      lineage, 2) the exclusion of acute myeloid leukemia (defined by the presence of ≥20%&#xD;
      peripheral blood or bone marrow blasts), and 3) the exclusion of reactive etiologies of&#xD;
      dysplasia. Cytopenia is defined by hemoglobin concentration &lt;10 g/dL, platelet count&#xD;
      &lt;100x109/L, and/or absolute neutrophil count &lt;1.8 x109/L. Yet a diagnosis of MDS could be&#xD;
      made with milder levels of cytopenia. Idiopathic cytopenia of uncertain significance (ICUS)&#xD;
      is defined by unexplained mild persistent cytopenia for at least 6 months and the failure to&#xD;
      establish the diagnosis to MDS according to published guidelines. Consistent with WHO&#xD;
      classification, MDS subcategorization will rely on the degree of dysplasia (unilineage versus&#xD;
      multilineage), blast percentages, presence of ring sideroblasts, and cytogenetic analysis&#xD;
      (del(5q)). The criteria for CMML diagnosis are 1) the presence of persistent peripheral blood&#xD;
      monocytosis ≥1 x109/L, and 2) monocyte accounting for more than 10% of the white blood cell&#xD;
      differential count. Evaluation of bone marrow cytomorphology will be performed prospectively&#xD;
      by experienced hematopathologists who are blinded to the index test results.&#xD;
&#xD;
      Patients with confirmed suspicion of MDS: Participants for whom the diagnosis of MDS (or&#xD;
      CMML) is confirmed by the reference standard will be categorized as patients with confirmed&#xD;
      suspicion of MDS.&#xD;
&#xD;
      Patients with unconfirmed suspicion of MDS: Participants for whom the diagnosis of MDS (or&#xD;
      CMML) is ruled out by the reference standard will be categorized as patients with unconfirmed&#xD;
      suspicion of MDS. This latter subgroup will include patients with ICUS, as defined in&#xD;
      accordance with published guidelines&#xD;
&#xD;
      Follow-up: No follow-up visit is planned in this cross-sectional diagnostic accuracy study.&#xD;
    </textblock>
  </detailed_description>
  <overall_status>Completed</overall_status>
  <start_date type="Actual">February 22, 2018</start_date>
  <completion_date type="Actual">September 6, 2018</completion_date>
  <primary_completion_date type="Actual">September 6, 2018</primary_completion_date>
  <study_type>Observational</study_type>
  <has_expanded_access>No</has_expanded_access>
  <study_design_info>
    <observational_model>Cohort</observational_model>
    <time_perspective>Cross-Sectional</time_perspective>
  </study_design_info>
  <primary_outcome>
    <measure>Area under the Receiver Operating Characteristic (ROC) curve of neutrophil myeloperoxidase expression in peripheral blood</measure>
    <time_frame>Baseline</time_frame>
    <description>The primary outcome is the discrimination of the index test (i.e., flow cytometry analysis of neutrophil myeloperoxidase expression in peripheral blood) for the diagnosis of myelodysplastic syndromes (MDS) or chronic myelomonocytic leukemia (CMLL) quantified by the area under the ROC curve point estimate along with its 95% confidence interval.</description>
  </primary_outcome>
  <secondary_outcome>
    <measure>Sensitivity point estimates (along with 95% confidence interval) of neutrophil myeloperoxidase expression in peripheral blood for the diagnosis of MDS or CMML</measure>
    <time_frame>Baseline</time_frame>
  </secondary_outcome>
  <secondary_outcome>
    <measure>Specificity point estimates (along with 95% confidence interval) of neutrophil myeloperoxidase expression in peripheral blood for the diagnosis of MDS or CMML</measure>
    <time_frame>Baseline</time_frame>
  </secondary_outcome>
  <secondary_outcome>
    <measure>Negative predictive value point estimates (along with 95% confidence interval) of neutrophil myeloperoxidase expression in peripheral blood for the diagnosis of MDS or CMML</measure>
    <time_frame>Baseline</time_frame>
  </secondary_outcome>
  <secondary_outcome>
    <measure>Positive predictive value point estimates (along with 95% confidence interval) of neutrophil myeloperoxidase expression in peripheral blood for the diagnosis of MDS or CMML</measure>
    <time_frame>Baseline</time_frame>
  </secondary_outcome>
  <secondary_outcome>
    <measure>Prevalence point estimate (along with 95% confidence interval) for alternate diagnosis established by bone marrow cytomorphology.</measure>
    <time_frame>Baseline</time_frame>
  </secondary_outcome>
  <enrollment type="Actual">60</enrollment>
  <condition>Myelodysplastic Syndromes</condition>
  <condition>Chronic Myelomonocytic Leukemia</condition>
  <intervention>
    <intervention_type>Diagnostic Test</intervention_type>
    <intervention_name>Flow cytometry analysis of neutrophil myeloperoxidase expression</intervention_name>
    <description>Flow cytometry analysis of neutrophil myeloperoxidase expression in peripheral blood samples will be performed within 24 h of MDS diagnostic evaluation and blinded to the reference standard. Peripheral blood samples will be collected in 5 ml (EDTA) anticoagulant plastic tubes and processed within 24 h maximum of collection. The samples will be stored at 4°C overnight.&#xD;
Blood samples containing at least 105 neutrophils will be incubated with a panel of antibodies conjugated to fluorochromes, according to the manufacturers' recommendations.&#xD;
At least 10,000 cell events will be acquired on a 3-laser, 8-color flow cytometer and analyzed using Becton Dickinson (BD) Fluorescence-activated cell sorting (FACS) Diva Software version 6. Each marker will be expressed as median, geometric and arithmetic mean, regular and robust coefficient of variation.</description>
  </intervention>
  <eligibility>
    <study_pop>
      <textblock>
        Eligible participants are consecutive unselected adults of 50 years of age or more and who&#xD;
        are referred for suspected MDS or CMML. Suspicion of MDS or CMML is based on medical&#xD;
        history and peripheral blood cytopenia.&#xD;
&#xD;
        To be eligible, patients will be required to meet all three inclusion criteria and none of&#xD;
        the exclusion criteria. Yet, patients with milder levels of cytopenia might by eligible&#xD;
        based on medical history.&#xD;
      </textblock>
    </study_pop>
    <sampling_method>Probability Sample</sampling_method>
    <criteria>
      <textblock>
        Inclusion Criteria:&#xD;
&#xD;
          -  Age ≥50 years;&#xD;
&#xD;
          -  Clinical suspicion of myelodysplastic syndromes (MDS) and / or chronic myelomonocytic&#xD;
             leukemia (CMML);&#xD;
&#xD;
          -  Peripheral blood cytopenia defined by hemoglobin concentration &lt;10 g/dL, platelet&#xD;
             count &lt;100 x109/L, and/or absolute neutrophil count &lt;1.8 x109/L.&#xD;
&#xD;
        Exclusion Criteria:&#xD;
&#xD;
          -  History of or active documented MDS or CMML;&#xD;
&#xD;
          -  Admission to the intensive care unit;&#xD;
&#xD;
          -  Suspicion of hematological disease other than MDS requiring bone marrow aspirate&#xD;
             and/or biopsy (i.e., acute leukemia,…);&#xD;
&#xD;
          -  Absolute neutrophil count &lt;0.5 x109/L;&#xD;
&#xD;
          -  Not affiliated with a social security system;&#xD;
&#xD;
          -  Homelessness;&#xD;
&#xD;
          -  Incarcerated;&#xD;
&#xD;
          -  Inability to understand research information and/or to provide non-opposition, because&#xD;
             of language restriction, dementia, or altered mental status;&#xD;
&#xD;
          -  Refusal to participate;&#xD;
&#xD;
          -  Previous enrollment in the study.&#xD;
      </textblock>
    </criteria>
    <gender>All</gender>
    <minimum_age>50 Years</minimum_age>
    <maximum_age>N/A</maximum_age>
    <healthy_volunteers>No</healthy_volunteers>
  </eligibility>
  <overall_official>
    <last_name>Tatiana Raskovalova, MD</last_name>
    <role>Study Chair</role>
    <affiliation>Centre Hospitalier Universitaire Grenoble Alpes, France</affiliation>
  </overall_official>
  <overall_official>
    <last_name>Richard Veyrat-Masson, MD</last_name>
    <role>Principal Investigator</role>
    <affiliation>Centre Hospitalier Universitaire Clermont-Ferrand, France</affiliation>
  </overall_official>
  <overall_official>
    <last_name>Sophie Park, MD</last_name>
    <role>Principal Investigator</role>
    <affiliation>Centre Hospitalier Universitaire Grenoble Alpes, France</affiliation>
  </overall_official>
  <overall_official>
    <last_name>Marc Berger, MD</last_name>
    <role>Principal Investigator</role>
    <affiliation>Centre Hospitalier Universitaire Clermont-Ferrand, France</affiliation>
  </overall_official>
  <overall_official>
    <last_name>Jean-Yves Cesbron, MD</last_name>
    <role>Principal Investigator</role>
    <affiliation>Centre Hospitalier Universitaire Grenoble Alpes, France</affiliation>
  </overall_official>
  <overall_official>
    <last_name>Marie-Christine Jacob, MD</last_name>
    <role>Principal Investigator</role>
    <affiliation>Centre Hospitalier Universitaire Grenoble Alpes, France</affiliation>
  </overall_official>
  <location>
    <facility>
      <name>Centre Hospitalier Universitaire Estaing</name>
      <address>
        <city>Clermont-Ferrand</city>
        <zip>63003</zip>
        <country>France</country>
      </address>
    </facility>
  </location>
  <location>
    <facility>
      <name>Centre Hospitalier Universitaire Grenoble Alpes</name>
      <address>
        <city>Grenoble</city>
        <zip>38043</zip>
        <country>France</country>
      </address>
    </facility>
  </location>
  <location_countries>
    <country>France</country>
  </location_countries>
  <verification_date>September 2018</verification_date>
  <study_first_submitted>November 17, 2017</study_first_submitted>
  <study_first_submitted_qc>December 5, 2017</study_first_submitted_qc>
  <study_first_posted type="Actual">December 6, 2017</study_first_posted>
  <last_update_submitted>September 24, 2018</last_update_submitted>
  <last_update_submitted_qc>September 24, 2018</last_update_submitted_qc>
  <last_update_posted type="Actual">September 25, 2018</last_update_posted>
  <responsible_party>
    <responsible_party_type>Sponsor</responsible_party_type>
  </responsible_party>
  <keyword>Diagnostic accuracy study</keyword>
  <keyword>Flow cytometry analysis</keyword>
  <keyword>Myeloperoxidase</keyword>
  <keyword>Peripheral blood sample</keyword>
  <condition_browse>
    <!-- CAUTION:  The following MeSH terms are assigned with an imperfect algorithm            -->
    <mesh_term>Preleukemia</mesh_term>
    <mesh_term>Leukemia, Myelomonocytic, Chronic</mesh_term>
    <mesh_term>Leukemia, Myelomonocytic, Juvenile</mesh_term>
    <mesh_term>Myelodysplastic Syndromes</mesh_term>
    <mesh_term>Syndrome</mesh_term>
  </condition_browse>
  <patient_data>
    <sharing_ipd>Yes</sharing_ipd>
    <ipd_description>The principal investigators will respond directly to data requests by providing a de-identified data set. Individual participant data that underlie the results reported in the published articles (i.e., main text, tables, figures, and appendices) will be supplied.</ipd_description>
    <ipd_info_type>Study Protocol</ipd_info_type>
    <ipd_info_type>Statistical Analysis Plan (SAP)</ipd_info_type>
    <ipd_time_frame>Beginning 12 months after publication of the main findings of the final dataset.&#xD;
No end date.</ipd_time_frame>
    <ipd_access_criteria>De-identified data will be available for individual participant data meta-analysis purpose.&#xD;
Researchers should submit a methodologically sound proposal that complies with the Preferred Reporting Items for Systematic Review and Meta-Analysis Protocols (PRISMA-P) 2015 statement. Proposals should be directed to TRaskovalova@chu-grenoble.fr. Data requestors will need to sign a data access agreement.</ipd_access_criteria>
  </patient_data>
  <!-- Results have not yet been posted for this study                                          -->
</clinical_study>

