<?xml version="1.0" encoding="UTF-8"?>
<clinical_study rank="78">
  <!-- This xml conforms to an XML Schema at:
    https://clinicaltrials.gov/ct2/html/images/info/public.xsd -->
  <required_header>
    <download_date>ClinicalTrials.gov processed this data on February 06, 2024</download_date>
    <link_text>Link to the current ClinicalTrials.gov record.</link_text>
    <url>https://clinicaltrials.gov/ct2/show/NCT04734990</url>
  </required_header>
  <id_info>
    <org_study_id>2020-0487</org_study_id>
    <secondary_id>NCI-2020-14163</secondary_id>
    <secondary_id>2020-0487</secondary_id>
    <nct_id>NCT04734990</nct_id>
  </id_info>
  <brief_title>Seclidemstat and Azacitidine for the Treatment of Myelodysplastic Syndrome or Chronic Myelomonocytic Leukemia</brief_title>
  <official_title>Phase I/II Study of SP-2577 (Seclidemstat) in Combination With Azacitidine for Patients With Myelodysplastic Syndromes and Chronic Myelomonocytic Leukemia</official_title>
  <sponsors>
    <lead_sponsor>
      <agency>M.D. Anderson Cancer Center</agency>
      <agency_class>Other</agency_class>
    </lead_sponsor>
  </sponsors>
  <source>M.D. Anderson Cancer Center</source>
  <oversight_info>
    <has_dmc>Yes</has_dmc>
    <is_fda_regulated_drug>Yes</is_fda_regulated_drug>
    <is_fda_regulated_device>No</is_fda_regulated_device>
  </oversight_info>
  <brief_summary>
    <textblock>
      This phase I/II trial identifies the best dose of seclidemstat when given together with&#xD;
      azacitidine in treating patients with myelodysplastic syndrome or chronic myelomonocytic&#xD;
      leukemia. Seclidemstat may stop the growth of cancer cells by blocking some of the enzymes&#xD;
      needed for cell growth. Azacitidine may help block the formation of growths that may become&#xD;
      cancer. Giving seclidemstat and azacytidine may kill more cancer cells.&#xD;
    </textblock>
  </brief_summary>
  <detailed_description>
    <textblock>
      PRIMARY OBJECTIVES:&#xD;
&#xD;
      I. To determine the safety, tolerability and maximum tolerable dose (MTD) of seclidemstat in&#xD;
      combination with azacitidine.&#xD;
&#xD;
      II. To assess overall response rate (ORR) to seclidemstat in combination with azacitidine.&#xD;
&#xD;
      SECONDARY OBJECTIVES:&#xD;
&#xD;
      I. To assess overall survival (OS), duration of response (DOR), relapse-free survival (RFS),&#xD;
      and leukemia-free survival (LFS) and safety profile.&#xD;
&#xD;
      II. Correlative studies including correlation of response with disease subtypes, genomic&#xD;
      profile and in vitro studies.&#xD;
&#xD;
      OUTLINE: This is a phase I, dose-escalation study of seclidemstat followed by a phase II&#xD;
      dose-expansion study.&#xD;
&#xD;
      Patients receive azacitidine intravenously (IV) over 10-40 minutes or subcutaneously (SC) on&#xD;
      days 1-7. Patients also receive seclidemstat orally (PO) once daily (QD) on day 1 of cycle 1&#xD;
      and PO twice daily (BID) on days 2-28 of cycle 1 and on days 1-28 of all subsequent cycles.&#xD;
      There are 6 possbile dose levels for seclidemstat: 300 mg, 450 mg, 600 mg, 900 mg, 1200 mg&#xD;
      and 1500 mg. Successive cohorts of eligible patients will be treated with azacitidine until&#xD;
      the phase 2 recommended dose or maximum tolerated dose is determined. Cycles repeat every 28&#xD;
      days in the absence of disease progression or unacceptable toxicity.&#xD;
&#xD;
      After completion of study treatment, patients are followed up for 30 days, and then every 6&#xD;
      months thereafter&#xD;
    </textblock>
  </detailed_description>
  <overall_status>Recruiting</overall_status>
  <start_date type="Actual">July 7, 2021</start_date>
  <completion_date type="Anticipated">September 11, 2025</completion_date>
  <primary_completion_date type="Anticipated">September 11, 2025</primary_completion_date>
  <phase>Phase 1/Phase 2</phase>
  <study_type>Interventional</study_type>
  <study_design_info>
    <allocation>N/A</allocation>
    <intervention_model>Sequential Assignment</intervention_model>
    <primary_purpose>Treatment</primary_purpose>
    <masking>None (Open Label)</masking>
  </study_design_info>
  <primary_outcome>
    <measure>Overall response rate</measure>
    <time_frame>Up to the end of four cycles of treatment (1 cycle = 28 days)</time_frame>
    <description>Will be defined as complete response, partial response, marrow complete response, or hematological improvement. Will be estimated for all patients along with the 95% confidence interval.</description>
  </primary_outcome>
  <primary_outcome>
    <measure>Incidence of adverse events</measure>
    <time_frame>Up to 1 year</time_frame>
    <description>The severity of the toxicities will be graded according to National Cancer Institute Common Terminology Criteria for Adverse Events version 5.0. The number and percent of subjects with treatment-emergent adverse events will be summarized according to intensity and drug relationship, and categorized by System Organ Class and preferred term by dose level/part. All reported adverse events that occur after signing informed consent will be included in the analysis of all reported adverse events. Exposure to study drug and reasons for discontinuation of study drug will be tabulated.</description>
  </primary_outcome>
  <secondary_outcome>
    <measure>Overall survival</measure>
    <time_frame>Time from treatment start till death or last follow-up, assessed up to 1 year</time_frame>
    <description>Will be listed and summarized by the Kaplan-Meier estimator, if needed.</description>
  </secondary_outcome>
  <secondary_outcome>
    <measure>Duration of response</measure>
    <time_frame>Time from the first documented onset of partial response or complete response to the date of progressive disease/relapse, assessed up to 1 year</time_frame>
    <description>Will be listed and summarized by the Kaplan-Meier estimator, if needed.</description>
  </secondary_outcome>
  <secondary_outcome>
    <measure>Leukemia free survival</measure>
    <time_frame>Time from treatment start to transformation to acute myeloid leukemia or death, whichever comes first, assessed up to 1 year</time_frame>
    <description>Will be listed and summarized by the Kaplan-Meier estimator, if needed.</description>
  </secondary_outcome>
  <secondary_outcome>
    <measure>Relapse-free survival</measure>
    <time_frame>Time from start of response to the date of event defined as the first documented progressive disease/relapse or death, whichever comes first, assessed up to 1 year</time_frame>
    <description>Will be listed and summarized by the Kaplan-Meier estimator, if needed.</description>
  </secondary_outcome>
  <number_of_arms>1</number_of_arms>
  <enrollment type="Anticipated">44</enrollment>
  <condition>Chronic Myelomonocytic Leukemia-0</condition>
  <condition>Chronic Myelomonocytic Leukemia-1</condition>
  <condition>Chronic Myelomonocytic Leukemia-2</condition>
  <condition>Myelodysplastic Syndrome</condition>
  <condition>Recurrent Chronic Myelomonocytic Leukemia</condition>
  <condition>Recurrent Myelodysplastic Syndrome</condition>
  <arm_group>
    <arm_group_label>Treatment (azacitidine, seclidemstat)</arm_group_label>
    <arm_group_type>Experimental</arm_group_type>
    <description>Patients receive azacitidine IV over 10-40 minutes or SC on days 1-7. Patients also receive seclidemstat PO QD on day 1 of cycle 1 and PO BID on days 2-28 of cycle 1 and on days 1-28 of all subsequent cycles. There are 6 planned dose levels for seclidemstat: 300 mg, 450 mg, 600 mg, 900 mg, 1200 mg and 1500 mg. Successive cohorts of eligible patients will be treated with azacitidine. Cycles repeat every 28 days in the absence of disease progression or unacceptable toxicity.</description>
  </arm_group>
  <intervention>
    <intervention_type>Drug</intervention_type>
    <intervention_name>Azacitidine</intervention_name>
    <description>Given IV or SC</description>
    <arm_group_label>Treatment (azacitidine, seclidemstat)</arm_group_label>
    <other_name>5 AZC</other_name>
    <other_name>5-AC</other_name>
    <other_name>5-Azacytidine</other_name>
    <other_name>5-AZC</other_name>
    <other_name>Azacytidine</other_name>
    <other_name>Azacytidine, 5-</other_name>
    <other_name>Ladakamycin</other_name>
    <other_name>Mylosar</other_name>
    <other_name>Onureg</other_name>
    <other_name>U-18496</other_name>
    <other_name>Vidaza</other_name>
  </intervention>
  <intervention>
    <intervention_type>Drug</intervention_type>
    <intervention_name>Seclidemstat</intervention_name>
    <description>Given PO</description>
    <arm_group_label>Treatment (azacitidine, seclidemstat)</arm_group_label>
    <other_name>LSD1 Inhibitor SP-2577</other_name>
    <other_name>SP 2577</other_name>
    <other_name>SP-2577</other_name>
    <other_name>SP2577</other_name>
  </intervention>
  <eligibility>
    <criteria>
      <textblock>
        Inclusion Criteria:&#xD;
&#xD;
          -  Age &gt;= 18 years as myelodysplastic syndrome (MDS) is a very rare disease in the&#xD;
             pediatric setting&#xD;
&#xD;
          -  Diagnosis of MDS or chronic myelomonocytic leukemia (CMML) according to World Health&#xD;
             Organization (WHO) and:&#xD;
&#xD;
               -  MDS with int-1, int-2, or high risk by International Prognostic Scoring System&#xD;
                  (IPSS), or CMML-1/CMML-2 , myeloproliferative CMML (white blood cell [WBC] &gt;= 13&#xD;
                  x 10^9/L) or CMML-0 with high-risk molecular features (known mutations in ASXL1,&#xD;
                  SETBP1, RUNX1, NRAS, TP53 or more than 3 mutations).&#xD;
&#xD;
               -  No response after 6 cycles of azacitidine, decitabine, guadecitabine, ASTX030 or&#xD;
                  ASTX727 or relapse or progression after any number of cycles&#xD;
&#xD;
          -  Serum creatinine =&lt; 1.5 x upper limit of normal (ULN) OR creatinine clearance &gt;= 50&#xD;
             ml/min for patients with creatinine levels &gt; 1.5 x ULN&#xD;
&#xD;
          -  Adequate hepatic function with total bilirubin &lt; 2 x ULN (will allow less than 5 x ULN&#xD;
             if Gilbert's syndrome at investigator's discretion)&#xD;
&#xD;
          -  Aspartate aminotransferase (AST) or alanine aminotransferase (ALT) =&lt; 3 x ULN&#xD;
&#xD;
          -  Eastern Cooperative Oncology Group (ECOG) performance status 0-2&#xD;
&#xD;
          -  Patient (or patient's legally authorized representative) must have signed an informed&#xD;
             consent document indicating that the patient understands the purpose of and procedures&#xD;
             required for the study and is willing to participate in the study&#xD;
&#xD;
          -  Prior hydroxyurea for control of leukocytosis or use of hematopoietic growth factors&#xD;
             (e.g., granulocyte colony-stimulating factor [G-CSF], granulocyte-macrophage&#xD;
             colony-stimulating factor [GM-CSF], Procrit, Aranesp, thrombopoietins) is allowed at&#xD;
             any time prior to or during study if considered to be in the best interest of the&#xD;
             patient&#xD;
&#xD;
        Exclusion Criteria:&#xD;
&#xD;
          -  Uncontrolled infection not adequately responding to appropriate antibiotics&#xD;
&#xD;
          -  New York Heart Association (NYHA) class III or IV congestive heart failure or left&#xD;
             ventricular ejection fraction (LVEF) &lt; 50% by echocardiogram or multigated acquisition&#xD;
             (MUGA) scan&#xD;
&#xD;
          -  History of myocardial infarction within the last 6 months or unstable/uncontrolled&#xD;
             angina pectoris or history of severe and/or uncontrolled ventricular arrhythmias&#xD;
&#xD;
          -  Baseline corrected QT interval by Fridericia formula (QTcF) (Fridericia) &gt;= 450 msecs&#xD;
             and long QT syndrome or family history of idiopathic sudden death or congenital long&#xD;
             QT syndrome&#xD;
&#xD;
          -  Currently receiving any of the following substances and cannot be discontinued 14 days&#xD;
             for CYP inhibitors prior to cycle 1 day 1:&#xD;
&#xD;
               -  Moderate or strong inhibitors or inducers of major CYP isoenzymes, including&#xD;
                  grapefruit, grapefruit hybrids, pomelos, star fruit and Seville oranges&#xD;
&#xD;
               -  Moderate or strong inhibitors or inducers of major drug transporters&#xD;
&#xD;
               -  Substrates of CYP3A4/5 with a narrow therapeutic index&#xD;
&#xD;
          -  Female patients who are pregnant or lactating&#xD;
&#xD;
          -  Patients with reproductive potential who are unwilling to following contraception&#xD;
             requirements (including condom use for males with sexual partners, and for females:&#xD;
             prescription oral contraceptives [birth control pills], contraceptive injections,&#xD;
             intrauterine devices [IUD], double-barrier method [spermicidal jelly or foam with&#xD;
             condoms or diaphragm], contraceptive patch, or surgical sterilization) throughout the&#xD;
             study&#xD;
&#xD;
          -  Female patients with reproductive potential who do not have a negative urine or blood&#xD;
             beta-human chorionic gonadotropin (beta human chorionic gonadotropin [HCG]) pregnancy&#xD;
             test at screening&#xD;
&#xD;
          -  Patients receiving any other concurrent investigational agent or chemotherapy,&#xD;
             radiotherapy, or immunotherapy&#xD;
&#xD;
          -  Evidence of graft versus host disease or prior allogeneic (allo)-stem cell&#xD;
             transplantation within 6 months of cycle 1 day 1 or receiving immunosuppressants&#xD;
             following a stem-cell procedure&#xD;
&#xD;
          -  Patients known to be positive for hepatitis B surface antigen expression or with&#xD;
             active hepatitis C infection (positive by polymerase chain reaction or on antiviral&#xD;
             therapy for hepatitis C within the last 6 months). Patients with history of human&#xD;
             immunodeficiency virus (HIV) disease are also excluded from the study&#xD;
      </textblock>
    </criteria>
    <gender>All</gender>
    <minimum_age>18 Years</minimum_age>
    <maximum_age>N/A</maximum_age>
    <healthy_volunteers>No</healthy_volunteers>
  </eligibility>
  <overall_official>
    <last_name>Guillermo M Bravo</last_name>
    <role>Principal Investigator</role>
    <affiliation>M.D. Anderson Cancer Center</affiliation>
  </overall_official>
  <overall_contact>
    <last_name>Guillermo M. Bravo</last_name>
    <phone>713-794-3604</phone>
    <email>gmontalban1@mdanderson.org</email>
  </overall_contact>
  <location>
    <facility>
      <name>M D Anderson Cancer Center</name>
      <address>
        <city>Houston</city>
        <state>Texas</state>
        <zip>77030</zip>
        <country>United States</country>
      </address>
    </facility>
    <status>Recruiting</status>
    <contact>
      <last_name>Guillermo M. Bravo, M D</last_name>
      <phone>713-794-3604</phone>
    </contact>
    <investigator>
      <last_name>Guillermo M. Bravo, M D</last_name>
      <role>Principal Investigator</role>
    </investigator>
  </location>
  <location_countries>
    <country>United States</country>
  </location_countries>
  <link>
    <url>http://www.mdanderson.org</url>
    <description>M D Anderson Cancer Center</description>
  </link>
  <verification_date>November 2023</verification_date>
  <study_first_submitted>January 28, 2021</study_first_submitted>
  <study_first_submitted_qc>January 28, 2021</study_first_submitted_qc>
  <study_first_posted type="Actual">February 2, 2021</study_first_posted>
  <last_update_submitted>November 29, 2023</last_update_submitted>
  <last_update_submitted_qc>November 29, 2023</last_update_submitted_qc>
  <last_update_posted type="Actual">November 30, 2023</last_update_posted>
  <responsible_party>
    <responsible_party_type>Sponsor</responsible_party_type>
  </responsible_party>
  <condition_browse>
    <!-- CAUTION:  The following MeSH terms are assigned with an imperfect algorithm            -->
    <mesh_term>Leukemia</mesh_term>
    <mesh_term>Preleukemia</mesh_term>
    <mesh_term>Leukemia, Myelomonocytic, Acute</mesh_term>
    <mesh_term>Leukemia, Myelomonocytic, Chronic</mesh_term>
    <mesh_term>Leukemia, Myelomonocytic, Juvenile</mesh_term>
    <mesh_term>Myelodysplastic Syndromes</mesh_term>
    <mesh_term>Syndrome</mesh_term>
    <mesh_term>Recurrence</mesh_term>
  </condition_browse>
  <intervention_browse>
    <!-- CAUTION:  The following MeSH terms are assigned with an imperfect algorithm            -->
    <mesh_term>Azacitidine</mesh_term>
  </intervention_browse>
  <!-- Results have not yet been posted for this study                                          -->
</clinical_study>

