<?xml version="1.0" encoding="UTF-8"?>
<clinical_study rank="285">
  <!-- This xml conforms to an XML Schema at:
    https://clinicaltrials.gov/ct2/html/images/info/public.xsd -->
  <required_header>
    <download_date>ClinicalTrials.gov processed this data on February 06, 2024</download_date>
    <link_text>Link to the current ClinicalTrials.gov record.</link_text>
    <url>https://clinicaltrials.gov/ct2/show/NCT03326921</url>
  </required_header>
  <id_info>
    <org_study_id>9716</org_study_id>
    <secondary_id>NCI-2017-01054</secondary_id>
    <secondary_id>9716</secondary_id>
    <secondary_id>RG9217022</secondary_id>
    <nct_id>NCT03326921</nct_id>
  </id_info>
  <brief_title>HA-1 T TCR T Cell Immunotherapy for the Treatment of Patients With Relapsed or Refractory Acute Leukemia After Donor Stem Cell Transplant</brief_title>
  <official_title>Phase I Study of Adoptive Immunotherapy With CD8+ and CD4+ Memory T Cells Transduced to Express an HA-1-Specific T Cell Receptor (TCR) for Children and Adults With Recurrent Acute Leukemia After Allogeneic Hematopoietic Stem Cell Transplantation (HCT)</official_title>
  <sponsors>
    <lead_sponsor>
      <agency>Fred Hutchinson Cancer Center</agency>
      <agency_class>Other</agency_class>
    </lead_sponsor>
    <collaborator>
      <agency>HighPass Bio, Inc.</agency>
      <agency_class>Other</agency_class>
    </collaborator>
  </sponsors>
  <source>Fred Hutchinson Cancer Center</source>
  <oversight_info>
    <has_dmc>Yes</has_dmc>
    <is_fda_regulated_drug>Yes</is_fda_regulated_drug>
    <is_fda_regulated_device>No</is_fda_regulated_device>
  </oversight_info>
  <brief_summary>
    <textblock>
      This phase I trial studies the side effects and best dose of CD4+ and CD8+ HA-1 T cell&#xD;
      receptor (TCR) (HA-1 T TCR) T cells in treating patients with acute leukemia that persists,&#xD;
      has come back (recurrent) or does not respond to treatment (refractory) following donor stem&#xD;
      cell transplant. T cell receptor is a special protein on T cells that helps them recognize&#xD;
      proteins on other cells including leukemia. HA-1 is a protein that is present on the surface&#xD;
      of some peoples' blood cells, including leukemia. HA-1 T cell immunotherapy enables genes to&#xD;
      be added to the donor cells to make them recognize HA-1 markers on leukemia cells.&#xD;
    </textblock>
  </brief_summary>
  <detailed_description>
    <textblock>
      OUTLINE:&#xD;
&#xD;
      This is a dose-escalation study of CD4+ and CD8+ HA-1 TCR T cells.&#xD;
&#xD;
      Patients receive fludarabine for 1-3 doses 3-14 days prior to HA-1 TCR T cell administration.&#xD;
      Patients then receive CD4+ and CD8+ HA-1 TCR T cells intravenously (IV) over 1 hour.&#xD;
&#xD;
      After completion of study treatment, patients are followed up closely for 12 weeks and then&#xD;
      every 6 months for years 1-5, and every year for years 6-15.&#xD;
    </textblock>
  </detailed_description>
  <overall_status>Suspended</overall_status>
  <why_stopped>
    Pause in funding&#xD;
  </why_stopped>
  <start_date type="Actual">February 23, 2018</start_date>
  <completion_date type="Anticipated">July 16, 2025</completion_date>
  <primary_completion_date type="Anticipated">October 16, 2024</primary_completion_date>
  <phase>Phase 1</phase>
  <study_type>Interventional</study_type>
  <has_expanded_access>No</has_expanded_access>
  <study_design_info>
    <allocation>N/A</allocation>
    <intervention_model>Single Group Assignment</intervention_model>
    <primary_purpose>Treatment</primary_purpose>
    <masking>None (Open Label)</masking>
  </study_design_info>
  <primary_outcome>
    <measure>Feasibility of manufacturing minor H antigen (HA-1) T cell receptor (TCR) CD8+ and CD4+ T cells</measure>
    <time_frame>At time of T cell infusion (at day 0)</time_frame>
    <description>Proportion of participants for whom a HA-1 TCR T cell product can be produced.</description>
  </primary_outcome>
  <primary_outcome>
    <measure>Feasibility of administering minor H antigen (HA-1) T cell receptor (TCR) CD8+ and CD4+ T cells</measure>
    <time_frame>At time of T cell infusion (at day 0)</time_frame>
    <description>Proportion of participants for whom a HA-1 TCR T cell product can be administered.</description>
  </primary_outcome>
  <primary_outcome>
    <measure>Incidence of dose-limiting toxicities of HA-1 T cell receptor (TCR) T cells</measure>
    <time_frame>Up to 12 weeks after T-cell infusion</time_frame>
    <description>Toxicities will be graded according to the National Cancer Institute (NCI) Common Terminology Criteria for Adverse Events (CTCAE) version 4.</description>
  </primary_outcome>
  <secondary_outcome>
    <measure>Duration of in vivo persistence of transferred HA-1 T cell receptor (TCR) CD4+ T cells in peripheral blood</measure>
    <time_frame>Up to 1 year</time_frame>
    <description>Evaluated by tetramer and/or molecular tracking e.g. quantitative polymerase chain reaction (qPCR).</description>
  </secondary_outcome>
  <secondary_outcome>
    <measure>Duration of in vivo persistence of transferred HA-1 T cell receptor (TCR) CD8+ T cells in peripheral blood</measure>
    <time_frame>Up to 1 year</time_frame>
    <description>Evaluated by tetramer and/or molecular tracking e.g. qPCR.</description>
  </secondary_outcome>
  <secondary_outcome>
    <measure>Presence, proportion and persistence of HA-1 T cell receptor (TCR) CD4+ T cells in the bone marrow</measure>
    <time_frame>Up to 1 year</time_frame>
    <description>Evaluated by tetramer and/or molecular tracking e.g. qPCR.</description>
  </secondary_outcome>
  <secondary_outcome>
    <measure>Presence, proportion and persistence of HA-1 T cell receptor (TCR) CD8+ T cells in the bone marrow</measure>
    <time_frame>Up to 1 year</time_frame>
    <description>Evaluated by tetramer and/or molecular tracking e.g. qPCR.</description>
  </secondary_outcome>
  <secondary_outcome>
    <measure>Specific cytolytic activity of HA-1 T cell receptor (TCR) CD8+ and CD4+ T cells against HLA-A*0201+ HA-1+ target cells before adoptive T cell transfer</measure>
    <time_frame>At the time of T cell infusion (at day 0)</time_frame>
    <description>Assessed by in vitro chromium release assay or equivalent cytotoxicity assay.</description>
  </secondary_outcome>
  <secondary_outcome>
    <measure>Specific cytolytic activity of HA-1 T cell receptor (TCR) CD8+ and CD4+ T cells against HLA-A*0201+ HA-1+ target cells after adoptive T cell transfer</measure>
    <time_frame>Up to 1 year</time_frame>
    <description>By in vitro chromium release assay or flow cytometric degranulation assay (CD107a) using samples of peripheral blood and/or bone marrow collected from patients after adoptive T cell transfer.</description>
  </secondary_outcome>
  <secondary_outcome>
    <measure>Reduction of leukemia in the bone marrow in patients who have measurable leukemia in the marrow prior to HA-1 T cell receptor (TCR) T cell infusion</measure>
    <time_frame>Up to 1 year</time_frame>
    <description>Quantified by flow cytometry to determine percentage of leukemic cells in the marrow.</description>
  </secondary_outcome>
  <secondary_outcome>
    <measure>Reduction of recipient normal hematopoietic cells in the bone marrow in patients who have measurable recipient normal hematopoietic cells in the marrow prior to HA-1 T cell receptor (TCR) T cell infusion</measure>
    <time_frame>Up to 1 year</time_frame>
    <description>Quantified by variable number tandem repeat (VNTR) to determine percentage of normal recipient and donor cells in the marrow.</description>
  </secondary_outcome>
  <secondary_outcome>
    <measure>Proportion of patients who develop new or recurrent symptoms or signs of graft-versus-host disease</measure>
    <time_frame>Up to 1 year</time_frame>
    <description>Assessed using clinical evaluation and standard clinical graft versus host disease (GVHD) grading criteria</description>
  </secondary_outcome>
  <number_of_arms>1</number_of_arms>
  <enrollment type="Anticipated">24</enrollment>
  <condition>Juvenile Myelomonocytic Leukemia</condition>
  <condition>Recurrent Acute Biphenotypic Leukemia</condition>
  <condition>Recurrent Acute Undifferentiated Leukemia</condition>
  <condition>Recurrent Childhood Acute Lymphoblastic Leukemia</condition>
  <condition>Recurrent Childhood Acute Myeloid Leukemia</condition>
  <condition>Refractory Acute Lymphoblastic Leukemia</condition>
  <condition>Refractory Adult Acute Lymphoblastic Leukemia</condition>
  <condition>Blast Phase Chronic Myelogenous Leukemia, BCR-ABL1 Positive</condition>
  <condition>Recurrent Blastic Plasmacytoid Dendritic Cell Neoplasm</condition>
  <condition>Recurrent Myelodysplastic Syndrome</condition>
  <condition>Refractory Blastic Plasmacytoid Dendritic Cell Neoplasm</condition>
  <condition>Refractory Myelodysplastic Syndrome</condition>
  <condition>Acute Undifferentiated Leukemia</condition>
  <condition>Mixed Phenotype Acute Leukemia</condition>
  <condition>Recurrent Chronic Myelogenous Leukemia, BCR-ABL1 Positive</condition>
  <condition>Refractory Chronic Myelogenous Leukemia, BCR-ABL1 Positive</condition>
  <condition>Recurrent Acute Lymphoblastic Leukemia</condition>
  <condition>Recurrent Acute Myeloid Leukemia</condition>
  <condition>Myelodysplastic Syndrome</condition>
  <condition>Acute Myeloid Leukemia</condition>
  <condition>Acute Lymphoblastic Leukemia</condition>
  <condition>Acute Biphenotypic Leukemia</condition>
  <condition>Chronic Myeloid Leukemia</condition>
  <condition>Chronic Myelomonocytic Leukemia</condition>
  <condition>Minimal Residual Disease</condition>
  <condition>Recurrent Chronic Myelomonocytic Leukemia</condition>
  <condition>Recurrent Mixed Phenotype Acute Leukemia</condition>
  <condition>Leukemia</condition>
  <arm_group>
    <arm_group_label>Treatment (CD4+ and CD8+ HA-1 TCR T cells)</arm_group_label>
    <arm_group_type>Experimental</arm_group_type>
    <description>Patients receive fludarabine for 1-3 doses 3-14 days prior to HA-1 TCR T cell administration. Patients then receive CD4+ and CD8+ HA-1 TCR T cells IV over 1 hour.</description>
  </arm_group>
  <intervention>
    <intervention_type>Biological</intervention_type>
    <intervention_name>CD8+ and CD4+ Donor Memory T-cells-expressing HA1-Specific TCR</intervention_name>
    <description>Given IV</description>
    <arm_group_label>Treatment (CD4+ and CD8+ HA-1 TCR T cells)</arm_group_label>
    <other_name>CD8+ and CD4+ Donor Memory T-cells-expressing pRRLSIN iC9-HA1 TCR2-RQR-CD8</other_name>
    <other_name>HA-1 TCR CD8+ and CD4+ Tm Cells</other_name>
    <other_name>HA-1 TCR T Cells</other_name>
  </intervention>
  <intervention>
    <intervention_type>Drug</intervention_type>
    <intervention_name>Fludarabine</intervention_name>
    <description>Given IV</description>
    <arm_group_label>Treatment (CD4+ and CD8+ HA-1 TCR T cells)</arm_group_label>
    <other_name>Fluradosa</other_name>
    <other_name>2-Fluoro-9-beta-arabinofuranosyladenine</other_name>
    <other_name>2-Fluorovidarabine, 21679-14-1</other_name>
    <other_name>9-Beta-D-arabinofuranosyl-2-fluoro-9H-purin-6-amine</other_name>
    <other_name>9-Beta-D-arabinofuranosyl-2-fluoroadenine</other_name>
  </intervention>
  <intervention>
    <intervention_type>Other</intervention_type>
    <intervention_name>Laboratory Biomarker Analysis</intervention_name>
    <description>Correlative studies</description>
    <arm_group_label>Treatment (CD4+ and CD8+ HA-1 TCR T cells)</arm_group_label>
  </intervention>
  <eligibility>
    <criteria>
      <textblock>
        Inclusion Criteria:&#xD;
&#xD;
          -  Patient age 0-75 years at the time of enrollment.&#xD;
&#xD;
          -  Patients must express HLA-A*0201&#xD;
&#xD;
          -  Patients must have the HA-1(H) genotype (RS_1801284: A/G, A/A)&#xD;
&#xD;
          -  Patients must have an adult donor for HCT who is adequately HLA matched by&#xD;
             institutional standards (includes HLA-matched related or unrelated donors, and&#xD;
             HLA-mismatched family donors, including haploidentical donors) and is either:&#xD;
&#xD;
               -  HLA-A*0201 positive and HA-1(H) negative (RS_1801284: G/G) or&#xD;
&#xD;
               -  HLA-A*0201 negative&#xD;
&#xD;
          -  Patients who are currently undergoing or who previously underwent allogeneic HCT for&#xD;
&#xD;
               -  Acute myeloid leukemia (AML) of any subtype&#xD;
&#xD;
               -  Acute lymphoid leukemia (ALL) of any subtype&#xD;
&#xD;
               -  Mixed phenotype/undifferentiated/any other type of acute leukemia, including&#xD;
                  blastic plasmacytoid dendritic cell neoplasm&#xD;
&#xD;
               -  Chronic myeloid leukemia with a history of blast crisis and:&#xD;
&#xD;
                    -  With relapse or refractory disease (&gt;= 5% marrow blasts, or circulating&#xD;
                       blasts) at any time after HCT&#xD;
&#xD;
                    -  With persistent rising minimal residual disease (defined as detectable&#xD;
                       disease by morphology, flow cytometry, molecular or cytogenetic testing but&#xD;
                       &lt; 5% marrow blasts by morphology, no circulating blasts on &gt;= 2 of two&#xD;
                       consecutive tests), refractory or ineligible for treatment with tyrosine&#xD;
                       kinase inhibitors at any time after HCT&#xD;
&#xD;
               -  Myelodysplastic syndrome (MDS) of any subtype&#xD;
&#xD;
               -  Chronic myelomonocytic leukemia (CMML)&#xD;
&#xD;
               -  Juvenile myelomonocytic leukemia (JMML)&#xD;
&#xD;
          -  Patients must be able to understand and be willing to give informed consent;&#xD;
             decision-impaired adults may consent with their legally authorized representative;&#xD;
             parent or legal representative will be asked to consent for patients younger than 18&#xD;
             years old&#xD;
&#xD;
          -  Patients must agree to participate in long-term follow-up for up to 15 years if they&#xD;
             are enrolled in the study and receive T cell infusion&#xD;
&#xD;
          -  Patients who have relapsed or have MRD after HCT may receive other agents for&#xD;
             treatment of disease and remain eligible for the protocol&#xD;
&#xD;
          -  A specific performance status score is not required for enrolling on the protocol; a&#xD;
             delay in infusion of the HA-1 TCR T cells may be required for patients with low&#xD;
             performance status&#xD;
&#xD;
        DONOR SELECTION INCLUSION&#xD;
&#xD;
          -  Donor age &gt;= 18 years&#xD;
&#xD;
          -  Donors must be able to give informed consent&#xD;
&#xD;
          -  Patients must have an adult donor for HCT who is adequately HLA matched by&#xD;
             institutional standards (includes HLA-matched related or unrelated donors, and&#xD;
             HLA-mismatched family donors, including haploidentical donors) and is either:&#xD;
&#xD;
               -  HLA-A*0201 positive and HA-1(H) negative (RS_1801284: G/G) or&#xD;
&#xD;
               -  HLA-A*0201 negative&#xD;
&#xD;
        Exclusion Criteria:&#xD;
&#xD;
          -  Medical or psychological conditions that would make the patient unsuitable candidate&#xD;
             for cell therapy at the discretion of the principal investigator (PI)&#xD;
&#xD;
          -  Fertile patients unwilling to use contraception during and for 12 months after&#xD;
             treatment&#xD;
&#xD;
          -  Patients with a life expectancy &lt; 3 months of enrollment from coexisting disease other&#xD;
             than leukemia&#xD;
&#xD;
          -  Patients who develop grade IV acute GVHD or severe chronic GVHD following most recent&#xD;
             transplant prior to enrollment on the protocol&#xD;
&#xD;
          -  The presence of organ toxicities will not necessarily exclude patients from enrolling&#xD;
             on the protocol at the discretion of the PI; however, a delay in the infusion of HA-1&#xD;
             TCR T cells may be required&#xD;
&#xD;
        DONOR SELECTION EXCLUSION&#xD;
&#xD;
          -  Donors who are HIV-1, HIV-2, human T-lymphotropic virus (HTLV)-1, HTLV-2 seropositive&#xD;
             or with active hepatitis B or hepatitis C virus infection&#xD;
&#xD;
          -  Unrelated donor residing outside of the United States of America (USA) unless the&#xD;
             donor screening, testing and leukapheresis occur at an NMDP-affiliated and qualified&#xD;
             donor center and are facilitated by the NMDP.&#xD;
      </textblock>
    </criteria>
    <gender>All</gender>
    <minimum_age>N/A</minimum_age>
    <maximum_age>75 Years</maximum_age>
    <healthy_volunteers>No</healthy_volunteers>
  </eligibility>
  <overall_official>
    <last_name>Elizabeth Krakow</last_name>
    <role>Principal Investigator</role>
    <affiliation>Fred Hutch/University of Washington Cancer Consortium</affiliation>
  </overall_official>
  <location>
    <facility>
      <name>Fred Hutch/University of Washington Cancer Consortium</name>
      <address>
        <city>Seattle</city>
        <state>Washington</state>
        <zip>98109</zip>
        <country>United States</country>
      </address>
    </facility>
  </location>
  <location_countries>
    <country>United States</country>
  </location_countries>
  <verification_date>September 2023</verification_date>
  <study_first_submitted>October 5, 2017</study_first_submitted>
  <study_first_submitted_qc>October 25, 2017</study_first_submitted_qc>
  <study_first_posted type="Actual">October 31, 2017</study_first_posted>
  <last_update_submitted>September 26, 2023</last_update_submitted>
  <last_update_submitted_qc>September 26, 2023</last_update_submitted_qc>
  <last_update_posted type="Actual">September 28, 2023</last_update_posted>
  <responsible_party>
    <responsible_party_type>Sponsor</responsible_party_type>
  </responsible_party>
  <keyword>HA-1</keyword>
  <keyword>TCR</keyword>
  <keyword>Immunotherapy</keyword>
  <keyword>Leukemia</keyword>
  <condition_browse>
    <!-- CAUTION:  The following MeSH terms are assigned with an imperfect algorithm            -->
    <mesh_term>Leukemia</mesh_term>
    <mesh_term>Neoplasms</mesh_term>
    <mesh_term>Leukemia, Myeloid</mesh_term>
    <mesh_term>Leukemia, Myeloid, Acute</mesh_term>
    <mesh_term>Preleukemia</mesh_term>
    <mesh_term>Precursor Cell Lymphoblastic Leukemia-Lymphoma</mesh_term>
    <mesh_term>Leukemia, Lymphoid</mesh_term>
    <mesh_term>Leukemia, Myelogenous, Chronic, BCR-ABL Positive</mesh_term>
    <mesh_term>Leukemia, Myelomonocytic, Acute</mesh_term>
    <mesh_term>Leukemia, Myelomonocytic, Chronic</mesh_term>
    <mesh_term>Leukemia, Myelomonocytic, Juvenile</mesh_term>
    <mesh_term>Neoplasm, Residual</mesh_term>
    <mesh_term>Blast Crisis</mesh_term>
    <mesh_term>Leukemia, Biphenotypic, Acute</mesh_term>
    <mesh_term>Myelodysplastic Syndromes</mesh_term>
    <mesh_term>Syndrome</mesh_term>
    <mesh_term>Recurrence</mesh_term>
    <mesh_term>Acute Disease</mesh_term>
  </condition_browse>
  <intervention_browse>
    <!-- CAUTION:  The following MeSH terms are assigned with an imperfect algorithm            -->
    <mesh_term>Vidarabine</mesh_term>
    <mesh_term>Fludarabine</mesh_term>
    <mesh_term>Fludarabine phosphate</mesh_term>
  </intervention_browse>
  <patient_data>
    <sharing_ipd>No</sharing_ipd>
  </patient_data>
  <!-- Results have not yet been posted for this study                                          -->
</clinical_study>

