<?xml version="1.0" encoding="UTF-8"?>
<clinical_study rank="244">
  <!-- This xml conforms to an XML Schema at:
    https://clinicaltrials.gov/ct2/html/images/info/public.xsd -->
  <required_header>
    <download_date>ClinicalTrials.gov processed this data on February 06, 2024</download_date>
    <link_text>Link to the current ClinicalTrials.gov record.</link_text>
    <url>https://clinicaltrials.gov/ct2/show/NCT02010645</url>
  </required_header>
  <id_info>
    <org_study_id>2013-0590</org_study_id>
    <secondary_id>NCI-2014-01276</secondary_id>
    <nct_id>NCT02010645</nct_id>
  </id_info>
  <brief_title>Eltrombopag With Decitabine in Advanced Myelodysplastic Syndrome (MDS)</brief_title>
  <official_title>Phase II Study of Eltrombopag in Combination With Decitabine in Subjects With Advanced Myelodysplastic Syndrome</official_title>
  <sponsors>
    <lead_sponsor>
      <agency>M.D. Anderson Cancer Center</agency>
      <agency_class>Other</agency_class>
    </lead_sponsor>
    <collaborator>
      <agency>GlaxoSmithKline</agency>
      <agency_class>Industry</agency_class>
    </collaborator>
  </sponsors>
  <source>M.D. Anderson Cancer Center</source>
  <oversight_info>
    <has_dmc>No</has_dmc>
    <is_fda_regulated_drug>Yes</is_fda_regulated_drug>
    <is_fda_regulated_device>No</is_fda_regulated_device>
  </oversight_info>
  <brief_summary>
    <textblock>
      The goal of this clinical research study is to learn if eltrombopag given in combination with&#xD;
      decitabine can help to control advanced MDS. The safety of this study drug combination will&#xD;
      also be studied.&#xD;
    </textblock>
  </brief_summary>
  <detailed_description>
    <textblock>
      Study Drug Administration:&#xD;
&#xD;
      Each cycle is 28 days.&#xD;
&#xD;
      If you are found to be eligible to take part in this study, you will receive decitabine by&#xD;
      vein over 1 hour on Days 1-5 of each cycle.&#xD;
&#xD;
      You will also take eltrombopag capsules by mouth 1 time every day of each cycle. You should&#xD;
      take it on an empty stomach (1 hour before a meal or 2 hours after a meal) with 8 ounces (1&#xD;
      cup) of water.&#xD;
&#xD;
      Do not eat calcium-rich foods (such as dairy products and juices with added calcium), or take&#xD;
      other drugs (such as antacids) or supplements containing iron, calcium, aluminum, magnesium,&#xD;
      selenium, and/or zinc for 4 hours before or 4 hours after taking eltrombopag.&#xD;
&#xD;
      If a dose of eltrombopag is vomited, you should not make it up or re-take it on the same day.&#xD;
      If the morning dose is missed, it may be taken up until 5:00 PM on the same day.&#xD;
&#xD;
      Study Visits:&#xD;
&#xD;
      On Day 1 of each cycle:&#xD;
&#xD;
        -  You will have a physical exam.&#xD;
&#xD;
        -  Blood (about 2-3 teaspoons) will be drawn for routine tests.&#xD;
&#xD;
      On Days 8, 15, and 22 of Cycle 1 only, blood (about 2-3 teaspoons) will be drawn for routine&#xD;
      tests.&#xD;
&#xD;
      If the doctor thinks it is needed, on Day 1 of Cycles 2-4, then every 3 cycles (Cycles 7, 10,&#xD;
      13, and so on), you will also have a bone marrow aspirate/biopsy to check the status of the&#xD;
      disease and for cytogenetic testing.&#xD;
&#xD;
      If the doctor thinks it is needed, once each week blood (about 2-3 teaspoons) will be drawn&#xD;
      for routine tests.&#xD;
&#xD;
      End-of-Treatment Visit:&#xD;
&#xD;
      Within 5 days of your last dose of study drug, you will come to the clinic for an&#xD;
      end-of-treatment visit. The following procedures will be performed:&#xD;
&#xD;
        -  You will have a physical exam.&#xD;
&#xD;
        -  Blood (about 2-3 teaspoons) will be drawn for routine tests.&#xD;
&#xD;
        -  You will have a bone marrow aspirate/biopsy to check the status of the disease and for&#xD;
           cytogenetic testing.&#xD;
&#xD;
      Length of Study:&#xD;
&#xD;
      You may continue taking the study drugs for as long as the doctor thinks it is in your best&#xD;
      interest. You will no longer be able to take the study drugs if the disease gets worse, if&#xD;
      intolerable side effects occur, or if you are unable to follow study directions.&#xD;
&#xD;
      Your participation on the study will be over after the follow-up visits.&#xD;
&#xD;
      Follow-up Visit:&#xD;
&#xD;
      About 28 days after your last dose of study drugs, you will come to the clinic for a&#xD;
      follow-up visit. The following procedures will be performed:&#xD;
&#xD;
        -  You will have a physical exam.&#xD;
&#xD;
        -  Blood (about 2-3 teaspoons) will be drawn for routine tests.&#xD;
&#xD;
      This is an investigational study. Eltrombopag is FDA approved and commercially available for&#xD;
      the treatment of low platelet counts in patients with idiopathic thrombocytopenic purpura&#xD;
      (ITP -- a severe bleeding disease). Decitabine is FDA approved for the treatment of MDS and&#xD;
      is commercially available. The combination of eltrombopag and decitabine to treat MDS is&#xD;
      investigational.&#xD;
&#xD;
      Up to 50 patients will take part in this study. All will be enrolled at MD Anderson.&#xD;
    </textblock>
  </detailed_description>
  <overall_status>Terminated</overall_status>
  <why_stopped>
    PI Request&#xD;
  </why_stopped>
  <start_date type="Actual">March 2014</start_date>
  <completion_date type="Actual">January 2, 2019</completion_date>
  <primary_completion_date type="Actual">January 2, 2019</primary_completion_date>
  <phase>Phase 2</phase>
  <study_type>Interventional</study_type>
  <has_expanded_access>No</has_expanded_access>
  <study_design_info>
    <allocation>N/A</allocation>
    <intervention_model>Single Group Assignment</intervention_model>
    <primary_purpose>Treatment</primary_purpose>
    <masking>None (Open Label)</masking>
  </study_design_info>
  <primary_outcome>
    <measure>Overall Response Rate (ORR)</measure>
    <time_frame>28 days</time_frame>
    <description>The primary endpoint is the overall response rate (ORR) based on the IWG-2006 criteria, which includes complete remission (CR), partial remission (PR), and hematologic improvement (HI).</description>
  </primary_outcome>
  <number_of_arms>1</number_of_arms>
  <enrollment type="Actual">6</enrollment>
  <condition>Leukemia</condition>
  <arm_group>
    <arm_group_label>Eltrombopag + Decitabine</arm_group_label>
    <arm_group_type>Experimental</arm_group_type>
    <description>Starting dose of Eltrombopag is 100 mg by mouth daily for each 28 day cycle. East Asians will start at 50 mg by mouth daily for each 28 day cycle.&#xD;
Starting dose of Decitabine is 20 mg/m2 by vein on Days 1-5 for each 28 day cycle.</description>
  </arm_group>
  <intervention>
    <intervention_type>Drug</intervention_type>
    <intervention_name>Eltrombopag</intervention_name>
    <description>Starting dose of Eltrombopag is 100 mg by mouth daily for each 28 day cycle. East Asians will start at 50 mg by mouth daily for each 28 day cycle.</description>
    <arm_group_label>Eltrombopag + Decitabine</arm_group_label>
    <other_name>Promacta</other_name>
  </intervention>
  <intervention>
    <intervention_type>Drug</intervention_type>
    <intervention_name>Decitabine</intervention_name>
    <description>Starting dose of Decitabine is 20 mg/m2 by vein on Days 1-5 for each 28 day cycle.</description>
    <arm_group_label>Eltrombopag + Decitabine</arm_group_label>
    <other_name>Dacogen</other_name>
  </intervention>
  <eligibility>
    <criteria>
      <textblock>
        Inclusion Criteria:&#xD;
&#xD;
          1. Signed, informed consent must be obtained prior to any study specific procedures.&#xD;
&#xD;
          2. Subjects with a histologically confirmed diagnosis of MDS by FAB criteria, including&#xD;
             both MDS and RAEB-T (AML with 20-30% blasts and multilineage dysplasia) and chronic&#xD;
             myelomonocytic leukemia (CMML) with at least 10% bone marrow blasts by World Health&#xD;
             Organization (WHO) classification are eligible.&#xD;
&#xD;
          3. Advanced MDS by virtue of intermediate-2 or high-risk MDS by IPSS score, or high or&#xD;
             very-high risk by IPSS-R.&#xD;
&#xD;
          4. Platelet count &lt;/= 100 x 10^9/L at baseline&#xD;
&#xD;
          5. Eastern Cooperative Oncology Group (ECOG) performance status of 0 to 2&#xD;
&#xD;
          6. Adequate liver function, as evidenced by a serum bilirubin &lt;/= 2x the ULN (except for&#xD;
             patients with a confirmed diagnosis of Gilbert's Disease) and an ALT or AST &lt;/= 3x the&#xD;
             laboratory ULN.&#xD;
&#xD;
          7. Serum creatinine &lt;/= 2.5x upper limit of normal&#xD;
&#xD;
          8. Subjects must be &gt;/= 18 years of age at the time of informed consent&#xD;
&#xD;
          9. Subject is practicing an acceptable method of contraception (documented in chart).&#xD;
             Female subjects (or female partners of male subject) must either be of&#xD;
             non-childbearing potential (hysterectomy, bilateral oophorectomy, bilateral tubal&#xD;
             ligation or post-menopausal &gt; 1 year), or of childbearing potential and use one of the&#xD;
             following highly effective methods of contraception (i.e. Pearl index &lt; 1.0%) from 2&#xD;
             weeks prior to administration of study medication, throughout the study, and 28 days&#xD;
             after completion or premature discontinuation from the study: - Complete abstinence&#xD;
             from intercourse; - Intrauterine device (IUD); - Two forms of barrier contraception&#xD;
             (diaphragm plus spermicide, and for males condom plus spermicide); - Male partner is&#xD;
             sterile prior to entry into the study and is the only partner of the female; -&#xD;
             Systemic contraceptives (combined or progesterone only).&#xD;
&#xD;
        Exclusion Criteria:&#xD;
&#xD;
          1. Subjects with any prior exposure to a thrombopoietin-receptor agonist&#xD;
&#xD;
          2. Prior hypomethylating agent treatment for MDS&#xD;
&#xD;
          3. Any prior or co-existing medical condition that in the investigator's judgment will&#xD;
             substantially increase the risk associated with the subject's participation in the&#xD;
             study&#xD;
&#xD;
          4. Psychiatric disorders or altered mental status precluding understanding of the&#xD;
             informed consent process and/or completion of the necessary study procedures&#xD;
&#xD;
          5. Active uncontrolled serious infection or sepsis at study enrollment&#xD;
&#xD;
          6. Clinically significant gastrointestinal disorders that may interfere with absorption&#xD;
             of drug.&#xD;
&#xD;
          7. History of arterial thrombosis (i.e. stroke) in the past year&#xD;
&#xD;
          8. History of venous thrombosis currently requiring anti-coagulation therapy&#xD;
&#xD;
          9. Unstable angina, congestive heart failure (New York Heart Association (NYHA) &gt; Class&#xD;
             II), uncontrolled hypertension (diastolic blood pressure &gt; 100mmHg), or recent (within&#xD;
             1 year) myocardial infarction&#xD;
&#xD;
         10. Subjects with a QTc &gt; 480 msec (QTc &gt; 510 msec for subjects with Bundle Branch Block)&#xD;
             at baseline&#xD;
&#xD;
         11. Pregnant or breast-feeding&#xD;
&#xD;
         12. Subjects with known history of human immunodeficiency virus (HIV) or active infection&#xD;
             with hepatitis C virus (HCV) or hepatitis B virus (HBV), because eltrombopag is&#xD;
             hepatically cleared, and underlying hepatic impairment may lead to an increased risk&#xD;
             of hepatotoxicity. Eltrombopag has not been evaluated with combination antiretroviral&#xD;
             regimens.&#xD;
&#xD;
         13. Subjects with liver cirrhosis (as determined by the investigator)&#xD;
&#xD;
         14. Subjects with hypersensitivity to study drugs or their excipients.&#xD;
      </textblock>
    </criteria>
    <gender>All</gender>
    <minimum_age>18 Years</minimum_age>
    <maximum_age>N/A</maximum_age>
    <healthy_volunteers>No</healthy_volunteers>
  </eligibility>
  <overall_official>
    <last_name>Courtney DiNardo, MD</last_name>
    <role>Principal Investigator</role>
    <affiliation>M.D. Anderson Cancer Center</affiliation>
  </overall_official>
  <location>
    <facility>
      <name>University of Texas MD Anderson Cancer Center</name>
      <address>
        <city>Houston</city>
        <state>Texas</state>
        <zip>77030</zip>
        <country>United States</country>
      </address>
    </facility>
  </location>
  <location_countries>
    <country>United States</country>
  </location_countries>
  <link>
    <url>http://www.mdanderson.org</url>
    <description>University of Texas MD Anderson Cancer Center Website</description>
  </link>
  <verification_date>December 2019</verification_date>
  <study_first_submitted>December 5, 2013</study_first_submitted>
  <study_first_submitted_qc>December 9, 2013</study_first_submitted_qc>
  <study_first_posted type="Estimate">December 13, 2013</study_first_posted>
  <results_first_submitted>December 13, 2019</results_first_submitted>
  <results_first_submitted_qc>December 13, 2019</results_first_submitted_qc>
  <results_first_posted type="Actual">January 2, 2020</results_first_posted>
  <last_update_submitted>December 13, 2019</last_update_submitted>
  <last_update_submitted_qc>December 13, 2019</last_update_submitted_qc>
  <last_update_posted type="Actual">January 2, 2020</last_update_posted>
  <responsible_party>
    <responsible_party_type>Sponsor</responsible_party_type>
  </responsible_party>
  <keyword>Leukemia</keyword>
  <keyword>Advanced Myelodysplastic Syndrome</keyword>
  <keyword>MDS</keyword>
  <keyword>Intermediate-2 Myelodysplastic Syndrome</keyword>
  <keyword>High-Risk Myelodysplastic Syndrome</keyword>
  <keyword>Chronic myelomonocytic leukemia</keyword>
  <keyword>CMML</keyword>
  <keyword>Eltrombopag</keyword>
  <keyword>Promacta</keyword>
  <keyword>Decitabine</keyword>
  <keyword>Dacogen</keyword>
  <condition_browse>
    <!-- CAUTION:  The following MeSH terms are assigned with an imperfect algorithm            -->
    <mesh_term>Leukemia</mesh_term>
    <mesh_term>Preleukemia</mesh_term>
    <mesh_term>Myelodysplastic Syndromes</mesh_term>
    <mesh_term>Syndrome</mesh_term>
  </condition_browse>
  <intervention_browse>
    <!-- CAUTION:  The following MeSH terms are assigned with an imperfect algorithm            -->
    <mesh_term>Decitabine</mesh_term>
  </intervention_browse>
  <provided_document_section>
    <provided_document>
      <document_type>Study Protocol and Statistical Analysis Plan</document_type>
      <document_has_protocol>Yes</document_has_protocol>
      <document_has_icf>No</document_has_icf>
      <document_has_sap>Yes</document_has_sap>
      <document_date>December 13, 2013</document_date>
      <document_url>https://ClinicalTrials.gov/ProvidedDocs/45/NCT02010645/Prot_SAP_000.pdf</document_url>
    </provided_document>
  </provided_document_section>

  <clinical_results>

    <participant_flow>
      <recruitment_details>Recruitment period: March 2014 to February 2015</recruitment_details>
      <group_list>
        <group group_id="P1">
          <title>Eltrombopag + Decitabine</title>
          <description>Starting dose of Eltrombopag is 100 mg by mouth daily for each 28 day cycle. East Asians will start at 50 mg by mouth daily for each 28 day cycle.&#xD;
Starting dose of Decitabine is 20 mg/m2 by vein on Days 1-5 for each 28 day cycle.&#xD;
Eltrombopag: Starting dose of Eltrombopag is 100 mg by mouth daily for each 28 day cycle. East Asians will start at 50 mg by mouth daily for each 28 day cycle.&#xD;
Decitabine: Starting dose of Decitabine is 20 mg/m2 by vein on Days 1-5 for each 28 day cycle.</description>
        </group>
      </group_list>
      <period_list>
        <period>
          <title>Overall Study</title>
          <milestone_list>
            <milestone>
              <title>STARTED</title>
              <participants_list>
                <participants group_id="P1" count="6"/>
              </participants_list>
            </milestone>
            <milestone>
              <title>COMPLETED</title>
              <participants_list>
                <participants group_id="P1" count="6"/>
              </participants_list>
            </milestone>
            <milestone>
              <title>NOT COMPLETED</title>
              <participants_list>
                <participants group_id="P1" count="0"/>
              </participants_list>
            </milestone>
          </milestone_list>
        </period>
      </period_list>
    </participant_flow>

    <baseline>
      <group_list>
        <group group_id="B1">
          <title>Eltrombopag + Decitabine</title>
          <description>Starting dose of Eltrombopag is 100 mg by mouth daily for each 28 day cycle. East Asians will start at 50 mg by mouth daily for each 28 day cycle.&#xD;
Starting dose of Decitabine is 20 mg/m2 by vein on Days 1-5 for each 28 day cycle.&#xD;
Eltrombopag: Starting dose of Eltrombopag is 100 mg by mouth daily for each 28 day cycle. East Asians will start at 50 mg by mouth daily for each 28 day cycle.&#xD;
Decitabine: Starting dose of Decitabine is 20 mg/m2 by vein on Days 1-5 for each 28 day cycle.</description>
        </group>
      </group_list>
      <analyzed_list>
        <analyzed>
          <units>Participants</units>
          <scope>Overall</scope>
          <count_list>
            <count group_id="B1" value="6"/>
          </count_list>
        </analyzed>
      </analyzed_list>
      <measure_list>
        <measure>
          <title>Age</title>
          <units>Participants</units>
          <param>Count of Participants</param>
          <class_list>
            <class>
              <category_list>
                <category>
                  <title>&lt;=18 years</title>
                  <measurement_list>
                    <measurement group_id="B1" value="0"/>
                  </measurement_list>
                </category>
                <category>
                  <title>Between 18 and 65 years</title>
                  <measurement_list>
                    <measurement group_id="B1" value="2"/>
                  </measurement_list>
                </category>
                <category>
                  <title>&gt;=65 years</title>
                  <measurement_list>
                    <measurement group_id="B1" value="4"/>
                  </measurement_list>
                </category>
              </category_list>
            </class>
          </class_list>
        </measure>
        <measure>
          <title>Age</title>
          <units>years</units>
          <param>Median</param>
          <dispersion>Full Range</dispersion>
          <class_list>
            <class>
              <category_list>
                <category>
                  <measurement_list>
                    <measurement group_id="B1" value="75" lower_limit="56" upper_limit="78"/>
                  </measurement_list>
                </category>
              </category_list>
            </class>
          </class_list>
        </measure>
        <measure>
          <title>Sex: Female, Male</title>
          <units>Participants</units>
          <param>Count of Participants</param>
          <class_list>
            <class>
              <category_list>
                <category>
                  <title>Female</title>
                  <measurement_list>
                    <measurement group_id="B1" value="2"/>
                  </measurement_list>
                </category>
                <category>
                  <title>Male</title>
                  <measurement_list>
                    <measurement group_id="B1" value="4"/>
                  </measurement_list>
                </category>
              </category_list>
            </class>
          </class_list>
        </measure>
        <measure>
          <title>Race (NIH/OMB)</title>
          <units>Participants</units>
          <param>Count of Participants</param>
          <class_list>
            <class>
              <category_list>
                <category>
                  <title>American Indian or Alaska Native</title>
                  <measurement_list>
                    <measurement group_id="B1" value="0"/>
                  </measurement_list>
                </category>
                <category>
                  <title>Asian</title>
                  <measurement_list>
                    <measurement group_id="B1" value="0"/>
                  </measurement_list>
                </category>
                <category>
                  <title>Native Hawaiian or Other Pacific Islander</title>
                  <measurement_list>
                    <measurement group_id="B1" value="0"/>
                  </measurement_list>
                </category>
                <category>
                  <title>Black or African American</title>
                  <measurement_list>
                    <measurement group_id="B1" value="0"/>
                  </measurement_list>
                </category>
                <category>
                  <title>White</title>
                  <measurement_list>
                    <measurement group_id="B1" value="6"/>
                  </measurement_list>
                </category>
                <category>
                  <title>More than one race</title>
                  <measurement_list>
                    <measurement group_id="B1" value="0"/>
                  </measurement_list>
                </category>
                <category>
                  <title>Unknown or Not Reported</title>
                  <measurement_list>
                    <measurement group_id="B1" value="0"/>
                  </measurement_list>
                </category>
              </category_list>
            </class>
          </class_list>
        </measure>
        <measure>
          <title>Region of Enrollment</title>
          <units>participants</units>
          <param>Number</param>
          <class_list>
            <class>
              <title>United States</title>
              <category_list>
                <category>
                  <measurement_list>
                    <measurement group_id="B1" value="6"/>
                  </measurement_list>
                </category>
              </category_list>
            </class>
          </class_list>
        </measure>
      </measure_list>
    </baseline>

    <outcome_list>
      <outcome>
        <type>Primary</type>
        <title>Overall Response Rate (ORR)</title>
        <description>The primary endpoint is the overall response rate (ORR) based on the IWG-2006 criteria, which includes complete remission (CR), partial remission (PR), and hematologic improvement (HI).</description>
        <time_frame>28 days</time_frame>
        <population>One participant was not evaluable for response.</population>
        <group_list>
          <group group_id="O1">
            <title>Eltrombopag + Decitabine</title>
            <description>Starting dose of Eltrombopag is 100 mg by mouth daily for each 28 day cycle. East Asians will start at 50 mg by mouth daily for each 28 day cycle.&#xD;
Starting dose of Decitabine is 20 mg/m2 by vein on Days 1-5 for each 28 day cycle.&#xD;
Eltrombopag: Starting dose of Eltrombopag is 100 mg by mouth daily for each 28 day cycle. East Asians will start at 50 mg by mouth daily for each 28 day cycle.&#xD;
Decitabine: Starting dose of Decitabine is 20 mg/m2 by vein on Days 1-5 for each 28 day cycle.</description>
          </group>
        </group_list>
        <measure>
          <title>Overall Response Rate (ORR)</title>
          <description>The primary endpoint is the overall response rate (ORR) based on the IWG-2006 criteria, which includes complete remission (CR), partial remission (PR), and hematologic improvement (HI).</description>
          <population>One participant was not evaluable for response.</population>
          <units>Participants</units>
          <param>Count of Participants</param>
          <analyzed_list>
            <analyzed>
              <units>Participants</units>
              <scope>Measure</scope>
              <count_list>
                <count group_id="O1" value="5"/>
              </count_list>
            </analyzed>
          </analyzed_list>
          <class_list>
            <class>
              <category_list>
                <category>
                  <measurement_list>
                    <measurement group_id="O1" value="1"/>
                  </measurement_list>
                </category>
              </category_list>
            </class>
          </class_list>
        </measure>
      </outcome>
    </outcome_list>

    <reported_events>
      <time_frame>3 years and 9 months</time_frame>
      <group_list>
        <group group_id="E1">
          <title>Eltrombopag + Decitabine</title>
          <description>Starting dose of Eltrombopag is 100 mg by mouth daily for each 28 day cycle. East Asians will start at 50 mg by mouth daily for each 28 day cycle.&#xD;
Starting dose of Decitabine is 20 mg/m2 by vein on Days 1-5 for each 28 day cycle.&#xD;
Eltrombopag: Starting dose of Eltrombopag is 100 mg by mouth daily for each 28 day cycle. East Asians will start at 50 mg by mouth daily for each 28 day cycle.&#xD;
Decitabine: Starting dose of Decitabine is 20 mg/m2 by vein on Days 1-5 for each 28 day cycle.</description>
        </group>
      </group_list>
      <serious_events>
        <default_vocab>CTCAE (4.0)</default_vocab>
        <default_assessment>Systematic Assessment</default_assessment>
        <category_list>
          <category>
            <title>Total</title>
            <event_list>
              <event>
                <sub_title>Total, all-cause mortality</sub_title>
                <counts group_id="E1" subjects_affected="1" subjects_at_risk="6"/>
              </event>
              <event>
                <sub_title>Total, serious adverse events</sub_title>
                <counts group_id="E1" subjects_affected="4" subjects_at_risk="6"/>
              </event>
            </event_list>
          </category>
          <category>
            <title>Cardiac disorders</title>
            <event_list>
              <event>
                <sub_title>Cardiac Arrest</sub_title>
                <counts group_id="E1" events="1" subjects_affected="1" subjects_at_risk="6"/>
              </event>
            </event_list>
          </category>
          <category>
            <title>Gastrointestinal disorders</title>
            <event_list>
              <event>
                <sub_title>Retroperitoneal Hemorrhage</sub_title>
                <counts group_id="E1" events="1" subjects_affected="1" subjects_at_risk="6"/>
              </event>
              <event>
                <sub_title>Small Intestinal Obstruction</sub_title>
                <counts group_id="E1" events="1" subjects_affected="1" subjects_at_risk="6"/>
              </event>
            </event_list>
          </category>
          <category>
            <title>General disorders</title>
            <event_list>
              <event>
                <sub_title>Flank Pain</sub_title>
                <counts group_id="E1" events="1" subjects_affected="1" subjects_at_risk="6"/>
              </event>
              <event>
                <sub_title>Fall</sub_title>
                <counts group_id="E1" events="1" subjects_affected="1" subjects_at_risk="6"/>
              </event>
            </event_list>
          </category>
          <category>
            <title>Hepatobiliary disorders</title>
            <event_list>
              <event>
                <sub_title>Portal Vein Thrombosis</sub_title>
                <counts group_id="E1" events="1" subjects_affected="1" subjects_at_risk="6"/>
              </event>
            </event_list>
          </category>
          <category>
            <title>Infections and infestations</title>
            <event_list>
              <event>
                <sub_title>Lung Infection</sub_title>
                <counts group_id="E1" events="1" subjects_affected="1" subjects_at_risk="6"/>
              </event>
              <event>
                <sub_title>Neutropenic Fever</sub_title>
                <counts group_id="E1" events="2" subjects_affected="2" subjects_at_risk="6"/>
              </event>
            </event_list>
          </category>
          <category>
            <title>Metabolism and nutrition disorders</title>
            <event_list>
              <event>
                <sub_title>Hyperbilirubinemia</sub_title>
                <counts group_id="E1" events="1" subjects_affected="1" subjects_at_risk="6"/>
              </event>
            </event_list>
          </category>
          <category>
            <title>Respiratory, thoracic and mediastinal disorders</title>
            <event_list>
              <event>
                <sub_title>Pleural Effusion</sub_title>
                <counts group_id="E1" events="1" subjects_affected="1" subjects_at_risk="6"/>
              </event>
            </event_list>
          </category>
        </category_list>
      </serious_events>
      <other_events>
        <frequency_threshold>5</frequency_threshold>
        <default_vocab>CTCAE (4.0)</default_vocab>
        <default_assessment>Systematic Assessment</default_assessment>
        <category_list>
          <category>
            <title>Total</title>
            <event_list>
              <event>
                <sub_title>Total, other adverse events</sub_title>
                <counts group_id="E1" subjects_affected="5" subjects_at_risk="6"/>
              </event>
            </event_list>
          </category>
          <category>
            <title>Cardiac disorders</title>
            <event_list>
              <event>
                <sub_title>Palpitations</sub_title>
                <counts group_id="E1" events="1" subjects_affected="1" subjects_at_risk="6"/>
              </event>
            </event_list>
          </category>
          <category>
            <title>Eye disorders</title>
            <event_list>
              <event>
                <sub_title>Blurred Vision</sub_title>
                <counts group_id="E1" events="3" subjects_affected="2" subjects_at_risk="6"/>
              </event>
            </event_list>
          </category>
          <category>
            <title>Gastrointestinal disorders</title>
            <event_list>
              <event>
                <sub_title>Colitis</sub_title>
                <counts group_id="E1" events="1" subjects_affected="1" subjects_at_risk="6"/>
              </event>
              <event>
                <sub_title>Constipation</sub_title>
                <counts group_id="E1" events="1" subjects_affected="1" subjects_at_risk="6"/>
              </event>
              <event>
                <sub_title>Diarrhea</sub_title>
                <counts group_id="E1" events="3" subjects_affected="1" subjects_at_risk="6"/>
              </event>
              <event>
                <sub_title>Oral Mucositis</sub_title>
                <counts group_id="E1" events="1" subjects_affected="1" subjects_at_risk="6"/>
              </event>
              <event>
                <sub_title>Nausea</sub_title>
                <counts group_id="E1" events="3" subjects_affected="3" subjects_at_risk="6"/>
              </event>
            </event_list>
          </category>
          <category>
            <title>General disorders</title>
            <event_list>
              <event>
                <sub_title>Back Pain</sub_title>
                <counts group_id="E1" events="1" subjects_affected="1" subjects_at_risk="6"/>
              </event>
              <event>
                <sub_title>Fatigue</sub_title>
                <counts group_id="E1" events="3" subjects_affected="2" subjects_at_risk="6"/>
              </event>
            </event_list>
          </category>
          <category>
            <title>Investigations</title>
            <event_list>
              <event>
                <sub_title>Neutropenia</sub_title>
                <counts group_id="E1" events="1" subjects_affected="1" subjects_at_risk="6"/>
              </event>
            </event_list>
          </category>
          <category>
            <title>Nervous system disorders</title>
            <event_list>
              <event>
                <sub_title>Dizziness</sub_title>
                <counts group_id="E1" events="2" subjects_affected="2" subjects_at_risk="6"/>
              </event>
              <event>
                <sub_title>Paresthesia</sub_title>
                <counts group_id="E1" events="1" subjects_affected="1" subjects_at_risk="6"/>
              </event>
            </event_list>
          </category>
          <category>
            <title>Skin and subcutaneous tissue disorders</title>
            <event_list>
              <event>
                <sub_title>Erythematous Rash</sub_title>
                <counts group_id="E1" events="1" subjects_affected="1" subjects_at_risk="6"/>
              </event>
            </event_list>
          </category>
        </category_list>
      </other_events>
    </reported_events>

    <certain_agreements>
      <pi_employee>All Principal Investigators ARE employed by the organization sponsoring the study.</pi_employee>
      <restrictive_agreement>There is NOT an agreement between Principal Investigators and the Sponsor (or its agents) that restricts the PI's rights to discuss or publish trial results after the trial is completed. </restrictive_agreement>
    </certain_agreements>
    <point_of_contact>
      <name_or_title>Courtney DiNardo, MD/Associate Professor</name_or_title>
      <organization>The University of Texas MD Anderson Cancer Center</organization>
      <phone>713-794-1141</phone>
      <email>CDiNardo@mdanderson.org</email>
    </point_of_contact>
  </clinical_results>
</clinical_study>

