<?xml version="1.0" encoding="UTF-8"?>
<clinical_study rank="296">
  <!-- This xml conforms to an XML Schema at:
    https://clinicaltrials.gov/ct2/html/images/info/public.xsd -->
  <required_header>
    <download_date>ClinicalTrials.gov processed this data on February 06, 2024</download_date>
    <link_text>Link to the current ClinicalTrials.gov record.</link_text>
    <url>https://clinicaltrials.gov/ct2/show/NCT01233921</url>
  </required_header>
  <id_info>
    <org_study_id>2437.00</org_study_id>
    <secondary_id>NCI-2010-01711</secondary_id>
    <nct_id>NCT01233921</nct_id>
  </id_info>
  <brief_title>Palifermin in Preventing Chronic Graft-Versus-Host Disease in Patients Who Have Undergone Donor Stem Cell Transplant for Hematologic Cancer</brief_title>
  <official_title>A Preliminary Study to Evaluate the Effects of Palifermin in Patients at Risk of Chronic Graft-versus-host Disease</official_title>
  <sponsors>
    <lead_sponsor>
      <agency>Martin, Paul</agency>
      <agency_class>Other</agency_class>
    </lead_sponsor>
    <collaborator>
      <agency>National Cancer Institute (NCI)</agency>
      <agency_class>NIH</agency_class>
    </collaborator>
  </sponsors>
  <source>Fred Hutchinson Cancer Center</source>
  <oversight_info>
    <has_dmc>No</has_dmc>
  </oversight_info>
  <brief_summary>
    <textblock>
      RATIONALE: Growth factors, such as palifermin, may prevent chronic graft-versus-host disease&#xD;
      caused by donor stem cell transplant.&#xD;
&#xD;
      PURPOSE: This randomized clinical trial studies palifermin in preventing chronic&#xD;
      graft-versus-host disease in patients who have undergone donor stem cell transplant for&#xD;
      hematologic cancer&#xD;
    </textblock>
  </brief_summary>
  <detailed_description>
    <textblock>
      OBJECTIVES:&#xD;
&#xD;
      I. To evaluate the pharmacodynamic effects of palifermin on thymic function in patients at&#xD;
      risk of chronic graft-vs-host disease (GVHD).&#xD;
&#xD;
      II. To evaluate the tolerability of palifermin in patients at risk of chronic GVHD.&#xD;
&#xD;
      OUTLINE: Patients are assigned to 1 of 2 groups based on whether they wish to receive&#xD;
      palifermin or not.&#xD;
&#xD;
      GROUP 1: Patients receive palifermin intravenously (IV) on days 1-3 in the absence of&#xD;
      unacceptable toxicity.&#xD;
&#xD;
      GROUP 2: Patients do not receive palifermin.&#xD;
&#xD;
      After completion of study treatment, patients are followed up on days 7, 14, 21, and 28.&#xD;
    </textblock>
  </detailed_description>
  <overall_status>Completed</overall_status>
  <start_date>September 2010</start_date>
  <primary_completion_date type="Actual">July 2012</primary_completion_date>
  <phase>N/A</phase>
  <study_type>Interventional</study_type>
  <has_expanded_access>No</has_expanded_access>
  <study_design_info>
    <allocation>Non-Randomized</allocation>
    <intervention_model>Parallel Assignment</intervention_model>
    <primary_purpose>Supportive Care</primary_purpose>
    <masking>None (Open Label)</masking>
  </study_design_info>
  <primary_outcome>
    <measure>Changes in the Number of Recent Thymic Emigrants (RTE) Cluster of Differentiation (CD)4 T Cells in the Blood</measure>
    <time_frame>Baseline and 4 weeks after administration of palifermin</time_frame>
    <description>RTE CD4 T cells will be defined according to co-expression of CD3, CD4, CD31, CD45RA, and CCR7. Cells will be counted by flow cytometry at baseline and at 4 weeks and changes will be measured as cells per microliter of blood. Positive results indicate an increase in the number of cells between baseline and 4 weeks. Negative results indicate a decrease in the number of cells between baseline and 4 weeks.</description>
  </primary_outcome>
  <secondary_outcome>
    <measure>Changes in the Number of Naive CD4 T Cells in the Blood</measure>
    <time_frame>Baseline and 4 weeks after administration of palifermin</time_frame>
    <description>Naive CD4 T cells will be defined according to co-expression of CD3, CD4, CD45RA, and CCR7. Positive results indicate an increase in the number of cells between baseline and 4 weeks. Negative results indicate a decrease in the number of cells between baseline and 4 weeks.</description>
  </secondary_outcome>
  <number_of_arms>2</number_of_arms>
  <enrollment type="Actual">6</enrollment>
  <condition>Accelerated Phase Chronic Myelogenous Leukemia</condition>
  <condition>Adult Acute Lymphoblastic Leukemia in Remission</condition>
  <condition>Adult Acute Myeloid Leukemia in Remission</condition>
  <condition>Adult Acute Myeloid Leukemia With 11q23 (MLL) Abnormalities</condition>
  <condition>Adult Acute Myeloid Leukemia With Del(5q)</condition>
  <condition>Adult Acute Myeloid Leukemia With Inv(16)(p13;q22)</condition>
  <condition>Adult Acute Myeloid Leukemia With t(15;17)(q22;q12)</condition>
  <condition>Adult Acute Myeloid Leukemia With t(16;16)(p13;q22)</condition>
  <condition>Adult Acute Myeloid Leukemia With t(8;21)(q22;q22)</condition>
  <condition>Atypical Chronic Myeloid Leukemia, BCR-ABL1 Negative</condition>
  <condition>Blastic Phase Chronic Myelogenous Leukemia</condition>
  <condition>Chronic Eosinophilic Leukemia</condition>
  <condition>Chronic Myelomonocytic Leukemia</condition>
  <condition>Chronic Neutrophilic Leukemia</condition>
  <condition>Chronic Phase Chronic Myelogenous Leukemia</condition>
  <condition>de Novo Myelodysplastic Syndromes</condition>
  <condition>Extranodal Marginal Zone B-cell Lymphoma of Mucosa-associated Lymphoid Tissue</condition>
  <condition>Graft Versus Host Disease</condition>
  <condition>Myelodysplastic/Myeloproliferative Neoplasm, Unclassifiable</condition>
  <condition>Nodal Marginal Zone B-cell Lymphoma</condition>
  <condition>Noncontiguous Stage II Adult Burkitt Lymphoma</condition>
  <condition>Noncontiguous Stage II Adult Diffuse Large Cell Lymphoma</condition>
  <condition>Noncontiguous Stage II Adult Diffuse Mixed Cell Lymphoma</condition>
  <condition>Noncontiguous Stage II Adult Diffuse Small Cleaved Cell Lymphoma</condition>
  <condition>Noncontiguous Stage II Adult Immunoblastic Large Cell Lymphoma</condition>
  <condition>Noncontiguous Stage II Adult Lymphoblastic Lymphoma</condition>
  <condition>Noncontiguous Stage II Grade 1 Follicular Lymphoma</condition>
  <condition>Noncontiguous Stage II Grade 2 Follicular Lymphoma</condition>
  <condition>Noncontiguous Stage II Grade 3 Follicular Lymphoma</condition>
  <condition>Noncontiguous Stage II Mantle Cell Lymphoma</condition>
  <condition>Noncontiguous Stage II Marginal Zone Lymphoma</condition>
  <condition>Noncontiguous Stage II Small Lymphocytic Lymphoma</condition>
  <condition>Previously Treated Myelodysplastic Syndromes</condition>
  <condition>Primary Myelofibrosis</condition>
  <condition>Recurrent Adult Acute Lymphoblastic Leukemia</condition>
  <condition>Recurrent Adult Acute Myeloid Leukemia</condition>
  <condition>Recurrent Adult Burkitt Lymphoma</condition>
  <condition>Recurrent Adult Diffuse Large Cell Lymphoma</condition>
  <condition>Recurrent Adult Diffuse Mixed Cell Lymphoma</condition>
  <condition>Recurrent Adult Diffuse Small Cleaved Cell Lymphoma</condition>
  <condition>Recurrent Adult Hodgkin Lymphoma</condition>
  <condition>Recurrent Adult Immunoblastic Large Cell Lymphoma</condition>
  <condition>Recurrent Adult Lymphoblastic Lymphoma</condition>
  <condition>Recurrent Cutaneous T-cell Non-Hodgkin Lymphoma</condition>
  <condition>Recurrent Grade 1 Follicular Lymphoma</condition>
  <condition>Recurrent Grade 2 Follicular Lymphoma</condition>
  <condition>Recurrent Grade 3 Follicular Lymphoma</condition>
  <condition>Recurrent Mantle Cell Lymphoma</condition>
  <condition>Recurrent Marginal Zone Lymphoma</condition>
  <condition>Recurrent Mycosis Fungoides/Sezary Syndrome</condition>
  <condition>Recurrent Small Lymphocytic Lymphoma</condition>
  <condition>Refractory Chronic Lymphocytic Leukemia</condition>
  <condition>Refractory Hairy Cell Leukemia</condition>
  <condition>Refractory Multiple Myeloma</condition>
  <condition>Relapsing Chronic Myelogenous Leukemia</condition>
  <condition>Secondary Acute Myeloid Leukemia</condition>
  <condition>Secondary Myelodysplastic Syndromes</condition>
  <condition>Splenic Marginal Zone Lymphoma</condition>
  <condition>Stage I Multiple Myeloma</condition>
  <condition>Stage II Multiple Myeloma</condition>
  <condition>Stage III Adult Burkitt Lymphoma</condition>
  <condition>Stage III Adult Diffuse Large Cell Lymphoma</condition>
  <condition>Stage III Adult Diffuse Mixed Cell Lymphoma</condition>
  <condition>Stage III Adult Diffuse Small Cleaved Cell Lymphoma</condition>
  <condition>Stage III Adult Hodgkin Lymphoma</condition>
  <condition>Stage III Adult Immunoblastic Large Cell Lymphoma</condition>
  <condition>Stage III Adult Lymphoblastic Lymphoma</condition>
  <condition>Stage III Chronic Lymphocytic Leukemia</condition>
  <condition>Stage III Grade 1 Follicular Lymphoma</condition>
  <condition>Stage III Grade 2 Follicular Lymphoma</condition>
  <condition>Stage III Grade 3 Follicular Lymphoma</condition>
  <condition>Stage III Mantle Cell Lymphoma</condition>
  <condition>Stage III Marginal Zone Lymphoma</condition>
  <condition>Stage III Multiple Myeloma</condition>
  <condition>Stage III Small Lymphocytic Lymphoma</condition>
  <condition>Stage IV Adult Burkitt Lymphoma</condition>
  <condition>Stage IV Adult Diffuse Large Cell Lymphoma</condition>
  <condition>Stage IV Adult Diffuse Mixed Cell Lymphoma</condition>
  <condition>Stage IV Adult Diffuse Small Cleaved Cell Lymphoma</condition>
  <condition>Stage IV Adult Hodgkin Lymphoma</condition>
  <condition>Stage IV Adult Immunoblastic Large Cell Lymphoma</condition>
  <condition>Stage IV Adult Lymphoblastic Lymphoma</condition>
  <condition>Stage IV Chronic Lymphocytic Leukemia</condition>
  <condition>Stage IV Grade 1 Follicular Lymphoma</condition>
  <condition>Stage IV Grade 2 Follicular Lymphoma</condition>
  <condition>Stage IV Grade 3 Follicular Lymphoma</condition>
  <condition>Stage IV Mantle Cell Lymphoma</condition>
  <condition>Stage IV Marginal Zone Lymphoma</condition>
  <condition>Stage IV Small Lymphocytic Lymphoma</condition>
  <arm_group>
    <arm_group_label>Arm I (palifermin)</arm_group_label>
    <arm_group_type>Experimental</arm_group_type>
    <description>Patients receive palifermin IV on days 1-3 in the absence of unacceptable toxicity.</description>
  </arm_group>
  <arm_group>
    <arm_group_label>Arm II (no palifermin)</arm_group_label>
    <arm_group_type>Active Comparator</arm_group_type>
    <description>Patients do not receive palifermin.</description>
  </arm_group>
  <intervention>
    <intervention_type>Biological</intervention_type>
    <intervention_name>palifermin</intervention_name>
    <description>Given IV</description>
    <arm_group_label>Arm I (palifermin)</arm_group_label>
    <other_name>growth factor, recombinant human keratinocyte</other_name>
    <other_name>Kepivance</other_name>
    <other_name>keratinocyte growth factor, recombinant human</other_name>
    <other_name>recombinant human keratinocyte growth factor</other_name>
    <other_name>rhKGF</other_name>
  </intervention>
  <intervention>
    <intervention_type>Other</intervention_type>
    <intervention_name>flow cytometry</intervention_name>
    <description>Correlative studies</description>
    <arm_group_label>Arm I (palifermin)</arm_group_label>
    <arm_group_label>Arm II (no palifermin)</arm_group_label>
  </intervention>
  <intervention>
    <intervention_type>Other</intervention_type>
    <intervention_name>laboratory biomarker analysis</intervention_name>
    <description>Correlative studies</description>
    <arm_group_label>Arm I (palifermin)</arm_group_label>
    <arm_group_label>Arm II (no palifermin)</arm_group_label>
  </intervention>
  <intervention>
    <intervention_type>Other</intervention_type>
    <intervention_name>pharmacological study</intervention_name>
    <description>Correlative studies</description>
    <arm_group_label>Arm I (palifermin)</arm_group_label>
    <arm_group_label>Arm II (no palifermin)</arm_group_label>
    <other_name>pharmacological studies</other_name>
  </intervention>
  <eligibility>
    <criteria>
      <textblock>
        Inclusion Criteria:&#xD;
&#xD;
          -  Survival for more than 60 days after an allogeneic hematopoietic cell transplantation&#xD;
             (HCT) with growth-factor mobilized blood cells&#xD;
&#xD;
          -  Current dose of prednisone at =&lt; 0.5 mg/kg or equivalent or no systemic glucocorticoid&#xD;
             treatment&#xD;
&#xD;
          -  Ability to remain under care at the Seattle Cancer Care Alliance (SCCA) for at least&#xD;
             28 days after enrollment in the study&#xD;
&#xD;
          -  Able and willing to give informed consent&#xD;
&#xD;
        Exclusion Criteria:&#xD;
&#xD;
          -  Presence of generalized rash involving more than 50% of the body surface&#xD;
&#xD;
          -  Prior diagnosis of chronic GVHD requiring systemic immunosuppressive treatment&#xD;
&#xD;
          -  Any prior local irradiation to a field that included the thymus (total body&#xD;
             irradiation is allowed)&#xD;
&#xD;
          -  History of thymectomy&#xD;
&#xD;
          -  Use of rabbit antithymocyte globulin in the pretransplant conditioning regimen&#xD;
&#xD;
          -  Use of a graft depleted of T cells&#xD;
&#xD;
          -  Any evidence of recurrent or persistent malignancy after HCT&#xD;
&#xD;
          -  Participation in another study with chronic GVHD as the primary endpoint&#xD;
&#xD;
          -  Any prior history of carcinoma&#xD;
&#xD;
          -  Any infection that is not improving during appropriate treatment&#xD;
&#xD;
          -  History of palifermin intolerance&#xD;
&#xD;
          -  A positive pregnancy test (women of child-bearing potential)&#xD;
&#xD;
          -  Breast feeding&#xD;
      </textblock>
    </criteria>
    <gender>All</gender>
    <minimum_age>18 Years</minimum_age>
    <maximum_age>N/A</maximum_age>
    <healthy_volunteers>No</healthy_volunteers>
  </eligibility>
  <overall_official>
    <last_name>Paul Martin</last_name>
    <role>Principal Investigator</role>
    <affiliation>Fred Hutchinson Cancer Research Center/University of Washington Cancer Consortium</affiliation>
  </overall_official>
  <location>
    <facility>
      <name>Fred Hutchinson Cancer Research Center/University of Washington Cancer Consortium</name>
      <address>
        <city>Seattle</city>
        <state>Washington</state>
        <zip>98109</zip>
        <country>United States</country>
      </address>
    </facility>
  </location>
  <location_countries>
    <country>United States</country>
  </location_countries>
  <verification_date>February 2014</verification_date>
  <study_first_submitted>November 2, 2010</study_first_submitted>
  <study_first_submitted_qc>November 2, 2010</study_first_submitted_qc>
  <study_first_posted type="Estimate">November 3, 2010</study_first_posted>
  <results_first_submitted>December 20, 2013</results_first_submitted>
  <results_first_submitted_qc>February 19, 2014</results_first_submitted_qc>
  <results_first_posted type="Estimate">April 2, 2014</results_first_posted>
  <last_update_submitted>February 19, 2014</last_update_submitted>
  <last_update_submitted_qc>February 19, 2014</last_update_submitted_qc>
  <last_update_posted type="Estimate">April 2, 2014</last_update_posted>
  <responsible_party>
    <responsible_party_type>Sponsor-Investigator</responsible_party_type>
    <investigator_affiliation>Fred Hutchinson Cancer Research Center/University of Washington Cancer Consortium</investigator_affiliation>
    <investigator_full_name>Martin, Paul</investigator_full_name>
    <investigator_title>Member</investigator_title>
  </responsible_party>
  <condition_browse>
    <!-- CAUTION:  The following MeSH terms are assigned with an imperfect algorithm            -->
    <mesh_term>Burkitt Lymphoma</mesh_term>
    <mesh_term>Mycoses</mesh_term>
    <mesh_term>Lymphoma</mesh_term>
    <mesh_term>Leukemia</mesh_term>
    <mesh_term>Leukemia, Myeloid</mesh_term>
    <mesh_term>Multiple Myeloma</mesh_term>
    <mesh_term>Neoplasms, Plasma Cell</mesh_term>
    <mesh_term>Leukemia, Myeloid, Acute</mesh_term>
    <mesh_term>Lymphoma, Follicular</mesh_term>
    <mesh_term>Lymphoma, Non-Hodgkin</mesh_term>
    <mesh_term>Preleukemia</mesh_term>
    <mesh_term>Neoplasm Metastasis</mesh_term>
    <mesh_term>Precursor Cell Lymphoblastic Leukemia-Lymphoma</mesh_term>
    <mesh_term>Leukemia, Lymphoid</mesh_term>
    <mesh_term>Lymphoma, B-Cell</mesh_term>
    <mesh_term>Leukemia, Lymphocytic, Chronic, B-Cell</mesh_term>
    <mesh_term>Hodgkin Disease</mesh_term>
    <mesh_term>Lymphoma, Mantle-Cell</mesh_term>
    <mesh_term>Lymphoma, B-Cell, Marginal Zone</mesh_term>
    <mesh_term>Leukemia, Myelogenous, Chronic, BCR-ABL Positive</mesh_term>
    <mesh_term>Lymphoma, Large B-Cell, Diffuse</mesh_term>
    <mesh_term>Lymphoma, Large-Cell, Immunoblastic</mesh_term>
    <mesh_term>Plasmablastic Lymphoma</mesh_term>
    <mesh_term>Mycosis Fungoides</mesh_term>
    <mesh_term>Sezary Syndrome</mesh_term>
    <mesh_term>Lymphoma, T-Cell</mesh_term>
    <mesh_term>Lymphoma, T-Cell, Cutaneous</mesh_term>
    <mesh_term>Leukemia, Myelomonocytic, Chronic</mesh_term>
    <mesh_term>Leukemia, Myelomonocytic, Juvenile</mesh_term>
    <mesh_term>Leukemia, Hairy Cell</mesh_term>
    <mesh_term>Leukemia, Myeloid, Chronic-Phase</mesh_term>
    <mesh_term>Blast Crisis</mesh_term>
    <mesh_term>Leukemia, Myeloid, Accelerated Phase</mesh_term>
    <mesh_term>Leukemia, Myeloid, Chronic, Atypical, BCR-ABL Negative</mesh_term>
    <mesh_term>Bronchiolitis Obliterans Syndrome</mesh_term>
    <mesh_term>Myelodysplastic Syndromes</mesh_term>
    <mesh_term>Primary Myelofibrosis</mesh_term>
    <mesh_term>Myeloproliferative Disorders</mesh_term>
    <mesh_term>Myelodysplastic-Myeloproliferative Diseases</mesh_term>
    <mesh_term>Hypereosinophilic Syndrome</mesh_term>
    <mesh_term>Leukemia, Neutrophilic, Chronic</mesh_term>
    <mesh_term>Graft vs Host Disease</mesh_term>
    <mesh_term>Syndrome</mesh_term>
    <mesh_term>Recurrence</mesh_term>
  </condition_browse>
  <intervention_browse>
    <!-- CAUTION:  The following MeSH terms are assigned with an imperfect algorithm            -->
    <mesh_term>Mitogens</mesh_term>
  </intervention_browse>

  <clinical_results>

    <participant_flow>
      <recruitment_details>Subjects were enrolled between Nov 2010 and June 2012 during outpatient follow-up after allogeneic hematopoietic cell tranpslantation.</recruitment_details>
      <group_list>
        <group group_id="P1">
          <title>Arm I (Palifermin)</title>
          <description>Patients receive palifermin IV on days 1-3 in the absence of unacceptable toxicity.</description>
        </group>
        <group group_id="P2">
          <title>Arm II (no Palifermin)</title>
          <description>Patients do not receive palifermin.</description>
        </group>
      </group_list>
      <period_list>
        <period>
          <title>Overall Study</title>
          <milestone_list>
            <milestone>
              <title>STARTED</title>
              <participants_list>
                <participants group_id="P1" count="3"/>
                <participants group_id="P2" count="3"/>
              </participants_list>
            </milestone>
            <milestone>
              <title>COMPLETED</title>
              <participants_list>
                <participants group_id="P1" count="3"/>
                <participants group_id="P2" count="3"/>
              </participants_list>
            </milestone>
            <milestone>
              <title>NOT COMPLETED</title>
              <participants_list>
                <participants group_id="P1" count="0"/>
                <participants group_id="P2" count="0"/>
              </participants_list>
            </milestone>
          </milestone_list>
        </period>
      </period_list>
    </participant_flow>

    <baseline>
      <group_list>
        <group group_id="B1">
          <title>Arm I (Palifermin)</title>
          <description>Patients receive palifermin IV on days 1-3 in the absence of unacceptable toxicity.</description>
        </group>
        <group group_id="B2">
          <title>Arm II (no Palifermin)</title>
          <description>Patients do not receive palifermin.</description>
        </group>
        <group group_id="B3">
          <title>Total</title>
          <description>Total of all reporting groups</description>
        </group>
      </group_list>
      <analyzed_list>
        <analyzed>
          <units>Participants</units>
          <scope>Overall</scope>
          <count_list>
            <count group_id="B1" value="3"/>
            <count group_id="B2" value="3"/>
            <count group_id="B3" value="6"/>
          </count_list>
        </analyzed>
      </analyzed_list>
      <measure_list>
        <measure>
          <title>Age</title>
          <units>Participants</units>
          <param>Count of Participants</param>
          <class_list>
            <class>
              <category_list>
                <category>
                  <title>&lt;=18 years</title>
                  <measurement_list>
                    <measurement group_id="B1" value="0"/>
                    <measurement group_id="B2" value="0"/>
                    <measurement group_id="B3" value="0"/>
                  </measurement_list>
                </category>
                <category>
                  <title>Between 18 and 65 years</title>
                  <measurement_list>
                    <measurement group_id="B1" value="3"/>
                    <measurement group_id="B2" value="3"/>
                    <measurement group_id="B3" value="6"/>
                  </measurement_list>
                </category>
                <category>
                  <title>&gt;=65 years</title>
                  <measurement_list>
                    <measurement group_id="B1" value="0"/>
                    <measurement group_id="B2" value="0"/>
                    <measurement group_id="B3" value="0"/>
                  </measurement_list>
                </category>
              </category_list>
            </class>
          </class_list>
        </measure>
        <measure>
          <title>Age</title>
          <units>years</units>
          <param>Mean</param>
          <dispersion>Standard Deviation</dispersion>
          <class_list>
            <class>
              <category_list>
                <category>
                  <measurement_list>
                    <measurement group_id="B1" value="44" spread="13"/>
                    <measurement group_id="B2" value="41" spread="11"/>
                    <measurement group_id="B3" value="43" spread="11"/>
                  </measurement_list>
                </category>
              </category_list>
            </class>
          </class_list>
        </measure>
        <measure>
          <title>Sex: Female, Male</title>
          <units>Participants</units>
          <param>Count of Participants</param>
          <class_list>
            <class>
              <category_list>
                <category>
                  <title>Female</title>
                  <measurement_list>
                    <measurement group_id="B1" value="1"/>
                    <measurement group_id="B2" value="0"/>
                    <measurement group_id="B3" value="1"/>
                  </measurement_list>
                </category>
                <category>
                  <title>Male</title>
                  <measurement_list>
                    <measurement group_id="B1" value="2"/>
                    <measurement group_id="B2" value="3"/>
                    <measurement group_id="B3" value="5"/>
                  </measurement_list>
                </category>
              </category_list>
            </class>
          </class_list>
        </measure>
        <measure>
          <title>Region of Enrollment</title>
          <units>participants</units>
          <param>Number</param>
          <class_list>
            <class>
              <title>United States</title>
              <category_list>
                <category>
                  <measurement_list>
                    <measurement group_id="B1" value="3"/>
                    <measurement group_id="B2" value="3"/>
                    <measurement group_id="B3" value="6"/>
                  </measurement_list>
                </category>
              </category_list>
            </class>
          </class_list>
        </measure>
      </measure_list>
    </baseline>

    <outcome_list>
      <outcome>
        <type>Primary</type>
        <title>Changes in the Number of Recent Thymic Emigrants (RTE) Cluster of Differentiation (CD)4 T Cells in the Blood</title>
        <description>RTE CD4 T cells will be defined according to co-expression of CD3, CD4, CD31, CD45RA, and CCR7. Cells will be counted by flow cytometry at baseline and at 4 weeks and changes will be measured as cells per microliter of blood. Positive results indicate an increase in the number of cells between baseline and 4 weeks. Negative results indicate a decrease in the number of cells between baseline and 4 weeks.</description>
        <time_frame>Baseline and 4 weeks after administration of palifermin</time_frame>
        <group_list>
          <group group_id="O1">
            <title>Arm I (Palifermin)</title>
            <description>Patients receive palifermin IV on days 1-3 in the absence of unacceptable toxicity.</description>
          </group>
          <group group_id="O2">
            <title>Arm II (no Palifermin)</title>
            <description>Patients do not receive palifermin.</description>
          </group>
        </group_list>
        <measure>
          <title>Changes in the Number of Recent Thymic Emigrants (RTE) Cluster of Differentiation (CD)4 T Cells in the Blood</title>
          <description>RTE CD4 T cells will be defined according to co-expression of CD3, CD4, CD31, CD45RA, and CCR7. Cells will be counted by flow cytometry at baseline and at 4 weeks and changes will be measured as cells per microliter of blood. Positive results indicate an increase in the number of cells between baseline and 4 weeks. Negative results indicate a decrease in the number of cells between baseline and 4 weeks.</description>
          <units>cells per microliter of blood</units>
          <param>Mean</param>
          <dispersion>Standard Deviation</dispersion>
          <analyzed_list>
            <analyzed>
              <units>Participants</units>
              <scope>Measure</scope>
              <count_list>
                <count group_id="O1" value="3"/>
                <count group_id="O2" value="3"/>
              </count_list>
            </analyzed>
          </analyzed_list>
          <class_list>
            <class>
              <category_list>
                <category>
                  <measurement_list>
                    <measurement group_id="O1" value="-2" spread="3"/>
                    <measurement group_id="O2" value="-22" spread="51"/>
                  </measurement_list>
                </category>
              </category_list>
            </class>
          </class_list>
        </measure>
      </outcome>
      <outcome>
        <type>Secondary</type>
        <title>Changes in the Number of Naive CD4 T Cells in the Blood</title>
        <description>Naive CD4 T cells will be defined according to co-expression of CD3, CD4, CD45RA, and CCR7. Positive results indicate an increase in the number of cells between baseline and 4 weeks. Negative results indicate a decrease in the number of cells between baseline and 4 weeks.</description>
        <time_frame>Baseline and 4 weeks after administration of palifermin</time_frame>
        <group_list>
          <group group_id="O1">
            <title>Arm I (Palifermin)</title>
            <description>Patients receive palifermin IV on days 1-3 in the absence of unacceptable toxicity.</description>
          </group>
          <group group_id="O2">
            <title>Arm II (no Palifermin)</title>
            <description>Patients do not receive palifermin.</description>
          </group>
        </group_list>
        <measure>
          <title>Changes in the Number of Naive CD4 T Cells in the Blood</title>
          <description>Naive CD4 T cells will be defined according to co-expression of CD3, CD4, CD45RA, and CCR7. Positive results indicate an increase in the number of cells between baseline and 4 weeks. Negative results indicate a decrease in the number of cells between baseline and 4 weeks.</description>
          <units>cells per microliter of blood</units>
          <param>Mean</param>
          <dispersion>Standard Deviation</dispersion>
          <analyzed_list>
            <analyzed>
              <units>Participants</units>
              <scope>Measure</scope>
              <count_list>
                <count group_id="O1" value="3"/>
                <count group_id="O2" value="3"/>
              </count_list>
            </analyzed>
          </analyzed_list>
          <class_list>
            <class>
              <category_list>
                <category>
                  <measurement_list>
                    <measurement group_id="O1" value="-3" spread="4"/>
                    <measurement group_id="O2" value="-25" spread="58"/>
                  </measurement_list>
                </category>
              </category_list>
            </class>
          </class_list>
        </measure>
      </outcome>
    </outcome_list>

    <reported_events>
      <group_list>
        <group group_id="E1">
          <title>Arm I (Palifermin)</title>
          <description>Patients receive palifermin IV on days 1-3 in the absence of unacceptable toxicity.</description>
        </group>
        <group group_id="E2">
          <title>Arm II (no Palifermin)</title>
          <description>Patients do not receive palifermin.</description>
        </group>
      </group_list>
      <serious_events>
        <category_list>
          <category>
            <title>Total</title>
            <event_list>
              <event>
                <sub_title>Total, serious adverse events</sub_title>
                <counts group_id="E1" subjects_affected="0" subjects_at_risk="3"/>
                <counts group_id="E2" subjects_affected="0" subjects_at_risk="3"/>
              </event>
            </event_list>
          </category>
        </category_list>
      </serious_events>
      <other_events>
        <frequency_threshold>5</frequency_threshold>
        <default_assessment>Systematic Assessment</default_assessment>
        <category_list>
          <category>
            <title>Total</title>
            <event_list>
              <event>
                <sub_title>Total, other adverse events</sub_title>
                <counts group_id="E1" subjects_affected="3" subjects_at_risk="3"/>
                <counts group_id="E2" subjects_affected="2" subjects_at_risk="3"/>
              </event>
            </event_list>
          </category>
          <category>
            <title>Gastrointestinal disorders</title>
            <event_list>
              <event>
                <sub_title>oral mucosal change</sub_title>
                <description>Hyperkeratosis and taste changes</description>
                <counts group_id="E1" subjects_affected="3" subjects_at_risk="3"/>
                <counts group_id="E2" subjects_affected="0" subjects_at_risk="3"/>
              </event>
              <event>
                <sub_title>anorexia</sub_title>
                <counts group_id="E1" subjects_affected="2" subjects_at_risk="3"/>
                <counts group_id="E2" subjects_affected="0" subjects_at_risk="3"/>
              </event>
              <event>
                <sub_title>nausea</sub_title>
                <counts group_id="E1" subjects_affected="2" subjects_at_risk="3"/>
                <counts group_id="E2" subjects_affected="0" subjects_at_risk="3"/>
              </event>
              <event>
                <sub_title>vomiting</sub_title>
                <counts group_id="E1" subjects_affected="1" subjects_at_risk="3"/>
                <counts group_id="E2" subjects_affected="0" subjects_at_risk="3"/>
              </event>
              <event>
                <sub_title>diarrhea</sub_title>
                <counts group_id="E1" subjects_affected="3" subjects_at_risk="3"/>
                <counts group_id="E2" subjects_affected="1" subjects_at_risk="3"/>
              </event>
            </event_list>
          </category>
          <category>
            <title>General disorders</title>
            <event_list>
              <event>
                <sub_title>edema</sub_title>
                <counts group_id="E1" subjects_affected="1" subjects_at_risk="3"/>
                <counts group_id="E2" subjects_affected="0" subjects_at_risk="3"/>
              </event>
            </event_list>
          </category>
          <category>
            <title>Musculoskeletal and connective tissue disorders</title>
            <event_list>
              <event>
                <sub_title>pain</sub_title>
                <counts group_id="E1" subjects_affected="2" subjects_at_risk="3"/>
                <counts group_id="E2" subjects_affected="1" subjects_at_risk="3"/>
              </event>
              <event>
                <sub_title>arthralgia</sub_title>
                <counts group_id="E1" subjects_affected="2" subjects_at_risk="3"/>
                <counts group_id="E2" subjects_affected="0" subjects_at_risk="3"/>
              </event>
            </event_list>
          </category>
          <category>
            <title>Skin and subcutaneous tissue disorders</title>
            <event_list>
              <event>
                <sub_title>rash</sub_title>
                <counts group_id="E1" subjects_affected="2" subjects_at_risk="3"/>
                <counts group_id="E2" subjects_affected="1" subjects_at_risk="3"/>
              </event>
              <event>
                <sub_title>pruritis</sub_title>
                <counts group_id="E1" subjects_affected="0" subjects_at_risk="3"/>
                <counts group_id="E2" subjects_affected="1" subjects_at_risk="3"/>
              </event>
            </event_list>
          </category>
        </category_list>
      </other_events>
    </reported_events>

    <certain_agreements>
      <pi_employee>All Principal Investigators ARE employed by the organization sponsoring the study.</pi_employee>
      <restrictive_agreement>There is NOT an agreement between Principal Investigators and the Sponsor (or its agents) that restricts the PI's rights to discuss or publish trial results after the trial is completed. </restrictive_agreement>
    </certain_agreements>
    <point_of_contact>
      <name_or_title>Dr. Paul J. Martin</name_or_title>
      <organization>Fred Hutchinson Cancer Research Cetner</organization>
      <phone>206-667-4798</phone>
      <email>pmartin@fhcrc.org</email>
    </point_of_contact>
  </clinical_results>
</clinical_study>

