<?xml version="1.0" encoding="UTF-8"?>
<clinical_study rank="259">
  <!-- This xml conforms to an XML Schema at:
    https://clinicaltrials.gov/ct2/html/images/info/public.xsd -->
  <required_header>
    <download_date>ClinicalTrials.gov processed this data on February 06, 2024</download_date>
    <link_text>Link to the current ClinicalTrials.gov record.</link_text>
    <url>https://clinicaltrials.gov/ct2/show/NCT00352001</url>
  </required_header>
  <id_info>
    <org_study_id>CASE17Z05</org_study_id>
    <secondary_id>P30CA016042</secondary_id>
    <secondary_id>UCLA-0511032-01</secondary_id>
    <secondary_id>UCLA-RDN-5405</secondary_id>
    <secondary_id>UCLA-05011032-01</secondary_id>
    <secondary_id>CASE17Z05</secondary_id>
    <nct_id>NCT00352001</nct_id>
    <nct_alias>NCT00326846</nct_alias>
  </id_info>
  <brief_title>Lenalidomide and Azacitidine in Treating Patients With Advanced Myelodysplastic Syndromes</brief_title>
  <official_title>A Phase I/II Study of Revlimid (Lenalidomide) in Combination With Vidaza (Azacitidine) in Patients With Advanced Myelodysplastic Syndrome (MDS)</official_title>
  <sponsors>
    <lead_sponsor>
      <agency>Mikkael Sekeres MD</agency>
      <agency_class>Other</agency_class>
    </lead_sponsor>
    <collaborator>
      <agency>National Cancer Institute (NCI)</agency>
      <agency_class>NIH</agency_class>
    </collaborator>
  </sponsors>
  <source>Case Comprehensive Cancer Center</source>
  <oversight_info>
    <has_dmc>Yes</has_dmc>
  </oversight_info>
  <brief_summary>
    <textblock>
      RATIONALE: Lenalidomide may stop the growth of cancer cells by blocking blood flow to the&#xD;
      cancer. Lenalidomide may also stimulate the immune system in different ways and stop cancer&#xD;
      cells from growing. Drugs used in chemotherapy, such as azacitidine, work in different ways&#xD;
      to stop the growth of cancer cells, either by killing the cells or by stopping them from&#xD;
      dividing. Azacitidine may also cause cancer cells to look more like normal cells, and to grow&#xD;
      and spread more slowly. Giving lenalidomide together with azacitidine may kill more cancer&#xD;
      cells.&#xD;
&#xD;
      PURPOSE: This phase I trial is studying the side effects and best dose of lenalidomide and&#xD;
      azacitidine in treating patients with advanced myelodysplastic syndromes.&#xD;
    </textblock>
  </brief_summary>
  <detailed_description>
    <textblock>
      OBJECTIVES:&#xD;
&#xD;
      Primary&#xD;
&#xD;
        -  Determine the maximum tolerated dose and dose-limiting toxicity of lenalidomide and&#xD;
           azacitidine in patients with advanced myelodysplastic syndromes (MDS).&#xD;
&#xD;
      Secondary&#xD;
&#xD;
        -  Review clinical outcomes, as defined by the International Working Group criteria, in&#xD;
           patients treated with this regimen.&#xD;
&#xD;
        -  Determine time to transformation to acute myeloid leukemia or death in patients treated&#xD;
           with this regimen.&#xD;
&#xD;
        -  Determine time to relapse after achieving complete or partial remission in patients&#xD;
           treated with this regimen.&#xD;
&#xD;
        -  Determine time to disease progression in patients treated with this regimen.&#xD;
&#xD;
        -  Determine the effect of this regimen on hematologic status (including peripheral blood&#xD;
           counts and the need for platelet and/or red blood cell transfusions) in these patients.&#xD;
&#xD;
      OUTLINE: This is an open-label, multicenter, dose-escalation study.&#xD;
&#xD;
      Patients receive oral lenalidomide once daily on days 1-14 or days 1-21 and azacitidine&#xD;
      subcutaneously once daily on days 1-5 or days 1-5 and 8-12. Treatment repeats every 28 days&#xD;
      for up to 7 courses in the absence of relapse (after achieving complete or partial&#xD;
      remission), disease progression, or unacceptable toxicity.&#xD;
&#xD;
      Cohorts of 3-6 patients receive escalating doses and/or increasing dosing frequencies of&#xD;
      lenalidomide and azacitidine until the maximum tolerated dose (MTD) is determined or the&#xD;
      sixth dose level is reached, whichever occurs first. The MTD is defined as the dose preceding&#xD;
      that at which 2 of 3 or 2 of 6 patients experience dose-limiting toxicity during the first&#xD;
      course of therapy.&#xD;
&#xD;
      After completion of study treatment, patients are followed annually.&#xD;
    </textblock>
  </detailed_description>
  <overall_status>Completed</overall_status>
  <start_date>May 2006</start_date>
  <completion_date type="Actual">September 2011</completion_date>
  <primary_completion_date type="Actual">September 2011</primary_completion_date>
  <phase>Phase 1/Phase 2</phase>
  <study_type>Interventional</study_type>
  <has_expanded_access>No</has_expanded_access>
  <study_design_info>
    <allocation>N/A</allocation>
    <intervention_model>Single Group Assignment</intervention_model>
    <primary_purpose>Treatment</primary_purpose>
    <masking>None (Open Label)</masking>
  </study_design_info>
  <primary_outcome>
    <measure>PHASE I: Maximum Tolerated Dose of Azacitidine</measure>
    <time_frame>After 1 courses (1 months)</time_frame>
    <description>Participants will be enrolled on the Phase I study portion in blocks of 3 to varying doses of Revlimid® (lenalidomide) and Vidaza® (azacitidine) (Table 1). To determine the MTD, a standard &quot;3+3&quot; design will be used. DLT will be assessed during the first cycle of therapy within each treatment group. No Maximum dose was reach but the go-forward dose agreed upon by the investigators is reported here.</description>
  </primary_outcome>
  <primary_outcome>
    <measure>PHASE II: Determine the Number of Patients With Responses for Efficacy(Measured as Response Rate)</measure>
    <time_frame>After 4 courses (4 months)</time_frame>
    <description>For the Phase II study portion, to determine the efficacy (measured as response rate) of the combination therapy as defined by the International Working Group (IWG) criteria (CR, complete remission; PR, partial remission; or HI, hematological improvement.&#xD;
Complete response (CR) is defined as: Disappearance of the chromosomal abnormality without appearance of new ones.&#xD;
Partial response (PR) is defined as: At least 50% reduction of the chromosomal abnormality.&#xD;
Hematologic Improvement (HI) is defined as: red blood cell increase of &gt;=1.5g/dL, a platelet response of &gt;=30X10^9/L or by at least 100% for values starting &lt;20X10^9/L, or a neutrophil response of at least 100% and absolute increase of &gt;0.5X10^9/L</description>
  </primary_outcome>
  <primary_outcome>
    <measure>PHASE II: Determine the Number of Patients With Responses for Efficacy(Measured as Response Rate)</measure>
    <time_frame>After 7 courses (months)</time_frame>
    <description>For the Phase II study portion, to determine the efficacy (measured as response rate) of the combination therapy as defined by the International Working Group (IWG) criteria (CR, complete remission; PR, partial remission; or HI, hematological improvement)&#xD;
Complete response (CR) is defined as: Disappearance of the chromosomal abnormality without appearance of new ones.&#xD;
Partial response (PR) is defined as: At least 50% reduction of the chromosomal abnormality.&#xD;
Hematologic Improvement (HI) is defined as: red blood cell increase of &gt;=1.5g/dL, a platelet response of &gt;=30X10^9/L or by at least 100% for values starting &lt;20X10^9/L, or a neutrophil response of at least 100% and absolute increase of &gt;0.5X10^9/L</description>
  </primary_outcome>
  <primary_outcome>
    <measure>PHASE I: Maximum Tolerated Dose of Lenalidomide</measure>
    <time_frame>After 1 courses (1 months)</time_frame>
    <description>Participants will be enrolled on the Phase I study portion in blocks of 3 to varying doses of Revlimid® (lenalidomide) and Vidaza® (azacitidine) (Table 1). To determine the MTD, a standard &quot;3+3&quot; design will be used. DLT will be assessed during the first cycle of therapy within each treatment group. No Maximum dose was reach but the go-forward dose agreed upon by the investigators is reported here.</description>
  </primary_outcome>
  <secondary_outcome>
    <measure>Time to Transformation to Acute Myeloid Leukemia or Death</measure>
    <time_frame>After 7 months of treatment, until the date of first documented myeloid leukemia or death, whichever came first, assessed up to 55 months</time_frame>
    <description>Time (in months) patients took to evolve to myeloid leukemia or death after achieving a complete response using the RECIST criteria</description>
  </secondary_outcome>
  <secondary_outcome>
    <measure>Time to Relapse After Achieving Complete Response</measure>
    <time_frame>After 7 months of treatment, until the date of first documented myeloid leukemia or death, whichever came first, assessed up to 55 months</time_frame>
  </secondary_outcome>
  <secondary_outcome>
    <measure>Number of Patients That Experience Grade 3 or 4 Treatment Related Non-hematologic Adverse Events</measure>
    <time_frame>After 7 months</time_frame>
  </secondary_outcome>
  <secondary_outcome>
    <measure>Overall Survival Among Patients With Complete Response</measure>
    <time_frame>After 7 months of treatment, until the date of first documented myeloid leukemia or death, whichever came first, assessed up to 55 months</time_frame>
    <description>Time (in months) patients who achieved a complete response using the RECIST criteria were alive on study</description>
  </secondary_outcome>
  <number_of_arms>1</number_of_arms>
  <enrollment type="Actual">37</enrollment>
  <condition>Leukemia</condition>
  <condition>Myelodysplastic Syndromes</condition>
  <arm_group>
    <arm_group_label>Lenalidomide and Azacitidine</arm_group_label>
    <arm_group_type>Experimental</arm_group_type>
  </arm_group>
  <intervention>
    <intervention_type>Drug</intervention_type>
    <intervention_name>azacitidine</intervention_name>
    <description>Azacitidine subcutaneously once daily on days 1-5 or days 1-5 and 8-12. Treatment repeats every 28 days for up to 7 courses in the absence of relapse (after achieving complete or partial remission), disease progression, or unacceptable toxicity.</description>
    <arm_group_label>Lenalidomide and Azacitidine</arm_group_label>
    <other_name>Vidaza®</other_name>
  </intervention>
  <intervention>
    <intervention_type>Drug</intervention_type>
    <intervention_name>lenalidomide</intervention_name>
    <description>Oral lenalidomide once daily on days 1-14 or days 1-21.Treatment repeats every 28 days for up to 7 courses in the absence of relapse (after achieving complete or partial remission), disease progression, or unacceptable toxicity.</description>
    <arm_group_label>Lenalidomide and Azacitidine</arm_group_label>
    <other_name>Revlimid®</other_name>
  </intervention>
  <eligibility>
    <criteria>
      <textblock>
        DISEASE CHARACTERISTICS:&#xD;
&#xD;
          -  Diagnosis of myelodysplastic syndromes (MDS) meeting one of the following criteria:&#xD;
&#xD;
               -  French-American-British histological classification criteria&#xD;
&#xD;
                    -  Refractory anemia with excess blasts (RAEB), defined as 5-19% myeloblasts in&#xD;
                       the bone marrow&#xD;
&#xD;
                         -  Patients with 20% blasts are considered to have acute myeloid leukemia&#xD;
                            (per WHO classification system) and are therefore excluded in this&#xD;
                            study&#xD;
&#xD;
                    -  Chronic myelomonocytic leukemia (CMML), defined as 10-19% myeloblasts in the&#xD;
                       bone marrow and/or 5-19% blasts in the blood&#xD;
&#xD;
               -  WHO histological classification criteria&#xD;
&#xD;
                    -  RAEB-1, defined as 5-9% myeloblasts in the bone marrow&#xD;
&#xD;
                    -  RAEB-2, defined as 10-19% myeloblasts in the bone marrow and/or 5-19% blasts&#xD;
                       in the blood&#xD;
&#xD;
                    -  CMML-2, defined as 10-19% myeloblasts in the bone marrow and/or 5-19% blasts&#xD;
                       in the blood&#xD;
&#xD;
               -  International Prognostic Scoring System (IPSS) score of intermediate 2 (1.5-2.0&#xD;
                  points based on karyotype, cytopenias, and bone marrow blast percentage) or high&#xD;
                  (≥ 2.5 points), in the setting of ≥ 5% myeloblasts&#xD;
&#xD;
          -  Considered ineligible for bone marrow transplantation as first-line therapy&#xD;
&#xD;
        PATIENT CHARACTERISTICS:&#xD;
&#xD;
          -  Life expectancy ≥ 3 months&#xD;
&#xD;
          -  ECOG performance status 0-2&#xD;
&#xD;
          -  Not pregnant or nursing&#xD;
&#xD;
          -  Negative pregnancy test&#xD;
&#xD;
          -  Fertile patients must use effective double-method contraception for 4 weeks before,&#xD;
             during, and for 4 weeks after completion of study treatment&#xD;
&#xD;
          -  No serious medical condition, laboratory abnormality, or psychiatric illness that, in&#xD;
             the opinion of the treating physician, would preclude study participation or preclude&#xD;
             giving informed consent&#xD;
&#xD;
          -  No preexisting neurotoxicity or neuropathy ≥ grade 2&#xD;
&#xD;
          -  No rash or prior hypersensitivity or allergic reaction ≥ grade 3 to thalidomide&#xD;
&#xD;
          -  Creatinine ≤ 2.0 mg/dL&#xD;
&#xD;
          -  AST and ALT ≤ 2.0 times upper limit of normal&#xD;
&#xD;
          -  Bilirubin ≤ 2 mg/dL&#xD;
&#xD;
          -  Platelet count ≥ 50,000/mm^3&#xD;
&#xD;
          -  Absolute neutrophil count ≥ 500/mm^3&#xD;
&#xD;
          -  No other malignancy within the past 3 years except curatively treated carcinoma in&#xD;
             situ of the cervix or nonmelanoma skin cancer&#xD;
&#xD;
          -  No history of thromboembolic event or other condition requiring use of anticoagulation&#xD;
             with warfarin or low molecular-weight heparin&#xD;
&#xD;
          -  No known or suspected hypersensitivity to azacitidine or mannitol&#xD;
&#xD;
        PRIOR CONCURRENT THERAPY:&#xD;
&#xD;
          -  More than 28 days since prior and no other concurrent investigational agents for MDS&#xD;
&#xD;
          -  More than 28 days since prior approved therapy for MDS&#xD;
&#xD;
          -  More than 14 days since prior growth factors&#xD;
&#xD;
          -  More than 28 days since prior and no concurrent supraphysiologic doses (equivalent to&#xD;
             &gt; 10 mg/day of prednisone) of corticosteroids&#xD;
&#xD;
          -  More than 12 months since prior radiotherapy, chemotherapy, or cytotoxic therapy for&#xD;
             treatment of conditions other than MDS&#xD;
&#xD;
          -  No prior lenalidomide or azacitidine&#xD;
&#xD;
          -  No prior stem cell or bone marrow transplantation&#xD;
&#xD;
          -  No concurrent androgens, epoetin alfa, or chemotherapy for MDS&#xD;
      </textblock>
    </criteria>
    <gender>All</gender>
    <minimum_age>18 Years</minimum_age>
    <maximum_age>120 Years</maximum_age>
    <healthy_volunteers>No</healthy_volunteers>
  </eligibility>
  <overall_official>
    <last_name>Mikkael A. Sekeres, MD, MS</last_name>
    <role>Study Chair</role>
    <affiliation>The Cleveland Clinic</affiliation>
  </overall_official>
  <location>
    <facility>
      <name>University of California at Los Angeles</name>
      <address>
        <city>Los Angeles</city>
        <state>California</state>
        <zip>90095-1781</zip>
        <country>United States</country>
      </address>
    </facility>
  </location>
  <location>
    <facility>
      <name>H. Lee Moffitt Cancer Center and Research Institute at University of South Florida</name>
      <address>
        <city>Tampa</city>
        <state>Florida</state>
        <zip>33612-9497</zip>
        <country>United States</country>
      </address>
    </facility>
  </location>
  <location>
    <facility>
      <name>Cleveland Clinic Taussig Cancer Instititute, Case Comprehensive Cancer Center</name>
      <address>
        <city>Cleveland</city>
        <state>Ohio</state>
        <zip>44195</zip>
        <country>United States</country>
      </address>
    </facility>
  </location>
  <location_countries>
    <country>United States</country>
  </location_countries>
  <verification_date>September 2018</verification_date>
  <study_first_submitted>July 13, 2006</study_first_submitted>
  <study_first_submitted_qc>July 13, 2006</study_first_submitted_qc>
  <study_first_posted type="Estimate">July 14, 2006</study_first_posted>
  <results_first_submitted>April 10, 2014</results_first_submitted>
  <results_first_submitted_qc>September 18, 2018</results_first_submitted_qc>
  <results_first_posted type="Actual">September 19, 2018</results_first_posted>
  <last_update_submitted>September 18, 2018</last_update_submitted>
  <last_update_submitted_qc>September 18, 2018</last_update_submitted_qc>
  <last_update_posted type="Actual">September 19, 2018</last_update_posted>
  <responsible_party>
    <responsible_party_type>Sponsor-Investigator</responsible_party_type>
    <investigator_affiliation>Case Comprehensive Cancer Center</investigator_affiliation>
    <investigator_full_name>Mikkael Sekeres MD</investigator_full_name>
    <investigator_title>Principal Investigator</investigator_title>
  </responsible_party>
  <keyword>refractory anemia with excess blasts</keyword>
  <keyword>previously treated myelodysplastic syndromes</keyword>
  <keyword>chronic myelomonocytic leukemia</keyword>
  <keyword>de novo myelodysplastic syndromes</keyword>
  <keyword>secondary myelodysplastic syndromes</keyword>
  <condition_browse>
    <!-- CAUTION:  The following MeSH terms are assigned with an imperfect algorithm            -->
    <mesh_term>Preleukemia</mesh_term>
    <mesh_term>Myelodysplastic Syndromes</mesh_term>
    <mesh_term>Syndrome</mesh_term>
  </condition_browse>
  <intervention_browse>
    <!-- CAUTION:  The following MeSH terms are assigned with an imperfect algorithm            -->
    <mesh_term>Lenalidomide</mesh_term>
    <mesh_term>Azacitidine</mesh_term>
  </intervention_browse>

  <clinical_results>

    <participant_flow>
      <group_list>
        <group group_id="P1">
          <title>Lenalidomide and Azacitidine</title>
          <description>azacitidine: Azacitidine subcutaneously once daily on days 1-5 or days 1-5 and 8-12. Treatment repeats every 28 days for up to 7 courses in the absence of relapse (after achieving complete or partial remission), disease progression, or unacceptable toxicity.&#xD;
lenalidomide: Oral lenalidomide once daily on days 1-14 or days 1-21.Treatment repeats every 28 days for up to 7 courses in the absence of relapse (after achieving complete or partial remission), disease progression, or unacceptable toxicity.</description>
        </group>
      </group_list>
      <period_list>
        <period>
          <title>Overall Study</title>
          <milestone_list>
            <milestone>
              <title>STARTED</title>
              <participants_list>
                <participants group_id="P1" count="37"/>
              </participants_list>
            </milestone>
            <milestone>
              <title>Azacitidine 75mg/Lenalidomide 5mg-14 Day</title>
              <participants_list>
                <participants group_id="P1" count="3"/>
              </participants_list>
            </milestone>
            <milestone>
              <title>Azacitidine 75mg/Lenalidomide 5mg-21 Day</title>
              <participants_list>
                <participants group_id="P1" count="3"/>
              </participants_list>
            </milestone>
            <milestone>
              <title>Azacitidine 75mg/Lenalidomide 10mg-14day</title>
              <participants_list>
                <participants group_id="P1" count="3"/>
              </participants_list>
            </milestone>
            <milestone>
              <title>COMPLETED</title>
              <participants_list>
                <participants group_id="P1" count="37"/>
              </participants_list>
            </milestone>
            <milestone>
              <title>NOT COMPLETED</title>
              <participants_list>
                <participants group_id="P1" count="0"/>
              </participants_list>
            </milestone>
          </milestone_list>
        </period>
      </period_list>
    </participant_flow>

    <baseline>
      <group_list>
        <group group_id="B1">
          <title>Lenalidomide and Azacitidine</title>
          <description>azacitidine: Azacitidine subcutaneously once daily on days 1-5 or days 1-5 and 8-12. Treatment repeats every 28 days for up to 7 courses in the absence of relapse (after achieving complete or partial remission), disease progression, or unacceptable toxicity.&#xD;
lenalidomide: Oral lenalidomide once daily on days 1-14 or days 1-21.Treatment repeats every 28 days for up to 7 courses in the absence of relapse (after achieving complete or partial remission), disease progression, or unacceptable toxicity.</description>
        </group>
      </group_list>
      <analyzed_list>
        <analyzed>
          <units>Participants</units>
          <scope>Overall</scope>
          <count_list>
            <count group_id="B1" value="37"/>
          </count_list>
        </analyzed>
      </analyzed_list>
      <measure_list>
        <measure>
          <title>Age</title>
          <units>years</units>
          <param>Median</param>
          <dispersion>Full Range</dispersion>
          <class_list>
            <class>
              <category_list>
                <category>
                  <measurement_list>
                    <measurement group_id="B1" value="76.5" lower_limit="54" upper_limit="88"/>
                  </measurement_list>
                </category>
              </category_list>
            </class>
          </class_list>
        </measure>
        <measure>
          <title>Sex: Female, Male</title>
          <units>Participants</units>
          <param>Count of Participants</param>
          <class_list>
            <class>
              <category_list>
                <category>
                  <title>Female</title>
                  <measurement_list>
                    <measurement group_id="B1" value="13"/>
                  </measurement_list>
                </category>
                <category>
                  <title>Male</title>
                  <measurement_list>
                    <measurement group_id="B1" value="24"/>
                  </measurement_list>
                </category>
              </category_list>
            </class>
          </class_list>
        </measure>
        <measure>
          <title>Ethnicity (NIH/OMB)</title>
          <units>Participants</units>
          <param>Count of Participants</param>
          <class_list>
            <class>
              <category_list>
                <category>
                  <title>Hispanic or Latino</title>
                  <measurement_list>
                    <measurement group_id="B1" value="2"/>
                  </measurement_list>
                </category>
                <category>
                  <title>Not Hispanic or Latino</title>
                  <measurement_list>
                    <measurement group_id="B1" value="28"/>
                  </measurement_list>
                </category>
                <category>
                  <title>Unknown or Not Reported</title>
                  <measurement_list>
                    <measurement group_id="B1" value="7"/>
                  </measurement_list>
                </category>
              </category_list>
            </class>
          </class_list>
        </measure>
        <measure>
          <title>Race (NIH/OMB)</title>
          <units>Participants</units>
          <param>Count of Participants</param>
          <class_list>
            <class>
              <category_list>
                <category>
                  <title>American Indian or Alaska Native</title>
                  <measurement_list>
                    <measurement group_id="B1" value="0"/>
                  </measurement_list>
                </category>
                <category>
                  <title>Asian</title>
                  <measurement_list>
                    <measurement group_id="B1" value="0"/>
                  </measurement_list>
                </category>
                <category>
                  <title>Native Hawaiian or Other Pacific Islander</title>
                  <measurement_list>
                    <measurement group_id="B1" value="0"/>
                  </measurement_list>
                </category>
                <category>
                  <title>Black or African American</title>
                  <measurement_list>
                    <measurement group_id="B1" value="1"/>
                  </measurement_list>
                </category>
                <category>
                  <title>White</title>
                  <measurement_list>
                    <measurement group_id="B1" value="36"/>
                  </measurement_list>
                </category>
                <category>
                  <title>More than one race</title>
                  <measurement_list>
                    <measurement group_id="B1" value="0"/>
                  </measurement_list>
                </category>
                <category>
                  <title>Unknown or Not Reported</title>
                  <measurement_list>
                    <measurement group_id="B1" value="0"/>
                  </measurement_list>
                </category>
              </category_list>
            </class>
          </class_list>
        </measure>
        <measure>
          <title>Region of Enrollment</title>
          <units>participants</units>
          <param>Number</param>
          <class_list>
            <class>
              <title>United States</title>
              <category_list>
                <category>
                  <measurement_list>
                    <measurement group_id="B1" value="37"/>
                  </measurement_list>
                </category>
              </category_list>
            </class>
          </class_list>
        </measure>
      </measure_list>
    </baseline>

    <outcome_list>
      <outcome>
        <type>Primary</type>
        <title>PHASE I: Maximum Tolerated Dose of Azacitidine</title>
        <description>Participants will be enrolled on the Phase I study portion in blocks of 3 to varying doses of Revlimid® (lenalidomide) and Vidaza® (azacitidine) (Table 1). To determine the MTD, a standard &quot;3+3&quot; design will be used. DLT will be assessed during the first cycle of therapy within each treatment group. No Maximum dose was reach but the go-forward dose agreed upon by the investigators is reported here.</description>
        <time_frame>After 1 courses (1 months)</time_frame>
        <population>Participants in Phase I</population>
        <group_list>
          <group group_id="O1">
            <title>Lenalidomide and Azacitidine</title>
            <description>azacitidine: Azacitidine subcutaneously once daily on days 1-5 or days 1-5 and 8-12. Treatment repeats every 28 days for up to 7 courses in the absence of relapse (after achieving complete or partial remission), disease progression, or unacceptable toxicity.&#xD;
lenalidomide: Oral lenalidomide once daily on days 1-14 or days 1-21.Treatment repeats every 28 days for up to 7 courses in the absence of relapse (after achieving complete or partial remission), disease progression, or unacceptable toxicity.</description>
          </group>
        </group_list>
        <measure>
          <title>PHASE I: Maximum Tolerated Dose of Azacitidine</title>
          <description>Participants will be enrolled on the Phase I study portion in blocks of 3 to varying doses of Revlimid® (lenalidomide) and Vidaza® (azacitidine) (Table 1). To determine the MTD, a standard &quot;3+3&quot; design will be used. DLT will be assessed during the first cycle of therapy within each treatment group. No Maximum dose was reach but the go-forward dose agreed upon by the investigators is reported here.</description>
          <population>Participants in Phase I</population>
          <units>mg/m2 subcutaneously for 5 days</units>
          <param>Number</param>
          <analyzed_list>
            <analyzed>
              <units>Participants</units>
              <scope>Measure</scope>
              <count_list>
                <count group_id="O1" value="18"/>
              </count_list>
            </analyzed>
          </analyzed_list>
          <class_list>
            <class>
              <category_list>
                <category>
                  <measurement_list>
                    <measurement group_id="O1" value="75"/>
                  </measurement_list>
                </category>
              </category_list>
            </class>
          </class_list>
        </measure>
      </outcome>
      <outcome>
        <type>Primary</type>
        <title>PHASE II: Determine the Number of Patients With Responses for Efficacy(Measured as Response Rate)</title>
        <description>For the Phase II study portion, to determine the efficacy (measured as response rate) of the combination therapy as defined by the International Working Group (IWG) criteria (CR, complete remission; PR, partial remission; or HI, hematological improvement.&#xD;
Complete response (CR) is defined as: Disappearance of the chromosomal abnormality without appearance of new ones.&#xD;
Partial response (PR) is defined as: At least 50% reduction of the chromosomal abnormality.&#xD;
Hematologic Improvement (HI) is defined as: red blood cell increase of &gt;=1.5g/dL, a platelet response of &gt;=30X10^9/L or by at least 100% for values starting &lt;20X10^9/L, or a neutrophil response of at least 100% and absolute increase of &gt;0.5X10^9/L</description>
        <time_frame>After 4 courses (4 months)</time_frame>
        <population>Intention to Treat</population>
        <group_list>
          <group group_id="O1">
            <title>Lenalidomide and Azacitidine</title>
            <description>azacitidine: Azacitidine subcutaneously once daily on days 1-5 or days 1-5 and 8-12. Treatment repeats every 28 days for up to 7 courses in the absence of relapse (after achieving complete or partial remission), disease progression, or unacceptable toxicity.&#xD;
lenalidomide: Oral lenalidomide once daily on days 1-14 or days 1-21.Treatment repeats every 28 days for up to 7 courses in the absence of relapse (after achieving complete or partial remission), disease progression, or unacceptable toxicity.</description>
          </group>
        </group_list>
        <measure>
          <title>PHASE II: Determine the Number of Patients With Responses for Efficacy(Measured as Response Rate)</title>
          <description>For the Phase II study portion, to determine the efficacy (measured as response rate) of the combination therapy as defined by the International Working Group (IWG) criteria (CR, complete remission; PR, partial remission; or HI, hematological improvement.&#xD;
Complete response (CR) is defined as: Disappearance of the chromosomal abnormality without appearance of new ones.&#xD;
Partial response (PR) is defined as: At least 50% reduction of the chromosomal abnormality.&#xD;
Hematologic Improvement (HI) is defined as: red blood cell increase of &gt;=1.5g/dL, a platelet response of &gt;=30X10^9/L or by at least 100% for values starting &lt;20X10^9/L, or a neutrophil response of at least 100% and absolute increase of &gt;0.5X10^9/L</description>
          <population>Intention to Treat</population>
          <units>participants</units>
          <param>Number</param>
          <analyzed_list>
            <analyzed>
              <units>Participants</units>
              <scope>Measure</scope>
              <count_list>
                <count group_id="O1" value="37"/>
              </count_list>
            </analyzed>
          </analyzed_list>
          <class_list>
            <class>
              <category_list>
                <category>
                  <measurement_list>
                    <measurement group_id="O1" value="26"/>
                  </measurement_list>
                </category>
              </category_list>
            </class>
          </class_list>
        </measure>
      </outcome>
      <outcome>
        <type>Primary</type>
        <title>PHASE II: Determine the Number of Patients With Responses for Efficacy(Measured as Response Rate)</title>
        <description>For the Phase II study portion, to determine the efficacy (measured as response rate) of the combination therapy as defined by the International Working Group (IWG) criteria (CR, complete remission; PR, partial remission; or HI, hematological improvement)&#xD;
Complete response (CR) is defined as: Disappearance of the chromosomal abnormality without appearance of new ones.&#xD;
Partial response (PR) is defined as: At least 50% reduction of the chromosomal abnormality.&#xD;
Hematologic Improvement (HI) is defined as: red blood cell increase of &gt;=1.5g/dL, a platelet response of &gt;=30X10^9/L or by at least 100% for values starting &lt;20X10^9/L, or a neutrophil response of at least 100% and absolute increase of &gt;0.5X10^9/L</description>
        <time_frame>After 7 courses (months)</time_frame>
        <population>Intention to Treat</population>
        <group_list>
          <group group_id="O1">
            <title>Lenalidomide and Azacitidine</title>
            <description>azacitidine: Azacitidine subcutaneously once daily on days 1-5 or days 1-5 and 8-12. Treatment repeats every 28 days for up to 7 courses in the absence of relapse (after achieving complete or partial remission), disease progression, or unacceptable toxicity.&#xD;
lenalidomide: Oral lenalidomide once daily on days 1-14 or days 1-21.Treatment repeats every 28 days for up to 7 courses in the absence of relapse (after achieving complete or partial remission), disease progression, or unacceptable toxicity.</description>
          </group>
        </group_list>
        <measure>
          <title>PHASE II: Determine the Number of Patients With Responses for Efficacy(Measured as Response Rate)</title>
          <description>For the Phase II study portion, to determine the efficacy (measured as response rate) of the combination therapy as defined by the International Working Group (IWG) criteria (CR, complete remission; PR, partial remission; or HI, hematological improvement)&#xD;
Complete response (CR) is defined as: Disappearance of the chromosomal abnormality without appearance of new ones.&#xD;
Partial response (PR) is defined as: At least 50% reduction of the chromosomal abnormality.&#xD;
Hematologic Improvement (HI) is defined as: red blood cell increase of &gt;=1.5g/dL, a platelet response of &gt;=30X10^9/L or by at least 100% for values starting &lt;20X10^9/L, or a neutrophil response of at least 100% and absolute increase of &gt;0.5X10^9/L</description>
          <population>Intention to Treat</population>
          <units>participants</units>
          <param>Number</param>
          <analyzed_list>
            <analyzed>
              <units>Participants</units>
              <scope>Measure</scope>
              <count_list>
                <count group_id="O1" value="37"/>
              </count_list>
            </analyzed>
          </analyzed_list>
          <class_list>
            <class>
              <category_list>
                <category>
                  <measurement_list>
                    <measurement group_id="O1" value="26"/>
                  </measurement_list>
                </category>
              </category_list>
            </class>
          </class_list>
        </measure>
      </outcome>
      <outcome>
        <type>Secondary</type>
        <title>Time to Transformation to Acute Myeloid Leukemia or Death</title>
        <description>Time (in months) patients took to evolve to myeloid leukemia or death after achieving a complete response using the RECIST criteria</description>
        <time_frame>After 7 months of treatment, until the date of first documented myeloid leukemia or death, whichever came first, assessed up to 55 months</time_frame>
        <population>Patients who achieved a complete response</population>
        <group_list>
          <group group_id="O1">
            <title>Lenalidomide and Azacitidine</title>
            <description>azacitidine: Azacitidine subcutaneously once daily on days 1-5 or days 1-5 and 8-12. Treatment repeats every 28 days for up to 7 courses in the absence of relapse (after achieving complete or partial remission), disease progression, or unacceptable toxicity.&#xD;
lenalidomide: Oral lenalidomide once daily on days 1-14 or days 1-21.Treatment repeats every 28 days for up to 7 courses in the absence of relapse (after achieving complete or partial remission), disease progression, or unacceptable toxicity.</description>
          </group>
        </group_list>
        <measure>
          <title>Time to Transformation to Acute Myeloid Leukemia or Death</title>
          <description>Time (in months) patients took to evolve to myeloid leukemia or death after achieving a complete response using the RECIST criteria</description>
          <population>Patients who achieved a complete response</population>
          <units>months</units>
          <param>Median</param>
          <dispersion>Full Range</dispersion>
          <analyzed_list>
            <analyzed>
              <units>Participants</units>
              <scope>Measure</scope>
              <count_list>
                <count group_id="O1" value="16"/>
              </count_list>
            </analyzed>
          </analyzed_list>
          <class_list>
            <class>
              <category_list>
                <category>
                  <measurement_list>
                    <measurement group_id="O1" value="13.6" lower_limit="3" upper_limit="55"/>
                  </measurement_list>
                </category>
              </category_list>
            </class>
          </class_list>
        </measure>
      </outcome>
      <outcome>
        <type>Secondary</type>
        <title>Time to Relapse After Achieving Complete Response</title>
        <time_frame>After 7 months of treatment, until the date of first documented myeloid leukemia or death, whichever came first, assessed up to 55 months</time_frame>
        <population>Only patients with a complete response were analysed</population>
        <group_list>
          <group group_id="O1">
            <title>Lenalidomide and Azacitidine</title>
            <description>azacitidine: Azacitidine subcutaneously once daily on days 1-5 or days 1-5 and 8-12. Treatment repeats every 28 days for up to 7 courses in the absence of relapse (after achieving complete or partial remission), disease progression, or unacceptable toxicity.&#xD;
lenalidomide: Oral lenalidomide once daily on days 1-14 or days 1-21.Treatment repeats every 28 days for up to 7 courses in the absence of relapse (after achieving complete or partial remission), disease progression, or unacceptable toxicity.</description>
          </group>
        </group_list>
        <measure>
          <title>Time to Relapse After Achieving Complete Response</title>
          <population>Only patients with a complete response were analysed</population>
          <units>months</units>
          <param>Median</param>
          <dispersion>Full Range</dispersion>
          <analyzed_list>
            <analyzed>
              <units>Participants</units>
              <scope>Measure</scope>
              <count_list>
                <count group_id="O1" value="16"/>
              </count_list>
            </analyzed>
          </analyzed_list>
          <class_list>
            <class>
              <category_list>
                <category>
                  <measurement_list>
                    <measurement group_id="O1" value="17" lower_limit="3" upper_limit="39"/>
                  </measurement_list>
                </category>
              </category_list>
            </class>
          </class_list>
        </measure>
      </outcome>
      <outcome>
        <type>Secondary</type>
        <title>Number of Patients That Experience Grade 3 or 4 Treatment Related Non-hematologic Adverse Events</title>
        <time_frame>After 7 months</time_frame>
        <population>Intention to Treat</population>
        <group_list>
          <group group_id="O1">
            <title>Lenalidomide and Azacitidine</title>
            <description>azacitidine: Azacitidine subcutaneously once daily on days 1-5 or days 1-5 and 8-12. Treatment repeats every 28 days for up to 7 courses in the absence of relapse (after achieving complete or partial remission), disease progression, or unacceptable toxicity.&#xD;
lenalidomide: Oral lenalidomide once daily on days 1-14 or days 1-21.Treatment repeats every 28 days for up to 7 courses in the absence of relapse (after achieving complete or partial remission), disease progression, or unacceptable toxicity.</description>
          </group>
        </group_list>
        <measure>
          <title>Number of Patients That Experience Grade 3 or 4 Treatment Related Non-hematologic Adverse Events</title>
          <population>Intention to Treat</population>
          <units>participants</units>
          <param>Number</param>
          <analyzed_list>
            <analyzed>
              <units>Participants</units>
              <scope>Measure</scope>
              <count_list>
                <count group_id="O1" value="37"/>
              </count_list>
            </analyzed>
          </analyzed_list>
          <class_list>
            <class>
              <category_list>
                <category>
                  <measurement_list>
                    <measurement group_id="O1" value="9"/>
                  </measurement_list>
                </category>
              </category_list>
            </class>
          </class_list>
        </measure>
      </outcome>
      <outcome>
        <type>Primary</type>
        <title>PHASE I: Maximum Tolerated Dose of Lenalidomide</title>
        <description>Participants will be enrolled on the Phase I study portion in blocks of 3 to varying doses of Revlimid® (lenalidomide) and Vidaza® (azacitidine) (Table 1). To determine the MTD, a standard &quot;3+3&quot; design will be used. DLT will be assessed during the first cycle of therapy within each treatment group. No Maximum dose was reach but the go-forward dose agreed upon by the investigators is reported here.</description>
        <time_frame>After 1 courses (1 months)</time_frame>
        <population>Participants in Phase I</population>
        <group_list>
          <group group_id="O1">
            <title>Lenalidomide and Azacitidine</title>
            <description>azacitidine: Azacitidine subcutaneously once daily on days 1-5 or days 1-5 and 8-12. Treatment repeats every 28 days for up to 7 courses in the absence of relapse (after achieving complete or partial remission), disease progression, or unacceptable toxicity.&#xD;
lenalidomide: Oral lenalidomide once daily on days 1-14 or days 1-21.Treatment repeats every 28 days for up to 7 courses in the absence of relapse (after achieving complete or partial remission), disease progression, or unacceptable toxicity.</description>
          </group>
        </group_list>
        <measure>
          <title>PHASE I: Maximum Tolerated Dose of Lenalidomide</title>
          <description>Participants will be enrolled on the Phase I study portion in blocks of 3 to varying doses of Revlimid® (lenalidomide) and Vidaza® (azacitidine) (Table 1). To determine the MTD, a standard &quot;3+3&quot; design will be used. DLT will be assessed during the first cycle of therapy within each treatment group. No Maximum dose was reach but the go-forward dose agreed upon by the investigators is reported here.</description>
          <population>Participants in Phase I</population>
          <units>mg orally for 21 days</units>
          <param>Number</param>
          <analyzed_list>
            <analyzed>
              <units>Participants</units>
              <scope>Measure</scope>
              <count_list>
                <count group_id="O1" value="18"/>
              </count_list>
            </analyzed>
          </analyzed_list>
          <class_list>
            <class>
              <category_list>
                <category>
                  <measurement_list>
                    <measurement group_id="O1" value="10"/>
                  </measurement_list>
                </category>
              </category_list>
            </class>
          </class_list>
        </measure>
      </outcome>
      <outcome>
        <type>Secondary</type>
        <title>Overall Survival Among Patients With Complete Response</title>
        <description>Time (in months) patients who achieved a complete response using the RECIST criteria were alive on study</description>
        <time_frame>After 7 months of treatment, until the date of first documented myeloid leukemia or death, whichever came first, assessed up to 55 months</time_frame>
        <population>Only patients with complete response</population>
        <group_list>
          <group group_id="O1">
            <title>Lenalidomide and Azacitidine</title>
            <description>azacitidine: Azacitidine subcutaneously once daily on days 1-5 or days 1-5 and 8-12. Treatment repeats every 28 days for up to 7 courses in the absence of relapse (after achieving complete or partial remission), disease progression, or unacceptable toxicity.&#xD;
lenalidomide: Oral lenalidomide once daily on days 1-14 or days 1-21.Treatment repeats every 28 days for up to 7 courses in the absence of relapse (after achieving complete or partial remission), disease progression, or unacceptable toxicity.</description>
          </group>
        </group_list>
        <measure>
          <title>Overall Survival Among Patients With Complete Response</title>
          <description>Time (in months) patients who achieved a complete response using the RECIST criteria were alive on study</description>
          <population>Only patients with complete response</population>
          <units>months</units>
          <param>Median</param>
          <dispersion>Full Range</dispersion>
          <analyzed_list>
            <analyzed>
              <units>Participants</units>
              <scope>Measure</scope>
              <count_list>
                <count group_id="O1" value="16"/>
              </count_list>
            </analyzed>
          </analyzed_list>
          <class_list>
            <class>
              <category_list>
                <category>
                  <measurement_list>
                    <measurement group_id="O1" value="37" lower_limit="7" upper_limit="55"/>
                  </measurement_list>
                </category>
              </category_list>
            </class>
          </class_list>
        </measure>
      </outcome>
    </outcome_list>

    <reported_events>
      <time_frame>28 weeks</time_frame>
      <group_list>
        <group group_id="E1">
          <title>Lenalidomide and Azacitidine</title>
          <description>azacitidine: Azacitidine subcutaneously once daily on days 1-5 or days 1-5 and 8-12. Treatment repeats every 28 days for up to 7 courses in the absence of relapse (after achieving complete or partial remission), disease progression, or unacceptable toxicity.&#xD;
lenalidomide: Oral lenalidomide once daily on days 1-14 or days 1-21.Treatment repeats every 28 days for up to 7 courses in the absence of relapse (after achieving complete or partial remission), disease progression, or unacceptable toxicity.</description>
        </group>
      </group_list>
      <serious_events>
        <default_vocab>CTCAE (2.0)</default_vocab>
        <default_assessment>Non-systematic Assessment</default_assessment>
        <category_list>
          <category>
            <title>Total</title>
            <event_list>
              <event>
                <sub_title>Total, serious adverse events</sub_title>
                <counts group_id="E1" subjects_affected="10" subjects_at_risk="37"/>
              </event>
            </event_list>
          </category>
          <category>
            <title>Blood and lymphatic system disorders</title>
            <event_list>
              <event>
                <sub_title>Febrile Neutropenia</sub_title>
                <counts group_id="E1" events="6" subjects_affected="5" subjects_at_risk="37"/>
              </event>
            </event_list>
          </category>
          <category>
            <title>Cardiac disorders</title>
            <event_list>
              <event>
                <sub_title>Congestive Heart Failure</sub_title>
                <counts group_id="E1" events="1" subjects_affected="1" subjects_at_risk="37"/>
              </event>
              <event>
                <sub_title>Myocardial Infarction</sub_title>
                <counts group_id="E1" events="1" subjects_affected="1" subjects_at_risk="37"/>
              </event>
            </event_list>
          </category>
          <category>
            <title>General disorders</title>
            <event_list>
              <event>
                <sub_title>general disorder</sub_title>
                <counts group_id="E1" events="1" subjects_affected="1" subjects_at_risk="37"/>
              </event>
              <event>
                <sub_title>Fatigue (lethargy, malaise, asthenia)</sub_title>
                <counts group_id="E1" events="1" subjects_affected="1" subjects_at_risk="37"/>
              </event>
              <event>
                <sub_title>Constitutional Symptom</sub_title>
                <description>Sudden death on study - unrelated to treatment</description>
                <counts group_id="E1" events="1" subjects_affected="1" subjects_at_risk="37"/>
              </event>
            </event_list>
          </category>
          <category>
            <title>Infections and infestations</title>
            <event_list>
              <event>
                <sub_title>Pneumonia</sub_title>
                <counts group_id="E1" events="1" subjects_affected="1" subjects_at_risk="37"/>
              </event>
              <event>
                <sub_title>Infection</sub_title>
                <description>Catheter Related Infection</description>
                <counts group_id="E1" events="1" subjects_affected="1" subjects_at_risk="37"/>
              </event>
            </event_list>
          </category>
          <category>
            <title>Investigations</title>
            <event_list>
              <event>
                <sub_title>Hemoglobin for leukemia studies</sub_title>
                <counts group_id="E1" events="1" subjects_affected="1" subjects_at_risk="37"/>
              </event>
              <event>
                <sub_title>Increased blood urea nitrogen (BUN)</sub_title>
                <counts group_id="E1" events="1" subjects_affected="1" subjects_at_risk="37"/>
              </event>
              <event>
                <sub_title>Neutrophils/granulocytes</sub_title>
                <counts group_id="E1" events="4" subjects_affected="2" subjects_at_risk="37"/>
              </event>
              <event>
                <sub_title>Platelets</sub_title>
                <counts group_id="E1" events="4" subjects_affected="2" subjects_at_risk="37"/>
              </event>
            </event_list>
          </category>
          <category>
            <title>Nervous system disorders</title>
            <event_list>
              <event>
                <sub_title>CNS Hemorrhage/bleeding</sub_title>
                <counts group_id="E1" events="1" subjects_affected="1" subjects_at_risk="37"/>
              </event>
              <event>
                <sub_title>weakness/dizziness</sub_title>
                <counts group_id="E1" events="1" subjects_affected="1" subjects_at_risk="37"/>
              </event>
            </event_list>
          </category>
          <category>
            <title>Renal and urinary disorders</title>
            <event_list>
              <event>
                <sub_title>Acute kidney injury</sub_title>
                <counts group_id="E1" events="1" subjects_affected="1" subjects_at_risk="37"/>
              </event>
            </event_list>
          </category>
          <category>
            <title>Respiratory, thoracic and mediastinal disorders</title>
            <event_list>
              <event>
                <sub_title>Pneumonitis/pulmonary infiltrates</sub_title>
                <counts group_id="E1" events="1" subjects_affected="1" subjects_at_risk="37"/>
              </event>
            </event_list>
          </category>
          <category>
            <title>Skin and subcutaneous tissue disorders</title>
            <event_list>
              <event>
                <sub_title>Rash/desquamation</sub_title>
                <counts group_id="E1" events="2" subjects_affected="2" subjects_at_risk="37"/>
              </event>
            </event_list>
          </category>
          <category>
            <title>Vascular disorders</title>
            <event_list>
              <event>
                <sub_title>Deep vein or cardiac thrombosis</sub_title>
                <counts group_id="E1" events="1" subjects_affected="1" subjects_at_risk="37"/>
              </event>
              <event>
                <sub_title>Hemorrhage/bleeding with grade 3 or 4 thrombocytopenia</sub_title>
                <counts group_id="E1" events="1" subjects_affected="1" subjects_at_risk="37"/>
              </event>
            </event_list>
          </category>
        </category_list>
      </serious_events>
      <other_events>
        <frequency_threshold>5</frequency_threshold>
        <default_vocab>CTCAE (2.0)</default_vocab>
        <default_assessment>Non-systematic Assessment</default_assessment>
        <category_list>
          <category>
            <title>Total</title>
            <event_list>
              <event>
                <sub_title>Total, other adverse events</sub_title>
                <counts group_id="E1" subjects_affected="37" subjects_at_risk="37"/>
              </event>
            </event_list>
          </category>
          <category>
            <title>Blood and lymphatic system disorders</title>
            <event_list>
              <event>
                <sub_title>Febrile neutropenia (fever of unknown origin without clinically or microbiologically documented infe</sub_title>
                <counts group_id="E1" events="14" subjects_affected="11" subjects_at_risk="37"/>
              </event>
              <event>
                <sub_title>Hemoglobin</sub_title>
                <counts group_id="E1" events="29" subjects_affected="16" subjects_at_risk="37"/>
              </event>
            </event_list>
          </category>
          <category>
            <title>Cardiac disorders</title>
            <event_list>
              <event>
                <sub_title>Cardiac Arrhythmia - Other</sub_title>
                <counts group_id="E1" events="3" subjects_affected="3" subjects_at_risk="37"/>
              </event>
              <event>
                <sub_title>Cardiac General - Other</sub_title>
                <counts group_id="E1" events="4" subjects_affected="3" subjects_at_risk="37"/>
              </event>
            </event_list>
          </category>
          <category>
            <title>Gastrointestinal disorders</title>
            <event_list>
              <event>
                <sub_title>Heartburn/dyspepsia</sub_title>
                <counts group_id="E1" events="4" subjects_affected="4" subjects_at_risk="37"/>
              </event>
              <event>
                <sub_title>Vomiting</sub_title>
                <counts group_id="E1" events="5" subjects_affected="4" subjects_at_risk="37"/>
              </event>
              <event>
                <sub_title>Gastrointestinal - Other</sub_title>
                <counts group_id="E1" events="9" subjects_affected="5" subjects_at_risk="37"/>
              </event>
              <event>
                <sub_title>Nausea</sub_title>
                <counts group_id="E1" events="11" subjects_affected="10" subjects_at_risk="37"/>
              </event>
              <event>
                <sub_title>Diarrhea</sub_title>
                <counts group_id="E1" events="24" subjects_affected="18" subjects_at_risk="37"/>
              </event>
              <event>
                <sub_title>Constipation</sub_title>
                <counts group_id="E1" events="22" subjects_affected="20" subjects_at_risk="37"/>
              </event>
            </event_list>
          </category>
          <category>
            <title>General disorders</title>
            <event_list>
              <event>
                <sub_title>Rigors/chills</sub_title>
                <counts group_id="E1" events="5" subjects_affected="5" subjects_at_risk="37"/>
              </event>
              <event>
                <sub_title>Edema: limb</sub_title>
                <counts group_id="E1" events="5" subjects_affected="5" subjects_at_risk="37"/>
              </event>
              <event>
                <sub_title>Fever (in the absence of neutropenia, where neutropenia is defined as ANC &lt;1.0 x 10e9/L)</sub_title>
                <counts group_id="E1" events="6" subjects_affected="6" subjects_at_risk="37"/>
              </event>
              <event>
                <sub_title>Constitutional Symptoms - Other</sub_title>
                <counts group_id="E1" events="23" subjects_affected="8" subjects_at_risk="37"/>
              </event>
              <event>
                <sub_title>Injection site reaction/extravasation changes</sub_title>
                <counts group_id="E1" events="20" subjects_affected="17" subjects_at_risk="37"/>
              </event>
              <event>
                <sub_title>Pain</sub_title>
                <counts group_id="E1" events="36" subjects_affected="19" subjects_at_risk="37"/>
              </event>
              <event>
                <sub_title>Fatigue (asthenia, lethargy, malaise)</sub_title>
                <counts group_id="E1" events="24" subjects_affected="21" subjects_at_risk="37"/>
              </event>
            </event_list>
          </category>
          <category>
            <title>Infections and infestations</title>
            <event_list>
              <event>
                <sub_title>Infection with unknown ANC</sub_title>
                <counts group_id="E1" events="3" subjects_affected="3" subjects_at_risk="37"/>
              </event>
              <event>
                <sub_title>Infection - Other</sub_title>
                <counts group_id="E1" events="8" subjects_affected="6" subjects_at_risk="37"/>
              </event>
            </event_list>
          </category>
          <category>
            <title>Investigations</title>
            <event_list>
              <event>
                <sub_title>Weight loss</sub_title>
                <counts group_id="E1" events="4" subjects_affected="4" subjects_at_risk="37"/>
              </event>
              <event>
                <sub_title>Leukocytes (total WBC)</sub_title>
                <counts group_id="E1" events="34" subjects_affected="12" subjects_at_risk="37"/>
              </event>
              <event>
                <sub_title>Neutrophils/granulocytes (ANC/AGC)</sub_title>
                <counts group_id="E1" events="29" subjects_affected="17" subjects_at_risk="37"/>
              </event>
              <event>
                <sub_title>Platelets</sub_title>
                <counts group_id="E1" events="43" subjects_affected="18" subjects_at_risk="37"/>
              </event>
            </event_list>
          </category>
          <category>
            <title>Metabolism and nutrition disorders</title>
            <event_list>
              <event>
                <sub_title>Anorexia</sub_title>
                <counts group_id="E1" events="7" subjects_affected="7" subjects_at_risk="37"/>
              </event>
            </event_list>
          </category>
          <category>
            <title>Musculoskeletal and connective tissue disorders</title>
            <event_list>
              <event>
                <sub_title>Musculoskeletal/Soft Tissue - Other</sub_title>
                <counts group_id="E1" events="3" subjects_affected="3" subjects_at_risk="37"/>
              </event>
            </event_list>
          </category>
          <category>
            <title>Nervous system disorders</title>
            <event_list>
              <event>
                <sub_title>Taste alteration (dysgeusia)</sub_title>
                <counts group_id="E1" events="5" subjects_affected="4" subjects_at_risk="37"/>
              </event>
              <event>
                <sub_title>Dizziness</sub_title>
                <counts group_id="E1" events="10" subjects_affected="10" subjects_at_risk="37"/>
              </event>
            </event_list>
          </category>
          <category>
            <title>Psychiatric disorders</title>
            <event_list>
              <event>
                <sub_title>Neurology - Other</sub_title>
                <counts group_id="E1" events="7" subjects_affected="5" subjects_at_risk="37"/>
              </event>
              <event>
                <sub_title>Insomnia</sub_title>
                <counts group_id="E1" events="6" subjects_affected="6" subjects_at_risk="37"/>
              </event>
            </event_list>
          </category>
          <category>
            <title>Respiratory, thoracic and mediastinal disorders</title>
            <event_list>
              <event>
                <sub_title>Pulmonary/Upper Respiratory - Other</sub_title>
                <counts group_id="E1" events="6" subjects_affected="6" subjects_at_risk="37"/>
              </event>
              <event>
                <sub_title>Cough</sub_title>
                <counts group_id="E1" events="8" subjects_affected="8" subjects_at_risk="37"/>
              </event>
              <event>
                <sub_title>Dyspnea (shortness of breath)</sub_title>
                <counts group_id="E1" events="11" subjects_affected="11" subjects_at_risk="37"/>
              </event>
            </event_list>
          </category>
          <category>
            <title>Skin and subcutaneous tissue disorders</title>
            <event_list>
              <event>
                <sub_title>Petechiae/purpura (hemorrhage/bleeding into skin or mucosa)</sub_title>
                <counts group_id="E1" events="4" subjects_affected="3" subjects_at_risk="37"/>
              </event>
              <event>
                <sub_title>Sweating (diaphoresis)</sub_title>
                <counts group_id="E1" events="4" subjects_affected="4" subjects_at_risk="37"/>
              </event>
              <event>
                <sub_title>Dermatology/Skin - Other</sub_title>
                <counts group_id="E1" events="19" subjects_affected="11" subjects_at_risk="37"/>
              </event>
              <event>
                <sub_title>Pruritus/itching</sub_title>
                <counts group_id="E1" events="17" subjects_affected="12" subjects_at_risk="37"/>
              </event>
              <event>
                <sub_title>Rash/desquamation</sub_title>
                <counts group_id="E1" events="19" subjects_affected="12" subjects_at_risk="37"/>
              </event>
            </event_list>
          </category>
          <category>
            <title>Vascular disorders</title>
            <event_list>
              <event>
                <sub_title>Hemorrhage/Bleeding - Other</sub_title>
                <counts group_id="E1" events="7" subjects_affected="4" subjects_at_risk="37"/>
              </event>
              <event>
                <sub_title>Hypotension</sub_title>
                <counts group_id="E1" events="8" subjects_affected="6" subjects_at_risk="37"/>
              </event>
            </event_list>
          </category>
        </category_list>
      </other_events>
    </reported_events>

    <certain_agreements>
      <pi_employee>All Principal Investigators ARE employed by the organization sponsoring the study.</pi_employee>
      <restrictive_agreement>There is NOT an agreement between Principal Investigators and the Sponsor (or its agents) that restricts the PI's rights to discuss or publish trial results after the trial is completed. </restrictive_agreement>
    </certain_agreements>
    <point_of_contact>
      <name_or_title>Dr. Mikkael Sekeres</name_or_title>
      <organization>CCCC</organization>
      <phone>216-445-9353</phone>
      <email>sekerem@ccf.org</email>
    </point_of_contact>
  </clinical_results>
</clinical_study>

