<?xml version="1.0" encoding="UTF-8"?>
<clinical_study rank="124">
  <!-- This xml conforms to an XML Schema at:
    https://clinicaltrials.gov/ct2/html/images/info/public.xsd -->
  <required_header>
    <download_date>ClinicalTrials.gov processed this data on February 06, 2024</download_date>
    <link_text>Link to the current ClinicalTrials.gov record.</link_text>
    <url>https://clinicaltrials.gov/ct2/show/NCT03964506</url>
  </required_header>
  <id_info>
    <org_study_id>UBMT-19163</org_study_id>
    <nct_id>NCT03964506</nct_id>
  </id_info>
  <brief_title>Hyperbaric Oxygen Therapy and Allogeneic Peripheral Blood Stem Cell (PBSC) Transplant</brief_title>
  <official_title>A Pilot Study to Determine the Safety and Efficacy of Incorporating Hyperbaric Oxygen Therapy Into RIC Fludarabine and Melphalan and Allogeneic Hematopoietic Stem/Progenitor Transplantation</official_title>
  <sponsors>
    <lead_sponsor>
      <agency>Omar Aljitawi</agency>
      <agency_class>Other</agency_class>
    </lead_sponsor>
  </sponsors>
  <source>University of Rochester</source>
  <oversight_info>
    <has_dmc>Yes</has_dmc>
    <is_fda_regulated_drug>Yes</is_fda_regulated_drug>
    <is_fda_regulated_device>No</is_fda_regulated_device>
  </oversight_info>
  <brief_summary>
    <textblock>
      The purpose of this study is to determine if hyperbaric oxygen therapy is safe in the setting&#xD;
      of stem cell transplantation. This study will also determine if hyperbaric oxygen therapy&#xD;
      improves engraftment, graft versus host disease, neutrophil count, and incidence and severity&#xD;
      of mucositis (inflammation of the mouth or gut) and infection. This study has two cohorts.&#xD;
      The first cohort is subjects with acute myeloid leukemia (AML) or Myelodysplastic Syndrome&#xD;
      (MDS). The second cohort is subjects with chronic myelomonocytic leukemia (CMML), atypical&#xD;
      chronic myeloid leukemia (aCML), chronic monocytic leukemia, chronic neutrophilic leukemia&#xD;
      (CNL), myelofibrosis, and myelodysplastic/myeloproliferative (MDS/MPN) overlap syndrome. The&#xD;
      first cohort has completed the recruitment so only the second cohort will be recruited.&#xD;
    </textblock>
  </brief_summary>
  <overall_status>Recruiting</overall_status>
  <start_date type="Actual">July 1, 2020</start_date>
  <completion_date type="Anticipated">March 2024</completion_date>
  <primary_completion_date type="Anticipated">March 2024</primary_completion_date>
  <phase>Early Phase 1</phase>
  <study_type>Interventional</study_type>
  <has_expanded_access>No</has_expanded_access>
  <study_design_info>
    <allocation>N/A</allocation>
    <intervention_model>Parallel Assignment</intervention_model>
    <primary_purpose>Treatment</primary_purpose>
    <masking>None (Open Label)</masking>
  </study_design_info>
  <primary_outcome>
    <measure>Immediate safety of hyperbaric oxygen therapy prior to allogeneic stem cell transplantation in Cohort 1</measure>
    <time_frame>24 hours</time_frame>
    <description>Treatment-limiting toxicities will be assessed 24-hours post-hyperbaric oxygen therapy.</description>
  </primary_outcome>
  <primary_outcome>
    <measure>Immediate safety of hyperbaric oxygen therapy prior to allogeneic stem cell transplantation in cohort 2</measure>
    <time_frame>24 hours</time_frame>
    <description>Treatment-limiting toxicities will be assessed 24-hours post-hyperbaric oxygen therapy.</description>
  </primary_outcome>
  <primary_outcome>
    <measure>Long term safety of hyperbaric oxygen therapy prior to allogeneic stem cell transplant in Cohort 1</measure>
    <time_frame>100 days</time_frame>
    <description>Possible long-term effects of hyperbaric oxygen therapy treatment prior to allogeneic peripheral blood stem cell transplant will be assessed at day +100 post-transplant</description>
  </primary_outcome>
  <primary_outcome>
    <measure>Long term safety of hyperbaric oxygen therapy prior to allogeneic stem cell transplant in Cohort 2</measure>
    <time_frame>100 days</time_frame>
    <description>Possible long-term effects of hyperbaric oxygen therapy treatment prior to allogeneic peripheral blood stem cell transplant will be assessed at day +100 post-transplant</description>
  </primary_outcome>
  <secondary_outcome>
    <measure>Time to neutrophil recovery in Cohort 1</measure>
    <time_frame>100 days</time_frame>
    <description>based on the patient having achieved three consecutive days of Absolute Neutrophile Count (ANC) ≥ 500/microliter</description>
  </secondary_outcome>
  <secondary_outcome>
    <measure>Time to neutrophil recovery in Cohort 2</measure>
    <time_frame>100 days</time_frame>
    <description>based on the patient having achieved three consecutive days of Absolute Neutrophile Count (ANC) ≥ 500/microliter</description>
  </secondary_outcome>
  <secondary_outcome>
    <measure>Time to complete donor chimerism in Cohort 1</measure>
    <time_frame>100 days</time_frame>
    <description>Bone marrow chimerism will be checked on day +30 and day +100 Bone Marrow (BM) samples according to our standard of care</description>
  </secondary_outcome>
  <secondary_outcome>
    <measure>Time to complete donor chimerism in Cohort 2</measure>
    <time_frame>100 days</time_frame>
    <description>Bone marrow chimerism will be checked on day +30 and day +100 Bone Marrow (BM) samples according to our standard of care</description>
  </secondary_outcome>
  <secondary_outcome>
    <measure>Incidence of mucositis in Cohort 1</measure>
    <time_frame>100 days</time_frame>
  </secondary_outcome>
  <secondary_outcome>
    <measure>Incidence of graft versus host disease in Cohort 1</measure>
    <time_frame>100 days</time_frame>
  </secondary_outcome>
  <secondary_outcome>
    <measure>Incidence of infection in Cohort 1</measure>
    <time_frame>100 days</time_frame>
  </secondary_outcome>
  <secondary_outcome>
    <measure>Incidence of mucositis in Cohort 2</measure>
    <time_frame>100 days</time_frame>
  </secondary_outcome>
  <secondary_outcome>
    <measure>Incidence of infection in Cohort 2</measure>
    <time_frame>100 days</time_frame>
  </secondary_outcome>
  <secondary_outcome>
    <measure>Incidence of graft versus host disease in Cohort 2</measure>
    <time_frame>100 days</time_frame>
  </secondary_outcome>
  <number_of_arms>2</number_of_arms>
  <enrollment type="Anticipated">24</enrollment>
  <condition>Acute Myeloid Leukemia</condition>
  <condition>Myelodysplastic Syndromes</condition>
  <condition>Chronic Myelomonocytic Leukemia</condition>
  <condition>Atypical Chronic Myeloid Leukemia</condition>
  <condition>Chronic Monocytic Leukemia</condition>
  <condition>Myelofibrosis</condition>
  <condition>Myelodysplastic/Myeloproliferative Neoplasm</condition>
  <arm_group>
    <arm_group_label>Cohort 1- AML or MDS</arm_group_label>
    <arm_group_type>Experimental</arm_group_type>
    <description>Patients with will receive HBO therapy one time on day 0 of the transplant. The treatment consists of exposure to hyperbaric oxygen at 2.5 atmospheric absolutes (ATA) for a total of 90 minutes after compression to 2.5 atmosphere absolutes (ATA) in a monoplace hyperbaric chamber (Model 3200/3200R, Sechrist Industries, Inc., USA), breathing 100% oxygen. The subjects will be in the chamber for a total of 120 minutes as approximately 10-15 minutes were spent during the compression and decompression phases and subjects had 10 minute room air breaks every 30 minutes of hyperbaric oxygen treatment.</description>
  </arm_group>
  <arm_group>
    <arm_group_label>Cohort 2- CMML, aCML, CML, CNL, MDS/MPN</arm_group_label>
    <arm_group_type>Experimental</arm_group_type>
    <description>Patients with will receive HBO therapy one time on day 0 of the transplant. The treatment consists of exposure to hyperbaric oxygen at 2.5 atmospheric absolutes (ATA) for a total of 90 minutes after compression to 2.5 atmosphere absolutes (ATA) in a monoplace hyperbaric chamber (Model 3200/3200R, Sechrist Industries, Inc., USA), breathing 100% oxygen. The subjects will be in the chamber for a total of 120 minutes as approximately 10-15 minutes were spent during the compression and decompression phases and subjects had 10 minute room air breaks every 30 minutes of hyperbaric oxygen treatment.</description>
  </arm_group>
  <intervention>
    <intervention_type>Drug</intervention_type>
    <intervention_name>Hyperbaric oxygen</intervention_name>
    <description>Reduced intensity conditioning Fludarabine and Melphalan with Hyperbaric Oxygen and Allogeneic Hematopoietic Stem Cell Transplant</description>
    <arm_group_label>Cohort 1- AML or MDS</arm_group_label>
    <arm_group_label>Cohort 2- CMML, aCML, CML, CNL, MDS/MPN</arm_group_label>
    <other_name>HBO</other_name>
  </intervention>
  <eligibility>
    <criteria>
      <textblock>
        Inclusion Criteria:&#xD;
&#xD;
          -  Voluntary written informed consent&#xD;
&#xD;
          -  Men or women, age ≥ 18 years of age, with upper limit of 75 years old.&#xD;
&#xD;
          -  Subjects with acute myeloid leukemia (AML) or Myelodysplastic Syndrome (MDS) for&#xD;
             cohort 1.&#xD;
&#xD;
          -  Subjects with chronic myelomonocytic leukemia (CMML), atypical chronic myeloid&#xD;
             leukemia (aCML), CML, chronic neutrophilic leukemia (CNL), myelofibrosis, and&#xD;
             myelodysplastic/myeloproliferative (MDS/MPN) overlap syndrome for cohort 2.&#xD;
&#xD;
          -  Karnofsky performance status (KPS) of ≥ 70%&#xD;
&#xD;
          -  Patients should have New York Heart Association (NYHA) Functional Classification,&#xD;
             Class I (ordinary physical activity does not cause undue fatigue, palpitation,&#xD;
             dyspnea, or anginal pain) or Class II (ordinary physical activity results in fatigue,&#xD;
             palpitation, dyspnea, or anginal pain).&#xD;
&#xD;
          -  Adequate hepatic, renal, cardiac and pulmonary function to be eligible for transplant.&#xD;
             Minimum criteria include: Hepatic: ALT, AST &lt; 4x IULN and serum total bilirubin ≤ 2.0&#xD;
             mg/dL; Renal: serum creatinine: ≤ 2.0 mg/dL; Left ventricular ejection fraction ≥ 45%&#xD;
             measured by 2D-ECHO or MUGA scan; EKG with no clinically significant arrhythmia; FEV1,&#xD;
             FVC and DLCO ≥ 50% of predicted value (corrected to serum hemoglobin)&#xD;
&#xD;
          -  Women of child-bearing potential and men with partners of child-bearing potential must&#xD;
             agree to use adequate contraception (hormonal or barrier method of birth control;&#xD;
             abstinence) prior to study entry, for the duration of study participation, and for 30&#xD;
             days following completion of therapy. Should a woman or partner become pregnant or&#xD;
             suspect she is pregnant while participating in this study, she should inform her&#xD;
             treating physician and the investigator immediately.&#xD;
&#xD;
          -  A woman of child-bearing potential is any female (regardless of sexual orientation,&#xD;
             having undergone a tubal ligation, or remaining celibate by choice) who meets the&#xD;
             following criteria: Has not undergone a hysterectomy or bilateral oophorectomy; or Has&#xD;
             not been naturally postmenopausal for at least 12 consecutive months (i.e., has had&#xD;
             menses at any time in the preceding 12 consecutive months)&#xD;
&#xD;
          -  Women of child-bearing potential should have a negative urine or serum pregnancy test&#xD;
             within 4 weeks of starting preparative regimen&#xD;
&#xD;
        Exclusion Criteria:&#xD;
&#xD;
          -  Pregnant or breastfeeding&#xD;
&#xD;
          -  Severe chronic obstructive pulmonary disease requiring oxygen supplementation&#xD;
&#xD;
          -  History of spontaneous pneumothorax, prior chest surgery requiring thoracotomy or&#xD;
             direct chest irradiation to the lungs&#xD;
&#xD;
          -  Evidence of pneumothorax or significant pulmonary fibrosis on chest imaging within 60&#xD;
             days of transplant.&#xD;
&#xD;
          -  Active malignancy excluding AML, MDS, CMML, aCML CML, CNL, MF and MDS/MPN overlap&#xD;
             syndrome.&#xD;
&#xD;
          -  Active ear/sinus infection. Patients with chronic sinusitis or sinus headaches are&#xD;
             excluded unless cleared by ear, nose, and throat specialist.&#xD;
&#xD;
          -  Recent sinus surgery (within the last 5 years).&#xD;
&#xD;
          -  Ear surgery excluding myringotomy or ear tubes&#xD;
&#xD;
          -  Subjects must agree to refrain from active tobacco or e-cigarette use 72 hours prior&#xD;
             to transplant until complete transplant recovery. Nicotine replacement therapy is&#xD;
             allowed.&#xD;
&#xD;
          -  Claustrophobia&#xD;
&#xD;
          -  History of recurrent seizures within 5 years of study enrollment.&#xD;
&#xD;
          -  Uncontrolled asthma&#xD;
&#xD;
          -  Uncontrolled viral or bacterial infection at the time of study enrollment&#xD;
&#xD;
          -  Active or recent (prior 6 months) invasive fungal infection without interdisciplinary&#xD;
             (ID) consult and approval&#xD;
&#xD;
          -  Patients who had intrathecal chemotherapy within 2 weeks of starting preparative&#xD;
             regimen or cranial irradiation within 4 weeks of starting preparative regimen&#xD;
      </textblock>
    </criteria>
    <gender>All</gender>
    <minimum_age>18 Years</minimum_age>
    <maximum_age>75 Years</maximum_age>
    <healthy_volunteers>No</healthy_volunteers>
  </eligibility>
  <overall_official>
    <last_name>Omar S Aljitawi, MBBS</last_name>
    <role>Principal Investigator</role>
    <affiliation>University of Rochester</affiliation>
  </overall_official>
  <overall_contact>
    <last_name>Regulatory Coordinator</last_name>
    <phone>(585) 276-7078</phone>
    <email>Lisa_Metzger@URMC.Rochester.edu</email>
  </overall_contact>
  <location>
    <facility>
      <name>Wilmot Cancer Institute, University of Rochester</name>
      <address>
        <city>Rochester</city>
        <state>New York</state>
        <zip>14642</zip>
        <country>United States</country>
      </address>
    </facility>
    <status>Recruiting</status>
    <contact>
      <last_name>Omar Aljitawi</last_name>
    </contact>
    <contact_backup>
      <last_name>Lisa Metzger</last_name>
    </contact_backup>
  </location>
  <location_countries>
    <country>United States</country>
  </location_countries>
  <verification_date>April 2023</verification_date>
  <study_first_submitted>May 23, 2019</study_first_submitted>
  <study_first_submitted_qc>May 23, 2019</study_first_submitted_qc>
  <study_first_posted type="Actual">May 28, 2019</study_first_posted>
  <last_update_submitted>April 3, 2023</last_update_submitted>
  <last_update_submitted_qc>April 3, 2023</last_update_submitted_qc>
  <last_update_posted type="Actual">April 4, 2023</last_update_posted>
  <responsible_party>
    <responsible_party_type>Sponsor-Investigator</responsible_party_type>
    <investigator_affiliation>University of Rochester</investigator_affiliation>
    <investigator_full_name>Omar Aljitawi</investigator_full_name>
    <investigator_title>Associate Professor of Hematology/Oncology</investigator_title>
  </responsible_party>
  <keyword>Allogeneic transplant</keyword>
  <keyword>Hyperbaric Oxygen</keyword>
  <condition_browse>
    <!-- CAUTION:  The following MeSH terms are assigned with an imperfect algorithm            -->
    <mesh_term>Leukemia</mesh_term>
    <mesh_term>Leukemia, Myeloid</mesh_term>
    <mesh_term>Leukemia, Myelogenous, Chronic, BCR-ABL Positive</mesh_term>
    <mesh_term>Leukemia, Myelomonocytic, Chronic</mesh_term>
    <mesh_term>Leukemia, Myelomonocytic, Juvenile</mesh_term>
    <mesh_term>Leukemia, Myeloid, Chronic, Atypical, BCR-ABL Negative</mesh_term>
    <mesh_term>Myelodysplastic Syndromes</mesh_term>
    <mesh_term>Myeloproliferative Disorders</mesh_term>
    <mesh_term>Myelodysplastic-Myeloproliferative Diseases</mesh_term>
  </condition_browse>
  <patient_data>
    <sharing_ipd>Yes</sharing_ipd>
    <ipd_description>All individual participant data collected during the trial will be shared after deidentification, including dictionaries.</ipd_description>
    <ipd_info_type>Study Protocol</ipd_info_type>
    <ipd_info_type>Statistical Analysis Plan (SAP)</ipd_info_type>
    <ipd_info_type>Informed Consent Form (ICF)</ipd_info_type>
    <ipd_info_type>Clinical Study Report (CSR)</ipd_info_type>
    <ipd_info_type>Analytic Code</ipd_info_type>
    <ipd_time_frame>Data will be available immediately following publication. No end date.</ipd_time_frame>
    <ipd_access_criteria>Anyone who wishes to access the data for any type of analyses.</ipd_access_criteria>
  </patient_data>
  <!-- Results have not yet been posted for this study                                          -->
</clinical_study>

