<?xml version="1.0" encoding="UTF-8"?>
<clinical_study rank="341">
  <!-- This xml conforms to an XML Schema at:
    https://clinicaltrials.gov/ct2/html/images/info/public.xsd -->
  <required_header>
    <download_date>ClinicalTrials.gov processed this data on February 06, 2024</download_date>
    <link_text>Link to the current ClinicalTrials.gov record.</link_text>
    <url>https://clinicaltrials.gov/ct2/show/NCT05364762</url>
  </required_header>
  <id_info>
    <org_study_id>21776</org_study_id>
    <secondary_id>NCI-2022-03765</secondary_id>
    <secondary_id>21776</secondary_id>
    <secondary_id>P30CA033572</secondary_id>
    <nct_id>NCT05364762</nct_id>
  </id_info>
  <brief_title>Adding Itacitinib to Cyclophosphamide and Tacrolimus for the Prevention of Graft Versus Host Disease in Patients Undergoing Hematopoietic Stem Cell Transplants</brief_title>
  <official_title>Single Center Pilot Study to Investigate the Efficacy of Adding Itacitinib to Post-Transplant Cyclophosphamide as Graft-Versus-Host Disease Prophylaxis After Reduced Intensity Conditioning Matched Donor Hematopoietic Cell Transplantation With Peripheral Blood Stem Cells as Graft Source</official_title>
  <sponsors>
    <lead_sponsor>
      <agency>City of Hope Medical Center</agency>
      <agency_class>Other</agency_class>
    </lead_sponsor>
    <collaborator>
      <agency>National Cancer Institute (NCI)</agency>
      <agency_class>NIH</agency_class>
    </collaborator>
  </sponsors>
  <source>City of Hope Medical Center</source>
  <oversight_info>
    <has_dmc>Yes</has_dmc>
    <is_fda_regulated_drug>Yes</is_fda_regulated_drug>
    <is_fda_regulated_device>No</is_fda_regulated_device>
  </oversight_info>
  <brief_summary>
    <textblock>
      This clinical trial evaluates the safety and effectiveness of adding itacitinib to&#xD;
      cyclophosphamide and tacrolimus for the prevention of graft versus host disease (GVHD) in&#xD;
      patients undergoing hematopoietic stem cell transplant. Itacitinib is an enzyme inhibitor&#xD;
      that may regulate the development, proliferation, and activation of immune cells important&#xD;
      for GVHD development. Cyclophosphamide and tacrolimus are immunosuppressive agents that may&#xD;
      prevent GVHD in patients who receive stem cell transplants. Giving itacitinib in addition to&#xD;
      cyclophosphamide and tacrolimus may be more effective at preventing GVHD in patients&#xD;
      receiving hematopoietic stem cell transplants.&#xD;
    </textblock>
  </brief_summary>
  <detailed_description>
    <textblock>
      PRIMARY OBJECTIVES:&#xD;
&#xD;
      I. Safety lead-in: Determine if shortening tacrolimus administration period to 60 days (day&#xD;
      +65 post-hematopoietic cell transplantation [HCT]), when combined with post-transplant&#xD;
      cyclophosphamide (PTCy) and itacitinib at a fixed dose level as graft-versus-host disease&#xD;
      (GVHD) prophylaxis, is safe and effective after mobilized peripheral blood stem cell (PBSC)&#xD;
      allogeneic hematopoietic cell transplantation (HCT) from a matched related/unrelated donor,&#xD;
      as assessed by grade 3-4 GVHD as dose limiting toxicity.&#xD;
&#xD;
      II. Following the safety lead-in, evaluate the efficacy of PTCy, itacitinib and tacrolimus&#xD;
      GVHD prophylaxis, as assessed by 1-year GVHD-free relapse-free survival (GRFS).&#xD;
&#xD;
      SECONDARY OBJECTIVES:&#xD;
&#xD;
      I. Evaluate the safety of this regimen by assessing:&#xD;
&#xD;
      Ia. Adverse events: type, frequency, severity, attribution, time course, duration.&#xD;
&#xD;
      Ib. Complications including acute and chronic GVHD, infections and delayed engraftment.&#xD;
&#xD;
      II. Estimate overall survival (OS), progression-free survival (PFS), cumulative incidences of&#xD;
      relapse/disease progression, and non-relapse mortality (NRM) at 100 days, and 1-year&#xD;
      post-transplant.&#xD;
&#xD;
      III. Estimate rates of acute and chronic GvHD, infections, and neutrophil recovery.&#xD;
&#xD;
      EXPLORATORY OBJECTIVES:&#xD;
&#xD;
      I. Donor cell engraftment will be assessed by count monitoring and short tandem repeat (STR)&#xD;
      chimerism analysis on days +30 and day +100.&#xD;
&#xD;
      II. Describe the kinetics of immune cell recovery. III. Evaluate patient's quality of life on&#xD;
      day +100, 6 months and one-year post-HCT.&#xD;
&#xD;
      IV. Pharmacokinetics: serial blood sampling will be done to evaluate the steady-state&#xD;
      pharmacokinetics of itacitinib after PTCy.&#xD;
&#xD;
      V. Describe the kinetics of GVHD biomarkers, JAK-related inflammatory cytokines and STAT&#xD;
      phosphorylation.&#xD;
&#xD;
      VI. Evaluate and describe the cytokine release syndrome (CRS) post-HCT by assessing the&#xD;
      incidence, frequency, and severity of CRS.&#xD;
&#xD;
      VII. Obtain a preliminary estimate of gut microbiome diversity at baseline (preferably before&#xD;
      fludarabine administration), and then on days +14, +30, and +100.&#xD;
&#xD;
      OUTLINE:&#xD;
&#xD;
      Patients undergo peripheral blood stem cell infusion on day 0. Patients receive&#xD;
      cyclophosphamide intravenously (IV) once daily (QD) on days 3 and 4, itacitinib orally (PO)&#xD;
      QD on days 5-100, and tacrolimus IV or PO on days 6-65.&#xD;
&#xD;
      After completion of study treatment, patients are followed up at day 180 and 1 year.&#xD;
    </textblock>
  </detailed_description>
  <overall_status>Recruiting</overall_status>
  <start_date type="Actual">November 23, 2022</start_date>
  <completion_date type="Anticipated">April 28, 2024</completion_date>
  <primary_completion_date type="Anticipated">April 28, 2024</primary_completion_date>
  <phase>Phase 2</phase>
  <study_type>Interventional</study_type>
  <has_expanded_access>No</has_expanded_access>
  <study_design_info>
    <allocation>N/A</allocation>
    <intervention_model>Single Group Assignment</intervention_model>
    <primary_purpose>Prevention</primary_purpose>
    <masking>None (Open Label)</masking>
  </study_design_info>
  <primary_outcome>
    <measure>Number of participants with Grade III-IV acute graft versus host disease (GVHD)</measure>
    <time_frame>By day 100</time_frame>
    <description>Acute GVHD will be graded and staged according to Mount Sinai Acute GVHD International Consortium (MAGIC) criteria.</description>
  </primary_outcome>
  <primary_outcome>
    <measure>GVHD-free relapse-free survival rate</measure>
    <time_frame>From start of hematopoietic cell transplantation to grade III-IV acute GvHD, chronic GvHD requiring systemic treatment, relapse, or death (from any cause), whichever occurs first, assessed at 1 year</time_frame>
    <description>Will be calculated using the Kaplan-Meier method.</description>
  </primary_outcome>
  <secondary_outcome>
    <measure>Incidence of adverse events</measure>
    <time_frame>Up to 2 years</time_frame>
    <description>The toxicity/adverse event information recorded on each subject will include type, severity, duration, and attribution/ association with the study regimen. Tables will be constructed to summarize the observed incidence, severity and type of toxicity, including infection.</description>
  </secondary_outcome>
  <secondary_outcome>
    <measure>Overall survival</measure>
    <time_frame>Day of stem cell infusion (day 0) until death or last follow-up, assessed at 100 days</time_frame>
    <description>Will be calculated using the Kaplan-Meier method.</description>
  </secondary_outcome>
  <secondary_outcome>
    <measure>Overall survival</measure>
    <time_frame>Day of stem cell infusion (day 0) until death or last follow-up, assessed at 180 days</time_frame>
    <description>Will be calculated using the Kaplan-Meier method.</description>
  </secondary_outcome>
  <secondary_outcome>
    <measure>Overall survival</measure>
    <time_frame>Day of stem cell infusion (day 0) until death or last follow-up, assessed at 1 year</time_frame>
    <description>Will be calculated using the Kaplan-Meier method.</description>
  </secondary_outcome>
  <secondary_outcome>
    <measure>Progression free survival</measure>
    <time_frame>From the date of stem cell infusion to the date of death, disease relapse/progression, or last follow-up, assessed at 100 days</time_frame>
    <description>Will be calculated using the Kaplan-Meier method.</description>
  </secondary_outcome>
  <secondary_outcome>
    <measure>Progression free survival</measure>
    <time_frame>From the date of stem cell infusion to the date of death, disease relapse/progression, or last follow-up, assessed at 180 days</time_frame>
    <description>Will be calculated using the Kaplan-Meier method.</description>
  </secondary_outcome>
  <secondary_outcome>
    <measure>Progression free survival</measure>
    <time_frame>From the date of stem cell infusion to the date of death, disease relapse/progression, or last follow-up, assessed at 1 year</time_frame>
    <description>Will be calculated using the Kaplan-Meier method.</description>
  </secondary_outcome>
  <secondary_outcome>
    <measure>Relapse/progression</measure>
    <time_frame>Day 0 to relapse/progression, assessed at 100 days</time_frame>
    <description>The cumulative incidence will be calculated using the competing risk method.</description>
  </secondary_outcome>
  <secondary_outcome>
    <measure>Relapse/progression</measure>
    <time_frame>Day 0 to relapse/progression, assessed at 180 days</time_frame>
    <description>The cumulative incidence will be calculated using the competing risk method.</description>
  </secondary_outcome>
  <secondary_outcome>
    <measure>Relapse/progression</measure>
    <time_frame>Day 0 to relapse/progression, assessed at 1 year</time_frame>
    <description>The cumulative incidence will be calculated using the competing risk method.</description>
  </secondary_outcome>
  <secondary_outcome>
    <measure>Non-relapse mortality</measure>
    <time_frame>Day 0 until non-disease related death or last follow-up, assessed at 100 days</time_frame>
    <description>The cumulative incidence will be calculated using the competing risk method.</description>
  </secondary_outcome>
  <secondary_outcome>
    <measure>Non-relapse mortality</measure>
    <time_frame>Day 0 until non-disease related death or last follow-up, assessed at 180 days</time_frame>
    <description>The cumulative incidence will be calculated using the competing risk method.</description>
  </secondary_outcome>
  <secondary_outcome>
    <measure>Non-relapse mortality</measure>
    <time_frame>Day 0 until non-disease related death or last follow-up, assessed at 1 year</time_frame>
    <description>The cumulative incidence will be calculated using the competing risk method.</description>
  </secondary_outcome>
  <secondary_outcome>
    <measure>Rate of acute GVHD</measure>
    <time_frame>On day 100</time_frame>
    <description>Acute GVHD will be graded and staged according to MAGIC criteria. The first day of acute GVHD onset at a certain grade will be used to calculate the cumulative incidence (grades II-IV). The endpoint will be evaluated from day 0 through 100 days post-transplant. The cumulative incidence will be calculated using the competing risk method.</description>
  </secondary_outcome>
  <secondary_outcome>
    <measure>Rate of chronic GVHD</measure>
    <time_frame>From day 80 through 1 year post-transplant</time_frame>
    <description>Chronic graft versus host disease will be evaluated and scored according to National Institutes of Health Consensus Staging. The first day of chronic GVHD onset will be used to calculate the cumulative incidence. The cumulative incidence will be calculated using the competing risk method.</description>
  </secondary_outcome>
  <secondary_outcome>
    <measure>Rate of infection</measure>
    <time_frame>Day -7 to day 120</time_frame>
    <description>Microbiologically documented infections will be reported by site of disease, date of onset, severity and resolution, if any. This data will be captured via case report form and will be collected from day -7 to day 120 post-transplant and will follow the same data collection intervals as the toxicity and adverse event data.</description>
  </secondary_outcome>
  <secondary_outcome>
    <measure>Rate of hematologic recovery</measure>
    <time_frame>Up to 2 years</time_frame>
    <description>Absolute neutrophil count &gt;= 0.5 x 10^3/uL achieved and sustained for 3 consecutive lab values on different days with no subsequent decline.&#xD;
Platelets &gt;= 20 K/uL independent of platelet transfusion support (date should reflect no transfusions in previous 7 days, and the first of 3 consecutive lab values on different days).</description>
  </secondary_outcome>
  <secondary_outcome>
    <measure>Incidence of cytokine release syndrome</measure>
    <time_frame>Up to 2 years</time_frame>
    <description>Defined and graded per American Society for Transplantation and Cellular Therapy criteria.</description>
  </secondary_outcome>
  <secondary_outcome>
    <measure>Gut microbiome assessment</measure>
    <time_frame>Up to 2 years</time_frame>
    <description>Gut microbiome diversity will be assessed by the inverse Simpson Index and compared among CBM588-treated/untreated patients; the inverse Simpson index is an ecological measure of α microbial diversity calculated by the inverse of the expected probability of 2 randomly selected bacterial sequences as belonging to the same operational taxonomic unit.</description>
  </secondary_outcome>
  <number_of_arms>1</number_of_arms>
  <enrollment type="Anticipated">50</enrollment>
  <condition>Acute Lymphoblastic Leukemia</condition>
  <condition>Acute Myeloid Leukemia</condition>
  <condition>Chronic Myelomonocytic Leukemia</condition>
  <condition>Myelodysplastic Syndrome</condition>
  <condition>Myeloproliferative Neoplasm</condition>
  <condition>Primary Myelofibrosis</condition>
  <condition>Secondary Myelofibrosis</condition>
  <arm_group>
    <arm_group_label>Prevention (PBSCs, cyclophosphamide, itacitinib, tacrolimus)</arm_group_label>
    <arm_group_type>Experimental</arm_group_type>
    <description>Patients undergo peripheral blood stem cell infusion on day 0. Patients receive cyclophosphamide IV QD on days 3 and 4, itacitinib PO QD on days 5-100, and tacrolimus IV or PO on days 6-65.</description>
  </arm_group>
  <intervention>
    <intervention_type>Drug</intervention_type>
    <intervention_name>Cyclophosphamide</intervention_name>
    <description>Given IV</description>
    <arm_group_label>Prevention (PBSCs, cyclophosphamide, itacitinib, tacrolimus)</arm_group_label>
    <other_name>(-)-Cyclophosphamide</other_name>
    <other_name>2H-1,3,2-Oxazaphosphorine, 2-[bis(2-chloroethyl)amino]tetrahydro-, 2-oxide, monohydrate</other_name>
    <other_name>Carloxan</other_name>
    <other_name>Ciclofosfamida</other_name>
    <other_name>Ciclofosfamide</other_name>
    <other_name>Cicloxal</other_name>
    <other_name>Clafen</other_name>
    <other_name>Claphene</other_name>
    <other_name>CP monohydrate</other_name>
    <other_name>CTX</other_name>
    <other_name>CYCLO-cell</other_name>
    <other_name>Cycloblastin</other_name>
    <other_name>Cycloblastine</other_name>
    <other_name>Cyclophospham</other_name>
    <other_name>Cyclophosphamid monohydrate</other_name>
    <other_name>Cyclophosphamide Monohydrate</other_name>
    <other_name>Cyclophosphamidum</other_name>
    <other_name>Cyclophosphan</other_name>
    <other_name>Cyclophosphane</other_name>
    <other_name>Cyclophosphanum</other_name>
    <other_name>Cyclostin</other_name>
    <other_name>Cyclostine</other_name>
    <other_name>Cytophosphan</other_name>
    <other_name>Cytophosphane</other_name>
    <other_name>Cytoxan</other_name>
    <other_name>Fosfaseron</other_name>
    <other_name>Genoxal</other_name>
    <other_name>Genuxal</other_name>
    <other_name>Ledoxina</other_name>
    <other_name>Mitoxan</other_name>
    <other_name>Neosar</other_name>
    <other_name>Revimmune</other_name>
    <other_name>Syklofosfamid</other_name>
    <other_name>WR- 138719</other_name>
  </intervention>
  <intervention>
    <intervention_type>Drug</intervention_type>
    <intervention_name>Itacitinib</intervention_name>
    <description>Given PO</description>
    <arm_group_label>Prevention (PBSCs, cyclophosphamide, itacitinib, tacrolimus)</arm_group_label>
    <other_name>INCB 039110</other_name>
    <other_name>INCB-039110</other_name>
    <other_name>INCB039110</other_name>
  </intervention>
  <intervention>
    <intervention_type>Procedure</intervention_type>
    <intervention_name>Peripheral Blood Stem Cell Transplantation</intervention_name>
    <description>Undergo peripheral blood stem cell infusion</description>
    <arm_group_label>Prevention (PBSCs, cyclophosphamide, itacitinib, tacrolimus)</arm_group_label>
    <other_name>PBPC transplantation</other_name>
    <other_name>PBSCT</other_name>
    <other_name>Peripheral Blood</other_name>
    <other_name>Peripheral Blood Progenitor Cell Transplantation</other_name>
    <other_name>PERIPHERAL BLOOD STEM CELL TRANSPLANT</other_name>
    <other_name>Peripheral Stem Cell Support</other_name>
    <other_name>Peripheral Stem Cell Transplant</other_name>
    <other_name>Peripheral Stem Cell Transplantation</other_name>
  </intervention>
  <intervention>
    <intervention_type>Other</intervention_type>
    <intervention_name>Quality-of-Life Assessment</intervention_name>
    <description>Ancillary studies</description>
    <arm_group_label>Prevention (PBSCs, cyclophosphamide, itacitinib, tacrolimus)</arm_group_label>
    <other_name>Quality of Life Assessment</other_name>
  </intervention>
  <intervention>
    <intervention_type>Drug</intervention_type>
    <intervention_name>Tacrolimus</intervention_name>
    <description>Given IV or PO</description>
    <arm_group_label>Prevention (PBSCs, cyclophosphamide, itacitinib, tacrolimus)</arm_group_label>
    <other_name>FK 506</other_name>
    <other_name>Fujimycin</other_name>
    <other_name>Hecoria</other_name>
    <other_name>Prograf</other_name>
    <other_name>Protopic</other_name>
  </intervention>
  <eligibility>
    <criteria>
      <textblock>
        Inclusion Criteria:&#xD;
&#xD;
          -  Documented informed consent of the participant and/or legally authorized&#xD;
             representative&#xD;
&#xD;
               -  Assent, when appropriate, will be obtained per institutional guidelines&#xD;
&#xD;
          -  Agreement to allow the use of archival tissue from diagnostic tumor biopsies&#xD;
&#xD;
               -  If unavailable, exceptions may be granted with study principal investigator (PI)&#xD;
                  approval&#xD;
&#xD;
          -  Age: =&lt; 80 years&#xD;
&#xD;
               -  Note: Patients &gt; 70 years of age must have Karnofsky performance status &gt;= 80 and&#xD;
                  HCT-comorbidity index (CI) =&lt; 2&#xD;
&#xD;
          -  Karnofsky performance status &gt;= 70%&#xD;
&#xD;
          -  Patients with the following diagnosis, eligible to undergo allogeneic HCT from an 8/8&#xD;
             match related/unrelated donor (A, B, C, DR by high resolution typing)&#xD;
&#xD;
               -  Acute leukemias (acute myeloid leukemia [AML] or acute lymphoblastic leukemia&#xD;
                  [ALL]) in complete remission with bone marrow (BM) blast of &lt; 5%&#xD;
&#xD;
               -  Myelofibrosis (MF): Primary or secondary with high- or intermediate-2 risk per&#xD;
                  Dynamic International Prognostic Scoring System (DIPSS)&#xD;
&#xD;
               -  Myelodysplastic syndrome (blast &lt; 10%)&#xD;
&#xD;
               -  Myeloproliferative neoplasm (MPN) other than MF needing HCT&#xD;
&#xD;
               -  Chronic myelomonocytic leukemia (CMML)&#xD;
&#xD;
          -  Total bilirubin =&lt; 2 x upper limit of normal (ULN) (unless has Gilbert's disease)&#xD;
             (within 30 days prior to day 1 of protocol therapy unless otherwise stated)&#xD;
&#xD;
          -  Serum glutamic-oxaloacetic transaminase (SGOT) and serum glutamate pyruvate&#xD;
             transaminase (SGPT) &lt; 5 x ULN (within 30 days prior to day 1 of protocol therapy&#xD;
             unless otherwise stated)&#xD;
&#xD;
          -  Creatinine clearance of &gt;= 60 mL/min per 24 hour urine test or the Cockcroft-Gault&#xD;
             formula (within 30 days prior to day 1 of protocol therapy unless otherwise stated)&#xD;
&#xD;
          -  Left ventricular ejection fraction (LVEF) &gt;= 50%&#xD;
&#xD;
               -  Note: To be performed within 30 days prior to day 1 of protocol therapy&#xD;
&#xD;
          -  If able to perform pulmonary function tests: forced expiratory volume in 1 second&#xD;
             (FEV1), forced vital capacity (FVC) and diffusion capacity of the lungs for carbon&#xD;
             monoxide (DLCO) (diffusion capacity) &gt;= 50% of predicted (corrected for hemoglobin)&#xD;
             (within 30 days prior to day 1 of protocol therapy)&#xD;
&#xD;
          -  If unable to perform pulmonary function tests: O2 saturation &gt; 92% on room air (within&#xD;
             30 days prior to day 1 of protocol therapy)&#xD;
&#xD;
          -  Seronegative for human immunodeficiency virus (HIV) antigen (Ag)/antibody (Ab) combo,&#xD;
             hepatitis C virus (HCV), active hepatitis B virus (HBV) (surface antigen negative),&#xD;
             and syphilis rapid plasma reagin (RPR) (within 30 days prior to day 1 of protocol&#xD;
             therapy)&#xD;
&#xD;
               -  If positive, hepatitis C ribonucleic acid (RNA) quantitation must be performed OR&#xD;
&#xD;
               -  If seropositive for HIV, HCV or HBV, nucleic acid quantitation must be performed.&#xD;
                  Viral load must be undetectable&#xD;
&#xD;
          -  Meets other institutional and federal requirements for infectious disease titer&#xD;
             requirements&#xD;
&#xD;
               -  Note: Infectious disease testing to be performed within 28 days prior to day 1 of&#xD;
                  protocol therapy&#xD;
&#xD;
          -  Women of childbearing potential (WOCBP): negative urine or serum pregnancy test&#xD;
             (within 30 days prior to day 1 of protocol therapy)&#xD;
&#xD;
               -  If the urine test is positive or cannot be confirmed as negative, a serum&#xD;
                  pregnancy test will be required&#xD;
&#xD;
          -  Agreement by females and males of childbearing potential to use an effective method of&#xD;
             birth control or abstain from heterosexual activity for the course of the study&#xD;
             through at least 6 months after the last dose of protocol therapy&#xD;
&#xD;
               -  Childbearing potential defined as not being surgically sterilized (men and women)&#xD;
                  or have not been free from menses for &gt; 1 year (women only)&#xD;
&#xD;
        Exclusion Criteria:&#xD;
&#xD;
          -  Prior allogeneic HCT&#xD;
&#xD;
          -  Chemotherapy, radiation therapy, biological therapy, immunotherapy within 21 days&#xD;
             prior to day 1 of protocol therapy&#xD;
&#xD;
               -  Note: Conditioning regimen within 21 days prior to day 1 of protocol therapy is&#xD;
                  not considered as an exclusion criterion. Patients on maintenance chemotherapy&#xD;
                  are not excluded&#xD;
&#xD;
          -  Other investigational drugs for treatment of GVHD&#xD;
&#xD;
          -  History of allergic reactions attributed to compounds of similar chemical or biologic&#xD;
             composition to study agents&#xD;
&#xD;
          -  Psychological issues, no appropriate caregivers identified, or non-compliant to&#xD;
             medication&#xD;
&#xD;
          -  Clinically significant uncontrolled illness&#xD;
&#xD;
          -  Uncontrolled infection (bacterial, viral, fungal)&#xD;
&#xD;
          -  Other active malignancy&#xD;
&#xD;
          -  Females only: Pregnant or breastfeeding&#xD;
&#xD;
          -  Any other condition that would, in the investigator's judgment, contraindicate the&#xD;
             patient's participation in the clinical study due to safety concerns with clinical&#xD;
             study procedures&#xD;
&#xD;
          -  Prospective participants who, in the opinion of the investigator, may not be able to&#xD;
             comply with all study procedures (including compliance issues related to&#xD;
             feasibility/logistics)&#xD;
      </textblock>
    </criteria>
    <gender>All</gender>
    <minimum_age>N/A</minimum_age>
    <maximum_age>80 Years</maximum_age>
    <healthy_volunteers>No</healthy_volunteers>
  </eligibility>
  <overall_official>
    <last_name>Monzr M Al Malki</last_name>
    <role>Principal Investigator</role>
    <affiliation>City of Hope Medical Center</affiliation>
  </overall_official>
  <location>
    <facility>
      <name>City of Hope Medical Center</name>
      <address>
        <city>Duarte</city>
        <state>California</state>
        <zip>91010</zip>
        <country>United States</country>
      </address>
    </facility>
    <status>Recruiting</status>
    <contact>
      <last_name>Monzr M. Al Malki</last_name>
      <phone>626-218-2405</phone>
      <email>malmaki@coh.org</email>
    </contact>
    <investigator>
      <last_name>Monzr M. Al Malki</last_name>
      <role>Principal Investigator</role>
    </investigator>
  </location>
  <location_countries>
    <country>United States</country>
  </location_countries>
  <verification_date>October 2023</verification_date>
  <study_first_submitted>May 3, 2022</study_first_submitted>
  <study_first_submitted_qc>May 3, 2022</study_first_submitted_qc>
  <study_first_posted type="Actual">May 6, 2022</study_first_posted>
  <last_update_submitted>October 20, 2023</last_update_submitted>
  <last_update_submitted_qc>October 20, 2023</last_update_submitted_qc>
  <last_update_posted type="Actual">October 23, 2023</last_update_posted>
  <responsible_party>
    <responsible_party_type>Sponsor</responsible_party_type>
  </responsible_party>
  <condition_browse>
    <!-- CAUTION:  The following MeSH terms are assigned with an imperfect algorithm            -->
    <mesh_term>Leukemia</mesh_term>
    <mesh_term>Precursor Cell Lymphoblastic Leukemia-Lymphoma</mesh_term>
    <mesh_term>Leukemia, Myelomonocytic, Chronic</mesh_term>
    <mesh_term>Leukemia, Myelomonocytic, Juvenile</mesh_term>
    <mesh_term>Myelodysplastic Syndromes</mesh_term>
    <mesh_term>Primary Myelofibrosis</mesh_term>
    <mesh_term>Myeloproliferative Disorders</mesh_term>
    <mesh_term>Graft vs Host Disease</mesh_term>
  </condition_browse>
  <intervention_browse>
    <!-- CAUTION:  The following MeSH terms are assigned with an imperfect algorithm            -->
    <mesh_term>Cyclophosphamide</mesh_term>
    <mesh_term>Tacrolimus</mesh_term>
  </intervention_browse>
  <!-- Results have not yet been posted for this study                                          -->
</clinical_study>

