<?xml version="1.0" encoding="UTF-8"?>
<clinical_study rank="42">
  <!-- This xml conforms to an XML Schema at:
    https://clinicaltrials.gov/ct2/html/images/info/public.xsd -->
  <required_header>
    <download_date>ClinicalTrials.gov processed this data on February 06, 2024</download_date>
    <link_text>Link to the current ClinicalTrials.gov record.</link_text>
    <url>https://clinicaltrials.gov/ct2/show/NCT04266301</url>
  </required_header>
  <id_info>
    <org_study_id>CMBG453B12301</org_study_id>
    <secondary_id>2019-002089-11</secondary_id>
    <nct_id>NCT04266301</nct_id>
  </id_info>
  <brief_title>Study of Efficacy and Safety of MBG453 in Combination With Azacitidine in Subjects With Intermediate, High or Very High Risk Myelodysplastic Syndrome (MDS) as Per IPSS-R, or Chronic Myelomonocytic Leukemia-2 (CMML-2)</brief_title>
  <acronym>STIMULUS-MDS2</acronym>
  <official_title>A Randomized, Double-blind, Placebo-controlled Phase III Multi-center Study of Azacitidine With or Without MBG453 for the Treatment of Patients With Intermediate, High or Very High Risk Myelodysplastic Syndrome (MDS) as Per IPSS-R, or Chronic Myelomonocytic Leukemia-2 (CMML-2)</official_title>
  <sponsors>
    <lead_sponsor>
      <agency>Novartis Pharmaceuticals</agency>
      <agency_class>Industry</agency_class>
    </lead_sponsor>
  </sponsors>
  <source>Novartis</source>
  <oversight_info>
    <has_dmc>Yes</has_dmc>
    <is_fda_regulated_drug>Yes</is_fda_regulated_drug>
    <is_fda_regulated_device>No</is_fda_regulated_device>
  </oversight_info>
  <brief_summary>
    <textblock>
      This is a Phase III multi-center, randomized, two-arm parallel-group, double-blind,&#xD;
      placebo-controlled study of MBG453 or placebo added to azacitidine in adult subjects with&#xD;
      intermediate, high or very high risk myelodysplastic syndrome (MDS) as per IPSS-R, or Chronic&#xD;
      Myelomonocytic Leukemia-2 (CMML-2) who have an indication for treatment with azacitidine in&#xD;
      first-line setting and are not eligible for intensive chemotherapy or hematopoietic stem cell&#xD;
      transplantation (HSCT) according to medical judgment by the investigator.&#xD;
&#xD;
      The purpose of the current study is to assess clinical effects of MBG453 in combination with&#xD;
      azacitidine in adult subjects with IPSS-R intermediate, high, very high risk MDS and CMML-2.&#xD;
    </textblock>
  </brief_summary>
  <detailed_description>
    <textblock>
      This is a Phase III multi-center, randomized, two-arm parallel-group, double-blind, placebo&#xD;
      controlled study of MBG453 or placebo added to azacitidine in adult subjects with&#xD;
      intermediate, high or very high risk myelodysplastic syndrome (MDS) as per IPSS-R, or Chronic&#xD;
      Myelomonocytic Leukemia-2 (CMML-2).&#xD;
&#xD;
      The primary objective of this study is to compare overall survival (OS) in the MBG453 plus&#xD;
      azacitidine arm versus placebo plus azacitidine arm where OS is the time from randomization&#xD;
      until death due to any cause.&#xD;
&#xD;
      Subjects will be randomized in a 1:1 ratio to treatment arms as follow: MBG453 800 mg IV Q4W&#xD;
      plus azacytidine, Placebo IV Q4W plus azacitidine The randomization will be stratified into 4&#xD;
      groups: intermediate risk MDS, high risk MDS, very high risk MDS and CMML-2.&#xD;
&#xD;
      All subjects who discontinue both study treatments will enter a long-term post-treatment&#xD;
      follow-up including response and PRO assessments, and/or survival follow-up for up to 5 years&#xD;
      after the last subject was randomized.&#xD;
&#xD;
      Subjects will be treated until they experience progression of disease (including&#xD;
      transformation to acute leukemia per WHO 2016 classification), experience unacceptable&#xD;
      toxicity or discontinue the study treatment for other reasons.&#xD;
&#xD;
      Continuation of study treatment beyond progression (excluding transformation to acute&#xD;
      leukemia: continuation in this case is not possible) may be possible in selected subjects.&#xD;
    </textblock>
  </detailed_description>
  <overall_status>Active, not recruiting</overall_status>
  <start_date type="Actual">June 8, 2020</start_date>
  <completion_date type="Anticipated">January 15, 2027</completion_date>
  <primary_completion_date type="Anticipated">January 15, 2027</primary_completion_date>
  <phase>Phase 3</phase>
  <study_type>Interventional</study_type>
  <has_expanded_access>No</has_expanded_access>
  <study_design_info>
    <allocation>Randomized</allocation>
    <intervention_model>Parallel Assignment</intervention_model>
    <intervention_model_description>Randomized, double-blind</intervention_model_description>
    <primary_purpose>Treatment</primary_purpose>
    <masking>Triple (Participant, Care Provider, Investigator)</masking>
  </study_design_info>
  <primary_outcome>
    <measure>Overall Survival</measure>
    <time_frame>Up to 5 years after last patient randomized</time_frame>
    <description>Time from randomization until death due to any cause</description>
  </primary_outcome>
  <secondary_outcome>
    <measure>Key secondary endpoint 1: Time to definitive deterioration of fatigue using Functional Assessment of Cancer Therapy (FACIT)-Fatigue score</measure>
    <time_frame>Up to 5 years after last patient randomized</time_frame>
    <description>FACIT-Fatigue score is a 13-item questionnaire designed to assess fatigue in cancer patients. All items use a 5-point scale ranging from 0 to 4 (0=Not at All to 4=Very Much). The total score ranges from 0 to 52 with higher values representing better quality of life. Time from randomization to at least 3 points worsening from baseline will be presented.</description>
  </secondary_outcome>
  <secondary_outcome>
    <measure>Key secondary endpoint 2: Red Blood Cell transfusion-free intervals</measure>
    <time_frame>Up to 5 years after last patient randomized</time_frame>
    <description>Cumulative times of intervals with no evidence of Red Blood Cell (RBC) transfusion for at least 8 weeks after randomization</description>
  </secondary_outcome>
  <secondary_outcome>
    <measure>Key secondary endpoint: Percent of subjects with at least 3 point confirmed improvement from baseline in FACIT-fatigue scoresscore</measure>
    <time_frame>Up to 5 years after last patient randomized</time_frame>
    <description>FACIT-Fatigue score is a 13-item questionnaire designed to assess fatigue in cancer patients. All items use a 5-point scale ranging from 0 to 4 (0=Not at All to 4=Very Much). The total score ranges from 0 to 52 with higher values representing better quality of life. Percentage of subjects with at least 3 point confirmed improvement from baseline will be presented.</description>
  </secondary_outcome>
  <secondary_outcome>
    <measure>Key secondary endpoint 4: Percent of subjects with at least 10 point confirmed improvement from baseline in physical functioning using European Or ganization for Research and Treatment of Cancer's Core Quality of Life Questionnaire (EORTC QLQ-C30)</measure>
    <time_frame>Up to 5 years after last patient randomized</time_frame>
    <description>EORTC-QLQ-C30 is a 30-item questionnaire developed to assess the quality of life of cancer patients. Subject's responses to 5 questions about their physical functioning (Items 1-5) are scored on a 4-point scale (1=Not at All to 4=Very Much). Using linear transformation, raw scores are standardized, so that scores range from 0 to 100. A high score indicates a high / healthy level of functioning. Percentage of subjects with at least 10 point confirmed improvement from baseline in physical functioning will be presented.</description>
  </secondary_outcome>
  <secondary_outcome>
    <measure>Key secondary endpoint 5: Percent of subjects with at least 10 point confirmed improvement from baseline in emotional functioning using EORTC-QLQ-C30</measure>
    <time_frame>Up to 5 years after last patient randomized</time_frame>
    <description>EORTC-QLQ-C30 is a 30-item questionnaire developed to assess the quality of life of cancer patients. Subject's responses to 4 questions about their emotional functioning (Items 21-24) are scored on a 4-point scale (1=Not at All to 4=Very Much). Using linear transformation, raw scores are standardized, so that scores range from 0 to 100. A high score indicates a high / healthy level of functioning. Percentage of subjects with at least 10 point confirmed improvement from baseline in emotional functioning will be presented.</description>
  </secondary_outcome>
  <secondary_outcome>
    <measure>Percentage of subjects with either CR, or mCR, or PR, or HI in each treatment arm according to International Working Group for MDS (IWG-MDS) as per investigator assessment</measure>
    <time_frame>Up to 5 years after last patient randomized</time_frame>
    <description>Response rate of subjects with complete remission (CR), or marrow remission (mCR), or partial remission (PR), or hematologic improvement (HI)</description>
  </secondary_outcome>
  <secondary_outcome>
    <measure>Percentage of subjects with SD in each treatment arm according to International Working Group for MDS (IWG-MDS) as per investigator assessment</measure>
    <time_frame>Up to 5 years after last patient randomized</time_frame>
    <description>Response rate of subjects with stable disease (SD)</description>
  </secondary_outcome>
  <secondary_outcome>
    <measure>Progression Free Survival (PFS)</measure>
    <time_frame>Up to 5 years after last patient randomized</time_frame>
    <description>Time from randomization to disease progression (including transformation to acute leukemia per WHO 2016 classification), relapse from CR according to International Working Group for MDS (IWG-MDS), or death due to any cause, whichever occurs first, as per investigator assessment</description>
  </secondary_outcome>
  <secondary_outcome>
    <measure>Leukemia-free survival</measure>
    <time_frame>Up to 5 years after last patient randomized</time_frame>
    <description>Time from randomization to ≥ 20% blasts in bone marrow/peripheral blood (per WHO 2016 classification) or diagnosis of extramedullary acute leukemia, or death due to any cause</description>
  </secondary_outcome>
  <secondary_outcome>
    <measure>Number of transfusion dependent subjects at baseline who become Red Blood Cells/platelets transfusion independent after randomization</measure>
    <time_frame>Up to 5 years after last patient randomized as per IWG-MDS criteria</time_frame>
    <description>Improvement in RBC/Platelets transfusion independence as per International Working Group for MDS (IWG-MDS) criteria</description>
  </secondary_outcome>
  <secondary_outcome>
    <measure>Percentage of transfusion dependent subjects at baseline who become Red Blood Cells/platelets transfusion independent after randomization</measure>
    <time_frame>Up to 5 years after last patient randomized</time_frame>
    <description>Improvement in RBC/Platelets transfusion Independence as per International Working Group for MDS (IWG-MDS) criteria</description>
  </secondary_outcome>
  <secondary_outcome>
    <measure>Pharmacokinetics of MBG453 (parameter Cmax)</measure>
    <time_frame>At Day 8 of each cycle (1 cycle = 28 days) until cycle 9, at day 8 of cycle 12 and every 6 cycles thereafter up to 150 day after end of study drug</time_frame>
    <description>Maximum (peak) MBG453 concentration [Cmax]</description>
  </secondary_outcome>
  <secondary_outcome>
    <measure>Pharmacokinetics of MBG453 (parameter AUC)</measure>
    <time_frame>At Day 8 of each cycle (1 cycle = 28 days) until cycle 9, at day 8 of cycle 12 and every 6 cycles thereafter up to 150 day after end of study drug</time_frame>
    <description>Area Under the Curve [AUC]</description>
  </secondary_outcome>
  <secondary_outcome>
    <measure>Anti-drug Antibody (ADA) prevalence at baseline and ADA incidence on-treatment</measure>
    <time_frame>At Day 8 of each cycle (1 cycle = 28 days) until cycle 9, at day 8 of cycle 12 and every 6 cycles thereafter up to 150 day after end of study drug</time_frame>
    <description>Immunogenicity of MBG453</description>
  </secondary_outcome>
  <secondary_outcome>
    <measure>Change from baseline in the European Quality of Life (EuroQol) - 5 Dimensions, 5 Level Questionnaire (EQ-5D-5L) score over time</measure>
    <time_frame>Up to 5 years after last patient randomized</time_frame>
    <description>The EQ-5D-5L comprises 5 dimensions: mobility, self-care, usual activities, pain/discomfort, anxiety/depression. For each of the 5 dimensions, subject's responses are scored on a 5-point scale (1=no problem to 5=extreme problems). Change from baseline will be presented.</description>
  </secondary_outcome>
  <secondary_outcome>
    <measure>Change from baseline in the European Quality of Life (EuroQoL) - 5 Dimensions, 5 Level Questionnaire (EQ-5D-5L) Visual Analogue Scale over time</measure>
    <time_frame>Up to 5 years after last patient randomized</time_frame>
    <description>The EQ-5D-5L VAS records the subject's self-rated health on a visual analogue scale numbered from 0 to 100, with 0 being &quot;the worst health you can imagine&quot; and 100 being &quot;the best health you can imagine&quot;. Change from baseline will be presented.</description>
  </secondary_outcome>
  <secondary_outcome>
    <measure>Change from baseline to C12D1 of Global Health Status/Quality of Life scores using European Organization for Research and Treatment of Cancer's Core Quality of Life Questionnaire (EORTC-QLQ-C30)</measure>
    <time_frame>Up to cycle 12 day 1 (C12D1)(1 cycle = 28 days)</time_frame>
    <description>EORTC-QLQ-C30 is a 30-item questionnaire developed to assess the quality of life of cancer patients. Subject's responses to 2 questions (Items 29+30: &quot;How would you rate your overall health during the past week?&quot; and &quot;How would you rate your overall quality of life during the past week?&quot;) are scored on a 7-point scale (1=Very Poor to 7=Excellent). Using linear transformation, raw scores are standardized, so that scores range from 0 to 100. A higher score indicates a better overall outcome. Change from baseline to Cycle 12 Day 1 will be presented.</description>
  </secondary_outcome>
  <number_of_arms>2</number_of_arms>
  <enrollment type="Actual">530</enrollment>
  <condition>Myelodysplastic Syndromes</condition>
  <condition>Leukemia, Myelomonocytic, Chronic</condition>
  <arm_group>
    <arm_group_label>MBG453 + Azacitidine</arm_group_label>
    <arm_group_type>Experimental</arm_group_type>
    <description>Participants will receive MBG453 plus Azacitidine</description>
  </arm_group>
  <arm_group>
    <arm_group_label>Placebo + Azacitidine</arm_group_label>
    <arm_group_type>Placebo Comparator</arm_group_type>
    <description>Participants will receive Placebo plus Azacitidine</description>
  </arm_group>
  <intervention>
    <intervention_type>Drug</intervention_type>
    <intervention_name>MBG453</intervention_name>
    <description>A dose of MBG453 800 mg will be administered intravenously (IV) every 4 weeks (Q4W).</description>
    <arm_group_label>MBG453 + Azacitidine</arm_group_label>
    <arm_group_label>Placebo + Azacitidine</arm_group_label>
  </intervention>
  <intervention>
    <intervention_type>Drug</intervention_type>
    <intervention_name>Azacitidine</intervention_name>
    <description>A dose of Azacitidine 75 mg/m2 will be administered IV or subcutaneously (SC) on Day 1-7, or Day 1-5, 8 and 9.</description>
    <arm_group_label>MBG453 + Azacitidine</arm_group_label>
    <arm_group_label>Placebo + Azacitidine</arm_group_label>
  </intervention>
  <intervention>
    <intervention_type>Drug</intervention_type>
    <intervention_name>Placebo</intervention_name>
    <description>A dose of Placebo 800 mg will be administered intravenously every 4 weeks (Q4W).</description>
    <arm_group_label>Placebo + Azacitidine</arm_group_label>
  </intervention>
  <eligibility>
    <criteria>
      <textblock>
        Inclusion Criteria:&#xD;
&#xD;
          -  Signed informed consent must be obtained prior to participation in the study&#xD;
&#xD;
          -  Age ≥ 18 years at the date of signing the informed consent form&#xD;
&#xD;
          -  Morphologically confirmed diagnosis of myelodysplastic syndrome (MDS) based on WHO&#xD;
             2016 classification (Arber et al 2016) by local investigator assessment with one of&#xD;
             the following Prognostic Risk Categories, based on the revised International&#xD;
             Prognostic Scoring System (IPSS-R):&#xD;
&#xD;
               -  Very high (&gt; 6 points)&#xD;
&#xD;
               -  High (&gt; 4.5 - ≤ 6 points)&#xD;
&#xD;
               -  Intermediate (&gt; 3 - ≤ 4.5 points) Or Morphologically confirmed diagnosis of&#xD;
                  Chronic Myelomonocytic Leukemia -2 based on WHO 2016 classification (Arber et al&#xD;
                  2016, including persistent monocytosis) by local investigator assessment with WBC&#xD;
                  &lt; 13 x 109/L at time of initial diagnosis&#xD;
&#xD;
          -  Indication for azacitidine treatment according to the investigator, based on local&#xD;
             standard medical practice and institutional guidelines for treatment decisions&#xD;
&#xD;
          -  Not eligible at time of screening for intensive chemotherapy according to the&#xD;
             investigator, based on local standard medical practice and institutional guidelines&#xD;
             for treatment decisions, including assessment of individual clinical factors such as&#xD;
             age, comorbidities and performance status&#xD;
&#xD;
          -  Not eligible at time of screening for hematopoietic stem cell transplantation (HSCT)&#xD;
             according to the investigator, based on local standard medical practice and&#xD;
             institutional guidelines for treatment decisions, including assessment of individual&#xD;
             clinical factors such as age, comorbidities, performance status, and donor&#xD;
             availability&#xD;
&#xD;
          -  Eastern Cooperative Oncology Group (ECOG) performance status of 0, 1 or 2&#xD;
&#xD;
        Exclusion Criteria:&#xD;
&#xD;
          -  Prior exposure to TIM-3 directed therapy at any time. Prior therapy with immune&#xD;
             checkpoint inhibitors (e.g, anti-CTLA4, anti-PD-1, anti-PD-L1, or anti-PD-L2), cancer&#xD;
             vaccines is allowed except if the drug was administered within 4 months prior to&#xD;
             randomization&#xD;
&#xD;
          -  Previous first-line treatment for intermediate, high, very high risk myelodysplastic&#xD;
             syndromes (based on IPSS-R) or CMML with any antineoplastic agents including for&#xD;
             example chemotherapy, lenalidomide and hypomethylating agents (HMAs) such as&#xD;
             decitibine and azacitidine. However, previous treatment with hydroxyurea or&#xD;
             leukopheresis to reduce WBC count is allowed prior to randomization.&#xD;
&#xD;
          -  Investigational treatment received within 4 weeks or 5 half-lives of this&#xD;
             investigational treatment, whatever is longer, prior to randomization. In case of a&#xD;
             checkpoint inhibitor: a minimal interval of 4 months prior to randomization is&#xD;
             necessary to allow randomization.&#xD;
&#xD;
          -  Subjects with Myelodysplastic syndrome (MDS) based on 2016 WHO classification (Arber&#xD;
             et al 2016) with revised International Prognostic Scoring System (IPSS-R) ≤ 3&#xD;
&#xD;
          -  Diagnosis of acute myeloid leukemia (AML) including acute promyelocytic leukemia and&#xD;
             extra-medullary acute myeloid leukemia, primary or secondary myelofibrosis based on&#xD;
             WHO 2016 classification (Arber et al 2016)&#xD;
&#xD;
          -  Diagnosis of therapy related myeloid neoplasms based on WHO 2016 classification (Arber&#xD;
             et al 2016)&#xD;
&#xD;
          -  History of organ or allogeneic hematopoietic stem cell transplant&#xD;
&#xD;
        Other protocol-defined Inclusion/Exclusion Criteria may apply.&#xD;
      </textblock>
    </criteria>
    <gender>All</gender>
    <minimum_age>18 Years</minimum_age>
    <maximum_age>N/A</maximum_age>
    <healthy_volunteers>No</healthy_volunteers>
  </eligibility>
  <overall_official>
    <last_name>Novartis Pharmaceuticals</last_name>
    <role>Study Director</role>
    <affiliation>Novartis Pharmaceuticals</affiliation>
  </overall_official>
  <location>
    <facility>
      <name>Yuma Regional Cancer Center</name>
      <address>
        <city>Yuma</city>
        <state>Arizona</state>
        <zip>85364</zip>
        <country>United States</country>
      </address>
    </facility>
  </location>
  <location>
    <facility>
      <name>University Of California Los Angeles .</name>
      <address>
        <city>Los Angeles</city>
        <state>California</state>
        <zip>90095</zip>
        <country>United States</country>
      </address>
    </facility>
  </location>
  <location>
    <facility>
      <name>Yale University School Of Medicine Smilow Cancer Hospital</name>
      <address>
        <city>New Haven</city>
        <state>Connecticut</state>
        <zip>06520</zip>
        <country>United States</country>
      </address>
    </facility>
  </location>
  <location>
    <facility>
      <name>Mayo Clinic Jacksonville .</name>
      <address>
        <city>Jacksonville</city>
        <state>Florida</state>
        <zip>32224</zip>
        <country>United States</country>
      </address>
    </facility>
  </location>
  <location>
    <facility>
      <name>University Of Miami .</name>
      <address>
        <city>Miami</city>
        <state>Florida</state>
        <zip>33136</zip>
        <country>United States</country>
      </address>
    </facility>
  </location>
  <location>
    <facility>
      <name>Northwestern University Div of Hematology/Oncology</name>
      <address>
        <city>Chicago</city>
        <state>Illinois</state>
        <zip>60611</zip>
        <country>United States</country>
      </address>
    </facility>
  </location>
  <location>
    <facility>
      <name>Massachusetts General Hospital .</name>
      <address>
        <city>Boston</city>
        <state>Massachusetts</state>
        <zip>02114</zip>
        <country>United States</country>
      </address>
    </facility>
  </location>
  <location>
    <facility>
      <name>Hackensack University Medical Center SC</name>
      <address>
        <city>Hackensack</city>
        <state>New Jersey</state>
        <zip>07601</zip>
        <country>United States</country>
      </address>
    </facility>
  </location>
  <location>
    <facility>
      <name>Weill Cornell Medicine NY-Presb .</name>
      <address>
        <city>New York</city>
        <state>New York</state>
        <zip>10021</zip>
        <country>United States</country>
      </address>
    </facility>
  </location>
  <location>
    <facility>
      <name>University of Rochester Medical Center Dept.ofUniv.Rochester/JPWilmot</name>
      <address>
        <city>Rochester</city>
        <state>New York</state>
        <zip>14642</zip>
        <country>United States</country>
      </address>
    </facility>
  </location>
  <location>
    <facility>
      <name>University of Virginia University of Virginia</name>
      <address>
        <city>Charlottesville</city>
        <state>Virginia</state>
        <zip>22903</zip>
        <country>United States</country>
      </address>
    </facility>
  </location>
  <location>
    <facility>
      <name>Novartis Investigative Site</name>
      <address>
        <city>Pilar</city>
        <state>Buenos Aires</state>
        <zip>B1629AHJ</zip>
        <country>Argentina</country>
      </address>
    </facility>
  </location>
  <location>
    <facility>
      <name>Novartis Investigative Site</name>
      <address>
        <city>Woolloongabba</city>
        <state>Queensland</state>
        <zip>4102</zip>
        <country>Australia</country>
      </address>
    </facility>
  </location>
  <location>
    <facility>
      <name>Novartis Investigative Site</name>
      <address>
        <city>Clayton</city>
        <state>Victoria</state>
        <zip>3168</zip>
        <country>Australia</country>
      </address>
    </facility>
  </location>
  <location>
    <facility>
      <name>Novartis Investigative Site</name>
      <address>
        <city>Perth</city>
        <state>Western Australia</state>
        <zip>6000</zip>
        <country>Australia</country>
      </address>
    </facility>
  </location>
  <location>
    <facility>
      <name>Novartis Investigative Site</name>
      <address>
        <city>Graz</city>
        <zip>8036</zip>
        <country>Austria</country>
      </address>
    </facility>
  </location>
  <location>
    <facility>
      <name>Novartis Investigative Site</name>
      <address>
        <city>Innsbruck</city>
        <zip>A-6020</zip>
        <country>Austria</country>
      </address>
    </facility>
  </location>
  <location>
    <facility>
      <name>Novartis Investigative Site</name>
      <address>
        <city>Linz</city>
        <zip>A-4010</zip>
        <country>Austria</country>
      </address>
    </facility>
  </location>
  <location>
    <facility>
      <name>Novartis Investigative Site</name>
      <address>
        <city>Brasschaat</city>
        <zip>2930</zip>
        <country>Belgium</country>
      </address>
    </facility>
  </location>
  <location>
    <facility>
      <name>Novartis Investigative Site</name>
      <address>
        <city>Roeselare</city>
        <zip>8800</zip>
        <country>Belgium</country>
      </address>
    </facility>
  </location>
  <location>
    <facility>
      <name>Novartis Investigative Site</name>
      <address>
        <city>Florianopolis</city>
        <state>SC</state>
        <zip>88034-000</zip>
        <country>Brazil</country>
      </address>
    </facility>
  </location>
  <location>
    <facility>
      <name>Novartis Investigative Site</name>
      <address>
        <city>Sao Paulo</city>
        <state>SP</state>
        <zip>04014-002</zip>
        <country>Brazil</country>
      </address>
    </facility>
  </location>
  <location>
    <facility>
      <name>Novartis Investigative Site</name>
      <address>
        <city>Sao Paulo</city>
        <state>SP</state>
        <zip>05319-000</zip>
        <country>Brazil</country>
      </address>
    </facility>
  </location>
  <location>
    <facility>
      <name>Novartis Investigative Site</name>
      <address>
        <city>Calgary</city>
        <state>Alberta</state>
        <zip>T2N 4N2</zip>
        <country>Canada</country>
      </address>
    </facility>
  </location>
  <location>
    <facility>
      <name>Novartis Investigative Site</name>
      <address>
        <city>Toronto</city>
        <state>Ontario</state>
        <zip>M4N 3M5</zip>
        <country>Canada</country>
      </address>
    </facility>
  </location>
  <location>
    <facility>
      <name>Novartis Investigative Site</name>
      <address>
        <city>Vina del Mar</city>
        <state>Valparaiso</state>
        <zip>2540364</zip>
        <country>Chile</country>
      </address>
    </facility>
  </location>
  <location>
    <facility>
      <name>Novartis Investigative Site</name>
      <address>
        <city>Guangzhou</city>
        <state>Guangdong</state>
        <zip>51000</zip>
        <country>China</country>
      </address>
    </facility>
  </location>
  <location>
    <facility>
      <name>Novartis Investigative Site</name>
      <address>
        <city>Guangzhou</city>
        <state>Guangdong</state>
        <zip>510515</zip>
        <country>China</country>
      </address>
    </facility>
  </location>
  <location>
    <facility>
      <name>Novartis Investigative Site</name>
      <address>
        <city>Shenzhen</city>
        <state>Guangdong</state>
        <zip>518037</zip>
        <country>China</country>
      </address>
    </facility>
  </location>
  <location>
    <facility>
      <name>Novartis Investigative Site</name>
      <address>
        <city>Wuhan</city>
        <state>Hubei</state>
        <zip>430022</zip>
        <country>China</country>
      </address>
    </facility>
  </location>
  <location>
    <facility>
      <name>Novartis Investigative Site</name>
      <address>
        <city>Wuhan</city>
        <state>Hubei</state>
        <zip>430030</zip>
        <country>China</country>
      </address>
    </facility>
  </location>
  <location>
    <facility>
      <name>Novartis Investigative Site</name>
      <address>
        <city>Suzhou</city>
        <state>Jiangsu</state>
        <zip>215006</zip>
        <country>China</country>
      </address>
    </facility>
  </location>
  <location>
    <facility>
      <name>Novartis Investigative Site</name>
      <address>
        <city>Chang Chun</city>
        <state>Jilin</state>
        <zip>130021</zip>
        <country>China</country>
      </address>
    </facility>
  </location>
  <location>
    <facility>
      <name>Novartis Investigative Site</name>
      <address>
        <city>Tianjin</city>
        <state>Tianjin</state>
        <zip>300020</zip>
        <country>China</country>
      </address>
    </facility>
  </location>
  <location>
    <facility>
      <name>Novartis Investigative Site</name>
      <address>
        <city>Hangzhou</city>
        <state>Zhejiang</state>
        <zip>310003</zip>
        <country>China</country>
      </address>
    </facility>
  </location>
  <location>
    <facility>
      <name>Novartis Investigative Site</name>
      <address>
        <city>Beijing</city>
        <zip>100029</zip>
        <country>China</country>
      </address>
    </facility>
  </location>
  <location>
    <facility>
      <name>Novartis Investigative Site</name>
      <address>
        <city>Beijing</city>
        <zip>100730</zip>
        <country>China</country>
      </address>
    </facility>
  </location>
  <location>
    <facility>
      <name>Novartis Investigative Site</name>
      <address>
        <city>Chengdu</city>
        <zip>610041</zip>
        <country>China</country>
      </address>
    </facility>
  </location>
  <location>
    <facility>
      <name>Novartis Investigative Site</name>
      <address>
        <city>Jinan</city>
        <zip>250012</zip>
        <country>China</country>
      </address>
    </facility>
  </location>
  <location>
    <facility>
      <name>Novartis Investigative Site</name>
      <address>
        <city>Shanghai</city>
        <zip>200025</zip>
        <country>China</country>
      </address>
    </facility>
  </location>
  <location>
    <facility>
      <name>Novartis Investigative Site</name>
      <address>
        <city>Shanghai</city>
        <zip>200233</zip>
        <country>China</country>
      </address>
    </facility>
  </location>
  <location>
    <facility>
      <name>Novartis Investigative Site</name>
      <address>
        <city>Tianjin</city>
        <zip>300052</zip>
        <country>China</country>
      </address>
    </facility>
  </location>
  <location>
    <facility>
      <name>Novartis Investigative Site</name>
      <address>
        <city>Rionegro</city>
        <state>Antioquia</state>
        <zip>054047</zip>
        <country>Colombia</country>
      </address>
    </facility>
  </location>
  <location>
    <facility>
      <name>Novartis Investigative Site</name>
      <address>
        <city>Bogota</city>
        <zip>110231</zip>
        <country>Colombia</country>
      </address>
    </facility>
  </location>
  <location>
    <facility>
      <name>Novartis Investigative Site</name>
      <address>
        <city>Praha 2</city>
        <state>Czech Republic</state>
        <zip>128 20</zip>
        <country>Czechia</country>
      </address>
    </facility>
  </location>
  <location>
    <facility>
      <name>Novartis Investigative Site</name>
      <address>
        <city>Hradec Kralove</city>
        <state>CZE</state>
        <zip>500 05</zip>
        <country>Czechia</country>
      </address>
    </facility>
  </location>
  <location>
    <facility>
      <name>Novartis Investigative Site</name>
      <address>
        <city>Brno - Bohunice</city>
        <zip>625 00</zip>
        <country>Czechia</country>
      </address>
    </facility>
  </location>
  <location>
    <facility>
      <name>Novartis Investigative Site</name>
      <address>
        <city>Praha</city>
        <zip>12808</zip>
        <country>Czechia</country>
      </address>
    </facility>
  </location>
  <location>
    <facility>
      <name>Novartis Investigative Site</name>
      <address>
        <city>Helsinki</city>
        <zip>FIN 00290</zip>
        <country>Finland</country>
      </address>
    </facility>
  </location>
  <location>
    <facility>
      <name>Novartis Investigative Site</name>
      <address>
        <city>Kuopio</city>
        <zip>70211</zip>
        <country>Finland</country>
      </address>
    </facility>
  </location>
  <location>
    <facility>
      <name>Novartis Investigative Site</name>
      <address>
        <city>Grenoble</city>
        <zip>38043</zip>
        <country>France</country>
      </address>
    </facility>
  </location>
  <location>
    <facility>
      <name>Novartis Investigative Site</name>
      <address>
        <city>Lille Cedex</city>
        <zip>59037</zip>
        <country>France</country>
      </address>
    </facility>
  </location>
  <location>
    <facility>
      <name>Novartis Investigative Site</name>
      <address>
        <city>Paris 10</city>
        <zip>75475</zip>
        <country>France</country>
      </address>
    </facility>
  </location>
  <location>
    <facility>
      <name>Novartis Investigative Site</name>
      <address>
        <city>Toulouse</city>
        <zip>31059</zip>
        <country>France</country>
      </address>
    </facility>
  </location>
  <location>
    <facility>
      <name>Novartis Investigative Site</name>
      <address>
        <city>Tours</city>
        <zip>37044</zip>
        <country>France</country>
      </address>
    </facility>
  </location>
  <location>
    <facility>
      <name>Novartis Investigative Site</name>
      <address>
        <city>Vandoeuvre Les Nancy</city>
        <zip>54511</zip>
        <country>France</country>
      </address>
    </facility>
  </location>
  <location>
    <facility>
      <name>Novartis Investigative Site</name>
      <address>
        <city>Velbert</city>
        <state>North Rhine-Westphalia</state>
        <zip>42551</zip>
        <country>Germany</country>
      </address>
    </facility>
  </location>
  <location>
    <facility>
      <name>Novartis Investigative Site</name>
      <address>
        <city>Dresden</city>
        <state>Sachsen</state>
        <zip>01307</zip>
        <country>Germany</country>
      </address>
    </facility>
  </location>
  <location>
    <facility>
      <name>Novartis Investigative Site</name>
      <address>
        <city>Augsburg</city>
        <zip>86179</zip>
        <country>Germany</country>
      </address>
    </facility>
  </location>
  <location>
    <facility>
      <name>Novartis Investigative Site</name>
      <address>
        <city>Duesseldorf</city>
        <zip>40479</zip>
        <country>Germany</country>
      </address>
    </facility>
  </location>
  <location>
    <facility>
      <name>Novartis Investigative Site</name>
      <address>
        <city>Frankfurt</city>
        <zip>60590</zip>
        <country>Germany</country>
      </address>
    </facility>
  </location>
  <location>
    <facility>
      <name>Novartis Investigative Site</name>
      <address>
        <city>Greifswald</city>
        <zip>17475</zip>
        <country>Germany</country>
      </address>
    </facility>
  </location>
  <location>
    <facility>
      <name>Novartis Investigative Site</name>
      <address>
        <city>Jena</city>
        <zip>07740</zip>
        <country>Germany</country>
      </address>
    </facility>
  </location>
  <location>
    <facility>
      <name>Novartis Investigative Site</name>
      <address>
        <city>Kiel</city>
        <zip>24116</zip>
        <country>Germany</country>
      </address>
    </facility>
  </location>
  <location>
    <facility>
      <name>Novartis Investigative Site</name>
      <address>
        <city>Ulm</city>
        <zip>89081</zip>
        <country>Germany</country>
      </address>
    </facility>
  </location>
  <location>
    <facility>
      <name>Novartis Investigative Site</name>
      <address>
        <city>Alexandroupolis</city>
        <state>Evros</state>
        <zip>681 00</zip>
        <country>Greece</country>
      </address>
    </facility>
  </location>
  <location>
    <facility>
      <name>Novartis Investigative Site</name>
      <address>
        <city>Patras</city>
        <zip>265 00</zip>
        <country>Greece</country>
      </address>
    </facility>
  </location>
  <location>
    <facility>
      <name>Novartis Investigative Site</name>
      <address>
        <city>Ahmedabad</city>
        <state>Gujrat</state>
        <zip>380009</zip>
        <country>India</country>
      </address>
    </facility>
  </location>
  <location>
    <facility>
      <name>Novartis Investigative Site</name>
      <address>
        <city>Faridabad</city>
        <state>Haryana</state>
        <zip>121 001</zip>
        <country>India</country>
      </address>
    </facility>
  </location>
  <location>
    <facility>
      <name>Novartis Investigative Site</name>
      <address>
        <city>Madurai</city>
        <state>Tamil NADU</state>
        <zip>625107</zip>
        <country>India</country>
      </address>
    </facility>
  </location>
  <location>
    <facility>
      <name>Novartis Investigative Site</name>
      <address>
        <city>Kolkata</city>
        <state>West Bengal</state>
        <zip>700014</zip>
        <country>India</country>
      </address>
    </facility>
  </location>
  <location>
    <facility>
      <name>Novartis Investigative Site</name>
      <address>
        <city>Kolkata</city>
        <state>West Bengal</state>
        <zip>700160</zip>
        <country>India</country>
      </address>
    </facility>
  </location>
  <location>
    <facility>
      <name>Novartis Investigative Site</name>
      <address>
        <city>Delhi</city>
        <zip>110 085</zip>
        <country>India</country>
      </address>
    </facility>
  </location>
  <location>
    <facility>
      <name>Novartis Investigative Site</name>
      <address>
        <city>Afula</city>
        <zip>1834111</zip>
        <country>Israel</country>
      </address>
    </facility>
  </location>
  <location>
    <facility>
      <name>Novartis Investigative Site</name>
      <address>
        <city>Tel Aviv</city>
        <zip>6423906</zip>
        <country>Israel</country>
      </address>
    </facility>
  </location>
  <location>
    <facility>
      <name>Novartis Investigative Site</name>
      <address>
        <city>Bologna</city>
        <state>BO</state>
        <zip>40138</zip>
        <country>Italy</country>
      </address>
    </facility>
  </location>
  <location>
    <facility>
      <name>Novartis Investigative Site</name>
      <address>
        <city>Catania</city>
        <state>CT</state>
        <zip>95123</zip>
        <country>Italy</country>
      </address>
    </facility>
  </location>
  <location>
    <facility>
      <name>Novartis Investigative Site</name>
      <address>
        <city>Firenze</city>
        <state>FI</state>
        <zip>50134</zip>
        <country>Italy</country>
      </address>
    </facility>
  </location>
  <location>
    <facility>
      <name>Novartis Investigative Site</name>
      <address>
        <city>Genova</city>
        <state>GE</state>
        <zip>16132</zip>
        <country>Italy</country>
      </address>
    </facility>
  </location>
  <location>
    <facility>
      <name>Novartis Investigative Site</name>
      <address>
        <city>Milano</city>
        <state>MI</state>
        <zip>20162</zip>
        <country>Italy</country>
      </address>
    </facility>
  </location>
  <location>
    <facility>
      <name>Novartis Investigative Site</name>
      <address>
        <city>Rozzano</city>
        <state>MI</state>
        <zip>20089</zip>
        <country>Italy</country>
      </address>
    </facility>
  </location>
  <location>
    <facility>
      <name>Novartis Investigative Site</name>
      <address>
        <city>Reggio Calabria</city>
        <state>RC</state>
        <zip>89124</zip>
        <country>Italy</country>
      </address>
    </facility>
  </location>
  <location>
    <facility>
      <name>Novartis Investigative Site</name>
      <address>
        <city>Roma</city>
        <state>RM</state>
        <zip>00133</zip>
        <country>Italy</country>
      </address>
    </facility>
  </location>
  <location>
    <facility>
      <name>Novartis Investigative Site</name>
      <address>
        <city>Nagoya</city>
        <state>Aichi</state>
        <zip>464 8681</zip>
        <country>Japan</country>
      </address>
    </facility>
  </location>
  <location>
    <facility>
      <name>Novartis Investigative Site</name>
      <address>
        <city>Kashiwa</city>
        <state>Chiba</state>
        <zip>277 8577</zip>
        <country>Japan</country>
      </address>
    </facility>
  </location>
  <location>
    <facility>
      <name>Novartis Investigative Site</name>
      <address>
        <city>Fukuoka city</city>
        <state>Fukuoka</state>
        <zip>812-8582</zip>
        <country>Japan</country>
      </address>
    </facility>
  </location>
  <location>
    <facility>
      <name>Novartis Investigative Site</name>
      <address>
        <city>Sapporo</city>
        <state>Hokkaido</state>
        <zip>064 0804</zip>
        <country>Japan</country>
      </address>
    </facility>
  </location>
  <location>
    <facility>
      <name>Novartis Investigative Site</name>
      <address>
        <city>Isehara</city>
        <state>Kanagawa</state>
        <zip>259-1193</zip>
        <country>Japan</country>
      </address>
    </facility>
  </location>
  <location>
    <facility>
      <name>Novartis Investigative Site</name>
      <address>
        <city>Sendai city</city>
        <state>Miyagi</state>
        <zip>980 8574</zip>
        <country>Japan</country>
      </address>
    </facility>
  </location>
  <location>
    <facility>
      <name>Novartis Investigative Site</name>
      <address>
        <city>Nagasaki-city</city>
        <state>Nagasaki</state>
        <zip>852-8501</zip>
        <country>Japan</country>
      </address>
    </facility>
  </location>
  <location>
    <facility>
      <name>Novartis Investigative Site</name>
      <address>
        <city>Osaka Sayama</city>
        <state>Osaka</state>
        <zip>589 8511</zip>
        <country>Japan</country>
      </address>
    </facility>
  </location>
  <location>
    <facility>
      <name>Novartis Investigative Site</name>
      <address>
        <city>Bunkyo-ku</city>
        <state>Tokyo</state>
        <zip>113-8603</zip>
        <country>Japan</country>
      </address>
    </facility>
  </location>
  <location>
    <facility>
      <name>Novartis Investigative Site</name>
      <address>
        <city>Osaka</city>
        <zip>545-8586</zip>
        <country>Japan</country>
      </address>
    </facility>
  </location>
  <location>
    <facility>
      <name>Novartis Investigative Site</name>
      <address>
        <city>Yamagata</city>
        <zip>990 9585</zip>
        <country>Japan</country>
      </address>
    </facility>
  </location>
  <location>
    <facility>
      <name>Novartis Investigative Site</name>
      <address>
        <city>Seoul</city>
        <state>Seocho Gu</state>
        <zip>06591</zip>
        <country>Korea, Republic of</country>
      </address>
    </facility>
  </location>
  <location>
    <facility>
      <name>Novartis Investigative Site</name>
      <address>
        <city>Seoul</city>
        <zip>03080</zip>
        <country>Korea, Republic of</country>
      </address>
    </facility>
  </location>
  <location>
    <facility>
      <name>Novartis Investigative Site</name>
      <address>
        <city>Seoul</city>
        <zip>03722</zip>
        <country>Korea, Republic of</country>
      </address>
    </facility>
  </location>
  <location>
    <facility>
      <name>Novartis Investigative Site</name>
      <address>
        <city>Seoul</city>
        <zip>05505</zip>
        <country>Korea, Republic of</country>
      </address>
    </facility>
  </location>
  <location>
    <facility>
      <name>Novartis Investigative Site</name>
      <address>
        <city>Seoul</city>
        <zip>06351</zip>
        <country>Korea, Republic of</country>
      </address>
    </facility>
  </location>
  <location>
    <facility>
      <name>Novartis Investigative Site</name>
      <address>
        <city>Beirut</city>
        <zip>1107 2020</zip>
        <country>Lebanon</country>
      </address>
    </facility>
  </location>
  <location>
    <facility>
      <name>Novartis Investigative Site</name>
      <address>
        <city>Vilnius</city>
        <zip>LT-08661</zip>
        <country>Lithuania</country>
      </address>
    </facility>
  </location>
  <location>
    <facility>
      <name>Novartis Investigative Site</name>
      <address>
        <city>Kuching</city>
        <state>Sarawak</state>
        <zip>93586</zip>
        <country>Malaysia</country>
      </address>
    </facility>
  </location>
  <location>
    <facility>
      <name>Novartis Investigative Site</name>
      <address>
        <city>Kuala Lumpur</city>
        <zip>59100</zip>
        <country>Malaysia</country>
      </address>
    </facility>
  </location>
  <location>
    <facility>
      <name>Novartis Investigative Site</name>
      <address>
        <city>Pulau Pinang</city>
        <zip>10990</zip>
        <country>Malaysia</country>
      </address>
    </facility>
  </location>
  <location>
    <facility>
      <name>Novartis Investigative Site</name>
      <address>
        <city>Selangor</city>
        <zip>68000</zip>
        <country>Malaysia</country>
      </address>
    </facility>
  </location>
  <location>
    <facility>
      <name>Novartis Investigative Site</name>
      <address>
        <city>Mexico</city>
        <state>Distrito Federal</state>
        <zip>06726</zip>
        <country>Mexico</country>
      </address>
    </facility>
  </location>
  <location>
    <facility>
      <name>Novartis Investigative Site</name>
      <address>
        <city>Satelite</city>
        <state>Edo Mexico</state>
        <zip>53100</zip>
        <country>Mexico</country>
      </address>
    </facility>
  </location>
  <location>
    <facility>
      <name>Novartis Investigative Site</name>
      <address>
        <city>Morelia</city>
        <state>Michoacan</state>
        <zip>58260</zip>
        <country>Mexico</country>
      </address>
    </facility>
  </location>
  <location>
    <facility>
      <name>Novartis Investigative Site</name>
      <address>
        <city>Estado de Mexico</city>
        <zip>52787</zip>
        <country>Mexico</country>
      </address>
    </facility>
  </location>
  <location>
    <facility>
      <name>Novartis Investigative Site</name>
      <address>
        <city>Groningen</city>
        <zip>9713 GZ</zip>
        <country>Netherlands</country>
      </address>
    </facility>
  </location>
  <location>
    <facility>
      <name>Novartis Investigative Site</name>
      <address>
        <city>Muscat</city>
        <zip>123</zip>
        <country>Oman</country>
      </address>
    </facility>
  </location>
  <location>
    <facility>
      <name>Novartis Investigative Site</name>
      <address>
        <city>Lisboa</city>
        <zip>1099 023</zip>
        <country>Portugal</country>
      </address>
    </facility>
  </location>
  <location>
    <facility>
      <name>Novartis Investigative Site</name>
      <address>
        <city>Porto</city>
        <zip>4200-072</zip>
        <country>Portugal</country>
      </address>
    </facility>
  </location>
  <location>
    <facility>
      <name>Novartis Investigative Site</name>
      <address>
        <city>Saint Petersburg</city>
        <zip>197022</zip>
        <country>Russian Federation</country>
      </address>
    </facility>
  </location>
  <location>
    <facility>
      <name>Novartis Investigative Site</name>
      <address>
        <city>St Petersburg</city>
        <zip>191024</zip>
        <country>Russian Federation</country>
      </address>
    </facility>
  </location>
  <location>
    <facility>
      <name>Novartis Investigative Site</name>
      <address>
        <city>Riyadh</city>
        <zip>11211</zip>
        <country>Saudi Arabia</country>
      </address>
    </facility>
  </location>
  <location>
    <facility>
      <name>Novartis Investigative Site</name>
      <address>
        <city>Singapore</city>
        <zip>119228</zip>
        <country>Singapore</country>
      </address>
    </facility>
  </location>
  <location>
    <facility>
      <name>Novartis Investigative Site</name>
      <address>
        <city>Singapore</city>
        <zip>169608</zip>
        <country>Singapore</country>
      </address>
    </facility>
  </location>
  <location>
    <facility>
      <name>Novartis Investigative Site</name>
      <address>
        <city>Sevilla</city>
        <state>Andalucia</state>
        <zip>41013</zip>
        <country>Spain</country>
      </address>
    </facility>
  </location>
  <location>
    <facility>
      <name>Novartis Investigative Site</name>
      <address>
        <city>Oviedo</city>
        <state>Asturias</state>
        <zip>33011</zip>
        <country>Spain</country>
      </address>
    </facility>
  </location>
  <location>
    <facility>
      <name>Novartis Investigative Site</name>
      <address>
        <city>Salamanca</city>
        <state>Castilla Y Leon</state>
        <zip>37007</zip>
        <country>Spain</country>
      </address>
    </facility>
  </location>
  <location>
    <facility>
      <name>Novartis Investigative Site</name>
      <address>
        <city>Badalona</city>
        <state>Catalunya</state>
        <zip>08916</zip>
        <country>Spain</country>
      </address>
    </facility>
  </location>
  <location>
    <facility>
      <name>Novartis Investigative Site</name>
      <address>
        <city>Barcelona</city>
        <state>Catalunya</state>
        <zip>08035</zip>
        <country>Spain</country>
      </address>
    </facility>
  </location>
  <location>
    <facility>
      <name>Novartis Investigative Site</name>
      <address>
        <city>Valencia</city>
        <state>Comunidad Valenciana</state>
        <zip>46010</zip>
        <country>Spain</country>
      </address>
    </facility>
  </location>
  <location>
    <facility>
      <name>Novartis Investigative Site</name>
      <address>
        <city>Valencia</city>
        <state>Comunidad Valenciana</state>
        <zip>46026</zip>
        <country>Spain</country>
      </address>
    </facility>
  </location>
  <location>
    <facility>
      <name>Novartis Investigative Site</name>
      <address>
        <city>Madrid</city>
        <zip>28009</zip>
        <country>Spain</country>
      </address>
    </facility>
  </location>
  <location>
    <facility>
      <name>Novartis Investigative Site</name>
      <address>
        <city>Bern</city>
        <zip>3010</zip>
        <country>Switzerland</country>
      </address>
    </facility>
  </location>
  <location>
    <facility>
      <name>Novartis Investigative Site</name>
      <address>
        <city>Zürich</city>
        <zip>8091</zip>
        <country>Switzerland</country>
      </address>
    </facility>
  </location>
  <location>
    <facility>
      <name>Novartis Investigative Site</name>
      <address>
        <city>Hualien City</city>
        <state>Hualien</state>
        <zip>970</zip>
        <country>Taiwan</country>
      </address>
    </facility>
  </location>
  <location>
    <facility>
      <name>Novartis Investigative Site</name>
      <address>
        <city>Kaohsiung</city>
        <zip>83301</zip>
        <country>Taiwan</country>
      </address>
    </facility>
  </location>
  <location>
    <facility>
      <name>Novartis Investigative Site</name>
      <address>
        <city>Liouying Township</city>
        <zip>736005</zip>
        <country>Taiwan</country>
      </address>
    </facility>
  </location>
  <location>
    <facility>
      <name>Novartis Investigative Site</name>
      <address>
        <city>Taichung</city>
        <zip>40447</zip>
        <country>Taiwan</country>
      </address>
    </facility>
  </location>
  <location>
    <facility>
      <name>Novartis Investigative Site</name>
      <address>
        <city>Taipei</city>
        <zip>10002</zip>
        <country>Taiwan</country>
      </address>
    </facility>
  </location>
  <location>
    <facility>
      <name>Novartis Investigative Site</name>
      <address>
        <city>Taoyuan</city>
        <zip>33305</zip>
        <country>Taiwan</country>
      </address>
    </facility>
  </location>
  <location>
    <facility>
      <name>Novartis Investigative Site</name>
      <address>
        <city>Songkhla</city>
        <state>Hat Yai</state>
        <zip>90110</zip>
        <country>Thailand</country>
      </address>
    </facility>
  </location>
  <location>
    <facility>
      <name>Novartis Investigative Site</name>
      <address>
        <city>Khon Kaen</city>
        <state>THA</state>
        <zip>40002</zip>
        <country>Thailand</country>
      </address>
    </facility>
  </location>
  <location>
    <facility>
      <name>Novartis Investigative Site</name>
      <address>
        <city>Bangkok</city>
        <zip>10330</zip>
        <country>Thailand</country>
      </address>
    </facility>
  </location>
  <location>
    <facility>
      <name>Novartis Investigative Site</name>
      <address>
        <city>Bangkok</city>
        <zip>10400</zip>
        <country>Thailand</country>
      </address>
    </facility>
  </location>
  <location>
    <facility>
      <name>Novartis Investigative Site</name>
      <address>
        <city>Bangkok</city>
        <zip>10700</zip>
        <country>Thailand</country>
      </address>
    </facility>
  </location>
  <location>
    <facility>
      <name>Novartis Investigative Site</name>
      <address>
        <city>Chiang Mai</city>
        <zip>50200</zip>
        <country>Thailand</country>
      </address>
    </facility>
  </location>
  <location>
    <facility>
      <name>Novartis Investigative Site</name>
      <address>
        <city>Ankara</city>
        <zip>06100</zip>
        <country>Turkey</country>
      </address>
    </facility>
  </location>
  <location>
    <facility>
      <name>Novartis Investigative Site</name>
      <address>
        <city>Edirne</city>
        <zip>22030</zip>
        <country>Turkey</country>
      </address>
    </facility>
  </location>
  <location>
    <facility>
      <name>Novartis Investigative Site</name>
      <address>
        <city>Istanbul</city>
        <zip>34890</zip>
        <country>Turkey</country>
      </address>
    </facility>
  </location>
  <location>
    <facility>
      <name>Novartis Investigative Site</name>
      <address>
        <city>Izmir</city>
        <zip>35040</zip>
        <country>Turkey</country>
      </address>
    </facility>
  </location>
  <location>
    <facility>
      <name>Novartis Investigative Site</name>
      <address>
        <city>Samsun</city>
        <zip>55139</zip>
        <country>Turkey</country>
      </address>
    </facility>
  </location>
  <location>
    <facility>
      <name>Novartis Investigative Site</name>
      <address>
        <city>Portsmouth</city>
        <state>Hants</state>
        <zip>PO6 3LY</zip>
        <country>United Kingdom</country>
      </address>
    </facility>
  </location>
  <location>
    <facility>
      <name>Novartis Investigative Site</name>
      <address>
        <city>Edinburgh</city>
        <zip>EH4 2XU</zip>
        <country>United Kingdom</country>
      </address>
    </facility>
  </location>
  <location>
    <facility>
      <name>Novartis Investigative Site</name>
      <address>
        <city>Manchester</city>
        <zip>M20 4BX</zip>
        <country>United Kingdom</country>
      </address>
    </facility>
  </location>
  <location>
    <facility>
      <name>Novartis Investigative Site</name>
      <address>
        <city>Nottingham</city>
        <zip>NG5 1PB</zip>
        <country>United Kingdom</country>
      </address>
    </facility>
  </location>
  <location_countries>
    <country>Argentina</country>
    <country>Australia</country>
    <country>Austria</country>
    <country>Belgium</country>
    <country>Brazil</country>
    <country>Canada</country>
    <country>Chile</country>
    <country>China</country>
    <country>Colombia</country>
    <country>Czechia</country>
    <country>Finland</country>
    <country>France</country>
    <country>Germany</country>
    <country>Greece</country>
    <country>India</country>
    <country>Israel</country>
    <country>Italy</country>
    <country>Japan</country>
    <country>Korea, Republic of</country>
    <country>Lebanon</country>
    <country>Lithuania</country>
    <country>Malaysia</country>
    <country>Mexico</country>
    <country>Netherlands</country>
    <country>Oman</country>
    <country>Portugal</country>
    <country>Russian Federation</country>
    <country>Saudi Arabia</country>
    <country>Singapore</country>
    <country>Spain</country>
    <country>Switzerland</country>
    <country>Taiwan</country>
    <country>Thailand</country>
    <country>Turkey</country>
    <country>United Kingdom</country>
    <country>United States</country>
  </location_countries>
  <verification_date>January 2024</verification_date>
  <study_first_submitted>January 21, 2020</study_first_submitted>
  <study_first_submitted_qc>February 10, 2020</study_first_submitted_qc>
  <study_first_posted type="Actual">February 12, 2020</study_first_posted>
  <last_update_submitted>January 17, 2024</last_update_submitted>
  <last_update_submitted_qc>January 17, 2024</last_update_submitted_qc>
  <last_update_posted type="Actual">January 18, 2024</last_update_posted>
  <responsible_party>
    <responsible_party_type>Sponsor</responsible_party_type>
  </responsible_party>
  <keyword>MBG453</keyword>
  <keyword>Phase III</keyword>
  <keyword>TIM-3</keyword>
  <keyword>azacitidine</keyword>
  <keyword>myelodysplastic syndrome</keyword>
  <keyword>MDS</keyword>
  <keyword>chronic myelomonocytic leukemia</keyword>
  <keyword>CMML-2</keyword>
  <keyword>Sabatolimab</keyword>
  <condition_browse>
    <!-- CAUTION:  The following MeSH terms are assigned with an imperfect algorithm            -->
    <mesh_term>Leukemia</mesh_term>
    <mesh_term>Preleukemia</mesh_term>
    <mesh_term>Leukemia, Myelomonocytic, Chronic</mesh_term>
    <mesh_term>Leukemia, Myelomonocytic, Juvenile</mesh_term>
    <mesh_term>Myelodysplastic Syndromes</mesh_term>
    <mesh_term>Syndrome</mesh_term>
  </condition_browse>
  <intervention_browse>
    <!-- CAUTION:  The following MeSH terms are assigned with an imperfect algorithm            -->
    <mesh_term>Azacitidine</mesh_term>
  </intervention_browse>
  <patient_data>
    <sharing_ipd>Yes</sharing_ipd>
    <ipd_description>Novartis is committed to sharing with qualified external researchers, access to patient-level data and supporting clinical documents from eligible studies. These requests are reviewed and approved by an independent expert panel on the basis of scientific merit. All data provided is anonymized to respect the privacy of patients who have participated in the trial in line with applicable laws and regulations.</ipd_description>
  </patient_data>
  <!-- Results have not yet been posted for this study                                          -->
</clinical_study>

