<?xml version="1.0" encoding="UTF-8"?>
<clinical_study rank="98">
  <!-- This xml conforms to an XML Schema at:
    https://clinicaltrials.gov/ct2/html/images/info/public.xsd -->
  <required_header>
    <download_date>ClinicalTrials.gov processed this data on February 06, 2024</download_date>
    <link_text>Link to the current ClinicalTrials.gov record.</link_text>
    <url>https://clinicaltrials.gov/ct2/show/NCT04964518</url>
  </required_header>
  <id_info>
    <org_study_id>APG2575AU101</org_study_id>
    <nct_id>NCT04964518</nct_id>
  </id_info>
  <brief_title>A Study of APG-2575 in Combination With Azacitidine in Patients With Acute Myeloid Leukemia (AML)</brief_title>
  <official_title>A Phase Ib/II Study of APG-2575 in Combination With Azacitidine in Patients With Acute Myeloid Leukemia (AML), Mixed Phenotype Acute Leukemia (MPAL), Chronic Myelomonocytic Leukemia (CMML) and Higher-Risk Myelodysplastic Syndrome (MDS</official_title>
  <sponsors>
    <lead_sponsor>
      <agency>Ascentage Pharma Group Inc.</agency>
      <agency_class>Industry</agency_class>
    </lead_sponsor>
  </sponsors>
  <source>Ascentage Pharma Group Inc.</source>
  <oversight_info>
    <has_dmc>No</has_dmc>
    <is_fda_regulated_drug>Yes</is_fda_regulated_drug>
    <is_fda_regulated_device>No</is_fda_regulated_device>
  </oversight_info>
  <brief_summary>
    <textblock>
      This is a Phase Ib/II, open-label, multi-center study evaluating the safety, tolerability,&#xD;
      efficacy and PK of APG-2575 in combination with Azacitidine in the patients with AML/MPAL or&#xD;
      MDS/CMML. The study consists of dose escalation (Part I) and dose expansion phase (Part II)&#xD;
    </textblock>
  </brief_summary>
  <detailed_description>
    <textblock>
      The patients with histologically confirmed relapsed or refractory (R/R) AML/MPAL/CMML or&#xD;
      relapsed/refractory Higher-Risk MDS by WHO classification for which no available standard&#xD;
      therapies are indicated or anticipated to result in a durable response will be enrolled.&#xD;
&#xD;
      This will be a 3+3 dose escalation to determine the DLTs and MTD/RP2D of APG-2575 (see dose&#xD;
      escalation table) given in combination with Azacitidine&#xD;
    </textblock>
  </detailed_description>
  <overall_status>Recruiting</overall_status>
  <start_date type="Actual">July 30, 2021</start_date>
  <completion_date type="Anticipated">October 30, 2024</completion_date>
  <primary_completion_date type="Anticipated">July 30, 2024</primary_completion_date>
  <phase>Phase 1/Phase 2</phase>
  <study_type>Interventional</study_type>
  <study_design_info>
    <allocation>N/A</allocation>
    <intervention_model>Sequential Assignment</intervention_model>
    <intervention_model_description>3+3 dose escalation</intervention_model_description>
    <primary_purpose>Treatment</primary_purpose>
    <masking>None (Open Label)</masking>
  </study_design_info>
  <primary_outcome>
    <measure>DLT</measure>
    <time_frame>28 days</time_frame>
    <description>Dose-limiting toxicity (DLT) rate at each dose level&#xD;
DLT will be assessed within the first 28-day cycle of study treatment via CTCAE version 5.0</description>
  </primary_outcome>
  <number_of_arms>1</number_of_arms>
  <enrollment type="Anticipated">24</enrollment>
  <condition>AML, Adult</condition>
  <arm_group>
    <arm_group_label>APG2575 + Azacitidine</arm_group_label>
    <arm_group_type>Experimental</arm_group_type>
    <description>200 mg APG2575 dose ramp up +AZA</description>
  </arm_group>
  <intervention>
    <intervention_type>Drug</intervention_type>
    <intervention_name>APG 2575 ramp up arm</intervention_name>
    <description>APG2575 ramp up + Azacitidine</description>
    <arm_group_label>APG2575 + Azacitidine</arm_group_label>
    <other_name>APG2575</other_name>
  </intervention>
  <eligibility>
    <criteria>
      <textblock>
        Inclusion Criteria:&#xD;
&#xD;
        Patients with a diagnosis of histologically confirmed relapsed or refractory (R/R) acute&#xD;
        myeloid leukemia (AML) or mixed phenotype acute leukemia (MPAL) or Chronic Myelomonocytic&#xD;
        Leukemia (CMML) or relapsed/refractory Higher-Risk MDS by 2016 WHO classification for which&#xD;
        no available standard therapies are indicated or anticipated to result in a durable&#xD;
        response.&#xD;
&#xD;
          -  MPAL will include biphenotypic leukemia, bilineal leukemia, undifferentiated leukemia,&#xD;
             mixed lineage leukemia, leukemia of ambiguous lineage, T/myeloid leukemia, B/myeloid&#xD;
             leukemia, or other diagnosis indicating the presence of multiple lineages within the&#xD;
             cell population.&#xD;
&#xD;
          -  Relapsed/refractory MDS will be defined as prior receipt of 4 cycles of HMA therapy&#xD;
             with failure to attain a response, or progression of disease or relapse at any time&#xD;
             after prior response to HMA therapy with Overall Revised International Prognostic&#xD;
             Scoring System (IPSS-R) score &gt; 3 (intermediate, high or very high).&#xD;
&#xD;
        Exclusion Criteria:&#xD;
&#xD;
          1. Pregnant women.&#xD;
&#xD;
          2. Uncontrolled intercurrent illness including, but not limited to active uncontrolled&#xD;
             infection, symptomatic congestive heart failure (NYHA Class III or IV), unstable&#xD;
             angina pectoris, clinically significant cardiac arrhythmia, or psychiatric&#xD;
             illness/social situations that would limit compliance with study requirements.&#xD;
&#xD;
          3. Have had leukemia therapy within 14 days prior to starting investigational drug.&#xD;
&#xD;
             However, patients with rapidly proliferative disease may receive hydroxyurea as needed&#xD;
             until 24 hours prior to starting therapy on this protocol and during the first cycle&#xD;
             of study.&#xD;
&#xD;
          4. Have taken strong inhibitors or inducers of CYP3A4 within 7 days prior to the first&#xD;
             dose of APG-2575.&#xD;
&#xD;
          5. Have acute promyelocytic leukemia (French-American-British Class M3 AML or WHO&#xD;
             classification APL with PML-RARA) or AML/MPAL with BCR-ABL1 positive.&#xD;
&#xD;
          6. Active infection requiring systemic antibiotic/antifungal medication, known clinically&#xD;
             active hepatitis B or C, or HIV infection or active COVID-19. (Patients who have&#xD;
             received COVID-19 vaccination will be considered as eligible for the study.)&#xD;
&#xD;
          7. Have active/ongoing graft-versus host disease (GVHD) or require continued treatment&#xD;
             with systemic immunosuppressive agents (calcineurin inhibitors within 4 weeks prior to&#xD;
             the first dose).&#xD;
&#xD;
          8. Myeloablative therapy with autologous or allogeneic hematopoietic stem cell rescue&#xD;
             within 6 months of study treatment initiation.&#xD;
&#xD;
          9. Documented hypersensitivity to any of the components of the therapy program.&#xD;
&#xD;
         10. Active, uncontrolled CNS leukemia.&#xD;
&#xD;
         11. Men and women of childbearing potential who do not practice contraception. Women of&#xD;
             childbearing potential and men must agree to use at least 1 form of barrier birth&#xD;
             control (such as condom) prior to study entry and for the duration of study&#xD;
             participation.&#xD;
&#xD;
         12. History of other malignancies within 2 years prior to study entry, with the exception&#xD;
             of:&#xD;
&#xD;
               -  Adequately treated in situ carcinoma of the cervix uteri or carcinoma in situ of&#xD;
                  breast.&#xD;
&#xD;
               -  Basal cell carcinoma of the skin or localized squamous cell carcinoma of the&#xD;
                  skin.&#xD;
&#xD;
               -  Previous malignancy confined and surgically resected (or treated with other&#xD;
                  modalities) with curative intention requires discussion with sponsor.&#xD;
&#xD;
         13. Failure to have recovered (Grade &gt; 1) from prior treatment (including chemotherapy,&#xD;
             targeted therapy, immunotherapy, experimental agents, radiation, or surgery), except&#xD;
             for alopecia.&#xD;
&#xD;
         14. Unable to swallow tablets or malabsorption syndrome, disease significantly affecting&#xD;
             gastrointestinal function, or resection of the stomach or small bowel, symptomatic&#xD;
             inflammatory bowel disease or ulcerative colitis, or partial or complete bowel&#xD;
             obstruction.&#xD;
&#xD;
         15. Significant screening electrocardiogram (ECG) abnormalities including left bundle&#xD;
             branch block, 2nd degree atrioventricular (AV) block type II, 3rd degree block, or&#xD;
             corrected QT interval (QTc) ≥470 msec.&#xD;
&#xD;
         16. Any other condition or circumstance that would, in the opinion of the investigator,&#xD;
             make the patient unsuitable for participation in the study.&#xD;
      </textblock>
    </criteria>
    <gender>All</gender>
    <minimum_age>18 Years</minimum_age>
    <maximum_age>99 Years</maximum_age>
    <healthy_volunteers>No</healthy_volunteers>
  </eligibility>
  <overall_official>
    <last_name>Qian Niu, MD</last_name>
    <role>Principal Investigator</role>
    <affiliation>Ascentage Pharma</affiliation>
  </overall_official>
  <overall_contact>
    <last_name>Angela Kaiser</last_name>
    <phone>301-509-0357</phone>
    <email>angela.kaiser@ascentage.com</email>
  </overall_contact>
  <location>
    <facility>
      <name>UCLA Medical cetner Division of Hematology</name>
      <address>
        <city>Los Angeles</city>
        <state>California</state>
        <zip>94101</zip>
        <country>United States</country>
      </address>
    </facility>
    <status>Recruiting</status>
    <investigator>
      <last_name>Caspian Oliai, MD</last_name>
      <role>Principal Investigator</role>
    </investigator>
  </location>
  <location>
    <facility>
      <name>Novant Health</name>
      <address>
        <city>Charlotte</city>
        <state>North Carolina</state>
        <zip>28413</zip>
        <country>United States</country>
      </address>
    </facility>
    <status>Recruiting</status>
    <investigator>
      <last_name>Patricia Kropf, MD</last_name>
      <role>Principal Investigator</role>
    </investigator>
  </location>
  <location>
    <facility>
      <name>Novant Health</name>
      <address>
        <city>Winston-Salem</city>
        <state>North Carolina</state>
        <zip>27103</zip>
        <country>United States</country>
      </address>
    </facility>
    <status>Recruiting</status>
    <contact>
      <last_name>Patricia Kropf, MD</last_name>
      <phone>980-302-4560</phone>
    </contact>
    <investigator>
      <last_name>James Dugan, MD</last_name>
      <role>Principal Investigator</role>
    </investigator>
  </location>
  <location>
    <facility>
      <name>MDACC</name>
      <address>
        <city>Houston</city>
        <state>Texas</state>
        <zip>77030</zip>
        <country>United States</country>
      </address>
    </facility>
    <status>Recruiting</status>
    <contact>
      <last_name>Debra B Linderman</last_name>
      <phone>713-614-2069</phone>
      <email>DLBull@mdanderson.org</email>
    </contact>
    <investigator>
      <last_name>Tapan Kadia, MD</last_name>
      <role>Principal Investigator</role>
    </investigator>
  </location>
  <location>
    <facility>
      <name>Swedish Medical Center</name>
      <address>
        <city>Seattle</city>
        <state>Washington</state>
        <zip>98104</zip>
        <country>United States</country>
      </address>
    </facility>
    <status>Recruiting</status>
    <investigator>
      <last_name>Daniel Egan, MD</last_name>
      <role>Principal Investigator</role>
    </investigator>
  </location>
  <location>
    <facility>
      <name>Pindara Private Hospital</name>
      <address>
        <city>Benowa</city>
        <state>Queensland</state>
        <zip>4217</zip>
        <country>Australia</country>
      </address>
    </facility>
    <status>Recruiting</status>
    <investigator>
      <last_name>Hanlon Sia, MD</last_name>
      <role>Principal Investigator</role>
    </investigator>
  </location>
  <location>
    <facility>
      <name>Sunshine Coast University Hospital</name>
      <address>
        <city>Birtinya</city>
        <state>Queensland</state>
        <zip>4575</zip>
        <country>Australia</country>
      </address>
    </facility>
    <status>Recruiting</status>
    <investigator>
      <last_name>Joshua Richmond, MD</last_name>
      <role>Principal Investigator</role>
    </investigator>
  </location>
  <location>
    <facility>
      <name>The Northern Hospital</name>
      <address>
        <city>Epping</city>
        <state>Victoria</state>
        <zip>3076</zip>
        <country>Australia</country>
      </address>
    </facility>
    <status>Recruiting</status>
    <investigator>
      <last_name>Chong C Chua, MD</last_name>
      <role>Principal Investigator</role>
    </investigator>
  </location>
  <location>
    <facility>
      <name>Royal Perth Hospital</name>
      <address>
        <city>Perth</city>
        <state>Western Aus</state>
        <zip>6000</zip>
        <country>Australia</country>
      </address>
    </facility>
    <status>Recruiting</status>
    <investigator>
      <last_name>Michael Leahy, MD</last_name>
      <role>Principal Investigator</role>
    </investigator>
  </location>
  <location_countries>
    <country>Australia</country>
    <country>United States</country>
  </location_countries>
  <removed_countries>
    <country>China</country>
  </removed_countries>
  <verification_date>October 2023</verification_date>
  <study_first_submitted>June 23, 2021</study_first_submitted>
  <study_first_submitted_qc>July 6, 2021</study_first_submitted_qc>
  <study_first_posted type="Actual">July 16, 2021</study_first_posted>
  <last_update_submitted>October 23, 2023</last_update_submitted>
  <last_update_submitted_qc>October 23, 2023</last_update_submitted_qc>
  <last_update_posted type="Actual">October 25, 2023</last_update_posted>
  <responsible_party>
    <responsible_party_type>Sponsor</responsible_party_type>
  </responsible_party>
  <condition_browse>
    <!-- CAUTION:  The following MeSH terms are assigned with an imperfect algorithm            -->
    <mesh_term>Leukemia</mesh_term>
    <mesh_term>Leukemia, Myeloid, Acute</mesh_term>
  </condition_browse>
  <patient_data>
    <sharing_ipd>Undecided</sharing_ipd>
  </patient_data>
  <!-- Results have not yet been posted for this study                                          -->
</clinical_study>

