<?xml version="1.0" encoding="UTF-8"?>
<clinical_study rank="61">
  <!-- This xml conforms to an XML Schema at:
    https://clinicaltrials.gov/ct2/html/images/info/public.xsd -->
  <required_header>
    <download_date>ClinicalTrials.gov processed this data on February 06, 2024</download_date>
    <link_text>Link to the current ClinicalTrials.gov record.</link_text>
    <url>https://clinicaltrials.gov/ct2/show/NCT05030675</url>
  </required_header>
  <id_info>
    <org_study_id>2020-1117</org_study_id>
    <secondary_id>NCI-2021-08494</secondary_id>
    <secondary_id>2020-1117</secondary_id>
    <nct_id>NCT05030675</nct_id>
  </id_info>
  <brief_title>Fostamatinib for the Treatment of Lower-risk Myelodysplastic Syndromes or Chronic Myelomonocytic Leukemia Who Have Failed Therapy With Hypomethylating Agents</brief_title>
  <official_title>Phase I Open-Label Study of Fostamatinib, a SYK Inhibitor, in Patients With Lower-Risk Myelodysplastic Syndromes or Chronic Myelomonocytic Leukemia Who Have Failed Therapy With Hypomethylating Agents</official_title>
  <sponsors>
    <lead_sponsor>
      <agency>M.D. Anderson Cancer Center</agency>
      <agency_class>Other</agency_class>
    </lead_sponsor>
    <collaborator>
      <agency>National Cancer Institute (NCI)</agency>
      <agency_class>NIH</agency_class>
    </collaborator>
  </sponsors>
  <source>M.D. Anderson Cancer Center</source>
  <oversight_info>
    <has_dmc>Yes</has_dmc>
    <is_fda_regulated_drug>Yes</is_fda_regulated_drug>
    <is_fda_regulated_device>No</is_fda_regulated_device>
  </oversight_info>
  <brief_summary>
    <textblock>
      This phase I trial is to find out the best dose, possible benefits and/or side effects of&#xD;
      fostamatinib in treating patients with lower-risk myelodysplastic syndromes or chronic&#xD;
      myelomonocytic leukemia who have failed therapy with hypomethylating agents. Fostamatinib may&#xD;
      stop the growth of tumor cells by blocking some of the enzymes needed for cell growth.&#xD;
    </textblock>
  </brief_summary>
  <detailed_description>
    <textblock>
      PRIMARY OBJECTIVE:&#xD;
&#xD;
      I. To assess the safety and tolerability of different doses of fostamatinib in patients with&#xD;
      myelodysplastic syndrome (MDS) and chronic myelomonocytic leukemia (CMML) as the measure of&#xD;
      adverse events (AEs), serious AEs (SAEs), and laboratory abnormalities on fostamatinib&#xD;
      treatment and frequency of discontinuation or interruptions of fostamatinib due to&#xD;
      fostamatinib related AEs.&#xD;
&#xD;
      SECONDARY OBJECTIVES:&#xD;
&#xD;
      I. To assess overall survival (OS), duration of response, relapse-free survival (RFS).&#xD;
&#xD;
      II. To assess overall response (OR) rate to different dose schedules of fostamatinib in&#xD;
      patients with MDS and CMML following International Working Group (IWG) 2006 response&#xD;
      criteria.&#xD;
&#xD;
      III. Hematological response at the end of 2 cycles for each dose level. IV. Frequency of dose&#xD;
      escalation of fostamatinib to a dose greater than 100 mg twice daily (BID).&#xD;
&#xD;
      V. Frequency of platelet transfusion independence. VI. Frequency of red blood cell (RBC)&#xD;
      transfusion independence for &gt; 8 weeks. VII. Endpoints related to correlative studies.&#xD;
&#xD;
      OUTLINE: This is a dose-escalation study.&#xD;
&#xD;
      Patients receive fostamatinib orally (PO) BID on days 1-28. Treatment repeats every 28 days&#xD;
      for up to 6 cycles (week 24) in the absence of disease progression or unacceptable toxicity.&#xD;
&#xD;
      After completion of study treatment, patients are followed up at 30 days, then every 6 months&#xD;
      thereafter.&#xD;
    </textblock>
  </detailed_description>
  <overall_status>Recruiting</overall_status>
  <start_date type="Actual">August 13, 2021</start_date>
  <completion_date type="Anticipated">April 30, 2025</completion_date>
  <primary_completion_date type="Anticipated">April 30, 2025</primary_completion_date>
  <phase>Phase 1</phase>
  <study_type>Interventional</study_type>
  <study_design_info>
    <allocation>N/A</allocation>
    <intervention_model>Single Group Assignment</intervention_model>
    <primary_purpose>Treatment</primary_purpose>
    <masking>None (Open Label)</masking>
  </study_design_info>
  <primary_outcome>
    <measure>The PI doesnt wish to add any Outcome Measures this will be add at the time of results</measure>
    <time_frame>through study completion, an average of 1 year</time_frame>
  </primary_outcome>
  <number_of_arms>1</number_of_arms>
  <enrollment type="Anticipated">20</enrollment>
  <condition>Refractory Chronic Myelomonocytic Leukemia</condition>
  <condition>Refractory Myelodysplastic Syndrome</condition>
  <arm_group>
    <arm_group_label>Treatment (fostamatinib)</arm_group_label>
    <arm_group_type>Experimental</arm_group_type>
    <description>Patients receive fostamatinib PO BID on days 1-28. Treatment repeats every 28 days for up to 6 cycles (week 24) in the absence of disease progression or unacceptable toxicity.</description>
  </arm_group>
  <intervention>
    <intervention_type>Drug</intervention_type>
    <intervention_name>Fostamatinib</intervention_name>
    <description>Given PO</description>
    <arm_group_label>Treatment (fostamatinib)</arm_group_label>
    <other_name>R-935788 Free Acid</other_name>
    <other_name>R788 Free Acid</other_name>
  </intervention>
  <eligibility>
    <criteria>
      <textblock>
        Inclusion Criteria:&#xD;
&#xD;
          -  Age &gt;= 18 years as MDS is a very rare disease in the pediatric setting&#xD;
&#xD;
          -  Diagnosis of MDS or CMML according to World Health Organization (WHO) and very low,&#xD;
             low or intermediate risk by Revised International Prognostic Scoring System (IPSS-R)&#xD;
             (with IPSS-R score of =&lt; 3.5)&#xD;
&#xD;
          -  Patients need to have not responded to prior therapy with hypomethylating agents&#xD;
             (HMAs). These could include azacitidine, decitabine, SGI-110, ASTX727. Patients will&#xD;
             need to have received at least 4 cycles of HMA. Patients with relapse or progression&#xD;
             after any number of cycles of HMA by IWG 2006 criteria will also be candidates.&#xD;
             Patients with MDS with isolated del(5q) must have received prior therapy with&#xD;
             lenalidomide&#xD;
&#xD;
          -  Cytopenias, in the form of anemia and thrombocytopenia, as follows:&#xD;
&#xD;
               -  Hemoglobin &lt; 10 g/dL OR&#xD;
&#xD;
               -  Platelets &lt; 75 x10^9/L OR&#xD;
&#xD;
               -  Transfusion dependency, defined as the receipt of any red blood cell or platelet&#xD;
                  transfusions within at least 28 days prior to the start of study treatment&#xD;
&#xD;
          -  Patient (or patient's legally authorized representative) must have signed an informed&#xD;
             consent document indicating that the patient understands the purpose of and procedures&#xD;
             required for the study and is willing to participate in the study&#xD;
&#xD;
          -  Total bilirubin &lt; 2 x upper limit of normal (ULN)&#xD;
&#xD;
          -  Aspartate aminotransferase (AST) and alanine aminotransferase (ALT) &lt; 1.5 x ULN&#xD;
&#xD;
          -  Serum creatinine clearance &gt; 30 mL/min and no end/stage renal disease (using&#xD;
             Cockcroft-Gault)&#xD;
&#xD;
          -  Eastern Cooperative Oncology Group (ECOG) performance status =&lt; 2&#xD;
&#xD;
          -  Hydroxyurea for control of leukocytosis is allowed at any time prior to or during&#xD;
             study if considered to be in the best interest of the patient&#xD;
&#xD;
          -  Both females of childbearing potential and males with female partners of childbearing&#xD;
             potential must agree to use contraception during the study period and for at least one&#xD;
             month after the last dose&#xD;
&#xD;
        Exclusion Criteria:&#xD;
&#xD;
          -  No prior therapy for MDS or CMML&#xD;
&#xD;
          -  Uncontrolled infection not adequately responding to appropriate antibiotics&#xD;
&#xD;
          -  Absolute neutrophil count (ANC) &lt; 0.5 x 10^9 k/uL&#xD;
&#xD;
          -  Uncontrolled or poorly controlled hypertension, defined as systolic blood pressure &gt;=&#xD;
             135 mmHg or diastolic blood pressure &gt;= 85 mmHg, whether or not the subject is&#xD;
             receiving anti-hypertensive treatment&#xD;
&#xD;
          -  Female patients who are pregnant or lactating&#xD;
&#xD;
          -  Patients with reproductive potential who are unwilling to following contraception&#xD;
             requirements (including condom use for males with sexual partners, and for females:&#xD;
             prescription oral contraceptives [birth control pills], contraceptive injections,&#xD;
             intrauterine devices [IUD], double-barrier method [spermicidal jelly or foam with&#xD;
             condoms or diaphragm], contraceptive patch, or surgical sterilization) throughout the&#xD;
             study. Reproductive potential is defined as no previous surgical sterilization or&#xD;
             females that are not post-menopausal for 12 months&#xD;
&#xD;
          -  Female patients with reproductive potential who do not have a negative urine or blood&#xD;
             beta-human chorionic gonadotropin (beta human chorionic gonadotropin [HCG]) pregnancy&#xD;
             test at screening&#xD;
&#xD;
          -  History of an active malignancy within the past 2 years prior to study entry, with the&#xD;
             exception of: a. Adequately treated in situ carcinoma of the cervix uteri b.&#xD;
             Adequately treated basal cell carcinoma or localized squamous cell carcinoma of the&#xD;
             skin or any other malignancy with a life expectancy of more than 2 years&#xD;
&#xD;
          -  Patients receiving any other concurrent investigational agent or chemotherapy,&#xD;
             radiotherapy, or immunotherapy (within 14 days of initiating study treatment)&#xD;
&#xD;
          -  Evidence of graft versus host disease or prior allo-stem cell transplantation within 6&#xD;
             months of Cycle 1 Day 1 or receiving immunosuppressants following a stem-cell&#xD;
             procedure&#xD;
      </textblock>
    </criteria>
    <gender>All</gender>
    <minimum_age>18 Years</minimum_age>
    <maximum_age>N/A</maximum_age>
    <healthy_volunteers>No</healthy_volunteers>
  </eligibility>
  <overall_official>
    <last_name>Guillermo M Bravo</last_name>
    <role>Principal Investigator</role>
    <affiliation>M.D. Anderson Cancer Center</affiliation>
  </overall_official>
  <location>
    <facility>
      <name>M D Anderson Cancer Center</name>
      <address>
        <city>Houston</city>
        <state>Texas</state>
        <zip>77030</zip>
        <country>United States</country>
      </address>
    </facility>
    <status>Recruiting</status>
    <contact>
      <last_name>Guillermo M. Bravo</last_name>
      <phone>713-794-3604</phone>
      <email>gmontalban1@mdanderson.org</email>
    </contact>
    <investigator>
      <last_name>Guillermo M. Bravo</last_name>
      <role>Principal Investigator</role>
    </investigator>
  </location>
  <location_countries>
    <country>United States</country>
  </location_countries>
  <verification_date>October 2023</verification_date>
  <study_first_submitted>August 9, 2021</study_first_submitted>
  <study_first_submitted_qc>August 31, 2021</study_first_submitted_qc>
  <study_first_posted type="Actual">September 1, 2021</study_first_posted>
  <last_update_submitted>October 6, 2023</last_update_submitted>
  <last_update_submitted_qc>October 6, 2023</last_update_submitted_qc>
  <last_update_posted type="Actual">October 10, 2023</last_update_posted>
  <responsible_party>
    <responsible_party_type>Sponsor</responsible_party_type>
  </responsible_party>
  <condition_browse>
    <!-- CAUTION:  The following MeSH terms are assigned with an imperfect algorithm            -->
    <mesh_term>Leukemia</mesh_term>
    <mesh_term>Preleukemia</mesh_term>
    <mesh_term>Leukemia, Myelomonocytic, Acute</mesh_term>
    <mesh_term>Leukemia, Myelomonocytic, Chronic</mesh_term>
    <mesh_term>Leukemia, Myelomonocytic, Juvenile</mesh_term>
    <mesh_term>Myelodysplastic Syndromes</mesh_term>
    <mesh_term>Syndrome</mesh_term>
  </condition_browse>
  <!-- Results have not yet been posted for this study                                          -->
</clinical_study>

