<?xml version="1.0" encoding="UTF-8"?>
<clinical_study rank="117">
  <!-- This xml conforms to an XML Schema at:
    https://clinicaltrials.gov/ct2/html/images/info/public.xsd -->
  <required_header>
    <download_date>ClinicalTrials.gov processed this data on February 06, 2024</download_date>
    <link_text>Link to the current ClinicalTrials.gov record.</link_text>
    <url>https://clinicaltrials.gov/ct2/show/NCT01885689</url>
  </required_header>
  <id_info>
    <org_study_id>13130</org_study_id>
    <secondary_id>NCI-2013-01193</secondary_id>
    <nct_id>NCT01885689</nct_id>
  </id_info>
  <brief_title>Clofarabine and Melphalan Before Donor Stem Cell Transplant in Treating Patients With Myelodysplasia, Acute Leukemia in Remission, or Chronic Myelomonocytic Leukemia</brief_title>
  <official_title>Phase II Study of Clofarabine and High-Dose Melphalan Conditioning Prior to Allogeneic Hematopoietic Cell Transplantation for Myelodysplasia or Acute Leukemia in Remission</official_title>
  <sponsors>
    <lead_sponsor>
      <agency>City of Hope Medical Center</agency>
      <agency_class>Other</agency_class>
    </lead_sponsor>
    <collaborator>
      <agency>National Cancer Institute (NCI)</agency>
      <agency_class>NIH</agency_class>
    </collaborator>
  </sponsors>
  <source>City of Hope Medical Center</source>
  <oversight_info>
    <has_dmc>Yes</has_dmc>
  </oversight_info>
  <brief_summary>
    <textblock>
      This phase II trial studies how well clofarabine and melphalan before a donor stem cell&#xD;
      transplant works in treating patients with a decrease in or disappearance of signs and&#xD;
      symptoms of myelodysplasia or acute leukemia (disease is in remission), or chronic&#xD;
      myelomonocytic leukemia. Giving chemotherapy, such as clofarabine and melphalan, before a&#xD;
      donor stem cell transplant helps stop the growth of cancer cells. It may also stop the&#xD;
      patient's immune system from rejecting the donor's stem cells. When the healthy stem cells&#xD;
      from a donor are infused into a patient they may help the patient's bone marrow make stem&#xD;
      cells, red blood cells, white blood cells, and platelets. Giving clofarabine and melphalan&#xD;
      before transplant may help prevent the cancer from coming back after transplant, and they may&#xD;
      cause fewer side effects than standard treatment.&#xD;
    </textblock>
  </brief_summary>
  <detailed_description>
    <textblock>
      PRIMARY OBJECTIVES:&#xD;
&#xD;
      I. Following a patient safety lead-in, determine the anti-tumor activity of clofarabine given&#xD;
      in combination with high-dose melphalan as assessed by 2-year progression-free survival&#xD;
      (PFS).&#xD;
&#xD;
      II. Estimate overall survival (OS), cumulative incidence (CI) of relapse/progression and&#xD;
      non-relapse mortality (NRM) at 100 days, 1 year and 2 years.&#xD;
&#xD;
      III. Summarize toxicities/complications by organ and severity, including acute and chronic&#xD;
      graft-vs-host disease (GVHD), and infection.&#xD;
&#xD;
      OUTLINE:&#xD;
&#xD;
      CONDITIONING REGIMEN: Patients receive clofarabine intravenously (IV) over 2 hours on days -9&#xD;
      to -5 and melphalan IV over 30 minutes on day -4.&#xD;
&#xD;
      TRANSPLANT: Patients undergo allogeneic hematopoietic stem cell transplant on day 0.&#xD;
&#xD;
      GVHD PROPHYLAXIS: Beginning on day -3, patients receive tacrolimus IV or orally (PO) and&#xD;
      sirolimus PO once daily with taper per City of Hope standard operating procedure.&#xD;
&#xD;
      After completion of study treatment, patients are followed up once weekly for 60 days, at&#xD;
      100, and 180 days, at one year, and then yearly for up to 5 years.&#xD;
    </textblock>
  </detailed_description>
  <overall_status>Active, not recruiting</overall_status>
  <start_date type="Actual">February 10, 2014</start_date>
  <completion_date type="Anticipated">December 30, 2023</completion_date>
  <primary_completion_date type="Actual">December 27, 2019</primary_completion_date>
  <phase>Phase 2</phase>
  <study_type>Interventional</study_type>
  <has_expanded_access>No</has_expanded_access>
  <study_design_info>
    <allocation>N/A</allocation>
    <intervention_model>Single Group Assignment</intervention_model>
    <primary_purpose>Treatment</primary_purpose>
    <masking>None (Open Label)</masking>
  </study_design_info>
  <primary_outcome>
    <measure>Progression-free Survival at 2 Years</measure>
    <time_frame>From start of protocol treatment to death due to any cause, disease relapse/progression, or last follow-up, whichever comes first, assessed up to 2 years.</time_frame>
    <description>Progression-free survival (PFS) is defined as time from start of protocol treatment to disease relapse/progression, death or last contact, whichever occurs first. Progression-free survival was estimated using the Kaplan-Meier method; the 95% confidence interval was calculated using Greenwood's formula.</description>
  </primary_outcome>
  <secondary_outcome>
    <measure>Overall Survival at 2 Years</measure>
    <time_frame>From start of protocol treatment to death due to any cause, or last follow-up, whichever comes first, assessed up to 2 years.</time_frame>
    <description>Overall survival (OS) is defined as time from start of protocol treatment to death from any cause. It was estimated using the Kaplan-Meier method; the 95% confidence interval was calculated using Greenwood's formula.</description>
  </secondary_outcome>
  <number_of_arms>1</number_of_arms>
  <enrollment type="Actual">72</enrollment>
  <condition>Adult Acute Lymphoblastic Leukemia in Remission</condition>
  <condition>Acute Myeloid Leukemia Arising From Previous Myelodysplastic Syndrome</condition>
  <condition>Adult Acute Myeloid Leukemia in Remission</condition>
  <condition>Myelodysplastic Syndrome</condition>
  <condition>Secondary Myelodysplastic Syndrome</condition>
  <condition>Chronic Myelomonocytic Leukemia</condition>
  <condition>Therapy-Related Myelodysplastic Syndrome</condition>
  <arm_group>
    <arm_group_label>Treatment (clofarabine, melphalan, transplant)</arm_group_label>
    <arm_group_type>Experimental</arm_group_type>
    <description>CONDITIONING REGIMEN: Patients receive clofarabine IV over 2 hours on days -9 to -5 and melphalan IV over 30 minutes on day -4.&#xD;
TRANSPLANT: Patients undergo allogeneic hematopoietic stem cell transplant on day 0.&#xD;
GVHD PROPHYLAXIS: Beginning on day -3, patients receive tacrolimus IV or PO and sirolimus PO once daily with taper per City of Hope standard operating procedure.</description>
  </arm_group>
  <intervention>
    <intervention_type>Drug</intervention_type>
    <intervention_name>clofarabine</intervention_name>
    <description>Given IV</description>
    <arm_group_label>Treatment (clofarabine, melphalan, transplant)</arm_group_label>
    <other_name>CAFdA</other_name>
    <other_name>Clofarex</other_name>
    <other_name>Clolar</other_name>
  </intervention>
  <intervention>
    <intervention_type>Drug</intervention_type>
    <intervention_name>melphalan</intervention_name>
    <description>Given IV</description>
    <arm_group_label>Treatment (clofarabine, melphalan, transplant)</arm_group_label>
    <other_name>Alkeran</other_name>
    <other_name>CB-3025</other_name>
    <other_name>L-PAM</other_name>
    <other_name>L-phenylalanine mustard</other_name>
    <other_name>L-Sarcolysin</other_name>
  </intervention>
  <intervention>
    <intervention_type>Procedure</intervention_type>
    <intervention_name>allogeneic hematopoietic stem cell transplantation</intervention_name>
    <description>Undergo allogeneic hematopoietic stem cell transplant</description>
    <arm_group_label>Treatment (clofarabine, melphalan, transplant)</arm_group_label>
  </intervention>
  <intervention>
    <intervention_type>Drug</intervention_type>
    <intervention_name>tacrolimus</intervention_name>
    <description>Given IV or PO</description>
    <arm_group_label>Treatment (clofarabine, melphalan, transplant)</arm_group_label>
    <other_name>FK 506</other_name>
    <other_name>Prograf</other_name>
  </intervention>
  <intervention>
    <intervention_type>Drug</intervention_type>
    <intervention_name>sirolimus</intervention_name>
    <description>Given PO</description>
    <arm_group_label>Treatment (clofarabine, melphalan, transplant)</arm_group_label>
    <other_name>AY 22989</other_name>
    <other_name>Rapamune</other_name>
    <other_name>rapamycin</other_name>
    <other_name>SLM</other_name>
  </intervention>
  <intervention>
    <intervention_type>Other</intervention_type>
    <intervention_name>Pharmacological Study</intervention_name>
    <description>Correlative studies</description>
    <arm_group_label>Treatment (clofarabine, melphalan, transplant)</arm_group_label>
  </intervention>
  <eligibility>
    <criteria>
      <textblock>
        Inclusion Criteria:&#xD;
&#xD;
          -  Patients in 1st or 2nd remission with acute myeloid leukemia (AML) or acute&#xD;
             lymphoblastic leukemia (ALL), who are eligible for stem cell transplant. Remission&#xD;
             defined as no circulating blasts, &lt; 5% blasts in the bone marrow, normalization of&#xD;
             previously detected cytogenetic abnormalities, no extramedullary disease&#xD;
&#xD;
          -  High risk myelodysplastic syndrome (MDS)&#xD;
&#xD;
               -  Intermediate II and high risk by International Prognostic Scoring System (IPSS)&#xD;
&#xD;
               -  Intermediate, high, or very high by World Health Organization (WHO)&#xD;
                  classification-based Prognostic Scoring System (WPSS)&#xD;
&#xD;
               -  Transfusion dependent&#xD;
&#xD;
               -  Therapy-related MDS or MDS evolved from previous hematological disorder&#xD;
                  (excepting myelofibrosis)&#xD;
&#xD;
          -  Patients with chronic myelomonocytic leukemia (CMML) are allowed to be enrolled&#xD;
&#xD;
          -  Patients with MDS that has evolved to AML must be in remission&#xD;
&#xD;
          -  Patients must not be eligible for full ablative regimens by the attending physician&#xD;
&#xD;
          -  Patients with AML or MDS arising from myeloproliferative neoplasm can be enrolled&#xD;
             after principal investigator (PI) approval on case to case basis, depends on the&#xD;
             spleen size and degree of bone marrow fibrosis&#xD;
&#xD;
          -  Performance status of &gt;= 70% on the Karnofsky scale&#xD;
&#xD;
          -  Women of child-bearing potential and men must agree to use adequate contraception&#xD;
             (hormonal or barrier method of birth control or abstinence) prior to study entry and&#xD;
             for six months following duration of study participation; should a woman become&#xD;
             pregnant or suspect she is pregnant while participating on the trial, she should&#xD;
             inform her treating physician immediately&#xD;
&#xD;
          -  Bone marrow and peripheral blood studies must be available for confirmation of&#xD;
             diagnosis; cytogenetics, flow cytometry, and molecular studies (such as Flt-3 status)&#xD;
             will be obtained as per standard practice&#xD;
&#xD;
          -  Bone marrow aspirates/biopsies should be performed within 28 (+ 4 day window) days&#xD;
             from registration to confirm disease remission status&#xD;
&#xD;
          -  A pretreatment measured creatinine clearance (absolute value) of &gt;= 60 mL/minute&#xD;
&#xD;
          -  Patients must have a serum bilirubin =&lt; 2.0 mg/dl&#xD;
&#xD;
          -  Patients must have serum glutamic oxaloacetic transaminase (SGOT) and serum glutamate&#xD;
             pyruvate transaminase (SGPT) =&lt; 2.5 times the institutional upper limit of normal&#xD;
&#xD;
          -  Ejection fraction measured by echocardiogram or multi gated acquisition scan (MUGA) &gt;&#xD;
             50%&#xD;
&#xD;
          -  Diffusing capacity of the lung for carbon monoxide (DLCO) or forced expiratory volume&#xD;
             in 1 second (FEV1) &gt; 45% predicted&#xD;
&#xD;
          -  Availability of a human leukocyte antigen (HLA) matched (6/6) sibling donor or 8/8&#xD;
             matched unrelated donor; Donors with mismatch at HLA-A, HLA-B, HLA-C, and HLA-DR will&#xD;
             be reviewed by matched unrelated donor (MUD) committee and allowed if their mismatch&#xD;
             with the recipient does not require additional GVHD prophylaxis (other than tacrolimus&#xD;
             and sirolimus), donors with mismatch at HLA-DQ or HLA-DPB are eligible; donor&#xD;
             evaluation according to City of Hope (COH) standard operating procedure (SOP)&#xD;
&#xD;
          -  Donor stem cell source can be either peripheral blood or bone marrow&#xD;
&#xD;
          -  All patients must have a psychosocial evaluation prior to transplant as per COH SOP&#xD;
&#xD;
          -  All subjects must have the ability to understand and the willingness to sign a written&#xD;
             informed consent&#xD;
&#xD;
          -  ALL or AML patients who received chemotherapy (induction or consolidation) can proceed&#xD;
             to transplant once bone marrow cellularity is &gt; 10 % with no evidence of leukemia&#xD;
&#xD;
        Exclusion Criteria:&#xD;
&#xD;
          -  Patients who have received a prior autologous or allogeneic transplant are excluded&#xD;
&#xD;
          -  Patients with significant hepatic dysfunction (not meeting liver function tests [LFT]&#xD;
             eligibility criteria)&#xD;
&#xD;
          -  Patients with MDS evolved into AML that is not in remission&#xD;
&#xD;
          -  Patients with acute promyelocytic leukemia&#xD;
&#xD;
          -  Patients with myeloproliferative neoplasms&#xD;
&#xD;
          -  Patients with suspected or proven central nervous system (CNS) leukemia; (diagnostic&#xD;
             lumbar puncture not required before enrollment)&#xD;
&#xD;
          -  Uncontrolled intercurrent illness including, but not limited to ongoing or active or&#xD;
             poorly controlled infection, symptomatic congestive heart failure, unstable angina&#xD;
             pectoris, cardiac arrhythmia, poorly controlled pulmonary disease or psychiatric&#xD;
             illness/social situations that would limit compliance with study requirements&#xD;
&#xD;
          -  Pregnant and lactating women are excluded from this study&#xD;
&#xD;
          -  Patients who do not agree to practice effective forms of contraception&#xD;
&#xD;
          -  Human immunodeficiency virus (HIV)-positive patients are excluded from this study&#xD;
&#xD;
          -  Patients are excluded if they are hepatitis B surface antigen (sAg), hepatitis B (Hep&#xD;
             B) core antibody (cAb), or hepatitis C (Hep C) positive. Patients with Hepatitis B cAB&#xD;
             positive and Hepatitis B PCR negative are eligible if they started prophylactic&#xD;
             treatment prior to registration to trial&#xD;
&#xD;
          -  Patients who have received radiation therapy as part of their leukemia treatment may&#xD;
             be ineligible and individual cases must be presented to the study principal&#xD;
             investigator (PI) for determination of eligibility&#xD;
&#xD;
          -  Any psychiatric, social or compliance issues that, in the treating physician's&#xD;
             opinion, will interfere with completion of the transplant treatment and follow up&#xD;
&#xD;
          -  Medical or psychiatric reasons which make the donor unlikely to tolerate or cooperate&#xD;
             with filgrastim (G-CSF) therapy or leukapheresis or bone marrow harvest&#xD;
&#xD;
          -  Known allergies to clofarabine, melphalan, sirolimus or tacrolimus&#xD;
&#xD;
          -  Patients with other active malignancies (besides AML, ALL, MDS) requiring treatment or&#xD;
             where there is concern of progression are ineligible for this study; however, patients&#xD;
             with previously treated skin cancer, early stage cervical or prostate cancer may be&#xD;
             eligible if there is no evidence of residual disease&#xD;
&#xD;
          -  Cord blood as a donor source is not acceptable&#xD;
&#xD;
          -  Subjects, who in the opinion of the investigator, may not be able to comply with the&#xD;
             safety monitoring requirements of the study&#xD;
      </textblock>
    </criteria>
    <gender>All</gender>
    <minimum_age>18 Years</minimum_age>
    <maximum_age>75 Years</maximum_age>
    <healthy_volunteers>No</healthy_volunteers>
  </eligibility>
  <overall_official>
    <last_name>Monzr Al Malki</last_name>
    <role>Principal Investigator</role>
    <affiliation>City of Hope Medical Center</affiliation>
  </overall_official>
  <location>
    <facility>
      <name>City of Hope Medical Center</name>
      <address>
        <city>Duarte</city>
        <state>California</state>
        <zip>91010</zip>
        <country>United States</country>
      </address>
    </facility>
  </location>
  <location_countries>
    <country>United States</country>
  </location_countries>
  <verification_date>March 2023</verification_date>
  <study_first_submitted>June 21, 2013</study_first_submitted>
  <study_first_submitted_qc>June 21, 2013</study_first_submitted_qc>
  <study_first_posted type="Estimate">June 25, 2013</study_first_posted>
  <results_first_submitted>March 7, 2023</results_first_submitted>
  <results_first_submitted_qc>March 31, 2023</results_first_submitted_qc>
  <results_first_posted type="Actual">April 4, 2023</results_first_posted>
  <last_update_submitted>March 31, 2023</last_update_submitted>
  <last_update_submitted_qc>March 31, 2023</last_update_submitted_qc>
  <last_update_posted type="Actual">April 4, 2023</last_update_posted>
  <responsible_party>
    <responsible_party_type>Sponsor</responsible_party_type>
  </responsible_party>
  <condition_browse>
    <!-- CAUTION:  The following MeSH terms are assigned with an imperfect algorithm            -->
    <mesh_term>Leukemia</mesh_term>
    <mesh_term>Leukemia, Myeloid</mesh_term>
    <mesh_term>Leukemia, Myeloid, Acute</mesh_term>
    <mesh_term>Preleukemia</mesh_term>
    <mesh_term>Precursor Cell Lymphoblastic Leukemia-Lymphoma</mesh_term>
    <mesh_term>Leukemia, Myelomonocytic, Acute</mesh_term>
    <mesh_term>Leukemia, Myelomonocytic, Chronic</mesh_term>
    <mesh_term>Leukemia, Myelomonocytic, Juvenile</mesh_term>
    <mesh_term>Myelodysplastic Syndromes</mesh_term>
    <mesh_term>Syndrome</mesh_term>
  </condition_browse>
  <intervention_browse>
    <!-- CAUTION:  The following MeSH terms are assigned with an imperfect algorithm            -->
    <mesh_term>Sirolimus</mesh_term>
    <mesh_term>Melphalan</mesh_term>
    <mesh_term>Clofarabine</mesh_term>
    <mesh_term>Tacrolimus</mesh_term>
  </intervention_browse>
  <provided_document_section>
    <provided_document>
      <document_type>Study Protocol and Statistical Analysis Plan</document_type>
      <document_has_protocol>Yes</document_has_protocol>
      <document_has_icf>No</document_has_icf>
      <document_has_sap>Yes</document_has_sap>
      <document_date>June 6, 2017</document_date>
      <document_url>https://ClinicalTrials.gov/ProvidedDocs/89/NCT01885689/Prot_SAP_000.pdf</document_url>
    </provided_document>
  </provided_document_section>

  <clinical_results>

    <participant_flow>
      <recruitment_details>72 patients consented to the study. 52 of them became eligible and received the study treatment.</recruitment_details>
      <group_list>
        <group group_id="P1">
          <title>Treatment (Clofarabine, Melphalan, Transplant)</title>
          <description>CONDITIONING REGIMEN: Patients receive clofarabine IV over 2 hours on days -9 to -5 and melphalan IV over 30 minutes on day -4.&#xD;
TRANSPLANT: Patients undergo allogeneic hematopoietic stem cell transplant on day 0.&#xD;
GVHD PROPHYLAXIS: Beginning on day -3, patients receive tacrolimus IV or PO and sirolimus PO once daily with taper per City of Hope standard operating procedure.&#xD;
clofarabine: Given IV&#xD;
melphalan: Given IV&#xD;
allogeneic hematopoietic stem cell transplantation: Undergo allogeneic hematopoietic stem cell transplant&#xD;
tacrolimus: Given IV or PO&#xD;
sirolimus: Given PO&#xD;
Pharmacological Study: Correlative studies</description>
        </group>
      </group_list>
      <period_list>
        <period>
          <title>Overall Study</title>
          <milestone_list>
            <milestone>
              <title>STARTED</title>
              <participants_list>
                <participants group_id="P1" count="52"/>
              </participants_list>
            </milestone>
            <milestone>
              <title>COMPLETED</title>
              <participants_list>
                <participants group_id="P1" count="52"/>
              </participants_list>
            </milestone>
            <milestone>
              <title>NOT COMPLETED</title>
              <participants_list>
                <participants group_id="P1" count="0"/>
              </participants_list>
            </milestone>
          </milestone_list>
        </period>
      </period_list>
    </participant_flow>

    <baseline>
      <group_list>
        <group group_id="B1">
          <title>Treatment (Clofarabine, Melphalan, Transplant)</title>
          <description>CONDITIONING REGIMEN: Patients receive clofarabine IV over 2 hours on days -9 to -5 and melphalan IV over 30 minutes on day -4.&#xD;
TRANSPLANT: Patients undergo allogeneic hematopoietic stem cell transplant on day 0.&#xD;
GVHD PROPHYLAXIS: Beginning on day -3, patients receive tacrolimus IV or PO and sirolimus PO once daily with taper per City of Hope standard operating procedure.&#xD;
clofarabine: Given IV&#xD;
melphalan: Given IV&#xD;
allogeneic hematopoietic stem cell transplantation: Undergo allogeneic hematopoietic stem cell transplant&#xD;
tacrolimus: Given IV or PO&#xD;
sirolimus: Given PO&#xD;
Pharmacological Study: Correlative studies</description>
        </group>
      </group_list>
      <analyzed_list>
        <analyzed>
          <units>Participants</units>
          <scope>Overall</scope>
          <count_list>
            <count group_id="B1" value="52"/>
          </count_list>
        </analyzed>
      </analyzed_list>
      <measure_list>
        <measure>
          <title>Age</title>
          <units>years</units>
          <param>Median</param>
          <dispersion>Full Range</dispersion>
          <class_list>
            <class>
              <category_list>
                <category>
                  <measurement_list>
                    <measurement group_id="B1" value="62" lower_limit="42" upper_limit="71"/>
                  </measurement_list>
                </category>
              </category_list>
            </class>
          </class_list>
        </measure>
        <measure>
          <title>Sex: Female, Male</title>
          <units>Participants</units>
          <param>Count of Participants</param>
          <class_list>
            <class>
              <category_list>
                <category>
                  <title>Female</title>
                  <measurement_list>
                    <measurement group_id="B1" value="27"/>
                  </measurement_list>
                </category>
                <category>
                  <title>Male</title>
                  <measurement_list>
                    <measurement group_id="B1" value="25"/>
                  </measurement_list>
                </category>
              </category_list>
            </class>
          </class_list>
        </measure>
        <measure>
          <title>Ethnicity (NIH/OMB)</title>
          <units>Participants</units>
          <param>Count of Participants</param>
          <class_list>
            <class>
              <category_list>
                <category>
                  <title>Hispanic or Latino</title>
                  <measurement_list>
                    <measurement group_id="B1" value="9"/>
                  </measurement_list>
                </category>
                <category>
                  <title>Not Hispanic or Latino</title>
                  <measurement_list>
                    <measurement group_id="B1" value="42"/>
                  </measurement_list>
                </category>
                <category>
                  <title>Unknown or Not Reported</title>
                  <measurement_list>
                    <measurement group_id="B1" value="1"/>
                  </measurement_list>
                </category>
              </category_list>
            </class>
          </class_list>
        </measure>
        <measure>
          <title>Region of Enrollment</title>
          <units>participants</units>
          <param>Number</param>
          <class_list>
            <class>
              <title>United States</title>
              <category_list>
                <category>
                  <measurement_list>
                    <measurement group_id="B1" value="52"/>
                  </measurement_list>
                </category>
              </category_list>
            </class>
          </class_list>
        </measure>
      </measure_list>
    </baseline>

    <outcome_list>
      <outcome>
        <type>Primary</type>
        <title>Progression-free Survival at 2 Years</title>
        <description>Progression-free survival (PFS) is defined as time from start of protocol treatment to disease relapse/progression, death or last contact, whichever occurs first. Progression-free survival was estimated using the Kaplan-Meier method; the 95% confidence interval was calculated using Greenwood's formula.</description>
        <time_frame>From start of protocol treatment to death due to any cause, disease relapse/progression, or last follow-up, whichever comes first, assessed up to 2 years.</time_frame>
        <group_list>
          <group group_id="O1">
            <title>Treatment (Clofarabine, Melphalan, Transplant)</title>
            <description>CONDITIONING REGIMEN: Patients receive clofarabine IV over 2 hours on days -9 to -5 and melphalan IV over 30 minutes on day -4.&#xD;
TRANSPLANT: Patients undergo allogeneic hematopoietic stem cell transplant on day 0.&#xD;
GVHD PROPHYLAXIS: Beginning on day -3, patients receive tacrolimus IV or PO and sirolimus PO once daily with taper per City of Hope standard operating procedure.&#xD;
clofarabine: Given IV&#xD;
melphalan: Given IV&#xD;
allogeneic hematopoietic stem cell transplantation: Undergo allogeneic hematopoietic stem cell transplant&#xD;
tacrolimus: Given IV or PO&#xD;
sirolimus: Given PO&#xD;
Pharmacological Study: Correlative studies</description>
          </group>
        </group_list>
        <measure>
          <title>Progression-free Survival at 2 Years</title>
          <description>Progression-free survival (PFS) is defined as time from start of protocol treatment to disease relapse/progression, death or last contact, whichever occurs first. Progression-free survival was estimated using the Kaplan-Meier method; the 95% confidence interval was calculated using Greenwood's formula.</description>
          <units>percent probability</units>
          <param>Number</param>
          <dispersion>95% Confidence Interval</dispersion>
          <analyzed_list>
            <analyzed>
              <units>Participants</units>
              <scope>Measure</scope>
              <count_list>
                <count group_id="O1" value="52"/>
              </count_list>
            </analyzed>
          </analyzed_list>
          <class_list>
            <class>
              <category_list>
                <category>
                  <measurement_list>
                    <measurement group_id="O1" value="54" lower_limit="39" upper_limit="66"/>
                  </measurement_list>
                </category>
              </category_list>
            </class>
          </class_list>
        </measure>
      </outcome>
      <outcome>
        <type>Secondary</type>
        <title>Overall Survival at 2 Years</title>
        <description>Overall survival (OS) is defined as time from start of protocol treatment to death from any cause. It was estimated using the Kaplan-Meier method; the 95% confidence interval was calculated using Greenwood's formula.</description>
        <time_frame>From start of protocol treatment to death due to any cause, or last follow-up, whichever comes first, assessed up to 2 years.</time_frame>
        <group_list>
          <group group_id="O1">
            <title>Treatment (Clofarabine, Melphalan, Transplant)</title>
            <description>CONDITIONING REGIMEN: Patients receive clofarabine IV over 2 hours on days -9 to -5 and melphalan IV over 30 minutes on day -4.&#xD;
TRANSPLANT: Patients undergo allogeneic hematopoietic stem cell transplant on day 0.&#xD;
GVHD PROPHYLAXIS: Beginning on day -3, patients receive tacrolimus IV or PO and sirolimus PO once daily with taper per City of Hope standard operating procedure.&#xD;
clofarabine: Given IV&#xD;
melphalan: Given IV&#xD;
allogeneic hematopoietic stem cell transplantation: Undergo allogeneic hematopoietic stem cell transplant&#xD;
tacrolimus: Given IV or PO&#xD;
sirolimus: Given PO&#xD;
Pharmacological Study: Correlative studies</description>
          </group>
        </group_list>
        <measure>
          <title>Overall Survival at 2 Years</title>
          <description>Overall survival (OS) is defined as time from start of protocol treatment to death from any cause. It was estimated using the Kaplan-Meier method; the 95% confidence interval was calculated using Greenwood's formula.</description>
          <units>percent probability</units>
          <param>Number</param>
          <dispersion>95% Confidence Interval</dispersion>
          <analyzed_list>
            <analyzed>
              <units>Participants</units>
              <scope>Measure</scope>
              <count_list>
                <count group_id="O1" value="52"/>
              </count_list>
            </analyzed>
          </analyzed_list>
          <class_list>
            <class>
              <category_list>
                <category>
                  <measurement_list>
                    <measurement group_id="O1" value="67" lower_limit="53" upper_limit="78"/>
                  </measurement_list>
                </category>
              </category_list>
            </class>
          </class_list>
        </measure>
      </outcome>
    </outcome_list>

    <reported_events>
      <time_frame>Adverse events were assessed up to Day 100 post-transplant. All-Cause Mortality was assessed from start of protocol treatment to death due to any cause, or last follow-up, whichever comes first, assessed up to 6 years.</time_frame>
      <group_list>
        <group group_id="E1">
          <title>Treatment (Clofarabine, Melphalan, Transplant)</title>
          <description>CONDITIONING REGIMEN: Patients receive clofarabine IV over 2 hours on days -9 to -5 and melphalan IV over 30 minutes on day -4.&#xD;
TRANSPLANT: Patients undergo allogeneic hematopoietic stem cell transplant on day 0.&#xD;
GVHD PROPHYLAXIS: Beginning on day -3, patients receive tacrolimus IV or PO and sirolimus PO once daily with taper per City of Hope standard operating procedure.&#xD;
clofarabine: Given IV&#xD;
melphalan: Given IV&#xD;
allogeneic hematopoietic stem cell transplantation: Undergo allogeneic hematopoietic stem cell transplant&#xD;
tacrolimus: Given IV or PO&#xD;
sirolimus: Given PO&#xD;
Pharmacological Study: Correlative studies</description>
        </group>
      </group_list>
      <serious_events>
        <default_vocab>CTCAE (4.03)</default_vocab>
        <default_assessment>Systematic Assessment</default_assessment>
        <category_list>
          <category>
            <title>Total</title>
            <event_list>
              <event>
                <sub_title>Total, all-cause mortality</sub_title>
                <counts group_id="E1" subjects_affected="23" subjects_at_risk="52"/>
              </event>
              <event>
                <sub_title>Total, serious adverse events</sub_title>
                <counts group_id="E1" subjects_affected="16" subjects_at_risk="52"/>
              </event>
            </event_list>
          </category>
          <category>
            <title>Blood and lymphatic system disorders</title>
            <event_list>
              <event>
                <sub_title>Blood and lymphatic system disorders - Other, specify</sub_title>
                <counts group_id="E1" events="1" subjects_affected="1" subjects_at_risk="52"/>
              </event>
            </event_list>
          </category>
          <category>
            <title>Cardiac disorders</title>
            <event_list>
              <event>
                <sub_title>Atrial fibrillation</sub_title>
                <counts group_id="E1" events="2" subjects_affected="2" subjects_at_risk="52"/>
              </event>
              <event>
                <sub_title>Cardiac disorders - Other, specify</sub_title>
                <counts group_id="E1" events="1" subjects_affected="1" subjects_at_risk="52"/>
              </event>
              <event>
                <sub_title>Myocarditis</sub_title>
                <counts group_id="E1" events="1" subjects_affected="1" subjects_at_risk="52"/>
              </event>
            </event_list>
          </category>
          <category>
            <title>Gastrointestinal disorders</title>
            <event_list>
              <event>
                <sub_title>Diarrhea</sub_title>
                <counts group_id="E1" events="1" subjects_affected="1" subjects_at_risk="52"/>
              </event>
            </event_list>
          </category>
          <category>
            <title>General disorders</title>
            <event_list>
              <event>
                <sub_title>Fever</sub_title>
                <counts group_id="E1" events="2" subjects_affected="2" subjects_at_risk="52"/>
              </event>
              <event>
                <sub_title>Multi-organ failure</sub_title>
                <counts group_id="E1" events="2" subjects_affected="1" subjects_at_risk="52"/>
              </event>
            </event_list>
          </category>
          <category>
            <title>Infections and infestations</title>
            <event_list>
              <event>
                <sub_title>Catheter related infection</sub_title>
                <counts group_id="E1" events="1" subjects_affected="1" subjects_at_risk="52"/>
              </event>
              <event>
                <sub_title>Encephalitis infection</sub_title>
                <counts group_id="E1" events="1" subjects_affected="1" subjects_at_risk="52"/>
              </event>
              <event>
                <sub_title>Infections and infestations - Other, specify</sub_title>
                <counts group_id="E1" events="3" subjects_affected="2" subjects_at_risk="52"/>
              </event>
              <event>
                <sub_title>Lung infection</sub_title>
                <counts group_id="E1" events="3" subjects_affected="2" subjects_at_risk="52"/>
              </event>
              <event>
                <sub_title>Sepsis</sub_title>
                <counts group_id="E1" events="5" subjects_affected="3" subjects_at_risk="52"/>
              </event>
            </event_list>
          </category>
          <category>
            <title>Injury, poisoning and procedural complications</title>
            <event_list>
              <event>
                <sub_title>Fracture</sub_title>
                <counts group_id="E1" events="1" subjects_affected="1" subjects_at_risk="52"/>
              </event>
              <event>
                <sub_title>Injury, poisoning and procedural complications - Other, specify</sub_title>
                <counts group_id="E1" events="1" subjects_affected="1" subjects_at_risk="52"/>
              </event>
            </event_list>
          </category>
          <category>
            <title>Investigations</title>
            <event_list>
              <event>
                <sub_title>Urine output decreased</sub_title>
                <counts group_id="E1" events="1" subjects_affected="1" subjects_at_risk="52"/>
              </event>
            </event_list>
          </category>
          <category>
            <title>Metabolism and nutrition disorders</title>
            <event_list>
              <event>
                <sub_title>Anorexia</sub_title>
                <counts group_id="E1" events="1" subjects_affected="1" subjects_at_risk="52"/>
              </event>
              <event>
                <sub_title>Hypoglycemia</sub_title>
                <counts group_id="E1" events="1" subjects_affected="1" subjects_at_risk="52"/>
              </event>
            </event_list>
          </category>
          <category>
            <title>Musculoskeletal and connective tissue disorders</title>
            <event_list>
              <event>
                <sub_title>Musculoskeletal and connective tissue disorder - Other, specify</sub_title>
                <counts group_id="E1" events="1" subjects_affected="1" subjects_at_risk="52"/>
              </event>
            </event_list>
          </category>
          <category>
            <title>Nervous system disorders</title>
            <event_list>
              <event>
                <sub_title>Spasticity</sub_title>
                <counts group_id="E1" events="1" subjects_affected="1" subjects_at_risk="52"/>
              </event>
            </event_list>
          </category>
          <category>
            <title>Renal and urinary disorders</title>
            <event_list>
              <event>
                <sub_title>Acute kidney injury</sub_title>
                <counts group_id="E1" events="3" subjects_affected="2" subjects_at_risk="52"/>
              </event>
            </event_list>
          </category>
          <category>
            <title>Respiratory, thoracic and mediastinal disorders</title>
            <event_list>
              <event>
                <sub_title>Pulmonary edema</sub_title>
                <counts group_id="E1" events="1" subjects_affected="1" subjects_at_risk="52"/>
              </event>
              <event>
                <sub_title>Respiratory failure</sub_title>
                <counts group_id="E1" events="5" subjects_affected="4" subjects_at_risk="52"/>
              </event>
              <event>
                <sub_title>Respiratory, thoracic and mediastinal disorders - Other, specify</sub_title>
                <counts group_id="E1" events="4" subjects_affected="4" subjects_at_risk="52"/>
              </event>
            </event_list>
          </category>
          <category>
            <title>Vascular disorders</title>
            <event_list>
              <event>
                <sub_title>Hypotension</sub_title>
                <counts group_id="E1" events="1" subjects_affected="1" subjects_at_risk="52"/>
              </event>
              <event>
                <sub_title>Thromboembolic event</sub_title>
                <counts group_id="E1" events="1" subjects_affected="1" subjects_at_risk="52"/>
              </event>
            </event_list>
          </category>
        </category_list>
      </serious_events>
      <other_events>
        <frequency_threshold>0</frequency_threshold>
        <default_vocab>CTCAE (4.03)</default_vocab>
        <default_assessment>Systematic Assessment</default_assessment>
        <category_list>
          <category>
            <title>Total</title>
            <event_list>
              <event>
                <sub_title>Total, other adverse events</sub_title>
                <counts group_id="E1" subjects_affected="52" subjects_at_risk="52"/>
              </event>
            </event_list>
          </category>
          <category>
            <title>Blood and lymphatic system disorders</title>
            <event_list>
              <event>
                <sub_title>Anemia</sub_title>
                <counts group_id="E1" events="118" subjects_affected="51" subjects_at_risk="52"/>
              </event>
              <event>
                <sub_title>Blood and lymphatic system disorders - Other, specify</sub_title>
                <counts group_id="E1" events="8" subjects_affected="5" subjects_at_risk="52"/>
              </event>
              <event>
                <sub_title>Febrile neutropenia</sub_title>
                <counts group_id="E1" events="34" subjects_affected="31" subjects_at_risk="52"/>
              </event>
              <event>
                <sub_title>Spleen disorder</sub_title>
                <counts group_id="E1" events="1" subjects_affected="1" subjects_at_risk="52"/>
              </event>
            </event_list>
          </category>
          <category>
            <title>Cardiac disorders</title>
            <event_list>
              <event>
                <sub_title>Acute coronary syndrome</sub_title>
                <counts group_id="E1" events="1" subjects_affected="1" subjects_at_risk="52"/>
              </event>
              <event>
                <sub_title>Atrial fibrillation</sub_title>
                <counts group_id="E1" events="5" subjects_affected="4" subjects_at_risk="52"/>
              </event>
              <event>
                <sub_title>Atrial flutter</sub_title>
                <counts group_id="E1" events="2" subjects_affected="2" subjects_at_risk="52"/>
              </event>
              <event>
                <sub_title>Cardiac disorders - Other, specify</sub_title>
                <counts group_id="E1" events="17" subjects_affected="12" subjects_at_risk="52"/>
              </event>
              <event>
                <sub_title>Chest pain - cardiac</sub_title>
                <counts group_id="E1" events="6" subjects_affected="6" subjects_at_risk="52"/>
              </event>
              <event>
                <sub_title>Heart failure</sub_title>
                <counts group_id="E1" events="3" subjects_affected="3" subjects_at_risk="52"/>
              </event>
              <event>
                <sub_title>Palpitations</sub_title>
                <counts group_id="E1" events="3" subjects_affected="3" subjects_at_risk="52"/>
              </event>
              <event>
                <sub_title>Pericardial effusion</sub_title>
                <counts group_id="E1" events="2" subjects_affected="2" subjects_at_risk="52"/>
              </event>
              <event>
                <sub_title>Sinus bradycardia</sub_title>
                <counts group_id="E1" events="4" subjects_affected="3" subjects_at_risk="52"/>
              </event>
              <event>
                <sub_title>Sinus tachycardia</sub_title>
                <counts group_id="E1" events="24" subjects_affected="18" subjects_at_risk="52"/>
              </event>
              <event>
                <sub_title>Supraventricular tachycardia</sub_title>
                <counts group_id="E1" events="1" subjects_affected="1" subjects_at_risk="52"/>
              </event>
              <event>
                <sub_title>Ventricular arrhythmia</sub_title>
                <counts group_id="E1" events="1" subjects_affected="1" subjects_at_risk="52"/>
              </event>
            </event_list>
          </category>
          <category>
            <title>Congenital, familial and genetic disorders</title>
            <event_list>
              <event>
                <sub_title>Congenital, familial and genetic disorders - Other, specify</sub_title>
                <counts group_id="E1" events="1" subjects_affected="1" subjects_at_risk="52"/>
              </event>
            </event_list>
          </category>
          <category>
            <title>Ear and labyrinth disorders</title>
            <event_list>
              <event>
                <sub_title>Hearing impaired</sub_title>
                <counts group_id="E1" events="1" subjects_affected="1" subjects_at_risk="52"/>
              </event>
              <event>
                <sub_title>Vertigo</sub_title>
                <counts group_id="E1" events="1" subjects_affected="1" subjects_at_risk="52"/>
              </event>
            </event_list>
          </category>
          <category>
            <title>Endocrine disorders</title>
            <event_list>
              <event>
                <sub_title>Endocrine disorders - Other, specify</sub_title>
                <counts group_id="E1" events="2" subjects_affected="2" subjects_at_risk="52"/>
              </event>
              <event>
                <sub_title>Hyperthyroidism</sub_title>
                <counts group_id="E1" events="2" subjects_affected="1" subjects_at_risk="52"/>
              </event>
              <event>
                <sub_title>Hypothyroidism</sub_title>
                <counts group_id="E1" events="3" subjects_affected="2" subjects_at_risk="52"/>
              </event>
            </event_list>
          </category>
          <category>
            <title>Eye disorders</title>
            <event_list>
              <event>
                <sub_title>Dry eye</sub_title>
                <counts group_id="E1" events="1" subjects_affected="1" subjects_at_risk="52"/>
              </event>
              <event>
                <sub_title>Eye disorders - Other, specify</sub_title>
                <counts group_id="E1" events="9" subjects_affected="7" subjects_at_risk="52"/>
              </event>
              <event>
                <sub_title>Eye pain</sub_title>
                <counts group_id="E1" events="3" subjects_affected="3" subjects_at_risk="52"/>
              </event>
              <event>
                <sub_title>Floaters</sub_title>
                <counts group_id="E1" events="1" subjects_affected="1" subjects_at_risk="52"/>
              </event>
              <event>
                <sub_title>Vitreous hemorrhage</sub_title>
                <counts group_id="E1" events="1" subjects_affected="1" subjects_at_risk="52"/>
              </event>
            </event_list>
          </category>
          <category>
            <title>Gastrointestinal disorders</title>
            <event_list>
              <event>
                <sub_title>Abdominal distension</sub_title>
                <counts group_id="E1" events="15" subjects_affected="14" subjects_at_risk="52"/>
              </event>
              <event>
                <sub_title>Abdominal pain</sub_title>
                <counts group_id="E1" events="55" subjects_affected="36" subjects_at_risk="52"/>
              </event>
              <event>
                <sub_title>Anal pain</sub_title>
                <counts group_id="E1" events="2" subjects_affected="2" subjects_at_risk="52"/>
              </event>
              <event>
                <sub_title>Ascites</sub_title>
                <counts group_id="E1" events="2" subjects_affected="2" subjects_at_risk="52"/>
              </event>
              <event>
                <sub_title>Bloating</sub_title>
                <counts group_id="E1" events="16" subjects_affected="14" subjects_at_risk="52"/>
              </event>
              <event>
                <sub_title>Colitis</sub_title>
                <counts group_id="E1" events="2" subjects_affected="2" subjects_at_risk="52"/>
              </event>
              <event>
                <sub_title>Colonic hemorrhage</sub_title>
                <counts group_id="E1" events="1" subjects_affected="1" subjects_at_risk="52"/>
              </event>
              <event>
                <sub_title>Colonic ulcer</sub_title>
                <counts group_id="E1" events="1" subjects_affected="1" subjects_at_risk="52"/>
              </event>
              <event>
                <sub_title>Constipation</sub_title>
                <counts group_id="E1" events="27" subjects_affected="22" subjects_at_risk="52"/>
              </event>
              <event>
                <sub_title>Diarrhea</sub_title>
                <counts group_id="E1" events="87" subjects_affected="51" subjects_at_risk="52"/>
              </event>
              <event>
                <sub_title>Dry mouth</sub_title>
                <counts group_id="E1" events="7" subjects_affected="7" subjects_at_risk="52"/>
              </event>
              <event>
                <sub_title>Dyspepsia</sub_title>
                <counts group_id="E1" events="1" subjects_affected="1" subjects_at_risk="52"/>
              </event>
              <event>
                <sub_title>Dysphagia</sub_title>
                <counts group_id="E1" events="5" subjects_affected="5" subjects_at_risk="52"/>
              </event>
              <event>
                <sub_title>Enterocolitis</sub_title>
                <counts group_id="E1" events="2" subjects_affected="1" subjects_at_risk="52"/>
              </event>
              <event>
                <sub_title>Esophageal pain</sub_title>
                <counts group_id="E1" events="1" subjects_affected="1" subjects_at_risk="52"/>
              </event>
              <event>
                <sub_title>Esophageal ulcer</sub_title>
                <counts group_id="E1" events="1" subjects_affected="1" subjects_at_risk="52"/>
              </event>
              <event>
                <sub_title>Esophagitis</sub_title>
                <counts group_id="E1" events="1" subjects_affected="1" subjects_at_risk="52"/>
              </event>
              <event>
                <sub_title>Fecal incontinence</sub_title>
                <counts group_id="E1" events="5" subjects_affected="4" subjects_at_risk="52"/>
              </event>
              <event>
                <sub_title>Flatulence</sub_title>
                <counts group_id="E1" events="2" subjects_affected="2" subjects_at_risk="52"/>
              </event>
              <event>
                <sub_title>Gastritis</sub_title>
                <counts group_id="E1" events="2" subjects_affected="2" subjects_at_risk="52"/>
              </event>
              <event>
                <sub_title>Gastroesophageal reflux disease</sub_title>
                <counts group_id="E1" events="8" subjects_affected="6" subjects_at_risk="52"/>
              </event>
              <event>
                <sub_title>Gastrointestinal disorders - Other, specify</sub_title>
                <counts group_id="E1" events="44" subjects_affected="23" subjects_at_risk="52"/>
              </event>
              <event>
                <sub_title>Hemorrhoids</sub_title>
                <counts group_id="E1" events="7" subjects_affected="6" subjects_at_risk="52"/>
              </event>
              <event>
                <sub_title>Ileus</sub_title>
                <counts group_id="E1" events="2" subjects_affected="2" subjects_at_risk="52"/>
              </event>
              <event>
                <sub_title>Mucositis oral</sub_title>
                <counts group_id="E1" events="37" subjects_affected="29" subjects_at_risk="52"/>
              </event>
              <event>
                <sub_title>Nausea</sub_title>
                <counts group_id="E1" events="94" subjects_affected="49" subjects_at_risk="52"/>
              </event>
              <event>
                <sub_title>Oral pain</sub_title>
                <counts group_id="E1" events="11" subjects_affected="11" subjects_at_risk="52"/>
              </event>
              <event>
                <sub_title>Pancreatitis</sub_title>
                <counts group_id="E1" events="1" subjects_affected="1" subjects_at_risk="52"/>
              </event>
              <event>
                <sub_title>Rectal pain</sub_title>
                <counts group_id="E1" events="14" subjects_affected="12" subjects_at_risk="52"/>
              </event>
              <event>
                <sub_title>Small intestinal mucositis</sub_title>
                <counts group_id="E1" events="1" subjects_affected="1" subjects_at_risk="52"/>
              </event>
              <event>
                <sub_title>Typhlitis</sub_title>
                <counts group_id="E1" events="1" subjects_affected="1" subjects_at_risk="52"/>
              </event>
              <event>
                <sub_title>Vomiting</sub_title>
                <counts group_id="E1" events="60" subjects_affected="38" subjects_at_risk="52"/>
              </event>
            </event_list>
          </category>
          <category>
            <title>General disorders</title>
            <event_list>
              <event>
                <sub_title>Chills</sub_title>
                <counts group_id="E1" events="14" subjects_affected="12" subjects_at_risk="52"/>
              </event>
              <event>
                <sub_title>Edema face</sub_title>
                <counts group_id="E1" events="5" subjects_affected="5" subjects_at_risk="52"/>
              </event>
              <event>
                <sub_title>Edema limbs</sub_title>
                <counts group_id="E1" events="48" subjects_affected="30" subjects_at_risk="52"/>
              </event>
              <event>
                <sub_title>Facial pain</sub_title>
                <counts group_id="E1" events="1" subjects_affected="1" subjects_at_risk="52"/>
              </event>
              <event>
                <sub_title>Fatigue</sub_title>
                <counts group_id="E1" events="92" subjects_affected="47" subjects_at_risk="52"/>
              </event>
              <event>
                <sub_title>Fever</sub_title>
                <counts group_id="E1" events="6" subjects_affected="5" subjects_at_risk="52"/>
              </event>
              <event>
                <sub_title>Flu like symptoms</sub_title>
                <counts group_id="E1" events="1" subjects_affected="1" subjects_at_risk="52"/>
              </event>
              <event>
                <sub_title>Gait disturbance</sub_title>
                <counts group_id="E1" events="2" subjects_affected="2" subjects_at_risk="52"/>
              </event>
              <event>
                <sub_title>General disorders and administration site conditions - Other, specify</sub_title>
                <counts group_id="E1" events="62" subjects_affected="29" subjects_at_risk="52"/>
              </event>
              <event>
                <sub_title>Injection site reaction</sub_title>
                <counts group_id="E1" events="1" subjects_affected="1" subjects_at_risk="52"/>
              </event>
              <event>
                <sub_title>Irritability</sub_title>
                <counts group_id="E1" events="1" subjects_affected="1" subjects_at_risk="52"/>
              </event>
              <event>
                <sub_title>Localized edema</sub_title>
                <counts group_id="E1" events="2" subjects_affected="2" subjects_at_risk="52"/>
              </event>
              <event>
                <sub_title>Malaise</sub_title>
                <counts group_id="E1" events="2" subjects_affected="2" subjects_at_risk="52"/>
              </event>
              <event>
                <sub_title>Neck edema</sub_title>
                <counts group_id="E1" events="4" subjects_affected="3" subjects_at_risk="52"/>
              </event>
              <event>
                <sub_title>Non-cardiac chest pain</sub_title>
                <counts group_id="E1" events="11" subjects_affected="10" subjects_at_risk="52"/>
              </event>
              <event>
                <sub_title>Pain</sub_title>
                <counts group_id="E1" events="17" subjects_affected="15" subjects_at_risk="52"/>
              </event>
            </event_list>
          </category>
          <category>
            <title>Hepatobiliary disorders</title>
            <event_list>
              <event>
                <sub_title>Hepatobiliary disorders - Other, specify</sub_title>
                <counts group_id="E1" events="4" subjects_affected="3" subjects_at_risk="52"/>
              </event>
              <event>
                <sub_title>Portal hypertension</sub_title>
                <counts group_id="E1" events="1" subjects_affected="1" subjects_at_risk="52"/>
              </event>
            </event_list>
          </category>
          <category>
            <title>Immune system disorders</title>
            <event_list>
              <event>
                <sub_title>Allergic reaction</sub_title>
                <counts group_id="E1" events="3" subjects_affected="3" subjects_at_risk="52"/>
              </event>
              <event>
                <sub_title>Immune system disorders - Other, specify</sub_title>
                <counts group_id="E1" events="31" subjects_affected="22" subjects_at_risk="52"/>
              </event>
            </event_list>
          </category>
          <category>
            <title>Infections and infestations</title>
            <event_list>
              <event>
                <sub_title>Appendicitis perforated</sub_title>
                <counts group_id="E1" events="1" subjects_affected="1" subjects_at_risk="52"/>
              </event>
              <event>
                <sub_title>Catheter related infection</sub_title>
                <counts group_id="E1" events="8" subjects_affected="6" subjects_at_risk="52"/>
              </event>
              <event>
                <sub_title>Enterocolitis infectious</sub_title>
                <counts group_id="E1" events="7" subjects_affected="5" subjects_at_risk="52"/>
              </event>
              <event>
                <sub_title>Infections and infestations - Other, specify</sub_title>
                <counts group_id="E1" events="27" subjects_affected="14" subjects_at_risk="52"/>
              </event>
              <event>
                <sub_title>Lung infection</sub_title>
                <counts group_id="E1" events="2" subjects_affected="1" subjects_at_risk="52"/>
              </event>
              <event>
                <sub_title>Papulopustular rash</sub_title>
                <counts group_id="E1" events="1" subjects_affected="1" subjects_at_risk="52"/>
              </event>
              <event>
                <sub_title>Sepsis</sub_title>
                <counts group_id="E1" events="1" subjects_affected="1" subjects_at_risk="52"/>
              </event>
              <event>
                <sub_title>Sinusitis</sub_title>
                <counts group_id="E1" events="4" subjects_affected="4" subjects_at_risk="52"/>
              </event>
              <event>
                <sub_title>Urinary tract infection</sub_title>
                <counts group_id="E1" events="5" subjects_affected="4" subjects_at_risk="52"/>
              </event>
              <event>
                <sub_title>Vaginal infection</sub_title>
                <counts group_id="E1" events="1" subjects_affected="1" subjects_at_risk="52"/>
              </event>
            </event_list>
          </category>
          <category>
            <title>Injury, poisoning and procedural complications</title>
            <event_list>
              <event>
                <sub_title>Bruising</sub_title>
                <counts group_id="E1" events="5" subjects_affected="4" subjects_at_risk="52"/>
              </event>
              <event>
                <sub_title>Fall</sub_title>
                <counts group_id="E1" events="1" subjects_affected="1" subjects_at_risk="52"/>
              </event>
              <event>
                <sub_title>Injury, poisoning and procedural complications - Other, specify</sub_title>
                <counts group_id="E1" events="6" subjects_affected="4" subjects_at_risk="52"/>
              </event>
            </event_list>
          </category>
          <category>
            <title>Investigations</title>
            <event_list>
              <event>
                <sub_title>Alanine aminotransferase increased</sub_title>
                <counts group_id="E1" events="78" subjects_affected="44" subjects_at_risk="52"/>
              </event>
              <event>
                <sub_title>Alkaline phosphatase increased</sub_title>
                <counts group_id="E1" events="18" subjects_affected="15" subjects_at_risk="52"/>
              </event>
              <event>
                <sub_title>Aspartate aminotransferase increased</sub_title>
                <counts group_id="E1" events="68" subjects_affected="44" subjects_at_risk="52"/>
              </event>
              <event>
                <sub_title>Blood bilirubin increased</sub_title>
                <counts group_id="E1" events="18" subjects_affected="12" subjects_at_risk="52"/>
              </event>
              <event>
                <sub_title>CPK increased</sub_title>
                <counts group_id="E1" events="1" subjects_affected="1" subjects_at_risk="52"/>
              </event>
              <event>
                <sub_title>Cardiac troponin I increased</sub_title>
                <counts group_id="E1" events="5" subjects_affected="5" subjects_at_risk="52"/>
              </event>
              <event>
                <sub_title>Cholesterol high</sub_title>
                <counts group_id="E1" events="4" subjects_affected="4" subjects_at_risk="52"/>
              </event>
              <event>
                <sub_title>Creatinine increased</sub_title>
                <counts group_id="E1" events="18" subjects_affected="12" subjects_at_risk="52"/>
              </event>
              <event>
                <sub_title>Electrocardiogram QT corrected interval prolonged</sub_title>
                <counts group_id="E1" events="1" subjects_affected="1" subjects_at_risk="52"/>
              </event>
              <event>
                <sub_title>Haptoglobin decreased</sub_title>
                <counts group_id="E1" events="1" subjects_affected="1" subjects_at_risk="52"/>
              </event>
              <event>
                <sub_title>INR increased</sub_title>
                <counts group_id="E1" events="3" subjects_affected="3" subjects_at_risk="52"/>
              </event>
              <event>
                <sub_title>Investigations - Other, specify</sub_title>
                <counts group_id="E1" events="62" subjects_affected="19" subjects_at_risk="52"/>
              </event>
              <event>
                <sub_title>Lymphocyte count decreased</sub_title>
                <counts group_id="E1" events="104" subjects_affected="52" subjects_at_risk="52"/>
              </event>
              <event>
                <sub_title>Neutrophil count decreased</sub_title>
                <counts group_id="E1" events="100" subjects_affected="51" subjects_at_risk="52"/>
              </event>
              <event>
                <sub_title>Platelet count decreased</sub_title>
                <counts group_id="E1" events="110" subjects_affected="52" subjects_at_risk="52"/>
              </event>
              <event>
                <sub_title>Serum amylase increased</sub_title>
                <counts group_id="E1" events="1" subjects_affected="1" subjects_at_risk="52"/>
              </event>
              <event>
                <sub_title>Urine output decreased</sub_title>
                <counts group_id="E1" events="1" subjects_affected="1" subjects_at_risk="52"/>
              </event>
              <event>
                <sub_title>Weight gain</sub_title>
                <counts group_id="E1" events="28" subjects_affected="21" subjects_at_risk="52"/>
              </event>
              <event>
                <sub_title>Weight loss</sub_title>
                <counts group_id="E1" events="17" subjects_affected="14" subjects_at_risk="52"/>
              </event>
              <event>
                <sub_title>White blood cell decreased</sub_title>
                <counts group_id="E1" events="107" subjects_affected="52" subjects_at_risk="52"/>
              </event>
            </event_list>
          </category>
          <category>
            <title>Metabolism and nutrition disorders</title>
            <event_list>
              <event>
                <sub_title>Acidosis</sub_title>
                <counts group_id="E1" events="4" subjects_affected="3" subjects_at_risk="52"/>
              </event>
              <event>
                <sub_title>Alkalosis</sub_title>
                <counts group_id="E1" events="4" subjects_affected="3" subjects_at_risk="52"/>
              </event>
              <event>
                <sub_title>Anorexia</sub_title>
                <counts group_id="E1" events="80" subjects_affected="45" subjects_at_risk="52"/>
              </event>
              <event>
                <sub_title>Dehydration</sub_title>
                <counts group_id="E1" events="1" subjects_affected="1" subjects_at_risk="52"/>
              </event>
              <event>
                <sub_title>Hypercalcemia</sub_title>
                <counts group_id="E1" events="2" subjects_affected="2" subjects_at_risk="52"/>
              </event>
              <event>
                <sub_title>Hyperglycemia</sub_title>
                <counts group_id="E1" events="78" subjects_affected="39" subjects_at_risk="52"/>
              </event>
              <event>
                <sub_title>Hyperkalemia</sub_title>
                <counts group_id="E1" events="5" subjects_affected="5" subjects_at_risk="52"/>
              </event>
              <event>
                <sub_title>Hypermagnesemia</sub_title>
                <counts group_id="E1" events="11" subjects_affected="10" subjects_at_risk="52"/>
              </event>
              <event>
                <sub_title>Hypernatremia</sub_title>
                <counts group_id="E1" events="7" subjects_affected="7" subjects_at_risk="52"/>
              </event>
              <event>
                <sub_title>Hypertriglyceridemia</sub_title>
                <counts group_id="E1" events="56" subjects_affected="41" subjects_at_risk="52"/>
              </event>
              <event>
                <sub_title>Hyperuricemia</sub_title>
                <counts group_id="E1" events="4" subjects_affected="4" subjects_at_risk="52"/>
              </event>
              <event>
                <sub_title>Hypoalbuminemia</sub_title>
                <counts group_id="E1" events="89" subjects_affected="50" subjects_at_risk="52"/>
              </event>
              <event>
                <sub_title>Hypocalcemia</sub_title>
                <counts group_id="E1" events="58" subjects_affected="36" subjects_at_risk="52"/>
              </event>
              <event>
                <sub_title>Hypoglycemia</sub_title>
                <counts group_id="E1" events="2" subjects_affected="2" subjects_at_risk="52"/>
              </event>
              <event>
                <sub_title>Hypokalemia</sub_title>
                <counts group_id="E1" events="87" subjects_affected="47" subjects_at_risk="52"/>
              </event>
              <event>
                <sub_title>Hypomagnesemia</sub_title>
                <counts group_id="E1" events="73" subjects_affected="48" subjects_at_risk="52"/>
              </event>
              <event>
                <sub_title>Hyponatremia</sub_title>
                <counts group_id="E1" events="79" subjects_affected="47" subjects_at_risk="52"/>
              </event>
              <event>
                <sub_title>Hypophosphatemia</sub_title>
                <counts group_id="E1" events="60" subjects_affected="41" subjects_at_risk="52"/>
              </event>
              <event>
                <sub_title>Metabolism and nutrition disorders - Other, specify</sub_title>
                <counts group_id="E1" events="86" subjects_affected="19" subjects_at_risk="52"/>
              </event>
              <event>
                <sub_title>Obesity</sub_title>
                <counts group_id="E1" events="13" subjects_affected="8" subjects_at_risk="52"/>
              </event>
            </event_list>
          </category>
          <category>
            <title>Musculoskeletal and connective tissue disorders</title>
            <event_list>
              <event>
                <sub_title>Arthralgia</sub_title>
                <counts group_id="E1" events="1" subjects_affected="1" subjects_at_risk="52"/>
              </event>
              <event>
                <sub_title>Arthritis</sub_title>
                <counts group_id="E1" events="1" subjects_affected="1" subjects_at_risk="52"/>
              </event>
              <event>
                <sub_title>Back pain</sub_title>
                <counts group_id="E1" events="35" subjects_affected="23" subjects_at_risk="52"/>
              </event>
              <event>
                <sub_title>Bone pain</sub_title>
                <counts group_id="E1" events="5" subjects_affected="5" subjects_at_risk="52"/>
              </event>
              <event>
                <sub_title>Flank pain</sub_title>
                <counts group_id="E1" events="1" subjects_affected="1" subjects_at_risk="52"/>
              </event>
              <event>
                <sub_title>Generalized muscle weakness</sub_title>
                <counts group_id="E1" events="9" subjects_affected="8" subjects_at_risk="52"/>
              </event>
              <event>
                <sub_title>Muscle weakness upper limb</sub_title>
                <counts group_id="E1" events="1" subjects_affected="1" subjects_at_risk="52"/>
              </event>
              <event>
                <sub_title>Musculoskeletal and connective tissue disorder - Other, specify</sub_title>
                <counts group_id="E1" events="17" subjects_affected="12" subjects_at_risk="52"/>
              </event>
              <event>
                <sub_title>Myalgia</sub_title>
                <counts group_id="E1" events="6" subjects_affected="4" subjects_at_risk="52"/>
              </event>
              <event>
                <sub_title>Neck pain</sub_title>
                <counts group_id="E1" events="11" subjects_affected="9" subjects_at_risk="52"/>
              </event>
              <event>
                <sub_title>Pain in extremity</sub_title>
                <counts group_id="E1" events="34" subjects_affected="23" subjects_at_risk="52"/>
              </event>
              <event>
                <sub_title>Scoliosis</sub_title>
                <counts group_id="E1" events="1" subjects_affected="1" subjects_at_risk="52"/>
              </event>
            </event_list>
          </category>
          <category>
            <title>Neoplasms benign, malignant and unspecified (incl cysts and polyps)</title>
            <event_list>
              <event>
                <sub_title>Neoplasms benign, malignant and unspecified (incl cysts and polyps) - Other, specify</sub_title>
                <counts group_id="E1" events="4" subjects_affected="3" subjects_at_risk="52"/>
              </event>
            </event_list>
          </category>
          <category>
            <title>Nervous system disorders</title>
            <event_list>
              <event>
                <sub_title>Concentration impairment</sub_title>
                <counts group_id="E1" events="1" subjects_affected="1" subjects_at_risk="52"/>
              </event>
              <event>
                <sub_title>Dizziness</sub_title>
                <counts group_id="E1" events="7" subjects_affected="6" subjects_at_risk="52"/>
              </event>
              <event>
                <sub_title>Dysgeusia</sub_title>
                <counts group_id="E1" events="8" subjects_affected="8" subjects_at_risk="52"/>
              </event>
              <event>
                <sub_title>Dysphasia</sub_title>
                <counts group_id="E1" events="1" subjects_affected="1" subjects_at_risk="52"/>
              </event>
              <event>
                <sub_title>Encephalopathy</sub_title>
                <counts group_id="E1" events="2" subjects_affected="1" subjects_at_risk="52"/>
              </event>
              <event>
                <sub_title>Headache</sub_title>
                <counts group_id="E1" events="65" subjects_affected="40" subjects_at_risk="52"/>
              </event>
              <event>
                <sub_title>Lethargy</sub_title>
                <counts group_id="E1" events="6" subjects_affected="6" subjects_at_risk="52"/>
              </event>
              <event>
                <sub_title>Memory impairment</sub_title>
                <counts group_id="E1" events="3" subjects_affected="3" subjects_at_risk="52"/>
              </event>
              <event>
                <sub_title>Movements involuntary</sub_title>
                <counts group_id="E1" events="1" subjects_affected="1" subjects_at_risk="52"/>
              </event>
              <event>
                <sub_title>Nervous system disorders - Other, specify</sub_title>
                <counts group_id="E1" events="8" subjects_affected="4" subjects_at_risk="52"/>
              </event>
              <event>
                <sub_title>Paresthesia</sub_title>
                <counts group_id="E1" events="1" subjects_affected="1" subjects_at_risk="52"/>
              </event>
              <event>
                <sub_title>Peripheral sensory neuropathy</sub_title>
                <counts group_id="E1" events="8" subjects_affected="7" subjects_at_risk="52"/>
              </event>
              <event>
                <sub_title>Presyncope</sub_title>
                <counts group_id="E1" events="1" subjects_affected="1" subjects_at_risk="52"/>
              </event>
              <event>
                <sub_title>Sinus pain</sub_title>
                <counts group_id="E1" events="2" subjects_affected="1" subjects_at_risk="52"/>
              </event>
              <event>
                <sub_title>Somnolence</sub_title>
                <counts group_id="E1" events="2" subjects_affected="2" subjects_at_risk="52"/>
              </event>
              <event>
                <sub_title>Tremor</sub_title>
                <counts group_id="E1" events="10" subjects_affected="8" subjects_at_risk="52"/>
              </event>
            </event_list>
          </category>
          <category>
            <title>Psychiatric disorders</title>
            <event_list>
              <event>
                <sub_title>Agitation</sub_title>
                <counts group_id="E1" events="5" subjects_affected="5" subjects_at_risk="52"/>
              </event>
              <event>
                <sub_title>Anxiety</sub_title>
                <counts group_id="E1" events="32" subjects_affected="22" subjects_at_risk="52"/>
              </event>
              <event>
                <sub_title>Confusion</sub_title>
                <counts group_id="E1" events="14" subjects_affected="12" subjects_at_risk="52"/>
              </event>
              <event>
                <sub_title>Delirium</sub_title>
                <counts group_id="E1" events="1" subjects_affected="1" subjects_at_risk="52"/>
              </event>
              <event>
                <sub_title>Depression</sub_title>
                <counts group_id="E1" events="11" subjects_affected="8" subjects_at_risk="52"/>
              </event>
              <event>
                <sub_title>Hallucinations</sub_title>
                <counts group_id="E1" events="5" subjects_affected="5" subjects_at_risk="52"/>
              </event>
              <event>
                <sub_title>Insomnia</sub_title>
                <counts group_id="E1" events="49" subjects_affected="35" subjects_at_risk="52"/>
              </event>
              <event>
                <sub_title>Psychiatric disorders - Other, specify</sub_title>
                <counts group_id="E1" events="14" subjects_affected="10" subjects_at_risk="52"/>
              </event>
              <event>
                <sub_title>Psychosis</sub_title>
                <counts group_id="E1" events="1" subjects_affected="1" subjects_at_risk="52"/>
              </event>
              <event>
                <sub_title>Restlessness</sub_title>
                <counts group_id="E1" events="14" subjects_affected="12" subjects_at_risk="52"/>
              </event>
            </event_list>
          </category>
          <category>
            <title>Renal and urinary disorders</title>
            <event_list>
              <event>
                <sub_title>Acute kidney injury</sub_title>
                <counts group_id="E1" events="8" subjects_affected="7" subjects_at_risk="52"/>
              </event>
              <event>
                <sub_title>Hematuria</sub_title>
                <counts group_id="E1" events="11" subjects_affected="10" subjects_at_risk="52"/>
              </event>
              <event>
                <sub_title>Proteinuria</sub_title>
                <counts group_id="E1" events="17" subjects_affected="17" subjects_at_risk="52"/>
              </event>
              <event>
                <sub_title>Renal and urinary disorders - Other, specify</sub_title>
                <counts group_id="E1" events="17" subjects_affected="14" subjects_at_risk="52"/>
              </event>
              <event>
                <sub_title>Urinary frequency</sub_title>
                <counts group_id="E1" events="4" subjects_affected="4" subjects_at_risk="52"/>
              </event>
              <event>
                <sub_title>Urinary incontinence</sub_title>
                <counts group_id="E1" events="4" subjects_affected="4" subjects_at_risk="52"/>
              </event>
              <event>
                <sub_title>Urinary retention</sub_title>
                <counts group_id="E1" events="2" subjects_affected="2" subjects_at_risk="52"/>
              </event>
              <event>
                <sub_title>Urinary tract pain</sub_title>
                <counts group_id="E1" events="2" subjects_affected="2" subjects_at_risk="52"/>
              </event>
              <event>
                <sub_title>Urinary urgency</sub_title>
                <counts group_id="E1" events="1" subjects_affected="1" subjects_at_risk="52"/>
              </event>
            </event_list>
          </category>
          <category>
            <title>Reproductive system and breast disorders</title>
            <event_list>
              <event>
                <sub_title>Pelvic pain</sub_title>
                <counts group_id="E1" events="2" subjects_affected="1" subjects_at_risk="52"/>
              </event>
              <event>
                <sub_title>Penile pain</sub_title>
                <counts group_id="E1" events="1" subjects_affected="1" subjects_at_risk="52"/>
              </event>
              <event>
                <sub_title>Reproductive system and breast disorders - Other, specify</sub_title>
                <counts group_id="E1" events="2" subjects_affected="2" subjects_at_risk="52"/>
              </event>
              <event>
                <sub_title>Scrotal pain</sub_title>
                <counts group_id="E1" events="1" subjects_affected="1" subjects_at_risk="52"/>
              </event>
              <event>
                <sub_title>Vaginal hemorrhage</sub_title>
                <counts group_id="E1" events="2" subjects_affected="1" subjects_at_risk="52"/>
              </event>
            </event_list>
          </category>
          <category>
            <title>Respiratory, thoracic and mediastinal disorders</title>
            <event_list>
              <event>
                <sub_title>Adult respiratory distress syndrome</sub_title>
                <counts group_id="E1" events="1" subjects_affected="1" subjects_at_risk="52"/>
              </event>
              <event>
                <sub_title>Allergic rhinitis</sub_title>
                <counts group_id="E1" events="1" subjects_affected="1" subjects_at_risk="52"/>
              </event>
              <event>
                <sub_title>Apnea</sub_title>
                <counts group_id="E1" events="1" subjects_affected="1" subjects_at_risk="52"/>
              </event>
              <event>
                <sub_title>Atelectasis</sub_title>
                <counts group_id="E1" events="12" subjects_affected="10" subjects_at_risk="52"/>
              </event>
              <event>
                <sub_title>Cough</sub_title>
                <counts group_id="E1" events="15" subjects_affected="13" subjects_at_risk="52"/>
              </event>
              <event>
                <sub_title>Dyspnea</sub_title>
                <counts group_id="E1" events="12" subjects_affected="12" subjects_at_risk="52"/>
              </event>
              <event>
                <sub_title>Epistaxis</sub_title>
                <counts group_id="E1" events="6" subjects_affected="6" subjects_at_risk="52"/>
              </event>
              <event>
                <sub_title>Hiccups</sub_title>
                <counts group_id="E1" events="2" subjects_affected="2" subjects_at_risk="52"/>
              </event>
              <event>
                <sub_title>Hoarseness</sub_title>
                <counts group_id="E1" events="2" subjects_affected="2" subjects_at_risk="52"/>
              </event>
              <event>
                <sub_title>Hypoxia</sub_title>
                <counts group_id="E1" events="6" subjects_affected="6" subjects_at_risk="52"/>
              </event>
              <event>
                <sub_title>Laryngeal inflammation</sub_title>
                <counts group_id="E1" events="1" subjects_affected="1" subjects_at_risk="52"/>
              </event>
              <event>
                <sub_title>Laryngeal mucositis</sub_title>
                <counts group_id="E1" events="1" subjects_affected="1" subjects_at_risk="52"/>
              </event>
              <event>
                <sub_title>Nasal congestion</sub_title>
                <counts group_id="E1" events="10" subjects_affected="10" subjects_at_risk="52"/>
              </event>
              <event>
                <sub_title>Pleural effusion</sub_title>
                <counts group_id="E1" events="12" subjects_affected="11" subjects_at_risk="52"/>
              </event>
              <event>
                <sub_title>Pneumonitis</sub_title>
                <counts group_id="E1" events="3" subjects_affected="3" subjects_at_risk="52"/>
              </event>
              <event>
                <sub_title>Productive cough</sub_title>
                <counts group_id="E1" events="2" subjects_affected="2" subjects_at_risk="52"/>
              </event>
              <event>
                <sub_title>Pulmonary edema</sub_title>
                <counts group_id="E1" events="4" subjects_affected="4" subjects_at_risk="52"/>
              </event>
              <event>
                <sub_title>Pulmonary fibrosis</sub_title>
                <counts group_id="E1" events="2" subjects_affected="1" subjects_at_risk="52"/>
              </event>
              <event>
                <sub_title>Pulmonary hypertension</sub_title>
                <counts group_id="E1" events="1" subjects_affected="1" subjects_at_risk="52"/>
              </event>
              <event>
                <sub_title>Respiratory failure</sub_title>
                <counts group_id="E1" events="1" subjects_affected="1" subjects_at_risk="52"/>
              </event>
              <event>
                <sub_title>Respiratory, thoracic and mediastinal disorders - Other, specify</sub_title>
                <counts group_id="E1" events="32" subjects_affected="19" subjects_at_risk="52"/>
              </event>
              <event>
                <sub_title>Sleep apnea</sub_title>
                <counts group_id="E1" events="2" subjects_affected="1" subjects_at_risk="52"/>
              </event>
              <event>
                <sub_title>Sore throat</sub_title>
                <counts group_id="E1" events="17" subjects_affected="16" subjects_at_risk="52"/>
              </event>
              <event>
                <sub_title>Wheezing</sub_title>
                <counts group_id="E1" events="7" subjects_affected="6" subjects_at_risk="52"/>
              </event>
            </event_list>
          </category>
          <category>
            <title>Skin and subcutaneous tissue disorders</title>
            <event_list>
              <event>
                <sub_title>Dry skin</sub_title>
                <counts group_id="E1" events="13" subjects_affected="12" subjects_at_risk="52"/>
              </event>
              <event>
                <sub_title>Erythema multiforme</sub_title>
                <counts group_id="E1" events="2" subjects_affected="2" subjects_at_risk="52"/>
              </event>
              <event>
                <sub_title>Pain of skin</sub_title>
                <counts group_id="E1" events="1" subjects_affected="1" subjects_at_risk="52"/>
              </event>
              <event>
                <sub_title>Palmar-plantar erythrodysesthesia syndrome</sub_title>
                <counts group_id="E1" events="11" subjects_affected="6" subjects_at_risk="52"/>
              </event>
              <event>
                <sub_title>Periorbital edema</sub_title>
                <counts group_id="E1" events="1" subjects_affected="1" subjects_at_risk="52"/>
              </event>
              <event>
                <sub_title>Pruritus</sub_title>
                <counts group_id="E1" events="43" subjects_affected="32" subjects_at_risk="52"/>
              </event>
              <event>
                <sub_title>Rash acneiform</sub_title>
                <counts group_id="E1" events="1" subjects_affected="1" subjects_at_risk="52"/>
              </event>
              <event>
                <sub_title>Rash maculo-papular</sub_title>
                <counts group_id="E1" events="42" subjects_affected="34" subjects_at_risk="52"/>
              </event>
              <event>
                <sub_title>Skin and subcutaneous tissue disorders - Other, specify</sub_title>
                <counts group_id="E1" events="33" subjects_affected="22" subjects_at_risk="52"/>
              </event>
              <event>
                <sub_title>Skin hyperpigmentation</sub_title>
                <counts group_id="E1" events="2" subjects_affected="2" subjects_at_risk="52"/>
              </event>
              <event>
                <sub_title>Skin ulceration</sub_title>
                <counts group_id="E1" events="3" subjects_affected="2" subjects_at_risk="52"/>
              </event>
              <event>
                <sub_title>Urticaria</sub_title>
                <counts group_id="E1" events="1" subjects_affected="1" subjects_at_risk="52"/>
              </event>
            </event_list>
          </category>
          <category>
            <title>Vascular disorders</title>
            <event_list>
              <event>
                <sub_title>Flushing</sub_title>
                <counts group_id="E1" events="6" subjects_affected="5" subjects_at_risk="52"/>
              </event>
              <event>
                <sub_title>Hematoma</sub_title>
                <counts group_id="E1" events="2" subjects_affected="2" subjects_at_risk="52"/>
              </event>
              <event>
                <sub_title>Hypertension</sub_title>
                <counts group_id="E1" events="71" subjects_affected="40" subjects_at_risk="52"/>
              </event>
              <event>
                <sub_title>Hypotension</sub_title>
                <counts group_id="E1" events="17" subjects_affected="13" subjects_at_risk="52"/>
              </event>
              <event>
                <sub_title>Thromboembolic event</sub_title>
                <counts group_id="E1" events="1" subjects_affected="1" subjects_at_risk="52"/>
              </event>
              <event>
                <sub_title>Vascular disorders - Other, specify</sub_title>
                <counts group_id="E1" events="3" subjects_affected="2" subjects_at_risk="52"/>
              </event>
            </event_list>
          </category>
        </category_list>
      </other_events>
    </reported_events>

    <certain_agreements>
      <pi_employee>All Principal Investigators ARE employed by the organization sponsoring the study.</pi_employee>
      <restrictive_agreement>There is NOT an agreement between Principal Investigators and the Sponsor (or its agents) that restricts the PI's rights to discuss or publish trial results after the trial is completed. </restrictive_agreement>
    </certain_agreements>
    <point_of_contact>
      <name_or_title>Dr. Monzi M.Al Malki, MD</name_or_title>
      <organization>City of Hope</organization>
      <phone>626-359-8111</phone>
      <email>malmalki@coh.org</email>
    </point_of_contact>
  </clinical_results>
</clinical_study>

