<?xml version="1.0" encoding="UTF-8"?>
<clinical_study rank="106">
  <!-- This xml conforms to an XML Schema at:
    https://clinicaltrials.gov/ct2/html/images/info/public.xsd -->
  <required_header>
    <download_date>ClinicalTrials.gov processed this data on February 06, 2024</download_date>
    <link_text>Link to the current ClinicalTrials.gov record.</link_text>
    <url>https://clinicaltrials.gov/ct2/show/NCT01083706</url>
  </required_header>
  <id_info>
    <org_study_id>2240.00</org_study_id>
    <secondary_id>NCI-2010-00281</secondary_id>
    <secondary_id>2240.00</secondary_id>
    <secondary_id>P30CA015704</secondary_id>
    <secondary_id>P01CA078902</secondary_id>
    <nct_id>NCT01083706</nct_id>
  </id_info>
  <brief_title>Azacitidine in Treating Patients With Relapsed Myelodysplastic Syndrome, Chronic Myelomonocytic Leukemia, or Acute Myeloid Leukemia Who Have Undergone Stem Cell Transplant</brief_title>
  <official_title>Treatment of Post-Transplant Relapse and Persistent Disease in Patients With MDS, CMML and AML With Azacitidine</official_title>
  <sponsors>
    <lead_sponsor>
      <agency>Fred Hutchinson Cancer Center</agency>
      <agency_class>Other</agency_class>
    </lead_sponsor>
    <collaborator>
      <agency>Celgene Corporation</agency>
      <agency_class>Industry</agency_class>
    </collaborator>
    <collaborator>
      <agency>National Cancer Institute (NCI)</agency>
      <agency_class>NIH</agency_class>
    </collaborator>
  </sponsors>
  <source>Fred Hutchinson Cancer Center</source>
  <oversight_info>
    <has_dmc>Yes</has_dmc>
  </oversight_info>
  <brief_summary>
    <textblock>
      This phase II trial studies how well azacitidine works in treating patients with relapsed&#xD;
      myelodysplastic syndrome (MDS), chronic myelomonocytic leukemia (CMML), or acute myeloid&#xD;
      leukemia (AML) who have undergone stem cell transplant. Drugs used in chemotherapy, such as&#xD;
      azacitidine, work in different ways to stop the growth of cancer cells, either by killing the&#xD;
      cells or by stopping them from dividing.&#xD;
    </textblock>
  </brief_summary>
  <detailed_description>
    <textblock>
      PRIMARY OBJECTIVES:&#xD;
&#xD;
      I. To improve overall survival in patients with post-transplant relapse of myeloid&#xD;
      malignancies.&#xD;
&#xD;
      OUTLINE:&#xD;
&#xD;
      Patients receive azacitidine subcutaneously (SC) or intravenously (IV) on days 1-7. Treatment&#xD;
      repeats every 28 days for 6 courses in the absence of disease progression or unacceptable&#xD;
      toxicity.&#xD;
    </textblock>
  </detailed_description>
  <overall_status>Completed</overall_status>
  <start_date>April 2010</start_date>
  <primary_completion_date type="Actual">December 2013</primary_completion_date>
  <phase>Phase 2</phase>
  <study_type>Interventional</study_type>
  <has_expanded_access>No</has_expanded_access>
  <study_design_info>
    <allocation>N/A</allocation>
    <intervention_model>Single Group Assignment</intervention_model>
    <primary_purpose>Treatment</primary_purpose>
    <masking>None (Open Label)</masking>
  </study_design_info>
  <primary_outcome>
    <measure>Overall Survival</measure>
    <time_frame>6 months</time_frame>
    <description>Count of surviving participants at 6 months.</description>
  </primary_outcome>
  <secondary_outcome>
    <measure>Rate of Response by IWG Criteria</measure>
    <time_frame>6 months</time_frame>
    <description>Count of participants achieving a complete or partial remission at 6 months.</description>
  </secondary_outcome>
  <secondary_outcome>
    <measure>Incidence of Grades II-IV Graft-versus-host Disease (GVHD)</measure>
    <time_frame>6 months</time_frame>
  </secondary_outcome>
  <number_of_arms>1</number_of_arms>
  <enrollment type="Actual">43</enrollment>
  <condition>Adult Acute Myeloid Leukemia With 11q23 (MLL) Abnormalities</condition>
  <condition>Adult Acute Myeloid Leukemia With Del(5q)</condition>
  <condition>Adult Acute Myeloid Leukemia With Inv(16)(p13;q22)</condition>
  <condition>Adult Acute Myeloid Leukemia With t(15;17)(q22;q12)</condition>
  <condition>Adult Acute Myeloid Leukemia With t(16;16)(p13;q22)</condition>
  <condition>Adult Acute Myeloid Leukemia With t(8;21)(q22;q22)</condition>
  <condition>Childhood Myelodysplastic Syndromes</condition>
  <condition>Chronic Myelomonocytic Leukemia</condition>
  <condition>Previously Treated Myelodysplastic Syndromes</condition>
  <condition>Recurrent Adult Acute Myeloid Leukemia</condition>
  <condition>Recurrent Childhood Acute Myeloid Leukemia</condition>
  <condition>Secondary Myelodysplastic Syndromes</condition>
  <arm_group>
    <arm_group_label>Treatment (chemotherapy)</arm_group_label>
    <arm_group_type>Experimental</arm_group_type>
    <description>Patients receive azacitidine SC or IV on days 1-7. Treatment repeats every 28 days for 6 courses in the absence of disease progression or unacceptable toxicity.</description>
  </arm_group>
  <intervention>
    <intervention_type>Drug</intervention_type>
    <intervention_name>azacitidine</intervention_name>
    <description>Given SC or IV</description>
    <arm_group_label>Treatment (chemotherapy)</arm_group_label>
    <other_name>5-AC</other_name>
    <other_name>5-azacytidine</other_name>
    <other_name>azacytidine</other_name>
    <other_name>Vidaza</other_name>
  </intervention>
  <intervention>
    <intervention_type>Other</intervention_type>
    <intervention_name>laboratory biomarker analysis</intervention_name>
    <description>Correlative studies</description>
    <arm_group_label>Treatment (chemotherapy)</arm_group_label>
  </intervention>
  <eligibility>
    <criteria>
      <textblock>
        Inclusion Criteria:&#xD;
&#xD;
          -  MDS, CMML or AML patients (as diagnosed by World Health Organization [WHO] criteria)&#xD;
             with evidence of relapse or progression at &gt;= day 28 and &lt; day 100 post-transplant&#xD;
&#xD;
          -  Recurrent or increased cytogenetic abnormalities by standard karyotype or fluorescence&#xD;
             in situ hybridization (FISH) (the cytogenetic abnormalities must have been previously&#xD;
             documented at some time point between diagnosis and date of stem cell transplant)&#xD;
&#xD;
          -  Morphologic evidence of recurrence or increased abnormal myeloblasts in peripheral&#xD;
             blood or marrow&#xD;
&#xD;
          -  Flow Cytometric evidence of disease as determined by recurrent or increased abnormal&#xD;
             myeloblasts in peripheral blood or marrow&#xD;
&#xD;
          -  Extramedullary relapse (local radiotherapy will be allowed)&#xD;
&#xD;
          -  MDS, CMML, or AML patients with persistent stable disease or persistent disease with&#xD;
             regression at &gt;= day 28 and &lt; day 100 post-transplant; the inclusion of patients with&#xD;
             persistent stable or persistent regressing disease in this protocol is not meant to&#xD;
             advocate treatment; however, if the attending physician is inclined to offer treatment&#xD;
             then these patients would be eligible for this study&#xD;
&#xD;
          -  Persistence of cytogenetic abnormalities by standard karyotype or FISH&#xD;
&#xD;
          -  Persistent morphologic evidence of abnormal myeloblasts (in patients with CMML the&#xD;
             monoblastoid population is included) in peripheral blood or marrow&#xD;
&#xD;
          -  Persistent flow cytometric evidence of abnormal myeloblasts (in patients with CMML the&#xD;
             monoblastoid population is included) in peripheral blood or marrow&#xD;
&#xD;
          -  Extramedullary persistence or regression&#xD;
&#xD;
        Exclusion Criteria:&#xD;
&#xD;
          -  Refractory disease at time of stem cell transplant; patients who received chemotherapy&#xD;
             prior to transplant with no evidence of response by International Working Group (IWG)&#xD;
             criteria&#xD;
&#xD;
          -  &gt;= 10% bone marrow myeloblasts as measured by morphology&#xD;
&#xD;
          -  Evidence of central nervous system (CNS) disease at time of relapse by morphology or&#xD;
             flow (a diagnostic lumbar puncture [LP] is not required at time of relapse)&#xD;
&#xD;
          -  Serum creatinine &gt; 2 x ULN (upper limit of normal)&#xD;
&#xD;
          -  Aspartate aminotransferase (AST)/ alanine aminotransferase (ALT) &gt; 2x ULN&#xD;
&#xD;
          -  Performance status &gt; 2 (Eastern Cooperative Oncology Group [ECOG] Scale)&#xD;
&#xD;
          -  Patients with severe disease other than MDS, CMML or AML which would be expected to&#xD;
             prevent compliance with treatment&#xD;
&#xD;
          -  Patients with severe infections (pneumonia, sepsis, etc) within the 2 weeks prior to&#xD;
             the anticipated start of protocol treatment&#xD;
      </textblock>
    </criteria>
    <gender>All</gender>
    <minimum_age>N/A</minimum_age>
    <maximum_age>N/A</maximum_age>
    <healthy_volunteers>No</healthy_volunteers>
  </eligibility>
  <overall_official>
    <last_name>Bart Scott</last_name>
    <role>Principal Investigator</role>
    <affiliation>Fred Hutchinson Cancer Research Center/University of Washington Cancer Consortium</affiliation>
  </overall_official>
  <location>
    <facility>
      <name>Fred Hutchinson Cancer Research Center/University of Washington Cancer Consortium</name>
      <address>
        <city>Seattle</city>
        <state>Washington</state>
        <zip>98109</zip>
        <country>United States</country>
      </address>
    </facility>
  </location>
  <location_countries>
    <country>United States</country>
  </location_countries>
  <verification_date>April 2017</verification_date>
  <study_first_submitted>March 8, 2010</study_first_submitted>
  <study_first_submitted_qc>March 8, 2010</study_first_submitted_qc>
  <study_first_posted type="Estimate">March 10, 2010</study_first_posted>
  <results_first_submitted>April 17, 2017</results_first_submitted>
  <results_first_submitted_qc>April 17, 2017</results_first_submitted_qc>
  <results_first_posted type="Actual">May 24, 2017</results_first_posted>
  <last_update_submitted>April 17, 2017</last_update_submitted>
  <last_update_submitted_qc>April 17, 2017</last_update_submitted_qc>
  <last_update_posted type="Actual">May 24, 2017</last_update_posted>
  <responsible_party>
    <responsible_party_type>Principal Investigator</responsible_party_type>
    <investigator_affiliation>Fred Hutchinson Cancer Center</investigator_affiliation>
    <investigator_full_name>Bart Scott</investigator_full_name>
    <investigator_title>Principal Investigator</investigator_title>
  </responsible_party>
  <condition_browse>
    <!-- CAUTION:  The following MeSH terms are assigned with an imperfect algorithm            -->
    <mesh_term>Leukemia</mesh_term>
    <mesh_term>Leukemia, Myeloid</mesh_term>
    <mesh_term>Leukemia, Myeloid, Acute</mesh_term>
    <mesh_term>Preleukemia</mesh_term>
    <mesh_term>Leukemia, Myelomonocytic, Acute</mesh_term>
    <mesh_term>Leukemia, Myelomonocytic, Chronic</mesh_term>
    <mesh_term>Leukemia, Myelomonocytic, Juvenile</mesh_term>
    <mesh_term>Myelodysplastic Syndromes</mesh_term>
    <mesh_term>Syndrome</mesh_term>
    <mesh_term>Recurrence</mesh_term>
  </condition_browse>
  <intervention_browse>
    <!-- CAUTION:  The following MeSH terms are assigned with an imperfect algorithm            -->
    <mesh_term>Azacitidine</mesh_term>
  </intervention_browse>

  <clinical_results>

    <participant_flow>
      <group_list>
        <group group_id="P1">
          <title>Treatment (Chemotherapy)</title>
          <description>Patients receive azacitidine SC or IV on days 1-7. Treatment repeats every 28 days for 6 courses in the absence of disease progression or unacceptable toxicity.&#xD;
azacitidine: Given SC or IV&#xD;
laboratory biomarker analysis: Correlative studies</description>
        </group>
      </group_list>
      <period_list>
        <period>
          <title>Overall Study</title>
          <milestone_list>
            <milestone>
              <title>STARTED</title>
              <participants_list>
                <participants group_id="P1" count="39"/>
              </participants_list>
            </milestone>
            <milestone>
              <title>COMPLETED</title>
              <participants_list>
                <participants group_id="P1" count="39"/>
              </participants_list>
            </milestone>
            <milestone>
              <title>NOT COMPLETED</title>
              <participants_list>
                <participants group_id="P1" count="0"/>
              </participants_list>
            </milestone>
          </milestone_list>
        </period>
      </period_list>
    </participant_flow>

    <baseline>
      <group_list>
        <group group_id="B1">
          <title>Treatment (Chemotherapy)</title>
          <description>Patients receive azacitidine SC or IV on days 1-7. Treatment repeats every 28 days for 6 courses in the absence of disease progression or unacceptable toxicity.&#xD;
azacitidine: Given SC or IV&#xD;
laboratory biomarker analysis: Correlative studies</description>
        </group>
      </group_list>
      <analyzed_list>
        <analyzed>
          <units>Participants</units>
          <scope>Overall</scope>
          <count_list>
            <count group_id="B1" value="39"/>
          </count_list>
        </analyzed>
      </analyzed_list>
      <measure_list>
        <measure>
          <title>Age</title>
          <units>years</units>
          <param>Median</param>
          <dispersion>Full Range</dispersion>
          <class_list>
            <class>
              <category_list>
                <category>
                  <measurement_list>
                    <measurement group_id="B1" value="52" lower_limit="23" upper_limit="76"/>
                  </measurement_list>
                </category>
              </category_list>
            </class>
          </class_list>
        </measure>
        <measure>
          <title>Sex: Female, Male</title>
          <units>Participants</units>
          <param>Count of Participants</param>
          <class_list>
            <class>
              <category_list>
                <category>
                  <title>Female</title>
                  <measurement_list>
                    <measurement group_id="B1" value="18"/>
                  </measurement_list>
                </category>
                <category>
                  <title>Male</title>
                  <measurement_list>
                    <measurement group_id="B1" value="21"/>
                  </measurement_list>
                </category>
              </category_list>
            </class>
          </class_list>
        </measure>
      </measure_list>
    </baseline>

    <outcome_list>
      <outcome>
        <type>Primary</type>
        <title>Overall Survival</title>
        <description>Count of surviving participants at 6 months.</description>
        <time_frame>6 months</time_frame>
        <group_list>
          <group group_id="O1">
            <title>Treatment (Chemotherapy)</title>
            <description>Patients receive azacitidine SC or IV on days 1-7. Treatment repeats every 28 days for 6 courses in the absence of disease progression or unacceptable toxicity.&#xD;
azacitidine: Given SC or IV&#xD;
laboratory biomarker analysis: Correlative studies</description>
          </group>
        </group_list>
        <measure>
          <title>Overall Survival</title>
          <description>Count of surviving participants at 6 months.</description>
          <units>Participants</units>
          <param>Count of Participants</param>
          <analyzed_list>
            <analyzed>
              <units>Participants</units>
              <scope>Measure</scope>
              <count_list>
                <count group_id="O1" value="39"/>
              </count_list>
            </analyzed>
          </analyzed_list>
          <class_list>
            <class>
              <category_list>
                <category>
                  <measurement_list>
                    <measurement group_id="O1" value="25"/>
                  </measurement_list>
                </category>
              </category_list>
            </class>
          </class_list>
        </measure>
      </outcome>
      <outcome>
        <type>Secondary</type>
        <title>Rate of Response by IWG Criteria</title>
        <description>Count of participants achieving a complete or partial remission at 6 months.</description>
        <time_frame>6 months</time_frame>
        <group_list>
          <group group_id="O1">
            <title>Treatment (Chemotherapy)</title>
            <description>Patients receive azacitidine SC or IV on days 1-7. Treatment repeats every 28 days for 6 courses in the absence of disease progression or unacceptable toxicity.&#xD;
azacitidine: Given SC or IV&#xD;
laboratory biomarker analysis: Correlative studies</description>
          </group>
        </group_list>
        <measure>
          <title>Rate of Response by IWG Criteria</title>
          <description>Count of participants achieving a complete or partial remission at 6 months.</description>
          <units>Participants</units>
          <param>Count of Participants</param>
          <analyzed_list>
            <analyzed>
              <units>Participants</units>
              <scope>Measure</scope>
              <count_list>
                <count group_id="O1" value="39"/>
              </count_list>
            </analyzed>
          </analyzed_list>
          <class_list>
            <class>
              <category_list>
                <category>
                  <measurement_list>
                    <measurement group_id="O1" value="12"/>
                  </measurement_list>
                </category>
              </category_list>
            </class>
          </class_list>
        </measure>
      </outcome>
      <outcome>
        <type>Secondary</type>
        <title>Incidence of Grades II-IV Graft-versus-host Disease (GVHD)</title>
        <time_frame>6 months</time_frame>
        <group_list>
          <group group_id="O1">
            <title>Treatment (Chemotherapy)</title>
            <description>Patients receive azacitidine SC or IV on days 1-7. Treatment repeats every 28 days for 6 courses in the absence of disease progression or unacceptable toxicity.&#xD;
azacitidine: Given SC or IV&#xD;
laboratory biomarker analysis: Correlative studies</description>
          </group>
        </group_list>
        <measure>
          <title>Incidence of Grades II-IV Graft-versus-host Disease (GVHD)</title>
          <units>Participants</units>
          <param>Count of Participants</param>
          <analyzed_list>
            <analyzed>
              <units>Participants</units>
              <scope>Measure</scope>
              <count_list>
                <count group_id="O1" value="39"/>
              </count_list>
            </analyzed>
          </analyzed_list>
          <class_list>
            <class>
              <category_list>
                <category>
                  <measurement_list>
                    <measurement group_id="O1" value="25"/>
                  </measurement_list>
                </category>
              </category_list>
            </class>
          </class_list>
        </measure>
      </outcome>
    </outcome_list>

    <reported_events>
      <group_list>
        <group group_id="E1">
          <title>Treatment (Chemotherapy)</title>
          <description>Patients receive azacitidine SC or IV on days 1-7. Treatment repeats every 28 days for 6 courses in the absence of disease progression or unacceptable toxicity.&#xD;
azacitidine: Given SC or IV&#xD;
laboratory biomarker analysis: Correlative studies</description>
        </group>
      </group_list>
      <serious_events>
        <category_list>
          <category>
            <title>Total</title>
            <event_list>
              <event>
                <sub_title>Total, serious adverse events</sub_title>
                <counts group_id="E1" subjects_affected="3" subjects_at_risk="39"/>
              </event>
            </event_list>
          </category>
          <category>
            <title>Cardiac disorders</title>
            <event_list>
              <event>
                <sub_title>Hospital Admission for Cardioplumonary Arrest</sub_title>
                <counts group_id="E1" events="1" subjects_affected="1" subjects_at_risk="39"/>
              </event>
            </event_list>
          </category>
          <category>
            <title>Respiratory, thoracic and mediastinal disorders</title>
            <event_list>
              <event>
                <sub_title>Hospital Admission for Hypoxia</sub_title>
                <counts group_id="E1" events="1" subjects_affected="1" subjects_at_risk="39"/>
              </event>
            </event_list>
          </category>
          <category>
            <title>Vascular disorders</title>
            <event_list>
              <event>
                <sub_title>Hospital Admission for Cardioplumonary Arrest</sub_title>
                <counts group_id="E1" events="1" subjects_affected="1" subjects_at_risk="39"/>
              </event>
            </event_list>
          </category>
        </category_list>
      </serious_events>
      <other_events>
        <frequency_threshold>5</frequency_threshold>
        <category_list>
          <category>
            <title>Total</title>
            <event_list>
              <event>
                <sub_title>Total, other adverse events</sub_title>
                <counts group_id="E1" subjects_affected="8" subjects_at_risk="39"/>
              </event>
            </event_list>
          </category>
          <category>
            <title>Blood and lymphatic system disorders</title>
            <event_list>
              <event>
                <sub_title>Thrombocytopenia</sub_title>
                <counts group_id="E1" events="11" subjects_affected="5" subjects_at_risk="39"/>
              </event>
              <event>
                <sub_title>Neutropenia</sub_title>
                <counts group_id="E1" events="3" subjects_affected="2" subjects_at_risk="39"/>
              </event>
              <event>
                <sub_title>Anemia</sub_title>
                <counts group_id="E1" events="4" subjects_affected="2" subjects_at_risk="39"/>
              </event>
            </event_list>
          </category>
          <category>
            <title>Infections and infestations</title>
            <event_list>
              <event>
                <sub_title>Infection- Rhizopus Pneumonia</sub_title>
                <counts group_id="E1" events="2" subjects_affected="2" subjects_at_risk="39"/>
              </event>
            </event_list>
          </category>
          <category>
            <title>Metabolism and nutrition disorders</title>
            <event_list>
              <event>
                <sub_title>Hypomagnesium</sub_title>
                <counts group_id="E1" events="3" subjects_affected="2" subjects_at_risk="39"/>
              </event>
              <event>
                <sub_title>Elevated Billirubin</sub_title>
                <counts group_id="E1" events="2" subjects_affected="2" subjects_at_risk="39"/>
              </event>
            </event_list>
          </category>
          <category>
            <title>Respiratory, thoracic and mediastinal disorders</title>
            <event_list>
              <event>
                <sub_title>Hypoxia</sub_title>
                <counts group_id="E1" events="3" subjects_affected="3" subjects_at_risk="39"/>
              </event>
            </event_list>
          </category>
        </category_list>
      </other_events>
    </reported_events>

    <certain_agreements>
      <pi_employee>All Principal Investigators ARE employed by the organization sponsoring the study.</pi_employee>
      <restrictive_agreement>There is NOT an agreement between Principal Investigators and the Sponsor (or its agents) that restricts the PI's rights to discuss or publish trial results after the trial is completed. </restrictive_agreement>
    </certain_agreements>
    <point_of_contact>
      <name_or_title>Bart Scott</name_or_title>
      <organization>Fred Hutchinson Cancer Research Center</organization>
      <phone>206-667-1990</phone>
      <email>bscott@fredhutch.org</email>
    </point_of_contact>
  </clinical_results>
</clinical_study>

