<?xml version="1.0" encoding="UTF-8"?>
<clinical_study rank="369">
  <!-- This xml conforms to an XML Schema at:
    https://clinicaltrials.gov/ct2/html/images/info/public.xsd -->
  <required_header>
    <download_date>ClinicalTrials.gov processed this data on February 06, 2024</download_date>
    <link_text>Link to the current ClinicalTrials.gov record.</link_text>
    <url>https://clinicaltrials.gov/ct2/show/NCT01240525</url>
  </required_header>
  <id_info>
    <org_study_id>UCL/10/0241</org_study_id>
    <secondary_id>UCL-10/0241</secondary_id>
    <secondary_id>LRF-09041</secondary_id>
    <secondary_id>EU-21081</secondary_id>
    <secondary_id>CRUK-UCL-PROT4</secondary_id>
    <nct_id>NCT01240525</nct_id>
  </id_info>
  <brief_title>Donor Lymphocyte Infusion After Stem Cell Transplant in Treating Patients With Haematological Cancers</brief_title>
  <acronym>ProT4</acronym>
  <official_title>Multicenter Randomized Phase II Study to Evaluate the Efficacy of Prophylactic Transfer of CD4 Lymphocytes After T-cell Depleted Reduced Intensity HLA-Identical Sibling Transplantation for Haematological Cancers</official_title>
  <sponsors>
    <lead_sponsor>
      <agency>University College, London</agency>
      <agency_class>Other</agency_class>
    </lead_sponsor>
  </sponsors>
  <source>University College, London</source>
  <oversight_info>
    <has_dmc>Yes</has_dmc>
  </oversight_info>
  <brief_summary>
    <textblock>
      RATIONALE: Giving low doses of chemotherapy, such as fludarabine and melphalan, before a&#xD;
      donor stem cell transplant helps stop the growth of cancer cells. It also stops the patient's&#xD;
      immune system from rejecting the donor's stem cells. The donated stem cells may replace the&#xD;
      patient's immune cells and help destroy any remaining cancer cells (graft-versus-tumor&#xD;
      effect). Giving an infusion of the donor's T cells (donor lymphocyte infusion) that have been&#xD;
      treated in the laboratory after the transplant may help increase this effect. Sometimes the&#xD;
      transplanted cells from a donor can also make an immune response against the body's normal&#xD;
      cells. Giving alemtuzumab before transplant and cyclosporine after transplant, may stop this&#xD;
      from happening.&#xD;
&#xD;
      PURPOSE: This randomized phase II trial is studying donor lymphocyte infusion after stem cell&#xD;
      transplant in preventing cancer relapse or cancer progression in patients with follicular&#xD;
      lymphoma, small lymphocytic non-Hodgkin lymphoma, or chronic lymphocytic leukemia.&#xD;
    </textblock>
  </brief_summary>
  <detailed_description>
    <textblock>
      OBJECTIVES:&#xD;
&#xD;
      Primary&#xD;
&#xD;
        -  To evaluate the effect of prophylactic transfer of donor CD4 cells after T-cell depleted&#xD;
           reduced-intensity HLA-identical sibling transplantation upon the risk of relapse or&#xD;
           progression in patients with haematological cancers (e.g. NHL, HL, CLL/PLL, PCM, AML,&#xD;
           ALL, MDS or CMML depending on the disease status).&#xD;
&#xD;
      Secondary&#xD;
&#xD;
        -  To evaluate the effect of prophylactic transfer of donor CD4 cells upon the risk of&#xD;
           graft-versus-host disease (GvHD) in these patients.&#xD;
&#xD;
        -  To evaluate the effect of prophylactic transfer of donor CD4 cells upon the rates of&#xD;
           conversion to full donor chimerism in peripheral blood in these patients.&#xD;
&#xD;
        -  To determine the effect of prophylactic transfer of donor CD4 cells upon immune&#xD;
           reconstitution in these patients.&#xD;
&#xD;
        -  To evaluate the impact of prophylactic transfer of donor CD4 cells upon non-relapse&#xD;
           mortality and overall survival of these patients.&#xD;
&#xD;
      OUTLINE: This is a multicenter study.&#xD;
&#xD;
      Patients receive fludarabine IV, melphalan IV, and alemtuzumab IV as reduced intensity&#xD;
      conditioning for T-cell depletion followed by a reduced-intensity HLA-identical sibling stem&#xD;
      cell transplantation on day 0. Withdrawal of cyclosporine immunosuppression therapy commence&#xD;
      at day 40 with tapering over a period of 3-4 weeks, according to the discretion of the PI.&#xD;
      Patients are reassessed between day 70-90 post-transplantation. Patients with stable&#xD;
      engraftment, no significant graft-versus-host disease, and no early relapse or progression&#xD;
      are randomized to 1 of 2 treatment arms.&#xD;
&#xD;
        -  Arm I: Patients receive an allogeneic CD4 donor lymphocyte infusion (DLI) at a dose of 1&#xD;
           x10^6 CD4 cells/kg body weight without any other medication once between day 100-120.&#xD;
&#xD;
        -  Arm II: Patients receive no further treatment.&#xD;
&#xD;
      Patients undergo blood sample collection for chimerism studies and translational research.&#xD;
&#xD;
      After completion of study treatment, patients are followed up periodically for 1 years and&#xD;
      then annually.&#xD;
&#xD;
      Peer Reviewed and Funded or Endorsed by Bloodwise.&#xD;
    </textblock>
  </detailed_description>
  <overall_status>Unknown status</overall_status>
  <last_known_status>Active, not recruiting</last_known_status>
  <start_date type="Actual">November 2011</start_date>
  <completion_date type="Anticipated">November 2019</completion_date>
  <primary_completion_date type="Anticipated">November 2019</primary_completion_date>
  <phase>Phase 2</phase>
  <study_type>Interventional</study_type>
  <has_expanded_access>No</has_expanded_access>
  <study_design_info>
    <allocation>Randomized</allocation>
    <intervention_model>Parallel Assignment</intervention_model>
    <primary_purpose>Treatment</primary_purpose>
    <masking>None (Open Label)</masking>
  </study_design_info>
  <primary_outcome>
    <measure>Progression-free survival at 1 year post-transplant</measure>
    <time_frame>during the study and end of study</time_frame>
  </primary_outcome>
  <secondary_outcome>
    <measure>Proportion of patients attaining multi-lineage full donor chimerism in peripheral blood</measure>
    <time_frame>End of study</time_frame>
  </secondary_outcome>
  <secondary_outcome>
    <measure>Incidence of infection requiring inpatient treatment</measure>
    <time_frame>during the study and end of study</time_frame>
  </secondary_outcome>
  <secondary_outcome>
    <measure>Rate of reconstitution of T-cell subsets and viral-specific immunity</measure>
    <time_frame>End of study</time_frame>
  </secondary_outcome>
  <secondary_outcome>
    <measure>Cumulative incidence of non-relapse mortality at 1 year</measure>
    <time_frame>End of study</time_frame>
  </secondary_outcome>
  <secondary_outcome>
    <measure>Overall survival and non-relapse mortality</measure>
    <time_frame>End of study</time_frame>
  </secondary_outcome>
  <secondary_outcome>
    <measure>Incidence, grade, or pattern of graft-versus-host disease</measure>
    <time_frame>during the study and end of study</time_frame>
  </secondary_outcome>
  <number_of_arms>2</number_of_arms>
  <enrollment type="Actual">114</enrollment>
  <condition>Graft Versus Host Disease</condition>
  <condition>Leukemia</condition>
  <condition>Lymphoma</condition>
  <condition>Myeloma</condition>
  <condition>Myelodysplastic Syndrome</condition>
  <arm_group>
    <arm_group_label>CD4 DLI</arm_group_label>
    <arm_group_type>Other</arm_group_type>
    <description>Patients will receive trial product manipulated CD4 DLI post transplant as trial treatment.</description>
  </arm_group>
  <arm_group>
    <arm_group_label>No DLI</arm_group_label>
    <arm_group_type>Other</arm_group_type>
    <description>Patients will receive no DLI post transplant as trial treatment.</description>
  </arm_group>
  <intervention>
    <intervention_type>Other</intervention_type>
    <intervention_name>CD4 DLI</intervention_name>
    <description>Patients will receive CD4 DLI between day 70 to 115 post transplant</description>
    <arm_group_label>CD4 DLI</arm_group_label>
  </intervention>
  <intervention>
    <intervention_type>Other</intervention_type>
    <intervention_name>No DLI</intervention_name>
    <description>Patients will not receive DLI as trial treatment</description>
    <arm_group_label>No DLI</arm_group_label>
  </intervention>
  <eligibility>
    <criteria>
      <textblock>
        At registration (pre-transplant)&#xD;
&#xD;
          -  Haematological cancer which can be ONE OF the following:&#xD;
&#xD;
               -  Non-Hodgkin's lymphoma (NHL) in CR or PR&#xD;
&#xD;
               -  Hodgkin's lymphoma (HL) in CR or PR&#xD;
&#xD;
               -  Chronic (Pro-)lymphocytic leukaemia (CLL/PLL) in CR or PR&#xD;
&#xD;
               -  Plasma cell myeloma (PCM) in CR, VGPR or PR&#xD;
&#xD;
               -  Acute myeloid leukaemia (AML) in CR&#xD;
&#xD;
               -  Acute lymphoblastic leukaemia (ALL) in CR&#xD;
&#xD;
               -  Myelodysplastic syndrome (MDS) &lt; 10% blasts in bone marrow&#xD;
&#xD;
               -  Chronic myelomonocytic leukaemia (CMML) &lt; 10% blasts in bone marrow&#xD;
&#xD;
          -  Have undergone disease reassessment within 8 weeks prior to registration&#xD;
&#xD;
          -  HLA-identical sibling transplant to be performed using one of the following reduced&#xD;
             intensity alemtuzumab-containing conditioning regimens:&#xD;
&#xD;
               -  Fludarabine-busulphan-alemtuzumab&#xD;
&#xD;
               -  Fludarabine-melphalan-alemtuzumab&#xD;
&#xD;
               -  BCNU-etoposide-cytarabine-melphalan (BEAM)-alemtuzumab&#xD;
&#xD;
               -  CCNU-etoposide-cytarabine-melphalan (LEAM)-alemtuzumab&#xD;
&#xD;
          -  Aged ≥18 years, and &lt;70 years&#xD;
&#xD;
          -  Written informed consent&#xD;
&#xD;
        Exclusion Criteria&#xD;
&#xD;
          -  Women who are pregnant or breast-feeding&#xD;
&#xD;
          -  Life expectancy of &lt;8 weeks&#xD;
&#xD;
          -  Currently taking part in any other interventional clinical research study (involving&#xD;
             any IMP, ATMP or cellular therapy)&#xD;
&#xD;
          -  Organ dysfunction: Creatinine &gt;200μmol/l, Bilirubin &gt;50μmol/l, or AST/ALT &gt; 3x ULN&#xD;
&#xD;
        Post-transplant&#xD;
&#xD;
          -  Active acute GvHD&#xD;
&#xD;
          -  Prior grade II-IV GvHD&#xD;
&#xD;
          -  Relapse or progressive disease&#xD;
&#xD;
          -  Primary or secondary graft failure&#xD;
&#xD;
          -  Other cellular therapies&#xD;
&#xD;
          -  Requirement for ongoing immunosuppression&#xD;
      </textblock>
    </criteria>
    <gender>All</gender>
    <minimum_age>18 Years</minimum_age>
    <maximum_age>69 Years</maximum_age>
    <healthy_volunteers>No</healthy_volunteers>
  </eligibility>
  <overall_official>
    <last_name>Ronjon Chakraverty, Professor</last_name>
    <role>Principal Investigator</role>
    <affiliation>University College Hospital London; UCL Cancer Institute</affiliation>
  </overall_official>
  <location>
    <facility>
      <name>Birmingham Heartlands Hospital</name>
      <address>
        <city>Birmingham</city>
        <country>United Kingdom</country>
      </address>
    </facility>
  </location>
  <location>
    <facility>
      <name>Bristol Royal Hospital for Children</name>
      <address>
        <city>Bristol</city>
        <country>United Kingdom</country>
      </address>
    </facility>
  </location>
  <location>
    <facility>
      <name>Addenbrooke's Hospital</name>
      <address>
        <city>Cambridge</city>
        <country>United Kingdom</country>
      </address>
    </facility>
  </location>
  <location>
    <facility>
      <name>Beatson West of Scotland Cancer Centre</name>
      <address>
        <city>Glasgow</city>
        <country>United Kingdom</country>
      </address>
    </facility>
  </location>
  <location>
    <facility>
      <name>St James's University Hospital</name>
      <address>
        <city>Leeds</city>
        <country>United Kingdom</country>
      </address>
    </facility>
  </location>
  <location>
    <facility>
      <name>Leicester Royal Infirmary</name>
      <address>
        <city>Leicester</city>
        <country>United Kingdom</country>
      </address>
    </facility>
  </location>
  <location>
    <facility>
      <name>University College Hospital London (UCLH)</name>
      <address>
        <city>London</city>
        <country>United Kingdom</country>
      </address>
    </facility>
  </location>
  <location>
    <facility>
      <name>Christie Hospital</name>
      <address>
        <city>Manchester</city>
        <country>United Kingdom</country>
      </address>
    </facility>
  </location>
  <location>
    <facility>
      <name>Nottingham City Hospital</name>
      <address>
        <city>Nottingham</city>
        <country>United Kingdom</country>
      </address>
    </facility>
  </location>
  <location>
    <facility>
      <name>Royal Hallamshire Hospital</name>
      <address>
        <city>Sheffield</city>
        <country>United Kingdom</country>
      </address>
    </facility>
  </location>
  <location>
    <facility>
      <name>University Hospitals Southampton</name>
      <address>
        <city>Southampton</city>
        <country>United Kingdom</country>
      </address>
    </facility>
  </location>
  <location_countries>
    <country>United Kingdom</country>
  </location_countries>
  <link>
    <url>http://www.ctc.ucl.ac.uk/TrialDetails.aspx?TrialID=54</url>
    <description>CRUK &amp; UCL Cancer Trial Centre - coordinating centre</description>
  </link>
  <verification_date>February 2019</verification_date>
  <study_first_submitted>November 11, 2010</study_first_submitted>
  <study_first_submitted_qc>November 11, 2010</study_first_submitted_qc>
  <study_first_posted type="Estimate">November 15, 2010</study_first_posted>
  <last_update_submitted>February 11, 2019</last_update_submitted>
  <last_update_submitted_qc>February 11, 2019</last_update_submitted_qc>
  <last_update_posted type="Actual">February 12, 2019</last_update_posted>
  <responsible_party>
    <responsible_party_type>Sponsor</responsible_party_type>
  </responsible_party>
  <keyword>graft versus host disease</keyword>
  <keyword>recurrent grade 1 follicular lymphoma</keyword>
  <keyword>recurrent grade 2 follicular lymphoma</keyword>
  <keyword>recurrent small lymphocytic lymphoma</keyword>
  <keyword>stage III small lymphocytic lymphoma</keyword>
  <keyword>stage IV small lymphocytic lymphoma</keyword>
  <keyword>Waldenstrom macroglobulinemia</keyword>
  <keyword>stage III grade 1 follicular lymphoma</keyword>
  <keyword>stage III grade 2 follicular lymphoma</keyword>
  <keyword>stage IV grade 1 follicular lymphoma</keyword>
  <keyword>stage IV grade 2 follicular lymphoma</keyword>
  <keyword>stage III chronic lymphocytic leukemia</keyword>
  <keyword>stage IV chronic lymphocytic leukemia</keyword>
  <keyword>refractory chronic lymphocytic leukemia</keyword>
  <keyword>Non-Hodgkin's lymphoma</keyword>
  <keyword>Hodgkin's lymphoma</keyword>
  <keyword>Chronic (Pro-)lymphocytic leukaemia</keyword>
  <keyword>Plasma cell myeloma</keyword>
  <keyword>Acute myeloid leukaemia</keyword>
  <keyword>Acute lymphoblastic leukaemia</keyword>
  <keyword>Myelodysplastic syndrome</keyword>
  <keyword>Chronic myelomonocytic leukaemia</keyword>
  <condition_browse>
    <!-- CAUTION:  The following MeSH terms are assigned with an imperfect algorithm            -->
    <mesh_term>Lymphoma</mesh_term>
    <mesh_term>Leukemia</mesh_term>
    <mesh_term>Preleukemia</mesh_term>
    <mesh_term>Myelodysplastic Syndromes</mesh_term>
    <mesh_term>Graft vs Host Disease</mesh_term>
  </condition_browse>
  <!-- Results have not yet been posted for this study                                          -->
</clinical_study>

