<?xml version="1.0" encoding="UTF-8"?>
<clinical_study rank="431">
  <!-- This xml conforms to an XML Schema at:
    https://clinicaltrials.gov/ct2/html/images/info/public.xsd -->
  <required_header>
    <download_date>ClinicalTrials.gov processed this data on February 06, 2024</download_date>
    <link_text>Link to the current ClinicalTrials.gov record.</link_text>
    <url>https://clinicaltrials.gov/ct2/show/NCT00078858</url>
  </required_header>
  <id_info>
    <org_study_id>1668.00</org_study_id>
    <secondary_id>NCI-2012-00668</secondary_id>
    <secondary_id>1668.00</secondary_id>
    <secondary_id>P30CA015704</secondary_id>
    <secondary_id>P01CA018029</secondary_id>
    <nct_id>NCT00078858</nct_id>
  </id_info>
  <brief_title>Mycophenolate Mofetil and Cyclosporine in Reducing Graft-Versus-Host Disease in Patients With Hematologic Malignancies or Metastatic Kidney Cancer Undergoing Donor Stem Cell Transplant</brief_title>
  <official_title>Prolonged Mycophenolate Mofetil and Truncated Cyclosporine Postgrafting Immunosuppression to Reduce Life-Threatening GVHD After Unrelated Donor Peripheral Blood Cell Transplantation Using Nonmyeloablative Conditioning for Patients With Hematologic Malignancies and Renal Cell Carcinoma - A Multi-Center Trial</official_title>
  <sponsors>
    <lead_sponsor>
      <agency>Fred Hutchinson Cancer Center</agency>
      <agency_class>Other</agency_class>
    </lead_sponsor>
    <collaborator>
      <agency>National Heart, Lung, and Blood Institute (NHLBI)</agency>
      <agency_class>NIH</agency_class>
    </collaborator>
    <collaborator>
      <agency>National Cancer Institute (NCI)</agency>
      <agency_class>NIH</agency_class>
    </collaborator>
  </sponsors>
  <source>Fred Hutchinson Cancer Center</source>
  <oversight_info>
    <has_dmc>Yes</has_dmc>
  </oversight_info>
  <brief_summary>
    <textblock>
      This phase I/II trial studies whether stopping cyclosporine before mycophenolate mofetil is&#xD;
      better at reducing the risk of life-threatening graft-versus-host disease (GVHD) than the&#xD;
      previous approach where mycophenolate mofetil was stopped before cyclosporine. The other&#xD;
      reason this study is being done because at the present time there are no curative therapies&#xD;
      known outside of stem cell transplantation for these types of cancer. Because of age or&#xD;
      underlying health status, patients may have a higher likelihood of experiencing harm from a&#xD;
      conventional blood stem cell transplant. This study tests whether this new blood stem cell&#xD;
      transplant method can be made safer by changing the order and length of time that immune&#xD;
      suppressing drugs are given after transplant.&#xD;
    </textblock>
  </brief_summary>
  <detailed_description>
    <textblock>
      PRIMARY OBJECTIVES:&#xD;
&#xD;
      I. To determine whether the incidence of life-threatening GVHD can be reduced after unrelated&#xD;
      donor peripheral blood mononuclear cell (PBMC) hematopoietic cell transplantation (HCT) using&#xD;
      nonmyeloablative conditioning with earlier discontinuation of cyclosporine (CSP) and extended&#xD;
      administration of mycophenolate mofetil (MMF) in patients with hematologic malignancies and&#xD;
      metastatic renal cell carcinoma.&#xD;
&#xD;
      SECONDARY OBJECTIVES:&#xD;
&#xD;
      I. To compare the incidence of acute and chronic GVHD to protocols 1463 and 1641.&#xD;
&#xD;
      II. To compare the utilization of corticosteroids to protocols 1463 and 1641.&#xD;
&#xD;
      III. To compare survival to that achieved under protocol 1463 and 1641.&#xD;
&#xD;
      OUTLINE:&#xD;
&#xD;
      CONDITIONING: Patients receive fludarabine phosphate intravenously (IV) over 30 minutes on&#xD;
      days -4 to -2, and undergo total-body irradiation (TBI) on day 0.&#xD;
&#xD;
      TRANSPLANTATION: Patients undergo allogeneic PBMC transplant on day 0.&#xD;
&#xD;
      IMMUNOSUPPRESSION: Patients receive cyclosporine orally (PO) twice daily (BID) on days -3 to&#xD;
      80 with taper to day 150 and mycophenolate mofetil PO or IV thrice daily (TID) on days 0-30,&#xD;
      BID on days 31-150, and then taper to day 180. Treatment continues in the absence of&#xD;
      unacceptable toxicity.&#xD;
&#xD;
      After completion of study treatment, patients are followed up periodically for 24 months and&#xD;
      then yearly for 5 years.&#xD;
    </textblock>
  </detailed_description>
  <overall_status>Completed</overall_status>
  <start_date>September 2003</start_date>
  <primary_completion_date type="Actual">January 2006</primary_completion_date>
  <phase>Phase 1/Phase 2</phase>
  <study_type>Interventional</study_type>
  <has_expanded_access>No</has_expanded_access>
  <study_design_info>
    <allocation>N/A</allocation>
    <intervention_model>Single Group Assignment</intervention_model>
    <primary_purpose>Treatment</primary_purpose>
    <masking>None (Open Label)</masking>
  </study_design_info>
  <primary_outcome>
    <measure>Incidence of life-threatening GVHD in patients undergoing a modified taper of post-grafting immunosuppression after undergoing nonmyeloablative HSCT from matched unrelated donors</measure>
    <time_frame>1 year</time_frame>
    <description>Life-threatening GVHD defined as (1) death related to GVHD or its treatment, (2) disability caused by GVHD or its treatment (3) 3 or more major infections in a calendar year or (4) suicidal ideation because of GVHD.</description>
  </primary_outcome>
  <secondary_outcome>
    <measure>Need for corticosteroid treatment, defined as more than 1 mg/kg or equivalent of prednisone for more than 3 days at any time after transplant</measure>
    <time_frame>1 year</time_frame>
  </secondary_outcome>
  <secondary_outcome>
    <measure>Graft rejection</measure>
    <time_frame>Up to day 365</time_frame>
  </secondary_outcome>
  <secondary_outcome>
    <measure>Incidence of acute and chronic GVHD</measure>
    <time_frame>Up to 7 years</time_frame>
  </secondary_outcome>
  <secondary_outcome>
    <measure>Overall survival</measure>
    <time_frame>Up to 7 years</time_frame>
  </secondary_outcome>
  <number_of_arms>1</number_of_arms>
  <enrollment type="Actual">37</enrollment>
  <condition>Accelerated Phase Chronic Myelogenous Leukemia</condition>
  <condition>Adult Acute Lymphoblastic Leukemia in Remission</condition>
  <condition>Adult Acute Myeloid Leukemia in Remission</condition>
  <condition>Adult Acute Myeloid Leukemia With 11q23 (MLL) Abnormalities</condition>
  <condition>Adult Acute Myeloid Leukemia With Del(5q)</condition>
  <condition>Adult Acute Myeloid Leukemia With Inv(16)(p13;q22)</condition>
  <condition>Adult Acute Myeloid Leukemia With t(15;17)(q22;q12)</condition>
  <condition>Adult Acute Myeloid Leukemia With t(16;16)(p13;q22)</condition>
  <condition>Adult Acute Myeloid Leukemia With t(8;21)(q22;q22)</condition>
  <condition>Adult Grade III Lymphomatoid Granulomatosis</condition>
  <condition>Adult Nasal Type Extranodal NK/T-cell Lymphoma</condition>
  <condition>Anaplastic Large Cell Lymphoma</condition>
  <condition>Angioimmunoblastic T-cell Lymphoma</condition>
  <condition>Childhood Acute Lymphoblastic Leukemia in Remission</condition>
  <condition>Childhood Acute Myeloid Leukemia in Remission</condition>
  <condition>Childhood Burkitt Lymphoma</condition>
  <condition>Childhood Chronic Myelogenous Leukemia</condition>
  <condition>Childhood Diffuse Large Cell Lymphoma</condition>
  <condition>Childhood Grade III Lymphomatoid Granulomatosis</condition>
  <condition>Childhood Immunoblastic Large Cell Lymphoma</condition>
  <condition>Childhood Myelodysplastic Syndromes</condition>
  <condition>Childhood Nasal Type Extranodal NK/T-cell Lymphoma</condition>
  <condition>Childhood Renal Cell Carcinoma</condition>
  <condition>Chronic Myelomonocytic Leukemia</condition>
  <condition>Chronic Phase Chronic Myelogenous Leukemia</condition>
  <condition>Clear Cell Renal Cell Carcinoma</condition>
  <condition>Contiguous Stage II Adult Burkitt Lymphoma</condition>
  <condition>Contiguous Stage II Adult Diffuse Large Cell Lymphoma</condition>
  <condition>Contiguous Stage II Adult Diffuse Mixed Cell Lymphoma</condition>
  <condition>Contiguous Stage II Adult Immunoblastic Large Cell Lymphoma</condition>
  <condition>Contiguous Stage II Adult Lymphoblastic Lymphoma</condition>
  <condition>Contiguous Stage II Grade 3 Follicular Lymphoma</condition>
  <condition>Contiguous Stage II Mantle Cell Lymphoma</condition>
  <condition>de Novo Myelodysplastic Syndromes</condition>
  <condition>Extranodal Marginal Zone B-cell Lymphoma of Mucosa-associated Lymphoid Tissue</condition>
  <condition>Hepatosplenic T-cell Lymphoma</condition>
  <condition>Juvenile Myelomonocytic Leukemia</condition>
  <condition>Myelodysplastic/Myeloproliferative Neoplasm, Unclassifiable</condition>
  <condition>Nodal Marginal Zone B-cell Lymphoma</condition>
  <condition>Noncontiguous Stage II Adult Burkitt Lymphoma</condition>
  <condition>Noncontiguous Stage II Adult Diffuse Large Cell Lymphoma</condition>
  <condition>Noncontiguous Stage II Adult Diffuse Mixed Cell Lymphoma</condition>
  <condition>Noncontiguous Stage II Adult Immunoblastic Large Cell Lymphoma</condition>
  <condition>Noncontiguous Stage II Adult Lymphoblastic Lymphoma</condition>
  <condition>Noncontiguous Stage II Grade 3 Follicular Lymphoma</condition>
  <condition>Noncontiguous Stage II Mantle Cell Lymphoma</condition>
  <condition>Noncutaneous Extranodal Lymphoma</condition>
  <condition>Peripheral T-cell Lymphoma</condition>
  <condition>Post-transplant Lymphoproliferative Disorder</condition>
  <condition>Previously Treated Myelodysplastic Syndromes</condition>
  <condition>Recurrent Adult Acute Lymphoblastic Leukemia</condition>
  <condition>Recurrent Adult Acute Myeloid Leukemia</condition>
  <condition>Recurrent Adult Burkitt Lymphoma</condition>
  <condition>Recurrent Adult Diffuse Large Cell Lymphoma</condition>
  <condition>Recurrent Adult Diffuse Mixed Cell Lymphoma</condition>
  <condition>Recurrent Adult Diffuse Small Cleaved Cell Lymphoma</condition>
  <condition>Recurrent Adult Grade III Lymphomatoid Granulomatosis</condition>
  <condition>Recurrent Adult Hodgkin Lymphoma</condition>
  <condition>Recurrent Adult Immunoblastic Large Cell Lymphoma</condition>
  <condition>Recurrent Adult Lymphoblastic Lymphoma</condition>
  <condition>Recurrent Adult T-cell Leukemia/Lymphoma</condition>
  <condition>Recurrent Childhood Acute Lymphoblastic Leukemia</condition>
  <condition>Recurrent Childhood Acute Myeloid Leukemia</condition>
  <condition>Recurrent Childhood Anaplastic Large Cell Lymphoma</condition>
  <condition>Recurrent Childhood Grade III Lymphomatoid Granulomatosis</condition>
  <condition>Recurrent Childhood Large Cell Lymphoma</condition>
  <condition>Recurrent Childhood Lymphoblastic Lymphoma</condition>
  <condition>Recurrent Childhood Small Noncleaved Cell Lymphoma</condition>
  <condition>Recurrent Cutaneous T-cell Non-Hodgkin Lymphoma</condition>
  <condition>Recurrent Grade 1 Follicular Lymphoma</condition>
  <condition>Recurrent Grade 2 Follicular Lymphoma</condition>
  <condition>Recurrent Grade 3 Follicular Lymphoma</condition>
  <condition>Recurrent Mantle Cell Lymphoma</condition>
  <condition>Recurrent Marginal Zone Lymphoma</condition>
  <condition>Recurrent Mycosis Fungoides/Sezary Syndrome</condition>
  <condition>Recurrent Renal Cell Cancer</condition>
  <condition>Recurrent Small Lymphocytic Lymphoma</condition>
  <condition>Recurrent/Refractory Childhood Hodgkin Lymphoma</condition>
  <condition>Refractory Anemia</condition>
  <condition>Refractory Anemia With Ringed Sideroblasts</condition>
  <condition>Refractory Chronic Lymphocytic Leukemia</condition>
  <condition>Refractory Hairy Cell Leukemia</condition>
  <condition>Refractory Multiple Myeloma</condition>
  <condition>Relapsing Chronic Myelogenous Leukemia</condition>
  <condition>Splenic Marginal Zone Lymphoma</condition>
  <condition>Stage I Adult Burkitt Lymphoma</condition>
  <condition>Stage I Adult Diffuse Large Cell Lymphoma</condition>
  <condition>Stage I Adult Diffuse Mixed Cell Lymphoma</condition>
  <condition>Stage I Adult Immunoblastic Large Cell Lymphoma</condition>
  <condition>Stage I Adult Lymphoblastic Lymphoma</condition>
  <condition>Stage I Adult T-cell Leukemia/Lymphoma</condition>
  <condition>Stage I Childhood Anaplastic Large Cell Lymphoma</condition>
  <condition>Stage I Childhood Large Cell Lymphoma</condition>
  <condition>Stage I Childhood Lymphoblastic Lymphoma</condition>
  <condition>Stage I Childhood Small Noncleaved Cell Lymphoma</condition>
  <condition>Stage I Grade 3 Follicular Lymphoma</condition>
  <condition>Stage I Mantle Cell Lymphoma</condition>
  <condition>Stage II Adult T-cell Leukemia/Lymphoma</condition>
  <condition>Stage II Childhood Anaplastic Large Cell Lymphoma</condition>
  <condition>Stage II Childhood Large Cell Lymphoma</condition>
  <condition>Stage II Childhood Lymphoblastic Lymphoma</condition>
  <condition>Stage II Childhood Small Noncleaved Cell Lymphoma</condition>
  <condition>Stage III Adult Burkitt Lymphoma</condition>
  <condition>Stage III Adult Diffuse Large Cell Lymphoma</condition>
  <condition>Stage III Adult Diffuse Mixed Cell Lymphoma</condition>
  <condition>Stage III Adult Immunoblastic Large Cell Lymphoma</condition>
  <condition>Stage III Adult Lymphoblastic Lymphoma</condition>
  <condition>Stage III Adult T-cell Leukemia/Lymphoma</condition>
  <condition>Stage III Childhood Anaplastic Large Cell Lymphoma</condition>
  <condition>Stage III Childhood Large Cell Lymphoma</condition>
  <condition>Stage III Childhood Lymphoblastic Lymphoma</condition>
  <condition>Stage III Childhood Small Noncleaved Cell Lymphoma</condition>
  <condition>Stage III Grade 3 Follicular Lymphoma</condition>
  <condition>Stage III Mantle Cell Lymphoma</condition>
  <condition>Stage IV Adult Burkitt Lymphoma</condition>
  <condition>Stage IV Adult Diffuse Large Cell Lymphoma</condition>
  <condition>Stage IV Adult Diffuse Mixed Cell Lymphoma</condition>
  <condition>Stage IV Adult Immunoblastic Large Cell Lymphoma</condition>
  <condition>Stage IV Adult Lymphoblastic Lymphoma</condition>
  <condition>Stage IV Adult T-cell Leukemia/Lymphoma</condition>
  <condition>Stage IV Childhood Anaplastic Large Cell Lymphoma</condition>
  <condition>Stage IV Childhood Large Cell Lymphoma</condition>
  <condition>Stage IV Childhood Lymphoblastic Lymphoma</condition>
  <condition>Stage IV Childhood Small Noncleaved Cell Lymphoma</condition>
  <condition>Stage IV Grade 3 Follicular Lymphoma</condition>
  <condition>Stage IV Mantle Cell Lymphoma</condition>
  <condition>Stage IV Renal Cell Cancer</condition>
  <condition>T-cell Large Granular Lymphocyte Leukemia</condition>
  <condition>Type 1 Papillary Renal Cell Carcinoma</condition>
  <condition>Type 2 Papillary Renal Cell Carcinoma</condition>
  <condition>Untreated Adult Acute Lymphoblastic Leukemia</condition>
  <condition>Untreated Adult Acute Myeloid Leukemia</condition>
  <condition>Untreated Childhood Acute Lymphoblastic Leukemia</condition>
  <condition>Untreated Childhood Acute Myeloid Leukemia and Other Myeloid Malignancies</condition>
  <condition>Waldenström Macroglobulinemia</condition>
  <arm_group>
    <arm_group_label>Treatment (prolonged MMF and truncated CSP)</arm_group_label>
    <arm_group_type>Experimental</arm_group_type>
    <description>CONDITIONING: Patients receive fludarabine phosphate IV over 30 minutes on days -4 to -2, and undergo TBI on day 0.&#xD;
TRANSPLANTATION: Patients undergo allogeneic PBMC transplant on day 0.&#xD;
IMMUNOSUPPRESSION: Patients receive cyclosporine PO BID on days -3 to 80 with taper to day 150 and mycophenolate mofetil PO or IV TID on days 0-30, BID on days 31-150, and then taper to day 180. Treatment continues in the absence of unacceptable toxicity.</description>
  </arm_group>
  <intervention>
    <intervention_type>Drug</intervention_type>
    <intervention_name>fludarabine phosphate</intervention_name>
    <description>Given IV</description>
    <arm_group_label>Treatment (prolonged MMF and truncated CSP)</arm_group_label>
    <other_name>2-F-ara-AMP</other_name>
    <other_name>Beneflur</other_name>
    <other_name>Fludara</other_name>
  </intervention>
  <intervention>
    <intervention_type>Radiation</intervention_type>
    <intervention_name>total-body irradiation</intervention_name>
    <description>Undergo TBI</description>
    <arm_group_label>Treatment (prolonged MMF and truncated CSP)</arm_group_label>
    <other_name>TBI</other_name>
  </intervention>
  <intervention>
    <intervention_type>Procedure</intervention_type>
    <intervention_name>nonmyeloablative allogeneic hematopoietic stem cell transplantation</intervention_name>
    <description>Undergo allogeneic PBMC transplantation</description>
    <arm_group_label>Treatment (prolonged MMF and truncated CSP)</arm_group_label>
  </intervention>
  <intervention>
    <intervention_type>Procedure</intervention_type>
    <intervention_name>peripheral blood stem cell transplantation</intervention_name>
    <description>Undergo allogeneic PBMC transplantation</description>
    <arm_group_label>Treatment (prolonged MMF and truncated CSP)</arm_group_label>
    <other_name>PBPC transplantation</other_name>
    <other_name>PBSC transplantation</other_name>
    <other_name>peripheral blood progenitor cell transplantation</other_name>
    <other_name>transplantation, peripheral blood stem cell</other_name>
  </intervention>
  <intervention>
    <intervention_type>Drug</intervention_type>
    <intervention_name>cyclosporine</intervention_name>
    <description>Given PO</description>
    <arm_group_label>Treatment (prolonged MMF and truncated CSP)</arm_group_label>
    <other_name>ciclosporin</other_name>
    <other_name>cyclosporin</other_name>
    <other_name>cyclosporin A</other_name>
    <other_name>CYSP</other_name>
    <other_name>Sandimmune</other_name>
  </intervention>
  <intervention>
    <intervention_type>Drug</intervention_type>
    <intervention_name>mycophenolate mofetil</intervention_name>
    <description>Given PO or IV</description>
    <arm_group_label>Treatment (prolonged MMF and truncated CSP)</arm_group_label>
    <other_name>Cellcept</other_name>
    <other_name>MMF</other_name>
  </intervention>
  <intervention>
    <intervention_type>Other</intervention_type>
    <intervention_name>laboratory biomarker analysis</intervention_name>
    <description>Correlative studies</description>
    <arm_group_label>Treatment (prolonged MMF and truncated CSP)</arm_group_label>
  </intervention>
  <eligibility>
    <criteria>
      <textblock>
        Inclusion Criteria:&#xD;
&#xD;
          -  Ages &gt; 50 years with hematologic malignancies treatable by unrelated HCT&#xD;
&#xD;
          -  Ages =&lt; 50 years of age with hematologic diseases treatable by allogeneic HCT who&#xD;
             through pre-existing medical conditions or prior therapy are considered to be at high&#xD;
             risk for regimen related toxicity associated with a conventional transplant (&gt; 40%&#xD;
             risk of transplant-related mortality [TRM]) or those patients who refuse a&#xD;
             conventional HCT; transplants must be approved for these inclusion criteria by both&#xD;
             the participating institution's patient review committee such as the Patient Care&#xD;
             Conference (PCC at the Fred Hutchinson Cancer Research Center [FHCRC]) and by the&#xD;
             principal investigator at the collaborating center; patients =&lt; 50 years of age who&#xD;
             have received previous high-dose transplantation do not require patient review&#xD;
             committee approval; all children &lt; 12 years must be discussed with the FHCRC primary&#xD;
             investigator (PI) prior to registration&#xD;
&#xD;
          -  Patients with metastatic renal cell carcinoma with the histologic subtypes of clear&#xD;
             cell, papillary and medullary may be accepted regardless of age&#xD;
&#xD;
          -  The following diseases will be permitted although other diagnoses can be considered if&#xD;
             approved by PCC or the participating institution's patient review committees and the&#xD;
             principal investigator:&#xD;
&#xD;
               -  Aggressive non-Hodgkin lymphomas (NHLs) and other histologies such as diffuse&#xD;
                  large B cell NHL-not eligible for autologous hematopoietic stem cell transplant&#xD;
                  (HSCT), not eligible for conventional myeloablative HSCT, or after failed&#xD;
                  autologous HSCT&#xD;
&#xD;
               -  Low grade NHL- with &lt; 6 month duration of complete remission (CR) between courses&#xD;
                  of conventional therapy&#xD;
&#xD;
               -  Mantle cell NHL-may be treated in first CR&#xD;
&#xD;
               -  Chronic lymphocytic leukemia (CLL)- Must be refractory to fludarabine; patients&#xD;
                  who fail to have a complete or partial response after therapy with a regimen&#xD;
                  containing fludarabine (or another nucleoside analog, e.g. 2-cladribine [CDA],&#xD;
                  pentostatin) or experience disease relapse within 12 months after completing&#xD;
                  therapy with a regimen containing fludarabine (or another nucleoside analog)&#xD;
&#xD;
               -  Hodgkin disease (HD)- must have received and failed frontline therapy&#xD;
&#xD;
               -  Multiple myeloma (MM)- must have received prior chemotherapy; consolidation of&#xD;
                  chemotherapy by autografting prior to nonmyeloablative HCT is permitted&#xD;
&#xD;
               -  Acute myeloid leukemia (AML)- must have &lt; 5% marrow blasts at the time of&#xD;
                  transplant.&#xD;
&#xD;
               -  Acute lymphocytic leukemia (ALL)- must have &lt; 5% marrow blasts at the time of&#xD;
                  transplant&#xD;
&#xD;
               -  Chronic myelogenous leukemia (CML)- Patients will be accepted in chronic phase or&#xD;
                  accelerated phase; patients who have received prior autografts after high dose&#xD;
                  therapy or have undergone intensive chemotherapy with filgrastim&#xD;
                  (G-CSF)-mobilized peripheral blood mononuclear cells (G-PBMC) autologous or&#xD;
                  conventional HCT for advanced CML may be enrolled provided they are in CR or CP&#xD;
                  and have &lt; 5% marrow blasts at time of transplant&#xD;
&#xD;
               -  Myelodysplastic syndrome (MDS)/myeloproliferative disorder (MPD)- Only patients&#xD;
                  with MDS/refractory anemia (RA) or MDS/refractory anemia with ringed sideroblasts&#xD;
                  (RARS) will be eligible for this protocol; additionally patients with&#xD;
                  myeloproliferative syndromes (MPS) will be eligible; those patients with MDS or&#xD;
                  MPS with &gt; 5% marrow blasts (including those with transformation to AML) must&#xD;
                  receive cytotoxic chemotherapy and achieve &lt; 5% marrow blasts at time of&#xD;
                  transplant&#xD;
&#xD;
               -  Renal cell carcinoma- Must have evidence of disease not amenable to surgical cure&#xD;
                  or history of or active metastatic disease by radiological and histologic&#xD;
                  criteria&#xD;
&#xD;
          -  DONOR: FHCRC matching allowed will be grade 1.0 to 2.1: Unrelated donors who are&#xD;
             prospectively:&#xD;
&#xD;
               -  Matched for human leukocyte antigen (HLA)-A, B, C, major histocompatibility&#xD;
                  complex, class II, DR beta 1 (DRB1) and major histocompatibility complex, class&#xD;
                  II, DQ beta 1 (DQB1) by high resolution typing;&#xD;
&#xD;
               -  Only a single allele disparity will be allowed for HLA-A, B, or C as defined by&#xD;
                  high resolution typing&#xD;
&#xD;
          -  DONOR: A positive anti-donor cytotoxic crossmatch is an absolute donor exclusion&#xD;
&#xD;
          -  DONOR: Patient and donor pairs homozygous at a mismatched allele in the graft&#xD;
             rejection vector are considered a two-allele mismatch, i.e., the patient is A*0101 and&#xD;
             the donor is A*0201, and this type of mismatch is not allowed&#xD;
&#xD;
          -  DONOR: G-PBMC only will be permitted as a HSC source on this protocol&#xD;
&#xD;
        Exclusion Criteria:&#xD;
&#xD;
          -  Patients with rapidly progressive intermediate or high grade NHL&#xD;
&#xD;
          -  Renal cell carcinoma patients&#xD;
&#xD;
               -  With expected survival of less than 6 months&#xD;
&#xD;
               -  Disease resulting in severely limited performance status (&lt; 70%)&#xD;
&#xD;
               -  Any vertebral instability&#xD;
&#xD;
               -  History of brain metastases&#xD;
&#xD;
          -  Central nervous system (CNS) involvement with disease refractory to intrathecal&#xD;
             chemotherapy&#xD;
&#xD;
          -  Fertile men or women unwilling to use contraceptive techniques during and for 12&#xD;
             months following treatment&#xD;
&#xD;
          -  Females who are pregnant&#xD;
&#xD;
          -  Patients with non-hematological tumors except renal cell carcinoma&#xD;
&#xD;
          -  Fungal infections with radiological progression after receipt of amphotericin B or&#xD;
             active triazole for greater than 1 month&#xD;
&#xD;
          -  Cardiac ejection fraction &lt; 35%; ejection fraction is required if there is a history&#xD;
             of anthracycline exposure or history of cardiac disease&#xD;
&#xD;
          -  Diffusing capacity of the lung for carbon monoxide (DLCO) &lt; 40% and/or receiving&#xD;
             supplementary continuous oxygen&#xD;
&#xD;
          -  The FHCRC PI of the study must approve of enrollment of all patients with pulmonary&#xD;
             nodules&#xD;
&#xD;
          -  Patients with clinical or laboratory evidence of liver disease would be evaluated for&#xD;
             the cause of liver disease, its clinical severity in terms of liver function, and the&#xD;
             degree of portal hypertension; patients will be excluded if they are found to have&#xD;
             fulminant liver failure, cirrhosis of the liver with evidence of portal hypertension,&#xD;
             alcoholic hepatitis, esophageal varices, a history of bleeding esophageal varices,&#xD;
             hepatic encephalopathy, uncorrectable hepatic synthetic dysfunction evinced by&#xD;
             prolongation of the prothrombin time, ascites related to portal hypertension, bridging&#xD;
             fibrosis, bacterial or fungal liver abscess, biliary obstruction, chronic viral&#xD;
             hepatitis with total serum bilirubin &gt; 3 mg/dL, and symptomatic biliary disease&#xD;
&#xD;
          -  Karnofsky scores &lt; 60 (except renal cell carcinoma [RCC])&#xD;
&#xD;
          -  Patients with &gt; grade II hypertension by Common Toxicity Criteria (CTC)&#xD;
&#xD;
          -  Human immunodeficiency virus (HIV) positive patients&#xD;
&#xD;
          -  The addition of cytotoxic agents for &quot;cytoreduction&quot; with the exception of hydroxyurea&#xD;
             and imatinib mesylate will not be allowed within two weeks of the initiation of&#xD;
             conditioning&#xD;
&#xD;
          -  DONOR: Marrow donors&#xD;
&#xD;
          -  DONOR: Donors who are HIV-positive and/or, medical conditions that would result in&#xD;
             increased risk for G-CSF mobilization and harvest of G-PBMC&#xD;
      </textblock>
    </criteria>
    <gender>All</gender>
    <minimum_age>N/A</minimum_age>
    <maximum_age>N/A</maximum_age>
    <healthy_volunteers>No</healthy_volunteers>
  </eligibility>
  <overall_official>
    <last_name>Brenda Sandmaier</last_name>
    <role>Principal Investigator</role>
    <affiliation>Fred Hutchinson Cancer Research Center/University of Washington Cancer Consortium</affiliation>
  </overall_official>
  <location>
    <facility>
      <name>Stanford University Hospitals and Clinics</name>
      <address>
        <city>Stanford</city>
        <state>California</state>
        <zip>94305</zip>
        <country>United States</country>
      </address>
    </facility>
  </location>
  <location>
    <facility>
      <name>Rocky Mountain Cancer Centers-Midtown</name>
      <address>
        <city>Denver</city>
        <state>Colorado</state>
        <zip>80218</zip>
        <country>United States</country>
      </address>
    </facility>
  </location>
  <location>
    <facility>
      <name>Emory University/Winship Cancer Institute</name>
      <address>
        <city>Atlanta</city>
        <state>Georgia</state>
        <zip>30322</zip>
        <country>United States</country>
      </address>
    </facility>
  </location>
  <location>
    <facility>
      <name>OHSU Knight Cancer Institute</name>
      <address>
        <city>Portland</city>
        <state>Oregon</state>
        <zip>97239</zip>
        <country>United States</country>
      </address>
    </facility>
  </location>
  <location>
    <facility>
      <name>Huntsman Cancer Institute/University of Utah</name>
      <address>
        <city>Salt Lake City</city>
        <state>Utah</state>
        <zip>84112</zip>
        <country>United States</country>
      </address>
    </facility>
  </location>
  <location>
    <facility>
      <name>Fred Hutchinson Cancer Research Center/University of Washington Cancer Consortium</name>
      <address>
        <city>Seattle</city>
        <state>Washington</state>
        <zip>98109</zip>
        <country>United States</country>
      </address>
    </facility>
  </location>
  <location>
    <facility>
      <name>Froedtert Memorial Lutheran Hospital, Medical College of Wisconsin</name>
      <address>
        <city>Milwaukee</city>
        <state>Wisconsin</state>
        <zip>53226</zip>
        <country>United States</country>
      </address>
    </facility>
  </location>
  <location>
    <facility>
      <name>Universitaet Leipzig</name>
      <address>
        <city>Leipzig</city>
        <zip>D-04103</zip>
        <country>Germany</country>
      </address>
    </facility>
  </location>
  <location>
    <facility>
      <name>University of Tuebingen-Germany</name>
      <address>
        <city>Tuebingen</city>
        <zip>D-72076</zip>
        <country>Germany</country>
      </address>
    </facility>
  </location>
  <location>
    <facility>
      <name>University of Torino</name>
      <address>
        <city>Torino</city>
        <zip>10126</zip>
        <country>Italy</country>
      </address>
    </facility>
  </location>
  <location_countries>
    <country>Germany</country>
    <country>Italy</country>
    <country>United States</country>
  </location_countries>
  <removed_countries>
    <country>Denmark</country>
  </removed_countries>
  <verification_date>February 2019</verification_date>
  <study_first_submitted>March 8, 2004</study_first_submitted>
  <study_first_submitted_qc>March 8, 2004</study_first_submitted_qc>
  <study_first_posted type="Estimate">March 9, 2004</study_first_posted>
  <last_update_submitted>January 15, 2020</last_update_submitted>
  <last_update_submitted_qc>January 15, 2020</last_update_submitted_qc>
  <last_update_posted type="Actual">January 18, 2020</last_update_posted>
  <responsible_party>
    <responsible_party_type>Sponsor</responsible_party_type>
  </responsible_party>
  <condition_browse>
    <!-- CAUTION:  The following MeSH terms are assigned with an imperfect algorithm            -->
    <mesh_term>Burkitt Lymphoma</mesh_term>
    <mesh_term>Mycoses</mesh_term>
    <mesh_term>Lymphoma</mesh_term>
    <mesh_term>Carcinoma</mesh_term>
    <mesh_term>Leukemia</mesh_term>
    <mesh_term>Leukemia, Myeloid</mesh_term>
    <mesh_term>Multiple Myeloma</mesh_term>
    <mesh_term>Leukemia, Myeloid, Acute</mesh_term>
    <mesh_term>Neoplasms</mesh_term>
    <mesh_term>Lymphoma, Follicular</mesh_term>
    <mesh_term>Lymphoma, Non-Hodgkin</mesh_term>
    <mesh_term>Preleukemia</mesh_term>
    <mesh_term>Precursor Cell Lymphoblastic Leukemia-Lymphoma</mesh_term>
    <mesh_term>Leukemia, Lymphoid</mesh_term>
    <mesh_term>Lymphoma, B-Cell</mesh_term>
    <mesh_term>Leukemia, Lymphocytic, Chronic, B-Cell</mesh_term>
    <mesh_term>Hodgkin Disease</mesh_term>
    <mesh_term>Carcinoma, Renal Cell</mesh_term>
    <mesh_term>Lymphoma, Mantle-Cell</mesh_term>
    <mesh_term>Lymphoma, T-Cell</mesh_term>
    <mesh_term>Lymphoma, T-Cell, Peripheral</mesh_term>
    <mesh_term>Lymphoma, B-Cell, Marginal Zone</mesh_term>
    <mesh_term>Leukemia, Myelogenous, Chronic, BCR-ABL Positive</mesh_term>
    <mesh_term>Lymphoma, Large B-Cell, Diffuse</mesh_term>
    <mesh_term>Hematologic Neoplasms</mesh_term>
    <mesh_term>Lymphoma, Large-Cell, Immunoblastic</mesh_term>
    <mesh_term>Plasmablastic Lymphoma</mesh_term>
    <mesh_term>Mycosis Fungoides</mesh_term>
    <mesh_term>Leukemia, Myelomonocytic, Acute</mesh_term>
    <mesh_term>Leukemia, Myelomonocytic, Chronic</mesh_term>
    <mesh_term>Sezary Syndrome</mesh_term>
    <mesh_term>Leukemia, T-Cell</mesh_term>
    <mesh_term>Lymphoma, T-Cell, Cutaneous</mesh_term>
    <mesh_term>Waldenstrom Macroglobulinemia</mesh_term>
    <mesh_term>Leukemia-Lymphoma, Adult T-Cell</mesh_term>
    <mesh_term>Leukemia, Myelomonocytic, Juvenile</mesh_term>
    <mesh_term>Lymphoma, Large-Cell, Anaplastic</mesh_term>
    <mesh_term>Leukemia, Hairy Cell</mesh_term>
    <mesh_term>Leukemia, Myeloid, Chronic-Phase</mesh_term>
    <mesh_term>Lymphomatoid Granulomatosis</mesh_term>
    <mesh_term>Leukemia, Myeloid, Accelerated Phase</mesh_term>
    <mesh_term>Lymphoma, Extranodal NK-T-Cell</mesh_term>
    <mesh_term>Leukemia, Large Granular Lymphocytic</mesh_term>
    <mesh_term>Anemia</mesh_term>
    <mesh_term>Myelodysplastic Syndromes</mesh_term>
    <mesh_term>Myeloproliferative Disorders</mesh_term>
    <mesh_term>Anemia, Refractory</mesh_term>
    <mesh_term>Lymphoproliferative Disorders</mesh_term>
    <mesh_term>Immunoblastic Lymphadenopathy</mesh_term>
    <mesh_term>Myelodysplastic-Myeloproliferative Diseases</mesh_term>
    <mesh_term>Syndrome</mesh_term>
    <mesh_term>Recurrence</mesh_term>
  </condition_browse>
  <intervention_browse>
    <!-- CAUTION:  The following MeSH terms are assigned with an imperfect algorithm            -->
    <mesh_term>Cyclosporine</mesh_term>
    <mesh_term>Mycophenolic Acid</mesh_term>
    <mesh_term>Fludarabine</mesh_term>
    <mesh_term>Fludarabine phosphate</mesh_term>
    <mesh_term>Cyclosporins</mesh_term>
  </intervention_browse>
  <!-- Results have not yet been posted for this study                                          -->
</clinical_study>

