<?xml version="1.0" encoding="UTF-8"?>
<clinical_study rank="186">
  <!-- This xml conforms to an XML Schema at:
    https://clinicaltrials.gov/ct2/html/images/info/public.xsd -->
  <required_header>
    <download_date>ClinicalTrials.gov processed this data on February 06, 2024</download_date>
    <link_text>Link to the current ClinicalTrials.gov record.</link_text>
    <url>https://clinicaltrials.gov/ct2/show/NCT05199051</url>
  </required_header>
  <id_info>
    <org_study_id>2020/65</org_study_id>
    <nct_id>NCT05199051</nct_id>
  </id_info>
  <brief_title>A Phase 2 Study of Gemtuzumab Ozogamicin (GO)-Gilteritinib Combination in Adults With FLT3-ITD Relapse/Refractory (R/R) AML</brief_title>
  <acronym>AGORA-1</acronym>
  <official_title>AGORA-1 /ALFA 2100 Study : A Phase 2 Study of Gemtuzumab Ozogamicin (GO)-Gilteritinib Combination in Adults With FLT3-ITD Relapse/Refractory (R/R) AML</official_title>
  <sponsors>
    <lead_sponsor>
      <agency>Centre Antoine Lacassagne</agency>
      <agency_class>Other</agency_class>
    </lead_sponsor>
    <collaborator>
      <agency>Acute Leukemia French Association</agency>
      <agency_class>Other</agency_class>
    </collaborator>
  </sponsors>
  <source>Centre Antoine Lacassagne</source>
  <oversight_info>
    <has_dmc>No</has_dmc>
    <is_fda_regulated_drug>No</is_fda_regulated_drug>
    <is_fda_regulated_device>No</is_fda_regulated_device>
  </oversight_info>
  <brief_summary>
    <textblock>
      This is a national, open-label, single-arm, multicenter phase II trial evaluating the safety&#xD;
      and efficacy of adding gilteritinib, a new FLT3 inhibitor to the AGORA platform, consisting&#xD;
      of the combination of an intermediate dose of cytarabine and a divided dose of GO in adult&#xD;
      patients with R / R AML with an FLT3-ITD mutation.&#xD;
    </textblock>
  </brief_summary>
  <overall_status>Recruiting</overall_status>
  <start_date type="Actual">June 3, 2023</start_date>
  <completion_date type="Anticipated">March 15, 2027</completion_date>
  <primary_completion_date type="Anticipated">March 15, 2027</primary_completion_date>
  <phase>Phase 2</phase>
  <study_type>Interventional</study_type>
  <has_expanded_access>No</has_expanded_access>
  <study_design_info>
    <allocation>N/A</allocation>
    <intervention_model>Single Group Assignment</intervention_model>
    <primary_purpose>Treatment</primary_purpose>
    <masking>None (Open Label)</masking>
  </study_design_info>
  <primary_outcome>
    <measure>Stage 1 - Safety of the addition of gilteritinib to the AGORA treatment platform</measure>
    <time_frame>18 months</time_frame>
    <description>The primary objective of the first stage is to evaluate the safety of combining gilteritinib with the Gemtuzumab Ozogamicin (GO) -cytarabine AGORA platform in patients with FLT3-ITD mutated Relapse/Refractory (R/R) Acute Myeloïd Leukemia (AML), through occurrence of dose-limiting toxicity (DLT).</description>
  </primary_outcome>
  <primary_outcome>
    <measure>Stage 2 - Event-free survival (EFS)</measure>
    <time_frame>60 months</time_frame>
    <description>The primary objective of the second extension stage is to evaluate the efficacy of combining gilteritinib with the Gemtuzumab Ozogamicin (GO)-cytarabine AGORA platform in patients with FLT3-ITD mutated Relapse/Refractory (R/R) Acute Myeloïd Leukemia (AML) through event-free survival (EFS).</description>
  </primary_outcome>
  <secondary_outcome>
    <measure>Response rates to the study treatment</measure>
    <time_frame>60 months</time_frame>
    <description>Response rate, including Complete Response (CR), Incomplete Hematologis Recovery (CRi) and partial hematologic recovery (CRh)*; the overall response rate (ORR) being defined as CR/CRi/CRh rates&#xD;
*: CRi, CR with incomplete hematologic recovery, meaning CR with platelet count &lt;100,000/µL or absolute neutrophil count &lt;1000/µL; CRh, CR with partial hematologic recovery, meaning CR not fulfilling CR or CRi criteria but with platelet count &gt;50,000/µL AND absolute neutrophil count &gt;500/µL.</description>
  </secondary_outcome>
  <secondary_outcome>
    <measure>Early mortality rates, at day-30</measure>
    <time_frame>30 months</time_frame>
    <description>Mortality rates between day 1 and day 30</description>
  </secondary_outcome>
  <secondary_outcome>
    <measure>Incidence of subsequent allogeneic Hematopoietic Stem Cell Transplantation (HSCT) overall.</measure>
    <time_frame>60 months</time_frame>
    <description>Incidence of subsequent allogeneic HSCT of all patients of the study.</description>
  </secondary_outcome>
  <secondary_outcome>
    <measure>Incidence of subsequent allogeneic Hematopoietic Stem Cell Transplantation in responding patients specifically.</measure>
    <time_frame>60 months</time_frame>
    <description>Incidence of subsequent allogeneic HSCT in responding patients specifically.</description>
  </secondary_outcome>
  <secondary_outcome>
    <measure>Evaluation of Duration of response (DOR) of treatment</measure>
    <time_frame>60 months</time_frame>
    <description>Duration of response (DOR).</description>
  </secondary_outcome>
  <secondary_outcome>
    <measure>Evaluation of relapse-free survival (RFS)</measure>
    <time_frame>60 months</time_frame>
    <description>Duration of relapse-free survival (RFS) of patient.</description>
  </secondary_outcome>
  <secondary_outcome>
    <measure>Evaluation of overall survival (OS)</measure>
    <time_frame>60 months</time_frame>
    <description>Duration of overall survival (OS) defined as the time between the date of the inclusion and the date of death or the date of last news for those still alive at the end of the follow-up.</description>
  </secondary_outcome>
  <secondary_outcome>
    <measure>Subgroup analyses defined by patient</measure>
    <time_frame>60 months</time_frame>
    <description>Subgroups defined by a patient related factor: age (&lt;65 vs ≥65y)</description>
  </secondary_outcome>
  <secondary_outcome>
    <measure>Subgroup analyses defined by disease</measure>
    <time_frame>60 months</time_frame>
    <description>Subgroups defined by disease related factors: cytogenetics, mutation profiles (including NPM1 and FLT3-ITD), ELN-risk classification 2017.</description>
  </secondary_outcome>
  <secondary_outcome>
    <measure>Subgroup analyses defined by allograft</measure>
    <time_frame>60 months</time_frame>
    <description>Subgroups defined by treatment related factor by the performance of a subsequent allogeneic HSCT.</description>
  </secondary_outcome>
  <secondary_outcome>
    <measure>Evaluation of the Safety : incidence of SAE (SAEs)</measure>
    <time_frame>60 months</time_frame>
    <description>Safety through Serious Adverse event (SAEs)</description>
  </secondary_outcome>
  <secondary_outcome>
    <measure>Evaluation of the Safety : incidence of Adverses Events (AEs)</measure>
    <time_frame>60 months</time_frame>
    <description>Safety through Adverse event (AEs), Serious Adverse event (SAEs), Treatment Emergent Adverse Event (TEAEs) and incidence of sinusoidal obstruction syndrome (SOS))</description>
  </secondary_outcome>
  <secondary_outcome>
    <measure>Evaluation of the Safety : incidence of Treatment Emergent Adverse Event (TEAEs)</measure>
    <time_frame>60 months</time_frame>
    <description>Safety through Treatment Emergent Adverse Event (TEAEs)</description>
  </secondary_outcome>
  <secondary_outcome>
    <measure>Evaluation of the Safety : incidence of sinusoidal obstruction syndrome (SOS)</measure>
    <time_frame>60 months</time_frame>
    <description>Safety through incidence of sinusoidal obstruction syndrome (SOS)</description>
  </secondary_outcome>
  <number_of_arms>1</number_of_arms>
  <enrollment type="Anticipated">50</enrollment>
  <condition>AML</condition>
  <arm_group>
    <arm_group_label>Gemtuzumab ozogamicine - Cytarabine - Gilteritinib</arm_group_label>
    <arm_group_type>Experimental</arm_group_type>
    <description>For Gemtuzumab ozogamicine administrated during the induction phase at D1, D4 and D7, 3mg/m2/day (5mg max), IV, 2h of infusion.&#xD;
For Cytarabine during induction and consolidation phase at D1 to D5, 1000 mg/m2, IV, 2h of infusion.&#xD;
For Gilteritinib during induction phase from D10 for 14 consecutive days, per os, two doses level study with dose level 1 (80mg/d) in part 1 or dose level 2 (80 or 120mg/d depending of the result of part 1) in part 2.&#xD;
During consolidation (2 cycles max) from D8 for 14 consecutive days, per os, 120mg/d or reduced dose of 80 mg/kg is planned to be used in patients receiving concomitantly CYP3A4 inhibitors.&#xD;
During the maintenance (24 months max) dose level 2 (120mg/d), per os.</description>
  </arm_group>
  <intervention>
    <intervention_type>Combination Product</intervention_type>
    <intervention_name>Gemtuzumab ozogamicine - Cytarabine - Gilteritinib</intervention_name>
    <description>See Arms description paragraph</description>
    <arm_group_label>Gemtuzumab ozogamicine - Cytarabine - Gilteritinib</arm_group_label>
    <other_name>Mylotarg - Aracytine - Xospata</other_name>
  </intervention>
  <eligibility>
    <criteria>
      <textblock>
        Inclusion Criteria:&#xD;
&#xD;
          -  Patients aged 18 years old or more&#xD;
&#xD;
          -  Confirmed diagnosis of R/R AML positive for CD33 antigen as determined locally by&#xD;
             immunophenotyping according to routine practice, defined as:&#xD;
&#xD;
               -  AML refractory to 1 or 2 intensive chemotherapy courses or a treatment by&#xD;
                  hypomethylating agents (HMAs)&#xD;
&#xD;
               -  Or AML in first hematologic relapse or progression after front-line therapy,&#xD;
                  including intensive chemotherapy or hypomethylating agents (HMAs).&#xD;
&#xD;
               -  Previous treatments with FLT3 inhibitors (other than gilteritinib) are allowed&#xD;
&#xD;
               -  R/R AML secondary to a prior chemotherapy or radiotherapy for another cancer&#xD;
                  (tAML) could be included.&#xD;
&#xD;
          -  Presence of a FLT3-ITD mutation (allelic ratio ≥0.05 at last evaluation)* or a FLT3&#xD;
             TKD mutation&#xD;
&#xD;
          -  Patient with no contraindication to gemtuzumab ozogamicin (GO), cytarabine and&#xD;
             gilteritinib&#xD;
&#xD;
          -  ECOG performance status ≤2&#xD;
&#xD;
          -  AST and ALT ≤ 2.5 x upper the limit of normal (ULN) and/or total and direct serum&#xD;
             bilirubin ≤ 1.5 x ULN unless considered due to leukemia&#xD;
&#xD;
          -  Estimated glomerular filtration rate (GFR) ≥ 50 mL/min according to the formula&#xD;
             usually used by the investigator&#xD;
&#xD;
          -  Written informed consent obtained prior to any screening procedures&#xD;
&#xD;
          -  Eligible for National Health Insurance in France&#xD;
&#xD;
        Exclusion Criteria:&#xD;
&#xD;
          -  Acute promyelocytic leukemia or AML with BCR-ABL1 gene fusion&#xD;
&#xD;
          -  Secondary AML (sAML) defined by a history of prior myelodysplastic syndrome (MDS) or&#xD;
             myeloproliferative syndrome (MPN) including chronic myelomonocytic leukemia (CMML)&#xD;
&#xD;
          -  Patient with contraindications to the administration of gemtuzumab ozogamicin (GO),&#xD;
             cytarabine and gilteritinib. Refer to the SPCs of the molecules mentioned concerning&#xD;
             the contraindications, special warnings, precautions for use, dose modifications in&#xD;
             the event of toxicity, contraception and monitoring of patients and drugs prohibited&#xD;
             or to be used with caution.&#xD;
&#xD;
          -  Proven central nervous system leukemic involvement&#xD;
&#xD;
          -  Prior allogeneic HSCT within the last 6 months and/or history of acute GVHD of grade&#xD;
             &gt;1&#xD;
&#xD;
          -  Prior treatment with gemtuzumab ozogamicin within the last 3 months preceding the&#xD;
             initiation of the treatment in the present clinical trial&#xD;
&#xD;
          -  Uncontrolled or active malignant disease within prior 12 months (excluding cutaneous&#xD;
             basal cell carcinoma, &quot;in-situ&quot; carcinoma of the cervix or breast, or other local&#xD;
             malignancy excised)&#xD;
&#xD;
          -  Uncontrolled or significant cardiovascular history or symptoms including:&#xD;
&#xD;
               -  Prior anthracycline exposure equivalent to more than 550 mg/m2 of daunorubicin&#xD;
&#xD;
               -  History of clinically relevant ventricular arrhythmias (e.g. ventricular&#xD;
                  tachycardia, ventricular fibrillation or torsade de pointes)&#xD;
&#xD;
               -  History of 2° (Mobitz II) or 3° heart block (subjects with pacemakers are allowed&#xD;
                  if they have no history of clinically relevant arrhythmias with the pacemaker)&#xD;
&#xD;
               -  History of uncontrolled angina pectoris or MI within 6 months&#xD;
&#xD;
               -  History of NYHA Class 3 or 4 heart failure&#xD;
&#xD;
               -  Left ventricular ejection fraction ≤ 50% or less than the institutional lower&#xD;
                  limit of normal&#xD;
&#xD;
               -  History of complete left bundle branch block&#xD;
&#xD;
               -  Unstable angina, New York Heart Association (NYHA) class 3 or 4 congestive heart&#xD;
                  failure&#xD;
&#xD;
               -  QTcF &gt; or equal to 450 msec, long QT syndrome (including family history)&#xD;
&#xD;
               -  Bradycardia &lt; 50 bpm (unless subject has a pacemaker)&#xD;
&#xD;
               -  Systolic BP ≥ 180 mmHg or diastolic BP ≥ 110 mmHg&#xD;
&#xD;
          -  Uncontrolled systemic fungal, bacterial, or viral infection (defined as ongoing&#xD;
             signs/symptoms related to the infection without improvement despite appropriate&#xD;
             treatment)&#xD;
&#xD;
          -  Active known HBV or HCV hepatitis or positive HIV serology&#xD;
&#xD;
          -  Concurrent therapy with any other investigational agent or cytotoxic drug, within 28&#xD;
             days before starting treatment. Only hydroxyurea ± dexamethasone is permitted for the&#xD;
             control of blood counts&#xD;
&#xD;
          -  Current use or anticipated requirement for drugs that are known strong inducers of&#xD;
             CYP3 A4/5&#xD;
&#xD;
          -  Current use or anticipated requirement for drugs that are known as strong inhibitors&#xD;
             or inducers of P glycoprotein (P-gp), as mentioned in the appendix 14 of the protocol,&#xD;
             with the exception of drugs that are considered absolutely essential for the care of&#xD;
             the subject&#xD;
&#xD;
          -  Current use or anticipated treatment with concomitant drugs that target 5HT1R or&#xD;
             5HT2BR receptors or sigma non-specific receptor, as mentioned in the appendix 15 of&#xD;
             the protocol, with exception of drugs that are considered absolutely essential for the&#xD;
             care of the subject&#xD;
&#xD;
          -  Known malabsorption syndrome or other condition that may significantly impair&#xD;
             absorption of oral study medications&#xD;
&#xD;
          -  Any of concurrent severe and/or uncontrolled medical condition, which could compromise&#xD;
             participation in the study.&#xD;
&#xD;
          -  Patient currently receiving one or more inadvisable or prohibited treatments described&#xD;
             in section 6.4.2 of the protocol.&#xD;
&#xD;
          -  Females who are pregnant or breastfeeding.&#xD;
&#xD;
          -  Women of childbearing potential or partners of women of childbearing potential should&#xD;
             use a highly effective method of contraception during treatment and change the&#xD;
             duration of contraception after the last dose of the medicines of the study (GO,&#xD;
             cytarabine and gilteritinib).&#xD;
&#xD;
               -  For women of childbearing potential (WOCBP): agreement to remain abstinent&#xD;
                  (refrain from heterosexual intercourse) or use contraception with a failure rate&#xD;
                  of &lt; 1% per year during the treatment period and after the final dose of study&#xD;
                  treatment for at least: - 7 months for GO, - 6 months for cytarabine, - 6 months&#xD;
                  for gilteritinib. Women must refrain from donating eggs during this same period.&#xD;
                  A woman is considered to be of childbearing potential if she is postmenarcheal,&#xD;
                  has not reached a postmenopausal state (≥ 12 continuous months of amenorrhea with&#xD;
                  no identified cause other than menopause), and has not undergone surgical&#xD;
                  sterilization is permanently infertile due to surgery (i.e. removal of ovaries,&#xD;
                  fallopian tubes, and/or uterus) or another cause as determined by the&#xD;
                  investigator (e.g., Müllerian agenesis). The definition of childbearing potential&#xD;
                  may be adapted for alignment with local guidelines or regulations. Examples of&#xD;
                  contraceptive methods with a failure rate of &lt; 1% per year include bilateral&#xD;
                  tubal ligation, male sterilization, hormonal contraceptives that inhibit&#xD;
                  ovulation, hormone-releasing intrauterine devices, and copper intrauterine&#xD;
                  devices. Hormonal contraceptive methods must be supplemented by a barrier method.&#xD;
                  The reliability of sexual abstinence should be evaluated in relation to the&#xD;
                  duration of the clinical trial and the preferred and usual lifestyle of the&#xD;
                  patient. Periodic abstinence (e.g., calendar, ovulation, symptothermal, or&#xD;
                  postovulation methods) and withdrawal are not acceptable methods of&#xD;
                  contraception. If required per local guidelines or regulations, locally&#xD;
                  recognized acceptable methods of contraception and information about the&#xD;
                  reliability of abstinence will be described in the local Informed Consent Form.&#xD;
                  Women of childbearing potential must have a negative serum pregnancy test result&#xD;
                  within 7 days prior to first dose.&#xD;
&#xD;
               -  For male patients: acceptance that most of the study treatments require specific&#xD;
                  reliable and effective contraception measures, as well as measures related to&#xD;
                  sperm donation Agreement to remain abstinent (refrain from heterosexual&#xD;
                  intercourse) or use contraception, and agreement to refrain from donating sperm,&#xD;
                  as defined below With a female partner of childbearing potential who is not&#xD;
                  pregnant, men who are not surgically sterile must remain abstinent or use a&#xD;
                  condom plus an additional contraceptive method that together result in a failure&#xD;
                  rate of &lt; 1% per year during the treatment period and after the final dose of&#xD;
                  study treatment for at least: - 4 months for GO, - 6 months for cytarabine, - 4&#xD;
                  months for gilteritinib.&#xD;
&#xD;
        Men must refrain from donating sperm during this same period With pregnant female partners,&#xD;
        men must remain abstinent or use a condom to avoid exposing the embryo during the treatment&#xD;
        period and for at least: - 4 months for GO, - 6 months for cytarabine, - 4 months for&#xD;
        gilteritinib. The reliability of sexual abstinence should be evaluated in relation to the&#xD;
        duration of the clinical trial and the preferred and usual lifestyle of the patient.&#xD;
        Periodic abstinence (e.g., calendar, ovulation, symptothermal, or postovulation methods)&#xD;
        and withdrawal are not acceptable methods of contraception. If required per local&#xD;
        guidelines or regulations, locally recognized acceptable methods of contraception and&#xD;
        information about the reliability of abstinence will be described in the local Informed&#xD;
        Consent Form.&#xD;
&#xD;
          -  Adults subject to a legal protection order or unable to give their consent&#xD;
&#xD;
          -  Persons deprived of their freedom by judicial or administrative decision, persons&#xD;
             hospitalized without their consent by virtue of articles L. 3212-1 and L. 3213-1 and&#xD;
             who are not subject to the provisions of article L. 1121-8.&#xD;
      </textblock>
    </criteria>
    <gender>All</gender>
    <minimum_age>18 Years</minimum_age>
    <maximum_age>N/A</maximum_age>
    <healthy_volunteers>No</healthy_volunteers>
  </eligibility>
  <overall_official>
    <last_name>Lauris GASTAUD, MD-PHD</last_name>
    <role>Principal Investigator</role>
    <affiliation>Centre Antoine Lacassagne</affiliation>
  </overall_official>
  <overall_contact>
    <last_name>Céline CELLIER-COËLLE</last_name>
    <phone>+33 492031778</phone>
    <email>DRCI-Promotion@nice.unicancer.fr</email>
  </overall_contact>
  <location>
    <facility>
      <name>CHU d'Amiens</name>
      <address>
        <city>Amiens</city>
        <country>France</country>
      </address>
    </facility>
    <status>Recruiting</status>
    <contact>
      <last_name>Delphine LEBON</last_name>
    </contact>
  </location>
  <location>
    <facility>
      <name>CHU d'Angers</name>
      <address>
        <city>Angers</city>
        <country>France</country>
      </address>
    </facility>
    <status>Not yet recruiting</status>
    <contact>
      <last_name>Mathilde HUNAULT</last_name>
    </contact>
  </location>
  <location>
    <facility>
      <name>CH Victor Dupouy</name>
      <address>
        <city>Argenteuil</city>
        <country>France</country>
      </address>
    </facility>
    <status>Recruiting</status>
    <contact>
      <last_name>Ahmad AL JIJAKLI</last_name>
    </contact>
  </location>
  <location>
    <facility>
      <name>Hôpital Avicenne</name>
      <address>
        <city>Bobigny</city>
        <country>France</country>
      </address>
    </facility>
    <status>Not yet recruiting</status>
    <contact>
      <last_name>Thorsten BRAUN</last_name>
    </contact>
  </location>
  <location>
    <facility>
      <name>CHU Bordeaux</name>
      <address>
        <city>Bordeaux</city>
        <country>France</country>
      </address>
    </facility>
    <status>Recruiting</status>
    <contact>
      <last_name>Pierre-Yves DUMAS</last_name>
    </contact>
  </location>
  <location>
    <facility>
      <name>CHU de Caen</name>
      <address>
        <city>Caen</city>
        <country>France</country>
      </address>
    </facility>
    <status>Recruiting</status>
    <contact>
      <last_name>Sylvain CHANTEPIE</last_name>
    </contact>
  </location>
  <location>
    <facility>
      <name>CHMS de Chambery</name>
      <address>
        <city>Chambery</city>
        <country>France</country>
      </address>
    </facility>
    <status>Recruiting</status>
    <contact>
      <last_name>Gian-Matteo PICA</last_name>
    </contact>
  </location>
  <location>
    <facility>
      <name>HIA Percy</name>
      <address>
        <city>Clamart</city>
        <country>France</country>
      </address>
    </facility>
    <status>Recruiting</status>
    <contact>
      <last_name>Pierre ARNAUTOU</last_name>
    </contact>
  </location>
  <location>
    <facility>
      <name>CHU Henri Mondor</name>
      <address>
        <city>Créteil</city>
        <country>France</country>
      </address>
    </facility>
    <status>Recruiting</status>
    <contact>
      <last_name>Cécile PAUTAS</last_name>
    </contact>
  </location>
  <location>
    <facility>
      <name>CHU Dijon</name>
      <address>
        <city>Dijon</city>
        <country>France</country>
      </address>
    </facility>
    <status>Not yet recruiting</status>
    <contact>
      <last_name>Ingrid LAFON</last_name>
    </contact>
  </location>
  <location>
    <facility>
      <name>CHU Limoges</name>
      <address>
        <city>Limoges</city>
        <country>France</country>
      </address>
    </facility>
    <status>Recruiting</status>
    <contact>
      <last_name>Arnaud JACCARD</last_name>
    </contact>
  </location>
  <location>
    <facility>
      <name>Centre Léon Bérard</name>
      <address>
        <city>Lyon</city>
        <country>France</country>
      </address>
    </facility>
    <status>Not yet recruiting</status>
    <contact>
      <last_name>Amine BELHABRI</last_name>
    </contact>
  </location>
  <location>
    <facility>
      <name>Hôpital Lyon sud</name>
      <address>
        <city>Lyon</city>
        <country>France</country>
      </address>
    </facility>
    <status>Recruiting</status>
    <contact>
      <last_name>Maël HEIBLIG</last_name>
    </contact>
  </location>
  <location>
    <facility>
      <name>Hôpital la Timone Conception</name>
      <address>
        <city>Marseille</city>
        <country>France</country>
      </address>
    </facility>
    <status>Not yet recruiting</status>
    <contact>
      <last_name>Régis COSTELLO</last_name>
    </contact>
  </location>
  <location>
    <facility>
      <name>CH de Meaux</name>
      <address>
        <city>Meaux</city>
        <country>France</country>
      </address>
    </facility>
    <status>Recruiting</status>
    <contact>
      <last_name>Jamilé FRAYFER</last_name>
    </contact>
  </location>
  <location>
    <facility>
      <name>CHRU Nancy</name>
      <address>
        <city>Nancy</city>
        <country>France</country>
      </address>
    </facility>
    <status>Recruiting</status>
    <contact>
      <last_name>Caroline BONMATI</last_name>
    </contact>
  </location>
  <location>
    <facility>
      <name>CHU Nantes</name>
      <address>
        <city>Nantes</city>
        <country>France</country>
      </address>
    </facility>
    <status>Recruiting</status>
    <contact>
      <last_name>Pierre PETERLIN</last_name>
    </contact>
  </location>
  <location>
    <facility>
      <name>CHR Orléans</name>
      <address>
        <city>Orléans</city>
        <country>France</country>
      </address>
    </facility>
    <status>Recruiting</status>
    <contact>
      <last_name>Magda ALEXIS</last_name>
    </contact>
  </location>
  <location>
    <facility>
      <name>Hôpital de la Pitié Salpétrière</name>
      <address>
        <city>Paris</city>
        <country>France</country>
      </address>
    </facility>
    <status>Not yet recruiting</status>
    <contact>
      <last_name>Madalina UZUNOV</last_name>
    </contact>
  </location>
  <location>
    <facility>
      <name>Hôpital Necker</name>
      <address>
        <city>Paris</city>
        <country>France</country>
      </address>
    </facility>
    <status>Not yet recruiting</status>
    <contact>
      <last_name>Ambroise MARCAIS</last_name>
    </contact>
  </location>
  <location>
    <facility>
      <name>Hôpital Saint Louis</name>
      <address>
        <city>Paris</city>
        <country>France</country>
      </address>
    </facility>
    <status>Not yet recruiting</status>
    <contact>
      <last_name>Emmanuel RAFFOUX</last_name>
    </contact>
  </location>
  <location>
    <facility>
      <name>CHU Poitiers</name>
      <address>
        <city>Poitiers</city>
        <country>France</country>
      </address>
    </facility>
    <status>Recruiting</status>
    <contact>
      <last_name>Maria GALLEGO</last_name>
    </contact>
  </location>
  <location>
    <facility>
      <name>CH René Dubos</name>
      <address>
        <city>Pontoise</city>
        <country>France</country>
      </address>
    </facility>
    <status>Recruiting</status>
    <contact>
      <last_name>Ioana VAIDA</last_name>
    </contact>
  </location>
  <location>
    <facility>
      <name>CHU Robert Debré</name>
      <address>
        <city>Reims</city>
        <country>France</country>
      </address>
    </facility>
    <status>Not yet recruiting</status>
    <contact>
      <last_name>Chantal HIMBERLIN</last_name>
    </contact>
  </location>
  <location>
    <facility>
      <name>CHU Pontchaillou</name>
      <address>
        <city>Rennes</city>
        <country>France</country>
      </address>
    </facility>
    <status>Recruiting</status>
    <contact>
      <last_name>Marc BERNARD</last_name>
    </contact>
  </location>
  <location>
    <facility>
      <name>Centre Henri Becquerel</name>
      <address>
        <city>Rouen</city>
        <country>France</country>
      </address>
    </facility>
    <status>Recruiting</status>
    <contact>
      <last_name>Emilie LEMASLE</last_name>
    </contact>
  </location>
  <location>
    <facility>
      <name>CHRU Bretonneau</name>
      <address>
        <city>Tours</city>
        <country>France</country>
      </address>
    </facility>
    <status>Recruiting</status>
    <contact>
      <last_name>Alban VILLATE</last_name>
    </contact>
  </location>
  <location>
    <facility>
      <name>Centre Hospitalier de Versailles</name>
      <address>
        <city>Versailles</city>
        <country>France</country>
      </address>
    </facility>
    <status>Recruiting</status>
    <contact>
      <last_name>Juliette LAMBERT</last_name>
    </contact>
  </location>
  <location>
    <facility>
      <name>IGR</name>
      <address>
        <city>Villejuif</city>
        <country>France</country>
      </address>
    </facility>
    <status>Not yet recruiting</status>
    <contact>
      <last_name>Jean-Baptiste MICOL</last_name>
    </contact>
  </location>
  <location_countries>
    <country>France</country>
  </location_countries>
  <verification_date>November 2023</verification_date>
  <study_first_submitted>November 12, 2021</study_first_submitted>
  <study_first_submitted_qc>January 5, 2022</study_first_submitted_qc>
  <study_first_posted type="Actual">January 20, 2022</study_first_posted>
  <last_update_submitted>November 9, 2023</last_update_submitted>
  <last_update_submitted_qc>November 9, 2023</last_update_submitted_qc>
  <last_update_posted type="Actual">November 13, 2023</last_update_posted>
  <responsible_party>
    <responsible_party_type>Sponsor</responsible_party_type>
  </responsible_party>
  <keyword>AML</keyword>
  <keyword>Gemtuzumab Ozogamicin Gilteritinib Combination</keyword>
  <keyword>relapse</keyword>
  <keyword>refractory</keyword>
  <condition_browse>
    <!-- CAUTION:  The following MeSH terms are assigned with an imperfect algorithm            -->
    <mesh_term>Recurrence</mesh_term>
  </condition_browse>
  <intervention_browse>
    <!-- CAUTION:  The following MeSH terms are assigned with an imperfect algorithm            -->
    <mesh_term>Cytarabine</mesh_term>
    <mesh_term>Gemtuzumab</mesh_term>
  </intervention_browse>
  <!-- Results have not yet been posted for this study                                          -->
</clinical_study>

