<?xml version="1.0" encoding="UTF-8"?>
<clinical_study rank="71">
  <!-- This xml conforms to an XML Schema at:
    https://clinicaltrials.gov/ct2/html/images/info/public.xsd -->
  <required_header>
    <download_date>ClinicalTrials.gov processed this data on February 06, 2024</download_date>
    <link_text>Link to the current ClinicalTrials.gov record.</link_text>
    <url>https://clinicaltrials.gov/ct2/show/NCT05726110</url>
  </required_header>
  <id_info>
    <org_study_id>ShanxiBethuneH</org_study_id>
    <nct_id>NCT05726110</nct_id>
  </id_info>
  <brief_title>Selinexor in Combination With HAD or CAG Rregimens in Relapsed or Refractory Acute Myeloid Leukemia</brief_title>
  <official_title>A Single-arm Open-label Multicenter Clinical Study of Selinexor in Combination With HAD or CAG Rregimens in Relapsed or Refractory Acute Myeloid Leukemia</official_title>
  <sponsors>
    <lead_sponsor>
      <agency>Shanxi Bethune Hospital</agency>
      <agency_class>Other</agency_class>
    </lead_sponsor>
    <collaborator>
      <agency>Antengene Corporation</agency>
      <agency_class>Industry</agency_class>
    </collaborator>
  </sponsors>
  <source>Shanxi Bethune Hospital</source>
  <oversight_info>
    <is_fda_regulated_drug>No</is_fda_regulated_drug>
    <is_fda_regulated_device>No</is_fda_regulated_device>
  </oversight_info>
  <brief_summary>
    <textblock>
      This clinical trial studies the efficacy and safety of selinexor combined with HAD or CAG&#xD;
      regimen in the treatment of relapsed or refractory acute myeloid leukemia&#xD;
    </textblock>
  </brief_summary>
  <detailed_description>
    <textblock>
      Main Purpose：&#xD;
&#xD;
      To observe the efficacy of selinexor in combination with HAD or CAG regimen for relapsed and&#xD;
      refractory acute myeloid leukemia :complete remission rate (CR rate), partial remission rate&#xD;
      (PR rate), no remission rate (NR rate), complete remission with incomplete hematologic&#xD;
      recovery(CRi rate)&#xD;
&#xD;
      Secondary Purposes：&#xD;
&#xD;
        1. To observe the recurrence rate of selinexor combined with HAD or CAG regimen for&#xD;
           relapsed and refractory acute myeloid leukemia, treatment-related mortality(TRM),&#xD;
           Overall Survival (OS), Event-Free Survival (EFS);&#xD;
&#xD;
        2. Safety indicators: to observe adverse events and deaths during treatment with selinexor&#xD;
           in combination with HAD or CAG regimen.&#xD;
    </textblock>
  </detailed_description>
  <overall_status>Recruiting</overall_status>
  <start_date type="Actual">January 29, 2023</start_date>
  <completion_date type="Anticipated">December 31, 2024</completion_date>
  <primary_completion_date type="Anticipated">December 10, 2024</primary_completion_date>
  <phase>Phase 3</phase>
  <study_type>Interventional</study_type>
  <has_expanded_access>No</has_expanded_access>
  <study_design_info>
    <allocation>N/A</allocation>
    <intervention_model>Single Group Assignment</intervention_model>
    <primary_purpose>Treatment</primary_purpose>
    <masking>None (Open Label)</masking>
  </study_design_info>
  <primary_outcome>
    <measure>Remission Rate</measure>
    <time_frame>max 2 years</time_frame>
    <description>complete remission rate(CR rate), partial remission rate (PR rate) , no remission rate (NR rate)</description>
  </primary_outcome>
  <secondary_outcome>
    <measure>Recurrence Rate</measure>
    <time_frame>max 2 years</time_frame>
    <description>After complete remission, (1) naive cells appear in peripheral blood; (2) &gt;5% of bone marrow naive cells; (3) Extramedullary recurrence(refer to the 2014 NCCN guidelines).</description>
  </secondary_outcome>
  <secondary_outcome>
    <measure>Treatment-Related Mortality (TRM)</measure>
    <time_frame>max 2 years</time_frame>
    <description>A death that is considered to be causally linked to a treatment</description>
  </secondary_outcome>
  <secondary_outcome>
    <measure>Overall Survival (OS)</measure>
    <time_frame>max 2 years</time_frame>
    <description>Overall survival is a secondary endpoint that will be measured as time from the start of treatment until death from any cause, or the last date the patient was known to be alive</description>
  </secondary_outcome>
  <secondary_outcome>
    <measure>Event-Free Survival (EFS)</measure>
    <time_frame>max 2 years</time_frame>
    <description>Event-free survival (EFS) was calculated from the time of informed consent until death, not achieving CR/CRi or relapse after CR/CRi.</description>
  </secondary_outcome>
  <secondary_outcome>
    <measure>Safety:Incidence and severity of adverse events</measure>
    <time_frame>max 2 years</time_frame>
    <description>To evaluate the possible adverse events and deaths during treatment with selinexor in combination with HAD or CAG，mainly including liver toxicity, cardiotoxicity, bacterial infection, viral infection, fungal infection.</description>
  </secondary_outcome>
  <number_of_arms>1</number_of_arms>
  <enrollment type="Anticipated">50</enrollment>
  <condition>Relapsed or Refractory Acute Myeloid Leukemia</condition>
  <arm_group>
    <arm_group_label>Selinexor、HAD or CAG regimens</arm_group_label>
    <arm_group_type>Experimental</arm_group_type>
    <description>Selinexor (60 mg) is used twice weekly for two weeks (four times, 240 mg total of selinexor) in combination with HAD or CAG regimens for reinduction therapy in patients with relapsed and refractory AML.&#xD;
(Bone marrow image indicates active hyperplasia) HAD regimen: homoharringtonine (HHT) (2mg/ m^2/d)×7days, daunorubicin (DNR, 40mg/ m^2/d)×3 days, cytarabine (Ara-C,100-200mg/ m^2/d)×7 days (no leukocyte drugs should be used throughout the treatment process)；&#xD;
(Bone marrow image indicates hypoproliferation)CAG regimen: Granulocyte Colony-Stimulating Factor (G-CSF, 5ug/kg/d, started 12 hours before chemotherapy×14 days (d1-d14), aclacinomycin (20mg/d)×4 days (d1-4), cytarabine (10 mg/ m^2, subcutaneous injection, 1 time in 12 hours)×14 days (d1-d14).&#xD;
G-CSF was discontinued in the CAG regimen when WBC &gt; 20×10^9/L, but chemotherapy was not stopped.</description>
  </arm_group>
  <intervention>
    <intervention_type>Drug</intervention_type>
    <intervention_name>Selinexor</intervention_name>
    <description>Given PO</description>
    <arm_group_label>Selinexor、HAD or CAG regimens</arm_group_label>
    <other_name>KPT-330</other_name>
  </intervention>
  <intervention>
    <intervention_type>Drug</intervention_type>
    <intervention_name>Homoharringtonine</intervention_name>
    <description>Given per standard of care</description>
    <arm_group_label>Selinexor、HAD or CAG regimens</arm_group_label>
    <other_name>HHT</other_name>
  </intervention>
  <intervention>
    <intervention_type>Drug</intervention_type>
    <intervention_name>Daunorubicin</intervention_name>
    <description>Given per standard of care</description>
    <arm_group_label>Selinexor、HAD or CAG regimens</arm_group_label>
    <other_name>DNR</other_name>
  </intervention>
  <intervention>
    <intervention_type>Drug</intervention_type>
    <intervention_name>Cytarabine</intervention_name>
    <description>Given per standard of care</description>
    <arm_group_label>Selinexor、HAD or CAG regimens</arm_group_label>
    <other_name>Ara-C</other_name>
  </intervention>
  <intervention>
    <intervention_type>Drug</intervention_type>
    <intervention_name>Granulocyte Colony-Stimulating Factor</intervention_name>
    <description>Given per standard of care</description>
    <arm_group_label>Selinexor、HAD or CAG regimens</arm_group_label>
    <other_name>G-CSF</other_name>
  </intervention>
  <intervention>
    <intervention_type>Drug</intervention_type>
    <intervention_name>Aclacinomycin</intervention_name>
    <description>Given per standard of care</description>
    <arm_group_label>Selinexor、HAD or CAG regimens</arm_group_label>
    <other_name>ACM</other_name>
  </intervention>
  <eligibility>
    <criteria>
      <textblock>
        Inclusion Criteria:&#xD;
&#xD;
          1. Age:18-60 years old;&#xD;
&#xD;
          2. Except for patients with AML-M3 with acute myeloid leukemia；&#xD;
&#xD;
          3. Meet the diagnostic criteria for refractory AML (2011 Chinese guidelines for the&#xD;
             diagnosis and treatment of acute myeloid leukemia (relapsed or refractory)):(1) The&#xD;
             standard regimen did not achieve complete remission after 2 courses of induction&#xD;
             chemotherapy;(2) Relapse within 6 months after the first complete remission; (3)&#xD;
             Patients who relapse after 6 months after the first complete remission, and those who&#xD;
             fail to induce chemotherapy after the original program; (4) 2 or more recurrences; (5)&#xD;
             Extramedullary leukemia persists；&#xD;
&#xD;
          4. Meet the diagnostic criteria for recurrent AML (refer to the 2014 NCCN guidelines):&#xD;
             after complete remission, (1) naive cells appear in peripheral blood; (2) &gt;5% of bone&#xD;
             marrow naive cells; (3) Extramedullary recurrence；&#xD;
&#xD;
          5. The bone marrow image indicates active hyperplasia or hypoproliferation；&#xD;
&#xD;
          6. Eastern Oncology Collaborative Group Physical Status Assessment (ECOG-PS) with a score&#xD;
             of 0-2.&#xD;
&#xD;
        Exclusion Criteria:&#xD;
&#xD;
          1. Accompanied by cerebral hemorrhage；&#xD;
&#xD;
          2. Pregnancy；&#xD;
&#xD;
          3. Have a mental illness or other condition that cannot proceed as planned；&#xD;
&#xD;
          4. Severe arrhythmia, abnormal ECG (QT&gt;500ms).&#xD;
&#xD;
        Early withdrawal from test criteria：&#xD;
&#xD;
        Participants have the right to withdraw from the study at any time from the trial. Exit&#xD;
        Criteria:&#xD;
&#xD;
          1. The subject or the subject's legally authorized representative requests to withdraw&#xD;
             from the study;&#xD;
&#xD;
          2. Participant loss to follow-up.&#xD;
&#xD;
        Doctor/Investigator required subjects to terminate the trial early:&#xD;
&#xD;
          1. Subjects who are unable to carry out follow-up treatment due to adverse events&#xD;
             (serious irreversible organ function damage during treatment) who are judged by the&#xD;
             investigator to be unsuitable for continuing the research;&#xD;
&#xD;
          2. The subject does not adhere to the protocol, such as the use of chemotherapy drugs,&#xD;
             etc., which affects the effectiveness and safety judgment.&#xD;
&#xD;
        For participants who withdrew early from the study (except subjects who were lost to&#xD;
        follow-up), the reason for their early withdrawal should be recorded, and the time of the&#xD;
        last study's medication/treatment should be recorded, and the examination items at the time&#xD;
        of early withdrawal from the study should be completed at the last visit, if possible.&#xD;
      </textblock>
    </criteria>
    <gender>All</gender>
    <minimum_age>18 Years</minimum_age>
    <maximum_age>60 Years</maximum_age>
    <healthy_volunteers>No</healthy_volunteers>
  </eligibility>
  <overall_official>
    <last_name>Tao Wang</last_name>
    <role>Study Director</role>
    <affiliation>Shanxi Bethune Hospital Regulatory Authority</affiliation>
  </overall_official>
  <overall_contact>
    <last_name>Tao Wang</last_name>
    <phone>13835175119</phone>
    <email>wangtao99699@163.com</email>
  </overall_contact>
  <location>
    <facility>
      <name>Tao Wang</name>
      <address>
        <city>Taiyuan</city>
        <state>Shanxi</state>
        <zip>030000</zip>
        <country>China</country>
      </address>
    </facility>
    <status>Recruiting</status>
    <contact>
      <last_name>Tao Wang, doctorial</last_name>
      <phone>13835175119</phone>
      <email>wangtao99699@163.com</email>
    </contact>
  </location>
  <location_countries>
    <country>China</country>
  </location_countries>
  <verification_date>July 2023</verification_date>
  <study_first_submitted>January 29, 2023</study_first_submitted>
  <study_first_submitted_qc>February 9, 2023</study_first_submitted_qc>
  <study_first_posted type="Actual">February 13, 2023</study_first_posted>
  <last_update_submitted>July 16, 2023</last_update_submitted>
  <last_update_submitted_qc>July 16, 2023</last_update_submitted_qc>
  <last_update_posted type="Actual">July 19, 2023</last_update_posted>
  <responsible_party>
    <responsible_party_type>Sponsor</responsible_party_type>
  </responsible_party>
  <condition_browse>
    <!-- CAUTION:  The following MeSH terms are assigned with an imperfect algorithm            -->
    <mesh_term>Leukemia</mesh_term>
    <mesh_term>Leukemia, Myeloid</mesh_term>
    <mesh_term>Leukemia, Myeloid, Acute</mesh_term>
  </condition_browse>
  <intervention_browse>
    <!-- CAUTION:  The following MeSH terms are assigned with an imperfect algorithm            -->
    <mesh_term>Cytarabine</mesh_term>
    <mesh_term>Daunorubicin</mesh_term>
    <mesh_term>Homoharringtonine</mesh_term>
    <mesh_term>Aclacinomycins</mesh_term>
    <mesh_term>Lenograstim</mesh_term>
  </intervention_browse>
  <provided_document_section>
    <provided_document>
      <document_type>Study Protocol</document_type>
      <document_has_protocol>Yes</document_has_protocol>
      <document_has_icf>No</document_has_icf>
      <document_has_sap>No</document_has_sap>
      <document_date>November 3, 2022</document_date>
      <document_url>https://ClinicalTrials.gov/ProvidedDocs/10/NCT05726110/Prot_000.pdf</document_url>
    </provided_document>
  </provided_document_section>
  <!-- Results have not yet been posted for this study                                          -->
</clinical_study>

