<?xml version="1.0" encoding="UTF-8"?>
<clinical_study rank="201">
  <!-- This xml conforms to an XML Schema at:
    https://clinicaltrials.gov/ct2/html/images/info/public.xsd -->
  <required_header>
    <download_date>ClinicalTrials.gov processed this data on February 06, 2024</download_date>
    <link_text>Link to the current ClinicalTrials.gov record.</link_text>
    <url>https://clinicaltrials.gov/ct2/show/NCT05388305</url>
  </required_header>
  <id_info>
    <org_study_id>CAR-γδT for AML</org_study_id>
    <nct_id>NCT05388305</nct_id>
  </id_info>
  <brief_title>Universal CAR-γδT Cell Injection in the AML Patients</brief_title>
  <official_title>Clinical Study of Universal CAR-γδT Cell Injection in the Treatment of Refractory and Relapsed AML Patients</official_title>
  <sponsors>
    <lead_sponsor>
      <agency>Hebei Senlang Biotechnology Inc., Ltd.</agency>
      <agency_class>Industry</agency_class>
    </lead_sponsor>
  </sponsors>
  <source>Hebei Senlang Biotechnology Inc., Ltd.</source>
  <oversight_info>
    <is_fda_regulated_drug>No</is_fda_regulated_drug>
    <is_fda_regulated_device>No</is_fda_regulated_device>
  </oversight_info>
  <brief_summary>
    <textblock>
      To evaluate the safety of general-purpose CAR-γδT cells in patients with refractory&#xD;
      post-transplant relapsed AML.&#xD;
    </textblock>
  </brief_summary>
  <detailed_description>
    <textblock>
      To evaluate the efficacy and in vivo dynamics of general-purpose CAR-γδT cells in the&#xD;
      treatment of refractory relapsed AML patients, and to explore the appropriate therapeutic&#xD;
      dose and delivery mode.&#xD;
    </textblock>
  </detailed_description>
  <overall_status>Recruiting</overall_status>
  <start_date type="Actual">April 20, 2022</start_date>
  <completion_date type="Anticipated">May 30, 2023</completion_date>
  <primary_completion_date type="Anticipated">April 30, 2023</primary_completion_date>
  <phase>N/A</phase>
  <study_type>Interventional</study_type>
  <has_expanded_access>No</has_expanded_access>
  <study_design_info>
    <allocation>N/A</allocation>
    <intervention_model>Single Group Assignment</intervention_model>
    <primary_purpose>Treatment</primary_purpose>
    <masking>None (Open Label)</masking>
  </study_design_info>
  <primary_outcome>
    <measure>Safety: Incidence and severity of adverse events</measure>
    <time_frame>First 1 month post CAR-T cells infusion</time_frame>
    <description>To evaluate the possible adverse events occurred within first one month after CAR-γδT infusion, including the incidence and severity of symptoms such as cytokine release syndrome and neurotoxicity</description>
  </primary_outcome>
  <number_of_arms>1</number_of_arms>
  <enrollment type="Anticipated">30</enrollment>
  <condition>AML</condition>
  <arm_group>
    <arm_group_label>CAR--γδT</arm_group_label>
    <arm_group_type>Experimental</arm_group_type>
  </arm_group>
  <intervention>
    <intervention_type>Biological</intervention_type>
    <intervention_name>CAR--γδT cells</intervention_name>
    <description>Biological: CAR-γδT; Drug:</description>
    <arm_group_label>CAR--γδT</arm_group_label>
  </intervention>
  <eligibility>
    <criteria>
      <textblock>
        Inclusion Criteria:&#xD;
&#xD;
          -  The clinical diagnosis was difficult to treat recurrent acute myeloid leukemia；&#xD;
&#xD;
          -  Flow cytometry (FCM) or immunohistochemistry of tumor~ cells confirmed positive&#xD;
             expression of CD123；&#xD;
&#xD;
          -  18 years old ≤ age ≤70 years old;&#xD;
&#xD;
          -  The expected survival from the date of informed consent is more than 3 months;&#xD;
&#xD;
          -  ECOG≤2;&#xD;
&#xD;
          -  The functions of vital organs shall meet the following conditions:&#xD;
&#xD;
             1) EF&gt;50%, and no obvious ECG abnormality; 2) SpO2 90% or more; 3) Cr 2.5 ULN or less;&#xD;
             4) ALT And AST≤5ULN, TBil≤3ULN;&#xD;
&#xD;
          -  Subjects who plan to become pregnant must agree before study enrollment and after&#xD;
             study duration of 6 months Use contraception; Inform the investigator immediately if&#xD;
             the subject is pregnant or suspected to be pregnant;&#xD;
&#xD;
          -  Subject or guardian understands and signs the informed consent.&#xD;
&#xD;
        Exclusion Criteria:&#xD;
&#xD;
          -  Other diseases that have not been effectively controlled, including but not limited to&#xD;
             persistent or poorly controlled infections and diseases Congestive heart failure,&#xD;
             unstable angina pectoris, arrhythmias, poorly controlled lung disease Or mental&#xD;
             illness;&#xD;
&#xD;
          -  Other active malignant tumors;&#xD;
&#xD;
          -  Complicated with severe infection that cannot be effectively controlled;&#xD;
&#xD;
          -  Hepatitis B surface antigen (HBsAg) or hepatitis B core antibody (HBcAb) positive,&#xD;
             peripheral blood hepatitis B virus (HBV)DNA higher than the detection limit should be&#xD;
             excluded; If hepatitis C virus (HCV) antibody positive, peripheral blood HCV RNA&#xD;
             positive need to be eliminated; Cytomegalovirus (CMV)DNA positive; Epstein-barr virus&#xD;
             DNA in peripheral blood was positive;&#xD;
&#xD;
          -  Human immunodeficiency virus (HIV) infection or syphilis infection;&#xD;
&#xD;
          -  Have a history of severe allergy to biological products (including antibiotics);&#xD;
&#xD;
          -  Acute graft-versus-host reaction (GVHD) was still present one month after&#xD;
             discontinuation of immunosuppressant therapy Allogeneic hematopoietic stem cell&#xD;
             transplantation patients;&#xD;
&#xD;
          -  Female subjects are in pregnancy and lactation;&#xD;
&#xD;
          -  Active autoimmune diseases requiring systemic immunosuppression;&#xD;
&#xD;
          -  Conditions that the investigator believes may increase the risk of the subject or&#xD;
             interfere with the results of the test;&#xD;
      </textblock>
    </criteria>
    <gender>All</gender>
    <minimum_age>18 Years</minimum_age>
    <maximum_age>70 Years</maximum_age>
    <healthy_volunteers>No</healthy_volunteers>
  </eligibility>
  <overall_official>
    <last_name>Liang Huang, PhD</last_name>
    <role>Principal Investigator</role>
    <affiliation>Tongji Hospital</affiliation>
  </overall_official>
  <overall_contact>
    <last_name>Liang Huang, PhD</last_name>
    <phone>027-83665555</phone>
  </overall_contact>
  <overall_contact_backup>
    <last_name>Jianqiang Li, PhD</last_name>
    <phone>008615511369555</phone>
    <email>limmune@gmail.com</email>
  </overall_contact_backup>
  <location>
    <facility>
      <name>Tongji Hospital</name>
      <address>
        <city>Wuhan</city>
        <state>Hubei</state>
        <country>China</country>
      </address>
    </facility>
    <status>Recruiting</status>
    <contact>
      <last_name>Liang Huang, PhD&amp;MD</last_name>
    </contact>
  </location>
  <location_countries>
    <country>China</country>
  </location_countries>
  <verification_date>May 2022</verification_date>
  <study_first_submitted>May 19, 2022</study_first_submitted>
  <study_first_submitted_qc>May 19, 2022</study_first_submitted_qc>
  <study_first_posted type="Actual">May 24, 2022</study_first_posted>
  <last_update_submitted>May 24, 2022</last_update_submitted>
  <last_update_submitted_qc>May 24, 2022</last_update_submitted_qc>
  <last_update_posted type="Actual">May 26, 2022</last_update_posted>
  <responsible_party>
    <responsible_party_type>Sponsor</responsible_party_type>
  </responsible_party>
  <patient_data>
    <sharing_ipd>No</sharing_ipd>
  </patient_data>
  <!-- Results have not yet been posted for this study                                          -->
</clinical_study>

