<?xml version="1.0" encoding="UTF-8"?>
<clinical_study rank="283">
  <!-- This xml conforms to an XML Schema at:
    https://clinicaltrials.gov/ct2/html/images/info/public.xsd -->
  <required_header>
    <download_date>ClinicalTrials.gov processed this data on February 06, 2024</download_date>
    <link_text>Link to the current ClinicalTrials.gov record.</link_text>
    <url>https://clinicaltrials.gov/ct2/show/NCT02807558</url>
  </required_header>
  <id_info>
    <org_study_id>SY-1425-201</org_study_id>
    <secondary_id>2017-000783-14</secondary_id>
    <nct_id>NCT02807558</nct_id>
  </id_info>
  <brief_title>A Biomarker-Directed Phase 2 Trial of Tamibarotene (SY-1425) in Participants With Acute Myeloid Leukemia or Myelodysplastic Syndrome</brief_title>
  <official_title>A Biomarker-Directed Phase 2 Trial of SY-1425, a Selective Retinoic Acid Receptor Alpha Agonist, in Adult Patients With Acute Myeloid Leukemia (AML) or Myelodysplastic Syndrome (MDS)</official_title>
  <sponsors>
    <lead_sponsor>
      <agency>Syros Pharmaceuticals</agency>
      <agency_class>Industry</agency_class>
    </lead_sponsor>
  </sponsors>
  <source>Syros Pharmaceuticals</source>
  <oversight_info>
    <has_dmc>No</has_dmc>
    <is_fda_regulated_drug>Yes</is_fda_regulated_drug>
  </oversight_info>
  <brief_summary>
    <textblock>
      The purpose of this study is to determine the activity of tamibarotene in participants with&#xD;
      relapsed/refractory (R/R) AML (administered as a monotherapy or in combination with&#xD;
      azacitidine), R/R higher-risk MDS (HR-MDS) (administered as a monotherapy or in combination&#xD;
      with daratumumab), newly diagnosed treatment naïve AML participants who are unlikely to&#xD;
      tolerate standard intensive chemotherapy (administered as a monotherapy or in combination&#xD;
      with azacitidine), or lower-risk MDS (LR-MDS) (administered as a monotherapy).&#xD;
    </textblock>
  </brief_summary>
  <overall_status>Completed</overall_status>
  <start_date type="Actual">September 20, 2016</start_date>
  <completion_date type="Actual">January 25, 2023</completion_date>
  <primary_completion_date type="Actual">January 25, 2023</primary_completion_date>
  <phase>Phase 2</phase>
  <study_type>Interventional</study_type>
  <has_expanded_access>No</has_expanded_access>
  <study_design_info>
    <allocation>Non-Randomized</allocation>
    <intervention_model>Parallel Assignment</intervention_model>
    <primary_purpose>Treatment</primary_purpose>
    <masking>None (Open Label)</masking>
  </study_design_info>
  <primary_outcome>
    <measure>Overall response rate (ORR) in AML or HR-MDS participants treated with tamibarotene monotherapy or in combination with azacitidine</measure>
    <time_frame>Up to 48 months</time_frame>
    <description>Response to treatment assessed by the site investigators using International Working Group (IWG) response criteria</description>
  </primary_outcome>
  <primary_outcome>
    <measure>Transfusion independence rate (TIR) for LR-MDS participants treated with tamibarotene monotherapy</measure>
    <time_frame>Up to 48 months</time_frame>
    <description>Number of participants who achieve transfusion independence defined as 8 consecutive weeks of red blood cell (RBC) transfusion independence</description>
  </primary_outcome>
  <primary_outcome>
    <measure>Safety and tolerability in AML and MDS participants treated with tamibarotene in combination with daratumumab: Number of Participants with Adverse Events</measure>
    <time_frame>Up to 48 months</time_frame>
  </primary_outcome>
  <secondary_outcome>
    <measure>ORR in AML or HR-MDS participants positive for the RARA super-enhancer associated biomarker treated with tamibarotene monotherapy or in combination with azacitidine</measure>
    <time_frame>Up to 48 months</time_frame>
    <description>Response to treatment assessed by the site investigators using IWG response criteria</description>
  </secondary_outcome>
  <secondary_outcome>
    <measure>TIR for LR-MDS participants positive for the RARA super-enhancer associated biomarker treated with tamibarotene monotherapy</measure>
    <time_frame>Up to 48 months</time_frame>
    <description>Number of participants who achieve transfusion independence defined as 8 consecutive weeks of RBC transfusion independence</description>
  </secondary_outcome>
  <secondary_outcome>
    <measure>Response rate (ORR +TIR) in participants positive for the Interferon Regulatory Factor 8 (IRF8) biomarker and negative for the RARA super-enhancer associated biomarker treated with tamibarotene monotherapy</measure>
    <time_frame>Up to 48 months</time_frame>
    <description>Response to treatment assessed by the site investigators using IWG response criteria</description>
  </secondary_outcome>
  <secondary_outcome>
    <measure>ORR in AML or HR-MDS participants positive for the IRF8 biomarker and negative for the RARA super-enhancer associated biomarker treated with tamibarotene monotherapy or in combination with azacitidine</measure>
    <time_frame>Up to 48 months</time_frame>
    <description>Response to treatment assessed by the site investigators using IWG response criteria</description>
  </secondary_outcome>
  <secondary_outcome>
    <measure>TIR in LR-MDS participants positive for the IRF8 biomarker and negative for the RARA super-enhancer associated biomarker treated with tamibarotene monotherapy</measure>
    <time_frame>Up to 48 months</time_frame>
    <description>Number of participants who achieve transfusion independence defined as 8 consecutive weeks of RBC transfusion independence</description>
  </secondary_outcome>
  <secondary_outcome>
    <measure>ORR in AML participants treated with tamibarotene in combination with azacitidine</measure>
    <time_frame>Up to 48 months</time_frame>
    <description>Response to treatment assessed by the site investigators using IWG response criteria</description>
  </secondary_outcome>
  <secondary_outcome>
    <measure>ORR in AML or HR-MDS participants treated with tamibarotene in combination with daratumumab</measure>
    <time_frame>Up to 48 months</time_frame>
    <description>Response to treatment assessed by the site investigators using IWG response criteria</description>
  </secondary_outcome>
  <secondary_outcome>
    <measure>Event-free survival in AML and HR-MDS participants treated with tamibarotene monotherapy, or in combination with azacitidine or daratumumab</measure>
    <time_frame>Up to 48 months</time_frame>
    <description>Time from first treatment until date of documentation of disease relapse following complete response/complete remission, or death, whichever comes first</description>
  </secondary_outcome>
  <secondary_outcome>
    <measure>Relapse-free survival in AML and HR-MDS participants treated with tamibarotene monotherapy, or in combination with azacitidine or daratumumab</measure>
    <time_frame>Up to 48 months</time_frame>
    <description>Time from first objective documentation of complete response/complete remission until the date of first objective documentation of disease relapse or death due to any cause, whichever occurs first</description>
  </secondary_outcome>
  <secondary_outcome>
    <measure>Duration of response in AML, HR-MDS and LR-MDS participants treated with tamibarotene monotherapy, or in combination with azacitidine or daratumumab</measure>
    <time_frame>Up to 48 months</time_frame>
    <description>Time from first date of response (complete response/complete remission, partial response, or hematologic improvement) until date of relapse</description>
  </secondary_outcome>
  <secondary_outcome>
    <measure>Overall survival in AML and HR-MDS participants treated with tamibarotene monotherapy, or in combination with azacitidine or daratumumab</measure>
    <time_frame>Up to 48 months</time_frame>
    <description>Time from first treatment until death from any cause</description>
  </secondary_outcome>
  <secondary_outcome>
    <measure>Hematologic Improvement in AML, HR-MDS and LR-MDS participants treated with tamibarotene monotherapy, or in combination with azacitidine or daratumumab</measure>
    <time_frame>Up to 48 months</time_frame>
    <description>Hematologic response as measured by the site investigators using the modified IWG response criteria</description>
  </secondary_outcome>
  <secondary_outcome>
    <measure>Number of participants requiring supportive measures secondary to cytopenias</measure>
    <time_frame>Up to 48 months</time_frame>
    <description>Supportive measures secondary to cytopenias as measured by changes in transfusion rates, incidence and duration of use for growth factor support and antibiotics, and number of hospitalizations associated with febrile neutropenia and/or thrombocytopenic bleeding</description>
  </secondary_outcome>
  <secondary_outcome>
    <measure>Number of Participants with Adverse Events in AML and MDS participants treated with tamibarotene monotherapy or in combination with azacitidine</measure>
    <time_frame>Up to 48 months</time_frame>
  </secondary_outcome>
  <number_of_arms>6</number_of_arms>
  <enrollment type="Actual">155</enrollment>
  <condition>Acute Myeloid Leukemia</condition>
  <condition>Myelodysplastic Syndrome</condition>
  <arm_group>
    <arm_group_label>R/R Non-APL AML or R/R HR-MDS: Tamibarotene Monotherapy</arm_group_label>
    <arm_group_type>Experimental</arm_group_type>
    <description>Participants with R/R non-APL AML or R/R HR-MDS will receive tamibarotene at 6 mg/m^2/day in 2 divided doses on Days 1-28 of a 28-day cycle.</description>
  </arm_group>
  <arm_group>
    <arm_group_label>Newly Diagnosed Non-APL AML: Tamibarotene Monotherapy</arm_group_label>
    <arm_group_type>Experimental</arm_group_type>
    <description>Newly diagnosed, treatment-naive participants with non-APL AML who were unlikely to tolerate standard intensive chemotherapy will receive tamibarotene at 6 mg/m^2/day in 2 divided doses on Days 1-28 of a 28-day cycle.</description>
  </arm_group>
  <arm_group>
    <arm_group_label>Newly Diagnosed Non-APL AML: Tamibarotene and Azacitidine</arm_group_label>
    <arm_group_type>Experimental</arm_group_type>
    <description>Newly diagnosed, treatment-naive participants with non-APL AML who are unlikely to tolerate standard intensive chemotherapy will receive tamibarotene at 6 mg/m^2/day in 2 divided doses on Days 8-28 of a 28-day cycle, and azacitidine at 75 mg/m^2 once daily on Days 1-7 of a 28-day cycle.</description>
  </arm_group>
  <arm_group>
    <arm_group_label>LR-MDS: Tamibarotene Monotherapy</arm_group_label>
    <arm_group_type>Experimental</arm_group_type>
    <description>Participants with transfusion-dependent LR-MDS without the del 5q abnormality who are refractory to erythropoietin (EPO) treatment or unlikely to respond to EPO treatment will receive tamibarotene at 6 mg/m^2/day in 2 divided doses on Days 1-28 of a 28-day cycle.</description>
  </arm_group>
  <arm_group>
    <arm_group_label>R/R non-APL AML or R/R HR-MDS: Tamibarotene and Daratumumab</arm_group_label>
    <arm_group_type>Experimental</arm_group_type>
    <description>Participants with R/R non-APL AML or R/R HR-MDS will receive tamibarotene at 6 mg/m^2/day in 2 divided doses during a 7-day lead-in and on Days 1-28 of a 28-day cycle. Participants will also receive daratumumab at 16 mg/kg starting on Cycle 1 Day 1 once weekly for 8 weeks, followed by dosing every 2 weeks for 16 weeks, followed by dosing every 4 weeks.</description>
  </arm_group>
  <arm_group>
    <arm_group_label>R/R non-APL AML: Tamibarotene and Azacitidine</arm_group_label>
    <arm_group_type>Experimental</arm_group_type>
    <description>Participants with R/R non-APL AML will receive tamibarotene at 6 mg/m^2/day in 2 divided doses on Days 8-28 of a 28-day cycle, and azacitidine at 75 mg/m^2 once daily on Days 1-7 of a 28-day cycle.</description>
  </arm_group>
  <intervention>
    <intervention_type>Drug</intervention_type>
    <intervention_name>Tamibarotene</intervention_name>
    <description>Administered as oral tablets</description>
    <arm_group_label>LR-MDS: Tamibarotene Monotherapy</arm_group_label>
    <arm_group_label>Newly Diagnosed Non-APL AML: Tamibarotene Monotherapy</arm_group_label>
    <arm_group_label>Newly Diagnosed Non-APL AML: Tamibarotene and Azacitidine</arm_group_label>
    <arm_group_label>R/R Non-APL AML or R/R HR-MDS: Tamibarotene Monotherapy</arm_group_label>
    <arm_group_label>R/R non-APL AML or R/R HR-MDS: Tamibarotene and Daratumumab</arm_group_label>
    <arm_group_label>R/R non-APL AML: Tamibarotene and Azacitidine</arm_group_label>
    <other_name>SY-1425</other_name>
  </intervention>
  <intervention>
    <intervention_type>Drug</intervention_type>
    <intervention_name>Azacitidine</intervention_name>
    <description>Administered via intravenous (IV) or subcutaneous (SC) infusion</description>
    <arm_group_label>Newly Diagnosed Non-APL AML: Tamibarotene and Azacitidine</arm_group_label>
    <arm_group_label>R/R non-APL AML: Tamibarotene and Azacitidine</arm_group_label>
    <other_name>Vidaza</other_name>
  </intervention>
  <intervention>
    <intervention_type>Drug</intervention_type>
    <intervention_name>Daratumumab</intervention_name>
    <description>Administered via IV infusion</description>
    <arm_group_label>R/R non-APL AML or R/R HR-MDS: Tamibarotene and Daratumumab</arm_group_label>
    <other_name>Darzalex</other_name>
  </intervention>
  <eligibility>
    <criteria>
      <textblock>
        Key Inclusion Criteria:&#xD;
&#xD;
          1. Must have:&#xD;
&#xD;
               1. Relapsed and/or refractory non-APL AML that has failed to achieve a complete&#xD;
                  remission (CR) or partial remission (PR) following standard induction therapy, or&#xD;
                  has relapsed after any duration of CR or PR i. Must have measurable disease with&#xD;
                  bone marrow blasts ≥5%at screening&#xD;
&#xD;
               2. Relapsed and/or refractory HR-MDS (High / Very High Risk, as defined by the&#xD;
                  Revised International Prognostic Scoring System (IPSS-R)) that has failed to&#xD;
                  achieve a CR or PR, or any hematologic improvement (HI, per IWG 2006 criteria)&#xD;
                  after standard therapy with hypomethylating agents (e.g., azacitidine,&#xD;
                  decitabine), or has relapsed after any duration of CR or PR or HI i. Must have&#xD;
                  measurable disease with bone marrow blasts &gt;5% at screening&#xD;
&#xD;
               3. Newly diagnosed, treatment-naïve non-APL AML in participants who, at the time of&#xD;
                  study entry are unlikely to tolerate standard intensive chemotherapy due to age,&#xD;
                  performance status, or comorbidities based on at least one of the following&#xD;
                  criteria:&#xD;
&#xD;
                    -  i. Age ≥ 75 years old&#xD;
&#xD;
                    -  ii. Eastern Cooperative Oncology Group (ECOG) Performance Status (PS) of 3&#xD;
&#xD;
                    -  iii. Cardiac history of congestive heart failure (CHF) or documented&#xD;
                       ejection fraction (EF) ≤ 50%&#xD;
&#xD;
                    -  iv. Pulmonary disease with diffusing capacity of lung for carbon monoxide ≤&#xD;
                       65% or Forced Expiratory Volume in 1 Second ≤ 65%&#xD;
&#xD;
                    -  v. Creatinine clearance ≥ 30 milliliter (mL)/minute (min) to &lt; 45 mL/min&#xD;
&#xD;
                    -  vi. Hepatic impairment with total bilirubin &gt; 1.5 to ≤ 3.0 x upper limit of&#xD;
                       normal (ULN)&#xD;
&#xD;
                    -  vii. Any other comorbidity that the Investigator judges to be incompatible&#xD;
                       with intensive chemotherapy, and reviewed and approved by the Sponsor prior&#xD;
                       to enrollment&#xD;
&#xD;
               4. Transfusion dependent LR-MDS without the del 5q abnormality, in participants&#xD;
                  refractory to erythropoietin treatment or unlikely to respond to erythropoietin&#xD;
                  treatment (EPO &gt;500).&#xD;
&#xD;
                    -  i. LR-MDS: Very Low /Low / Intermediate Risk, as defined by IPSS-R.&#xD;
&#xD;
                    -  ii.Red blood cell (RBC) transfusion dependent anemia defined as no eight&#xD;
                       consecutive weeks without RBC transfusions within the 16 weeks prior to&#xD;
                       study entry, or ≥4 RBC transfusions within the 8 weeks prior to study entry.&#xD;
&#xD;
                    -  iii.Refractory to or ineligible for erythropoiesis-stimulating agents (ESAs)&#xD;
                       is defined as RBC-Transfusion Dependence despite ESA treatment of ≥40,000&#xD;
                       units/week recombinant human erythropoietin for 8 weeks or an equivalent&#xD;
                       dose of darbepoetin (150 µg/week) or serum EPO level &gt;500 micrometer (mU)/mL&#xD;
                       in participants not previously treated with ESAs.&#xD;
&#xD;
          2. Participants must be evaluated for the RARA super-enhancer associated biomarker or&#xD;
             RARA pathway associated biomarker at the time of study screening.&#xD;
&#xD;
             a. Participants treated with tamibarotene monotherapy and in combination with&#xD;
             daratumumab, and R/R AML participants treated with tamibarotene in combination with&#xD;
             azacitidine must be positive as defined by a pre-determined cut-off&#xD;
&#xD;
          3. Must be amenable to serial bone marrow aspirates and peripheral blood sampling during&#xD;
             the study.&#xD;
&#xD;
          4. ECOG Performance Status (PS) of 0, 1 or 2. For newly diagnosed AML participants &lt; 75&#xD;
             years of age, ECOG 0-3; for ≥ 75 years of age, ECOG 0-2.&#xD;
&#xD;
          5. Adequate organ function as defined by:&#xD;
&#xD;
               1. Total bilirubin ≤ 1.5 x the upper limit of normal (ULN), unless suspected to have&#xD;
                  Gilbert's disease. For newly diagnosed AML participants &lt; 75 years of age, total&#xD;
                  bilirubin ≤ 3 x ULN; for ≥ 75 years of age, total bilirubin ≤ 1.5 x ULN.&#xD;
&#xD;
               2. Alanine Aminotransferase (ALT) and Aspartate Aminotransferase (AST) ≤ 3 x ULN or&#xD;
                  ≤ 5 x ULN if documented liver infiltration with leukemia cells&#xD;
&#xD;
               3. Serum creatinine ≤ 2.0 x ULN or calculated creatinine clearance ≥ 45 mL/min based&#xD;
                  on the Cockroft-Gault glomerular filtration rate estimation. For newly diagnosed&#xD;
                  AML participants &lt; 75 years of age, creatinine clearance ≥ 30 mL/min; for ≥ 75&#xD;
                  years of age, creatinine clearance ≥ 45 mL/min.&#xD;
&#xD;
          6. Discontinued use of chemotherapy, radiation therapy, or growth factors for at least 2&#xD;
             weeks prior to first study treatment, with the exception of hydroxyurea.&#xD;
&#xD;
          7. No investigational agents within 2 weeks prior to first study treatment.&#xD;
&#xD;
          8. No strong inducers of CYP3A4 within 2 weeks prior to first study treatment.&#xD;
&#xD;
          9. Resolved acute effects of any prior AML/MDS therapy to baseline or ≤ Grade 1 CTCAE&#xD;
             severity.&#xD;
&#xD;
        Key Exclusion Criteria:&#xD;
&#xD;
          1. Acute promyelocytic leukemia (APL, M3 subtype of AML) or participants with a t(9:22)&#xD;
             cytogenetic translocation.&#xD;
&#xD;
          2. Hyperleukocytosis (leukocytes ≥25 x 109/L) at study entry. The participants may be&#xD;
             treated with hydroxyurea according to routine practice, and enroll in the study when&#xD;
             the leukocyte count falls below 25 x 109/L.&#xD;
&#xD;
          3. Participants known to be refractory to platelet or packed red cell transfusions per&#xD;
             Institutional Guidelines, or a participant who refuses blood product support.&#xD;
&#xD;
          4. Prior treatment with all-trans retinoic acid (ATRA) or systemic retinoid for the&#xD;
             treatment of hematologic malignancy.&#xD;
&#xD;
          5. Tamibarotene and daratumumab combination only - Prior or concurrent exposure to&#xD;
             daratumumab or other CD38 therapies.&#xD;
&#xD;
          6. Tamibarotene and daratumumab combination only - Participant has either of the&#xD;
             following:&#xD;
&#xD;
               1. Known chronic obstructive pulmonary disease (COPD) with a forced expiratory&#xD;
                  volume in 1 second (FEV1) &lt;50% of predicted normal. Note that FEV1 testing is&#xD;
                  required for participants suspected of having COPD and participants must be&#xD;
                  excluded if FEV1 is &lt;50% of predicted normal.&#xD;
&#xD;
               2. Known moderate or severe persistent asthma within the past 2 years, or&#xD;
                  uncontrolled asthma of any classification. Note that participants who currently&#xD;
                  have controlled intermittent asthma or controlled mild persistent asthma are&#xD;
                  allowed to participate in the study.&#xD;
&#xD;
          7. Participants with active malignancy (not including basal cell carcinoma, non-melanoma&#xD;
             skin cancer, cervical carcinoma in situ, localized prostate cancer treated with&#xD;
             hormone therapy). Participants with history of other cancers should be free of disease&#xD;
             for at least 2 years.&#xD;
&#xD;
          8. Participants with hypertriglyceridemia defined as &gt;1000 mg/dL (CTCAE Grade 4).&#xD;
&#xD;
          9. Participants with clinically significant cardiac disease including one of the&#xD;
             following currently or in the previous 6 months: myocardial infarction, unstable&#xD;
             cardiac function due to unstable angina or congestive heart failure, congenital long&#xD;
             QT syndrome, torsades de pointes or significant ventricular arrhythmias .&#xD;
&#xD;
         10. Participants with known active uncontrolled central nervous system (CNS) leukemia.&#xD;
&#xD;
         11. Participants taking Vitamin A supplements (&gt;10,000 IU/d) unless discontinued prior to&#xD;
             first dose of study drug, or having hypervitaminosis.&#xD;
&#xD;
        Note: Other protocol defined Inclusion/Exclusion criteria may apply.&#xD;
      </textblock>
    </criteria>
    <gender>All</gender>
    <minimum_age>18 Years</minimum_age>
    <maximum_age>N/A</maximum_age>
    <healthy_volunteers>No</healthy_volunteers>
  </eligibility>
  <overall_official>
    <last_name>Medical Director</last_name>
    <role>Study Director</role>
    <affiliation>Syros Pharmaceuticals</affiliation>
  </overall_official>
  <location>
    <facility>
      <address>
        <city>Hartford</city>
        <state>Connecticut</state>
        <country>United States</country>
      </address>
    </facility>
  </location>
  <location>
    <facility>
      <address>
        <city>Miami</city>
        <state>Florida</state>
        <country>United States</country>
      </address>
    </facility>
  </location>
  <location>
    <facility>
      <address>
        <city>Iowa City</city>
        <state>Iowa</state>
        <country>United States</country>
      </address>
    </facility>
  </location>
  <location>
    <facility>
      <address>
        <city>Boston</city>
        <state>Massachusetts</state>
        <country>United States</country>
      </address>
    </facility>
  </location>
  <location>
    <facility>
      <address>
        <city>Ann Arbor</city>
        <state>Michigan</state>
        <country>United States</country>
      </address>
    </facility>
  </location>
  <location>
    <facility>
      <address>
        <city>New York</city>
        <state>New York</state>
        <country>United States</country>
      </address>
    </facility>
  </location>
  <location>
    <facility>
      <address>
        <city>Rochester</city>
        <state>New York</state>
        <country>United States</country>
      </address>
    </facility>
  </location>
  <location>
    <facility>
      <address>
        <city>Durham</city>
        <state>North Carolina</state>
        <country>United States</country>
      </address>
    </facility>
  </location>
  <location>
    <facility>
      <address>
        <city>Cleveland</city>
        <state>Ohio</state>
        <country>United States</country>
      </address>
    </facility>
  </location>
  <location>
    <facility>
      <address>
        <city>Portland</city>
        <state>Oregon</state>
        <country>United States</country>
      </address>
    </facility>
  </location>
  <location>
    <facility>
      <address>
        <city>Allentown</city>
        <state>Pennsylvania</state>
        <country>United States</country>
      </address>
    </facility>
  </location>
  <location>
    <facility>
      <address>
        <city>Pittsburgh</city>
        <state>Pennsylvania</state>
        <country>United States</country>
      </address>
    </facility>
  </location>
  <location>
    <facility>
      <address>
        <city>Nashville</city>
        <state>Tennessee</state>
        <country>United States</country>
      </address>
    </facility>
  </location>
  <location>
    <facility>
      <address>
        <city>Houston</city>
        <state>Texas</state>
        <country>United States</country>
      </address>
    </facility>
  </location>
  <location>
    <facility>
      <name>CHU Amiens</name>
      <address>
        <city>Amiens</city>
        <country>France</country>
      </address>
    </facility>
  </location>
  <location>
    <facility>
      <name>Centre Hospitalier de la Côte basque</name>
      <address>
        <city>Bayonne</city>
        <country>France</country>
      </address>
    </facility>
  </location>
  <location>
    <facility>
      <name>Centre Hospitalier Universitiaire Hopital Avicenne</name>
      <address>
        <city>Bobigny</city>
        <country>France</country>
      </address>
    </facility>
  </location>
  <location>
    <facility>
      <name>Hospital Morvan</name>
      <address>
        <city>Brest</city>
        <country>France</country>
      </address>
    </facility>
  </location>
  <location>
    <facility>
      <name>Centre Hospitalier de Versailles - Hôpital André Mignot</name>
      <address>
        <city>Le Chesnay</city>
        <country>France</country>
      </address>
    </facility>
  </location>
  <location>
    <facility>
      <name>Centre hospitalier Lyon Sud</name>
      <address>
        <city>Lyon</city>
        <country>France</country>
      </address>
    </facility>
  </location>
  <location>
    <facility>
      <name>Centre Hospitalier Universitaire Nantes</name>
      <address>
        <city>Nantes</city>
        <country>France</country>
      </address>
    </facility>
  </location>
  <location>
    <facility>
      <name>Nice Hospital, Archet Hospital 1 Clinical Hematology Service</name>
      <address>
        <city>Nice</city>
        <country>France</country>
      </address>
    </facility>
  </location>
  <location>
    <facility>
      <name>Hopital Saint Louis</name>
      <address>
        <city>Paris</city>
        <country>France</country>
      </address>
    </facility>
  </location>
  <location>
    <facility>
      <name>Hôpital Haut Leveque, Centre Francois Magendie</name>
      <address>
        <city>Pessac</city>
        <country>France</country>
      </address>
    </facility>
  </location>
  <location>
    <facility>
      <name>Centre Hospitalier Universitaire Nancy</name>
      <address>
        <city>Vandoeuvre les nancy</city>
        <zip>54511</zip>
        <country>France</country>
      </address>
    </facility>
  </location>
  <location>
    <facility>
      <name>Institut Gustave Roussy</name>
      <address>
        <city>Villejuif</city>
        <zip>94805</zip>
        <country>France</country>
      </address>
    </facility>
  </location>
  <location_countries>
    <country>France</country>
    <country>United States</country>
  </location_countries>
  <verification_date>January 2024</verification_date>
  <study_first_submitted>June 13, 2016</study_first_submitted>
  <study_first_submitted_qc>June 16, 2016</study_first_submitted_qc>
  <study_first_posted type="Estimate">June 21, 2016</study_first_posted>
  <disposition_first_submitted>January 17, 2024</disposition_first_submitted>
  <disposition_first_submitted_qc>January 17, 2024</disposition_first_submitted_qc>
  <disposition_first_posted type="Actual">January 19, 2024</disposition_first_posted>
  <last_update_submitted>January 17, 2024</last_update_submitted>
  <last_update_submitted_qc>January 17, 2024</last_update_submitted_qc>
  <last_update_posted type="Actual">January 19, 2024</last_update_posted>
  <responsible_party>
    <responsible_party_type>Sponsor</responsible_party_type>
  </responsible_party>
  <keyword>AML</keyword>
  <keyword>MDS</keyword>
  <keyword>non-acute promyelocytic leukemia (non-APL)</keyword>
  <keyword>lower-risk myelodysplastic syndrome (LR-MDS)</keyword>
  <condition_browse>
    <!-- CAUTION:  The following MeSH terms are assigned with an imperfect algorithm            -->
    <mesh_term>Leukemia</mesh_term>
    <mesh_term>Leukemia, Myeloid</mesh_term>
    <mesh_term>Leukemia, Myeloid, Acute</mesh_term>
    <mesh_term>Preleukemia</mesh_term>
    <mesh_term>Myelodysplastic Syndromes</mesh_term>
    <mesh_term>Syndrome</mesh_term>
  </condition_browse>
  <intervention_browse>
    <!-- CAUTION:  The following MeSH terms are assigned with an imperfect algorithm            -->
    <mesh_term>Azacitidine</mesh_term>
    <mesh_term>Daratumumab</mesh_term>
  </intervention_browse>
  <patient_data>
    <sharing_ipd>No</sharing_ipd>
  </patient_data>
  <!-- Results have not yet been posted, but a results disposition has been submitted           -->
</clinical_study>

