<?xml version="1.0" encoding="UTF-8"?>
<clinical_study rank="271">
  <!-- This xml conforms to an XML Schema at:
    https://clinicaltrials.gov/ct2/html/images/info/public.xsd -->
  <required_header>
    <download_date>ClinicalTrials.gov processed this data on February 06, 2024</download_date>
    <link_text>Link to the current ClinicalTrials.gov record.</link_text>
    <url>https://clinicaltrials.gov/ct2/show/NCT03701217</url>
  </required_header>
  <id_info>
    <org_study_id>Eltrombopag-AML-2018</org_study_id>
    <nct_id>NCT03701217</nct_id>
  </id_info>
  <brief_title>Eltrombopag Used in Thrombocytopenia After Comsolidation Therapy in AML</brief_title>
  <official_title>Eltrombopag Used in Thrombocytopenia After Comsolidation Therapy in Acute Myeloid Leukemia (AML)</official_title>
  <sponsors>
    <lead_sponsor>
      <agency>Nanfang Hospital, Southern Medical University</agency>
      <agency_class>Other</agency_class>
    </lead_sponsor>
    <collaborator>
      <agency>Second Affiliated Hospital, Sun Yat-Sen University</agency>
      <agency_class>Other</agency_class>
    </collaborator>
    <collaborator>
      <agency>Guangzhou First People's Hospital</agency>
      <agency_class>Other</agency_class>
    </collaborator>
    <collaborator>
      <agency>Southern Medical University, China</agency>
      <agency_class>Other</agency_class>
    </collaborator>
    <collaborator>
      <agency>Wuhan General Hospital of Guangzhou Military Command</agency>
      <agency_class>Other</agency_class>
    </collaborator>
    <collaborator>
      <agency>Third Affiliated Hospital, Sun Yat-Sen University</agency>
      <agency_class>Other</agency_class>
    </collaborator>
    <collaborator>
      <agency>Dongguan Kanghua Hospital</agency>
      <agency_class>Other</agency_class>
    </collaborator>
  </sponsors>
  <source>Nanfang Hospital, Southern Medical University</source>
  <oversight_info>
    <has_dmc>No</has_dmc>
    <is_fda_regulated_drug>No</is_fda_regulated_drug>
    <is_fda_regulated_device>No</is_fda_regulated_device>
  </oversight_info>
  <brief_summary>
    <textblock>
      Eltrombopag has been used in the treatment of immune thrombocytopenia (ITP), and&#xD;
      significantly increased platelet count and decreased fatal hemorrage. As it's known that all&#xD;
      patients with acute leukemia will experience bone marrow suppression and thrombocytopenia&#xD;
      after chemotherapy. Some patients even died of fatal bleeding during this period for lacking&#xD;
      of platelet transfusion or platelet transfusion refractoriness. So a lot needs to be done to&#xD;
      shortern thrombocytopenia time or reduce fatal hemorrage incidence after chemotherapy in&#xD;
      acute leukemia patients. In this prospective randomized controlled study, the effect and&#xD;
      safety of eltrombopag in the treatment of thrombocytopenia after consolidation therapy in&#xD;
      acute myeloid leukemia (AML) is evaluated.&#xD;
    </textblock>
  </brief_summary>
  <detailed_description>
    <textblock>
      Eltrombopag has been used in the treatment of immune thrombocytopenia (ITP), and&#xD;
      significantly increased platelet count and decreased fatal hemorrage. As it's known that all&#xD;
      patients with acute leukemia will experience bone marrow suppression and thrombocytopenia&#xD;
      after chemotherapy. Some patients even died of fatal bleeding during this period for lacking&#xD;
      of platelet transfusion or platelet transfusion refractoriness. So a lot needs to be done to&#xD;
      shortern thrombocytopenia time or reduce fatal hemorrage incidence after chemotherapy in&#xD;
      acute leukemia patients. In this prospective randomized controlled study, the effect and&#xD;
      safety of eltrombopag in the treatment of thrombocytopenia after consolidation therapy in&#xD;
      acute myeloid leukemia (AML) is evaluated.&#xD;
    </textblock>
  </detailed_description>
  <overall_status>Unknown status</overall_status>
  <last_known_status>Recruiting</last_known_status>
  <start_date type="Actual">September 10, 2018</start_date>
  <completion_date type="Anticipated">October 2019</completion_date>
  <primary_completion_date type="Anticipated">September 2019</primary_completion_date>
  <phase>Phase 2/Phase 3</phase>
  <study_type>Interventional</study_type>
  <has_expanded_access>No</has_expanded_access>
  <study_design_info>
    <allocation>Randomized</allocation>
    <intervention_model>Parallel Assignment</intervention_model>
    <primary_purpose>Treatment</primary_purpose>
    <masking>Single (Participant)</masking>
  </study_design_info>
  <primary_outcome>
    <measure>Thrombocytopenia time</measure>
    <time_frame>30 days after consolidation therapy.</time_frame>
    <description>The lasting time for platelet count lower than 20×10'9/L after consolidation therapy.</description>
  </primary_outcome>
  <primary_outcome>
    <measure>The incidence of fatal hemorrage</measure>
    <time_frame>30 days after consolidation therapy.</time_frame>
    <description>Fatal hemorrage includes all bleedings have life-threaten to the patients, eg. gastrointestinal bleeding, brain bleeding, pneumorrhagia, etc.</description>
  </primary_outcome>
  <secondary_outcome>
    <measure>The incidence of thrombus</measure>
    <time_frame>30 days after consolidation therapy.</time_frame>
    <description>All kinds of thrombus happens in veins and arteries after consolidation therapy.</description>
  </secondary_outcome>
  <number_of_arms>2</number_of_arms>
  <enrollment type="Anticipated">220</enrollment>
  <condition>Eltrombopag</condition>
  <condition>Thrombocytopenia</condition>
  <condition>Acute Myeloid Leukemia</condition>
  <arm_group>
    <arm_group_label>Eltrombopag treatment</arm_group_label>
    <arm_group_type>Experimental</arm_group_type>
    <description>Eltrombopag 25mg bid, starts from the day when platelet count decreases lower than 30×10'9/L, and the treatment lasts for at least 5 days, and stops until platelet count goes up to more than 30×10'9/L, after consolidation therapy in AML patents. Platelet transfusion application is routinely done when platelet count is lower than 20×10'9/L or active hemorrage happens to patients.</description>
  </arm_group>
  <arm_group>
    <arm_group_label>Eltrombopag free</arm_group_label>
    <arm_group_type>Active Comparator</arm_group_type>
    <description>Eltrombopag treatment is not performed in this group. Platelet transfusion application is routinely done when platelet count is lower than 20×10'9/L or active hemorrage happens to patients.</description>
  </arm_group>
  <intervention>
    <intervention_type>Drug</intervention_type>
    <intervention_name>Eltrombopag</intervention_name>
    <description>Eltrombopag 25mg bid, starts from the day when platelet count decreases lower than 30×10'9/L, and the treatment lasts for at least 5 days, and stops until platelet count goes up to more than 30×10'9/L, after consolidation therapy in AML patents.</description>
    <arm_group_label>Eltrombopag free</arm_group_label>
    <arm_group_label>Eltrombopag treatment</arm_group_label>
  </intervention>
  <eligibility>
    <criteria>
      <textblock>
        Inclusion Criteria:&#xD;
&#xD;
        All patients with the age range from 14 to 60 years old with AML exclusive of APL in CR&#xD;
        status; All those accepting IA or DA (IDA 10mg or DNR 45mg/m2, d1-3, Ara-C 2g/m2 q12h,&#xD;
        d1-3) or MDAC (Ara-C 2g/m2 q12h, d1-3) as consolidation regimens.&#xD;
&#xD;
        Exclusion Criteria:&#xD;
&#xD;
        Those without obtaining CR; Those experience more 6 cycles of chemotherapy; Any abnormality&#xD;
        in a vital sign (e.g., organ function failure, serious infection ); Patients with any&#xD;
        conditions not suitable for the trial (investigators' decision).&#xD;
      </textblock>
    </criteria>
    <gender>All</gender>
    <minimum_age>14 Years</minimum_age>
    <maximum_age>60 Years</maximum_age>
    <healthy_volunteers>No</healthy_volunteers>
  </eligibility>
  <overall_official>
    <last_name>Dan Xu</last_name>
    <role>Principal Investigator</role>
    <affiliation>Nanfang Hospital, Southern Medical University</affiliation>
  </overall_official>
  <overall_contact>
    <last_name>Dan Xu</last_name>
    <phone>+86-20-61641615</phone>
    <email>xudan2@medmail.com.cn</email>
  </overall_contact>
  <location>
    <facility>
      <name>Department of Hematology,Nanfang Hospital, Southern Medical University</name>
      <address>
        <city>Guangzhou</city>
        <state>Guangdong</state>
        <zip>510515</zip>
        <country>China</country>
      </address>
    </facility>
    <status>Recruiting</status>
    <contact>
      <last_name>Dan Xu</last_name>
      <phone>+86-20-61641615</phone>
      <email>xudan2@medmail.com.cn</email>
    </contact>
  </location>
  <location_countries>
    <country>China</country>
  </location_countries>
  <verification_date>October 2018</verification_date>
  <study_first_submitted>October 7, 2018</study_first_submitted>
  <study_first_submitted_qc>October 7, 2018</study_first_submitted_qc>
  <study_first_posted type="Actual">October 9, 2018</study_first_posted>
  <last_update_submitted>October 7, 2018</last_update_submitted>
  <last_update_submitted_qc>October 7, 2018</last_update_submitted_qc>
  <last_update_posted type="Actual">October 9, 2018</last_update_posted>
  <responsible_party>
    <responsible_party_type>Principal Investigator</responsible_party_type>
    <investigator_affiliation>Nanfang Hospital, Southern Medical University</investigator_affiliation>
    <investigator_full_name>Dan Xu</investigator_full_name>
    <investigator_title>professor</investigator_title>
  </responsible_party>
  <condition_browse>
    <!-- CAUTION:  The following MeSH terms are assigned with an imperfect algorithm            -->
    <mesh_term>Leukemia</mesh_term>
    <mesh_term>Leukemia, Myeloid</mesh_term>
    <mesh_term>Leukemia, Myeloid, Acute</mesh_term>
    <mesh_term>Thrombocytopenia</mesh_term>
  </condition_browse>
  <patient_data>
    <sharing_ipd>Undecided</sharing_ipd>
  </patient_data>
  <!-- Results have not yet been posted for this study                                          -->
</clinical_study>

