<?xml version="1.0" encoding="UTF-8"?>
<clinical_study rank="352">
  <!-- This xml conforms to an XML Schema at:
    https://clinicaltrials.gov/ct2/html/images/info/public.xsd -->
  <required_header>
    <download_date>ClinicalTrials.gov processed this data on February 06, 2024</download_date>
    <link_text>Link to the current ClinicalTrials.gov record.</link_text>
    <url>https://clinicaltrials.gov/ct2/show/NCT01334086</url>
  </required_header>
  <id_info>
    <org_study_id>AML-11-001</org_study_id>
    <nct_id>NCT01334086</nct_id>
  </id_info>
  <brief_title>Aprepitant as Antiemetic Prophylaxis in Patients With Acute Myeloid Leukemia Undergoing Induction Chemotherapy</brief_title>
  <official_title>A Phase II Open Label Study of Aprepitant as Antiemetic Prophylaxis in Patients With Acute Myeloid Leukemia Undergoing Induction Chemotherapy</official_title>
  <sponsors>
    <lead_sponsor>
      <agency>University Health Network, Toronto</agency>
      <agency_class>Other</agency_class>
    </lead_sponsor>
    <collaborator>
      <agency>Merck Sharp &amp; Dohme LLC</agency>
      <agency_class>Industry</agency_class>
    </collaborator>
  </sponsors>
  <source>University Health Network, Toronto</source>
  <oversight_info>
    <has_dmc>Yes</has_dmc>
  </oversight_info>
  <brief_summary>
    <textblock>
      Chemotherapy induced nausea and vomiting (CINV) is a major adverse effect of chemotherapy.&#xD;
      This study is determining the incidence of vomiting/retching of the standard induction&#xD;
      chemotherapy regimen for patients with acute myeloid leukemia (AML) who are also receiving an&#xD;
      antiemetic known as aprepitant.&#xD;
&#xD;
      The standard frontline chemotherapy for patients with AML consists of cytarabine given as a 7&#xD;
      day continuous infusion plus 3 days of an anthracycline, most commonly daunorubicin, on days&#xD;
      1-3. This is known as the 3+7 regimen. Antiemetic treatments are usually given to patients&#xD;
      for nausea and vomiting. Granisetron (a 5-HT3 receptor antagonist) is used on the 3&#xD;
      daunorubicin days and other antiemetics can be used for breakthrough nausea/vomiting.&#xD;
&#xD;
      This study will test that the prophylactic use of aprepitant, in addition to the standard&#xD;
      antiemetic regimen used at Princess Margaret Hospital (PMH), will reduce the incidence of&#xD;
      delayed onset vomiting/retching by Day 5 in AML patients receiving the standard 3+7 regimen,&#xD;
      compared to retrospective data using this regimen.&#xD;
    </textblock>
  </brief_summary>
  <overall_status>Completed</overall_status>
  <start_date>September 2011</start_date>
  <completion_date type="Actual">August 30, 2013</completion_date>
  <primary_completion_date type="Actual">August 2013</primary_completion_date>
  <phase>Phase 2</phase>
  <study_type>Interventional</study_type>
  <has_expanded_access>No</has_expanded_access>
  <study_design_info>
    <allocation>N/A</allocation>
    <intervention_model>Single Group Assignment</intervention_model>
    <primary_purpose>Prevention</primary_purpose>
    <masking>None (Open Label)</masking>
  </study_design_info>
  <primary_outcome>
    <measure>Percentage of Participants With Incidence of Vomiting/Retching From Day 1 Through End of Day 5</measure>
    <time_frame>Day 1 through end of Day 5</time_frame>
    <description>Cumulative incidence will be determined by the patient self-assessment form, supplemented by the nursing inpatient records.</description>
  </primary_outcome>
  <secondary_outcome>
    <measure>Presence of Nausea Per Day, on Days 1-8.</measure>
    <time_frame>Days 1 to 8</time_frame>
  </secondary_outcome>
  <secondary_outcome>
    <measure>Daily Number of Vomiting or Retching Incidents From Days 1-8</measure>
    <time_frame>Days 1 to 8</time_frame>
    <description>This will be determined by both self-assessment form which will be filled out by the patient on a daily basis, and review of the nursing inpatient records.</description>
  </secondary_outcome>
  <secondary_outcome>
    <measure>Percentage of Participants Experiencing Vomiting or Retching From Days 1-8.</measure>
    <time_frame>Days 1 to 8</time_frame>
    <description>This will be determined by both self-assessment form which will be filled out by the patient on a daily basis, and review of the nursing inpatient records.</description>
  </secondary_outcome>
  <secondary_outcome>
    <measure>Percentage of Patients Experiencing Nausea From Days 1-8.</measure>
    <time_frame>Days 1 to 8</time_frame>
  </secondary_outcome>
  <secondary_outcome>
    <measure>Percentage of Patients' Use of Supplemental Anti-emetics as Determined by the Total Number of Doses Per Day and in Total, From Days 1-8.</measure>
    <time_frame>Days 1 to 8</time_frame>
  </secondary_outcome>
  <secondary_outcome>
    <measure>To Evaluate the Tolerance of Aprepitant by Documenting All Toxicities on Days 1-8 and All Unexpected Serious Adverse Events up to Day 30.</measure>
    <time_frame>Days 1 to 8</time_frame>
  </secondary_outcome>
  <secondary_outcome>
    <measure>Severity of Nausea Per Day, on Days 1-8.</measure>
    <time_frame>Days 1 to 8</time_frame>
  </secondary_outcome>
  <number_of_arms>1</number_of_arms>
  <enrollment type="Actual">41</enrollment>
  <condition>Acute Myeloid Leukemia</condition>
  <arm_group>
    <arm_group_label>Aprepitant</arm_group_label>
    <arm_group_type>Experimental</arm_group_type>
  </arm_group>
  <intervention>
    <intervention_type>Drug</intervention_type>
    <intervention_name>Aprepitant</intervention_name>
    <description>Oral aprepitant will be given to the participant on Days 1-5 of standard induction treatment. A dose of 125 mg will be given on Day 1 and 80 mg will be given on Days 2-5.</description>
    <arm_group_label>Aprepitant</arm_group_label>
    <other_name>Emend</other_name>
  </intervention>
  <eligibility>
    <criteria>
      <textblock>
        Inclusion Criteria:&#xD;
&#xD;
          -  Acute myeloid leukemia (AML), any subtype including acute promyelocytic leukemia&#xD;
             (APL). Patients with either de novo or secondary AML are eligible.&#xD;
&#xD;
          -  No prior AML induction chemotherapy.&#xD;
&#xD;
          -  Due to receive standard 3+7 induction chemotherapy using daunorubicin on Days 1-3,&#xD;
             plus cytarabine continuous infusion daily on Days 1-7.&#xD;
&#xD;
          -  Age 18 and over.&#xD;
&#xD;
          -  Serum bilirubin &lt; or = 1.5 times the upper limit of normal (ULN).&#xD;
&#xD;
          -  Serum aspartate aminotransferase and alanine aminotransferase &lt; or = 2.5 times the&#xD;
             ULN.&#xD;
&#xD;
          -  Serum creatinine &lt; 200 umol/L&#xD;
&#xD;
        Exclusion Criteria:&#xD;
&#xD;
          -  Uncontrolled nausea or vomiting within 48 hours prior to start of induction therapy.&#xD;
             Grade 0-1 nausea is permitted at the start of induction.&#xD;
&#xD;
          -  Known hypersensitivity to granisetron or aprepitant.&#xD;
&#xD;
          -  Patients currently receiving treatment with strong CYP3A4 inhibitors or substrates and&#xD;
             treatment cannot be either discontinued or switched to a different medication prior to&#xD;
             starting study drug.&#xD;
&#xD;
          -  Not able to swallow or absorb oral medications.&#xD;
&#xD;
          -  Documented active central nervous system (CNS) leukemia or recent CNS hemorrhage.&#xD;
&#xD;
          -  Concomitant use of:&#xD;
&#xD;
               1. Other investigational agents during induction therapy&#xD;
&#xD;
               2. Radiotherapy during, or one month prior to, induction therapy&#xD;
&#xD;
               3. Systemic corticosteroids&#xD;
&#xD;
               4. Other chemotherapy agents on Days 1-8&#xD;
&#xD;
          -  Pregnant or breast feeding.&#xD;
      </textblock>
    </criteria>
    <gender>All</gender>
    <minimum_age>18 Years</minimum_age>
    <maximum_age>N/A</maximum_age>
    <healthy_volunteers>No</healthy_volunteers>
  </eligibility>
  <overall_official>
    <last_name>Joseph M Brandwein, MD, FRCPC</last_name>
    <role>Principal Investigator</role>
    <affiliation>University Health Network - Princess Margaret Hospital</affiliation>
  </overall_official>
  <location>
    <facility>
      <name>Princess Margaret Hospital</name>
      <address>
        <city>Toronto</city>
        <state>Ontario</state>
        <zip>M5G 2M9</zip>
        <country>Canada</country>
      </address>
    </facility>
  </location>
  <location_countries>
    <country>Canada</country>
  </location_countries>
  <verification_date>April 2021</verification_date>
  <study_first_submitted>March 25, 2011</study_first_submitted>
  <study_first_submitted_qc>April 11, 2011</study_first_submitted_qc>
  <study_first_posted type="Estimate">April 12, 2011</study_first_posted>
  <results_first_submitted>May 30, 2019</results_first_submitted>
  <results_first_submitted_qc>April 18, 2021</results_first_submitted_qc>
  <results_first_posted type="Actual">May 11, 2021</results_first_posted>
  <last_update_submitted>November 18, 2021</last_update_submitted>
  <last_update_submitted_qc>November 18, 2021</last_update_submitted_qc>
  <last_update_posted type="Actual">November 22, 2021</last_update_posted>
  <responsible_party>
    <responsible_party_type>Sponsor</responsible_party_type>
  </responsible_party>
  <keyword>AML</keyword>
  <condition_browse>
    <!-- CAUTION:  The following MeSH terms are assigned with an imperfect algorithm            -->
    <mesh_term>Leukemia</mesh_term>
    <mesh_term>Leukemia, Myeloid</mesh_term>
    <mesh_term>Leukemia, Myeloid, Acute</mesh_term>
  </condition_browse>
  <intervention_browse>
    <!-- CAUTION:  The following MeSH terms are assigned with an imperfect algorithm            -->
    <mesh_term>Aprepitant</mesh_term>
  </intervention_browse>

  <clinical_results>

    <participant_flow>
      <group_list>
        <group group_id="P1">
          <title>Aprepitant</title>
          <description>Aprepitant: Oral aprepitant will be given to the participant on Days 1-5 of standard induction treatment. A dose of 125 mg will be given on Day 1 and 80 mg will be given on Days 2-5.</description>
        </group>
      </group_list>
      <period_list>
        <period>
          <title>Overall Study</title>
          <milestone_list>
            <milestone>
              <title>STARTED</title>
              <participants_list>
                <participants group_id="P1" count="41"/>
              </participants_list>
            </milestone>
            <milestone>
              <title>COMPLETED</title>
              <participants_list>
                <participants group_id="P1" count="41"/>
              </participants_list>
            </milestone>
            <milestone>
              <title>NOT COMPLETED</title>
              <participants_list>
                <participants group_id="P1" count="0"/>
              </participants_list>
            </milestone>
          </milestone_list>
        </period>
      </period_list>
    </participant_flow>

    <baseline>
      <group_list>
        <group group_id="B1">
          <title>Aprepitant</title>
          <description>Aprepitant: Oral aprepitant will be given to the participant on Days 1-5 of standard induction treatment. A dose of 125 mg will be given on Day 1 and 80 mg will be given on Days 2-5.</description>
        </group>
      </group_list>
      <analyzed_list>
        <analyzed>
          <units>Participants</units>
          <scope>Overall</scope>
          <count_list>
            <count group_id="B1" value="41"/>
          </count_list>
        </analyzed>
      </analyzed_list>
      <measure_list>
        <measure>
          <title>Age</title>
          <units>Participants</units>
          <param>Count of Participants</param>
          <class_list>
            <class>
              <category_list>
                <category>
                  <title>&lt;=18 years</title>
                  <measurement_list>
                    <measurement group_id="B1" value="0"/>
                  </measurement_list>
                </category>
                <category>
                  <title>Between 18 and 65 years</title>
                  <measurement_list>
                    <measurement group_id="B1" value="26"/>
                  </measurement_list>
                </category>
                <category>
                  <title>&gt;=65 years</title>
                  <measurement_list>
                    <measurement group_id="B1" value="15"/>
                  </measurement_list>
                </category>
              </category_list>
            </class>
          </class_list>
        </measure>
        <measure>
          <title>Age</title>
          <units>years</units>
          <param>Median</param>
          <dispersion>Full Range</dispersion>
          <class_list>
            <class>
              <category_list>
                <category>
                  <measurement_list>
                    <measurement group_id="B1" value="56" lower_limit="22" upper_limit="78"/>
                  </measurement_list>
                </category>
              </category_list>
            </class>
          </class_list>
        </measure>
        <measure>
          <title>Sex: Female, Male</title>
          <units>Participants</units>
          <param>Count of Participants</param>
          <class_list>
            <class>
              <category_list>
                <category>
                  <title>Female</title>
                  <measurement_list>
                    <measurement group_id="B1" value="18"/>
                  </measurement_list>
                </category>
                <category>
                  <title>Male</title>
                  <measurement_list>
                    <measurement group_id="B1" value="23"/>
                  </measurement_list>
                </category>
              </category_list>
            </class>
          </class_list>
        </measure>
        <measure>
          <title>Region of Enrollment</title>
          <units>participants</units>
          <param>Number</param>
          <class_list>
            <class>
              <title>Canada</title>
              <category_list>
                <category>
                  <measurement_list>
                    <measurement group_id="B1" value="41"/>
                  </measurement_list>
                </category>
              </category_list>
            </class>
          </class_list>
        </measure>
      </measure_list>
    </baseline>

    <outcome_list>
      <outcome>
        <type>Primary</type>
        <title>Percentage of Participants With Incidence of Vomiting/Retching From Day 1 Through End of Day 5</title>
        <description>Cumulative incidence will be determined by the patient self-assessment form, supplemented by the nursing inpatient records.</description>
        <time_frame>Day 1 through end of Day 5</time_frame>
        <group_list>
          <group group_id="O1">
            <title>Aprepitant</title>
            <description>Aprepitant: Oral aprepitant will be given to the participant on Days 1-5 of standard induction treatment. A dose of 125 mg will be given on Day 1 and 80 mg will be given on Days 2-5.</description>
          </group>
        </group_list>
        <measure>
          <title>Percentage of Participants With Incidence of Vomiting/Retching From Day 1 Through End of Day 5</title>
          <description>Cumulative incidence will be determined by the patient self-assessment form, supplemented by the nursing inpatient records.</description>
          <units>percentage of particpants</units>
          <param>Number</param>
          <analyzed_list>
            <analyzed>
              <units>Participants</units>
              <scope>Measure</scope>
              <count_list>
                <count group_id="O1" value="38"/>
              </count_list>
            </analyzed>
          </analyzed_list>
          <class_list>
            <class>
              <category_list>
                <category>
                  <measurement_list>
                    <measurement group_id="O1" value="26.3"/>
                  </measurement_list>
                </category>
              </category_list>
            </class>
          </class_list>
        </measure>
      </outcome>
      <outcome>
        <type>Secondary</type>
        <title>Presence of Nausea Per Day, on Days 1-8.</title>
        <time_frame>Days 1 to 8</time_frame>
      </outcome>
      <outcome>
        <type>Secondary</type>
        <title>Daily Number of Vomiting or Retching Incidents From Days 1-8</title>
        <description>This will be determined by both self-assessment form which will be filled out by the patient on a daily basis, and review of the nursing inpatient records.</description>
        <time_frame>Days 1 to 8</time_frame>
        <group_list>
          <group group_id="O1">
            <title>Aprepitant</title>
            <description>Aprepitant: Oral aprepitant will be given to the participant on Days 1-5 of standard induction treatment. A dose of 125 mg will be given on Day 1 and 80 mg will be given on Days 2-5.</description>
          </group>
        </group_list>
        <measure>
          <title>Daily Number of Vomiting or Retching Incidents From Days 1-8</title>
          <description>This will be determined by both self-assessment form which will be filled out by the patient on a daily basis, and review of the nursing inpatient records.</description>
          <units>incidents</units>
          <param>Number</param>
          <analyzed_list>
            <analyzed>
              <units>Participants</units>
              <scope>Measure</scope>
              <count_list>
                <count group_id="O1" value="38"/>
              </count_list>
            </analyzed>
          </analyzed_list>
          <class_list>
            <class>
              <title>Day 1</title>
              <category_list>
                <category>
                  <measurement_list>
                    <measurement group_id="O1" value="7"/>
                  </measurement_list>
                </category>
              </category_list>
            </class>
            <class>
              <title>Day 2</title>
              <category_list>
                <category>
                  <measurement_list>
                    <measurement group_id="O1" value="11"/>
                  </measurement_list>
                </category>
              </category_list>
            </class>
            <class>
              <title>Day 3</title>
              <category_list>
                <category>
                  <measurement_list>
                    <measurement group_id="O1" value="16"/>
                  </measurement_list>
                </category>
              </category_list>
            </class>
            <class>
              <title>Day 4</title>
              <category_list>
                <category>
                  <measurement_list>
                    <measurement group_id="O1" value="13"/>
                  </measurement_list>
                </category>
              </category_list>
            </class>
            <class>
              <title>Day 5</title>
              <category_list>
                <category>
                  <measurement_list>
                    <measurement group_id="O1" value="13"/>
                  </measurement_list>
                </category>
              </category_list>
            </class>
            <class>
              <title>Day 6</title>
              <category_list>
                <category>
                  <measurement_list>
                    <measurement group_id="O1" value="24"/>
                  </measurement_list>
                </category>
              </category_list>
            </class>
            <class>
              <title>Day 7</title>
              <category_list>
                <category>
                  <measurement_list>
                    <measurement group_id="O1" value="13"/>
                  </measurement_list>
                </category>
              </category_list>
            </class>
            <class>
              <title>Day 8</title>
              <category_list>
                <category>
                  <measurement_list>
                    <measurement group_id="O1" value="11"/>
                  </measurement_list>
                </category>
              </category_list>
            </class>
          </class_list>
        </measure>
      </outcome>
      <outcome>
        <type>Secondary</type>
        <title>Percentage of Participants Experiencing Vomiting or Retching From Days 1-8.</title>
        <description>This will be determined by both self-assessment form which will be filled out by the patient on a daily basis, and review of the nursing inpatient records.</description>
        <time_frame>Days 1 to 8</time_frame>
        <group_list>
          <group group_id="O1">
            <title>Aprepitant</title>
            <description>Aprepitant: Oral aprepitant will be given to the participant on Days 1-5 of standard induction treatment. A dose of 125 mg will be given on Day 1 and 80 mg will be given on Days 2-5.</description>
          </group>
        </group_list>
        <measure>
          <title>Percentage of Participants Experiencing Vomiting or Retching From Days 1-8.</title>
          <description>This will be determined by both self-assessment form which will be filled out by the patient on a daily basis, and review of the nursing inpatient records.</description>
          <units>percentage of particpants</units>
          <param>Number</param>
          <analyzed_list>
            <analyzed>
              <units>Participants</units>
              <scope>Measure</scope>
              <count_list>
                <count group_id="O1" value="38"/>
              </count_list>
            </analyzed>
          </analyzed_list>
          <class_list>
            <class>
              <category_list>
                <category>
                  <measurement_list>
                    <measurement group_id="O1" value="34.2"/>
                  </measurement_list>
                </category>
              </category_list>
            </class>
          </class_list>
        </measure>
      </outcome>
      <outcome>
        <type>Secondary</type>
        <title>Percentage of Patients Experiencing Nausea From Days 1-8.</title>
        <time_frame>Days 1 to 8</time_frame>
        <group_list>
          <group group_id="O1">
            <title>Aprepitant</title>
            <description>Aprepitant: Oral aprepitant will be given to the participant on Days 1-5 of standard induction treatment. A dose of 125 mg will be given on Day 1 and 80 mg will be given on Days 2-5.</description>
          </group>
        </group_list>
        <measure>
          <title>Percentage of Patients Experiencing Nausea From Days 1-8.</title>
          <units>percentage of particpants</units>
          <param>Number</param>
          <analyzed_list>
            <analyzed>
              <units>Participants</units>
              <scope>Measure</scope>
              <count_list>
                <count group_id="O1" value="38"/>
              </count_list>
            </analyzed>
          </analyzed_list>
          <class_list>
            <class>
              <category_list>
                <category>
                  <measurement_list>
                    <measurement group_id="O1" value="68.4"/>
                  </measurement_list>
                </category>
              </category_list>
            </class>
          </class_list>
        </measure>
      </outcome>
      <outcome>
        <type>Secondary</type>
        <title>Percentage of Patients' Use of Supplemental Anti-emetics as Determined by the Total Number of Doses Per Day and in Total, From Days 1-8.</title>
        <time_frame>Days 1 to 8</time_frame>
        <group_list>
          <group group_id="O1">
            <title>Aprepitant</title>
            <description>Aprepitant: Oral aprepitant will be given to the participant on Days 1-5 of standard induction treatment. A dose of 125 mg will be given on Day 1 and 80 mg will be given on Days 2-5.</description>
          </group>
        </group_list>
        <measure>
          <title>Percentage of Patients' Use of Supplemental Anti-emetics as Determined by the Total Number of Doses Per Day and in Total, From Days 1-8.</title>
          <units>% of pts receiving breakthrough</units>
          <param>Number</param>
          <analyzed_list>
            <analyzed>
              <units>Participants</units>
              <scope>Measure</scope>
              <count_list>
                <count group_id="O1" value="41"/>
              </count_list>
            </analyzed>
          </analyzed_list>
          <class_list>
            <class>
              <title>Day 1</title>
              <category_list>
                <category>
                  <measurement_list>
                    <measurement group_id="O1" value="18"/>
                  </measurement_list>
                </category>
              </category_list>
            </class>
            <class>
              <title>Day 2</title>
              <category_list>
                <category>
                  <measurement_list>
                    <measurement group_id="O1" value="29"/>
                  </measurement_list>
                </category>
              </category_list>
            </class>
            <class>
              <title>Day 3</title>
              <category_list>
                <category>
                  <measurement_list>
                    <measurement group_id="O1" value="39"/>
                  </measurement_list>
                </category>
              </category_list>
            </class>
            <class>
              <title>Day 4</title>
              <category_list>
                <category>
                  <measurement_list>
                    <measurement group_id="O1" value="58"/>
                  </measurement_list>
                </category>
              </category_list>
            </class>
            <class>
              <title>Day 5</title>
              <category_list>
                <category>
                  <measurement_list>
                    <measurement group_id="O1" value="65"/>
                  </measurement_list>
                </category>
              </category_list>
            </class>
            <class>
              <title>Day 6</title>
              <category_list>
                <category>
                  <measurement_list>
                    <measurement group_id="O1" value="75"/>
                  </measurement_list>
                </category>
              </category_list>
            </class>
            <class>
              <title>Day 7</title>
              <category_list>
                <category>
                  <measurement_list>
                    <measurement group_id="O1" value="68"/>
                  </measurement_list>
                </category>
              </category_list>
            </class>
            <class>
              <title>Day 8</title>
              <category_list>
                <category>
                  <measurement_list>
                    <measurement group_id="O1" value="53"/>
                  </measurement_list>
                </category>
              </category_list>
            </class>
          </class_list>
        </measure>
      </outcome>
      <outcome>
        <type>Secondary</type>
        <title>To Evaluate the Tolerance of Aprepitant by Documenting All Toxicities on Days 1-8 and All Unexpected Serious Adverse Events up to Day 30.</title>
        <time_frame>Days 1 to 8</time_frame>
      </outcome>
      <outcome>
        <type>Secondary</type>
        <title>Severity of Nausea Per Day, on Days 1-8.</title>
        <time_frame>Days 1 to 8</time_frame>
      </outcome>
    </outcome_list>

    <reported_events>
      <group_list>
        <group group_id="E1">
          <title>Aprepitant</title>
          <description>Aprepitant: Oral aprepitant will be given to the participant on Days 1-5 of standard induction treatment. A dose of 125 mg will be given on Day 1 and 80 mg will be given on Days 2-5.</description>
        </group>
      </group_list>
      <serious_events>
        <default_assessment>Systematic Assessment</default_assessment>
        <category_list>
          <category>
            <title>Total</title>
            <event_list>
              <event>
                <sub_title>Total, serious adverse events</sub_title>
                <counts group_id="E1" subjects_affected="2" subjects_at_risk="41"/>
              </event>
            </event_list>
          </category>
          <category>
            <title>Gastrointestinal disorders</title>
            <event_list>
              <event>
                <sub_title>Vomitting</sub_title>
                <counts group_id="E1" events="1" subjects_affected="1" subjects_at_risk="41"/>
              </event>
              <event>
                <sub_title>Diarrhea</sub_title>
                <counts group_id="E1" events="1" subjects_affected="1" subjects_at_risk="41"/>
              </event>
              <event>
                <sub_title>Nausea</sub_title>
                <counts group_id="E1" events="1" subjects_affected="1" subjects_at_risk="41"/>
              </event>
            </event_list>
          </category>
          <category>
            <title>Respiratory, thoracic and mediastinal disorders</title>
            <event_list>
              <event>
                <sub_title>Hypoxia</sub_title>
                <counts group_id="E1" events="1" subjects_affected="1" subjects_at_risk="41"/>
              </event>
            </event_list>
          </category>
        </category_list>
      </serious_events>
      <other_events>
        <frequency_threshold>5</frequency_threshold>
        <default_assessment>Systematic Assessment</default_assessment>
        <category_list>
          <category>
            <title>Total</title>
            <event_list>
              <event>
                <sub_title>Total, other adverse events</sub_title>
                <counts group_id="E1" subjects_affected="40" subjects_at_risk="41"/>
              </event>
            </event_list>
          </category>
          <category>
            <title>Blood and lymphatic system disorders</title>
            <event_list>
              <event>
                <sub_title>ANEMIA</sub_title>
                <counts group_id="E1" events="2" subjects_affected="2" subjects_at_risk="41"/>
              </event>
              <event>
                <sub_title>FEBRILE NEUTROPENIA</sub_title>
                <counts group_id="E1" events="19" subjects_affected="19" subjects_at_risk="41"/>
              </event>
            </event_list>
          </category>
          <category>
            <title>Cardiac disorders</title>
            <event_list>
              <event>
                <sub_title>SINUS BRADYCARDIA</sub_title>
                <counts group_id="E1" events="3" subjects_affected="3" subjects_at_risk="41"/>
              </event>
            </event_list>
          </category>
          <category>
            <title>Eye disorders</title>
            <event_list>
              <event>
                <sub_title>BLURRED VISION</sub_title>
                <counts group_id="E1" events="4" subjects_affected="4" subjects_at_risk="41"/>
              </event>
              <event>
                <sub_title>EYE PAIN</sub_title>
                <counts group_id="E1" events="2" subjects_affected="2" subjects_at_risk="41"/>
              </event>
            </event_list>
          </category>
          <category>
            <title>Gastrointestinal disorders</title>
            <event_list>
              <event>
                <sub_title>ABDOMINAL DISTENSION</sub_title>
                <counts group_id="E1" events="2" subjects_affected="2" subjects_at_risk="41"/>
              </event>
              <event>
                <sub_title>ABDOMINAL PAIN</sub_title>
                <counts group_id="E1" events="3" subjects_affected="3" subjects_at_risk="41"/>
              </event>
              <event>
                <sub_title>CONSTIPATION</sub_title>
                <counts group_id="E1" events="2" subjects_affected="2" subjects_at_risk="41"/>
              </event>
              <event>
                <sub_title>DIARRHEA</sub_title>
                <counts group_id="E1" events="19" subjects_affected="18" subjects_at_risk="41"/>
              </event>
              <event>
                <sub_title>DRY MOUTH</sub_title>
                <counts group_id="E1" events="3" subjects_affected="3" subjects_at_risk="41"/>
              </event>
              <event>
                <sub_title>DYSPEPSIA</sub_title>
                <counts group_id="E1" events="5" subjects_affected="5" subjects_at_risk="41"/>
              </event>
              <event>
                <sub_title>HEMORRHOIDS</sub_title>
                <counts group_id="E1" events="3" subjects_affected="3" subjects_at_risk="41"/>
              </event>
              <event>
                <sub_title>MUCOSITIS ORAL</sub_title>
                <counts group_id="E1" events="21" subjects_affected="19" subjects_at_risk="41"/>
              </event>
              <event>
                <sub_title>NAUSEA</sub_title>
                <counts group_id="E1" events="27" subjects_affected="25" subjects_at_risk="41"/>
              </event>
              <event>
                <sub_title>ORAL HEMORRHAGE</sub_title>
                <counts group_id="E1" events="2" subjects_affected="2" subjects_at_risk="41"/>
              </event>
              <event>
                <sub_title>ORAL PAIN</sub_title>
                <counts group_id="E1" events="4" subjects_affected="4" subjects_at_risk="41"/>
              </event>
              <event>
                <sub_title>STOMACH PAIN</sub_title>
                <counts group_id="E1" events="2" subjects_affected="2" subjects_at_risk="41"/>
              </event>
              <event>
                <sub_title>VOMITING</sub_title>
                <counts group_id="E1" events="4" subjects_affected="4" subjects_at_risk="41"/>
              </event>
            </event_list>
          </category>
          <category>
            <title>General disorders</title>
            <event_list>
              <event>
                <sub_title>CHILLS</sub_title>
                <counts group_id="E1" events="10" subjects_affected="9" subjects_at_risk="41"/>
              </event>
              <event>
                <sub_title>FATIGUE</sub_title>
                <counts group_id="E1" events="10" subjects_affected="10" subjects_at_risk="41"/>
              </event>
              <event>
                <sub_title>FEVER</sub_title>
                <counts group_id="E1" events="4" subjects_affected="4" subjects_at_risk="41"/>
              </event>
              <event>
                <sub_title>DYSOSMIA</sub_title>
                <counts group_id="E1" events="2" subjects_affected="2" subjects_at_risk="41"/>
              </event>
              <event>
                <sub_title>PAIN</sub_title>
                <counts group_id="E1" events="3" subjects_affected="3" subjects_at_risk="41"/>
              </event>
              <event>
                <sub_title>EDEMA LIMBS</sub_title>
                <counts group_id="E1" events="10" subjects_affected="8" subjects_at_risk="41"/>
              </event>
              <event>
                <sub_title>LOCALIZED EDEMA</sub_title>
                <counts group_id="E1" events="2" subjects_affected="2" subjects_at_risk="41"/>
              </event>
            </event_list>
          </category>
          <category>
            <title>Infections and infestations</title>
            <event_list>
              <event>
                <sub_title>SEPSIS</sub_title>
                <counts group_id="E1" events="2" subjects_affected="2" subjects_at_risk="41"/>
              </event>
              <event>
                <sub_title>SKIN INFECTION</sub_title>
                <counts group_id="E1" events="6" subjects_affected="5" subjects_at_risk="41"/>
              </event>
              <event>
                <sub_title>LUNG INFECTION</sub_title>
                <counts group_id="E1" events="5" subjects_affected="5" subjects_at_risk="41"/>
              </event>
              <event>
                <sub_title>PAPULOPUSTULAR RASH</sub_title>
                <counts group_id="E1" events="3" subjects_affected="3" subjects_at_risk="41"/>
              </event>
            </event_list>
          </category>
          <category>
            <title>Injury, poisoning and procedural complications</title>
            <event_list>
              <event>
                <sub_title>BRUISING</sub_title>
                <counts group_id="E1" events="3" subjects_affected="3" subjects_at_risk="41"/>
              </event>
            </event_list>
          </category>
          <category>
            <title>Investigations</title>
            <event_list>
              <event>
                <sub_title>NEUTROPHIL COUNT DECREASED</sub_title>
                <counts group_id="E1" events="5" subjects_affected="4" subjects_at_risk="41"/>
              </event>
              <event>
                <sub_title>PLATELET COUNT DECREASED</sub_title>
                <counts group_id="E1" events="2" subjects_affected="2" subjects_at_risk="41"/>
              </event>
            </event_list>
          </category>
          <category>
            <title>Metabolism and nutrition disorders</title>
            <event_list>
              <event>
                <sub_title>ANOREXIA</sub_title>
                <counts group_id="E1" events="13" subjects_affected="13" subjects_at_risk="41"/>
              </event>
              <event>
                <sub_title>HYPOKALEMIA</sub_title>
                <counts group_id="E1" events="6" subjects_affected="6" subjects_at_risk="41"/>
              </event>
              <event>
                <sub_title>HYPOPHOSPHATEMIA</sub_title>
                <counts group_id="E1" events="3" subjects_affected="3" subjects_at_risk="41"/>
              </event>
            </event_list>
          </category>
          <category>
            <title>Musculoskeletal and connective tissue disorders</title>
            <event_list>
              <event>
                <sub_title>BACK PAIN</sub_title>
                <counts group_id="E1" events="3" subjects_affected="3" subjects_at_risk="41"/>
              </event>
              <event>
                <sub_title>NECK PAIN</sub_title>
                <counts group_id="E1" events="3" subjects_affected="3" subjects_at_risk="41"/>
              </event>
              <event>
                <sub_title>PAIN IN EXTREMITY</sub_title>
                <counts group_id="E1" events="5" subjects_affected="5" subjects_at_risk="41"/>
              </event>
              <event>
                <sub_title>GENERALIZED MUSCLE WEAKNESS</sub_title>
                <counts group_id="E1" events="4" subjects_affected="4" subjects_at_risk="41"/>
              </event>
            </event_list>
          </category>
          <category>
            <title>Nervous system disorders</title>
            <event_list>
              <event>
                <sub_title>DIZZINESS</sub_title>
                <counts group_id="E1" events="10" subjects_affected="10" subjects_at_risk="41"/>
              </event>
              <event>
                <sub_title>DYSGEUSIA</sub_title>
                <counts group_id="E1" events="4" subjects_affected="4" subjects_at_risk="41"/>
              </event>
              <event>
                <sub_title>HEADACHE</sub_title>
                <counts group_id="E1" events="16" subjects_affected="16" subjects_at_risk="41"/>
              </event>
              <event>
                <sub_title>PARESTHESIA</sub_title>
                <counts group_id="E1" events="4" subjects_affected="4" subjects_at_risk="41"/>
              </event>
            </event_list>
          </category>
          <category>
            <title>Psychiatric disorders</title>
            <event_list>
              <event>
                <sub_title>ANXIETY</sub_title>
                <counts group_id="E1" events="5" subjects_affected="5" subjects_at_risk="41"/>
              </event>
              <event>
                <sub_title>DEPRESSION</sub_title>
                <counts group_id="E1" events="2" subjects_affected="2" subjects_at_risk="41"/>
              </event>
              <event>
                <sub_title>INSOMNIA</sub_title>
                <counts group_id="E1" events="4" subjects_affected="4" subjects_at_risk="41"/>
              </event>
            </event_list>
          </category>
          <category>
            <title>Renal and urinary disorders</title>
            <event_list>
              <event>
                <sub_title>URINARY INCONTINENCE</sub_title>
                <counts group_id="E1" events="2" subjects_affected="2" subjects_at_risk="41"/>
              </event>
            </event_list>
          </category>
          <category>
            <title>Respiratory, thoracic and mediastinal disorders</title>
            <event_list>
              <event>
                <sub_title>COUGH</sub_title>
                <counts group_id="E1" events="6" subjects_affected="6" subjects_at_risk="41"/>
              </event>
              <event>
                <sub_title>EPISTAXIS</sub_title>
                <counts group_id="E1" events="6" subjects_affected="6" subjects_at_risk="41"/>
              </event>
              <event>
                <sub_title>HYPOXIA</sub_title>
                <counts group_id="E1" events="2" subjects_affected="2" subjects_at_risk="41"/>
              </event>
              <event>
                <sub_title>PRODUCTIVE COUGH</sub_title>
                <counts group_id="E1" events="4" subjects_affected="4" subjects_at_risk="41"/>
              </event>
              <event>
                <sub_title>SORE THROAT</sub_title>
                <counts group_id="E1" events="3" subjects_affected="3" subjects_at_risk="41"/>
              </event>
            </event_list>
          </category>
          <category>
            <title>Skin and subcutaneous tissue disorders</title>
            <event_list>
              <event>
                <sub_title>HYPERHIDROSIS</sub_title>
                <counts group_id="E1" events="4" subjects_affected="4" subjects_at_risk="41"/>
              </event>
              <event>
                <sub_title>PRURITUS</sub_title>
                <counts group_id="E1" events="11" subjects_affected="10" subjects_at_risk="41"/>
              </event>
              <event>
                <sub_title>RASH ACNEIFORM</sub_title>
                <counts group_id="E1" events="9" subjects_affected="9" subjects_at_risk="41"/>
              </event>
              <event>
                <sub_title>RASH MACULO-PAPULAR</sub_title>
                <counts group_id="E1" events="10" subjects_affected="9" subjects_at_risk="41"/>
              </event>
              <event>
                <sub_title>SKIN ULCERATION</sub_title>
                <counts group_id="E1" events="5" subjects_affected="2" subjects_at_risk="41"/>
              </event>
            </event_list>
          </category>
          <category>
            <title>Vascular disorders</title>
            <event_list>
              <event>
                <sub_title>FLUSHING</sub_title>
                <counts group_id="E1" events="3" subjects_affected="3" subjects_at_risk="41"/>
              </event>
              <event>
                <sub_title>HYPOTENSION</sub_title>
                <counts group_id="E1" events="14" subjects_affected="13" subjects_at_risk="41"/>
              </event>
            </event_list>
          </category>
        </category_list>
      </other_events>
    </reported_events>

    <certain_agreements>
      <pi_employee>All Principal Investigators ARE employed by the organization sponsoring the study.</pi_employee>
      <restrictive_agreement>There is NOT an agreement between Principal Investigators and the Sponsor (or its agents) that restricts the PI's rights to discuss or publish trial results after the trial is completed. </restrictive_agreement>
    </certain_agreements>
    <point_of_contact>
      <name_or_title>Dr. Karen Yee, Hematology and Medical Oncology Site Group Lead</name_or_title>
      <organization>Princess Margaret Cancer Centre</organization>
      <phone>416-946-4501 ext 4495</phone>
      <email>Karen.Yee@uhn.ca</email>
    </point_of_contact>
  </clinical_results>
</clinical_study>

