<?xml version="1.0" encoding="UTF-8"?>
<clinical_study rank="63">
  <!-- This xml conforms to an XML Schema at:
    https://clinicaltrials.gov/ct2/html/images/info/public.xsd -->
  <required_header>
    <download_date>ClinicalTrials.gov processed this data on February 06, 2024</download_date>
    <link_text>Link to the current ClinicalTrials.gov record.</link_text>
    <url>https://clinicaltrials.gov/ct2/show/NCT03719183</url>
  </required_header>
  <id_info>
    <org_study_id>AssiutU-SECI-Cytogenetic 100</org_study_id>
    <nct_id>NCT03719183</nct_id>
  </id_info>
  <brief_title>Comparison of Diagnostic Yield Among M-FISH, FISH Probe Panel and Conventional Cytogenetic Analysis in AML</brief_title>
  <official_title>Comparison of Diagnostic Yield Among Multiplex Fluorescent in Situ Hybridization, Fluorescent in Situ Hybridization Probe Panel and Conventional Cytogenetic Studies in Acute Myeloid Leukemia</official_title>
  <sponsors>
    <lead_sponsor>
      <agency>Assiut University</agency>
      <agency_class>Other</agency_class>
    </lead_sponsor>
    <collaborator>
      <agency>South Egypt Cancer Institute</agency>
      <agency_class>Other</agency_class>
    </collaborator>
  </sponsors>
  <source>Assiut University</source>
  <oversight_info>
    <has_dmc>Yes</has_dmc>
    <is_fda_regulated_drug>No</is_fda_regulated_drug>
    <is_fda_regulated_device>No</is_fda_regulated_device>
  </oversight_info>
  <brief_summary>
    <textblock>
      Conventional cytogenetic studies have been the gold standard for more than five decades for&#xD;
      detecting genetic alterations that are greater than 10 Mb (mega base pairs) in size.&#xD;
      Conventional cytogenetic studies have paved the way in identifying specific chromosomal&#xD;
      aberrations associated with clinically and morphologically definitive subsets of&#xD;
      hematological neoplasms.&#xD;
&#xD;
      Fluorescence in situ hybridization (FISH) has become a reliable and rapid complementary test&#xD;
      in targeting critical genetic events associated with diagnostics and prognosis in&#xD;
      hematological neoplasms.&#xD;
&#xD;
      In the current health care environment, which increasingly focuses on value and efficiency,&#xD;
      it is critical for pathologists and clinicians to effectively navigate this environment and&#xD;
      judiciously incorporate these high-complexity and expensive techniques into routine patient&#xD;
      care. While conventional karyotyping provides a comprehensive view of the genome, FISH can&#xD;
      detect cryptic or submicroscopic genetic abnormalities and identify recurrent genetic&#xD;
      abnormalities in nondividing cells. As a consequence, it is commonly extrapolated that FISH&#xD;
      will improve the sensitivity of detecting all genetic abnormalities compared with&#xD;
      conventional karyotyping analysis. This assumption has then been translated in clinical&#xD;
      practice to having clinicians and pathologists routinely ordering both conventional&#xD;
      karyotyping and FISH studies in patients with hematological neoplasms. Depending on how&#xD;
      comprehensive the FISH panel is, the cost for this testing may be quite expensive, and its&#xD;
      additive value remains questionable.&#xD;
&#xD;
      It is common practice for laboratories to use FISH panels in conjunction with karyotyping&#xD;
      both in diagnostic specimens and during follow-up to monitor response to therapy.&#xD;
&#xD;
      Multiplex FISH (M-FISH) represents one of the most significant developments in molecular&#xD;
      cytogenetics of the past decade. In tumor and leukemia cytogenetics, two groups have been&#xD;
      targeted by M-FISH to identify cryptic chromosome rearrangements not detectable by&#xD;
      conventional cytogenetic studies: those with an apparently normal karyotype (suspected of&#xD;
      harboring small rearrangements not detectable by conventional cytogenetics) and those with a&#xD;
      complex aberrant karyotype (which are difficult to karyotype accurately due to the sheer&#xD;
      number of aberrations).&#xD;
    </textblock>
  </brief_summary>
  <detailed_description>
    <textblock>
      Neoplastic hematology is at the forefront of personal¬ized medicine. The World Health&#xD;
      Organization (WHO) classification incorporates genetic data with microscopic,&#xD;
      immunophenotypic, and clini¬cal findings and categorizes hematologic neoplasms into&#xD;
      clinically and biologically distinct categories. This system guides diagnosis, prognosis and&#xD;
      therapeutic choices, which has become increasingly important with emerging targeted therapies&#xD;
      for lymphoma and leukemia. However, laboratory tests for hematologic neoplasms are of high&#xD;
      complexity and are generally quite costly.&#xD;
&#xD;
      The initial assessment of many hematologic neoplasms includes morphological, histological,&#xD;
      immunophenotypic (flow cytometric and/or immunohistochemical), and conventional cytogenetic&#xD;
      studies. Data obtained from cytogenetic analysis can be pathognomonic for specific leukemias&#xD;
      in the WHO classification (for example, acute myeloid leukemia (AML) with recurrent&#xD;
      cytogenetic abnormalities and chronic myelogenous leukemia (CML)) and are likely to assume a&#xD;
      greater role in defining specific categories in further classifications.&#xD;
&#xD;
      Conventional cytogenetic studies have been the gold standard for more than five decades for&#xD;
      detecting genetic alterations that are greater than 10 Mb (mega base pairs) in size. They&#xD;
      have paved the way in identifying specific chromosomal aberrations associated with clinically&#xD;
      and morphologically definitive subsets of hematological neoplasms.&#xD;
&#xD;
      Fluorescent in situ hybridization (FISH) has become a reliable and rapid complementary test&#xD;
      in targeting critical genetic events associated with diagnostics and prognosis in&#xD;
      hematological neoplasms. FISH has addressed the issues with conventional cytogenetic studies&#xD;
      by targeting interphase cells in addition to metaphases. It has become clear that FISH&#xD;
      studies may also be an integral component of the diagnostic evaluation, particularly where&#xD;
      the abnormality is &quot;cryptic&quot; i.e. not evident by conventional cytogenetic studies.&#xD;
&#xD;
      Although complementary FISH testing increases the overall detection of aberrations, its&#xD;
      benefit is not uniform across all types of hematological neoplasms. This is because FISH&#xD;
      probes are restricted to the detection of only specific abnormalities and genetic alterations&#xD;
      beyond the scope of the FISH probes would therefore be completely missed.&#xD;
&#xD;
      It is common practice for laboratories to use FISH probe panels in conjunction with&#xD;
      karyotyping both in diagnostic specimens and during follow-up to monitor response to therapy.&#xD;
      FISH is targeted toward specific abnormalities, and results can be evaluated in an automated&#xD;
      fashion on interphase nuclei, allowing for examination of more cells than conventional&#xD;
      cytogenetic studies. FISH has higher analytic and, in certain circumstances, higher clinical&#xD;
      sensitivity compared with conventional cytogenetic studies. The usage of FISH probe panels in&#xD;
      aiding diagnosis or in monitoring follow-up samples of hematologic neoplasms is critical.&#xD;
&#xD;
      The Eastern Collaborative Oncology Group (ECOG) compared conventional cytogenetic studies and&#xD;
      FISH in AML patients and found that a probe panel to detect monosomy 5/deletion 5q, monosomy&#xD;
      7/deletion 7q, trisomy 8, t(8;21), t(9;22), MLL rearrangements with various partners,&#xD;
      t(15;17), and inv(16)/t(16;16), had a concordance between 98% and 100%. On the other hand, He&#xD;
      et al study demonstrates the limited value of FISH testing in adult AML in the setting of an&#xD;
      adequate karyotyping study.&#xD;
&#xD;
      Despite of many significant technological advances made in recent years in the area of&#xD;
      clinical genetic testing, conventional cytogenetic studies and routine FISH studies remain&#xD;
      important laboratory testing tools available for evaluating hematologic neoplasms. Usually&#xD;
      these two testing methods complement each other and often FISH serves to clarify and better&#xD;
      define cytogenetic results. Therefore, there is a very strong expectation that cytogenetic&#xD;
      and FISH results should confirm each other in spite of cases that appear to be exceptions.&#xD;
      When conflicting results occur by these two testing methods on the same specimen, clinical&#xD;
      laboratories are challenged to offer explanations based on empirical data beyond simply&#xD;
      stating that it was or was not due to laboratory error.&#xD;
&#xD;
      Multiplex FISH (M-FISH) represents one of the most significant developments in molecular&#xD;
      cytogenetics of the past decade. In tumor and leukemia cytogenetics, two groups have been&#xD;
      targeted by M-FISH to identify cryptic chromosome rearrangements not detectable by&#xD;
      conventional cytogenetic studies: those with an apparently normal karyotype (suspected of&#xD;
      harboring small rearrangements not detectable by conventional cytogenetics) and those with a&#xD;
      complex aberrant karyotype (which are difficult to karyotype accurately due to the sheer&#xD;
      number of aberrations).&#xD;
&#xD;
      Zhang et al. used spectral karyotype (SKY) to re-evaluate the karyotypes of AML cases&#xD;
      reported as normal by G-banding. This resulted in the identification of one case of&#xD;
      t(11;19)(q23;p13), a subtle but recognized cytogenetic abnormality, and a minor clone&#xD;
      containing monosomy for chromosome 7 in another case. In a similar study, Mohr et al.&#xD;
      compared SKY to conventional karyotyping in patients with AML or MDS with normal karyotypes.&#xD;
      No abnormalities were identified.&#xD;
&#xD;
      With the lack of an evidence-based standardized algorithmic approach, misuse and&#xD;
      overutilization of laboratory tests are common and result in increased health care costs and&#xD;
      patient care complexity. In the current health care environment, which increasingly focuses&#xD;
      on value and efficiency, it is critical for pathologists and clinicians to incorporate&#xD;
      high-complexity and expensive techniques into routine patient care. While conventional&#xD;
      cytogenetic studies provide a comprehensive view of the genome, FISH probe panel can detect&#xD;
      cryptic or submicroscopic genetic abnormalities and identify recurrent genetic abnormalities&#xD;
      in nondividing cells. M-FISH can identify cryptic chromosome rearrangements that are not&#xD;
      detected by conventional cytogenetic studies. As a consequence, it is commonly extrapolated&#xD;
      that FISH will improve the sensitivity of detecting all genetic abnormalities compared with&#xD;
      conventional cytogenetic studies. This assumption has then been translated in clinical&#xD;
      practice to having clinicians and pathologists routinely ordering both conventional&#xD;
      cytogenetic studies and FISH studies in patients with hematological neoplasms. Depending on&#xD;
      how comprehensive the FISH probe panel is, the cost for this testing may be quite expensive,&#xD;
      and its additive value remains questionable.&#xD;
    </textblock>
  </detailed_description>
  <overall_status>Completed</overall_status>
  <start_date type="Actual">January 1, 2019</start_date>
  <completion_date type="Actual">December 31, 2021</completion_date>
  <primary_completion_date type="Actual">December 31, 2021</primary_completion_date>
  <study_type>Observational</study_type>
  <has_expanded_access>No</has_expanded_access>
  <study_design_info>
    <observational_model>Case-Only</observational_model>
    <time_perspective>Cross-Sectional</time_perspective>
  </study_design_info>
  <primary_outcome>
    <measure>Evaluation of cytogenetic profile of AML patients in South Egypt</measure>
    <time_frame>2 years</time_frame>
    <description>Study the hematological and cytogenetic profile of AML patients in a tertiary center in Egypt</description>
  </primary_outcome>
  <primary_outcome>
    <measure>Comparing Diagnostic Yield among Multiplex Fluorescent in situ hybridization, fluorescent in situ hybridization probe panel and conventional cytogenetic analysis in newly diagnosed patients with AML.</measure>
    <time_frame>2 years</time_frame>
    <description>Compare M-FISH, karyotyping and FISH probe panel in AML patients in a limited resource institute</description>
  </primary_outcome>
  <secondary_outcome>
    <measure>Correlation between cytogenetic results and demographic, clinical and hematological data of AML patients</measure>
    <time_frame>2 years</time_frame>
    <description>Correlating cytogenetic results and demographic and clinicopathological data in AML patients</description>
  </secondary_outcome>
  <number_of_groups>1</number_of_groups>
  <enrollment type="Actual">120</enrollment>
  <condition>Acute Myeloid Leukemia</condition>
  <arm_group>
    <arm_group_label>Acute Myeloid Leukemia (AML) group</arm_group_label>
    <description>Patients who are diagnosed as Acute Myeloid Leukemia based on peripheral blood, bone marrow aspiration and immunophenotyping and fulfill WHO criteria for diagnosis.&#xD;
Fluorescent in Situ Hybridization (FISH) Panels for AML, Multiplex FISH (M-FISH) and Conventional Cytogenetics Studies will be performed for AML patients.</description>
  </arm_group>
  <intervention>
    <intervention_type>Diagnostic Test</intervention_type>
    <intervention_name>Conventional Cytogenetics Studies</intervention_name>
    <description>Metaphase cytogenetic studies will be performed in all cases according to standard methods. Chromosome preparations will be G-banded using trypsin and Giemsa, and karyotypes will be described according to the International System for Human Cytogenetic Nomenclature (ISCN) 2016.</description>
    <arm_group_label>Acute Myeloid Leukemia (AML) group</arm_group_label>
    <other_name>Karyotyping</other_name>
  </intervention>
  <intervention>
    <intervention_type>Diagnostic Test</intervention_type>
    <intervention_name>Fluorescent in Situ Hybridization (FISH) Panels</intervention_name>
    <description>AML Panel includes:&#xD;
t(8;21) (RUNX1-RUNX1T1).&#xD;
inv(16), t(16;16) (CBFB-MYH11).&#xD;
t(9;22) (BCR-ABL).&#xD;
11q23 KMT2A rearrangements.&#xD;
inv(3) MECOM rearrangements.&#xD;
DEK-NUP214 rearrangements.&#xD;
Del(5q) Deletion&#xD;
Del(7q) Deletion&#xD;
Acute Promyelocytic Leukemia panel includes:&#xD;
t(15;17) (PML-RARA).&#xD;
17q RARA rearrangements</description>
    <arm_group_label>Acute Myeloid Leukemia (AML) group</arm_group_label>
  </intervention>
  <intervention>
    <intervention_type>Diagnostic Test</intervention_type>
    <intervention_name>Multiplex FISH (M-FISH)</intervention_name>
    <description>24-color karyotyping</description>
    <arm_group_label>Acute Myeloid Leukemia (AML) group</arm_group_label>
  </intervention>
  <biospec_retention>Samples With DNA</biospec_retention>
  <biospec_descr>
    <textblock>
      Peripheral blood or Bone marrow aspiration samples&#xD;
    </textblock>
  </biospec_descr>
  <eligibility>
    <study_pop>
      <textblock>
        Newly diagnosed AML patients.&#xD;
      </textblock>
    </study_pop>
    <sampling_method>Non-Probability Sample</sampling_method>
    <criteria>
      <textblock>
        Inclusion criteria:&#xD;
&#xD;
          1. Patients with newly diagnosed acute myeloid leukemia.&#xD;
&#xD;
          2. Age group: patients more than 18 years old.&#xD;
&#xD;
        Exclusion criteria:&#xD;
&#xD;
          1. Patients less than 18 years old.&#xD;
&#xD;
          2. Patients with other types of hematologic neoplasms.&#xD;
&#xD;
          3. Relapsed patients.&#xD;
      </textblock>
    </criteria>
    <gender>All</gender>
    <minimum_age>18 Years</minimum_age>
    <maximum_age>N/A</maximum_age>
    <healthy_volunteers>No</healthy_volunteers>
  </eligibility>
  <overall_official>
    <last_name>Eman Mosaad, MD</last_name>
    <role>Study Director</role>
    <affiliation>South Egypt Cancer Institute</affiliation>
  </overall_official>
  <location>
    <facility>
      <name>South Egypt Cancer Institute</name>
      <address>
        <city>Assiut</city>
        <zip>71515</zip>
        <country>Egypt</country>
      </address>
    </facility>
  </location>
  <location_countries>
    <country>Egypt</country>
  </location_countries>
  <reference>
    <citation>Ashok V, Ranganathan R, Chander S, Damodar S, Bhat S, S NK, A SK, Jadav SS, Rajashekaraiah M, T S S. Comparison of Diagnostic Yield of a FISH Panel Against Conventional Cytogenetic Studies for Hematological Malignancies: A South Indian Referral Laboratory Analysis Of 201 Cases. Asian Pac J Cancer Prev. 2017 Dec 29;18(12):3457-3464. doi: 10.22034/APJCP.2017.18.12.3457.</citation>
    <PMID>29286619</PMID>
  </reference>
  <reference>
    <citation>Cantu ES, Dong H, Forsyth DR, Espinoza FP, Papenhausen PR. Discrepant Cytogenetic and Interphase Fluorescence In Situ Hybridization (I-FISH) Results from Bone Marrow Specimens of Patients with Hematologic Neoplasms. Ann Clin Lab Sci. 2018 May;48(3):264-272.</citation>
    <PMID>29970427</PMID>
  </reference>
  <reference>
    <citation>He R, Wiktor AE, Hanson CA, Ketterling RP, Kurtin PJ, Van Dyke DL, Litzow MR, Howard MT, Reichard KK. Conventional karyotyping and fluorescence in situ hybridization: an effective utilization strategy in diagnostic adult acute myeloid leukemia. Am J Clin Pathol. 2015 Jun;143(6):873-8. doi: 10.1309/AJCPP6LVMQG4LNCK. Erratum In: Am J Clin Pathol. 2015 Jul;144(1):175. Howard, Matthew H [corrected to Howard, Matthew T].</citation>
    <PMID>25972330</PMID>
  </reference>
  <reference>
    <citation>Kearney L. Multiplex-FISH (M-FISH): technique, developments and applications. Cytogenet Genome Res. 2006;114(3-4):189-98. doi: 10.1159/000094202.</citation>
    <PMID>16954655</PMID>
  </reference>
  <reference>
    <citation>Kokate P, Dalvi R, Koppaka N, Mandava S. Prognostic classification of MDS is improved by the inclusion of FISH panel testing with conventional cytogenetics. Cancer Genet. 2017 Oct;216-217:120-127. doi: 10.1016/j.cancergen.2017.05.004. Epub 2017 Aug 16.</citation>
    <PMID>29025586</PMID>
  </reference>
  <reference>
    <citation>Mohr B, Bornhauser M, Thiede C, Schakel U, Schaich M, Illmer T, Pascheberg U, Ehninger G. Comparison of spectral karyotyping and conventional cytogenetics in 39 patients with acute myeloid leukemia and myelodysplastic syndrome. Leukemia. 2000 Jun;14(6):1031-8. doi: 10.1038/sj.leu.2401775.</citation>
    <PMID>10865969</PMID>
  </reference>
  <reference>
    <citation>Peterson JF, Aggarwal N, Smith CA, Gollin SM, Surti U, Rajkovic A, Swerdlow SH, Yatsenko SA. Integration of microarray analysis into the clinical diagnosis of hematological malignancies: How much can we improve cytogenetic testing? Oncotarget. 2015 Aug 7;6(22):18845-62. doi: 10.18632/oncotarget.4586.</citation>
    <PMID>26299921</PMID>
  </reference>
  <reference>
    <citation>Sreekantaiah C. FISH panels for hematologic malignancies. Cytogenet Genome Res. 2007;118(2-4):284-96. doi: 10.1159/000108312.</citation>
    <PMID>18000382</PMID>
  </reference>
  <reference>
    <citation>Vance GH, Kim H, Hicks GA, Cherry AM, Higgins R, Hulshizer RL, Tallman MS, Fernandez HF, Dewald GW. Utility of interphase FISH to stratify patients into cytogenetic risk categories at diagnosis of AML in an Eastern Cooperative Oncology Group (ECOG) clinical trial (E1900). Leuk Res. 2007 May;31(5):605-9. doi: 10.1016/j.leukres.2006.07.026. Epub 2006 Sep 22.</citation>
    <PMID>16996130</PMID>
  </reference>
  <reference>
    <citation>Wheeler FC, Kim AS, Mosse CA, Shaver AC, Yenamandra A, Seegmiller AC. Limited Utility of Fluorescence In Situ Hybridization for Recurrent Abnormalities in Acute Myeloid Leukemia at Diagnosis and Follow-up. Am J Clin Pathol. 2018 Mar 29;149(5):418-424. doi: 10.1093/ajcp/aqy002.</citation>
    <PMID>29538617</PMID>
  </reference>
  <reference>
    <citation>Wolff DJ, Bagg A, Cooley LD, Dewald GW, Hirsch BA, Jacky PB, Rao KW, Rao PN; Association for Molecular Pathology Clinical Practice Committee; American College of Medical Genetics Laboratory Quality Assurance Committee. Guidance for fluorescence in situ hybridization testing in hematologic disorders. J Mol Diagn. 2007 Apr;9(2):134-43. doi: 10.2353/jmoldx.2007.060128.</citation>
    <PMID>17384204</PMID>
  </reference>
  <reference>
    <citation>Zhang FF, Murata-Collins JL, Gaytan P, Forman SJ, Kopecky KJ, Willman CL, Appelbaum FR, Slovak ML. Twenty-four-color spectral karyotyping reveals chromosome aberrations in cytogenetically normal acute myeloid leukemia. Genes Chromosomes Cancer. 2000 Jul;28(3):318-28. doi: 10.1002/1098-2264(200007)28:33.0.co;2-m.</citation>
    <PMID>10862038</PMID>
  </reference>
  <verification_date>March 2022</verification_date>
  <study_first_submitted>October 23, 2018</study_first_submitted>
  <study_first_submitted_qc>October 24, 2018</study_first_submitted_qc>
  <study_first_posted type="Actual">October 25, 2018</study_first_posted>
  <last_update_submitted>March 7, 2022</last_update_submitted>
  <last_update_submitted_qc>March 7, 2022</last_update_submitted_qc>
  <last_update_posted type="Actual">March 9, 2022</last_update_posted>
  <responsible_party>
    <responsible_party_type>Principal Investigator</responsible_party_type>
    <investigator_affiliation>Assiut University</investigator_affiliation>
    <investigator_full_name>Ahmed Makboul Ahmed Makboul</investigator_full_name>
    <investigator_title>Assistant Lecturer</investigator_title>
  </responsible_party>
  <keyword>M-FISH, FISH, AML</keyword>
  <condition_browse>
    <!-- CAUTION:  The following MeSH terms are assigned with an imperfect algorithm            -->
    <mesh_term>Leukemia</mesh_term>
    <mesh_term>Leukemia, Myeloid</mesh_term>
    <mesh_term>Leukemia, Myeloid, Acute</mesh_term>
  </condition_browse>
  <patient_data>
    <sharing_ipd>Undecided</sharing_ipd>
  </patient_data>
  <!-- Results have not yet been posted for this study                                          -->
</clinical_study>

