<?xml version="1.0" encoding="UTF-8"?>
<clinical_study rank="298">
  <!-- This xml conforms to an XML Schema at:
    https://clinicaltrials.gov/ct2/html/images/info/public.xsd -->
  <required_header>
    <download_date>ClinicalTrials.gov processed this data on February 06, 2024</download_date>
    <link_text>Link to the current ClinicalTrials.gov record.</link_text>
    <url>https://clinicaltrials.gov/ct2/show/NCT04174612</url>
  </required_header>
  <id_info>
    <org_study_id>AML1919</org_study_id>
    <nct_id>NCT04174612</nct_id>
  </id_info>
  <brief_title>AML Patients Bearing FLT3 Mutations Based on Peripheral Blast Clearance</brief_title>
  <acronym>AMELIORATE</acronym>
  <official_title>A Phase 3, Prospective, Randomized Multi-center Intervention Trial of Early Intensification in AML Patients Bearing FLT3 Mutations Based on Peripheral Blast Clearance: A MYNERVA-GIMEMA Study</official_title>
  <sponsors>
    <lead_sponsor>
      <agency>Gruppo Italiano Malattie EMatologiche dell'Adulto</agency>
      <agency_class>Other</agency_class>
    </lead_sponsor>
  </sponsors>
  <source>Gruppo Italiano Malattie EMatologiche dell'Adulto</source>
  <oversight_info>
    <has_dmc>Yes</has_dmc>
    <is_fda_regulated_drug>No</is_fda_regulated_drug>
    <is_fda_regulated_device>No</is_fda_regulated_device>
  </oversight_info>
  <brief_summary>
    <textblock>
      Prospective, multi-center, interventional, randomized, open clinical trial for the treatment&#xD;
      of acute myeloid leukemia with FLT3 mutations customized upon the prognostic parameter PBC&#xD;
    </textblock>
  </brief_summary>
  <overall_status>Recruiting</overall_status>
  <start_date type="Actual">April 24, 2020</start_date>
  <completion_date type="Anticipated">August 1, 2025</completion_date>
  <primary_completion_date type="Anticipated">December 2022</primary_completion_date>
  <phase>Phase 3</phase>
  <study_type>Interventional</study_type>
  <has_expanded_access>No</has_expanded_access>
  <study_design_info>
    <allocation>Randomized</allocation>
    <intervention_model>Parallel Assignment</intervention_model>
    <primary_purpose>Treatment</primary_purpose>
    <masking>None (Open Label)</masking>
  </study_design_info>
  <primary_outcome>
    <measure>Event Free Survival</measure>
    <time_frame>2,5 years</time_frame>
    <description>Improvement of outcome measured as event-free survival (EFS) in patients with FLT3+ acute myeloid leukemia who are predicted to have low chemosensitivity, as defined upon the biomarker &quot;peripheral blast clearance (PBC)&quot;, following the application of an early intensification of overall treatment, both in induction (high-doses delivery) and in consolidation (allocation to allogeneic transplant) phase, compared with standard regimens</description>
  </primary_outcome>
  <secondary_outcome>
    <measure>Adverse events rate</measure>
    <time_frame>2,5 years</time_frame>
    <description>Adverse events rate according to CTCAE criteria</description>
  </secondary_outcome>
  <secondary_outcome>
    <measure>Rate of death in aplasia</measure>
    <time_frame>2 months</time_frame>
    <description>rate of death in aplasia</description>
  </secondary_outcome>
  <secondary_outcome>
    <measure>Neutrophil recovery</measure>
    <time_frame>2 months</time_frame>
    <description>Median number of days for neutrophil recovery</description>
  </secondary_outcome>
  <secondary_outcome>
    <measure>platelet recovery</measure>
    <time_frame>2 months</time_frame>
    <description>Median number of days for platelet recovery</description>
  </secondary_outcome>
  <secondary_outcome>
    <measure>CR rate</measure>
    <time_frame>6 months</time_frame>
    <description>Complete remission rate after induction</description>
  </secondary_outcome>
  <secondary_outcome>
    <measure>DFS</measure>
    <time_frame>2 years</time_frame>
    <description>Disease-free survival</description>
  </secondary_outcome>
  <secondary_outcome>
    <measure>OS</measure>
    <time_frame>2 years</time_frame>
    <description>Overall survival</description>
  </secondary_outcome>
  <secondary_outcome>
    <measure>CIR</measure>
    <time_frame>2 years</time_frame>
    <description>Cumulative incidence of relapse</description>
  </secondary_outcome>
  <secondary_outcome>
    <measure>MRD assessment</measure>
    <time_frame>6 months</time_frame>
    <description>MRD negativity rate at the end of induction and consolidation</description>
  </secondary_outcome>
  <number_of_arms>2</number_of_arms>
  <enrollment type="Anticipated">172</enrollment>
  <condition>Acute Myeloid Leukemia With FLT3/ITD Mutation</condition>
  <arm_group>
    <arm_group_label>Standard clinical treatment</arm_group_label>
    <arm_group_type>Active Comparator</arm_group_type>
    <description>Patients will complete &quot;3+7&quot; + Midostaurin induction course.</description>
  </arm_group>
  <arm_group>
    <arm_group_label>Experimental treatment</arm_group_label>
    <arm_group_type>Experimental</arm_group_type>
    <description>The experimental arm will provide 2 main modifications compared to standard:&#xD;
i) immediate switch to intensified induction with high-doses Cytarabine (on days 5, 6 and 7 of induction) ii) early allocation to high-risk disease category to be refined according to ELN stratification and post induction MRD status</description>
  </arm_group>
  <intervention>
    <intervention_type>Drug</intervention_type>
    <intervention_name>Cytarabine</intervention_name>
    <description>100 mg/m2/bid day 1-3 100 mg/m2/die day 4-7</description>
    <arm_group_label>Standard clinical treatment</arm_group_label>
  </intervention>
  <intervention>
    <intervention_type>Drug</intervention_type>
    <intervention_name>Daunorubicin</intervention_name>
    <description>60 mg/m2/die day 1-3</description>
    <arm_group_label>Experimental treatment</arm_group_label>
    <arm_group_label>Standard clinical treatment</arm_group_label>
  </intervention>
  <intervention>
    <intervention_type>Drug</intervention_type>
    <intervention_name>Midostaurin</intervention_name>
    <description>50 mg/bid day 8-21</description>
    <arm_group_label>Experimental treatment</arm_group_label>
    <arm_group_label>Standard clinical treatment</arm_group_label>
  </intervention>
  <intervention>
    <intervention_type>Drug</intervention_type>
    <intervention_name>Cytarabine HD</intervention_name>
    <description>100 mg/m2/bid day 1-3 100 mg/m2/die day 4 1.500 mg bid day 5-7</description>
    <arm_group_label>Experimental treatment</arm_group_label>
  </intervention>
  <eligibility>
    <criteria>
      <textblock>
        Inclusion Criteria:&#xD;
&#xD;
          1. Patients with de novo AML, untreated, newly diagnosed, according to WHO 2016 criteria&#xD;
&#xD;
          2. Presence of a mutation of FLT3 gene, either ITD and/or TKD&#xD;
&#xD;
          3. Adequate availability of diagnostic biologic material for full cytological,&#xD;
             cytogenetic, genetic and immunophenotypic disease characterization according to ELN&#xD;
             criteria.&#xD;
&#xD;
          4. Presence of morphologically identifiable blasts on peripheral blood at diagnosis&#xD;
&#xD;
          5. Presence of a Leukemia-associated aberrant immune-phenotype (LAIP) as assessed by MFC&#xD;
             (multiparametric flow cytometry) at diagnosis&#xD;
&#xD;
          6. Age between 18 and 65 years, included&#xD;
&#xD;
          7. ECOG performance status 0-2 or disease-related reversible ECOG 3 score following&#xD;
             adequate supportive care.&#xD;
&#xD;
          8. Signed written informed consent according to ICH/EU/GCP and national local laws&#xD;
&#xD;
        Exclusion Criteria:&#xD;
&#xD;
          1. Diagnosis of acute promyelocytic leukemia&#xD;
&#xD;
          2. Diagnosis of AML with t(8;21)(q22:q22)/RUNX1-RUNX1T1 and t(16;16)(p13:q22) or&#xD;
             inversion of chromosome 16 (16)(p13q22)/CBFB-MYH11; in case of suspicion of&#xD;
             CBF-related AML due to morphological and/or immunophenotypic features, specific FISH&#xD;
             or molecular testing is strongly recommended in accordance with WHO criteria3,157&#xD;
&#xD;
          3. Patients with LVEF less than 45% (by echocardiogram or MUGA)&#xD;
&#xD;
          4. Pre-existing, uncontrolled pathology such as heart failure (congestive/ischaemic,&#xD;
             acute myocardial infarction within the post 3 months, untreatable arrhythmias, NYHA&#xD;
             classes III and IV), sever liver disease with total bilirubin ≥2,5 x ULN and/or ALT&gt;3&#xD;
             ULN (unless attributable to AML), acute or chronic pancreatitis, kidney function&#xD;
             impairment with serum creatinine ≥2,5 (unless attributable to AML) and severe&#xD;
             neuropsychiatric disorder that impairs the patient's ability to understand and sign&#xD;
             the informed consent or to cope with the intended treatment plan. For altered liver,&#xD;
             pancreas and kidney function tests, eligibility criteria can be reassessed at 24-96&#xD;
             hours, following the institution of adequate supportive measures.&#xD;
&#xD;
          5. Uncontrolled bacterial or fungal infections&#xD;
&#xD;
          6. QTc &gt;470 msec on screening ECG (Fridericia's formula)&#xD;
&#xD;
          7. A history of cancer that is not in remission phase following surgery and/or&#xD;
             chemotherapy and/or radiotherapy with life expectancy &lt; 1 year.&#xD;
&#xD;
          8. Pregnancy declared by the patient herself. A pregnancy test is performed at diagnosis&#xD;
             and, if applicable, before allogeneic HSCT . Female and male patients who are fertile&#xD;
             must agree to use an effective form of contraception with their sexual partners from&#xD;
             enrollment through 4 months after the end of treatment.&#xD;
      </textblock>
    </criteria>
    <gender>All</gender>
    <minimum_age>18 Years</minimum_age>
    <maximum_age>65 Years</maximum_age>
    <healthy_volunteers>No</healthy_volunteers>
  </eligibility>
  <overall_contact>
    <last_name>Paola Fazi</last_name>
    <phone>0670390528</phone>
    <email>p.fazi@gimema.it</email>
  </overall_contact>
  <overall_contact_backup>
    <last_name>Enrico Crea</last_name>
    <phone>0670390514</phone>
    <email>e.crea@gimema.it</email>
  </overall_contact_backup>
  <location>
    <facility>
      <name>Aou Consorziale Policlinico - Bari - Uo Ematologia Con Trapianto</name>
      <address>
        <city>Bari</city>
        <country>Italy</country>
      </address>
    </facility>
    <status>Recruiting</status>
    <contact>
      <last_name>Francesco Albano</last_name>
      <email>francesco.albano@uniba.it</email>
    </contact>
  </location>
  <location>
    <facility>
      <name>Irccs Oncologico Istituto Tumori Giovanni Paolo Ii - Bari - Uo Ematologia</name>
      <address>
        <city>Bari</city>
        <country>Italy</country>
      </address>
    </facility>
    <status>Recruiting</status>
    <contact>
      <last_name>Crescenza Pasciolla</last_name>
      <email>c.pasciolla@oncologico.bari.it</email>
    </contact>
  </location>
  <location>
    <facility>
      <name>Aou Di Bologna - Policlinico S. Orsola-Malpighi - Uoc Ematologia</name>
      <address>
        <city>Bologna</city>
        <country>Italy</country>
      </address>
    </facility>
    <status>Recruiting</status>
    <contact>
      <last_name>Antonio Curti</last_name>
      <email>antonio.curti2@unibo.it</email>
    </contact>
  </location>
  <location>
    <facility>
      <name>Asst Degli Spedali Civili Di Brescia - Uo Ematologia</name>
      <address>
        <city>Brescia</city>
        <country>Italy</country>
      </address>
    </facility>
    <status>Recruiting</status>
    <contact>
      <last_name>Chiara Cattaneo</last_name>
      <email>chiara.cattaneo@libero.it</email>
    </contact>
  </location>
  <location>
    <facility>
      <name>Aou Careggi- Sod Ematologia</name>
      <address>
        <city>Firenze</city>
        <country>Italy</country>
      </address>
    </facility>
    <status>Recruiting</status>
    <contact>
      <last_name>Vannucchi</last_name>
    </contact>
    <investigator>
      <last_name>Alessandro Vannucchi</last_name>
      <role>Principal Investigator</role>
    </investigator>
  </location>
  <location>
    <facility>
      <name>Asl Latina, Presidio Ospedaliero Nord - Ospedale Santa Maria Goretti - Uoc Ematologia</name>
      <address>
        <city>Latina</city>
        <country>Italy</country>
      </address>
    </facility>
    <status>Recruiting</status>
    <contact>
      <last_name>Giuseppe U Cimino</last_name>
      <phone>3495378159</phone>
      <email>cimino@bce.uniroma1.it</email>
    </contact>
  </location>
  <location>
    <facility>
      <name>Asl Lecce, Ospedale 'V. Fazzi' - Uo Ematologia</name>
      <address>
        <city>Lecce</city>
        <country>Italy</country>
      </address>
    </facility>
    <status>Recruiting</status>
    <contact>
      <last_name>Nicola Di Renzo</last_name>
      <phone>3388178577</phone>
      <email>direnzo.ematolecce@gmail.com</email>
    </contact>
  </location>
  <location>
    <facility>
      <name>Aulss 3 Serenissima, Ospedale Dell'Angelo - Mestre - Uo Ematologia</name>
      <address>
        <city>Mestre</city>
        <country>Italy</country>
      </address>
    </facility>
    <status>Recruiting</status>
    <contact>
      <last_name>Renato Bassan</last_name>
      <phone>3398508691</phone>
      <email>Renato.Bassan@aulss3.veneto.it</email>
    </contact>
  </location>
  <location>
    <facility>
      <name>Aou San Luigi Gonzaga - Orbassano - Scdu Ematologia Generale E Oncoematologia</name>
      <address>
        <city>Orbassano</city>
        <country>Italy</country>
      </address>
    </facility>
    <status>Recruiting</status>
    <contact>
      <last_name>Daniela E Cilloni</last_name>
      <phone>3332818086</phone>
      <email>daniela.cilloni@unito.it</email>
    </contact>
  </location>
  <location>
    <facility>
      <name>Ao Ospedali Riuniti Villa Sofia Cervello - Palermo - Uo Ematologia Con Utmo</name>
      <address>
        <city>Palermo</city>
        <country>Italy</country>
      </address>
    </facility>
    <status>Recruiting</status>
    <contact>
      <last_name>Antonino C Mulè</last_name>
      <email>a.mule@villasofia.it</email>
    </contact>
  </location>
  <location>
    <facility>
      <name>Aou Policlinico P. Giaccone - Palermo - Uo Ematologia</name>
      <address>
        <city>Palermo</city>
        <country>Italy</country>
      </address>
    </facility>
    <status>Recruiting</status>
    <contact>
      <last_name>Maria Enza U Mitra</last_name>
      <email>memitra@yahoo.com</email>
    </contact>
  </location>
  <location>
    <facility>
      <name>Fondazione Ircss Policlinico San Matteo - Pavia - Uo Ematologia</name>
      <address>
        <city>Pavia</city>
        <country>Italy</country>
      </address>
    </facility>
    <status>Recruiting</status>
    <contact>
      <last_name>Patrizia U Zappasodi</last_name>
      <email>p.zappasodi@smatteo.pv.it</email>
    </contact>
  </location>
  <location>
    <facility>
      <name>Ausl Della Romagna, Ospedale &quot;Santa Maria Delle Croci&quot; - Ravenna - Ematologia</name>
      <address>
        <city>Ravenna</city>
        <country>Italy</country>
      </address>
    </facility>
    <status>Recruiting</status>
    <contact>
      <last_name>Michela Rondoni</last_name>
      <email>michela.rondoni@auslromagna.it</email>
    </contact>
  </location>
  <location>
    <facility>
      <name>Grande Ospedale Metropolitano &quot;Bianchi-Melacrino-Morelli&quot; Po E. Morelli - Reggio Calabria - Uoc Ematologia</name>
      <address>
        <city>Reggio Calabria</city>
        <country>Italy</country>
      </address>
    </facility>
    <status>Recruiting</status>
    <contact>
      <last_name>Bruno Marino Martino</last_name>
      <phone>3489335096</phone>
      <email>brunmartin54@gmail.com</email>
    </contact>
  </location>
  <location>
    <facility>
      <name>Ausl Di Reggio Emilia - Arcispedale Santa Maria Nuova, Irccs - Sc Ematologia</name>
      <address>
        <city>Reggio Emilia</city>
        <country>Italy</country>
      </address>
    </facility>
    <status>Recruiting</status>
    <contact>
      <last_name>Alessia S Tieghi</last_name>
      <email>alessia.tieghi@ausl.re.it</email>
    </contact>
  </location>
  <location>
    <facility>
      <name>C.R.O.B. - I.R.C.C.S. - Rionero in Volture - Uoc Ematologia</name>
      <address>
        <city>Rionero In Vulture</city>
        <country>Italy</country>
      </address>
    </facility>
    <status>Recruiting</status>
    <contact>
      <last_name>Giuseppe U Pietrantuono</last_name>
      <email>giuseppe.pietrantuono@crob.it</email>
    </contact>
  </location>
  <location>
    <facility>
      <name>Aou Policlinico Tor Vergata - Roma - Uoc Trapianto Cellule Staminali</name>
      <address>
        <city>Roma</city>
        <country>Italy</country>
      </address>
    </facility>
    <status>Recruiting</status>
    <contact>
      <last_name>Adriano Venditti</last_name>
      <email>adriano.venditti@uniroma2.it</email>
    </contact>
  </location>
  <location>
    <facility>
      <name>Aou Senese - Uoc Ematologia E Trapianti</name>
      <address>
        <city>Siena</city>
        <country>Italy</country>
      </address>
    </facility>
    <status>Recruiting</status>
    <contact>
      <last_name>Monica Bocchia</last_name>
      <email>bocchia@unisi.it</email>
    </contact>
  </location>
  <location>
    <facility>
      <name>Aou Città Della Salute E Della Scienza, Ospedale S. Giovanni Battista Molinette - Torino - Sc Ematologia 2</name>
      <address>
        <city>Torino</city>
        <country>Italy</country>
      </address>
    </facility>
    <status>Recruiting</status>
    <contact>
      <last_name>Ernesta E Audisio</last_name>
      <email>eaudisio@cittadellasalute.to.it</email>
    </contact>
  </location>
  <location>
    <facility>
      <name>Ospedale Mauriziano Umberto I - Torino - Scdu Ematologia</name>
      <address>
        <city>Torino</city>
        <country>Italy</country>
      </address>
    </facility>
    <status>Recruiting</status>
    <contact>
      <last_name>Alessandro Cignetti</last_name>
      <email>alessandro.cignetti@unito.it</email>
    </contact>
  </location>
  <location_countries>
    <country>Italy</country>
  </location_countries>
  <verification_date>March 2022</verification_date>
  <study_first_submitted>November 11, 2019</study_first_submitted>
  <study_first_submitted_qc>November 20, 2019</study_first_submitted_qc>
  <study_first_posted type="Actual">November 22, 2019</study_first_posted>
  <last_update_submitted>March 1, 2022</last_update_submitted>
  <last_update_submitted_qc>March 1, 2022</last_update_submitted_qc>
  <last_update_posted type="Actual">March 2, 2022</last_update_posted>
  <responsible_party>
    <responsible_party_type>Sponsor</responsible_party_type>
  </responsible_party>
  <intervention_browse>
    <!-- CAUTION:  The following MeSH terms are assigned with an imperfect algorithm            -->
    <mesh_term>Cytarabine</mesh_term>
    <mesh_term>Daunorubicin</mesh_term>
    <mesh_term>Midostaurin</mesh_term>
  </intervention_browse>
  <!-- Results have not yet been posted for this study                                          -->
</clinical_study>

