<?xml version="1.0" encoding="UTF-8"?>
<clinical_study rank="251">
  <!-- This xml conforms to an XML Schema at:
    https://clinicaltrials.gov/ct2/html/images/info/public.xsd -->
  <required_header>
    <download_date>ClinicalTrials.gov processed this data on February 06, 2024</download_date>
    <link_text>Link to the current ClinicalTrials.gov record.</link_text>
    <url>https://clinicaltrials.gov/ct2/show/NCT05907057</url>
  </required_header>
  <id_info>
    <org_study_id>DIM-95031-006</org_study_id>
    <secondary_id>2022-501709-11</secondary_id>
    <nct_id>NCT05907057</nct_id>
  </id_info>
  <brief_title>An Open-label Phase 3b Study of Ivosidenib in Combination With Azacitidine in Adult Patients Newly Diagnosed With IDH1m Acute Myeloid Leukemia (AML) Ineligible for Intensive Induction Chemotherapy.</brief_title>
  <official_title>A Single Arm, Open-label Phase 3b Study to Describe the Safety and Tolerability of Ivosidenib in Combination With Azacitidine in Adult Patients Newly Diagnosed With IDH1m Acute Myeloid Leukemia (AML) Ineligible for Intensive Induction Chemotherapy</official_title>
  <sponsors>
    <lead_sponsor>
      <agency>Servier Affaires Médicales</agency>
      <agency_class>Industry</agency_class>
    </lead_sponsor>
  </sponsors>
  <source>Servier</source>
  <oversight_info>
    <has_dmc>No</has_dmc>
    <is_fda_regulated_drug>Yes</is_fda_regulated_drug>
    <is_fda_regulated_device>No</is_fda_regulated_device>
    <is_us_export>Yes</is_us_export>
  </oversight_info>
  <brief_summary>
    <textblock>
      The purpose of this study is to learn more about the safety and efficacy of ivosidenib taken&#xD;
      with azacitidine to treat adult patients with acute myeloid leukemia (AML) who are presenting&#xD;
      a gene mutation called IDH1 (isocitrate dehydrogenase1 mutation-positive [IDH1m]) and cannot&#xD;
      receive treatment with intensive chemotherapy (IC).&#xD;
    </textblock>
  </brief_summary>
  <detailed_description>
    <textblock>
      Participants who are eligible and enroll in the study will attend a study visit on the first&#xD;
      day of each 28-day cycle. Study visits will consist of a physical exam, blood work,&#xD;
      electrocardiogram (ECG) and other assessments. After treatment discontinuation participants&#xD;
      will be contacted every 12 weeks through the end of the study (currently planned for 2026) to&#xD;
      assess survival. The study drug, Ivosidenib, will be taken once daily throughout the duration&#xD;
      of participation in the study, and Azacitidine will only be administered for 7 days at the&#xD;
      beginning of each 28 day cycle. If at any point ivosidenib is made available as a medical&#xD;
      prescription at the patient's site, the patient will switch to commercial product and will&#xD;
      continue to be followed according to the protocol.&#xD;
    </textblock>
  </detailed_description>
  <overall_status>Recruiting</overall_status>
  <start_date type="Actual">June 14, 2023</start_date>
  <completion_date type="Anticipated">December 15, 2026</completion_date>
  <primary_completion_date type="Anticipated">January 1, 2026</primary_completion_date>
  <phase>Phase 3</phase>
  <study_type>Interventional</study_type>
  <has_expanded_access>No</has_expanded_access>
  <study_design_info>
    <allocation>N/A</allocation>
    <intervention_model>Single Group Assignment</intervention_model>
    <primary_purpose>Treatment</primary_purpose>
    <masking>None (Open Label)</masking>
  </study_design_info>
  <primary_outcome>
    <measure>Number of Adverse Events (AEs)</measure>
    <time_frame>up to week 116</time_frame>
    <description>Adverse events (AEs) will be graded according to the CTCAE v5.0</description>
  </primary_outcome>
  <primary_outcome>
    <measure>Number of Serious Adverse Events (SAEs)</measure>
    <time_frame>up to week 116</time_frame>
    <description>Adverse events (AEs) will be graded according to the CTCAE v5.0</description>
  </primary_outcome>
  <primary_outcome>
    <measure>Differentiation Syndrome of Grade 2 or higher</measure>
    <time_frame>up to week 116</time_frame>
  </primary_outcome>
  <primary_outcome>
    <measure>Number of Adverse Events (AEs) leading to ivosidenib + azacitidine discontinuation</measure>
    <time_frame>up to week 112</time_frame>
  </primary_outcome>
  <primary_outcome>
    <measure>Number of Adverse Events (AEs) leading to ivosidenib + azacitidine interruption</measure>
    <time_frame>up to week 112</time_frame>
  </primary_outcome>
  <primary_outcome>
    <measure>Number of Adverse Events (AEs) leading to ivosidenib + azacitidine dose reduction</measure>
    <time_frame>up to week 112</time_frame>
  </primary_outcome>
  <primary_outcome>
    <measure>Number of Adverse Events (AEs) leading to death</measure>
    <time_frame>up to week 116</time_frame>
  </primary_outcome>
  <primary_outcome>
    <measure>Number of clinical laboratory anomalies assessed as Adverse Events (AEs)</measure>
    <time_frame>up to week 116</time_frame>
  </primary_outcome>
  <primary_outcome>
    <measure>Number of patients requiring transfusion (platelet and RBC) and the average number of units transfused</measure>
    <time_frame>up to week 116</time_frame>
  </primary_outcome>
  <primary_outcome>
    <measure>Rate of infections</measure>
    <time_frame>up to week 116</time_frame>
    <description>Infection rates will be summarized by classification and will include a count and proportion.</description>
  </primary_outcome>
  <primary_outcome>
    <measure>QT Prolongation event assessed as Grade 3 or higher</measure>
    <time_frame>up to week 116</time_frame>
  </primary_outcome>
  <secondary_outcome>
    <measure>Event-free survival (EFS)</measure>
    <time_frame>up to week 116</time_frame>
  </secondary_outcome>
  <secondary_outcome>
    <measure>Proportion of patients who achieve a complete remission (CR)</measure>
    <time_frame>up to week 116</time_frame>
  </secondary_outcome>
  <secondary_outcome>
    <measure>Proportion of patients who achieve complete remission plus complete remission with partial hematologic recovery rate (CR + CRh)</measure>
    <time_frame>up to week 116</time_frame>
  </secondary_outcome>
  <secondary_outcome>
    <measure>Proportion of patients who achieve complete remission plus complete remission with incomplete hematologic recovery rate (CR + CRi)</measure>
    <time_frame>up to week 116</time_frame>
  </secondary_outcome>
  <secondary_outcome>
    <measure>Duration of response (DOR)</measure>
    <time_frame>up to week 116</time_frame>
  </secondary_outcome>
  <secondary_outcome>
    <measure>Time to response (TTR)</measure>
    <time_frame>up to week 116</time_frame>
  </secondary_outcome>
  <secondary_outcome>
    <measure>Overall survival (OS)</measure>
    <time_frame>until study closure</time_frame>
  </secondary_outcome>
  <secondary_outcome>
    <measure>Quality of life (QoL), as measured by Hematologic Malignancy-Patient-Reported Outcome (HM-PRO)</measure>
    <time_frame>up to week 116</time_frame>
    <description>For patients with a baseline assessment and at least 1 post-baseline assessment that generates a score</description>
  </secondary_outcome>
  <secondary_outcome>
    <measure>Quality of life (QoL), as measured by Family Reported Outcome Measure (FROM-16), for caregivers and/or family</measure>
    <time_frame>up to week 116</time_frame>
    <description>For patients with a baseline assessment and at least 1 post-baseline assessment that generates a score</description>
  </secondary_outcome>
  <secondary_outcome>
    <measure>Health economic measures, as assessed by the 5-level EuroQol 5-Dimensions (EQ-5D-5L)</measure>
    <time_frame>up to week 116</time_frame>
    <description>For patients with a baseline assessment and at least 1 post-baseline assessment that generate a score</description>
  </secondary_outcome>
  <secondary_outcome>
    <measure>Average proportion of days at home</measure>
    <time_frame>up to week 116</time_frame>
    <description>Defined by subtracting the number of care days (days hospitalized or seen in an ED / oncology clinic / infusion center) from the total days of follow-up, divided by total days of follow-up</description>
  </secondary_outcome>
  <number_of_arms>1</number_of_arms>
  <enrollment type="Anticipated">245</enrollment>
  <condition>Acute Myeloid Leukemia (AML)</condition>
  <arm_group>
    <arm_group_label>Open-Label Ivosidenib in combination with Azacitidine</arm_group_label>
    <arm_group_type>Experimental</arm_group_type>
    <description>All participants will receive both Ivosidenib and Azacitidine for a maximum of 28 cycles. Each cycle will be 4 weeks or 28 days long. Ivosidenib will be taken continuously throughout each cycle and Azacitidine will be taken only for 7 days at the beginning of each cycle.</description>
  </arm_group>
  <intervention>
    <intervention_type>Drug</intervention_type>
    <intervention_name>Ivosidenib 500mg Oral Tablet</intervention_name>
    <description>Provided as tablets, taken orally as two 250mg tablets once daily.</description>
    <arm_group_label>Open-Label Ivosidenib in combination with Azacitidine</arm_group_label>
  </intervention>
  <intervention>
    <intervention_type>Drug</intervention_type>
    <intervention_name>Azacitidine</intervention_name>
    <description>Administered subcutaneously (SC) or intravenously (IV) at a dose of 75mg/m2/day for 7 days, either consecutively on Days 1-7 or discontinuously for Days 1-5 and 8-9 of each cycle. The 7 days of administration will occur at the beginning of every 4 week-long cycle.</description>
    <arm_group_label>Open-Label Ivosidenib in combination with Azacitidine</arm_group_label>
  </intervention>
  <eligibility>
    <criteria>
      <textblock>
        Inclusion Criteria:&#xD;
&#xD;
          -  Has untreated Acute Myeloid Leukemia (AML)&#xD;
&#xD;
          -  Have a documented IDH1 R132 gene-mutated disease&#xD;
&#xD;
          -  Have at least one of the following making yourself ineligible for intensive&#xD;
             chemotherapy (IC): 75 years or older, Eastern Cooperative Oncology Group Performance&#xD;
             Status (ECOG PS) of 2, or any comorbidity that the investigator judges to be&#xD;
             incompatible with IC including but not limited to severe cardiac or pulmonary&#xD;
             disorder, creatinine clearance less than 45 mL/minute, or bilirubin greater than 1.5&#xD;
             times the upper limit of normal&#xD;
&#xD;
          -  Has adequate hepatic (liver) and renal (kidney) function&#xD;
&#xD;
          -  Female participants of reproductive potential must have a negative blood pregnancy&#xD;
             test and must use effective contraception during treatment and for at least 6 months&#xD;
             following treatment&#xD;
&#xD;
          -  Fertile male participants with female partners of reproductive potential must use&#xD;
             effective contraception during treatment and for at least 3 months following treatment&#xD;
&#xD;
        Exclusion Criteria:&#xD;
&#xD;
          -  Has received any prior treatment for AML, with the exception of hydroxyurea or&#xD;
             leukapheresis for white blood cell count control&#xD;
&#xD;
          -  Has received prior treatment with an IDH1 inhibitor&#xD;
&#xD;
          -  Is a woman who is pregnant or breastfeeding&#xD;
&#xD;
          -  Has an active, uncontrolled, systemic fungal, bacterial, or viral infection (including&#xD;
             human immunodeficiency virus [HIV], active hepatitis B (HBV), or hepatitis C virus&#xD;
             [HCV]) without improvement despite appropriate antibiotics, antiviral therapy, and/or&#xD;
             other treatment&#xD;
&#xD;
          -  Has had significant active cardiac disease within 6 months prior to the start of study&#xD;
             treatment, including Class III or IV congestive heart failure, myocardial infarction&#xD;
             (heart attack), unstable angina (chest pain), and/or stroke&#xD;
&#xD;
          -  Has dysphagia (difficulty swallowing), short-gut syndrome, gastroparesis (stomach&#xD;
             paralysis), or any other condition that limits the ingestion or gastrointestinal&#xD;
             absorption of orally administered drugs&#xD;
&#xD;
          -  Has uncontrolled hypertension (high blood pressure)&#xD;
      </textblock>
    </criteria>
    <gender>All</gender>
    <minimum_age>18 Years</minimum_age>
    <maximum_age>N/A</maximum_age>
    <healthy_volunteers>No</healthy_volunteers>
  </eligibility>
  <overall_contact>
    <last_name>Servier Affaires Médicales</last_name>
    <phone>+33 1 55 72 60 00</phone>
    <email>scientificinformation@servier.com</email>
  </overall_contact>
  <location>
    <facility>
      <name>AKH - Medizinische Universität Wien</name>
      <address>
        <city>Vienna</city>
        <zip>1090</zip>
        <country>Austria</country>
      </address>
    </facility>
    <status>Completed</status>
  </location>
  <location>
    <facility>
      <name>Klinikum Wels-Grieskirchen GmbH</name>
      <address>
        <city>Wels</city>
        <zip>4600</zip>
        <country>Austria</country>
      </address>
    </facility>
    <status>Completed</status>
  </location>
  <location>
    <facility>
      <name>Institut Paoli Calmettes</name>
      <address>
        <city>Marseille</city>
        <state>Bouches-du-Rhône</state>
        <zip>13273</zip>
        <country>France</country>
      </address>
    </facility>
    <status>Recruiting</status>
  </location>
  <location>
    <facility>
      <name>CHU CAEN - Hôpital de la Côte de Nacre</name>
      <address>
        <city>Caen</city>
        <state>Calvados</state>
        <zip>14033</zip>
        <country>France</country>
      </address>
    </facility>
    <status>Recruiting</status>
  </location>
  <location>
    <facility>
      <name>CHU de Toulouse pt</name>
      <address>
        <city>Toulouse</city>
        <state>Haute Garonne</state>
        <zip>31059</zip>
        <country>France</country>
      </address>
    </facility>
    <status>Recruiting</status>
  </location>
  <location>
    <facility>
      <name>CHU Rennes - Hopital Pontchaillou</name>
      <address>
        <city>Rennes</city>
        <state>Ille Et Vilaine</state>
        <zip>35033</zip>
        <country>France</country>
      </address>
    </facility>
    <status>Not yet recruiting</status>
  </location>
  <location>
    <facility>
      <name>CHU Angers - Hôpital Hôtel Dieu</name>
      <address>
        <city>Angers</city>
        <state>Liore</state>
        <zip>49100</zip>
        <country>France</country>
      </address>
    </facility>
    <status>Not yet recruiting</status>
  </location>
  <location>
    <facility>
      <name>IRCCS Istituto Scientifico Romagnolo Per Lo Studio Dei Tumori &quot;Dino Amadori&quot; - IRST</name>
      <address>
        <city>Meldola</city>
        <state>Forli-Cesena</state>
        <zip>47014</zip>
        <country>Italy</country>
      </address>
    </facility>
    <status>Recruiting</status>
  </location>
  <location>
    <facility>
      <name>Azienda Socio Sanitaria Territoriale degli Spedali Civili di Brescia (Presidio Spedali Civili)</name>
      <address>
        <city>Brescia</city>
        <zip>25123</zip>
        <country>Italy</country>
      </address>
    </facility>
    <status>Recruiting</status>
  </location>
  <location>
    <facility>
      <name>IRCCS Ospedale Policlinico San Martino</name>
      <address>
        <city>Genova</city>
        <zip>16132</zip>
        <country>Italy</country>
      </address>
    </facility>
    <status>Recruiting</status>
  </location>
  <location>
    <facility>
      <name>Azienda Ospedaliera di Perugia Ospedale S. Maria della Misericordia</name>
      <address>
        <city>Perugia</city>
        <zip>06135</zip>
        <country>Italy</country>
      </address>
    </facility>
    <status>Recruiting</status>
  </location>
  <location>
    <facility>
      <name>Meander Medisch Centrum</name>
      <address>
        <city>Amersfoort</city>
        <zip>3818 AZ</zip>
        <country>Netherlands</country>
      </address>
    </facility>
    <status>Recruiting</status>
  </location>
  <location>
    <facility>
      <name>Amsterdam UMC</name>
      <address>
        <city>Amsterdam</city>
        <zip>1105 AZ</zip>
        <country>Netherlands</country>
      </address>
    </facility>
    <status>Recruiting</status>
  </location>
  <location>
    <facility>
      <name>Rijnstate</name>
      <address>
        <city>Arnhem</city>
        <zip>6815 AD</zip>
        <country>Netherlands</country>
      </address>
    </facility>
    <status>Not yet recruiting</status>
  </location>
  <location>
    <facility>
      <name>Universitair Medisch Centrum Groningen</name>
      <address>
        <city>Groningen</city>
        <zip>9713 GZ</zip>
        <country>Netherlands</country>
      </address>
    </facility>
    <status>Recruiting</status>
  </location>
  <location_countries>
    <country>Austria</country>
    <country>France</country>
    <country>Italy</country>
    <country>Netherlands</country>
  </location_countries>
  <removed_countries>
    <country>Australia</country>
    <country>Germany</country>
    <country>Spain</country>
    <country>Sweden</country>
    <country>United Kingdom</country>
  </removed_countries>
  <verification_date>November 2023</verification_date>
  <study_first_submitted>June 8, 2023</study_first_submitted>
  <study_first_submitted_qc>June 8, 2023</study_first_submitted_qc>
  <study_first_posted type="Actual">June 18, 2023</study_first_posted>
  <last_update_submitted>November 16, 2023</last_update_submitted>
  <last_update_submitted_qc>November 16, 2023</last_update_submitted_qc>
  <last_update_posted type="Actual">November 18, 2023</last_update_posted>
  <responsible_party>
    <responsible_party_type>Sponsor</responsible_party_type>
  </responsible_party>
  <keyword>IDH1 Mutation AML</keyword>
  <condition_browse>
    <!-- CAUTION:  The following MeSH terms are assigned with an imperfect algorithm            -->
    <mesh_term>Leukemia</mesh_term>
    <mesh_term>Leukemia, Myeloid</mesh_term>
    <mesh_term>Leukemia, Myeloid, Acute</mesh_term>
  </condition_browse>
  <intervention_browse>
    <!-- CAUTION:  The following MeSH terms are assigned with an imperfect algorithm            -->
    <mesh_term>Azacitidine</mesh_term>
    <mesh_term>Ivosidenib</mesh_term>
  </intervention_browse>
  <patient_data>
    <sharing_ipd>Yes</sharing_ipd>
    <ipd_description>Qualified scientific and medical researchers can request access to anonymized patient-level and study-level clinical trial data.&#xD;
Access can be requested for all interventional clinical studies:&#xD;
used for Marketing Authorization (MA) of medicines and new indications approved after 1 January 2014 in the European Economic Area (EEA) or the United States (US).&#xD;
where Servier is the Marketing Authorization Holder (MAH). The date of the first MA of the new medicine (or the new indication) in one of the EEA Member States will be considered for this scope.&#xD;
In addition, access can be requested for all interventional clinical studies in patients:&#xD;
sponsored by Servier&#xD;
with a first patient enrolled as of 1 January 2004 onwards&#xD;
for New Chemical Entity or New Biological Entity (new pharmaceutical form excluded) for which development has been terminated before any Marketing authorization (MA) approval.</ipd_description>
    <ipd_info_type>Study Protocol</ipd_info_type>
    <ipd_info_type>Statistical Analysis Plan (SAP)</ipd_info_type>
    <ipd_info_type>Informed Consent Form (ICF)</ipd_info_type>
    <ipd_info_type>Clinical Study Report (CSR)</ipd_info_type>
    <ipd_time_frame>After Marketing Authorization in EEA or US if the study is used for the approval.</ipd_time_frame>
    <ipd_access_criteria>Researchers should register on Servier Data Portal and fill in the research proposal form. This form in four parts should be fully documented. The Research Proposal Form will not be reviewed until all mandatory fields are completed.</ipd_access_criteria>
    <ipd_url>http://clinicaltrials.servier.com/</ipd_url>
  </patient_data>
  <!-- Results have not yet been posted for this study                                          -->
</clinical_study>

