<?xml version="1.0" encoding="UTF-8"?>
<clinical_study rank="362">
  <!-- This xml conforms to an XML Schema at:
    https://clinicaltrials.gov/ct2/html/images/info/public.xsd -->
  <required_header>
    <download_date>ClinicalTrials.gov processed this data on February 06, 2024</download_date>
    <link_text>Link to the current ClinicalTrials.gov record.</link_text>
    <url>https://clinicaltrials.gov/ct2/show/NCT01489722</url>
  </required_header>
  <id_info>
    <org_study_id>D4510C00001</org_study_id>
    <nct_id>NCT01489722</nct_id>
  </id_info>
  <brief_title>Safety, Tolerability, Pharmacokinetics and Efficacy of AZD1208 in Acute Myelogenous Leukemia (AML) Patients</brief_title>
  <official_title>A Phase Ia/Ib, Open-Label, Multicentre, Two-Part Study to Assess the Safety, Tolerability, Pharmacokinetics and Efficacy of AZD1208 Administered Daily in Adult Patients With Recurrent or Refractory Acute Myelogenous Leukemia (AML)</official_title>
  <sponsors>
    <lead_sponsor>
      <agency>AstraZeneca</agency>
      <agency_class>Industry</agency_class>
    </lead_sponsor>
  </sponsors>
  <source>AstraZeneca</source>
  <oversight_info>
    <has_dmc>No</has_dmc>
  </oversight_info>
  <brief_summary>
    <textblock>
      The purpose of this open label study is to evaluate the safety, tolerability,&#xD;
      pharmacokinetics, and efficacy of AZD1208 in patients with recurrent or refractory Acute&#xD;
      Myelogenous Leukemia (AML). This study will have two parts. In Part A, patients will receive&#xD;
      escalating doses to identify the maximum tolerated dose (MTD). In Part B, the efficacy of the&#xD;
      maximum tolerated dose will be evaluated in a expanded group of patients.&#xD;
    </textblock>
  </brief_summary>
  <detailed_description>
    <textblock>
      A Phase Ia/Ib, Open-Label, Multicentre, Two-Part Study to Assess the Safety, Tolerability,&#xD;
      Pharmacokinetics and Efficacy of AZD1208 Administered Daily in Adult Patients with Recurrent&#xD;
      or Refractory Acute Myelogenous Leukemia (AML).&#xD;
    </textblock>
  </detailed_description>
  <overall_status>Terminated</overall_status>
  <start_date>February 2012</start_date>
  <completion_date type="Actual">May 2014</completion_date>
  <primary_completion_date type="Actual">May 2014</primary_completion_date>
  <phase>Phase 1</phase>
  <study_type>Interventional</study_type>
  <has_expanded_access>No</has_expanded_access>
  <study_design_info>
    <allocation>Non-Randomized</allocation>
    <intervention_model>Single Group Assignment</intervention_model>
    <primary_purpose>Treatment</primary_purpose>
    <masking>None (Open Label)</masking>
  </study_design_info>
  <primary_outcome>
    <measure>Part A: Number of patients with dose limiting toxicities (DLTs) [Maximum Tolerated Dose (MTD) is defined as the maximum dose level below the dose level at which ≥ 33 % of at least 6 patients of a cohort experience DLTs during cycle 1.]</measure>
    <time_frame>28 days (cycle 1)</time_frame>
  </primary_outcome>
  <primary_outcome>
    <measure>Part B: Number of patients with Complete Remission (CR) or CR with incomplete blood count recovery (CRi)</measure>
    <time_frame>From baseline until disease progression or discontinuation from study (expected duration of treatment: approximately 3 months)</time_frame>
  </primary_outcome>
  <secondary_outcome>
    <measure>Part A and B: Number of patients with adverse events and serious adverse events</measure>
    <time_frame>From cycle 1 day 1 until treatment discontinuation (expected duration of treatment: approximately 3 months)</time_frame>
  </secondary_outcome>
  <secondary_outcome>
    <measure>Part A and B: Description of the pharmacokinetics (PK) of AZD1208 in terms of area under plasma concentration-time curve(AUC), maximum plasma concentration (Cmax), and time to maximum plasma concentration (Tmax)</measure>
    <time_frame>Cycle 1Day 1- pre-dose through 24 hours post dose and Cycle 1 Day 14 - pre-dose through 24 hours post-dose. Interval timepoints : predose, 30 mins, 1 hour(hr), 1.5hr, 2hr , 3hr, 6hr , 8hr, 24 hours and at same timepoints at Cycle 1 Day 14.</time_frame>
  </secondary_outcome>
  <secondary_outcome>
    <measure>Part A and B: Description of urine pharmacokinetics (PK) of AZD1208 in terms of the cumulative amount of drug excreted unchanged into urine from zero to time and renal clearance</measure>
    <time_frame>Cycle 1Day 1- pre-dose through 24 hours post dose and Cycle 1 Day 14 - pre-dose through 24 hours post-dose.during 0 - 24 hours after dosing.</time_frame>
  </secondary_outcome>
  <secondary_outcome>
    <measure>Part A and B: Number of patients with response of Complete Remission(CR), CR with incomplete blood count recovery, Partial Remission, or Morphologic Leukemia-Free</measure>
    <time_frame>From baseline until disease progression or discontinuation from study (expected duration of treatment: approximately 3 months)</time_frame>
  </secondary_outcome>
  <secondary_outcome>
    <measure>Part B: Duration of CR or CRi based on time from first documentation of CR to relapse</measure>
    <time_frame>From baseline until disease progression or discontinuation from study (expected duration of treatment: approximately 3 months)</time_frame>
  </secondary_outcome>
  <number_of_arms>1</number_of_arms>
  <enrollment type="Actual">55</enrollment>
  <condition>Acute Myeloid Leukemia</condition>
  <arm_group>
    <arm_group_label>AZD1208</arm_group_label>
    <arm_group_type>Experimental</arm_group_type>
    <description>Single ascending dose escalation of 3 - 6 patient cohorts until maximum tolerated dose (MTD) is established. Up to 12 patients may be included at any dose not determined to be intolerable. Safety expansion using MTD in up to 44 Acute myelogenous leukemia (AML) patients.</description>
  </arm_group>
  <intervention>
    <intervention_type>Drug</intervention_type>
    <intervention_name>AZD1208</intervention_name>
    <description>Daily oral doses of AZD1208 for 28 day cycles until progression or unacceptable toxicity develops. Starting dose will be 120 mg and will be escalated in successive cohorts until an MTD is established.</description>
    <arm_group_label>AZD1208</arm_group_label>
  </intervention>
  <eligibility>
    <criteria>
      <textblock>
        Inclusion Criteria:&#xD;
&#xD;
          -  Males or females at least 18 years of age&#xD;
&#xD;
          -  Patients with relapsed or refractory Acute myelogenous leukemia (AML) or AML secondary&#xD;
             to myelodysplastic syndromes, myeloproliferative neoplasm, or chronic myelogenous&#xD;
             leukemia&#xD;
&#xD;
          -  Eastern Oncology Cooperative Group (ECOG) performance status 0-2 and considered likely&#xD;
             to complete at least 4 weeks of therapy&#xD;
&#xD;
        Exclusion Criteria:&#xD;
&#xD;
          -  With the exception of alopecia, any unresolved toxicities from prior therapy greater&#xD;
             than CTCAE grade 1 at the time of starting study treatment.&#xD;
&#xD;
          -  As judged by the investigator, any evidence of severe or uncontrolled systemic&#xD;
             diseases, including uncontrolled hypertension, active bleeding diatheses, or active&#xD;
             infection including hepatitis B, hepatitis C and HIV.&#xD;
&#xD;
          -  Active heart disease including myocardial infarction within the last 3 months,&#xD;
             symptomatic coronary artery disease, clinically significant arrhythmias not controlled&#xD;
             by medication or uncontrolled congestive heart failure&#xD;
&#xD;
          -  Prior allogeneic transplant requiring immunosuppressive therapy (Patients with prior&#xD;
             allogeneic transplants who remain clinically stable for ≥ 2 weeks or more off&#xD;
             immunosuppressive therapy, are eligible)&#xD;
&#xD;
          -  White blood cell count ≥ 100,000/mm3 (100x10*9/L)&#xD;
&#xD;
          -  Type 1 Diabetes or uncontrolled Type II Diabetes&#xD;
&#xD;
          -  HbA1C ≥8% or fasting blood glucose &gt;160 mg/Dl (&gt;8.9 mmol/L)&#xD;
&#xD;
          -  Baseline fasting total cholesterol &gt;300 mg/dL (&gt;7.75 mmol/L)&#xD;
      </textblock>
    </criteria>
    <gender>All</gender>
    <minimum_age>18 Years</minimum_age>
    <maximum_age>N/A</maximum_age>
    <healthy_volunteers>No</healthy_volunteers>
  </eligibility>
  <overall_official>
    <last_name>Frank Neumann, MD</last_name>
    <role>Study Director</role>
    <affiliation>Sponsor GmbH</affiliation>
  </overall_official>
  <location>
    <facility>
      <name>Research Site</name>
      <address>
        <city>Boston</city>
        <state>Massachusetts</state>
        <country>United States</country>
      </address>
    </facility>
  </location>
  <location>
    <facility>
      <name>Research Site</name>
      <address>
        <city>St. Louis</city>
        <state>Missouri</state>
        <country>United States</country>
      </address>
    </facility>
  </location>
  <location>
    <facility>
      <name>Research Site</name>
      <address>
        <city>Houston</city>
        <state>Texas</state>
        <country>United States</country>
      </address>
    </facility>
  </location>
  <location>
    <facility>
      <name>Research Site</name>
      <address>
        <city>Toronto</city>
        <state>Ontario</state>
        <country>Canada</country>
      </address>
    </facility>
  </location>
  <location_countries>
    <country>Canada</country>
    <country>United States</country>
  </location_countries>
  <link>
    <url>http://filehosting.pharmacm.com/DownloadService.ashx?client=CTR_MED_7111&amp;studyid=1500&amp;filename=D4510C00001_CSR_Synopsis.pdf</url>
    <description>D4510C00001_CSR_Synopsis.pdf</description>
  </link>
  <verification_date>August 2015</verification_date>
  <study_first_submitted>November 22, 2011</study_first_submitted>
  <study_first_submitted_qc>December 8, 2011</study_first_submitted_qc>
  <study_first_posted type="Estimate">December 12, 2011</study_first_posted>
  <last_update_submitted>August 10, 2015</last_update_submitted>
  <last_update_submitted_qc>August 10, 2015</last_update_submitted_qc>
  <last_update_posted type="Estimate">August 11, 2015</last_update_posted>
  <responsible_party>
    <responsible_party_type>Sponsor</responsible_party_type>
  </responsible_party>
  <keyword>Leukemia</keyword>
  <keyword>AML</keyword>
  <keyword>AZD1208</keyword>
  <condition_browse>
    <!-- CAUTION:  The following MeSH terms are assigned with an imperfect algorithm            -->
    <mesh_term>Leukemia</mesh_term>
    <mesh_term>Leukemia, Myeloid, Acute</mesh_term>
    <mesh_term>Leukemia, Myeloid</mesh_term>
  </condition_browse>
  <!-- Results have not yet been posted for this study                                          -->
</clinical_study>

