<?xml version="1.0" encoding="UTF-8"?>
<clinical_study rank="372">
  <!-- This xml conforms to an XML Schema at:
    https://clinicaltrials.gov/ct2/html/images/info/public.xsd -->
  <required_header>
    <download_date>ClinicalTrials.gov processed this data on February 06, 2024</download_date>
    <link_text>Link to the current ClinicalTrials.gov record.</link_text>
    <url>https://clinicaltrials.gov/ct2/show/NCT04051996</url>
  </required_header>
  <id_info>
    <org_study_id>2000024738</org_study_id>
    <nct_id>NCT04051996</nct_id>
  </id_info>
  <brief_title>GLAD-AML - Glasdegib (Pf-04449913) With Two Standard Decitabine Regimens for Older Patients With Poor-risk Acute Myeloid Leukemia</brief_title>
  <official_title>A Randomized, Parallel-arm, Phase 2 Clinical Trial of the Combination of Glasdegib (Pf-04449913) With Two Standard Decitabine Regimens for Older Patients With Poor-risk Acute Myeloid Leukemia Who Are Unfit for or Refuse Intensive Chemotherapy (GLAD-AML)</official_title>
  <sponsors>
    <lead_sponsor>
      <agency>Yale University</agency>
      <agency_class>Other</agency_class>
    </lead_sponsor>
    <collaborator>
      <agency>Pfizer</agency>
      <agency_class>Industry</agency_class>
    </collaborator>
  </sponsors>
  <source>Yale University</source>
  <oversight_info>
    <has_dmc>Yes</has_dmc>
    <is_fda_regulated_drug>Yes</is_fda_regulated_drug>
    <is_fda_regulated_device>No</is_fda_regulated_device>
  </oversight_info>
  <brief_summary>
    <textblock>
      This multi-center, randomized phase 2 study is designed to evaluate the complete remission&#xD;
      (including complete remission with incomplete count recovery) rates of glasdegib in&#xD;
      combination with either decitabine on a 5-day or 10-day schedule in patients with&#xD;
      newly-diagnosed poor-risk AML who either refuse or are ineligible for intensive therapy.&#xD;
    </textblock>
  </brief_summary>
  <detailed_description>
    <textblock>
      The primary objective of this multi-center, randomized phase 2 study is to determine the&#xD;
      response rates, complete remission (CR) and complete remission with incomplete count recovery&#xD;
      (CRi), of glasdegib/DAC5 and glasdegib/DAC10 in patients with newly-diagnosed PrAML.&#xD;
&#xD;
      There are two secondary objectives for this study. The first secondary objective is to&#xD;
      evaluate the toxicity and safety profiles of glasdegib/DAC5 and glasdegib/DAC10 in patients&#xD;
      with newly-diagnosed PrAML. The other secondary objective is to determine the event-free&#xD;
      survival (EFS), relapse-free survival (RFS), overall survival (OS), duration of response,&#xD;
      bone marrow mutational clearance, and remission clonality of glasdegib/DAC5 and&#xD;
      glasdegib/DAC10 in patients with newly-diagnosed PrAML.&#xD;
    </textblock>
  </detailed_description>
  <overall_status>Terminated</overall_status>
  <why_stopped>
    Unable to accrue patients following COVID-19 study pause.&#xD;
  </why_stopped>
  <start_date type="Actual">December 6, 2019</start_date>
  <completion_date type="Actual">June 9, 2020</completion_date>
  <primary_completion_date type="Actual">June 9, 2020</primary_completion_date>
  <phase>Phase 2</phase>
  <study_type>Interventional</study_type>
  <has_expanded_access>No</has_expanded_access>
  <study_design_info>
    <allocation>Randomized</allocation>
    <intervention_model>Parallel Assignment</intervention_model>
    <primary_purpose>Treatment</primary_purpose>
    <masking>Single (Participant)</masking>
  </study_design_info>
  <primary_outcome>
    <measure>CR/CRi</measure>
    <time_frame>Up to 2 years</time_frame>
    <description>The complete remission (CR) and complete remission with incomplete count recovery (CRi) combined rate will be defined by the 2017 European LeukemiaNet (ELN) AML response criteria.</description>
  </primary_outcome>
  <secondary_outcome>
    <measure>OS</measure>
    <time_frame>Up to 2 years</time_frame>
    <description>Overall survival (OS) is defined as the time from date of first study treatment to date of death due to any cause.</description>
  </secondary_outcome>
  <secondary_outcome>
    <measure>EFS</measure>
    <time_frame>Up to 2 years</time_frame>
    <description>Event-free survival (EFS) will be monitored up to 2 years.</description>
  </secondary_outcome>
  <secondary_outcome>
    <measure>RFS</measure>
    <time_frame>Up to 2 years</time_frame>
    <description>Relapse-free survival (RFS) will be monitored up to 2 years.</description>
  </secondary_outcome>
  <secondary_outcome>
    <measure>Time to CR/CRi</measure>
    <time_frame>Up to 2 years</time_frame>
    <description>The time to complete remission (CR) and complete remission with incomplete count recovery (CRi) will be collected as a secondary outcome.</description>
  </secondary_outcome>
  <secondary_outcome>
    <measure>Duration of CR/CRi</measure>
    <time_frame>Up to 2 years</time_frame>
    <description>The duration of complete remission (CR) and complete remission with incomplete count recovery (CRi) will be collected as a secondary outcome.</description>
  </secondary_outcome>
  <secondary_outcome>
    <measure>Bone Marrow Mutational Clearance</measure>
    <time_frame>Up to 2 years</time_frame>
    <description>Bone marrow mutational clearance of frequently-mutated genes in AML (e.g. NPM1, CEBPA, DNMT3A, RUNX1, TET2, IDH1/2) via next-generation DNA sequencing will be monitored up to 2 years.</description>
  </secondary_outcome>
  <number_of_arms>2</number_of_arms>
  <enrollment type="Actual">1</enrollment>
  <condition>ACUTE MYELOID LEUKEMIA</condition>
  <arm_group>
    <arm_group_label>DAC5</arm_group_label>
    <arm_group_type>Experimental</arm_group_type>
    <description>Glasdegib will be administered at the starting dose of 100 mg orally once daily and continuously in combination with either DAC5 (decitabine 20 mg/m2 IV on a 5-day schedule) or DAC10 (decitabine 20 mg/m2 IV on a 10-day schedule) as per randomization. Treatment will be administered in 28-day cycles.</description>
  </arm_group>
  <arm_group>
    <arm_group_label>DAC10</arm_group_label>
    <arm_group_type>Experimental</arm_group_type>
    <description>Glasdegib will be administered at the starting dose of 100 mg orally once daily and continuously in combination with either DAC5 (decitabine 20 mg/m2 IV on a 5-day schedule) or DAC10 (decitabine 20 mg/m2 IV on a 10-day schedule) as per randomization. Treatment will be administered in 28-day cycles.</description>
  </arm_group>
  <intervention>
    <intervention_type>Drug</intervention_type>
    <intervention_name>Glasdegib</intervention_name>
    <description>Glasdegib will be administered at the starting dose of 100 mg orally once daily.</description>
    <arm_group_label>DAC10</arm_group_label>
    <arm_group_label>DAC5</arm_group_label>
  </intervention>
  <intervention>
    <intervention_type>Drug</intervention_type>
    <intervention_name>Decitabine</intervention_name>
    <description>Decitabine will be administered per local label and will be administered by IV infusion at a dose of 20 mg/m2/day for either 5 days or 10 days as determined by randomization. Each cycle will be every 28 days.</description>
    <arm_group_label>DAC10</arm_group_label>
    <arm_group_label>DAC5</arm_group_label>
  </intervention>
  <eligibility>
    <criteria>
      <textblock>
        Inclusion Criteria:&#xD;
&#xD;
          -  Patients must have a morphologically-confirmed diagnosis of AML according to WHO 2016&#xD;
             classification with poor-risk disease as defined by the cytogenetic or molecular&#xD;
             abnormalities (excluding FLT3-mutated AML).&#xD;
&#xD;
          -  Eastern Cooperative Oncology Group (ECOG) Performance Status ≤2.&#xD;
&#xD;
          -  Adequate Renal Function:&#xD;
&#xD;
             a. Calculated creatinine clearance (determined by MDRD) ≥50mL/min/1.73m2, or serum&#xD;
             creatinine &lt;1.5x upper limit of normal (ULN);&#xD;
&#xD;
          -  Adequate Liver Function:&#xD;
&#xD;
               1. Total serum bilirubin ≤ 2.0 x ULN (unless the bilirubin is principally&#xD;
                  unconjugated and there is strong suspicion of sub-clinical hemolysis or the&#xD;
                  patient has documented Gilbert's disease);&#xD;
&#xD;
               2. Aspartate transaminase (AST) and Alanine transaminase (ALT) ≤ 3.0 x ULN;&#xD;
&#xD;
               3. Alkaline phosphatase ≤ 3.0 x ULN.&#xD;
&#xD;
          -  Serum or urine pregnancy test (for female patients of childbearing potential) with a&#xD;
             minimum sensitivity of 25 IU/L or equivalent units of human chorionic gonadotropin&#xD;
             (HCG) negative at screening.&#xD;
&#xD;
          -  Males and female patients both of childbearing potential and at risk for pregnancy&#xD;
             must agree to use two highly effective method(s) of contraception throughout the study&#xD;
             and for 180 days after the last dose of decitabine and the last dose of glasdegib,&#xD;
             whichever occurs later.&#xD;
&#xD;
          -  Female patients who are not of childbearing potential (i.e. meet at least 1 of the&#xD;
             following criteria):&#xD;
&#xD;
               1. Have undergone a documented hysterectomy and/or bilateral oophorectomy;&#xD;
&#xD;
               2. Have medically confirmed ovarian failure;&#xD;
&#xD;
               3. Have achieved postmenopausal status, defined as follows: cessation of regular&#xD;
                  menses for at least 12 consecutive months with no alternative pathological or&#xD;
                  physiological cause; status may be confirmed by having a serum follicle&#xD;
                  stimulating hormone (FSH) level within the laboratory's reference range for&#xD;
                  postmenopausal women.&#xD;
&#xD;
        Exclusion Criteria:&#xD;
&#xD;
          -  Patients who are candidates for and willing to receive intensive induction&#xD;
             chemotherapy.&#xD;
&#xD;
          -  Prior use of a hypomethylating agent.&#xD;
&#xD;
          -  Prior use of cytotoxic chemotherapy for any myeloid malignancy (prior&#xD;
             immunosuppressive therapy is permitted provided that treatment is stopped within 8&#xD;
             weeks from study entry; hydroxyurea is allowed through the end of cycle 1 on study).&#xD;
&#xD;
          -  Previous hematopoietic stem cell transplant.&#xD;
&#xD;
          -  Prior treatment with a licensed or experimental smoothened inhibitor (SMOi) and/or&#xD;
             hypomethylating agent (HMA).&#xD;
&#xD;
          -  Participation in a clinical study involving an investigational drug(s) (Phases 1-4)&#xD;
             within 4 weeks prior to study entry or within 5 half-lives of the investigational&#xD;
             agent, whichever is greater.&#xD;
&#xD;
          -  Major surgery or radiation within 12 weeks prior to study entry.&#xD;
&#xD;
          -  Patients known to be refractory to platelet or packed red cell transfusions as per&#xD;
             institutional guidelines, or who are known to refuse or who are likely to refuse blood&#xD;
             product support.&#xD;
&#xD;
          -  Treatment with hematopoietic growth factors including: erythropoietin, granulocyte&#xD;
             colony stimulating factor (G-CSF), and granulocyte macrophage colony stimulating&#xD;
             factor (GM-CSF), or thrombopoietin receptor agonists within 3 weeks prior to study&#xD;
             entry.&#xD;
&#xD;
          -  Any ongoing medical condition requiring chronic use of moderate to high dose steroids&#xD;
             (defined as ≥10 mg/day of prednisone or equipotent dose of another corticosteroid).&#xD;
&#xD;
          -  Any anti-cancer treatment within 2 weeks prior to study entry (including hydroxyurea&#xD;
             as above).&#xD;
&#xD;
          -  Current use or anticipated requirement for drugs that are known moderate to strong&#xD;
             CYP3A4 inducers (Appendix 2).&#xD;
&#xD;
          -  Presence of concurrent active malignancy requiring active systemic therapy&#xD;
&#xD;
          -  Patients with known active, uncontrolled bacterial, fungal or viral infection,&#xD;
             including hepatitis B (HBV), hepatitis C (HCV), known human immunodeficiency virus&#xD;
             (HIV), or acquired immunodeficiency syndrome (AIDS) related illness.&#xD;
&#xD;
          -  Known uncontrolled central nervous system (CNS) involvement.&#xD;
&#xD;
          -  Poorly-controlled active medical conditions that as per investigator judgement would&#xD;
             interfere with the conduct of the study.&#xD;
&#xD;
          -  Active cardiac dysrhythmias of NCI CTCAE Grade ≥2 (e.g. atrial fibrillation) or QTcF&#xD;
             interval &gt;470 msec.&#xD;
&#xD;
          -  Pregnant or breastfeeding female patients.&#xD;
      </textblock>
    </criteria>
    <gender>All</gender>
    <minimum_age>18 Years</minimum_age>
    <maximum_age>N/A</maximum_age>
    <healthy_volunteers>No</healthy_volunteers>
  </eligibility>
  <overall_official>
    <last_name>Amer M Zeidan, MBBS</last_name>
    <role>Principal Investigator</role>
    <affiliation>Yale University - MEDCCC Hematology-Section</affiliation>
  </overall_official>
  <location>
    <facility>
      <name>Yale Cancer Center/Smilow</name>
      <address>
        <city>New Haven</city>
        <state>Connecticut</state>
        <zip>06511</zip>
        <country>United States</country>
      </address>
    </facility>
  </location>
  <location_countries>
    <country>United States</country>
  </location_countries>
  <verification_date>September 2021</verification_date>
  <study_first_submitted>August 7, 2019</study_first_submitted>
  <study_first_submitted_qc>August 7, 2019</study_first_submitted_qc>
  <study_first_posted type="Actual">August 9, 2019</study_first_posted>
  <results_first_submitted>September 18, 2021</results_first_submitted>
  <results_first_submitted_qc>September 18, 2021</results_first_submitted_qc>
  <results_first_posted type="Actual">October 15, 2021</results_first_posted>
  <last_update_submitted>September 18, 2021</last_update_submitted>
  <last_update_submitted_qc>September 18, 2021</last_update_submitted_qc>
  <last_update_posted type="Actual">October 15, 2021</last_update_posted>
  <responsible_party>
    <responsible_party_type>Principal Investigator</responsible_party_type>
    <investigator_affiliation>Yale University</investigator_affiliation>
    <investigator_full_name>Amer Zeidan</investigator_full_name>
    <investigator_title>Associate Professor of Internal Medicine (Hematology)</investigator_title>
  </responsible_party>
  <condition_browse>
    <!-- CAUTION:  The following MeSH terms are assigned with an imperfect algorithm            -->
    <mesh_term>Leukemia</mesh_term>
    <mesh_term>Leukemia, Myeloid</mesh_term>
    <mesh_term>Leukemia, Myeloid, Acute</mesh_term>
  </condition_browse>
  <intervention_browse>
    <!-- CAUTION:  The following MeSH terms are assigned with an imperfect algorithm            -->
    <mesh_term>Decitabine</mesh_term>
  </intervention_browse>
  <patient_data>
    <sharing_ipd>No</sharing_ipd>
  </patient_data>
  <provided_document_section>
    <provided_document>
      <document_type>Study Protocol and Statistical Analysis Plan</document_type>
      <document_has_protocol>Yes</document_has_protocol>
      <document_has_icf>No</document_has_icf>
      <document_has_sap>Yes</document_has_sap>
      <document_date>July 17, 2020</document_date>
      <document_url>https://ClinicalTrials.gov/ProvidedDocs/96/NCT04051996/Prot_SAP_000.pdf</document_url>
    </provided_document>
    <provided_document>
      <document_type>Informed Consent Form</document_type>
      <document_has_protocol>No</document_has_protocol>
      <document_has_icf>Yes</document_has_icf>
      <document_has_sap>No</document_has_sap>
      <document_date>July 17, 2020</document_date>
      <document_url>https://ClinicalTrials.gov/ProvidedDocs/96/NCT04051996/ICF_001.pdf</document_url>
    </provided_document>
  </provided_document_section>

  <clinical_results>

    <participant_flow>
      <group_list>
        <group group_id="P1">
          <title>DAC5</title>
          <description>Glasdegib will be administered at the starting dose of 100 mg orally once daily and continuously in combination with either DAC5 (decitabine 20 mg/m2 IV on a 5-day schedule) or DAC10 (decitabine 20 mg/m2 IV on a 10-day schedule) as per randomization. Treatment will be administered in 28-day cycles.&#xD;
Glasdegib: Glasdegib will be administered at the starting dose of 100 mg orally once daily.&#xD;
Decitabine: Decitabine will be administered per local label and will be administered by IV infusion at a dose of 20 mg/m2/day for either 5 days or 10 days as determined by randomization. Each cycle will be every 28 days.</description>
        </group>
        <group group_id="P2">
          <title>DAC10</title>
          <description>Glasdegib will be administered at the starting dose of 100 mg orally once daily and continuously in combination with either DAC5 (decitabine 20 mg/m2 IV on a 5-day schedule) or DAC10 (decitabine 20 mg/m2 IV on a 10-day schedule) as per randomization. Treatment will be administered in 28-day cycles.&#xD;
Glasdegib: Glasdegib will be administered at the starting dose of 100 mg orally once daily.&#xD;
Decitabine: Decitabine will be administered per local label and will be administered by IV infusion at a dose of 20 mg/m2/day for either 5 days or 10 days as determined by randomization. Each cycle will be every 28 days.</description>
        </group>
      </group_list>
      <period_list>
        <period>
          <title>Overall Study</title>
          <milestone_list>
            <milestone>
              <title>STARTED</title>
              <participants_list>
                <participants group_id="P1" count="1"/>
                <participants group_id="P2" count="0"/>
              </participants_list>
            </milestone>
            <milestone>
              <title>COMPLETED</title>
              <participants_list>
                <participants group_id="P1" count="1"/>
                <participants group_id="P2" count="0"/>
              </participants_list>
            </milestone>
            <milestone>
              <title>NOT COMPLETED</title>
              <participants_list>
                <participants group_id="P1" count="0"/>
                <participants group_id="P2" count="0"/>
              </participants_list>
            </milestone>
          </milestone_list>
        </period>
      </period_list>
    </participant_flow>

    <baseline>
      <population>Only 1 patient was enrolled in the study prior to termination and therefore would be identified through presenting these characteristics.</population>
      <group_list>
        <group group_id="B1">
          <title>DAC5</title>
          <description>Glasdegib will be administered at the starting dose of 100 mg orally once daily and continuously in combination with either DAC5 (decitabine 20 mg/m2 IV on a 5-day schedule) or DAC10 (decitabine 20 mg/m2 IV on a 10-day schedule) as per randomization. Treatment will be administered in 28-day cycles.&#xD;
Glasdegib: Glasdegib will be administered at the starting dose of 100 mg orally once daily.&#xD;
Decitabine: Decitabine will be administered per local label and will be administered by IV infusion at a dose of 20 mg/m2/day for either 5 days or 10 days as determined by randomization. Each cycle will be every 28 days.</description>
        </group>
        <group group_id="B2">
          <title>DAC10</title>
          <description>Glasdegib will be administered at the starting dose of 100 mg orally once daily and continuously in combination with either DAC5 (decitabine 20 mg/m2 IV on a 5-day schedule) or DAC10 (decitabine 20 mg/m2 IV on a 10-day schedule) as per randomization. Treatment will be administered in 28-day cycles.&#xD;
Glasdegib: Glasdegib will be administered at the starting dose of 100 mg orally once daily.&#xD;
Decitabine: Decitabine will be administered per local label and will be administered by IV infusion at a dose of 20 mg/m2/day for either 5 days or 10 days as determined by randomization. Each cycle will be every 28 days.</description>
        </group>
        <group group_id="B3">
          <title>Total</title>
          <description>Total of all reporting groups</description>
        </group>
      </group_list>
      <analyzed_list>
        <analyzed>
          <units>Participants</units>
          <scope>Overall</scope>
          <count_list>
            <count group_id="B1" value="0"/>
            <count group_id="B2" value="0"/>
            <count group_id="B3" value="0"/>
          </count_list>
        </analyzed>
      </analyzed_list>
      <measure_list>
        <measure>
          <title>Age</title>
        </measure>
        <measure>
          <title>Sex: Female, Male</title>
          <class_list>
            <class>
              <category_list>
                <category>
                  <title>Female</title>
                </category>
                <category>
                  <title>Male</title>
                </category>
              </category_list>
            </class>
          </class_list>
        </measure>
        <measure>
          <title>Race (NIH/OMB)</title>
          <class_list>
            <class>
              <category_list>
                <category>
                  <title>American Indian or Alaska Native</title>
                </category>
                <category>
                  <title>Asian</title>
                </category>
                <category>
                  <title>Native Hawaiian or Other Pacific Islander</title>
                </category>
                <category>
                  <title>Black or African American</title>
                </category>
                <category>
                  <title>White</title>
                </category>
                <category>
                  <title>More than one race</title>
                </category>
                <category>
                  <title>Unknown or Not Reported</title>
                </category>
              </category_list>
            </class>
          </class_list>
        </measure>
        <measure>
          <title>Region of Enrollment</title>
          <units>participants</units>
          <class_list>
            <class>
              <title>United States</title>
            </class>
          </class_list>
        </measure>
      </measure_list>
    </baseline>

    <outcome_list>
      <outcome>
        <type>Primary</type>
        <title>CR/CRi</title>
        <description>The complete remission (CR) and complete remission with incomplete count recovery (CRi) combined rate will be defined by the 2017 European LeukemiaNet (ELN) AML response criteria.</description>
        <time_frame>Up to 2 years</time_frame>
        <population>Only 1 patient was enrolled in the study prior to termination and therefore would be identified through presenting these characteristics.</population>
        <group_list>
          <group group_id="O1">
            <title>DAC5</title>
            <description>Glasdegib will be administered at the starting dose of 100 mg orally once daily and continuously in combination with either DAC5 (decitabine 20 mg/m2 IV on a 5-day schedule) or DAC10 (decitabine 20 mg/m2 IV on a 10-day schedule) as per randomization. Treatment will be administered in 28-day cycles.&#xD;
Glasdegib: Glasdegib will be administered at the starting dose of 100 mg orally once daily.&#xD;
Decitabine: Decitabine will be administered per local label and will be administered by IV infusion at a dose of 20 mg/m2/day for either 5 days or 10 days as determined by randomization. Each cycle will be every 28 days.</description>
          </group>
          <group group_id="O2">
            <title>DAC10</title>
            <description>Glasdegib will be administered at the starting dose of 100 mg orally once daily and continuously in combination with either DAC5 (decitabine 20 mg/m2 IV on a 5-day schedule) or DAC10 (decitabine 20 mg/m2 IV on a 10-day schedule) as per randomization. Treatment will be administered in 28-day cycles.&#xD;
Glasdegib: Glasdegib will be administered at the starting dose of 100 mg orally once daily.&#xD;
Decitabine: Decitabine will be administered per local label and will be administered by IV infusion at a dose of 20 mg/m2/day for either 5 days or 10 days as determined by randomization. Each cycle will be every 28 days.</description>
          </group>
        </group_list>
        <measure>
          <title>CR/CRi</title>
          <description>The complete remission (CR) and complete remission with incomplete count recovery (CRi) combined rate will be defined by the 2017 European LeukemiaNet (ELN) AML response criteria.</description>
          <population>Only 1 patient was enrolled in the study prior to termination and therefore would be identified through presenting these characteristics.</population>
          <analyzed_list>
            <analyzed>
              <units>Participants</units>
              <scope>Measure</scope>
              <count_list>
                <count group_id="O1" value="0"/>
                <count group_id="O2" value="0"/>
              </count_list>
            </analyzed>
          </analyzed_list>
        </measure>
      </outcome>
      <outcome>
        <type>Secondary</type>
        <title>OS</title>
        <description>Overall survival (OS) is defined as the time from date of first study treatment to date of death due to any cause.</description>
        <time_frame>Up to 2 years</time_frame>
        <population>Only 1 patient was enrolled in the study prior to termination and therefore would be identified through presenting these characteristics.</population>
        <group_list>
          <group group_id="O1">
            <title>DAC5</title>
            <description>Glasdegib will be administered at the starting dose of 100 mg orally once daily and continuously in combination with either DAC5 (decitabine 20 mg/m2 IV on a 5-day schedule) or DAC10 (decitabine 20 mg/m2 IV on a 10-day schedule) as per randomization. Treatment will be administered in 28-day cycles.&#xD;
Glasdegib: Glasdegib will be administered at the starting dose of 100 mg orally once daily.&#xD;
Decitabine: Decitabine will be administered per local label and will be administered by IV infusion at a dose of 20 mg/m2/day for either 5 days or 10 days as determined by randomization. Each cycle will be every 28 days.</description>
          </group>
          <group group_id="O2">
            <title>DAC10</title>
            <description>Glasdegib will be administered at the starting dose of 100 mg orally once daily and continuously in combination with either DAC5 (decitabine 20 mg/m2 IV on a 5-day schedule) or DAC10 (decitabine 20 mg/m2 IV on a 10-day schedule) as per randomization. Treatment will be administered in 28-day cycles.&#xD;
Glasdegib: Glasdegib will be administered at the starting dose of 100 mg orally once daily.&#xD;
Decitabine: Decitabine will be administered per local label and will be administered by IV infusion at a dose of 20 mg/m2/day for either 5 days or 10 days as determined by randomization. Each cycle will be every 28 days.</description>
          </group>
        </group_list>
        <measure>
          <title>OS</title>
          <description>Overall survival (OS) is defined as the time from date of first study treatment to date of death due to any cause.</description>
          <population>Only 1 patient was enrolled in the study prior to termination and therefore would be identified through presenting these characteristics.</population>
          <analyzed_list>
            <analyzed>
              <units>Participants</units>
              <scope>Measure</scope>
              <count_list>
                <count group_id="O1" value="0"/>
                <count group_id="O2" value="0"/>
              </count_list>
            </analyzed>
          </analyzed_list>
        </measure>
      </outcome>
      <outcome>
        <type>Secondary</type>
        <title>EFS</title>
        <description>Event-free survival (EFS) will be monitored up to 2 years.</description>
        <time_frame>Up to 2 years</time_frame>
        <population>Only 1 patient was enrolled in the study prior to termination and therefore would be identified through presenting these characteristics.</population>
        <group_list>
          <group group_id="O1">
            <title>DAC5</title>
            <description>Glasdegib will be administered at the starting dose of 100 mg orally once daily and continuously in combination with either DAC5 (decitabine 20 mg/m2 IV on a 5-day schedule) or DAC10 (decitabine 20 mg/m2 IV on a 10-day schedule) as per randomization. Treatment will be administered in 28-day cycles.&#xD;
Glasdegib: Glasdegib will be administered at the starting dose of 100 mg orally once daily.&#xD;
Decitabine: Decitabine will be administered per local label and will be administered by IV infusion at a dose of 20 mg/m2/day for either 5 days or 10 days as determined by randomization. Each cycle will be every 28 days.</description>
          </group>
          <group group_id="O2">
            <title>DAC10</title>
            <description>Glasdegib will be administered at the starting dose of 100 mg orally once daily and continuously in combination with either DAC5 (decitabine 20 mg/m2 IV on a 5-day schedule) or DAC10 (decitabine 20 mg/m2 IV on a 10-day schedule) as per randomization. Treatment will be administered in 28-day cycles.&#xD;
Glasdegib: Glasdegib will be administered at the starting dose of 100 mg orally once daily.&#xD;
Decitabine: Decitabine will be administered per local label and will be administered by IV infusion at a dose of 20 mg/m2/day for either 5 days or 10 days as determined by randomization. Each cycle will be every 28 days.</description>
          </group>
        </group_list>
        <measure>
          <title>EFS</title>
          <description>Event-free survival (EFS) will be monitored up to 2 years.</description>
          <population>Only 1 patient was enrolled in the study prior to termination and therefore would be identified through presenting these characteristics.</population>
          <analyzed_list>
            <analyzed>
              <units>Participants</units>
              <scope>Measure</scope>
              <count_list>
                <count group_id="O1" value="0"/>
                <count group_id="O2" value="0"/>
              </count_list>
            </analyzed>
          </analyzed_list>
        </measure>
      </outcome>
      <outcome>
        <type>Secondary</type>
        <title>RFS</title>
        <description>Relapse-free survival (RFS) will be monitored up to 2 years.</description>
        <time_frame>Up to 2 years</time_frame>
        <population>Only 1 patient was enrolled in the study prior to termination and therefore would be identified through presenting these characteristics.</population>
        <group_list>
          <group group_id="O1">
            <title>DAC5</title>
            <description>Glasdegib will be administered at the starting dose of 100 mg orally once daily and continuously in combination with either DAC5 (decitabine 20 mg/m2 IV on a 5-day schedule) or DAC10 (decitabine 20 mg/m2 IV on a 10-day schedule) as per randomization. Treatment will be administered in 28-day cycles.&#xD;
Glasdegib: Glasdegib will be administered at the starting dose of 100 mg orally once daily.&#xD;
Decitabine: Decitabine will be administered per local label and will be administered by IV infusion at a dose of 20 mg/m2/day for either 5 days or 10 days as determined by randomization. Each cycle will be every 28 days.</description>
          </group>
          <group group_id="O2">
            <title>DAC10</title>
            <description>Glasdegib will be administered at the starting dose of 100 mg orally once daily and continuously in combination with either DAC5 (decitabine 20 mg/m2 IV on a 5-day schedule) or DAC10 (decitabine 20 mg/m2 IV on a 10-day schedule) as per randomization. Treatment will be administered in 28-day cycles.&#xD;
Glasdegib: Glasdegib will be administered at the starting dose of 100 mg orally once daily.&#xD;
Decitabine: Decitabine will be administered per local label and will be administered by IV infusion at a dose of 20 mg/m2/day for either 5 days or 10 days as determined by randomization. Each cycle will be every 28 days.</description>
          </group>
        </group_list>
        <measure>
          <title>RFS</title>
          <description>Relapse-free survival (RFS) will be monitored up to 2 years.</description>
          <population>Only 1 patient was enrolled in the study prior to termination and therefore would be identified through presenting these characteristics.</population>
          <analyzed_list>
            <analyzed>
              <units>Participants</units>
              <scope>Measure</scope>
              <count_list>
                <count group_id="O1" value="0"/>
                <count group_id="O2" value="0"/>
              </count_list>
            </analyzed>
          </analyzed_list>
        </measure>
      </outcome>
      <outcome>
        <type>Secondary</type>
        <title>Time to CR/CRi</title>
        <description>The time to complete remission (CR) and complete remission with incomplete count recovery (CRi) will be collected as a secondary outcome.</description>
        <time_frame>Up to 2 years</time_frame>
        <population>Only 1 patient was enrolled in the study prior to termination and therefore would be identified through presenting these characteristics.</population>
        <group_list>
          <group group_id="O1">
            <title>DAC5</title>
            <description>Glasdegib will be administered at the starting dose of 100 mg orally once daily and continuously in combination with either DAC5 (decitabine 20 mg/m2 IV on a 5-day schedule) or DAC10 (decitabine 20 mg/m2 IV on a 10-day schedule) as per randomization. Treatment will be administered in 28-day cycles.&#xD;
Glasdegib: Glasdegib will be administered at the starting dose of 100 mg orally once daily.&#xD;
Decitabine: Decitabine will be administered per local label and will be administered by IV infusion at a dose of 20 mg/m2/day for either 5 days or 10 days as determined by randomization. Each cycle will be every 28 days.</description>
          </group>
          <group group_id="O2">
            <title>DAC10</title>
            <description>Glasdegib will be administered at the starting dose of 100 mg orally once daily and continuously in combination with either DAC5 (decitabine 20 mg/m2 IV on a 5-day schedule) or DAC10 (decitabine 20 mg/m2 IV on a 10-day schedule) as per randomization. Treatment will be administered in 28-day cycles.&#xD;
Glasdegib: Glasdegib will be administered at the starting dose of 100 mg orally once daily.&#xD;
Decitabine: Decitabine will be administered per local label and will be administered by IV infusion at a dose of 20 mg/m2/day for either 5 days or 10 days as determined by randomization. Each cycle will be every 28 days.</description>
          </group>
        </group_list>
        <measure>
          <title>Time to CR/CRi</title>
          <description>The time to complete remission (CR) and complete remission with incomplete count recovery (CRi) will be collected as a secondary outcome.</description>
          <population>Only 1 patient was enrolled in the study prior to termination and therefore would be identified through presenting these characteristics.</population>
          <analyzed_list>
            <analyzed>
              <units>Participants</units>
              <scope>Measure</scope>
              <count_list>
                <count group_id="O1" value="0"/>
                <count group_id="O2" value="0"/>
              </count_list>
            </analyzed>
          </analyzed_list>
        </measure>
      </outcome>
      <outcome>
        <type>Secondary</type>
        <title>Duration of CR/CRi</title>
        <description>The duration of complete remission (CR) and complete remission with incomplete count recovery (CRi) will be collected as a secondary outcome.</description>
        <time_frame>Up to 2 years</time_frame>
        <population>Only 1 patient was enrolled in the study prior to termination and therefore would be identified through presenting these characteristics.</population>
        <group_list>
          <group group_id="O1">
            <title>DAC5</title>
            <description>Glasdegib will be administered at the starting dose of 100 mg orally once daily and continuously in combination with either DAC5 (decitabine 20 mg/m2 IV on a 5-day schedule) or DAC10 (decitabine 20 mg/m2 IV on a 10-day schedule) as per randomization. Treatment will be administered in 28-day cycles.&#xD;
Glasdegib: Glasdegib will be administered at the starting dose of 100 mg orally once daily.&#xD;
Decitabine: Decitabine will be administered per local label and will be administered by IV infusion at a dose of 20 mg/m2/day for either 5 days or 10 days as determined by randomization. Each cycle will be every 28 days.</description>
          </group>
          <group group_id="O2">
            <title>DAC10</title>
            <description>Glasdegib will be administered at the starting dose of 100 mg orally once daily and continuously in combination with either DAC5 (decitabine 20 mg/m2 IV on a 5-day schedule) or DAC10 (decitabine 20 mg/m2 IV on a 10-day schedule) as per randomization. Treatment will be administered in 28-day cycles.&#xD;
Glasdegib: Glasdegib will be administered at the starting dose of 100 mg orally once daily.&#xD;
Decitabine: Decitabine will be administered per local label and will be administered by IV infusion at a dose of 20 mg/m2/day for either 5 days or 10 days as determined by randomization. Each cycle will be every 28 days.</description>
          </group>
        </group_list>
        <measure>
          <title>Duration of CR/CRi</title>
          <description>The duration of complete remission (CR) and complete remission with incomplete count recovery (CRi) will be collected as a secondary outcome.</description>
          <population>Only 1 patient was enrolled in the study prior to termination and therefore would be identified through presenting these characteristics.</population>
          <analyzed_list>
            <analyzed>
              <units>Participants</units>
              <scope>Measure</scope>
              <count_list>
                <count group_id="O1" value="0"/>
                <count group_id="O2" value="0"/>
              </count_list>
            </analyzed>
          </analyzed_list>
        </measure>
      </outcome>
      <outcome>
        <type>Secondary</type>
        <title>Bone Marrow Mutational Clearance</title>
        <description>Bone marrow mutational clearance of frequently-mutated genes in AML (e.g. NPM1, CEBPA, DNMT3A, RUNX1, TET2, IDH1/2) via next-generation DNA sequencing will be monitored up to 2 years.</description>
        <time_frame>Up to 2 years</time_frame>
        <population>Only 1 patient was enrolled in the study prior to termination and therefore would be identified through presenting these characteristics.</population>
        <group_list>
          <group group_id="O1">
            <title>DAC5</title>
            <description>Glasdegib will be administered at the starting dose of 100 mg orally once daily and continuously in combination with either DAC5 (decitabine 20 mg/m2 IV on a 5-day schedule) or DAC10 (decitabine 20 mg/m2 IV on a 10-day schedule) as per randomization. Treatment will be administered in 28-day cycles.&#xD;
Glasdegib: Glasdegib will be administered at the starting dose of 100 mg orally once daily.&#xD;
Decitabine: Decitabine will be administered per local label and will be administered by IV infusion at a dose of 20 mg/m2/day for either 5 days or 10 days as determined by randomization. Each cycle will be every 28 days.</description>
          </group>
          <group group_id="O2">
            <title>DAC10</title>
            <description>Glasdegib will be administered at the starting dose of 100 mg orally once daily and continuously in combination with either DAC5 (decitabine 20 mg/m2 IV on a 5-day schedule) or DAC10 (decitabine 20 mg/m2 IV on a 10-day schedule) as per randomization. Treatment will be administered in 28-day cycles.&#xD;
Glasdegib: Glasdegib will be administered at the starting dose of 100 mg orally once daily.&#xD;
Decitabine: Decitabine will be administered per local label and will be administered by IV infusion at a dose of 20 mg/m2/day for either 5 days or 10 days as determined by randomization. Each cycle will be every 28 days.</description>
          </group>
        </group_list>
        <measure>
          <title>Bone Marrow Mutational Clearance</title>
          <description>Bone marrow mutational clearance of frequently-mutated genes in AML (e.g. NPM1, CEBPA, DNMT3A, RUNX1, TET2, IDH1/2) via next-generation DNA sequencing will be monitored up to 2 years.</description>
          <population>Only 1 patient was enrolled in the study prior to termination and therefore would be identified through presenting these characteristics.</population>
          <analyzed_list>
            <analyzed>
              <units>Participants</units>
              <scope>Measure</scope>
              <count_list>
                <count group_id="O1" value="0"/>
                <count group_id="O2" value="0"/>
              </count_list>
            </analyzed>
          </analyzed_list>
        </measure>
      </outcome>
    </outcome_list>

    <reported_events>
      <time_frame>Up to 2 years</time_frame>
      <desc>There was only 1 patient enrolled in the study before termination and therefore there was only 1 treatment arm utilized.</desc>
      <group_list>
        <group group_id="E1">
          <title>DAC5</title>
          <description>Glasdegib will be administered at the starting dose of 100 mg orally once daily and continuously in combination with either DAC5 (decitabine 20 mg/m2 IV on a 5-day schedule) or DAC10 (decitabine 20 mg/m2 IV on a 10-day schedule) as per randomization. Treatment will be administered in 28-day cycles.&#xD;
Glasdegib: Glasdegib will be administered at the starting dose of 100 mg orally once daily.&#xD;
Decitabine: Decitabine will be administered per local label and will be administered by IV infusion at a dose of 20 mg/m2/day for either 5 days or 10 days as determined by randomization. Each cycle will be every 28 days.</description>
        </group>
        <group group_id="E2">
          <title>DAC10</title>
          <description>Glasdegib will be administered at the starting dose of 100 mg orally once daily and continuously in combination with either DAC5 (decitabine 20 mg/m2 IV on a 5-day schedule) or DAC10 (decitabine 20 mg/m2 IV on a 10-day schedule) as per randomization. Treatment will be administered in 28-day cycles.&#xD;
Glasdegib: Glasdegib will be administered at the starting dose of 100 mg orally once daily.&#xD;
Decitabine: Decitabine will be administered per local label and will be administered by IV infusion at a dose of 20 mg/m2/day for either 5 days or 10 days as determined by randomization. Each cycle will be every 28 days.</description>
        </group>
      </group_list>
      <serious_events>
        <default_assessment>Non-systematic Assessment</default_assessment>
        <category_list>
          <category>
            <title>Total</title>
            <event_list>
              <event>
                <sub_title>Total, all-cause mortality</sub_title>
                <counts group_id="E1" subjects_affected="1" subjects_at_risk="1"/>
                <counts group_id="E2" subjects_affected="0" subjects_at_risk="0"/>
              </event>
              <event>
                <sub_title>Total, serious adverse events</sub_title>
                <counts group_id="E1" subjects_affected="1" subjects_at_risk="1"/>
                <counts group_id="E2" subjects_affected="0" subjects_at_risk="0"/>
              </event>
            </event_list>
          </category>
          <category>
            <title>Injury, poisoning and procedural complications</title>
            <event_list>
              <event>
                <sub_title>Acute Kidney Injury</sub_title>
                <counts group_id="E1" events="1" subjects_affected="1" subjects_at_risk="1"/>
                <counts group_id="E2" events="0" subjects_affected="0" subjects_at_risk="0"/>
              </event>
            </event_list>
          </category>
          <category>
            <title>Respiratory, thoracic and mediastinal disorders</title>
            <event_list>
              <event>
                <sub_title>Dyspnea</sub_title>
                <counts group_id="E1" events="1" subjects_affected="1" subjects_at_risk="1"/>
                <counts group_id="E2" events="0" subjects_affected="0" subjects_at_risk="0"/>
              </event>
            </event_list>
          </category>
        </category_list>
      </serious_events>
      <other_events>
        <frequency_threshold>0</frequency_threshold>
        <category_list>
          <category>
            <title>Total</title>
            <event_list>
              <event>
                <sub_title>Total, other adverse events</sub_title>
                <counts group_id="E1" subjects_affected="0" subjects_at_risk="1"/>
                <counts group_id="E2" subjects_affected="0" subjects_at_risk="0"/>
              </event>
            </event_list>
          </category>
        </category_list>
      </other_events>
    </reported_events>

    <certain_agreements>
      <pi_employee>All Principal Investigators ARE employed by the organization sponsoring the study.</pi_employee>
      <restrictive_agreement>There is NOT an agreement between Principal Investigators and the Sponsor (or its agents) that restricts the PI's rights to discuss or publish trial results after the trial is completed. </restrictive_agreement>
    </certain_agreements>
    <point_of_contact>
      <name_or_title>Dr. Amer Zeidan</name_or_title>
      <organization>Yale University</organization>
      <phone>(203) 200-4363</phone>
      <email>amer.zeidan@yale.edu</email>
    </point_of_contact>
  </clinical_results>
</clinical_study>

