<?xml version="1.0" encoding="UTF-8"?>
<clinical_study rank="116">
  <!-- This xml conforms to an XML Schema at:
    https://clinicaltrials.gov/ct2/html/images/info/public.xsd -->
  <required_header>
    <download_date>ClinicalTrials.gov processed this data on February 06, 2024</download_date>
    <link_text>Link to the current ClinicalTrials.gov record.</link_text>
    <url>https://clinicaltrials.gov/ct2/show/NCT04158726</url>
  </required_header>
  <id_info>
    <org_study_id>422 AML GA</org_study_id>
    <nct_id>NCT04158726</nct_id>
  </id_info>
  <brief_title>Integrating Geriatric Assessment for Older Patients Diagnosed With Acute Myelogenous Leukemia</brief_title>
  <official_title>Integrating Geriatric Assessment for Older Patients Diagnosed With Acute Myelogenous Leukemia</official_title>
  <sponsors>
    <lead_sponsor>
      <agency>Carevive Systems, Inc.</agency>
      <agency_class>Industry</agency_class>
    </lead_sponsor>
  </sponsors>
  <source>Carevive Systems, Inc.</source>
  <oversight_info>
    <has_dmc>No</has_dmc>
    <is_fda_regulated_drug>No</is_fda_regulated_drug>
    <is_fda_regulated_device>No</is_fda_regulated_device>
  </oversight_info>
  <brief_summary>
    <textblock>
      Despite the suggestions that GA and frailty indices could be used to guide therapy selection,&#xD;
      the ability to effectively incorporate the use of GA in older patients diagnosed with AML in&#xD;
      a real-world clinic environment has not yet been established. Thus, in this study, the&#xD;
      investigators seek to describe the feasibility of using this shorter GA tool, the mGA,&#xD;
      administered via patient self-report on a touchscreen computer, as well as the real-time use&#xD;
      and utility by clinicians and the correlation of mGA results on treatment decision-making.&#xD;
    </textblock>
  </brief_summary>
  <detailed_description>
    <textblock>
      This outcomes study has a two-part intervention that includes 1) provider education and 2)&#xD;
      patient and provider use of Carevive Treatment Care Planning technology. The provider&#xD;
      education component of the intervention highlights evidenced guidelines and investigational&#xD;
      agents in the treatment of AML in older adults. The Carevive CPS will be used for the second&#xD;
      component of the intervention. The results of this study will provide important information&#xD;
      about drivers of treatment decision-making and practice patterns, feasibility of a technology&#xD;
      platform to incorporate important, but under-utilized components of value-based care into&#xD;
      practice, and healthcare utilization data.&#xD;
    </textblock>
  </detailed_description>
  <overall_status>Completed</overall_status>
  <start_date type="Actual">April 26, 2019</start_date>
  <completion_date type="Actual">December 31, 2020</completion_date>
  <primary_completion_date type="Actual">November 30, 2020</primary_completion_date>
  <phase>N/A</phase>
  <study_type>Interventional</study_type>
  <has_expanded_access>No</has_expanded_access>
  <study_design_info>
    <allocation>N/A</allocation>
    <intervention_model>Single Group Assignment</intervention_model>
    <primary_purpose>Health Services Research</primary_purpose>
    <masking>None (Open Label)</masking>
  </study_design_info>
  <primary_outcome>
    <measure>The correlation of mGA for patients with AML on clinical outcomes at three months post treatment decision making.</measure>
    <time_frame>3 months</time_frame>
    <description>Clinical outcomes include time on treatment, adherence to the prescribed treatment, quality of life (QoL), and patient side effects. Providers will review results of the mGA at a treatment decision visit and indicate if the mGA results influenced the treatment selection. Chart abstraction will be conducted at a 3-month post treatment planning visit time point to confirm treatment given. Baseline and 3-month QoL and symptom assessment measures will be collected and change over time will be analyzed. Comparisons of change in QoL and symptoms over 3 months, total time on treatment, and adherence among fit, intermediate, and frail groups will be made.</description>
  </primary_outcome>
  <secondary_outcome>
    <measure>Review of Real-world clinician practice patterns of hematologists managing older patients with AML (age&gt;60),</measure>
    <time_frame>3 months</time_frame>
    <description>Quantitative measures include data collected by the Carevive CPS platform to describe treatment practice patterns of hematologists caring for older patients with AML at three study sites. At baseline, and then again as part of participating clinicians' exit interview, each clinician will complete a survey that asks about his/her behaviors related to assessment and management of their older AML patients.</description>
  </secondary_outcome>
  <other_outcome>
    <measure>Satisfaction (usability, acceptability, feasibility and utility) of incorporating electronic mGA into routine clinical care will be evaluated at baseline and each clinic visit.A comprehensive survey will be utilized to capture these outcomes.</measure>
    <time_frame>3 months</time_frame>
    <description>Usability and acceptability of the electronic mGA is measured by both patients and providers using surveys after the visit. Feasibility of the mGA is assessed at the patient level and focuses on the patient's ability to complete the assessment via an electronic tablet prior to their visit without assistance. These measures will be collected using one comprehensive survey</description>
  </other_outcome>
  <other_outcome>
    <measure>Change in the hematologists' knowledge, skills and attitudes from baseline following continuing education modules viewed by providers.</measure>
    <time_frame>3 months</time_frame>
    <description>Clinicians will complete a pre-test and a post-test questionnaire, allowing for the determination of clinician competency to optimally manage older patients with AML based on GA screening. The comparisons will assess changes in knowledge, skills and attitudes as a direct result of the training. Surveys will be completed capturing the results and will be compared at the different timepoints.</description>
  </other_outcome>
  <enrollment type="Actual">47</enrollment>
  <condition>Acute Myeloid Leukemia</condition>
  <intervention>
    <intervention_type>Behavioral</intervention_type>
    <intervention_name>modified Geriatric Assessment (mGA)</intervention_name>
    <description>The mGA, administered via patient self-report on a touchscreen computer, as well as the real-time use and utility by clinicians and the correlation of mGA results on treatment decision-making.</description>
  </intervention>
  <eligibility>
    <criteria>
      <textblock>
        Inclusion Criteria:&#xD;
&#xD;
          -  All participants must be adults ages 18 years of age or older.&#xD;
&#xD;
          -  Patient participants must have a diagnosis of AML.&#xD;
&#xD;
          -  Patients may be newly diagnosed, needing a new line of therapy and have not yet made a&#xD;
             treatment decision, or on treatment and being assessed for potential new treatment&#xD;
&#xD;
          -  All participants must be able to understand English.&#xD;
&#xD;
        Exclusion Criteria:&#xD;
&#xD;
          -  Any patient who cannot understand written or spoken English.&#xD;
&#xD;
          -  Any prisoner and/or other vulnerable persons as defined by NIH (45 CFR 46, Subpart B,&#xD;
             C and D).&#xD;
      </textblock>
    </criteria>
    <gender>All</gender>
    <minimum_age>60 Years</minimum_age>
    <maximum_age>N/A</maximum_age>
    <healthy_volunteers>No</healthy_volunteers>
  </eligibility>
  <overall_official>
    <last_name>Debbie Wujcik, PhD,RN</last_name>
    <role>Principal Investigator</role>
    <affiliation>Carevive Systems, Inc.</affiliation>
  </overall_official>
  <location>
    <facility>
      <name>University of Alabama Birmingham</name>
      <address>
        <city>Birmingham</city>
        <state>Alabama</state>
        <zip>35233</zip>
        <country>United States</country>
      </address>
    </facility>
  </location>
  <location_countries>
    <country>United States</country>
  </location_countries>
  <verification_date>January 2022</verification_date>
  <study_first_submitted>November 1, 2019</study_first_submitted>
  <study_first_submitted_qc>November 6, 2019</study_first_submitted_qc>
  <study_first_posted type="Actual">November 12, 2019</study_first_posted>
  <last_update_submitted>January 13, 2022</last_update_submitted>
  <last_update_submitted_qc>January 13, 2022</last_update_submitted_qc>
  <last_update_posted type="Actual">January 18, 2022</last_update_posted>
  <responsible_party>
    <responsible_party_type>Sponsor</responsible_party_type>
  </responsible_party>
  <condition_browse>
    <!-- CAUTION:  The following MeSH terms are assigned with an imperfect algorithm            -->
    <mesh_term>Leukemia</mesh_term>
    <mesh_term>Leukemia, Myeloid, Acute</mesh_term>
    <mesh_term>Leukemia, Myeloid</mesh_term>
  </condition_browse>
  <patient_data>
    <sharing_ipd>No</sharing_ipd>
  </patient_data>
  <!-- Results have not yet been posted for this study                                          -->
</clinical_study>

