<?xml version="1.0" encoding="UTF-8"?>
<clinical_study rank="215">
  <!-- This xml conforms to an XML Schema at:
    https://clinicaltrials.gov/ct2/html/images/info/public.xsd -->
  <required_header>
    <download_date>ClinicalTrials.gov processed this data on February 06, 2024</download_date>
    <link_text>Link to the current ClinicalTrials.gov record.</link_text>
    <url>https://clinicaltrials.gov/ct2/show/NCT02779283</url>
  </required_header>
  <id_info>
    <org_study_id>IRB00011766</org_study_id>
    <secondary_id>NCI-2016-00083</secondary_id>
    <secondary_id>IRB00011766</secondary_id>
    <secondary_id>P30CA069533</secondary_id>
    <nct_id>NCT02779283</nct_id>
  </id_info>
  <brief_title>Personalized Kinase Inhibitor Therapy Combined With Chemotherapy in Treating Patients With Newly Diagnosed Acute Myeloid Leukemia and Acute Lymphoblastic Leukemia</brief_title>
  <official_title>A Phase Ib Feasibility Study of Personalized Kinase Inhibitor Therapy Combined With Induction in Acute Leukemias Who Exhibit In Vitro Kinase Inhibitor Sensitivity</official_title>
  <sponsors>
    <lead_sponsor>
      <agency>OHSU Knight Cancer Institute</agency>
      <agency_class>Other</agency_class>
    </lead_sponsor>
    <collaborator>
      <agency>National Cancer Institute (NCI)</agency>
      <agency_class>NIH</agency_class>
    </collaborator>
  </sponsors>
  <source>OHSU Knight Cancer Institute</source>
  <oversight_info>
    <has_dmc>Yes</has_dmc>
    <is_fda_regulated_drug>Yes</is_fda_regulated_drug>
    <is_fda_regulated_device>Yes</is_fda_regulated_device>
  </oversight_info>
  <brief_summary>
    <textblock>
      This phase IB trial studies the feasibility of using a functional laboratory based study to&#xD;
      determine how well the test can be used to select personalized kinase inhibitor therapy in&#xD;
      combination with standard chemotherapy in treating patients with newly diagnosed acute&#xD;
      myeloid leukemia (AML) and acute lymphoblastic leukemia (ALL). It also evaluates safety and&#xD;
      potential efficacy. Kinase inhibitor is a type of substance that blocks an enzyme called a&#xD;
      kinase. Human cells have many different kinase enzymes, and they help control important cell&#xD;
      functions. Certain kinases are more active in some types of cancer cells and blocking them&#xD;
      may help keep the cancer cells from growing. Testing samples of blood from patients with AML&#xD;
      and ALL in the laboratory with kinase inhibitors may help determine which kinase inhibitor&#xD;
      has more activity against cancer cells and which one should be combined with standard of care&#xD;
      chemotherapy. Drugs used in chemotherapy work in different ways to stop the growth of cancer&#xD;
      cells, either by killing the cells, by stopping them from dividing, or by stopping them from&#xD;
      spreading. Giving a personalized kinase inhibitor therapy combined with standard chemotherapy&#xD;
      may be a better treatment for AML and ALL.&#xD;
    </textblock>
  </brief_summary>
  <detailed_description>
    <textblock>
      PRIMARY OBJECTIVES:&#xD;
&#xD;
      I. Determine feasibility of using an in vitro small molecule inhibitor screen to select&#xD;
      kinase inhibitors to add to standard chemotherapy induction in AML or ALL.&#xD;
&#xD;
      SECONDARY OBJECTIVES:&#xD;
&#xD;
      I. Determine the safety and tolerability of the addition of the kinase inhibitors when added&#xD;
      to standard chemotherapy induction.&#xD;
&#xD;
      II. Evaluate overall objective response rates at completion of induction therapy.&#xD;
&#xD;
      III. Evaluate need for re-induction at day 14 (+/- 3 days) for AML. IV. Evaluate sensitivity&#xD;
      to kinase inhibitors using our in vitro small molecule inhibitor screen in newly diagnosed&#xD;
      AML/ALL.&#xD;
&#xD;
      V. Determine twelve-month overall survival.&#xD;
&#xD;
      TERTIARY OBJECTIVES:&#xD;
&#xD;
      I. Perform next-generation mutational analysis in primary leukemia samples from study&#xD;
      subjects at baseline to establish a panel of known mutations for each subject and at the time&#xD;
      of bone marrow recovery after induction chemotherapy to measure residual disease and evaluate&#xD;
      utility of next-generation sequencing as a method compared to flow cytometry for minimal&#xD;
      residual disease (MRD).&#xD;
&#xD;
      II. Evaluate pharmacokinetics for each individual kinase inhibitor. III. Determine if there&#xD;
      is a cytogenetic or other risk group that has a higher rate of treatment failure or inability&#xD;
      to obtain results from the small molecule inhibitor screen.&#xD;
&#xD;
      OUTLINE: Patients are assigned to 1 of 2 arms.&#xD;
&#xD;
      ARM I (AML): Patients receive cytarabine intravenously (IV) continuously over 24 hours on&#xD;
      days 1-7, and idarubicin IV over 30 minutes on days 1-3.&#xD;
&#xD;
      ARM II (ALL) CYCLE A: Patients receive cyclophosphamide IV over 3 hours twice daily (BID) on&#xD;
      days 1-3, vincristine sulfate IV on days 4 and 11, doxorubicin hydrochloride IV on day 4,&#xD;
      dexamethasone PO on days 1-4 and 11-14, and rituximab IV on day 1 and 11 (day 11 only of&#xD;
      course 1). Treatment repeats every 28 days for up to 4 courses in the absence of disease&#xD;
      progression or unacceptable toxicity.&#xD;
&#xD;
      ARM II (ALL) CYCLE B: Patients receive cytarabine IV over 2 hours BID on days 2-3,&#xD;
      methotrexate IV over 2-22 hours on day 1, methylprednisolone sodium succinate IV BID on days&#xD;
      1-3, leucovorin calcium IV every 6 hours until methotrexate level is &lt; 0.05 uM and rituximab&#xD;
      IV on days 1 and 8. Treatment repeats every 28 days for up to 4 courses in the absence of&#xD;
      disease progression or unacceptable toxicity.&#xD;
&#xD;
      In all arms, based on the results of the kinase inhibitor assay, patients receive either&#xD;
      sorafenib tosylate PO BID, sunitinib malate PO daily, dasatinib PO daily, ponatinib&#xD;
      hydrochloride PO daily, ruxolitinib phosphate or idelalisib PO BID on days 8-28 in the&#xD;
      absence of disease progression or unacceptable toxicity.&#xD;
&#xD;
      After completion of study treatment, patients are followed up at 4-6 weeks, and then for a&#xD;
      minimum of 1 year.&#xD;
    </textblock>
  </detailed_description>
  <overall_status>Completed</overall_status>
  <start_date type="Actual">January 13, 2016</start_date>
  <completion_date type="Actual">September 20, 2018</completion_date>
  <primary_completion_date type="Actual">April 19, 2018</primary_completion_date>
  <phase>Phase 1</phase>
  <study_type>Interventional</study_type>
  <has_expanded_access>No</has_expanded_access>
  <study_design_info>
    <allocation>Non-Randomized</allocation>
    <intervention_model>Parallel Assignment</intervention_model>
    <primary_purpose>Treatment</primary_purpose>
    <masking>None (Open Label)</masking>
  </study_design_info>
  <primary_outcome>
    <measure>Proportion of subjects who start a targeted drug</measure>
    <time_frame>On day 8</time_frame>
    <description>A proportion of subjects whose targeted drug is identified and who start the kinase-inhibitor drug on day 8 will be estimated among all screened subjects along with the 95% confidence interval using the feasibility analysis set.</description>
  </primary_outcome>
  <secondary_outcome>
    <measure>Incidence of any grade 3 or higher dose limiting toxicity graded (DLT) according to Common Terminology Criteria for Adverse Events version 4.0</measure>
    <time_frame>Up to 6 weeks post-treatment</time_frame>
    <description>DLT events will be tabulated and summarized. The incidence of DLT and its 95% confidence interval will be provided for the entire safety analysis set as well as for each targeted drug separately.</description>
  </secondary_outcome>
  <secondary_outcome>
    <measure>Overall objective response rates defined as morphologic, cytogenetic and molecular complete response (CR) rates at the end of induction period</measure>
    <time_frame>At 14 days post-induction treatment</time_frame>
    <description>The proportion and its 95% confidence interval will be provided for morphologic CR rate, cytogenetic CR rate, and molecular CR rate at the end of induction period. The descriptive statistics (mean, standard deviation, median, minimum and maximum) will be provided for % blasts at day 14 (+/- 3 days) for acute myeloid leukemia or show signs of disease progression requiring alternative treatment (re-induction) during the 21 day targeted treatment period (days 8-28) for acute lymphoblastic leukemia. The proportion and its 95% confidence interval will be provided for the proportion of patients who show sensitivity to each of the study drugs (i.e., IC50 &lt; 20% of median IC50).</description>
  </secondary_outcome>
  <secondary_outcome>
    <measure>Proportion of patients who show sensitivity to each of the study kinase inhibitors</measure>
    <time_frame>Baseline</time_frame>
    <description>Measured as half maximal inhibitory concentration (IC50) &lt; 20% of median IC50.</description>
  </secondary_outcome>
  <secondary_outcome>
    <measure>Overall survival</measure>
    <time_frame>From date of the first treatment assessed up to 1 year</time_frame>
    <description>Kaplan-Meier method will be used to estimate overall survival.</description>
  </secondary_outcome>
  <number_of_arms>2</number_of_arms>
  <enrollment type="Actual">7</enrollment>
  <condition>Acute Lymphoblastic Leukemia</condition>
  <condition>Acute Myeloid Leukemia</condition>
  <arm_group>
    <arm_group_label>Arm I (AML)</arm_group_label>
    <arm_group_type>Experimental</arm_group_type>
    <description>Patients receive cytarabine IV continuously over 24 hours on days 1-7, and idarubicin IV over 30 minutes on days 1-3.Patients receive cyclophosphamide IV over 3 hours twice daily (BID) on days 1-3, vincristine sulfate IV on days 4 and 11, doxorubicin hydrochloride IV on day 4, dexamethasone PO on days 1-4 and 11-14, and rituximab IV on day 1 and 11 (day 11 only of course 1). Treatment repeats every 28 days for up to 4 courses in the absence of disease progression or unacceptable toxicity. Based on the results of the kinase inhibitor assay (In Vitro Kinase Inhibitor Assay), patients receive either sorafenib tosylate PO BID, sunitinib malate PO daily, dasatinib PO daily, ponatinib hydrochloride PO daily, ruxolitinib phosphate or idelalisib PO BID on days 8-28 in the absence of disease progression or unacceptable toxicity.</description>
  </arm_group>
  <arm_group>
    <arm_group_label>Arm II (ALL)</arm_group_label>
    <arm_group_type>Experimental</arm_group_type>
    <description>Patients receive cytarabine IV over 2 hours BID on days 2-3, methotrexate IV over 2-22 hours on day 1, methylprednisolone sodium succinate IV BID on days 1-3, leucovorin calcium IV every 6 hours until methotrexate level is &lt; 0.05 uM and rituximab IV on days 1 and 8. Treatment repeats every 28 days for up to 4 courses in the absence of disease progression or unacceptable toxicity. Based on the results of the kinase inhibitor assay (In Vitro Kinase Inhibitor Assay), patients receive either sorafenib tosylate PO BID, sunitinib malate PO daily, dasatinib PO daily, ponatinib hydrochloride PO daily, ruxolitinib phosphate or idelalisib PO BID on days 8-28 in the absence of disease progression or unacceptable toxicity.</description>
  </arm_group>
  <intervention>
    <intervention_type>Drug</intervention_type>
    <intervention_name>Cyclophosphamide</intervention_name>
    <description>Given IV</description>
    <arm_group_label>Arm II (ALL)</arm_group_label>
    <other_name>(-)-Cyclophosphamide</other_name>
    <other_name>2H-1,3,2-Oxazaphosphorine, 2-[bis(2-chloroethyl)amino]tetrahydro-, 2-oxide, monohydrate</other_name>
    <other_name>Carloxan</other_name>
    <other_name>Ciclofosfamida</other_name>
    <other_name>Ciclofosfamide</other_name>
    <other_name>Cicloxal</other_name>
    <other_name>Clafen</other_name>
    <other_name>Claphene</other_name>
    <other_name>CP monohydrate</other_name>
    <other_name>CTX</other_name>
    <other_name>CYCLO-cell</other_name>
    <other_name>Cycloblastin</other_name>
    <other_name>Cycloblastine</other_name>
    <other_name>Cyclophospham</other_name>
    <other_name>Cyclophosphamid monohydrate</other_name>
    <other_name>Cyclophosphamidum</other_name>
    <other_name>Cyclophosphan</other_name>
    <other_name>Cyclophosphane</other_name>
    <other_name>Cyclophosphanum</other_name>
    <other_name>Cyclostin</other_name>
    <other_name>Cyclostine</other_name>
    <other_name>Cytophosphan</other_name>
    <other_name>Cytophosphane</other_name>
    <other_name>Cytoxan</other_name>
    <other_name>Fosfaseron</other_name>
    <other_name>Genoxal</other_name>
    <other_name>Genuxal</other_name>
    <other_name>Ledoxina</other_name>
    <other_name>Mitoxan</other_name>
    <other_name>Neosar</other_name>
    <other_name>Revimmune</other_name>
    <other_name>Syklofosfamid</other_name>
    <other_name>WR- 138719</other_name>
  </intervention>
  <intervention>
    <intervention_type>Drug</intervention_type>
    <intervention_name>Cytarabine</intervention_name>
    <description>Given IV</description>
    <arm_group_label>Arm I (AML)</arm_group_label>
    <arm_group_label>Arm II (ALL)</arm_group_label>
    <other_name>.beta.-Cytosine arabinoside</other_name>
    <other_name>1-.beta.-D-Arabinofuranosyl-4-amino-2(1H)pyrimidinone</other_name>
    <other_name>1-.beta.-D-Arabinofuranosylcytosine</other_name>
    <other_name>1-Beta-D-arabinofuranosyl-4-amino-2(1H)pyrimidinone</other_name>
    <other_name>1-Beta-D-arabinofuranosylcytosine</other_name>
    <other_name>1.beta.-D-Arabinofuranosylcytosine</other_name>
    <other_name>2(1H)-Pyrimidinone, 4-Amino-1-beta-D-arabinofuranosyl-</other_name>
    <other_name>2(1H)-Pyrimidinone, 4-amino-1.beta.-D-arabinofuranosyl-</other_name>
    <other_name>Alexan</other_name>
    <other_name>Ara-C</other_name>
    <other_name>ARA-cell</other_name>
    <other_name>Arabine</other_name>
    <other_name>Arabinofuranosylcytosine</other_name>
    <other_name>Arabinosylcytosine</other_name>
    <other_name>Aracytidine</other_name>
    <other_name>Aracytin</other_name>
    <other_name>Aracytine</other_name>
    <other_name>Beta-cytosine Arabinoside</other_name>
    <other_name>CHX-3311</other_name>
    <other_name>Cytarabinum</other_name>
    <other_name>Cytarbel</other_name>
    <other_name>Cytosar</other_name>
    <other_name>Cytosine Arabinoside</other_name>
    <other_name>Cytosine-.beta.-arabinoside</other_name>
    <other_name>Cytosine-beta-arabinoside</other_name>
    <other_name>Erpalfa</other_name>
    <other_name>Starasid</other_name>
    <other_name>Tarabine PFS</other_name>
    <other_name>U 19920</other_name>
    <other_name>U-19920</other_name>
    <other_name>Udicil</other_name>
    <other_name>WR-28453</other_name>
  </intervention>
  <intervention>
    <intervention_type>Drug</intervention_type>
    <intervention_name>Dasatinib</intervention_name>
    <description>Given PO</description>
    <arm_group_label>Arm I (AML)</arm_group_label>
    <arm_group_label>Arm II (ALL)</arm_group_label>
    <other_name>BMS-354825</other_name>
    <other_name>Sprycel</other_name>
  </intervention>
  <intervention>
    <intervention_type>Drug</intervention_type>
    <intervention_name>Dexamethasone</intervention_name>
    <description>Given PO</description>
    <arm_group_label>Arm II (ALL)</arm_group_label>
    <other_name>Aacidexam</other_name>
    <other_name>Adexone</other_name>
    <other_name>Aknichthol Dexa</other_name>
    <other_name>Alba-Dex</other_name>
    <other_name>Alin</other_name>
    <other_name>Alin Depot</other_name>
    <other_name>Alin Oftalmico</other_name>
    <other_name>Amplidermis</other_name>
    <other_name>Anemul mono</other_name>
    <other_name>Auricularum</other_name>
    <other_name>Auxiloson</other_name>
    <other_name>Baycuten</other_name>
    <other_name>Baycuten N</other_name>
    <other_name>Cortidexason</other_name>
    <other_name>Cortisumman</other_name>
    <other_name>Decacort</other_name>
    <other_name>Decadrol</other_name>
    <other_name>Decadron</other_name>
    <other_name>Decalix</other_name>
    <other_name>Decameth</other_name>
    <other_name>Decasone R.p.</other_name>
    <other_name>Dectancyl</other_name>
    <other_name>Dekacort</other_name>
    <other_name>Deltafluorene</other_name>
    <other_name>Deronil</other_name>
    <other_name>Desamethasone</other_name>
    <other_name>Desameton</other_name>
    <other_name>Dexa-Mamallet</other_name>
    <other_name>Dexa-Rhinosan</other_name>
    <other_name>Dexa-Scheroson</other_name>
    <other_name>Dexa-sine</other_name>
    <other_name>Dexacortal</other_name>
    <other_name>Dexacortin</other_name>
    <other_name>Dexafarma</other_name>
    <other_name>Dexafluorene</other_name>
    <other_name>Dexalocal</other_name>
    <other_name>Dexamecortin</other_name>
    <other_name>Dexameth</other_name>
    <other_name>Dexamethasonum</other_name>
    <other_name>Dexamonozon</other_name>
    <other_name>Dexapos</other_name>
    <other_name>Dexinoral</other_name>
    <other_name>Dexone</other_name>
    <other_name>Dinormon</other_name>
    <other_name>Fluorodelta</other_name>
    <other_name>Fortecortin</other_name>
    <other_name>Gammacorten</other_name>
    <other_name>Hexadecadrol</other_name>
    <other_name>Hexadrol</other_name>
    <other_name>Lokalison-F</other_name>
    <other_name>Loverine</other_name>
    <other_name>Methylfluorprednisolone</other_name>
    <other_name>Millicorten</other_name>
    <other_name>Mymethasone</other_name>
    <other_name>Orgadrone</other_name>
    <other_name>Spersadex</other_name>
    <other_name>Visumetazone</other_name>
  </intervention>
  <intervention>
    <intervention_type>Drug</intervention_type>
    <intervention_name>Doxorubicin Hydrochloride</intervention_name>
    <description>Given IV</description>
    <arm_group_label>Arm II (ALL)</arm_group_label>
    <other_name>5,12-Naphthacenedione, 10-[(3-amino-2,3,6-trideoxy-alpha-L-lyxo-hexopyranosyl)oxy]-7,8, 9,10-tetrahydro-6,8,11-trihydroxy-8-(hydroxyacetyl)-1-methoxy-, hydrochloride, (8S-cis)- (9CI)</other_name>
    <other_name>ADM</other_name>
    <other_name>Adriacin</other_name>
    <other_name>Adriamycin</other_name>
    <other_name>Adriamycin Hydrochloride</other_name>
    <other_name>Adriamycin PFS</other_name>
    <other_name>Adriamycin RDF</other_name>
    <other_name>ADRIAMYCIN, HYDROCHLORIDE</other_name>
    <other_name>Adriamycine</other_name>
    <other_name>Adriblastina</other_name>
    <other_name>Adriblastine</other_name>
    <other_name>Adrimedac</other_name>
    <other_name>Chloridrato de Doxorrubicina</other_name>
    <other_name>DOX</other_name>
    <other_name>DOXO-CELL</other_name>
    <other_name>Doxolem</other_name>
    <other_name>Doxorubicin.HCl</other_name>
    <other_name>Doxorubin</other_name>
    <other_name>Farmiblastina</other_name>
    <other_name>FI 106</other_name>
    <other_name>FI-106</other_name>
    <other_name>hydroxydaunorubicin</other_name>
    <other_name>Rubex</other_name>
  </intervention>
  <intervention>
    <intervention_type>Drug</intervention_type>
    <intervention_name>Idarubicin</intervention_name>
    <description>Given IV</description>
    <arm_group_label>Arm I (AML)</arm_group_label>
    <other_name>4-Demethoxydaunomycin</other_name>
    <other_name>4-demethoxydaunorubicin</other_name>
    <other_name>4-DMDR</other_name>
  </intervention>
  <intervention>
    <intervention_type>Drug</intervention_type>
    <intervention_name>Idelalisib</intervention_name>
    <description>Given PO</description>
    <arm_group_label>Arm I (AML)</arm_group_label>
    <arm_group_label>Arm II (ALL)</arm_group_label>
    <other_name>CAL-101</other_name>
    <other_name>GS 1101</other_name>
    <other_name>GS-1101</other_name>
    <other_name>Phosphoinositide-3 Kinase Delta Inhibitor CAL-101</other_name>
    <other_name>Zydelig</other_name>
  </intervention>
  <intervention>
    <intervention_type>Device</intervention_type>
    <intervention_name>In Vitro Kinase Inhibitor Assay</intervention_name>
    <description>Correlative studies</description>
    <arm_group_label>Arm I (AML)</arm_group_label>
    <arm_group_label>Arm II (ALL)</arm_group_label>
    <other_name>Laboratory Biomarker Analysis</other_name>
  </intervention>
  <intervention>
    <intervention_type>Drug</intervention_type>
    <intervention_name>Leucovorin Calcium</intervention_name>
    <description>Given IV</description>
    <arm_group_label>Arm II (ALL)</arm_group_label>
    <other_name>Adinepar</other_name>
    <other_name>Calcifolin</other_name>
    <other_name>Calcium (6S)-Folinate</other_name>
    <other_name>Calcium Folinate</other_name>
    <other_name>Calcium Leucovorin</other_name>
    <other_name>Calfolex</other_name>
    <other_name>Calinat</other_name>
    <other_name>Cehafolin</other_name>
    <other_name>Citofolin</other_name>
    <other_name>Citrec</other_name>
    <other_name>citrovorum factor</other_name>
    <other_name>Cromatonbic Folinico</other_name>
    <other_name>Dalisol</other_name>
    <other_name>Disintox</other_name>
    <other_name>Divical</other_name>
    <other_name>Ecofol</other_name>
    <other_name>Emovis</other_name>
    <other_name>Factor, Citrovorum</other_name>
    <other_name>Flynoken A</other_name>
    <other_name>Folaren</other_name>
    <other_name>Folaxin</other_name>
    <other_name>FOLI-cell</other_name>
    <other_name>Foliben</other_name>
    <other_name>Folidan</other_name>
    <other_name>Folidar</other_name>
    <other_name>Folinac</other_name>
    <other_name>Folinate Calcium</other_name>
    <other_name>folinic acid</other_name>
    <other_name>Folinic Acid Calcium Salt Pentahydrate</other_name>
    <other_name>Folinoral</other_name>
    <other_name>Folinvit</other_name>
    <other_name>Foliplus</other_name>
    <other_name>Folix</other_name>
    <other_name>Imo</other_name>
    <other_name>Lederfolat</other_name>
    <other_name>Lederfolin</other_name>
    <other_name>Leucosar</other_name>
    <other_name>leucovorin</other_name>
    <other_name>Rescufolin</other_name>
    <other_name>Rescuvolin</other_name>
    <other_name>Tonofolin</other_name>
    <other_name>Wellcovorin</other_name>
  </intervention>
  <intervention>
    <intervention_type>Drug</intervention_type>
    <intervention_name>Methotrexate</intervention_name>
    <description>Given IV</description>
    <arm_group_label>Arm II (ALL)</arm_group_label>
    <other_name>Abitrexate</other_name>
    <other_name>Alpha-Methopterin</other_name>
    <other_name>Amethopterin</other_name>
    <other_name>Brimexate</other_name>
    <other_name>CL 14377</other_name>
    <other_name>CL-14377</other_name>
    <other_name>Emtexate</other_name>
    <other_name>Emthexat</other_name>
    <other_name>Emthexate</other_name>
    <other_name>Farmitrexat</other_name>
    <other_name>Fauldexato</other_name>
    <other_name>Folex</other_name>
    <other_name>Folex PFS</other_name>
    <other_name>Lantarel</other_name>
    <other_name>Ledertrexate</other_name>
    <other_name>Lumexon</other_name>
    <other_name>Maxtrex</other_name>
    <other_name>Medsatrexate</other_name>
    <other_name>Metex</other_name>
    <other_name>Methoblastin</other_name>
    <other_name>Methotrexate LPF</other_name>
    <other_name>Methotrexate Methylaminopterin</other_name>
    <other_name>Methotrexatum</other_name>
    <other_name>Metotrexato</other_name>
    <other_name>Metrotex</other_name>
    <other_name>Mexate</other_name>
    <other_name>Mexate-AQ</other_name>
    <other_name>MTX</other_name>
    <other_name>Novatrex</other_name>
    <other_name>Rheumatrex</other_name>
    <other_name>Texate</other_name>
    <other_name>Tremetex</other_name>
    <other_name>Trexeron</other_name>
    <other_name>Trixilem</other_name>
    <other_name>WR-19039</other_name>
  </intervention>
  <intervention>
    <intervention_type>Drug</intervention_type>
    <intervention_name>Methylprednisolone Sodium Succinate</intervention_name>
    <description>Given IV</description>
    <arm_group_label>Arm II (ALL)</arm_group_label>
    <other_name>A-MethaPred</other_name>
    <other_name>Asmacortone</other_name>
    <other_name>Cryosolona</other_name>
    <other_name>Medrate</other_name>
    <other_name>Metypred</other_name>
    <other_name>Prednilem</other_name>
    <other_name>Solu Moderin</other_name>
    <other_name>Solu-Medrol</other_name>
    <other_name>Solu-Medrone</other_name>
  </intervention>
  <intervention>
    <intervention_type>Drug</intervention_type>
    <intervention_name>Ponatinib Hydrochloride</intervention_name>
    <description>Given PO</description>
    <arm_group_label>Arm I (AML)</arm_group_label>
    <arm_group_label>Arm II (ALL)</arm_group_label>
    <other_name>AP24534 HCl</other_name>
    <other_name>Iclusig</other_name>
  </intervention>
  <intervention>
    <intervention_type>Biological</intervention_type>
    <intervention_name>Rituximab</intervention_name>
    <description>Given IV</description>
    <arm_group_label>Arm II (ALL)</arm_group_label>
    <other_name>ABP 798</other_name>
    <other_name>BI 695500</other_name>
    <other_name>C2B8 Monoclonal Antibody</other_name>
    <other_name>Chimeric Anti-CD20 Antibody</other_name>
    <other_name>CT-P10</other_name>
    <other_name>IDEC-102</other_name>
    <other_name>IDEC-C2B8</other_name>
    <other_name>IDEC-C2B8 Monoclonal Antibody</other_name>
    <other_name>MabThera</other_name>
    <other_name>Monoclonal Antibody IDEC-C2B8</other_name>
    <other_name>PF-05280586</other_name>
    <other_name>Rituxan</other_name>
    <other_name>Rituximab Biosimilar ABP 798</other_name>
    <other_name>Rituximab Biosimilar BI 695500</other_name>
    <other_name>Rituximab Biosimilar CT-P10</other_name>
    <other_name>Rituximab Biosimilar GB241</other_name>
    <other_name>Rituximab Biosimilar IBI301</other_name>
    <other_name>Rituximab Biosimilar PF-05280586</other_name>
    <other_name>Rituximab Biosimilar RTXM83</other_name>
    <other_name>Rituximab Biosimilar SAIT101</other_name>
    <other_name>RTXM83</other_name>
  </intervention>
  <intervention>
    <intervention_type>Drug</intervention_type>
    <intervention_name>Ruxolitinib Phosphate</intervention_name>
    <description>Given PO</description>
    <arm_group_label>Arm I (AML)</arm_group_label>
    <arm_group_label>Arm II (ALL)</arm_group_label>
    <other_name>INCB-18424 Phosphate</other_name>
    <other_name>Jakafi</other_name>
  </intervention>
  <intervention>
    <intervention_type>Drug</intervention_type>
    <intervention_name>Sorafenib Tosylate</intervention_name>
    <description>Given PO</description>
    <arm_group_label>Arm I (AML)</arm_group_label>
    <arm_group_label>Arm II (ALL)</arm_group_label>
    <other_name>BAY 43-9006 Tosylate</other_name>
    <other_name>BAY 54-9085</other_name>
    <other_name>Nexavar</other_name>
    <other_name>sorafenib</other_name>
  </intervention>
  <intervention>
    <intervention_type>Drug</intervention_type>
    <intervention_name>Sunitinib Malate</intervention_name>
    <description>Given PO</description>
    <arm_group_label>Arm I (AML)</arm_group_label>
    <arm_group_label>Arm II (ALL)</arm_group_label>
    <other_name>SU011248</other_name>
    <other_name>SU11248</other_name>
    <other_name>sunitinib</other_name>
    <other_name>Sutent</other_name>
  </intervention>
  <intervention>
    <intervention_type>Drug</intervention_type>
    <intervention_name>Vincristine Sulfate</intervention_name>
    <description>Given IV</description>
    <arm_group_label>Arm II (ALL)</arm_group_label>
    <other_name>Kyocristine</other_name>
    <other_name>Leurocristine sulfate</other_name>
    <other_name>Leurocristine, sulfate</other_name>
    <other_name>Oncovin</other_name>
    <other_name>Vincasar</other_name>
    <other_name>Vincosid</other_name>
    <other_name>Vincrex</other_name>
    <other_name>Vincristine, sulfate</other_name>
  </intervention>
  <eligibility>
    <criteria>
      <textblock>
        Inclusion Criteria:&#xD;
&#xD;
          -  Patients must have histologically confirmed AML or ALL, excluding acute promyelocytic&#xD;
             leukemia (APL); for histological confirmation, a bone marrow biopsy and aspirate must&#xD;
             be reviewed at Oregon Health &amp; Science University (OHSU)&#xD;
&#xD;
          -  Patients must have newly diagnosed AML or ALL without previous treatment; hydroxyurea&#xD;
             will be allowed to control peripheral blast count as clinically indicated but would&#xD;
             need to be stopped prior to initiation of tyrosine kinase inhibitor [TKI]); all-trans&#xD;
             retinoic acid (ATRA) is permitted during the period prior to ruling out a diagnosis of&#xD;
             APL; previous radiation treatment is allowable; patients must be deemed eligible for&#xD;
             treatment with cytotoxic induction chemotherapy with cytarabine and idarubicin for AML&#xD;
             or hyper-cyclophosphamide, dexamethasone, doxorubicin, vincristine sulfate (CVAD) for&#xD;
             ALL; patients newly diagnosed with ALL must have received no prior treatment for their&#xD;
             ALL with the exception of steroids (i.e. prednisone, dexamethasone); intrathecal&#xD;
             methotrexate or cytarabine, allowed prior to and throughout the enrollment period for&#xD;
             AML and ALL&#xD;
&#xD;
          -  Subjects must be aged between &gt;= 18 years and =&lt; 64 for AML and &gt; 40 and =&lt; 64 for ALL&#xD;
&#xD;
          -  Eastern Cooperative Oncology Group (ECOG) performance status =&lt; 2&#xD;
&#xD;
          -  Total bilirubin &lt; 2.0 x institutional upper limit of normal (ULN)&#xD;
&#xD;
          -  Aspartate aminotransferase (AST) (serum glutamic oxaloacetic transaminase [SGOT]) and&#xD;
             alanine aminotransferase (ALT) (serum glutamate pyruvate transaminase [SGPT]) =&lt; 2.5 x&#xD;
             institutional ULN and thought to be due to hepatocellular dysfunction&#xD;
&#xD;
          -  Potassium &gt; lower limit of normal (LLN) or correctable with supplements prior to first&#xD;
             dose of study medication&#xD;
&#xD;
          -  Magnesium &gt; LLN or correctable with supplements prior to first dose of study&#xD;
             medication&#xD;
&#xD;
          -  Total calcium (corrected for serum albumin) &gt;= LLN or correctable with supplements&#xD;
             prior to first dose of study medication&#xD;
&#xD;
          -  Serum amylase and lipase =&lt; 1.5 x institutional ULN&#xD;
&#xD;
          -  International normalized ratio (INR) =&lt; 2.0 or correctable to 2.0 with vitamin K&#xD;
             therapy&#xD;
&#xD;
          -  Corrected QT (QTc) =&lt; 450 msec. for men or QTc =&lt; 470 msec. for women&#xD;
&#xD;
          -  Creatinine &lt; 2.0 x ULN&#xD;
&#xD;
          -  No clinically significant uncontrolled infections as determined by investigator&#xD;
&#xD;
          -  Patients must be able to take oral medications&#xD;
&#xD;
          -  Persons of reproductive potential must agree to an adequate method of contraception&#xD;
             throughout treatment and for at least 4 weeks after study drug is stopped&#xD;
&#xD;
               -  Women of childbearing potential must have a negative serum or urine pregnancy&#xD;
                  test within 8 days prior to start of study drug administration&#xD;
&#xD;
          -  Patients must be willing to accept blood product transfusions&#xD;
&#xD;
          -  Ability to understand and the willingness to sign a written informed consent document&#xD;
             and Health Insurance Portability and Accountability Act (HIPAA) documentation&#xD;
&#xD;
          -  DRUG-SPECIFIC INCLUSION CRITERIA&#xD;
&#xD;
          -  DASATINIB&#xD;
&#xD;
               -  Women of childbearing potential (WOCBP) must have a negative serum or urine&#xD;
                  pregnancy test (minimum sensitivity 25 IU/L or equivalent units of human&#xD;
                  chorionic gonadotropin [HCG]) within 24 hours prior to the start of study drug&#xD;
&#xD;
               -  Women must not be breastfeeding&#xD;
&#xD;
               -  WOCBP must agree to follow instructions for method(s) of contraception for the&#xD;
                  duration of treatment with study drug, plus 30 days (duration of ovulatory cycle)&#xD;
                  for a total of 30 days post-treatment completion&#xD;
&#xD;
               -  Men who are sexually active with WOCBP must agree to follow instructions for&#xD;
                  method(s) of contraception for the duration of treatment with study drug plus 90&#xD;
                  days (duration of sperm turnover) for a total of 90 days post-treatment&#xD;
                  completion&#xD;
&#xD;
               -  Azoospermic males and WOCBP, who are not heterosexually active, are exempt from&#xD;
                  contraceptive requirements; however, WOCBP must still undergo pregnancy testing&#xD;
&#xD;
               -  Investigators shall counsel WOCBP and male subjects who are sexually active with&#xD;
                  WOCBP on the importance of pregnancy prevention and the implications of&#xD;
                  unexpected pregnancy; investigators shall advise WOCBP and male subjects who are&#xD;
                  sexually active with WOCBP on the use of highly effective contraception; highly&#xD;
                  effective methods of contraception have a failure rate of &lt; 1% when used&#xD;
                  consistently and correctly&#xD;
&#xD;
               -  At a minimum, subjects must agree to the use of two methods of contraception,&#xD;
                  with one method being highly effective and the other method being either highly&#xD;
                  effective or less effective&#xD;
&#xD;
        Exclusion Criteria:&#xD;
&#xD;
          -  Newly diagnosed AML patients who are identified with FLT3-ITD or tyrosine kinase&#xD;
             domain (TKD) point mutation in the codon for an aspartate (D835) or an isoleucine&#xD;
             (I836) residue&#xD;
&#xD;
          -  Patients with a diagnosis of Philadelphia chromosome (Ph)+ ALL are not eligible&#xD;
&#xD;
          -  Subjects who are currently receiving any other investigational agents&#xD;
&#xD;
          -  History of allergic reactions attributed to compounds of similar chemical or biologic&#xD;
             composition to study agent or other agents used in the study&#xD;
&#xD;
          -  Drugs that affect the cytochrome P450 family 3, subfamily A, polypeptide 4 (CYP3A4)&#xD;
             systems are allowed but should be used with caution depending on specific kinase&#xD;
             inhibitor used&#xD;
&#xD;
          -  All outside study medications and supplements will be reviewed and monitored by the&#xD;
             inpatient pharmacy team; patients will be discouraged from taking herbals and&#xD;
             additional supplements&#xD;
&#xD;
          -  Patients should not be prescribed concomitant medications that may contribute to&#xD;
             prolonged QTc without consultation with the chemotherapy pharmacist; additional ECGs&#xD;
             should be done at the investigator?s discretion to ensure the subject?s safety; drugs&#xD;
             that are generally accepted to increase the risk of Torsades de Pointes, include (but&#xD;
             not limited to):&#xD;
&#xD;
               -  Quinidine, procainamide, disopyramide&#xD;
&#xD;
               -  Amiodarone, ibutilide, dofetilide, sotalol&#xD;
&#xD;
               -  Erythromycin, clarithromycin&#xD;
&#xD;
               -  Chlorpromazine, mesoridazine, thioridazine, pimozide&#xD;
&#xD;
               -  Cisapride, bepridil, droperidol, methadone, arsenic, chloroquine, domperidone,&#xD;
                  halofantrine, levomethadyl, pentamidine, sparfloxacin, lidoflazine&#xD;
&#xD;
          -  Left ventricular ejection fraction &lt; 50%&#xD;
&#xD;
          -  Uncontrolled intercurrent illness including but not limited to, symptomatic New York&#xD;
             Heart Association (NYHA) class III congestive heart failure, uncontrolled angina&#xD;
             pectoris, myocardial infarction or stroke within 6 months prior to enrollment, or&#xD;
             psychiatric illness/social situations that would limit compliance with study&#xD;
             requirements&#xD;
&#xD;
          -  Patients with a known human immunodeficiency virus (HIV) diagnosis are excluded from&#xD;
             the study&#xD;
&#xD;
          -  History of hypersensitivity to any of the kinase inhibitors included in this study&#xD;
&#xD;
          -  Pregnant or lactating women are excluded from the study&#xD;
&#xD;
          -  Diagnosed congenital long QT syndrome&#xD;
&#xD;
          -  Any history of significant bleeding disorder unrelated to cancer, including any&#xD;
             congenital bleeding disorder or any acquired bleeding disorder within one year of&#xD;
             start of study&#xD;
&#xD;
          -  Any history of clinically significant ventricular arrhythmia (such as ventricular&#xD;
             tachycardia, ventricular fibrillation or torsade de pointes)&#xD;
&#xD;
          -  Patients must not have clinically significant malabsorption syndrome or history&#xD;
&#xD;
          -  All patients must discontinue anti-platelet agents or anticoagulants 7 days prior to&#xD;
             initiation of study drug&#xD;
&#xD;
          -  All patients with unhealed wounds or fistulas should not be given vascular endothelial&#xD;
             growth factor (VEGF) inhibiting TKIs&#xD;
&#xD;
          -  DRUG-SPECIFIC EXCLUSION CRITERIA&#xD;
&#xD;
          -  PONATINIB&#xD;
&#xD;
               -  Patients with cytogenetically ?favorable risk' AML (core-binding factor&#xD;
                  leukemias) will not be enrolled on the ponatinib arm; testing with cytogenetics&#xD;
                  and fluorescence in situ hybridization (FISH) can establish this subtype within 7&#xD;
                  days of the diagnostic bone marrow biopsy&#xD;
&#xD;
               -  History of acute pancreatitis within 1 year of study or history of chronic&#xD;
                  pancreatitis&#xD;
&#xD;
               -  Uncontrolled hypertriglyceridemia (triglycerides &gt; 450 mg/dL)&#xD;
&#xD;
               -  Any history of myocardial infarction, stroke, or revascularization&#xD;
&#xD;
                    -  Any history of venous thromboembolism including deep venous thrombosis or&#xD;
                       pulmonary embolism with the exception of upper Extremity/Line associated&#xD;
                       deep vein thrombosis (DVTs) which are adequately treated (line removed&#xD;
                       and/or patient anti-coagulated)&#xD;
&#xD;
               -  Uncontrolled hypertension (diastolic blood pressure &gt; 90 mm Hg; systolic &gt; 140 mm&#xD;
                  Hg); patients with hypertension should be under treatment on study entry to&#xD;
                  effect blood pressure control&#xD;
&#xD;
          -  DASATINIB&#xD;
&#xD;
               -  Any history of second or third degree heart block (may be eligible if the subject&#xD;
                  currently has a pacemaker)&#xD;
&#xD;
               -  Known pulmonary arterial hypertension&#xD;
&#xD;
               -  Patients may not have clinically significant pleural or pericardial effusion per&#xD;
                  provider discretion&#xD;
&#xD;
          -  SORAFENIB&#xD;
&#xD;
               -  Major surgery, open biopsy, or significant traumatic injury within 30 days&#xD;
&#xD;
               -  Non-healing wound, ulcer, or bone fracture&#xD;
&#xD;
               -  Thrombotic or embolic venous or arterial events, such as cerebrovascular&#xD;
                  accident, including transient ischemic attacks, arterial thrombosis, deep vein&#xD;
                  thrombosis and pulmonary embolism within the past 6 months&#xD;
&#xD;
               -  Upper Extremity/Line associated DVTs which are adequately treated (line removed&#xD;
                  and/or patient anticoagulated) are eligible&#xD;
&#xD;
               -  Uncontrolled hypertension&#xD;
&#xD;
               -  Active bleeding during screening&#xD;
&#xD;
               -  Hypersensitivity to sorafenib&#xD;
&#xD;
          -  Idelalisib&#xD;
&#xD;
               -  Ongoing drug-induced liver injury, chronic active hepatitis C (hepatitis C virus&#xD;
                  [HCV]), chronic active hepatitis B (hepatitis B virus [HBV]), alcoholic liver&#xD;
                  disease, non-alcoholic steatohepatitis, primary biliary cirrhosis, extrahepatic&#xD;
                  obstruction caused by cholelithiasis, cirrhosis of the liver, portal&#xD;
                  hypertension, or history of autoimmune hepatitis&#xD;
&#xD;
               -  Ongoing symptomatic pneumonitis&#xD;
&#xD;
               -  Ongoing inflammatory bowel disease or autoimmune colitis&#xD;
&#xD;
               -  Ongoing cytomegalovirus (CMV) infection, treatment, or prophylaxis within the&#xD;
                  past 28 days prior to the screening test for active CMV&#xD;
&#xD;
               -  History of serious allergic reaction including anaphylaxis and epidermal&#xD;
                  necrolysis&#xD;
&#xD;
          -  Ruxolitinib&#xD;
&#xD;
               -  Chronic active hepatitis C (HCV)&#xD;
      </textblock>
    </criteria>
    <gender>All</gender>
    <minimum_age>18 Years</minimum_age>
    <maximum_age>64 Years</maximum_age>
    <healthy_volunteers>No</healthy_volunteers>
  </eligibility>
  <overall_official>
    <last_name>Stephen Spurgeon</last_name>
    <role>Principal Investigator</role>
    <affiliation>OHSU Knight Cancer Institute</affiliation>
  </overall_official>
  <location>
    <facility>
      <name>OHSU Knight Cancer Institute</name>
      <address>
        <city>Portland</city>
        <state>Oregon</state>
        <zip>97239</zip>
        <country>United States</country>
      </address>
    </facility>
  </location>
  <location_countries>
    <country>United States</country>
  </location_countries>
  <verification_date>February 2020</verification_date>
  <study_first_submitted>May 18, 2016</study_first_submitted>
  <study_first_submitted_qc>May 19, 2016</study_first_submitted_qc>
  <study_first_posted type="Estimate">May 20, 2016</study_first_posted>
  <last_update_submitted>May 21, 2020</last_update_submitted>
  <last_update_submitted_qc>May 21, 2020</last_update_submitted_qc>
  <last_update_posted type="Actual">May 26, 2020</last_update_posted>
  <responsible_party>
    <responsible_party_type>Principal Investigator</responsible_party_type>
    <investigator_affiliation>OHSU Knight Cancer Institute</investigator_affiliation>
    <investigator_full_name>Stephen Spurgeon</investigator_full_name>
    <investigator_title>Principal Investigator</investigator_title>
  </responsible_party>
  <condition_browse>
    <!-- CAUTION:  The following MeSH terms are assigned with an imperfect algorithm            -->
    <mesh_term>Leukemia</mesh_term>
    <mesh_term>Leukemia, Myeloid</mesh_term>
    <mesh_term>Leukemia, Myeloid, Acute</mesh_term>
    <mesh_term>Precursor Cell Lymphoblastic Leukemia-Lymphoma</mesh_term>
    <mesh_term>Leukemia, Lymphoid</mesh_term>
  </condition_browse>
  <intervention_browse>
    <!-- CAUTION:  The following MeSH terms are assigned with an imperfect algorithm            -->
    <mesh_term>Calcium, Dietary</mesh_term>
    <mesh_term>Leucovorin</mesh_term>
    <mesh_term>Folic Acid</mesh_term>
    <mesh_term>Cytarabine</mesh_term>
    <mesh_term>Dexamethasone</mesh_term>
    <mesh_term>Methylprednisolone</mesh_term>
    <mesh_term>Methylprednisolone Acetate</mesh_term>
    <mesh_term>Methylprednisolone Hemisuccinate</mesh_term>
    <mesh_term>Prednisolone</mesh_term>
    <mesh_term>Prednisolone acetate</mesh_term>
    <mesh_term>Dexamethasone acetate</mesh_term>
    <mesh_term>Cyclophosphamide</mesh_term>
    <mesh_term>Rituximab</mesh_term>
    <mesh_term>Doxorubicin</mesh_term>
    <mesh_term>Liposomal doxorubicin</mesh_term>
    <mesh_term>Methotrexate</mesh_term>
    <mesh_term>Vincristine</mesh_term>
    <mesh_term>Sorafenib</mesh_term>
    <mesh_term>Sunitinib</mesh_term>
    <mesh_term>Dasatinib</mesh_term>
    <mesh_term>Idarubicin</mesh_term>
    <mesh_term>Ponatinib</mesh_term>
    <mesh_term>Idelalisib</mesh_term>
    <mesh_term>Antineoplastic Agents, Immunological</mesh_term>
    <mesh_term>Antibodies</mesh_term>
    <mesh_term>Immunoglobulins</mesh_term>
    <mesh_term>Antibodies, Monoclonal</mesh_term>
    <mesh_term>Prednisolone hemisuccinate</mesh_term>
    <mesh_term>Prednisolone phosphate</mesh_term>
    <mesh_term>BB 1101</mesh_term>
    <mesh_term>Calcium</mesh_term>
    <mesh_term>Levoleucovorin</mesh_term>
  </intervention_browse>
  <!-- Results have not yet been posted for this study                                          -->
</clinical_study>

