<?xml version="1.0" encoding="UTF-8"?>
<clinical_study rank="23">
  <!-- This xml conforms to an XML Schema at:
    https://clinicaltrials.gov/ct2/html/images/info/public.xsd -->
  <required_header>
    <download_date>ClinicalTrials.gov processed this data on February 06, 2024</download_date>
    <link_text>Link to the current ClinicalTrials.gov record.</link_text>
    <url>https://clinicaltrials.gov/ct2/show/NCT05512104</url>
  </required_header>
  <id_info>
    <org_study_id>CD200 and CD56 in AML</org_study_id>
    <nct_id>NCT05512104</nct_id>
  </id_info>
  <brief_title>Clinical Characters and Outcome of Acute Myeloid Leukemia Patients on Correlation to CD200 and CD56 Expression</brief_title>
  <official_title>Clinical Characters and Outcome of Acute Myeloid Leukemia Patients on Correlation to CD200 and CD56 Expression</official_title>
  <sponsors>
    <lead_sponsor>
      <agency>Assiut University</agency>
      <agency_class>Other</agency_class>
    </lead_sponsor>
  </sponsors>
  <source>Assiut University</source>
  <oversight_info>
    <is_fda_regulated_drug>No</is_fda_regulated_drug>
    <is_fda_regulated_device>No</is_fda_regulated_device>
  </oversight_info>
  <brief_summary>
    <textblock>
      estimation of the clinical characters and out come of adult acute myeloid leukemia patients&#xD;
&#xD;
      • correlation of the estimated clinical characters and outcome to the expression of CD200&#xD;
    </textblock>
  </brief_summary>
  <detailed_description>
    <textblock>
      Acute myeloid leukemia (AML) is a clonal malignant disease of the hematopoietic tissue. The&#xD;
      diversity of the clinical, the hematological and the genetic features among patients with AML&#xD;
      has been recognized. Considerable progresses in defining new diagnostic and prognostic&#xD;
      markers have been applied in AML treatment. The detection of specific molecules in the&#xD;
      leukemic cells has special relevance and is mandatory for the identification of certain&#xD;
      subtypes of myeloid neoplasms (Arber&#xD;
&#xD;
        -  CD200 is a trans-membrane cell surface glycoprotein belonging to the type1&#xD;
           immunoglobulin super family (Wright , ). Expression of CD200 is normally seen in some&#xD;
           population of T and B-lymphocytes, neurons and endothelial cells (Wright). CD200 induces&#xD;
           immunosuppression through engagement with CD200R, a cell-surface receptor homolog, which&#xD;
           is expressed on leukocytes of myeloid lineage, including mast-cells, macrophages,&#xD;
           basophils, dendritic cells as well as certain T-cell populations. CD200, which is&#xD;
           frequently over expressed in AML blasts and is associated with a worse outcome. It has&#xD;
           the potential to induce the formation of CD4+ CD25+ FoxP3+ regulatory T cells (Tregs), a&#xD;
           subset of immunosuppressive T cells that are linked with a poor prognosis in AML (Coles&#xD;
           ). Abstract Background: Acute myeloid leukemia (AML) escape from immunosurveillance by&#xD;
           immunosuppression. CD200 and CD56 expression represented an independent prognostic&#xD;
           factor in many hematological malignancies but its importance in AML patients remains to&#xD;
           be identified. Methods: CD200 and CD56 expression were assessed in the bone marrow&#xD;
           blasts for Fifty-two (51) newly diagnosed AML by flowcytometry before start of therapy.&#xD;
           Conclusions: CD200 and CD56 positive expression by myeloblasts at diagnosis denote poor&#xD;
           prognostic indicator and correlated with poor cytogenetic findings. CD200 could be used&#xD;
           as therapeutic target in AML. Keywords: CD200- CD56- AML- Prognosis RESEARCH ARTICLE&#xD;
           Clinical Significance of CD200 and CD56 Expression in Patients with Acute Myeloid&#xD;
           Leukemia, Leukemic cells express leukemia-associated antigen, MHC, co stimulatory&#xD;
           molecules and ligands for natural killer (NK) cells activating receptors, therefore&#xD;
           leukemic cells are susceptible to be attacked by T and NK cells (el-Shami ). CD56&#xD;
           antigen, a 200-220 kDa cell surface glycoprotein, identified as an isoform of the neural&#xD;
           adhesion molecules (NCAM) (Gattenlöhner ). CD56 firstly described as NK cell and then&#xD;
           found in several hematopoietic malignancies including AML (Yoshida ). CD56 was&#xD;
           associated with poor prognosis in patients with acute myeloid leukemia (Alegretti ). We&#xD;
           herein, study the expression level of CD200 and CD56 in de-novo acute myeloid leukemia&#xD;
           patients to estimate the prognostic value of their positive expressions individually in&#xD;
           AML cases&#xD;
    </textblock>
  </detailed_description>
  <overall_status>Not yet recruiting</overall_status>
  <start_date type="Anticipated">September 1, 2022</start_date>
  <completion_date type="Anticipated">August 1, 2023</completion_date>
  <primary_completion_date type="Anticipated">July 1, 2023</primary_completion_date>
  <study_type>Observational</study_type>
  <has_expanded_access>No</has_expanded_access>
  <study_design_info>
    <observational_model>Cohort</observational_model>
    <time_perspective>Prospective</time_perspective>
  </study_design_info>
  <primary_outcome>
    <measure>Prognosis of Acute Myeloid Leukemia Patients on Correlation to CD200 and CD56 Expression</measure>
    <time_frame>1 year</time_frame>
    <description>Prognostic value of CD200 and CD56 in acute myeloid leukemia</description>
  </primary_outcome>
  <enrollment type="Anticipated">51</enrollment>
  <condition>Acute Myeloid Leukemia</condition>
  <intervention>
    <intervention_type>Procedure</intervention_type>
    <intervention_name>bone marrow aspirate and biopsy</intervention_name>
    <description>fiow cytometry of bone marrow aspirate</description>
  </intervention>
  <eligibility>
    <study_pop>
      <textblock>
        newly diagnosed Adult patients with AML, were treated with 3+7 protocol consists of 3 days&#xD;
        doxorubicin (45mg/m2 ) and 7 days cytarabine (100-200 mg/m2 IV continuous infusion over 24&#xD;
        hours&#xD;
      </textblock>
    </study_pop>
    <sampling_method>Probability Sample</sampling_method>
    <criteria>
      <textblock>
        Inclusion Criteria:&#xD;
&#xD;
          1. newly diagnosed Adult patients with AML, were treated with 3+7 protocol consists of 3&#xD;
             days doxorubicin (45mg/m2 ) and 7 days cytarabine (100-200 mg/m2 IV continuous&#xD;
             infusion over 24 hours&#xD;
&#xD;
             Exclusion Criteria:&#xD;
&#xD;
               -  1-Promyelocytic leukemia (M3)&#xD;
&#xD;
          2. Secondary acute myeloid leukemia&#xD;
&#xD;
          3. aml patients above the age of 60 yrs&#xD;
&#xD;
          4. aml patients with end organ failure&#xD;
&#xD;
          5. patient not candidate for (3+7)&#xD;
      </textblock>
    </criteria>
    <gender>All</gender>
    <minimum_age>20 Years</minimum_age>
    <maximum_age>60 Years</maximum_age>
    <healthy_volunteers>Accepts Healthy Volunteers</healthy_volunteers>
  </eligibility>
  <overall_contact>
    <last_name>asmaa gamal, master</last_name>
    <phone>01091076754</phone>
    <email>asmaagamak2@gmail.com</email>
  </overall_contact>
  <overall_contact_backup>
    <last_name>mohamed ramadan, MD</last_name>
    <phone>01097510010</phone>
  </overall_contact_backup>
  <reference>
    <citation>Damiani D, Tiribelli M, Raspadori D, Sirianni S, Meneghel A, Cavalllin M, Michelutti A, Toffoletti E, Geromin A, Simeone E, Bocchia M, Fanin R. Clinical impact of CD200 expression in patients with acute myeloid leukemia and correlation with other molecular prognostic factors. Oncotarget. 2015 Oct 6;6(30):30212-21. doi: 10.18632/oncotarget.4901.</citation>
    <PMID>26338961</PMID>
  </reference>
  <verification_date>August 2022</verification_date>
  <study_first_submitted>August 16, 2022</study_first_submitted>
  <study_first_submitted_qc>August 20, 2022</study_first_submitted_qc>
  <study_first_posted type="Actual">August 23, 2022</study_first_posted>
  <last_update_submitted>August 20, 2022</last_update_submitted>
  <last_update_submitted_qc>August 20, 2022</last_update_submitted_qc>
  <last_update_posted type="Actual">August 23, 2022</last_update_posted>
  <responsible_party>
    <responsible_party_type>Principal Investigator</responsible_party_type>
    <investigator_affiliation>Assiut University</investigator_affiliation>
    <investigator_full_name>Asmaa Gamal Mohamed Abd Elaal</investigator_full_name>
    <investigator_title>Assistant lecturer</investigator_title>
  </responsible_party>
  <condition_browse>
    <!-- CAUTION:  The following MeSH terms are assigned with an imperfect algorithm            -->
    <mesh_term>Leukemia</mesh_term>
    <mesh_term>Leukemia, Myeloid</mesh_term>
    <mesh_term>Leukemia, Myeloid, Acute</mesh_term>
  </condition_browse>
  <patient_data>
    <sharing_ipd>Undecided</sharing_ipd>
  </patient_data>
  <!-- Results have not yet been posted for this study                                          -->
</clinical_study>

