<?xml version="1.0" encoding="UTF-8"?>
<clinical_study rank="191">
  <!-- This xml conforms to an XML Schema at:
    https://clinicaltrials.gov/ct2/html/images/info/public.xsd -->
  <required_header>
    <download_date>ClinicalTrials.gov processed this data on February 06, 2024</download_date>
    <link_text>Link to the current ClinicalTrials.gov record.</link_text>
    <url>https://clinicaltrials.gov/ct2/show/NCT05285813</url>
  </required_header>
  <id_info>
    <org_study_id>2021-1124</org_study_id>
    <secondary_id>NCI-2022-02215</secondary_id>
    <nct_id>NCT05285813</nct_id>
  </id_info>
  <brief_title>A Phase II Study of Vibecotamab (XmAb14045) for MRD- Positive AML and MDS After Hypomethylating Agent Failure</brief_title>
  <official_title>A Phase II Study of Vibecotamab (XmAb14045) for MRD- Positive AML and MDS After Hypomethylating Agent Failure</official_title>
  <sponsors>
    <lead_sponsor>
      <agency>M.D. Anderson Cancer Center</agency>
      <agency_class>Other</agency_class>
    </lead_sponsor>
  </sponsors>
  <source>M.D. Anderson Cancer Center</source>
  <oversight_info>
    <has_dmc>Yes</has_dmc>
    <is_fda_regulated_drug>Yes</is_fda_regulated_drug>
    <is_fda_regulated_device>No</is_fda_regulated_device>
  </oversight_info>
  <brief_summary>
    <textblock>
      This is a phase II single-center study to evaluate the safety and effectiveness of&#xD;
      vibecotamab, a CD3-CD123 bispecific antibody, in patients with acute myeloid leukemia with&#xD;
      persistent or recurrent measurable residual disease and in patients with myelodysplastic&#xD;
      syndrome that has not responded to or relapsed after conventional therapy&#xD;
    </textblock>
  </brief_summary>
  <detailed_description>
    <textblock>
      Primary Objectives:&#xD;
&#xD;
        -  AML MRD cohort: To determine the MRD negativity rate after 4 cycles of vibecotamab in&#xD;
           patients with AML with MRD&#xD;
&#xD;
        -  MDS post-HMA cohort: To determine the response rate (defined as CR + marrow CR [mCR] +&#xD;
           partial remission [PR] + hematologic improvement [HI]) after 4 cycles of vibecotamab in&#xD;
           patients with MDS after HMA failure&#xD;
&#xD;
      Secondary Objectives:&#xD;
&#xD;
        -  To assess other efficacy endpoints, including remission duration, duration of MRD&#xD;
           response (AML MRD arm only), CR rate (MDS arm only), relapse-free survival, overall&#xD;
           survival&#xD;
&#xD;
        -  To assess the safety of vibecotamab in patients with AML with MRD and in patients with&#xD;
           MDS post-HMA failure&#xD;
&#xD;
      Exploratory Objectives:&#xD;
&#xD;
        -  To correlate clinical outcomes with CD123 expression&#xD;
&#xD;
        -  To determine the CD123 expression in patients who relapse after vibecotamab therapy&#xD;
    </textblock>
  </detailed_description>
  <overall_status>Recruiting</overall_status>
  <start_date type="Actual">May 6, 2022</start_date>
  <completion_date type="Anticipated">December 31, 2026</completion_date>
  <primary_completion_date type="Anticipated">December 31, 2026</primary_completion_date>
  <phase>Phase 2</phase>
  <study_type>Interventional</study_type>
  <study_design_info>
    <allocation>Randomized</allocation>
    <intervention_model>Single Group Assignment</intervention_model>
    <primary_purpose>Treatment</primary_purpose>
    <masking>None (Open Label)</masking>
  </study_design_info>
  <primary_outcome>
    <measure>To determine the MRD negativity rate after 4 cycles of vibecotamab in patients with AML with MRD</measure>
    <time_frame>through study completion, an average of 1 year</time_frame>
  </primary_outcome>
  <primary_outcome>
    <measure>To determine the response rate (defined as CR + marrow CR [mCR] + partial remission [PR] + hematologic improvement [HI]) after 4 cycles of vibecotamab in patients with MDS after HMA failure</measure>
    <time_frame>through study completion, an average of 1 year</time_frame>
  </primary_outcome>
  <number_of_arms>2</number_of_arms>
  <enrollment type="Anticipated">42</enrollment>
  <condition>AML</condition>
  <condition>MDS</condition>
  <arm_group>
    <arm_group_label>AML MRD cohort only</arm_group_label>
    <arm_group_type>Experimental</arm_group_type>
    <description>Each study cycle is 28 days. Vibecotamab by vein (IV) over about 2 hours On Days 1, 3, 5, 8, 15 and 22 of Cycle 1 and then on Days 1, 8, 15 and 22 of Cycles 2-4.</description>
  </arm_group>
  <arm_group>
    <arm_group_label>MDS post-HMA failure cohort only</arm_group_label>
    <arm_group_type>Experimental</arm_group_type>
    <description>Each study cycle is 28 days. Vibecotamab by vein (IV) over about 2 hours On Days 1, 3, 5, 8, 15 and 22 of Cycle 1 and then on Days 1, 8, 15 and 22 of Cycles 2-4.</description>
  </arm_group>
  <intervention>
    <intervention_type>Drug</intervention_type>
    <intervention_name>Vibecotamab</intervention_name>
    <description>Given by vein (IV)</description>
    <arm_group_label>AML MRD cohort only</arm_group_label>
    <arm_group_label>MDS post-HMA failure cohort only</arm_group_label>
    <other_name>XmAb14045</other_name>
  </intervention>
  <intervention>
    <intervention_type>Drug</intervention_type>
    <intervention_name>Dexamethasone</intervention_name>
    <description>Given by vein (IV) over about 60 minutes before the dose</description>
    <arm_group_label>AML MRD cohort only</arm_group_label>
    <arm_group_label>MDS post-HMA failure cohort only</arm_group_label>
    <other_name>Decadron</other_name>
  </intervention>
  <intervention>
    <intervention_type>Drug</intervention_type>
    <intervention_name>Acetaminophen</intervention_name>
    <description>Given by mouth (PO) about 30-60 minutes before the dose</description>
    <arm_group_label>AML MRD cohort only</arm_group_label>
    <arm_group_label>MDS post-HMA failure cohort only</arm_group_label>
    <other_name>TylenolÂ®</other_name>
    <other_name>DorcolÂ®</other_name>
    <other_name>Feverallâ&quot;¢</other_name>
    <other_name>PanadolÂ®</other_name>
    <other_name>APAP</other_name>
    <other_name>N-Acetyl-P-Aminophenol</other_name>
    <other_name>Paracetamol</other_name>
    <other_name>Ofirmevâ&quot;¢</other_name>
  </intervention>
  <intervention>
    <intervention_type>Drug</intervention_type>
    <intervention_name>Diphenhydramine</intervention_name>
    <description>Given by mouth (PO) or Given by vein (IV) about 30-60 minutes before the dose</description>
    <arm_group_label>AML MRD cohort only</arm_group_label>
    <arm_group_label>MDS post-HMA failure cohort only</arm_group_label>
    <other_name>BenadrylÂ®</other_name>
  </intervention>
  <eligibility>
    <criteria>
      <textblock>
        Inclusion Criteria:&#xD;
&#xD;
          1. Adults ≥18 years of age&#xD;
&#xD;
          2. AML MRD cohort only: AML in first or second morphologic remission (defined as complete&#xD;
             remission [CR], complete remission with incomplete hematologic recovery [CRi], or&#xD;
             morphologic leukemia-free state [MLFS]) who have received a minimum prior therapy with&#xD;
             at least 1 course of intensive intermediate to high-cytarabine-based chemotherapy or&#xD;
             at least 2 courses of lower-intensity therapy (e.g. hypomethylating agent or low-dose&#xD;
             cytarabine-based)&#xD;
&#xD;
          3. AML MRD cohort only: Persistent or recurrent MRD positivity detected by MFC at a level&#xD;
             of ≥0.1%.&#xD;
&#xD;
          4. AML MRD cohort only: For patients who are MRD positive by MFC, residual leukemia must&#xD;
             be positive for CD123 expression at a level of at least 20% (as assessed by clinical&#xD;
             pathologist)&#xD;
&#xD;
          5. MDS post-HMA failure cohort only: MDS that is intermediate, high risk or very high&#xD;
             risk by the Revised International Prognostic Scoring System (IPSS) or CMML-1 or CMML-2&#xD;
             who have not responded after at least 4 cycles of azacitidine and/or decitabine or who&#xD;
             progressed or relapsed after azacitidine and/or decitabine, regardless of the number&#xD;
             of cycles received&#xD;
&#xD;
          6. MDS post-HMA failure cohort only: Aberrant blasts must be positive for CD123&#xD;
             expression by MFC at a level of at least 20% (as assessed by clinical pathologist)&#xD;
&#xD;
          7. Performance status 2 (ECOG Scale).&#xD;
&#xD;
          8. Female patients of childbearing potential must agree to use a highly effective method&#xD;
             of birth control during and for 4 weeks after the last dose of vibecotamab and must&#xD;
             also refrain from oocyte donation during this time period. Women are considered to be&#xD;
             of childbearing potential unless it is documented that they are over the age of 60 OR&#xD;
             postmenopausal by history with no menses for 1 year and confirmed by&#xD;
             follicle-stimulating hormone (using local reference ranges) OR have a history of&#xD;
             hysterectomy and/or bilateral oophorectomy OR have a history of bilateral tubal&#xD;
             ligation. Highly effective methods of birth control include hormonal birth control&#xD;
             (oral, intravaginal, transdermal, implantable, or intrauterine), intrauterine devices,&#xD;
             vasectomized partner, or any double-barrier methods (combination of male condom and&#xD;
             spermicide with either cap, diaphragm, or sponge).&#xD;
&#xD;
          9. Male patients and their female partner of childbearing potential must agree to use&#xD;
             highly effective contraception, as above, and refrain from donating sperm during the&#xD;
             treatment period and for at least 4 weeks after the last dose of vibecotamab.&#xD;
&#xD;
         10. Signed informed consent&#xD;
&#xD;
        Exclusion Criteria:&#xD;
&#xD;
          1. Prior treatment with vibecotamab or anti-CD123-directed therapy.&#xD;
&#xD;
          2. Clinically significant organ dysfunction, defined as:&#xD;
&#xD;
               1. AST or ALT &gt;3x the upper limit of normal (ULN)&#xD;
&#xD;
               2. Total bilirubin &gt;1.5x the ULN, unless due to ongoing hemolysis or Gilbert's&#xD;
                  syndrome&#xD;
&#xD;
               3. Creatinine clearance &lt;30 mL/min&#xD;
&#xD;
               4. Active Grade III-V cardiac failure as defined by the New York Heart Association&#xD;
                  Criteria.&#xD;
&#xD;
          3. Active serious infection not controlled by oral or intravenous antibiotics (e.g.&#xD;
             persistent fever or lack of clinical improvement despite antimicrobial treatment).&#xD;
&#xD;
          4. Patients who are expected to be able to proceed with stem cell transplantation within&#xD;
             the next 30 days&#xD;
&#xD;
          5. Known human immunodeficiency virus (HIV) with detectable viral load.&#xD;
&#xD;
          6. Known hepatitis B surface antigen seropositive or known or suspected active hepatitis&#xD;
             C infection Note: Patients who have isolated positive hepatitis B core antibody (ie,&#xD;
             in the setting of negative hepatitis B surface antigen and negative hepatitis B&#xD;
             surface antibody) must have an undetectable hepatitis B viral load. Patients who have&#xD;
             positive hepatitis C antibody may be included if they have an undetectable hepatitis C&#xD;
             viral load.&#xD;
&#xD;
          7. Patients with a prior or concurrent malignancy whose natural history or treatment is&#xD;
             not anticipated to interfere with the safety or efficacy assessment of the&#xD;
             investigational regimen may be included only after discussion with the PI&#xD;
&#xD;
          8. Treatment with any antileukemic agents or chemotherapy agents in the last 7 days or 5&#xD;
             half-lives (whichever is sooner) before study entry&#xD;
      </textblock>
    </criteria>
    <gender>All</gender>
    <minimum_age>18 Years</minimum_age>
    <maximum_age>N/A</maximum_age>
    <healthy_volunteers>No</healthy_volunteers>
  </eligibility>
  <overall_official>
    <last_name>Nicholas Short, MD</last_name>
    <role>Principal Investigator</role>
    <affiliation>M.D. Anderson Cancer Center</affiliation>
  </overall_official>
  <overall_contact>
    <last_name>Nicholas Short, MD</last_name>
    <phone>(713) 563-4485</phone>
    <email>nshort@mdanderson.org</email>
  </overall_contact>
  <location>
    <facility>
      <name>M D Anderson Cancer Center</name>
      <address>
        <city>Houston</city>
        <state>Texas</state>
        <zip>77030</zip>
        <country>United States</country>
      </address>
    </facility>
    <status>Recruiting</status>
    <contact>
      <last_name>Nicholas Short, MD</last_name>
      <phone>713-563-4485</phone>
      <email>nshort@mdanderson.org</email>
    </contact>
    <investigator>
      <last_name>Nicholas Short, MD</last_name>
      <role>Principal Investigator</role>
    </investigator>
  </location>
  <location_countries>
    <country>United States</country>
  </location_countries>
  <link>
    <url>http://www.mdanderson.org</url>
    <description>M D Anderson Cancer Center</description>
  </link>
  <verification_date>December 2023</verification_date>
  <study_first_submitted>March 8, 2022</study_first_submitted>
  <study_first_submitted_qc>March 8, 2022</study_first_submitted_qc>
  <study_first_posted type="Actual">March 18, 2022</study_first_posted>
  <last_update_submitted>December 7, 2023</last_update_submitted>
  <last_update_submitted_qc>December 7, 2023</last_update_submitted_qc>
  <last_update_posted type="Actual">December 11, 2023</last_update_posted>
  <responsible_party>
    <responsible_party_type>Sponsor</responsible_party_type>
  </responsible_party>
  <intervention_browse>
    <!-- CAUTION:  The following MeSH terms are assigned with an imperfect algorithm            -->
    <mesh_term>Acetaminophen</mesh_term>
    <mesh_term>Diphenhydramine</mesh_term>
    <mesh_term>Promethazine</mesh_term>
    <mesh_term>Dexamethasone</mesh_term>
  </intervention_browse>
  <!-- Results have not yet been posted for this study                                          -->
</clinical_study>

