<?xml version="1.0" encoding="UTF-8"?>
<clinical_study rank="342">
  <!-- This xml conforms to an XML Schema at:
    https://clinicaltrials.gov/ct2/html/images/info/public.xsd -->
  <required_header>
    <download_date>ClinicalTrials.gov processed this data on February 06, 2024</download_date>
    <link_text>Link to the current ClinicalTrials.gov record.</link_text>
    <url>https://clinicaltrials.gov/ct2/show/NCT01861002</url>
  </required_header>
  <id_info>
    <org_study_id>T2011-002</org_study_id>
    <nct_id>NCT01861002</nct_id>
  </id_info>
  <brief_title>A Phase I Study of 5-Azacytidine in Combination With Chemotherapy for Children With Relapsed or Refractory ALL or AML</brief_title>
  <official_title>A Phase I Study of 5-Azacytidine in Combination With Chemotherapy for Children With Relapsed or Refractory ALL or AML</official_title>
  <sponsors>
    <lead_sponsor>
      <agency>Therapeutic Advances in Childhood Leukemia Consortium</agency>
      <agency_class>Other</agency_class>
    </lead_sponsor>
    <collaborator>
      <agency>Gateway for Cancer Research</agency>
      <agency_class>Other</agency_class>
    </collaborator>
  </sponsors>
  <source>Therapeutic Advances in Childhood Leukemia Consortium</source>
  <oversight_info>
    <has_dmc>Yes</has_dmc>
    <is_fda_regulated_drug>Yes</is_fda_regulated_drug>
    <is_fda_regulated_device>No</is_fda_regulated_device>
  </oversight_info>
  <brief_summary>
    <textblock>
      This is a Phase I study with a conditional cohort expansion phase to evaluate the feasibility&#xD;
      of, and to obtain preliminary efficacy data about, pretreatment with Azacytidine (AZA) for 5&#xD;
      days followed by fludarabine/cytarabine chemotherapy regimen in pediatric acute myeloid&#xD;
      leukemia (AML) and acute lymphoblastic leukemia (ALL) patients who are refractory to primary&#xD;
      treatment or who relapsed.&#xD;
    </textblock>
  </brief_summary>
  <detailed_description>
    <textblock>
      Growing evidence indicates that aberrant DNA hypermethylation is associated with leukemia&#xD;
      development, drug resistance, and relapse. It has been shown that pretreating leukemia cells&#xD;
      with AZA or decitabine could partially reverse the aberrant DNA methylation, restore the&#xD;
      expression of tumor suppressor gene important for apoptosis, and sensitize cells to&#xD;
      subsequent killing by cytotoxic agent. Since cytarabine and decitabine share the same&#xD;
      mechanisms of resistance, we use AZA to test the novel epigenetic &quot;priming&quot; approach. This is&#xD;
      a phase I clinical study with expansion phase, using hypomethylating agent, 5-azacytidine&#xD;
      (AZA), in sequential with chemotherapy to evaluate whether epigenetic &quot;priming&quot; can reverse&#xD;
      aberrant DNA methylation, overcome drug resistance, and increase response in&#xD;
      relapsed/refractory AML.&#xD;
&#xD;
      The chemotherapy regimen to be used in this study is fludarabine and cytarabine. This regimen&#xD;
      has substantial activity in leukemia and has been widely used in treating pediatric patients&#xD;
      with relapsed/refractory AML and ALL in the past several decades. In BFM relapsed AML 2001/01&#xD;
      study, FLAG (fludarabine, cytarabine and G-CSF) chemotherapy regimen showed significant&#xD;
      activity in AML with 4 year OS around 36%. Since the use of G-CSF in conjunction with&#xD;
      fludarabine/cytarabine didn't improve the overall survival of patient in a randomized trial,&#xD;
      only fludarabine and cytarabine will be used in this study to decrease the incidence of&#xD;
      leukocytosis related complications. This regimen is very similar to the chemotherapy regimen&#xD;
      proposed for the next relapsed AML trial within the Children's Oncology Group (COG). If this&#xD;
      trial proves to be safe and active, it will provide the foundation and smooth transition to&#xD;
      larger statistically powered nationwide phase II clinical trials by COG.&#xD;
    </textblock>
  </detailed_description>
  <overall_status>Completed</overall_status>
  <start_date type="Actual">May 22, 2013</start_date>
  <completion_date type="Actual">July 28, 2014</completion_date>
  <primary_completion_date type="Actual">July 28, 2014</primary_completion_date>
  <phase>Phase 1</phase>
  <study_type>Interventional</study_type>
  <has_expanded_access>No</has_expanded_access>
  <study_design_info>
    <allocation>Non-Randomized</allocation>
    <intervention_model>Single Group Assignment</intervention_model>
    <primary_purpose>Treatment</primary_purpose>
    <masking>None (Open Label)</masking>
  </study_design_info>
  <primary_outcome>
    <measure>Number of Participants Who Experienced a Dose Limiting Toxicity (DLT)</measure>
    <time_frame>From Day 1 to Day 42 (Cycle 1)</time_frame>
    <description>To evaluate the side effects of giving Azacytidine before and during chemotherapy using the standard drugs Fludarabine, Cytarabine, IT Cytarabine (AML patients) and IT methotrexate (ALL patients)</description>
  </primary_outcome>
  <secondary_outcome>
    <measure>Disease Response Rate After Treatment</measure>
    <time_frame>Between Days 36-42 of Courses 1 and 2</time_frame>
    <description>CR is defined as a bone marrow with &lt; 5% blast by morphology, no evidence of extramedullary disease, and recovery of peripheral counts (ANC ≥ 1000/μl and platelet counts ≥ 100,000/μl). CR with incomplete count recovery (CRi) was defined as CR without recovery of ANC and/or platelets. Partial response (PR) was defined as complete disappearance of circulating blasts and a decrease of at least 50% of blasts in the bone marrow. Progressive disease (PD) was defined as an increase of at least 25% in the absolute number of bone marrow or circulating blasts, development of new sites of extramedullary disease, or other laboratory or clinical evidence of progression of disease. Stable disease (SD) referred to patient who did not satisfy the criteria for either CR, CRi, PR or PD.</description>
  </secondary_outcome>
  <number_of_arms>2</number_of_arms>
  <enrollment type="Actual">15</enrollment>
  <condition>Lymphoblastic Leukemia, Acute, Childhood</condition>
  <condition>Myelogenous Leukemia, Acute, Childhood</condition>
  <arm_group>
    <arm_group_label>AML Arm</arm_group_label>
    <arm_group_type>Experimental</arm_group_type>
    <description>Participants with Acute Myeloid Leukemia (AML)&#xD;
Intervention:&#xD;
Azacytidine (Dose Level 1 @ 75 mg/m2/day)&#xD;
Fludarabine 30 mg/m2/dose&#xD;
Cytarabine 2000 mg/m2/dose&#xD;
Intrathecal (IT) Cytarabine</description>
  </arm_group>
  <arm_group>
    <arm_group_label>ALL Arm</arm_group_label>
    <arm_group_type>Experimental</arm_group_type>
    <description>Patients with Acute Lymphocytic Leukemia&#xD;
Intervention:&#xD;
Azacytidine (Dose Level 1 @ 75 mg/m2/day)&#xD;
Fludarabine 30 mg/m2/dose&#xD;
Cytarabine 2000 mg/m2/dose&#xD;
Intrathecal Methotrexate (IT MTX)</description>
  </arm_group>
  <intervention>
    <intervention_type>Drug</intervention_type>
    <intervention_name>Azacytidine</intervention_name>
    <description>Dose assigned at study entry (75 mg/m2/day). Given subcutaneously, once daily on days 1 to 5, for a total of 5 doses.</description>
    <arm_group_label>ALL Arm</arm_group_label>
    <arm_group_label>AML Arm</arm_group_label>
    <other_name>5 Azacytidine</other_name>
    <other_name>Vidaza</other_name>
  </intervention>
  <intervention>
    <intervention_type>Drug</intervention_type>
    <intervention_name>Fludarabine</intervention_name>
    <description>30 mg/m2/dose, intravenous infusion over 30 minutes, once daily, on days 6 to 10, total 5 doses</description>
    <arm_group_label>ALL Arm</arm_group_label>
    <arm_group_label>AML Arm</arm_group_label>
    <other_name>fludarabine phosphate</other_name>
    <other_name>Fludara</other_name>
    <other_name>2-fluoro-ara-AMP</other_name>
    <other_name>Oforta</other_name>
  </intervention>
  <intervention>
    <intervention_type>Drug</intervention_type>
    <intervention_name>Cytarabine</intervention_name>
    <description>2000 mg/m2/dose intravenous infusion over 3 hours, starting 4 hours after the beginning of fludarabine, once daily, on days 6 to 10, total 5 doses.</description>
    <arm_group_label>ALL Arm</arm_group_label>
    <arm_group_label>AML Arm</arm_group_label>
    <other_name>Cytosar-U</other_name>
    <other_name>Ara-C</other_name>
    <other_name>Arabinosylcytosine</other_name>
    <other_name>cytosine arabinoside</other_name>
  </intervention>
  <intervention>
    <intervention_type>Drug</intervention_type>
    <intervention_name>Intrathecal (IT) Cytarabine</intervention_name>
    <description>Intrathecally to AML patients on day 1 of course 1 and 2.&#xD;
Omit on day 1 of course 1 if patient received IT therapy within 7 days prior to study enrollment&#xD;
IT therapy may be given during the end of course 1 disease evaluation and repeated every 7 days&#xD;
For patients with CNS disease, IT cytarabine can be given weekly until the CSF is clear. Two additional doses of IT cytarabine should be given weekly after the initial CSF clearing. It is permitted to change to intrathecal triple therapy (ITT) if persistent blasts are present in the CSF based on the treating physician's clinical judgment. Cytarabine dose defined by age:&#xD;
30 mg for patients age 1-1.99&#xD;
50 mg for patients age 2-2.99&#xD;
70 mg for patients &gt;3 years of age&#xD;
ITT Dosing:&#xD;
Age (yrs) - Dose Methotrexate (MTX), Hydrocortisone (HC), Cytarabine (ARAC):&#xD;
- 1.99 MTX: 8 mg, HC: 15 mg, ARAC: 30 mg&#xD;
- 2.99 MTX: 10 mg, HC: 25 mg, ARAC: 50 mg&#xD;
3 - MTX: 12 mg, HC: 35 mg, ARAC: 70 mg</description>
    <arm_group_label>AML Arm</arm_group_label>
    <other_name>(See Cytarabine)</other_name>
  </intervention>
  <intervention>
    <intervention_type>Drug</intervention_type>
    <intervention_name>Intrathecal Methotrexate (IT MTX)</intervention_name>
    <description>Intrathecally to patients with ALL on day 1 of course 1 and 2.&#xD;
Omit IT MTX on Day 1 of course 1 if patient received IT therapy within 7 days prior to study enrollment&#xD;
IT therapy may be given during the end of course 1 disease evaluation and repeated every 7 days&#xD;
For patients with CNS 2 or 3 disease, IT MTX can be given weekly until the CSF is clear. Two additional doses of IT MTX should be given weekly after the initial clearing of the CSF. It is permitted to change to ITT if persistent blasts are present in the CSF. Methotrexate dose defined by age&#xD;
8 mg for patients age 1-1.99&#xD;
10 mg for patients age 2-2.99&#xD;
12 mg for patients 3-8.99 years of age&#xD;
15 mg for patients &gt;9 years of age&#xD;
Triple IT Therapy Dosing:&#xD;
Age (yrs): Dose Methotrexate (MTX), Hydrocortisone (HC), Cytarabine (ARAC):&#xD;
- 1.99 MTX: 8 mg, HC: 8 mg, ARAC: 16 mg&#xD;
- 2.99 MTX: 10 mg, HC: 10 mg, ARAC: 20 mg&#xD;
- 8.99 MTX: 12 mg, HC: 12 mg, ARAC: 24 mg&#xD;
9 MTX: 15 mg, HC: 15 mg, ARAC: 30 mg</description>
    <arm_group_label>ALL Arm</arm_group_label>
    <other_name>Otrexup</other_name>
    <other_name>Rasuvo</other_name>
    <other_name>Rheumatrex</other_name>
    <other_name>Trexall</other_name>
    <other_name>Amethopterin</other_name>
    <other_name>Methotrexate Sodium</other_name>
  </intervention>
  <eligibility>
    <criteria>
      <textblock>
        Inclusion Criteria:&#xD;
&#xD;
        Patients must be ≥ 1 and ≤ 21 years of age.&#xD;
&#xD;
        Diagnosis&#xD;
&#xD;
          1. Patients with AML must have ≥5% blasts (by morphology) in the bone marrow.&#xD;
&#xD;
          2. Patients with ALL must have an M2 or M3 marrow (≥5% blasts by morphology).&#xD;
&#xD;
          3. Patients may have disease in the central nervous system (CNS) or other sites of&#xD;
             extramedullary disease. No cranial irradiation is allowed during the protocol therapy.&#xD;
&#xD;
          4. Patients with secondary AML are eligible.&#xD;
&#xD;
          5. Patients with Down syndrome and DNA fragility syndromes (such as Fanconi anemia, Bloom&#xD;
             syndrome) are excluded.&#xD;
&#xD;
        Karnofsky &gt; 50% for patients &gt; 16 years of age and Lansky &gt; 50% for patients ≤ 16 years of&#xD;
        age.&#xD;
&#xD;
        Patients must have fully recovered from the acute toxic effects of all prior chemotherapy,&#xD;
        immunotherapy, or radiotherapy prior to entering this study.&#xD;
&#xD;
        Myelosuppressive chemotherapy - the eligibility criteria is different between phase I and&#xD;
        expansion phase&#xD;
&#xD;
          1. Phase I&#xD;
&#xD;
               -  Any patient with AML in 1st or greater relapse, OR&#xD;
&#xD;
               -  Any patient with ALL in 2nd or greater relapse, OR&#xD;
&#xD;
               -  Patients with AML or ALL failed to go into remission after first or greater&#xD;
                  relapse, OR&#xD;
&#xD;
               -  Patients with AML or ALL failed to go into remission from original diagnosis&#xD;
                  after two or more courses of induction attempts.&#xD;
&#xD;
          2. Expansion phase - will be restricted to AML patients only&#xD;
&#xD;
          3. Cytoreduction with hydroxyurea can be initiated and continued for up to 24 hours prior&#xD;
             to the start of azacytidine. It is recommended to use hydroxyurea in patients with&#xD;
             significant leukocytosis (WBC &gt; 50,000/L) to control blast count before initiation of&#xD;
             systemic protocol therapy.&#xD;
&#xD;
          4. Patients who relapsed while they are receiving cytotoxic therapy (including AZA ,&#xD;
             decitabine, or vorinostat) At least 14 days must have elapsed since the completion of&#xD;
             the cytotoxic therapy.&#xD;
&#xD;
        Hematopoietic stem cell transplant: Patients who have experienced their relapse after a&#xD;
        stem cell transplant are eligible, provided they have no evidence of acute or chronic&#xD;
        Graft-versus-Host Disease (GVHD) and are at least 90 days post-transplant at the time of&#xD;
        enrollment.&#xD;
&#xD;
        Hematopoietic growth factors: It must have been at least 7 days since the completion of&#xD;
        therapy with filgrastim or other growth factors at the time of enrollment. It must have&#xD;
        been at least 14 days since the completion of therapy with pegfilgrastim (Neulasta®).&#xD;
&#xD;
        Biologic (anti-neoplastic agent): At least 7 days after the last dose of a biologic agent.&#xD;
        For agents that have known adverse events occurring beyond 7 days after administration,&#xD;
        this period must be extended beyond the time during which adverse events are known to&#xD;
        occur. The duration of this interval must be discussed with the study chair&#xD;
&#xD;
        Monoclonal antibodies: At least 3 half-lives of the antibody must have elapsed after the&#xD;
        last dose of monoclonal antibody. (i.e. Gemtuzumab = 36 days)&#xD;
&#xD;
        Immunotherapy: At least 42 days after the completion of any type of immunotherapy, e.g.&#xD;
        tumor vaccines.&#xD;
&#xD;
        Radiation Therapy (XRT): Craniospinal XRT is prohibited during protocol therapy. No washout&#xD;
        period is necessary for radiation given to non-CNS chloromas; ≥ 90 days must have elapsed&#xD;
        if prior total body radiation or craniospinal radiation.&#xD;
&#xD;
        Renal and hepatic function&#xD;
&#xD;
        Patients must have adequate renal and hepatic functions as indicated by the following&#xD;
        laboratory values:&#xD;
&#xD;
          -  Patient must have a calculated creatinine clearance or radioisotope glomerular&#xD;
             filtration rate (GFR) greater than or equal to 70ml/min/1.73m2 OR a normal serum&#xD;
             creatinine based on age/gender.&#xD;
&#xD;
          -  Direct bilirubin &lt; 1.5 x upper limit of normal (ULN) for age or normal, AND alanine&#xD;
             transaminase (ALT) &lt; 5 x ULN for age.&#xD;
&#xD;
        Adequate Cardiac Function Defined as: Shortening fraction greater than or equal to 27% by&#xD;
        echocardiogram, OR ejection fraction greater than or equal to 50% by radionuclide angiogram&#xD;
        (MUGA).&#xD;
&#xD;
        Reproductive Function&#xD;
&#xD;
          -  Female patients of childbearing potential must have a negative urine or serum&#xD;
             pregnancy test confirmed within 2 weeks prior to enrollment.&#xD;
&#xD;
          -  Female patients with infants must agree not to breastfeed their infants while on this&#xD;
             study.&#xD;
&#xD;
          -  Male and female patients of child-bearing potential must agree to use an effective&#xD;
             method of contraception approved by the investigator during the study and for a&#xD;
             minimum of 6 months after study treatment.&#xD;
&#xD;
        Patients and/or their parents or legal guardians must be capable of understanding the&#xD;
        investigational nature, potential risks and benefits of the study. All patients and/or&#xD;
        their parents or legal guardians must sign a written informed consent.&#xD;
&#xD;
        Exclusion Criteria:&#xD;
&#xD;
        Patients will be excluded if they have a known allergy to any of the drugs used in the&#xD;
        study.&#xD;
&#xD;
        Patients will be excluded if they have a systemic fungal, bacterial, viral or other&#xD;
        infection that is exhibiting ongoing signs/symptoms related to the infection without&#xD;
        improvement despite appropriate antibiotics or other treatment. The patient needs to be off&#xD;
        pressors and have negative blood cultures for 48 hours.&#xD;
&#xD;
        Patients will be excluded if there is a plan to administer non-protocol chemotherapy,&#xD;
        radiation therapy, or immunotherapy during the study period.&#xD;
&#xD;
        Patients will be excluded if they have significant concurrent disease, illness, psychiatric&#xD;
        disorder or social issue that would compromise patient safety or compliance with the&#xD;
        protocol treatment or procedures, interfere with consent, study participation, follow up,&#xD;
        or interpretation of study results.&#xD;
&#xD;
        Patients with Down syndrome and DNA fragility syndromes (such as Fanconi anemia, Bloom&#xD;
        syndrome) are excluded.&#xD;
      </textblock>
    </criteria>
    <gender>All</gender>
    <minimum_age>1 Year</minimum_age>
    <maximum_age>21 Years</maximum_age>
    <healthy_volunteers>No</healthy_volunteers>
  </eligibility>
  <overall_official>
    <last_name>Weili Sun, MD, PhD</last_name>
    <role>Study Chair</role>
    <affiliation>Children's Hospital Los Angeles</affiliation>
  </overall_official>
  <location>
    <facility>
      <name>Childrens Hospital Los Angeles</name>
      <address>
        <city>Los Angeles</city>
        <state>California</state>
        <zip>90027</zip>
        <country>United States</country>
      </address>
    </facility>
  </location>
  <location>
    <facility>
      <name>UCSF School of Medicine</name>
      <address>
        <city>San Francisco</city>
        <state>California</state>
        <zip>94143-0106</zip>
        <country>United States</country>
      </address>
    </facility>
  </location>
  <location>
    <facility>
      <name>Children's National Medical Center</name>
      <address>
        <city>Washington</city>
        <state>District of Columbia</state>
        <zip>20010</zip>
        <country>United States</country>
      </address>
    </facility>
  </location>
  <location>
    <facility>
      <name>Children's Healthcare of Atlanta, Emory University</name>
      <address>
        <city>Atlanta</city>
        <state>Georgia</state>
        <zip>30322</zip>
        <country>United States</country>
      </address>
    </facility>
  </location>
  <location>
    <facility>
      <name>Johns Hopkins University</name>
      <address>
        <city>Baltimore</city>
        <state>Maryland</state>
        <zip>21287</zip>
        <country>United States</country>
      </address>
    </facility>
  </location>
  <location>
    <facility>
      <name>Dana Farber</name>
      <address>
        <city>Boston</city>
        <state>Massachusetts</state>
        <zip>02215</zip>
        <country>United States</country>
      </address>
    </facility>
  </location>
  <location>
    <facility>
      <name>C.S. Mott Children's Hospital</name>
      <address>
        <city>Ann Arbor</city>
        <state>Michigan</state>
        <zip>48109-0914</zip>
        <country>United States</country>
      </address>
    </facility>
  </location>
  <location>
    <facility>
      <name>Childrens Hospital &amp; Clinics of Minnesota</name>
      <address>
        <city>Minneapolis</city>
        <state>Minnesota</state>
        <zip>55404-4597</zip>
        <country>United States</country>
      </address>
    </facility>
  </location>
  <location>
    <facility>
      <name>Children's Mercy Hospitals and Clinics</name>
      <address>
        <city>Kansas City</city>
        <state>Missouri</state>
        <zip>64108</zip>
        <country>United States</country>
      </address>
    </facility>
  </location>
  <location>
    <facility>
      <name>Children's Hospital New York-Presbyterian</name>
      <address>
        <city>New York</city>
        <state>New York</state>
        <zip>10032</zip>
        <country>United States</country>
      </address>
    </facility>
  </location>
  <location>
    <facility>
      <name>Levine Children's Hospital at Carolinas Medical Center</name>
      <address>
        <city>Charlotte</city>
        <state>North Carolina</state>
        <zip>28203</zip>
        <country>United States</country>
      </address>
    </facility>
  </location>
  <location>
    <facility>
      <name>Rainbow Babies &amp; Children's Hospital</name>
      <address>
        <city>Cleveland</city>
        <state>Ohio</state>
        <zip>44106</zip>
        <country>United States</country>
      </address>
    </facility>
  </location>
  <location>
    <facility>
      <name>Nationwide Childrens Hospital</name>
      <address>
        <city>Columbus</city>
        <state>Ohio</state>
        <zip>43205</zip>
        <country>United States</country>
      </address>
    </facility>
  </location>
  <location>
    <facility>
      <name>Vanderbilt Children's Hospital</name>
      <address>
        <city>Nashville</city>
        <state>Tennessee</state>
        <zip>37232</zip>
        <country>United States</country>
      </address>
    </facility>
  </location>
  <location>
    <facility>
      <name>University of Texas at Southwestern</name>
      <address>
        <city>Dallas</city>
        <state>Texas</state>
        <zip>75235</zip>
        <country>United States</country>
      </address>
    </facility>
  </location>
  <location>
    <facility>
      <name>Cook Children's Medical Center</name>
      <address>
        <city>Fort Worth</city>
        <state>Texas</state>
        <zip>76104</zip>
        <country>United States</country>
      </address>
    </facility>
  </location>
  <location>
    <facility>
      <name>Primary Children's Medical Center</name>
      <address>
        <city>Salt Lake City</city>
        <state>Utah</state>
        <zip>84113</zip>
        <country>United States</country>
      </address>
    </facility>
  </location>
  <location>
    <facility>
      <name>Seattle Children's Hospital</name>
      <address>
        <city>Seattle</city>
        <state>Washington</state>
        <zip>98105</zip>
        <country>United States</country>
      </address>
    </facility>
  </location>
  <location>
    <facility>
      <name>Children's Hospital of Wisconsin</name>
      <address>
        <city>Milwaukee</city>
        <state>Wisconsin</state>
        <zip>53226</zip>
        <country>United States</country>
      </address>
    </facility>
  </location>
  <location>
    <facility>
      <name>Sydney Children's Hospital</name>
      <address>
        <city>Randwick</city>
        <state>New South Wales</state>
        <zip>2031</zip>
        <country>Australia</country>
      </address>
    </facility>
  </location>
  <location>
    <facility>
      <name>Children's Hospital at Westmead</name>
      <address>
        <city>Westmead</city>
        <state>New South Wales</state>
        <zip>2145</zip>
        <country>Australia</country>
      </address>
    </facility>
  </location>
  <location>
    <facility>
      <name>British Columbia Children's Hospital</name>
      <address>
        <city>Vancouver</city>
        <state>British Columbia</state>
        <zip>V6H 3V4</zip>
        <country>Canada</country>
      </address>
    </facility>
  </location>
  <location>
    <facility>
      <name>Sainte-Justine University Hospital Center</name>
      <address>
        <city>Montreal</city>
        <state>Quebec</state>
        <zip>H3T-1C5</zip>
        <country>Canada</country>
      </address>
    </facility>
  </location>
  <location_countries>
    <country>Australia</country>
    <country>Canada</country>
    <country>United States</country>
  </location_countries>
  <link>
    <url>http://www.tacl.us</url>
    <description>Therapeutic Advances in Childhood Leukemia &amp; Lymphoma Consortium web site</description>
  </link>
  <results_reference>
    <citation>Sun W, Triche T Jr, Malvar J, Gaynon P, Sposto R, Yang X, Bittencourt H, Place AE, Messinger Y, Fraser C, Dalla-Pozza L, Salhia B, Jones P, Wayne AS, Gore L, Cooper TM, Liang G. A phase 1 study of azacitidine combined with chemotherapy in childhood leukemia: a report from the TACL consortium. Blood. 2018 Mar 8;131(10):1145-1148. doi: 10.1182/blood-2017-09-803809. Epub 2018 Jan 16. No abstract available.</citation>
    <PMID>29339403</PMID>
  </results_reference>
  <verification_date>May 2021</verification_date>
  <study_first_submitted>May 21, 2013</study_first_submitted>
  <study_first_submitted_qc>May 22, 2013</study_first_submitted_qc>
  <study_first_posted type="Estimate">May 23, 2013</study_first_posted>
  <results_first_submitted>October 3, 2018</results_first_submitted>
  <results_first_submitted_qc>April 6, 2021</results_first_submitted_qc>
  <results_first_posted type="Actual">April 30, 2021</results_first_posted>
  <last_update_submitted>May 14, 2021</last_update_submitted>
  <last_update_submitted_qc>May 14, 2021</last_update_submitted_qc>
  <last_update_posted type="Actual">June 9, 2021</last_update_posted>
  <responsible_party>
    <responsible_party_type>Sponsor</responsible_party_type>
  </responsible_party>
  <keyword>Relapse</keyword>
  <keyword>Lymphoblastic</keyword>
  <keyword>Leukemia</keyword>
  <keyword>Azacytidine</keyword>
  <keyword>Refractory</keyword>
  <keyword>Myelogenous</keyword>
  <keyword>Acute</keyword>
  <keyword>Childhood</keyword>
  <keyword>Pediatric</keyword>
  <keyword>ALL</keyword>
  <keyword>AML</keyword>
  <keyword>Methylation</keyword>
  <keyword>Epigenetic therapy</keyword>
  <condition_browse>
    <!-- CAUTION:  The following MeSH terms are assigned with an imperfect algorithm            -->
    <mesh_term>Leukemia</mesh_term>
    <mesh_term>Precursor Cell Lymphoblastic Leukemia-Lymphoma</mesh_term>
    <mesh_term>Leukemia, Myeloid</mesh_term>
    <mesh_term>Leukemia, Myeloid, Acute</mesh_term>
    <mesh_term>Acute Disease</mesh_term>
  </condition_browse>
  <intervention_browse>
    <!-- CAUTION:  The following MeSH terms are assigned with an imperfect algorithm            -->
    <mesh_term>Cytarabine</mesh_term>
    <mesh_term>Methotrexate</mesh_term>
    <mesh_term>Fludarabine phosphate</mesh_term>
    <mesh_term>Azacitidine</mesh_term>
    <mesh_term>Fludarabine</mesh_term>
  </intervention_browse>
  <patient_data>
    <sharing_ipd>No</sharing_ipd>
  </patient_data>

  <clinical_results>

    <participant_flow>
      <group_list>
        <group group_id="P1">
          <title>75 mg/m2/Day Azacytidine</title>
          <description>Azacytidine (Dose Level @ 75 mg/m2/day),all patients will start at Dose Level 1. If 2 DLTs are observed within the first 6 patients enrolled, dose will be reduced to Dose Level 0 @ 50 mg/m2/day&#xD;
Fludarabine 30 mg/m2/dose&#xD;
Cytarabine 2000 mg/m2/dose&#xD;
Intrathecal (IT) Cytarabine</description>
        </group>
      </group_list>
      <period_list>
        <period>
          <title>Overall Study</title>
          <milestone_list>
            <milestone>
              <title>STARTED</title>
              <participants_list>
                <participants group_id="P1" count="15"/>
              </participants_list>
            </milestone>
            <milestone>
              <title>COMPLETED</title>
              <participants_list>
                <participants group_id="P1" count="14"/>
              </participants_list>
            </milestone>
            <milestone>
              <title>NOT COMPLETED</title>
              <participants_list>
                <participants group_id="P1" count="1"/>
              </participants_list>
            </milestone>
          </milestone_list>
        </period>
      </period_list>
    </participant_flow>

    <baseline>
      <population>Number that completed therapy and were analyzed</population>
      <group_list>
        <group group_id="B1">
          <title>Dose Level 1 75 mg/m2/Day</title>
          <description>This arm is comprised of the AML and ALL participants that completed Dose Level 1 75 mg/m2/day</description>
        </group>
      </group_list>
      <analyzed_list>
        <analyzed>
          <units>Participants</units>
          <scope>Overall</scope>
          <count_list>
            <count group_id="B1" value="14"/>
          </count_list>
        </analyzed>
      </analyzed_list>
      <measure_list>
        <measure>
          <title>Age</title>
          <units>years</units>
          <param>Median</param>
          <dispersion>Full Range</dispersion>
          <class_list>
            <class>
              <category_list>
                <category>
                  <measurement_list>
                    <measurement group_id="B1" value="9.7" lower_limit="1.4" upper_limit="16.4"/>
                  </measurement_list>
                </category>
              </category_list>
            </class>
          </class_list>
        </measure>
        <measure>
          <title>Sex: Female, Male</title>
          <units>Participants</units>
          <param>Count of Participants</param>
          <class_list>
            <class>
              <category_list>
                <category>
                  <title>Female</title>
                  <measurement_list>
                    <measurement group_id="B1" value="6"/>
                  </measurement_list>
                </category>
                <category>
                  <title>Male</title>
                  <measurement_list>
                    <measurement group_id="B1" value="8"/>
                  </measurement_list>
                </category>
              </category_list>
            </class>
          </class_list>
        </measure>
        <measure>
          <title>Central Nervous System (CNS) Status</title>
          <description>CNS Negative (better outcome): absence of blasts on a cytospin preparation in cerebral spinal fluid (CSF) or clinical signs of CNS leukemia&#xD;
CNS Positive (worse outcome): presence of any number of blasts on a cytospin preparation in CSF or clinical signs of CNS leukemia</description>
          <units>Participants</units>
          <param>Count of Participants</param>
          <class_list>
            <class>
              <category_list>
                <category>
                  <title>CNS Negative</title>
                  <measurement_list>
                    <measurement group_id="B1" value="8"/>
                  </measurement_list>
                </category>
                <category>
                  <title>CNS Positive</title>
                  <measurement_list>
                    <measurement group_id="B1" value="6"/>
                  </measurement_list>
                </category>
              </category_list>
            </class>
          </class_list>
        </measure>
        <measure>
          <title>Bone Marrow Status (at study entry)</title>
          <description>Measurement of bone marrow response&#xD;
M2 (better outcome): Marrow has between 5% and 25% leukemic blasts M3 (worse outcome): Marrow has more than 25% leukemic blasts</description>
          <units>Participants</units>
          <param>Count of Participants</param>
          <class_list>
            <class>
              <category_list>
                <category>
                  <title>M2 (5-25% Leukemic Blasts)</title>
                  <measurement_list>
                    <measurement group_id="B1" value="5"/>
                  </measurement_list>
                </category>
                <category>
                  <title>M3 (&gt;25% Leukemic Blasts)</title>
                  <measurement_list>
                    <measurement group_id="B1" value="9"/>
                  </measurement_list>
                </category>
              </category_list>
            </class>
          </class_list>
        </measure>
        <measure>
          <title># Prior treatment regimens</title>
          <units>Participants</units>
          <param>Count of Participants</param>
          <class_list>
            <class>
              <category_list>
                <category>
                  <title>1 prior treatment</title>
                  <measurement_list>
                    <measurement group_id="B1" value="4"/>
                  </measurement_list>
                </category>
                <category>
                  <title>2 prior treatments</title>
                  <measurement_list>
                    <measurement group_id="B1" value="4"/>
                  </measurement_list>
                </category>
                <category>
                  <title>3 or more prior treatments</title>
                  <measurement_list>
                    <measurement group_id="B1" value="6"/>
                  </measurement_list>
                </category>
              </category_list>
            </class>
          </class_list>
        </measure>
        <measure>
          <title>Prior Hematopoetic Stem Cell Transplantation (HSCT)</title>
          <units>Participants</units>
          <param>Count of Participants</param>
          <class_list>
            <class>
              <category_list>
                <category>
                  <title>No Previous HSCT</title>
                  <measurement_list>
                    <measurement group_id="B1" value="9"/>
                  </measurement_list>
                </category>
                <category>
                  <title>Previous HSCT</title>
                  <measurement_list>
                    <measurement group_id="B1" value="5"/>
                  </measurement_list>
                </category>
              </category_list>
            </class>
          </class_list>
        </measure>
        <measure>
          <title>White blood cell (WBC) Count</title>
          <units>Thousand cells / mm^3</units>
          <param>Median</param>
          <dispersion>Full Range</dispersion>
          <class_list>
            <class>
              <category_list>
                <category>
                  <measurement_list>
                    <measurement group_id="B1" value="6.89" lower_limit="0.61" upper_limit="49.9"/>
                  </measurement_list>
                </category>
              </category_list>
            </class>
          </class_list>
        </measure>
        <measure>
          <title>Peripheral blasts</title>
          <units>Percentage of cells</units>
          <param>Median</param>
          <dispersion>Full Range</dispersion>
          <class_list>
            <class>
              <category_list>
                <category>
                  <measurement_list>
                    <measurement group_id="B1" value="16" lower_limit="0" upper_limit="86"/>
                  </measurement_list>
                </category>
              </category_list>
            </class>
          </class_list>
        </measure>
        <measure>
          <title>Bone marrow blasts</title>
          <units>Percentage of cells</units>
          <param>Median</param>
          <dispersion>Full Range</dispersion>
          <class_list>
            <class>
              <category_list>
                <category>
                  <measurement_list>
                    <measurement group_id="B1" value="68.5" lower_limit="16" upper_limit="94"/>
                  </measurement_list>
                </category>
              </category_list>
            </class>
          </class_list>
        </measure>
      </measure_list>
    </baseline>

    <outcome_list>
      <outcome>
        <type>Primary</type>
        <title>Number of Participants Who Experienced a Dose Limiting Toxicity (DLT)</title>
        <description>To evaluate the side effects of giving Azacytidine before and during chemotherapy using the standard drugs Fludarabine, Cytarabine, IT Cytarabine (AML patients) and IT methotrexate (ALL patients)</description>
        <time_frame>From Day 1 to Day 42 (Cycle 1)</time_frame>
        <group_list>
          <group group_id="O1">
            <title>Dose 75 mg/m2/Day Azacytidine Diagnosed With AML</title>
            <description>Evaluable Participants who received azacytidine @ 75 mg/m2/day (Dose Level 1)</description>
          </group>
          <group group_id="O2">
            <title>Dose 75 mg/m2/Day Azacytidine Diagnosed With ALL</title>
            <description>Evaluable ALL participants who received azacytidine @ 75 mg/m2/day (Dose Level 1)</description>
          </group>
        </group_list>
        <measure>
          <title>Number of Participants Who Experienced a Dose Limiting Toxicity (DLT)</title>
          <description>To evaluate the side effects of giving Azacytidine before and during chemotherapy using the standard drugs Fludarabine, Cytarabine, IT Cytarabine (AML patients) and IT methotrexate (ALL patients)</description>
          <units>Participants</units>
          <param>Count of Participants</param>
          <analyzed_list>
            <analyzed>
              <units>Participants</units>
              <scope>Measure</scope>
              <count_list>
                <count group_id="O1" value="13"/>
                <count group_id="O2" value="2"/>
              </count_list>
            </analyzed>
          </analyzed_list>
          <class_list>
            <class>
              <title># of patients with DLT</title>
              <category_list>
                <category>
                  <measurement_list>
                    <measurement group_id="O1" value="0"/>
                    <measurement group_id="O2" value="0"/>
                  </measurement_list>
                </category>
              </category_list>
            </class>
            <class>
              <title># of patients without DLT</title>
              <category_list>
                <category>
                  <measurement_list>
                    <measurement group_id="O1" value="12"/>
                    <measurement group_id="O2" value="2"/>
                  </measurement_list>
                </category>
              </category_list>
            </class>
            <class>
              <title># of patients not evaluable</title>
              <category_list>
                <category>
                  <measurement_list>
                    <measurement group_id="O1" value="1"/>
                    <measurement group_id="O2" value="0"/>
                  </measurement_list>
                </category>
              </category_list>
            </class>
          </class_list>
        </measure>
      </outcome>
      <outcome>
        <type>Secondary</type>
        <title>Disease Response Rate After Treatment</title>
        <description>CR is defined as a bone marrow with &lt; 5% blast by morphology, no evidence of extramedullary disease, and recovery of peripheral counts (ANC ≥ 1000/μl and platelet counts ≥ 100,000/μl). CR with incomplete count recovery (CRi) was defined as CR without recovery of ANC and/or platelets. Partial response (PR) was defined as complete disappearance of circulating blasts and a decrease of at least 50% of blasts in the bone marrow. Progressive disease (PD) was defined as an increase of at least 25% in the absolute number of bone marrow or circulating blasts, development of new sites of extramedullary disease, or other laboratory or clinical evidence of progression of disease. Stable disease (SD) referred to patient who did not satisfy the criteria for either CR, CRi, PR or PD.</description>
        <time_frame>Between Days 36-42 of Courses 1 and 2</time_frame>
        <group_list>
          <group group_id="O1">
            <title>Dose 75 mg/m2/Day for AML Patients</title>
            <description>Participants with Acute Myeloid Leukemia (AML) who are evaluable for response.&#xD;
A patient will be considered evaluable for response if: (1) the patient is eligible; (2) the patient receives all or part of protocol therapy; and (3) the patient is under follow-up for a sufficient period to evaluate the disease at the end of the course 2 or meets the definition of progressive disease. A patient who dies as a result of toxicity after receiving all or part of protocol therapy will be considered a non-responder.&#xD;
Intervention:&#xD;
Azacytidine (Dose Level 1 @ 75 mg/m^2/day)&#xD;
Fludarabine 30 mg/m^2/dose&#xD;
Cytarabine 2000 mg/m^2/dose&#xD;
Intrathecal (IT) Cytarabine</description>
          </group>
          <group group_id="O2">
            <title>Dose 75 mg/m2/Dose Azacytidine for ALL Patients</title>
            <description>Participants with Acute Lymphoblastic Leukemia (ALL) who are evaluable for response.&#xD;
A patient will be considered evaluable for response if: (1) the patient is eligible; (2) the patient receives all or part of protocol therapy; and (3) the patient is under follow-up for a sufficient period to evaluate the disease at the end of the course 2 or meets the definition of progressive disease. A patient who dies as a result of toxicity after receiving all or part of protocol therapy will be considered a non-responder.&#xD;
Intervention:&#xD;
Azacytidine (Dose Level 1 @ 75 mg/m^2/day)&#xD;
Fludarabine 30 mg/m^2/dose&#xD;
Cytarabine 2000 mg/m^2/dose&#xD;
Intrathecal (IT) Methotrexate</description>
          </group>
        </group_list>
        <measure>
          <title>Disease Response Rate After Treatment</title>
          <description>CR is defined as a bone marrow with &lt; 5% blast by morphology, no evidence of extramedullary disease, and recovery of peripheral counts (ANC ≥ 1000/μl and platelet counts ≥ 100,000/μl). CR with incomplete count recovery (CRi) was defined as CR without recovery of ANC and/or platelets. Partial response (PR) was defined as complete disappearance of circulating blasts and a decrease of at least 50% of blasts in the bone marrow. Progressive disease (PD) was defined as an increase of at least 25% in the absolute number of bone marrow or circulating blasts, development of new sites of extramedullary disease, or other laboratory or clinical evidence of progression of disease. Stable disease (SD) referred to patient who did not satisfy the criteria for either CR, CRi, PR or PD.</description>
          <units>Participants</units>
          <param>Count of Participants</param>
          <analyzed_list>
            <analyzed>
              <units>Participants</units>
              <scope>Measure</scope>
              <count_list>
                <count group_id="O1" value="12"/>
                <count group_id="O2" value="2"/>
              </count_list>
            </analyzed>
          </analyzed_list>
          <class_list>
            <class>
              <category_list>
                <category>
                  <title>Complete Remission (CR)</title>
                  <measurement_list>
                    <measurement group_id="O1" value="6"/>
                    <measurement group_id="O2" value="0"/>
                  </measurement_list>
                </category>
                <category>
                  <title>CR with Incomplete Count Recovery (CRi)</title>
                  <measurement_list>
                    <measurement group_id="O1" value="1"/>
                    <measurement group_id="O2" value="0"/>
                  </measurement_list>
                </category>
                <category>
                  <title>Partial Remission (PR)</title>
                  <measurement_list>
                    <measurement group_id="O1" value="1"/>
                    <measurement group_id="O2" value="1"/>
                  </measurement_list>
                </category>
                <category>
                  <title>Stable Disease (SD)</title>
                  <measurement_list>
                    <measurement group_id="O1" value="1"/>
                    <measurement group_id="O2" value="1"/>
                  </measurement_list>
                </category>
                <category>
                  <title>Progressive Disease (PD)</title>
                  <measurement_list>
                    <measurement group_id="O1" value="3"/>
                    <measurement group_id="O2" value="0"/>
                  </measurement_list>
                </category>
              </category_list>
            </class>
          </class_list>
        </measure>
      </outcome>
    </outcome_list>

    <reported_events>
      <time_frame>From date of first dose of AZA until 30 days following the last dose of protocol therapy (approximately from Day 0 to Day 112)</time_frame>
      <desc>The definitions of AE and SAE do not differ from the clinicaltrials.gov definitions.</desc>
      <group_list>
        <group group_id="E1">
          <title>AML Cohort: 75 mg/m2/Day</title>
          <description>Any patients in the AML arm who are evaluable for toxicity. Any patient who experiences a DLT after receiving at least one dose of AZA on study will be considered evaluable for toxicity of AZA. Patients who do not experience a DLT must receive at least 80% of the prescribed course of AZA in the first cycle (i.e., must receive at least 4 of the planned 5 doses of AZA between days 1 to 5) to be evaluable for toxicity of AZA. Patients not evaluable for toxicity of AZA will be replaced.</description>
        </group>
        <group group_id="E2">
          <title>ALL Cohort: 75 mg/m2/Day</title>
          <description>Any patients in the ALL arm who are evaluable for toxicity. Any patient who experiences a DLT after receiving at least one dose of AZA on study will be considered evaluable for toxicity of AZA. Patients who do not experience a DLT must receive at least 80% of the prescribed course of AZA in the first cycle (i.e., must receive at least 4 of the planned 5 doses of AZA between days 1 to 5) to be evaluable for toxicity of AZA. Patients not evaluable for toxicity of AZA will be replaced.</description>
        </group>
      </group_list>
      <serious_events>
        <default_vocab>CTCAE (4.0)</default_vocab>
        <default_assessment>Systematic Assessment</default_assessment>
        <category_list>
          <category>
            <title>Total</title>
            <event_list>
              <event>
                <sub_title>Total, all-cause mortality</sub_title>
                <counts group_id="E1" subjects_affected="0" subjects_at_risk="13"/>
                <counts group_id="E2" subjects_affected="0" subjects_at_risk="2"/>
              </event>
              <event>
                <sub_title>Total, serious adverse events</sub_title>
                <counts group_id="E1" subjects_affected="5" subjects_at_risk="13"/>
                <counts group_id="E2" subjects_affected="1" subjects_at_risk="2"/>
              </event>
            </event_list>
          </category>
          <category>
            <title>Blood and lymphatic system disorders</title>
            <event_list>
              <event>
                <sub_title>Febrile neutropenia</sub_title>
                <counts group_id="E1" subjects_affected="2" subjects_at_risk="13"/>
                <counts group_id="E2" subjects_affected="1" subjects_at_risk="2"/>
              </event>
            </event_list>
          </category>
          <category>
            <title>General disorders</title>
            <event_list>
              <event>
                <sub_title>Fever</sub_title>
                <counts group_id="E1" subjects_affected="1" subjects_at_risk="13"/>
                <counts group_id="E2" subjects_affected="0" subjects_at_risk="2"/>
              </event>
            </event_list>
          </category>
          <category>
            <title>Infections and infestations</title>
            <event_list>
              <event>
                <sub_title>Infections and infestations - Other, specify</sub_title>
                <description>1 patient: Blood culture taken from central line positive for Klebsiella pneumoniae&#xD;
1 patient: E. Coli Sepsis</description>
                <counts group_id="E1" subjects_affected="2" subjects_at_risk="13"/>
                <counts group_id="E2" subjects_affected="0" subjects_at_risk="2"/>
              </event>
              <event>
                <sub_title>Sepsis</sub_title>
                <counts group_id="E1" subjects_affected="1" subjects_at_risk="13"/>
                <counts group_id="E2" subjects_affected="0" subjects_at_risk="2"/>
              </event>
            </event_list>
          </category>
          <category>
            <title>Metabolism and nutrition disorders</title>
            <event_list>
              <event>
                <sub_title>Hypokalemia</sub_title>
                <counts group_id="E1" subjects_affected="1" subjects_at_risk="13"/>
                <counts group_id="E2" subjects_affected="0" subjects_at_risk="2"/>
              </event>
            </event_list>
          </category>
          <category>
            <title>Vascular disorders</title>
            <event_list>
              <event>
                <sub_title>Hypotension</sub_title>
                <counts group_id="E1" subjects_affected="0" subjects_at_risk="13"/>
                <counts group_id="E2" subjects_affected="1" subjects_at_risk="2"/>
              </event>
            </event_list>
          </category>
        </category_list>
      </serious_events>
      <other_events>
        <frequency_threshold>0</frequency_threshold>
        <default_vocab>CTCAE (4.0)</default_vocab>
        <default_assessment>Systematic Assessment</default_assessment>
        <category_list>
          <category>
            <title>Total</title>
            <event_list>
              <event>
                <sub_title>Total, other adverse events</sub_title>
                <counts group_id="E1" subjects_affected="13" subjects_at_risk="13"/>
                <counts group_id="E2" subjects_affected="2" subjects_at_risk="2"/>
              </event>
            </event_list>
          </category>
          <category>
            <title>Blood and lymphatic system disorders</title>
            <event_list>
              <event>
                <sub_title>Anemia</sub_title>
                <counts group_id="E1" subjects_affected="10" subjects_at_risk="13"/>
                <counts group_id="E2" subjects_affected="2" subjects_at_risk="2"/>
              </event>
              <event>
                <sub_title>Febrile neutropenia</sub_title>
                <counts group_id="E1" subjects_affected="9" subjects_at_risk="13"/>
                <counts group_id="E2" subjects_affected="2" subjects_at_risk="2"/>
              </event>
              <event>
                <sub_title>Lymphocyte count decreased</sub_title>
                <counts group_id="E1" subjects_affected="4" subjects_at_risk="13"/>
                <counts group_id="E2" subjects_affected="0" subjects_at_risk="2"/>
              </event>
              <event>
                <sub_title>Neutrophil count decreased</sub_title>
                <counts group_id="E1" subjects_affected="11" subjects_at_risk="13"/>
                <counts group_id="E2" subjects_affected="1" subjects_at_risk="2"/>
              </event>
              <event>
                <sub_title>Platelet count decreased</sub_title>
                <counts group_id="E1" subjects_affected="12" subjects_at_risk="13"/>
                <counts group_id="E2" subjects_affected="2" subjects_at_risk="2"/>
              </event>
            </event_list>
          </category>
          <category>
            <title>Cardiac disorders</title>
            <event_list>
              <event>
                <sub_title>Sinus bradycardia</sub_title>
                <counts group_id="E1" subjects_affected="3" subjects_at_risk="13"/>
                <counts group_id="E2" subjects_affected="0" subjects_at_risk="2"/>
              </event>
              <event>
                <sub_title>Sinus tachycardia</sub_title>
                <counts group_id="E1" subjects_affected="3" subjects_at_risk="13"/>
                <counts group_id="E2" subjects_affected="0" subjects_at_risk="2"/>
              </event>
            </event_list>
          </category>
          <category>
            <title>Eye disorders</title>
            <event_list>
              <event>
                <sub_title>Conjunctivitis</sub_title>
                <counts group_id="E1" subjects_affected="1" subjects_at_risk="13"/>
                <counts group_id="E2" subjects_affected="0" subjects_at_risk="2"/>
              </event>
              <event>
                <sub_title>Dry eye</sub_title>
                <counts group_id="E1" subjects_affected="1" subjects_at_risk="13"/>
                <counts group_id="E2" subjects_affected="0" subjects_at_risk="2"/>
              </event>
              <event>
                <sub_title>Eye disorders - Other, specify</sub_title>
                <description>Bilateral eye irritation</description>
                <counts group_id="E1" subjects_affected="1" subjects_at_risk="13"/>
                <counts group_id="E2" subjects_affected="0" subjects_at_risk="2"/>
              </event>
              <event>
                <sub_title>Eye pain</sub_title>
                <counts group_id="E1" subjects_affected="1" subjects_at_risk="13"/>
                <counts group_id="E2" subjects_affected="0" subjects_at_risk="2"/>
              </event>
              <event>
                <sub_title>Photophobia</sub_title>
                <counts group_id="E1" subjects_affected="1" subjects_at_risk="13"/>
                <counts group_id="E2" subjects_affected="0" subjects_at_risk="2"/>
              </event>
            </event_list>
          </category>
          <category>
            <title>Gastrointestinal disorders</title>
            <event_list>
              <event>
                <sub_title>Abdominal distension</sub_title>
                <counts group_id="E1" subjects_affected="1" subjects_at_risk="13"/>
                <counts group_id="E2" subjects_affected="0" subjects_at_risk="2"/>
              </event>
              <event>
                <sub_title>Abdominal pain</sub_title>
                <counts group_id="E1" subjects_affected="6" subjects_at_risk="13"/>
                <counts group_id="E2" subjects_affected="0" subjects_at_risk="2"/>
              </event>
              <event>
                <sub_title>Anal pain</sub_title>
                <counts group_id="E1" subjects_affected="1" subjects_at_risk="13"/>
                <counts group_id="E2" subjects_affected="0" subjects_at_risk="2"/>
              </event>
              <event>
                <sub_title>Constipation</sub_title>
                <counts group_id="E1" subjects_affected="7" subjects_at_risk="13"/>
                <counts group_id="E2" subjects_affected="0" subjects_at_risk="2"/>
              </event>
              <event>
                <sub_title>Dental caries</sub_title>
                <counts group_id="E1" subjects_affected="1" subjects_at_risk="13"/>
                <counts group_id="E2" subjects_affected="0" subjects_at_risk="2"/>
              </event>
              <event>
                <sub_title>Diarrhea</sub_title>
                <counts group_id="E1" subjects_affected="5" subjects_at_risk="13"/>
                <counts group_id="E2" subjects_affected="0" subjects_at_risk="2"/>
              </event>
              <event>
                <sub_title>Mucositis oral</sub_title>
                <counts group_id="E1" subjects_affected="4" subjects_at_risk="13"/>
                <counts group_id="E2" subjects_affected="0" subjects_at_risk="2"/>
              </event>
              <event>
                <sub_title>Nausea</sub_title>
                <counts group_id="E1" subjects_affected="12" subjects_at_risk="13"/>
                <counts group_id="E2" subjects_affected="0" subjects_at_risk="2"/>
              </event>
              <event>
                <sub_title>Oral hemorrhage</sub_title>
                <counts group_id="E1" subjects_affected="1" subjects_at_risk="13"/>
                <counts group_id="E2" subjects_affected="1" subjects_at_risk="2"/>
              </event>
              <event>
                <sub_title>Anal Fissure</sub_title>
                <counts group_id="E1" subjects_affected="1" subjects_at_risk="13"/>
                <counts group_id="E2" subjects_affected="0" subjects_at_risk="2"/>
              </event>
              <event>
                <sub_title>Gum Bleeding</sub_title>
                <counts group_id="E1" subjects_affected="1" subjects_at_risk="13"/>
                <counts group_id="E2" subjects_affected="0" subjects_at_risk="2"/>
              </event>
              <event>
                <sub_title>Stomach pain</sub_title>
                <counts group_id="E1" subjects_affected="1" subjects_at_risk="13"/>
                <counts group_id="E2" subjects_affected="0" subjects_at_risk="2"/>
              </event>
              <event>
                <sub_title>Toothache</sub_title>
                <counts group_id="E1" subjects_affected="1" subjects_at_risk="13"/>
                <counts group_id="E2" subjects_affected="0" subjects_at_risk="2"/>
              </event>
              <event>
                <sub_title>Vomiting</sub_title>
                <counts group_id="E1" subjects_affected="8" subjects_at_risk="13"/>
                <counts group_id="E2" subjects_affected="0" subjects_at_risk="2"/>
              </event>
            </event_list>
          </category>
          <category>
            <title>General disorders</title>
            <event_list>
              <event>
                <sub_title>Chills</sub_title>
                <counts group_id="E1" subjects_affected="1" subjects_at_risk="13"/>
                <counts group_id="E2" subjects_affected="0" subjects_at_risk="2"/>
              </event>
              <event>
                <sub_title>Edema face</sub_title>
                <counts group_id="E1" subjects_affected="1" subjects_at_risk="13"/>
                <counts group_id="E2" subjects_affected="0" subjects_at_risk="2"/>
              </event>
              <event>
                <sub_title>Fatigue</sub_title>
                <counts group_id="E1" subjects_affected="2" subjects_at_risk="13"/>
                <counts group_id="E2" subjects_affected="0" subjects_at_risk="2"/>
              </event>
              <event>
                <sub_title>Fever</sub_title>
                <counts group_id="E1" subjects_affected="10" subjects_at_risk="13"/>
                <counts group_id="E2" subjects_affected="0" subjects_at_risk="2"/>
              </event>
              <event>
                <sub_title>Non-cardiac chest pain</sub_title>
                <counts group_id="E1" subjects_affected="3" subjects_at_risk="13"/>
                <counts group_id="E2" subjects_affected="0" subjects_at_risk="2"/>
              </event>
              <event>
                <sub_title>Pain</sub_title>
                <description>Pain related to refractory Chloromas, Throat Pain. Epigastric Pain, Painful Urination, abdominal pain at time of physical exam, pain at site of injection, pain at the site of injection of azacytidine, pain left shoulder related to aza or picc line</description>
                <counts group_id="E1" subjects_affected="6" subjects_at_risk="13"/>
                <counts group_id="E2" subjects_affected="0" subjects_at_risk="2"/>
              </event>
            </event_list>
          </category>
          <category>
            <title>Immune system disorders</title>
            <event_list>
              <event>
                <sub_title>Allergic reaction</sub_title>
                <counts group_id="E1" subjects_affected="3" subjects_at_risk="13"/>
                <counts group_id="E2" subjects_affected="0" subjects_at_risk="2"/>
              </event>
            </event_list>
          </category>
          <category>
            <title>Infections and infestations</title>
            <event_list>
              <event>
                <sub_title>Infections and infestations - Other, specify</sub_title>
                <description>Various: Klebsiella pneumoniae; Epstein Barr; Enterococci; HSV, E. Coli; clostridium difficile; streptococcus sanguis; rhinovirus; Anchromobacter dentrificans</description>
                <counts group_id="E1" subjects_affected="4" subjects_at_risk="13"/>
                <counts group_id="E2" subjects_affected="1" subjects_at_risk="2"/>
              </event>
              <event>
                <sub_title>Mucosal infection</sub_title>
                <counts group_id="E1" subjects_affected="0" subjects_at_risk="13"/>
                <counts group_id="E2" subjects_affected="1" subjects_at_risk="2"/>
              </event>
              <event>
                <sub_title>Nail infection</sub_title>
                <counts group_id="E1" subjects_affected="1" subjects_at_risk="13"/>
                <counts group_id="E2" subjects_affected="0" subjects_at_risk="2"/>
              </event>
            </event_list>
          </category>
          <category>
            <title>Injury, poisoning and procedural complications</title>
            <event_list>
              <event>
                <sub_title>Bruising</sub_title>
                <counts group_id="E1" subjects_affected="5" subjects_at_risk="13"/>
                <counts group_id="E2" subjects_affected="0" subjects_at_risk="2"/>
              </event>
              <event>
                <sub_title>Fall</sub_title>
                <counts group_id="E1" subjects_affected="1" subjects_at_risk="13"/>
                <counts group_id="E2" subjects_affected="0" subjects_at_risk="2"/>
              </event>
              <event>
                <sub_title>Infusion related reaction</sub_title>
                <counts group_id="E1" subjects_affected="1" subjects_at_risk="13"/>
                <counts group_id="E2" subjects_affected="0" subjects_at_risk="2"/>
              </event>
              <event>
                <sub_title>Infusion site extravasation</sub_title>
                <counts group_id="E1" subjects_affected="2" subjects_at_risk="13"/>
                <counts group_id="E2" subjects_affected="0" subjects_at_risk="2"/>
              </event>
              <event>
                <sub_title>Injury, poisoning &amp; proc complications - Other</sub_title>
                <description>Penis Laceration</description>
                <counts group_id="E1" subjects_affected="1" subjects_at_risk="13"/>
                <counts group_id="E2" subjects_affected="0" subjects_at_risk="2"/>
              </event>
            </event_list>
          </category>
          <category>
            <title>Investigations</title>
            <event_list>
              <event>
                <sub_title>Activated partial thromboplastin time prolonged</sub_title>
                <counts group_id="E1" subjects_affected="2" subjects_at_risk="13"/>
                <counts group_id="E2" subjects_affected="0" subjects_at_risk="2"/>
              </event>
              <event>
                <sub_title>Alanine aminotransferase increased</sub_title>
                <counts group_id="E1" subjects_affected="11" subjects_at_risk="13"/>
                <counts group_id="E2" subjects_affected="1" subjects_at_risk="2"/>
              </event>
              <event>
                <sub_title>Alkaline phosphatase increased</sub_title>
                <counts group_id="E1" subjects_affected="2" subjects_at_risk="13"/>
                <counts group_id="E2" subjects_affected="0" subjects_at_risk="2"/>
              </event>
              <event>
                <sub_title>Aspartate aminotransferase increased</sub_title>
                <counts group_id="E1" subjects_affected="11" subjects_at_risk="13"/>
                <counts group_id="E2" subjects_affected="1" subjects_at_risk="2"/>
              </event>
              <event>
                <sub_title>Blood bilirubin increased</sub_title>
                <counts group_id="E1" subjects_affected="4" subjects_at_risk="13"/>
                <counts group_id="E2" subjects_affected="0" subjects_at_risk="2"/>
              </event>
              <event>
                <sub_title>Cholesterol high</sub_title>
                <counts group_id="E1" subjects_affected="1" subjects_at_risk="13"/>
                <counts group_id="E2" subjects_affected="0" subjects_at_risk="2"/>
              </event>
              <event>
                <sub_title>Creatinine increased</sub_title>
                <counts group_id="E1" subjects_affected="1" subjects_at_risk="13"/>
                <counts group_id="E2" subjects_affected="0" subjects_at_risk="2"/>
              </event>
              <event>
                <sub_title>Fibrinogen decreased</sub_title>
                <counts group_id="E1" subjects_affected="1" subjects_at_risk="13"/>
                <counts group_id="E2" subjects_affected="0" subjects_at_risk="2"/>
              </event>
              <event>
                <sub_title>GGT increased</sub_title>
                <counts group_id="E1" subjects_affected="3" subjects_at_risk="13"/>
                <counts group_id="E2" subjects_affected="0" subjects_at_risk="2"/>
              </event>
              <event>
                <sub_title>INR increased</sub_title>
                <counts group_id="E1" subjects_affected="2" subjects_at_risk="13"/>
                <counts group_id="E2" subjects_affected="0" subjects_at_risk="2"/>
              </event>
              <event>
                <sub_title>Investigations - Other, specify</sub_title>
                <description>Hypochloremia; bicarbonate serum low; hemoptysis</description>
                <counts group_id="E1" subjects_affected="2" subjects_at_risk="13"/>
                <counts group_id="E2" subjects_affected="0" subjects_at_risk="2"/>
              </event>
              <event>
                <sub_title>Serum amylase increased</sub_title>
                <counts group_id="E1" subjects_affected="1" subjects_at_risk="13"/>
                <counts group_id="E2" subjects_affected="0" subjects_at_risk="2"/>
              </event>
              <event>
                <sub_title>White blood cell decreased</sub_title>
                <counts group_id="E1" subjects_affected="11" subjects_at_risk="13"/>
                <counts group_id="E2" subjects_affected="2" subjects_at_risk="2"/>
              </event>
            </event_list>
          </category>
          <category>
            <title>Metabolism and nutrition disorders</title>
            <event_list>
              <event>
                <sub_title>Anorexia</sub_title>
                <counts group_id="E1" subjects_affected="5" subjects_at_risk="13"/>
                <counts group_id="E2" subjects_affected="0" subjects_at_risk="2"/>
              </event>
              <event>
                <sub_title>Hypercalcemia</sub_title>
                <counts group_id="E1" subjects_affected="2" subjects_at_risk="13"/>
                <counts group_id="E2" subjects_affected="0" subjects_at_risk="2"/>
              </event>
              <event>
                <sub_title>Hyperglycemia</sub_title>
                <counts group_id="E1" subjects_affected="6" subjects_at_risk="13"/>
                <counts group_id="E2" subjects_affected="0" subjects_at_risk="2"/>
              </event>
              <event>
                <sub_title>Hypermagnesemia</sub_title>
                <counts group_id="E1" subjects_affected="3" subjects_at_risk="13"/>
                <counts group_id="E2" subjects_affected="0" subjects_at_risk="2"/>
              </event>
              <event>
                <sub_title>Hypernatremia</sub_title>
                <counts group_id="E1" subjects_affected="1" subjects_at_risk="13"/>
                <counts group_id="E2" subjects_affected="0" subjects_at_risk="2"/>
              </event>
              <event>
                <sub_title>Hypertriglyceridemia</sub_title>
                <counts group_id="E1" subjects_affected="3" subjects_at_risk="13"/>
                <counts group_id="E2" subjects_affected="0" subjects_at_risk="2"/>
              </event>
              <event>
                <sub_title>Hypoalbuminemia</sub_title>
                <counts group_id="E1" subjects_affected="10" subjects_at_risk="13"/>
                <counts group_id="E2" subjects_affected="0" subjects_at_risk="2"/>
              </event>
              <event>
                <sub_title>Hypercalcemia</sub_title>
                <counts group_id="E1" subjects_affected="7" subjects_at_risk="13"/>
                <counts group_id="E2" subjects_affected="0" subjects_at_risk="2"/>
              </event>
              <event>
                <sub_title>Hypoglycemia</sub_title>
                <counts group_id="E1" subjects_affected="1" subjects_at_risk="13"/>
                <counts group_id="E2" subjects_affected="0" subjects_at_risk="2"/>
              </event>
              <event>
                <sub_title>Hypokalemia</sub_title>
                <counts group_id="E1" subjects_affected="13" subjects_at_risk="13"/>
                <counts group_id="E2" subjects_affected="0" subjects_at_risk="2"/>
              </event>
              <event>
                <sub_title>Hypomagnesemia</sub_title>
                <counts group_id="E1" subjects_affected="6" subjects_at_risk="13"/>
                <counts group_id="E2" subjects_affected="0" subjects_at_risk="2"/>
              </event>
              <event>
                <sub_title>Hyponatremia</sub_title>
                <counts group_id="E1" subjects_affected="6" subjects_at_risk="13"/>
                <counts group_id="E2" subjects_affected="1" subjects_at_risk="2"/>
              </event>
              <event>
                <sub_title>Hypophosphatemia</sub_title>
                <counts group_id="E1" subjects_affected="5" subjects_at_risk="13"/>
                <counts group_id="E2" subjects_affected="0" subjects_at_risk="2"/>
              </event>
              <event>
                <sub_title>Metabolism and nutrition disorders - Other</sub_title>
                <description>Chloride level decreased</description>
                <counts group_id="E1" subjects_affected="1" subjects_at_risk="13"/>
                <counts group_id="E2" subjects_affected="0" subjects_at_risk="2"/>
              </event>
              <event>
                <sub_title>Weight gain</sub_title>
                <counts group_id="E1" subjects_affected="1" subjects_at_risk="13"/>
                <counts group_id="E2" subjects_affected="0" subjects_at_risk="2"/>
              </event>
              <event>
                <sub_title>Weight loss</sub_title>
                <counts group_id="E1" subjects_affected="2" subjects_at_risk="13"/>
                <counts group_id="E2" subjects_affected="0" subjects_at_risk="2"/>
              </event>
            </event_list>
          </category>
          <category>
            <title>Musculoskeletal and connective tissue disorders</title>
            <event_list>
              <event>
                <sub_title>Back pain</sub_title>
                <counts group_id="E1" subjects_affected="2" subjects_at_risk="13"/>
                <counts group_id="E2" subjects_affected="0" subjects_at_risk="2"/>
              </event>
              <event>
                <sub_title>Bone pain</sub_title>
                <counts group_id="E1" subjects_affected="1" subjects_at_risk="13"/>
                <counts group_id="E2" subjects_affected="0" subjects_at_risk="2"/>
              </event>
              <event>
                <sub_title>Joint range of motion decreased</sub_title>
                <counts group_id="E1" subjects_affected="1" subjects_at_risk="13"/>
                <counts group_id="E2" subjects_affected="0" subjects_at_risk="2"/>
              </event>
              <event>
                <sub_title>Myositis</sub_title>
                <counts group_id="E1" subjects_affected="1" subjects_at_risk="13"/>
                <counts group_id="E2" subjects_affected="0" subjects_at_risk="2"/>
              </event>
              <event>
                <sub_title>Pain in extremity</sub_title>
                <counts group_id="E1" subjects_affected="2" subjects_at_risk="13"/>
                <counts group_id="E2" subjects_affected="0" subjects_at_risk="2"/>
              </event>
            </event_list>
          </category>
          <category>
            <title>Nervous system disorders</title>
            <event_list>
              <event>
                <sub_title>Dizziness</sub_title>
                <counts group_id="E1" subjects_affected="3" subjects_at_risk="13"/>
                <counts group_id="E2" subjects_affected="0" subjects_at_risk="2"/>
              </event>
              <event>
                <sub_title>Headache</sub_title>
                <counts group_id="E1" subjects_affected="4" subjects_at_risk="13"/>
                <counts group_id="E2" subjects_affected="0" subjects_at_risk="2"/>
              </event>
              <event>
                <sub_title>Nervous system disorders - Other, specify</sub_title>
                <description>Altered mental status; related to Benadryl; night terrors; pupillary dilation related to scopolamine, Altered mental status, cytarabine related</description>
                <counts group_id="E1" subjects_affected="3" subjects_at_risk="13"/>
                <counts group_id="E2" subjects_affected="0" subjects_at_risk="2"/>
              </event>
            </event_list>
          </category>
          <category>
            <title>Psychiatric disorders</title>
            <event_list>
              <event>
                <sub_title>Anxiety</sub_title>
                <counts group_id="E1" subjects_affected="1" subjects_at_risk="13"/>
                <counts group_id="E2" subjects_affected="0" subjects_at_risk="2"/>
              </event>
              <event>
                <sub_title>Irritability</sub_title>
                <counts group_id="E1" subjects_affected="1" subjects_at_risk="13"/>
                <counts group_id="E2" subjects_affected="0" subjects_at_risk="2"/>
              </event>
            </event_list>
          </category>
          <category>
            <title>Renal and urinary disorders</title>
            <event_list>
              <event>
                <sub_title>Hematuria</sub_title>
                <counts group_id="E1" subjects_affected="1" subjects_at_risk="13"/>
                <counts group_id="E2" subjects_affected="0" subjects_at_risk="2"/>
              </event>
              <event>
                <sub_title>Urinary tract infection</sub_title>
                <counts group_id="E1" subjects_affected="1" subjects_at_risk="13"/>
                <counts group_id="E2" subjects_affected="0" subjects_at_risk="2"/>
              </event>
            </event_list>
          </category>
          <category>
            <title>Reproductive system and breast disorders</title>
            <event_list>
              <event>
                <sub_title>Menorrhagia</sub_title>
                <counts group_id="E1" subjects_affected="1" subjects_at_risk="13"/>
                <counts group_id="E2" subjects_affected="0" subjects_at_risk="2"/>
              </event>
            </event_list>
          </category>
          <category>
            <title>Respiratory, thoracic and mediastinal disorders</title>
            <event_list>
              <event>
                <sub_title>Apnea</sub_title>
                <counts group_id="E1" subjects_affected="1" subjects_at_risk="13"/>
                <counts group_id="E2" subjects_affected="0" subjects_at_risk="2"/>
              </event>
              <event>
                <sub_title>Cough</sub_title>
                <counts group_id="E1" subjects_affected="2" subjects_at_risk="13"/>
                <counts group_id="E2" subjects_affected="0" subjects_at_risk="2"/>
              </event>
              <event>
                <sub_title>Epistaxis</sub_title>
                <counts group_id="E1" subjects_affected="2" subjects_at_risk="13"/>
                <counts group_id="E2" subjects_affected="0" subjects_at_risk="2"/>
              </event>
              <event>
                <sub_title>Lung infection</sub_title>
                <counts group_id="E1" subjects_affected="1" subjects_at_risk="13"/>
                <counts group_id="E2" subjects_affected="1" subjects_at_risk="2"/>
              </event>
              <event>
                <sub_title>Respiratory, thoracic &amp; mediastinal disorder-Other</sub_title>
                <counts group_id="E1" subjects_affected="1" subjects_at_risk="13"/>
                <counts group_id="E2" subjects_affected="0" subjects_at_risk="2"/>
              </event>
              <event>
                <sub_title>Sore throat</sub_title>
                <counts group_id="E1" subjects_affected="1" subjects_at_risk="13"/>
                <counts group_id="E2" subjects_affected="0" subjects_at_risk="2"/>
              </event>
              <event>
                <sub_title>Upper respiratory infection</sub_title>
                <counts group_id="E1" subjects_affected="1" subjects_at_risk="13"/>
                <counts group_id="E2" subjects_affected="0" subjects_at_risk="2"/>
              </event>
            </event_list>
          </category>
          <category>
            <title>Skin and subcutaneous tissue disorders</title>
            <event_list>
              <event>
                <sub_title>Alopecia</sub_title>
                <counts group_id="E1" subjects_affected="1" subjects_at_risk="13"/>
                <counts group_id="E2" subjects_affected="0" subjects_at_risk="2"/>
              </event>
              <event>
                <sub_title>Dry skin</sub_title>
                <counts group_id="E1" subjects_affected="1" subjects_at_risk="13"/>
                <counts group_id="E2" subjects_affected="0" subjects_at_risk="2"/>
              </event>
              <event>
                <sub_title>Erythema multiforme</sub_title>
                <counts group_id="E1" subjects_affected="1" subjects_at_risk="13"/>
                <counts group_id="E2" subjects_affected="0" subjects_at_risk="2"/>
              </event>
              <event>
                <sub_title>Erythema &amp; Swelling</sub_title>
                <counts group_id="E1" subjects_affected="1" subjects_at_risk="13"/>
                <counts group_id="E2" subjects_affected="0" subjects_at_risk="2"/>
              </event>
              <event>
                <sub_title>Pruritus</sub_title>
                <counts group_id="E1" subjects_affected="4" subjects_at_risk="13"/>
                <counts group_id="E2" subjects_affected="0" subjects_at_risk="2"/>
              </event>
              <event>
                <sub_title>Rash maculo-papular</sub_title>
                <counts group_id="E1" subjects_affected="1" subjects_at_risk="13"/>
                <counts group_id="E2" subjects_affected="0" subjects_at_risk="2"/>
              </event>
              <event>
                <sub_title>Skin &amp; subcutaneous tissue disorder-Other</sub_title>
                <description>Skin rash or injection site redness after administration of 5 aza (N=5); Celullitis; Lower Extremity Rash; Dry Lips; Blister, Right Upper Extremity; burning sensation to scalp; anal fissure; skin rash following administration of vancomycine</description>
                <counts group_id="E1" subjects_affected="6" subjects_at_risk="13"/>
                <counts group_id="E2" subjects_affected="0" subjects_at_risk="2"/>
              </event>
              <event>
                <sub_title>Skin hypopigmentation</sub_title>
                <counts group_id="E1" subjects_affected="1" subjects_at_risk="13"/>
                <counts group_id="E2" subjects_affected="0" subjects_at_risk="2"/>
              </event>
              <event>
                <sub_title>Skin induration</sub_title>
                <counts group_id="E1" subjects_affected="1" subjects_at_risk="13"/>
                <counts group_id="E2" subjects_affected="0" subjects_at_risk="2"/>
              </event>
              <event>
                <sub_title>Skin infection</sub_title>
                <counts group_id="E1" subjects_affected="2" subjects_at_risk="13"/>
                <counts group_id="E2" subjects_affected="0" subjects_at_risk="2"/>
              </event>
            </event_list>
          </category>
          <category>
            <title>Vascular disorders</title>
            <event_list>
              <event>
                <sub_title>Hypertension</sub_title>
                <counts group_id="E1" subjects_affected="1" subjects_at_risk="13"/>
                <counts group_id="E2" subjects_affected="0" subjects_at_risk="2"/>
              </event>
              <event>
                <sub_title>Hypotension</sub_title>
                <counts group_id="E1" subjects_affected="1" subjects_at_risk="13"/>
                <counts group_id="E2" subjects_affected="1" subjects_at_risk="2"/>
              </event>
            </event_list>
          </category>
        </category_list>
      </other_events>
    </reported_events>

    <certain_agreements>
      <pi_employee>Principal Investigators are NOT employed by the organization sponsoring the study.</pi_employee>
      <restrictive_agreement>The only disclosure restriction on the PI is that the sponsor can review results communications prior to public release and can embargo communications regarding trial results for a period that is more than 60 days but less than or equal to 180 days. The sponsor cannot require changes to the communication and cannot extend the embargo.</restrictive_agreement>
    </certain_agreements>
    <point_of_contact>
      <name_or_title>Roy Leong, BA, CCRP</name_or_title>
      <organization>Therapeutic Advances in Childhood Leukemia &amp; Lymphoma (TACL) / Children's Hospital Los Angeles</organization>
      <phone>323-361-5132</phone>
      <email>rleong@chla.usc.edu</email>
    </point_of_contact>
  </clinical_results>
</clinical_study>

