<?xml version="1.0" encoding="UTF-8"?>
<clinical_study rank="20">
  <!-- This xml conforms to an XML Schema at:
    https://clinicaltrials.gov/ct2/html/images/info/public.xsd -->
  <required_header>
    <download_date>ClinicalTrials.gov processed this data on February 06, 2024</download_date>
    <link_text>Link to the current ClinicalTrials.gov record.</link_text>
    <url>https://clinicaltrials.gov/ct2/show/NCT00428558</url>
  </required_header>
  <id_info>
    <org_study_id>P060504</org_study_id>
    <nct_id>NCT00428558</nct_id>
  </id_info>
  <brief_title>Timed-Sequential Induction in CBF-AML</brief_title>
  <official_title>A Phase 3 Trial of Systematic Versus Response-adapted Timed-Sequential Induction in Patients With Core Binding Factor (CBF) Acute Myeloid Leukemia (AML)</official_title>
  <sponsors>
    <lead_sponsor>
      <agency>Assistance Publique - Hôpitaux de Paris</agency>
      <agency_class>Other</agency_class>
    </lead_sponsor>
    <collaborator>
      <agency>Acute Leukemia French Association</agency>
      <agency_class>Other</agency_class>
    </collaborator>
    <collaborator>
      <agency>French Innovative Leukemia Organisation</agency>
      <agency_class>Other</agency_class>
    </collaborator>
  </sponsors>
  <source>Assistance Publique - Hôpitaux de Paris</source>
  <oversight_info>
    <has_dmc>No</has_dmc>
  </oversight_info>
  <brief_summary>
    <textblock>
      Core binding factor (CBF) acute myeloid leukemias (AML) include AMLs carrying the t(8;21)&#xD;
      translocation as well as AMLs carrying either the inversion of chromosome 16 or translocation&#xD;
      t(16;16). CBF-AMLs are characterized by their high sensitivity to standard chemotherapeutical&#xD;
      agents, especially to cytarabine when administered as high-dose bolus infusions, and thus by&#xD;
      a relative good prognosis. However, relapse rates are still comprised between 30 and 50% in&#xD;
      these patients, even if overall survival may reach approximately 65% due to the potential&#xD;
      salvage of late relapses.&#xD;
&#xD;
      The primary purpose of the protocol is to compare two modalities of timed-sequential&#xD;
      induction in order to improve the results of the treatment of CBF-AML patients. This protocol&#xD;
      also includes the biological characterization of the heterogeneity of these diseases (gene&#xD;
      mutation and transcription profiles), as well as a centralized minimal residual disease&#xD;
      monitoring and centralized evaluation of pharmacogenetic polymorphisms.&#xD;
    </textblock>
  </brief_summary>
  <detailed_description>
    <textblock>
      Core binding factor (CBF) acute myeloid leukemias (AML) include AMLs carrying the t(8;21)&#xD;
      translocation as well as AMLs carrying either the inversion of chromosome 16 or translocation&#xD;
      t(16;16). CBF-AMLs are characterized by their high sensitivity to standard chemotherapeutical&#xD;
      agents, especially to cytarabine when administered as high-dose bolus infusions, and thus by&#xD;
      a relative good prognosis. However, relapse rates are still comprised between 30 and 50% in&#xD;
      these patients, even if overall survival may reach approximately 65% due to the potential&#xD;
      salvage of late relapses. Initial high white blood cell count, activating mutations of cKit,&#xD;
      Ras, and FLT3 genes, and persistence of high minimal residual disease (MRD) levels (as&#xD;
      evidenced by AML1-ETO or CBFb-MYH11 specific RQ-PCR tools) are the main bad-prognostic&#xD;
      factors in patients with CBF-AML.&#xD;
&#xD;
      This project includes a new single French protocol to treat patients with CBF-AML who&#xD;
      represent approximately 15% of all AML patients. This common protocol has been elaborated by&#xD;
      the two main French cooperative groups for adult AML (ALFA and GOELAMS). In addition to a&#xD;
      unique specific therapeutical strategy, this protocol includes the biological&#xD;
      characterization of the heterogeneity of these diseases (gene mutation and transcription&#xD;
      profiles), as well as a centralized MRD monitoring and centralized evaluation of&#xD;
      pharmacogenetic polymorphisms. This project which is well-positioned in the international&#xD;
      competition, will use many platforms of the POLECANCER with the following objectives : 1) to&#xD;
      improve the results of the treatment of CBF-AML patients; 2) to organize a French clinical&#xD;
      and biological network on CBF-AML with the aim to test new targeted therapeutical agents&#xD;
      (tyrosine kinase and/or farnesyl transferase inhibitors) in the next future.&#xD;
&#xD;
      TREATMENT DESIGN Induction course Systematic timed-sequential induction (arm A) DAUNORUBICINE&#xD;
      (DNR): 60 mg/m2/day IV (30 min), Day 1, 2, and 3 CYTARABINE (AraC): 500 mg/m2/day Continuous&#xD;
      infusion, Day 1 to 3 DAUNORUBICINE (DNR): 35 mg/m2/day IV (30 min), Day 8 and 9 CYTARABINE&#xD;
      (AraC): 1 gr/m2/12 h IV (2h), Day 8, 9, and 10 Response-adapted timed-sequential induction&#xD;
      (arm G) DAUNORUBICINE (DNR): 60 mg/m2/dayIV (30 min), Day 1, 2, and 3 CYTARABINE (AraC): 200&#xD;
      mg/m2/dayContinuous infusion, Day 1 to 7&#xD;
&#xD;
      Peripheral blood and bone marrow evaluation at Day 15. The following second induction course&#xD;
      will be administered in patients with persistent marrow disease at Day 15 :&#xD;
&#xD;
      DAUNORUBICINE (DNR): 35 mg/m2/day IV (30 min), Day 16 and 17 CYTARABINE (AraC)1 gr/m2/12 h IV&#xD;
      (2h), Day 16, 17, and 18 Persistent marrow disease at Day 15 is defined by more than 10%&#xD;
      leukemic blasts in a non aplastic or non very hypoplastic bone marrow aspiration sample.&#xD;
&#xD;
      Salvage course In patients not reaching CR after the first induction course (either SI or&#xD;
      TSI), a salvage course will be administered. Salvage therapy should not be initiated before&#xD;
      Day 35 of arm A and Day 42 of arm G.&#xD;
&#xD;
      CYTARABINE (AraC) :3 gr/m2/12h IV (2h), Day 1, 3, 5, and 7 AMSACRINE : 100 mg/m2/day IV (30&#xD;
      min), Day 5 to 7 G-CSF lenograstim : from Day 8 until myeloid recovery (&gt; 500 PMN/µL)&#xD;
&#xD;
      Consolidation cycles Three monthly cycles of consolidation will be administered in all&#xD;
      patients reaching hematological CR after induction or induction + salvage.&#xD;
&#xD;
      CYTARABINE (AraC): 3 g/m2/12h IV (2h), Day 1, 3, and 5 G-CSF lenograstim : from Day 8 until&#xD;
      myeloid recovery (&gt; 500 PMN/µL)&#xD;
    </textblock>
  </detailed_description>
  <overall_status>Completed</overall_status>
  <start_date>July 2007</start_date>
  <completion_date type="Actual">June 2011</completion_date>
  <primary_completion_date type="Actual">June 2011</primary_completion_date>
  <phase>Phase 3</phase>
  <study_type>Interventional</study_type>
  <has_expanded_access>No</has_expanded_access>
  <study_design_info>
    <allocation>Randomized</allocation>
    <intervention_model>Parallel Assignment</intervention_model>
    <primary_purpose>Treatment</primary_purpose>
    <masking>None (Open Label)</masking>
  </study_design_info>
  <primary_outcome>
    <measure>The primary objective of the study is to increase the Event-free Survival (EFS)</measure>
    <time_frame>during the 60 months</time_frame>
  </primary_outcome>
  <secondary_outcome>
    <measure>The complete remission (CR) rate, molecular response (MRD), cumulative incidence of relapse (CIR), disease-free survival (DFS), and overall survival (OS) in both randomization groups.</measure>
    <time_frame>during the 60 months</time_frame>
  </secondary_outcome>
  <secondary_outcome>
    <measure>The toxicity of both induction strategies (induction deaths and further deaths in first CR).</measure>
    <time_frame>during the 60 months</time_frame>
  </secondary_outcome>
  <secondary_outcome>
    <measure>The relative prognostic value of : 1) WBC; 2) Mutational status (FLT3, c-Kit, and Ras mutations); and 3) MRD in patient outcome (CR rate, CIR, EFS, DFS, OS).</measure>
    <time_frame>during the 60 months</time_frame>
  </secondary_outcome>
  <secondary_outcome>
    <measure>The prognostic value of CBF-AML subsets defined on Gene Expression Profiling (GEP) basis.</measure>
    <time_frame>during the 60 months</time_frame>
  </secondary_outcome>
  <secondary_outcome>
    <measure>The prognostic impact of known polymorphisms of genes involved in the metabolism of cytarabine and anthracyclines (Pharmacogenetic study).</measure>
    <time_frame>during the 60 months</time_frame>
  </secondary_outcome>
  <secondary_outcome>
    <measure>of patients with CBF-AML through the administration of a systematic</measure>
    <time_frame>during the 60 months</time_frame>
  </secondary_outcome>
  <secondary_outcome>
    <measure>timed-sequential induction (arm A) as compared to a response-adapted</measure>
    <time_frame>during the 60 months</time_frame>
  </secondary_outcome>
  <secondary_outcome>
    <measure>timed-sequential induction (arm G).</measure>
    <time_frame>during the 60 months</time_frame>
  </secondary_outcome>
  <number_of_arms>2</number_of_arms>
  <enrollment type="Actual">200</enrollment>
  <condition>Acute Myeloid Leukemia</condition>
  <arm_group>
    <arm_group_label>2</arm_group_label>
    <arm_group_type>Active Comparator</arm_group_type>
    <description>A Phase 3 Trial of Systematic versus Response-adapted Timed-SEQUENTIAL Induction in Patients with Core Binding Factor (CBF) Acute Myeloid Leukemia (AML)</description>
  </arm_group>
  <arm_group>
    <arm_group_label>1</arm_group_label>
    <arm_group_type>Experimental</arm_group_type>
    <description>BRAS INDUCTION SEQUENTIAL</description>
  </arm_group>
  <intervention>
    <intervention_type>Drug</intervention_type>
    <intervention_name>Chemotherapy (DAUNORUBICINE-CYTARABINE)</intervention_name>
    <description>A Phase 3 Trial of Systematic versus Response-adapted Timed-SEQUENTIAL Induction in Patients with Core Binding Factor (CBF) Acute Myeloid Leukemia (AML)</description>
    <arm_group_label>2</arm_group_label>
  </intervention>
  <intervention>
    <intervention_type>Drug</intervention_type>
    <intervention_name>Chemotherapy (DAUNORUBICINE-CYTARABINE)</intervention_name>
    <description>Chemotherapy induction sequential</description>
    <arm_group_label>1</arm_group_label>
    <other_name>Chemotherapy induction SEQUENTIAL</other_name>
  </intervention>
  <eligibility>
    <criteria>
      <textblock>
        Inclusion Criteria:&#xD;
&#xD;
          -  Patients aged 18-60 years.&#xD;
&#xD;
          -  With a newly-diagnosed de novo or therapy-related CBF-AML defined&#xD;
&#xD;
        Exclusion Criteria:&#xD;
&#xD;
          -  No previously treated with any anti-leukemic agent.&#xD;
&#xD;
          -  No presenting any diagnosis of uncontrolled or metastatic tumor.&#xD;
&#xD;
          -  OMS performance status &lt; 2,&#xD;
&#xD;
          -  Absence of uncontrolled severe infection,&#xD;
&#xD;
          -  AST and ALT 2.5 x ULN,&#xD;
&#xD;
          -  Total bilirubin 1.5 x ULN,&#xD;
&#xD;
          -  Serum creatinine 1.5 x ULN&#xD;
      </textblock>
    </criteria>
    <gender>All</gender>
    <minimum_age>18 Years</minimum_age>
    <maximum_age>60 Years</maximum_age>
    <healthy_volunteers>No</healthy_volunteers>
  </eligibility>
  <overall_official>
    <last_name>Eric JOURDAN, MD,PhD</last_name>
    <role>Principal Investigator</role>
    <affiliation>Assistance Publique - Hôpitaux de Paris</affiliation>
  </overall_official>
  <location>
    <facility>
      <name>Service Hematologie Oncologie</name>
      <address>
        <city>Nimes</city>
        <zip>30029</zip>
        <country>France</country>
      </address>
    </facility>
  </location>
  <location_countries>
    <country>France</country>
  </location_countries>
  <results_reference>
    <citation>Appelbaum FR, Kopecky KJ, Tallman MS, Slovak ML, Gundacker HM, Kim HT, Dewald GW, Kantarjian HM, Pierce SR, Estey EH. The clinical spectrum of adult acute myeloid leukaemia associated with core binding factor translocations. Br J Haematol. 2006 Oct;135(2):165-73. doi: 10.1111/j.1365-2141.2006.06276.x. Epub 2006 Aug 25.</citation>
    <PMID>16939487</PMID>
  </results_reference>
  <verification_date>July 2007</verification_date>
  <study_first_submitted>January 29, 2007</study_first_submitted>
  <study_first_submitted_qc>January 29, 2007</study_first_submitted_qc>
  <study_first_posted type="Estimate">January 30, 2007</study_first_posted>
  <last_update_submitted>December 19, 2013</last_update_submitted>
  <last_update_submitted_qc>December 19, 2013</last_update_submitted_qc>
  <last_update_posted type="Estimate">December 20, 2013</last_update_posted>
  <responsible_party>
    <responsible_party_type>Sponsor</responsible_party_type>
  </responsible_party>
  <keyword>acute myeloid leukemia</keyword>
  <keyword>Core Binding Factor</keyword>
  <keyword>t(8;21)</keyword>
  <keyword>inv(16)</keyword>
  <keyword>timed-sequential induction</keyword>
  <condition_browse>
    <!-- CAUTION:  The following MeSH terms are assigned with an imperfect algorithm            -->
    <mesh_term>Leukemia</mesh_term>
    <mesh_term>Leukemia, Myeloid</mesh_term>
    <mesh_term>Leukemia, Myeloid, Acute</mesh_term>
  </condition_browse>
  <intervention_browse>
    <!-- CAUTION:  The following MeSH terms are assigned with an imperfect algorithm            -->
    <mesh_term>Cytarabine</mesh_term>
    <mesh_term>Daunorubicin</mesh_term>
  </intervention_browse>
  <!-- Results have not yet been posted for this study                                          -->
</clinical_study>

