<?xml version="1.0" encoding="UTF-8"?>
<clinical_study rank="492">
  <!-- This xml conforms to an XML Schema at:
    https://clinicaltrials.gov/ct2/html/images/info/public.xsd -->
  <required_header>
    <download_date>ClinicalTrials.gov processed this data on February 06, 2024</download_date>
    <link_text>Link to the current ClinicalTrials.gov record.</link_text>
    <url>https://clinicaltrials.gov/ct2/show/NCT04380441</url>
  </required_header>
  <id_info>
    <org_study_id>MCC-20585</org_study_id>
    <nct_id>NCT04380441</nct_id>
  </id_info>
  <brief_title>Quality of Life Model for Older Patients With AML</brief_title>
  <official_title>Development of a Quality of Life Decision-Making Model for Older Patients With Acute Myeloid Leukemia</official_title>
  <sponsors>
    <lead_sponsor>
      <agency>H. Lee Moffitt Cancer Center and Research Institute</agency>
      <agency_class>Other</agency_class>
    </lead_sponsor>
    <collaborator>
      <agency>National Institute of Nursing Research (NINR)</agency>
      <agency_class>NIH</agency_class>
    </collaborator>
  </sponsors>
  <source>H. Lee Moffitt Cancer Center and Research Institute</source>
  <oversight_info>
    <has_dmc>No</has_dmc>
    <is_fda_regulated_drug>No</is_fda_regulated_drug>
    <is_fda_regulated_device>No</is_fda_regulated_device>
  </oversight_info>
  <brief_summary>
    <textblock>
      The purpose of this study is to describe the differences in quality of life (QOL) among newly&#xD;
      diagnosed patients diagnosed with acute myeloid leukemia (AML) to help design a patient&#xD;
      decision-making QOL model for aligning patients' choice of treatment with what matters the&#xD;
      most to them.&#xD;
    </textblock>
  </brief_summary>
  <overall_status>Active, not recruiting</overall_status>
  <start_date type="Actual">July 8, 2020</start_date>
  <completion_date type="Anticipated">November 2024</completion_date>
  <primary_completion_date type="Actual">November 30, 2023</primary_completion_date>
  <study_type>Observational</study_type>
  <has_expanded_access>No</has_expanded_access>
  <study_design_info>
    <observational_model>Case-Control</observational_model>
    <time_perspective>Prospective</time_perspective>
  </study_design_info>
  <primary_outcome>
    <measure>Difference in Quality of Life score between patients receiving intensive versus non-intensive chemotherapy</measure>
    <time_frame>At baseline and at 30, 60, 90 and 180 days post treatment</time_frame>
    <description>Difference in Quality of Life between newly diagnosed AML patients 60 years of age and older receiving intensive versus non-intensive chemotherapy. Quality of Life will be measured using the Functional Assessment of Cancer Therapy, Leukemia Version (FACT-Leu), a 44-item self reported leukemia specific questionnaire. The FACT-Leu uses a 0-4 Likert scale, 0=not at all and 4=very much. Positive items receive scores from 0-4 points, and negative items are scored from 4-0 points.The FACT-Leu scores are obtained by summing item responses coded so that larger scores indicate better QOL. The leukemia subscale has been validated. A meaningful clinical change for the FACT-Leu is a 13-17 point difference out of a maximum score of 176.</description>
  </primary_outcome>
  <primary_outcome>
    <measure>Difference in Quality of Life score between patients with varying disease characteristics</measure>
    <time_frame>At baseline and at 30, 60, 90 and 180 days post treatment</time_frame>
    <description>Difference in Quality of Life score between patients with varying disease characteristics such as age, performance status, functional status, comorbidity, fatigue, symptoms, blast percentage, transfusion dependence and cytogenic risk group. Quality of Life will be measured using the Functional Assessment of Cancer Therapy, Leukemia Version (FACT-Leu), a 44-item self reported leukemia specific questionnaire. The FACT-Leu uses a 0-4 Likert scale, 0=not at all and 4=very much. Positive items receive scores from 0-4 points, and negative items are scored from 4-0 points. The FACT-Leu scores are obtained by summing item responses coded so that larger scores indicate better QOL. The leukemia subscale has been validated. A meaningful clinical change for the FACT-Leu is a 13-17 point difference out of a maximum score of 176.</description>
  </primary_outcome>
  <enrollment type="Actual">206</enrollment>
  <condition>AML, Adult</condition>
  <condition>Acute Myeloid Leukemia</condition>
  <eligibility>
    <study_pop>
      <textblock>
        Patients of the Malignant Hematology Department or Senior Adult Oncology Division at&#xD;
        Moffitt Cancer Center in Tampa, Florida.&#xD;
      </textblock>
    </study_pop>
    <sampling_method>Non-Probability Sample</sampling_method>
    <criteria>
      <textblock>
        Inclusion Criteria:&#xD;
&#xD;
          -  60 years of age or older&#xD;
&#xD;
          -  Newly diagnosed with pathology-confirmed diagnosis of Acute Myeloid Leukemia&#xD;
&#xD;
          -  Within 7 days of starting a new treatment&#xD;
&#xD;
          -  Must be able to read and speak English at the 8th grade level&#xD;
&#xD;
        Exclusion Criteria:&#xD;
&#xD;
          -  Under 60 years of age&#xD;
&#xD;
          -  Other malignancy, dementia, traumatic brain injury or individuals with central nervous&#xD;
             system involvement of their leukemia&#xD;
      </textblock>
    </criteria>
    <gender>All</gender>
    <minimum_age>60 Years</minimum_age>
    <maximum_age>N/A</maximum_age>
    <healthy_volunteers>No</healthy_volunteers>
  </eligibility>
  <overall_official>
    <last_name>Sara Tinsley, PhD, APRN</last_name>
    <role>Principal Investigator</role>
    <affiliation>Moffitt Cancer Center</affiliation>
  </overall_official>
  <location>
    <facility>
      <name>Moffitt Cancer Center</name>
      <address>
        <city>Tampa</city>
        <state>Florida</state>
        <zip>33612</zip>
        <country>United States</country>
      </address>
    </facility>
  </location>
  <location_countries>
    <country>United States</country>
  </location_countries>
  <link>
    <url>https://www.moffitt.org/clinical-trials-research/clinical-trials/</url>
    <description>Moffitt Cancer Center Clinical Trials website</description>
  </link>
  <verification_date>December 2023</verification_date>
  <study_first_submitted>May 5, 2020</study_first_submitted>
  <study_first_submitted_qc>May 5, 2020</study_first_submitted_qc>
  <study_first_posted type="Actual">May 8, 2020</study_first_posted>
  <last_update_submitted>December 19, 2023</last_update_submitted>
  <last_update_submitted_qc>December 19, 2023</last_update_submitted_qc>
  <last_update_posted type="Actual">December 20, 2023</last_update_posted>
  <responsible_party>
    <responsible_party_type>Sponsor</responsible_party_type>
  </responsible_party>
  <condition_browse>
    <!-- CAUTION:  The following MeSH terms are assigned with an imperfect algorithm            -->
    <mesh_term>Leukemia</mesh_term>
    <mesh_term>Leukemia, Myeloid</mesh_term>
    <mesh_term>Leukemia, Myeloid, Acute</mesh_term>
  </condition_browse>
  <patient_data>
    <sharing_ipd>Undecided</sharing_ipd>
  </patient_data>
  <!-- Results have not yet been posted for this study                                          -->
</clinical_study>

