<?xml version="1.0" encoding="UTF-8"?>
<clinical_study rank="221">
  <!-- This xml conforms to an XML Schema at:
    https://clinicaltrials.gov/ct2/html/images/info/public.xsd -->
  <required_header>
    <download_date>ClinicalTrials.gov processed this data on February 06, 2024</download_date>
    <link_text>Link to the current ClinicalTrials.gov record.</link_text>
    <url>https://clinicaltrials.gov/ct2/show/NCT05554419</url>
  </required_header>
  <id_info>
    <org_study_id>NCI-2022-07799</org_study_id>
    <secondary_id>NCI-2022-07799</secondary_id>
    <secondary_id>MM2YA-EA01</secondary_id>
    <secondary_id>MM2YA-EA01</secondary_id>
    <secondary_id>U10CA180820</secondary_id>
    <nct_id>NCT05554419</nct_id>
  </id_info>
  <brief_title>Testing the Use of Combination Therapy in Patients With Persistent Low Level Acute Myeloid Leukemia Following Initial Treatment, The ERASE Study (A MyeloMATCH Treatment Trial)</brief_title>
  <official_title>Eradicating Measurable Residual Disease in Patients With Acute Myeloid Leukemia (AML) Prior to StEm Cell Transplantation (ERASE): A MyeloMATCH Treatment Trial</official_title>
  <sponsors>
    <lead_sponsor>
      <agency>National Cancer Institute (NCI)</agency>
      <agency_class>NIH</agency_class>
    </lead_sponsor>
  </sponsors>
  <source>National Cancer Institute (NCI)</source>
  <oversight_info>
    <has_dmc>No</has_dmc>
    <is_fda_regulated_drug>Yes</is_fda_regulated_drug>
    <is_fda_regulated_device>No</is_fda_regulated_device>
    <is_us_export>No</is_us_export>
  </oversight_info>
  <brief_summary>
    <textblock>
      This phase II MyeloMATCH treatment trial compares cytarabine versus (vs.) cytarabine and&#xD;
      venetoclax vs. liposome-encapsulated daunorubicin-cytarabine and venetoclax vs. azacitidine&#xD;
      and venetoclax for treating patients who have residual disease after treatment for acute&#xD;
      myeloid leukemia (AML). Cytarabine is in a class of medications called antimetabolites. It&#xD;
      works by slowing or stopping the growth of cancer cells in the body. Venetoclax is in a class&#xD;
      of medications called B-cell lymphoma-2 (BCL-2) inhibitors. It may stop the growth of cancer&#xD;
      cells by blocking Bcl-2, a protein needed for cancer cell survival. Liposome-encapsulated&#xD;
      daunorubicin-cytarabine is a drug formulation that delivers daunorubicin and cytarabine in&#xD;
      small spheres called liposomes, which may make the drugs safer or more effective. Azacitidine&#xD;
      is a drug that interacts with DNA and leads to the activation of tumor suppressor genes,&#xD;
      which are genes that help control cell growth. This study may help the study doctors find out&#xD;
      if the different drug combinations are equally effective to the usual approach of cytarabine&#xD;
      alone while requiring a shorter duration of treatment. To decide if they are better, the&#xD;
      study doctors will be looking to see if the study drugs lead to a higher percentage of&#xD;
      patients achieving a deeper remission compared to cytarabine alone.&#xD;
    </textblock>
  </brief_summary>
  <detailed_description>
    <textblock>
      PRIMARY OBJECTIVES:&#xD;
&#xD;
      I. To improve the rate of measurable residual disease (MRD) negative complete remission (CR)&#xD;
      in patients with acute myeloid leukemia (AML) who have achieved a MRD positive CR after&#xD;
      induction chemotherapy received in a myeloMATCH young adult basket tier-1 protocol.&#xD;
&#xD;
      II. To determine the rate of achieving MRD negative CR after 2 cycles of post-remission&#xD;
      therapy with cytarabine vs. cytarabine + venetoclax or liposome-encapsulated&#xD;
      daunorubicin-cytarabine (daunorubicin and cytarabine liposome) + venetoclax azacitidine +&#xD;
      venetoclax in AML or myelodysplastic syndrome (MDS) who were MRD positive post induction&#xD;
      therapy.&#xD;
&#xD;
      SECONDARY OBJECTIVES:&#xD;
&#xD;
      I. To determine the disease-free survival, overall survival in this group of patients.&#xD;
&#xD;
      II. Assess the percentage of patients who receive allogeneic hematopoietic stem cell&#xD;
      transplantation (HCT).&#xD;
&#xD;
      III. Compare toxicities of each experimental arm with the control arm.&#xD;
&#xD;
      EXPLORATORY OBJECTIVES:&#xD;
&#xD;
      I. Evaluate MRD kinetics by following patients with detectable MRD through tier 2 and beyond.&#xD;
&#xD;
      II. Evaluate longer term outcomes by treatment arm, genomics, MRD outcome, and other features&#xD;
      as patients receive additional myeloMATCH therapies to generate testable hypotheses for more&#xD;
      precise patient selection for these therapies aimed at improving outcomes.&#xD;
&#xD;
      OUTLINE: Patients are randomized to 1 of 4 arms.&#xD;
&#xD;
      ARM A: Patients receive cytarabine intravenously (IV) on study. Patients undergo bone marrow&#xD;
      aspiration and biopsy on study. Patients may also undergo echocardiogram (ECHO) and/or&#xD;
      multigated acquisition scan (MUGA) as clinically indicated.&#xD;
&#xD;
      ARM B: Patients receive cytarabine IV and venetoclax orally (PO) on study. Patients undergo&#xD;
      bone marrow aspiration and biopsy on study. Patients may also undergo ECHO and/or MUGA as&#xD;
      clinically indicated.&#xD;
&#xD;
      ARM C: Patients receive liposome-encapsulated daunorubicin-cytarabine IV and venetoclax PO on&#xD;
      study. Patients undergo bone marrow aspiration and biopsy on study. Patients may also undergo&#xD;
      ECHO and/or MUGA as clinically indicated.&#xD;
&#xD;
      ARM D: Patients receive azacitidine IV or subcutaneously (SC) and venetoclax PO on study.&#xD;
      Patients undergo bone marrow aspiration and biopsy on study. Patients may also undergo ECHO&#xD;
      and/or MUGA as clinically indicated.&#xD;
    </textblock>
  </detailed_description>
  <overall_status>Not yet recruiting</overall_status>
  <start_date type="Anticipated">August 16, 2024</start_date>
  <completion_date type="Anticipated">January 31, 2025</completion_date>
  <primary_completion_date type="Anticipated">January 31, 2025</primary_completion_date>
  <phase>Phase 2</phase>
  <study_type>Interventional</study_type>
  <has_expanded_access>No</has_expanded_access>
  <study_design_info>
    <allocation>Randomized</allocation>
    <intervention_model>Parallel Assignment</intervention_model>
    <primary_purpose>Treatment</primary_purpose>
    <masking>None (Open Label)</masking>
  </study_design_info>
  <primary_outcome>
    <measure>Frequency of measurable residual disease (MRD) negative complete remission (CR)</measure>
    <time_frame>Following 2 cycles of consolidation (56 days)</time_frame>
    <description>Will be centrally evaluated. The MRD negative CR frequency will be compared between each experimental arm and the standard therapy arm using Fisher's exact test with one-sided alpha of 0.10 for each comparison. Test results with one-sided p-value &lt; 0.10 will be considered statistically significant. Multivariable logistic regression modeling will also be used to examine the treatment effect between each experimental arm and the standard therapy arm, adjusting for stratification factors and other possible clinical and biological risk factors.</description>
  </primary_outcome>
  <secondary_outcome>
    <measure>Overall survival</measure>
    <time_frame>Between randomization and death from any cause, assessed up to 10 years</time_frame>
    <description>Estimates, including medians and confidence intervals, will be calculated using the Kaplan-Meier method. Comparison between each experimental arm and the standard therapy arm will be conducted using the one-sided log-rank test. Only nominal p-values will be provided. Cox proportional hazards models will also be used to assess the treatment effect, adjusting for stratification factors and other possible clinical and biological risk factors.</description>
  </secondary_outcome>
  <secondary_outcome>
    <measure>Disease-free survival</measure>
    <time_frame>From randomization to relapse or death in remission, assessed up to 10 years</time_frame>
    <description>Estimates, including medians and confidence intervals, will be calculated using the Kaplan-Meier method. Comparison between each experimental arm and the standard therapy arm will be conducted using the one-sided log-rank test. Only nominal p-values will be provided. Cox proportional hazards models will also be used to assess the treatment effect, adjusting for stratification factors and other possible clinical and biological risk factors.</description>
  </secondary_outcome>
  <secondary_outcome>
    <measure>Rate of allogeneic transplant</measure>
    <time_frame>Up to 10 years</time_frame>
  </secondary_outcome>
  <secondary_outcome>
    <measure>Incidence of adverse events</measure>
    <time_frame>Up to 10 years</time_frame>
    <description>Toxicity will be determined using the Common Terminology Criteria for Adverse Events (CTCAE).</description>
  </secondary_outcome>
  <number_of_arms>4</number_of_arms>
  <enrollment type="Anticipated">184</enrollment>
  <condition>Acute Myeloid Leukemia</condition>
  <condition>Acute Myeloid Leukemia Arising From Previous Myelodysplastic Syndrome</condition>
  <condition>Acute Myeloid Leukemia Arising From Previous Myeloproliferative Neoplasm</condition>
  <condition>Acute Myeloid Leukemia Post Cytotoxic Therapy</condition>
  <condition>Secondary Acute Myeloid Leukemia</condition>
  <arm_group>
    <arm_group_label>ARM A (cytarabine)</arm_group_label>
    <arm_group_type>Active Comparator</arm_group_type>
    <description>Patients receive cytarabine IV on study. Patients undergo bone marrow aspiration and biopsy on study. Patients may also undergo ECHO and/or MUGA as clinically indicated.</description>
  </arm_group>
  <arm_group>
    <arm_group_label>ARM B (cytarabine, venetoclax)</arm_group_label>
    <arm_group_type>Experimental</arm_group_type>
    <description>Patients receive cytarabine IV and venetoclax PO on study. Patients undergo bone marrow aspiration and biopsy on study. Patients may also undergo ECHO and/or MUGA as clinically indicated.</description>
  </arm_group>
  <arm_group>
    <arm_group_label>ARM C (liposomal daunorubicin-cytarabine, venetoclax)</arm_group_label>
    <arm_group_type>Experimental</arm_group_type>
    <description>Patients receive liposome-encapsulated daunorubicin-cytarabine IV and venetoclax PO on study. Patients undergo bone marrow aspiration and biopsy on study. Patients may also undergo ECHO and/or MUGA as clinically indicated.</description>
  </arm_group>
  <arm_group>
    <arm_group_label>ARM D (azacitidine, venetoclax)</arm_group_label>
    <arm_group_type>Experimental</arm_group_type>
    <description>Patients receive azacitidine IV or SC and venetoclax PO on study. Patients undergo bone marrow aspiration and biopsy on study. Patients may also undergo ECHO and/or MUGA as clinically indicated.</description>
  </arm_group>
  <intervention>
    <intervention_type>Drug</intervention_type>
    <intervention_name>Azacitidine</intervention_name>
    <description>Given IV or SC</description>
    <arm_group_label>ARM D (azacitidine, venetoclax)</arm_group_label>
    <other_name>5 AZC</other_name>
    <other_name>5-AC</other_name>
    <other_name>5-Azacitidine</other_name>
    <other_name>5-Azacytidine</other_name>
    <other_name>5-AZC</other_name>
    <other_name>Azacytidine</other_name>
    <other_name>Azacytidine, 5-</other_name>
    <other_name>Ladakamycin</other_name>
    <other_name>Mylosar</other_name>
    <other_name>U-18496</other_name>
    <other_name>Vidaza</other_name>
  </intervention>
  <intervention>
    <intervention_type>Procedure</intervention_type>
    <intervention_name>Bone Marrow Aspiration and Biopsy</intervention_name>
    <description>Undergo bone marrow aspiration and biopsy</description>
    <arm_group_label>ARM A (cytarabine)</arm_group_label>
    <arm_group_label>ARM B (cytarabine, venetoclax)</arm_group_label>
    <arm_group_label>ARM C (liposomal daunorubicin-cytarabine, venetoclax)</arm_group_label>
    <arm_group_label>ARM D (azacitidine, venetoclax)</arm_group_label>
  </intervention>
  <intervention>
    <intervention_type>Drug</intervention_type>
    <intervention_name>Cytarabine</intervention_name>
    <description>Given IV</description>
    <arm_group_label>ARM A (cytarabine)</arm_group_label>
    <arm_group_label>ARM B (cytarabine, venetoclax)</arm_group_label>
    <other_name>.beta.-Cytosine arabinoside</other_name>
    <other_name>1-.beta.-D-Arabinofuranosyl-4-amino-2(1H)pyrimidinone</other_name>
    <other_name>1-.beta.-D-Arabinofuranosylcytosine</other_name>
    <other_name>1-Beta-D-arabinofuranosyl-4-amino-2(1H)pyrimidinone</other_name>
    <other_name>1-Beta-D-arabinofuranosylcytosine</other_name>
    <other_name>1.beta.-D-Arabinofuranosylcytosine</other_name>
    <other_name>2(1H)-Pyrimidinone, 4-Amino-1-beta-D-arabinofuranosyl-</other_name>
    <other_name>2(1H)-Pyrimidinone, 4-amino-1.beta.-D-arabinofuranosyl-</other_name>
    <other_name>Alexan</other_name>
    <other_name>Ara-C</other_name>
    <other_name>ARA-cell</other_name>
    <other_name>Arabine</other_name>
    <other_name>Arabinofuranosylcytosine</other_name>
    <other_name>Arabinosylcytosine</other_name>
    <other_name>Aracytidine</other_name>
    <other_name>Aracytin</other_name>
    <other_name>Aracytine</other_name>
    <other_name>Beta-Cytosine Arabinoside</other_name>
    <other_name>CHX-3311</other_name>
    <other_name>Cytarabinum</other_name>
    <other_name>Cytarbel</other_name>
    <other_name>Cytosar</other_name>
    <other_name>Cytosine Arabinoside</other_name>
    <other_name>Cytosine-.beta.-arabinoside</other_name>
    <other_name>Cytosine-beta-arabinoside</other_name>
    <other_name>Erpalfa</other_name>
    <other_name>Starasid</other_name>
    <other_name>Tarabine PFS</other_name>
    <other_name>U 19920</other_name>
    <other_name>U-19920</other_name>
    <other_name>Udicil</other_name>
    <other_name>WR-28453</other_name>
  </intervention>
  <intervention>
    <intervention_type>Procedure</intervention_type>
    <intervention_name>Echocardiography</intervention_name>
    <description>Undergo ECHO</description>
    <arm_group_label>ARM A (cytarabine)</arm_group_label>
    <arm_group_label>ARM B (cytarabine, venetoclax)</arm_group_label>
    <arm_group_label>ARM C (liposomal daunorubicin-cytarabine, venetoclax)</arm_group_label>
    <arm_group_label>ARM D (azacitidine, venetoclax)</arm_group_label>
    <other_name>EC</other_name>
  </intervention>
  <intervention>
    <intervention_type>Drug</intervention_type>
    <intervention_name>Liposome-encapsulated Daunorubicin-Cytarabine</intervention_name>
    <description>Given IV</description>
    <arm_group_label>ARM C (liposomal daunorubicin-cytarabine, venetoclax)</arm_group_label>
    <other_name>CPX-351</other_name>
    <other_name>Cytarabine and Daunorubicin Liposomal</other_name>
    <other_name>Cytarabine-Daunorubicin Liposome for Injection</other_name>
    <other_name>Daunorubicin and Cytarabine (Liposomal)</other_name>
    <other_name>Liposomal AraC-Daunorubicin CPX-351</other_name>
    <other_name>Liposomal Cytarabine-Daunorubicin</other_name>
    <other_name>Liposome-encapsulated Combination of Daunorubicin and Cytarabine</other_name>
    <other_name>Vyxeos</other_name>
  </intervention>
  <intervention>
    <intervention_type>Procedure</intervention_type>
    <intervention_name>Multigated Acquisition Scan</intervention_name>
    <description>Undergo MUGA</description>
    <arm_group_label>ARM A (cytarabine)</arm_group_label>
    <arm_group_label>ARM B (cytarabine, venetoclax)</arm_group_label>
    <arm_group_label>ARM C (liposomal daunorubicin-cytarabine, venetoclax)</arm_group_label>
    <arm_group_label>ARM D (azacitidine, venetoclax)</arm_group_label>
    <other_name>Blood Pool Scan</other_name>
    <other_name>Equilibrium Radionuclide Angiography</other_name>
    <other_name>Gated Blood Pool Imaging</other_name>
    <other_name>Gated Heart Pool Scan</other_name>
    <other_name>MUGA</other_name>
    <other_name>MUGA Scan</other_name>
    <other_name>Multi-Gated Acquisition Scan</other_name>
    <other_name>Radionuclide Ventriculogram Scan</other_name>
    <other_name>Radionuclide Ventriculography</other_name>
    <other_name>RNVG</other_name>
    <other_name>SYMA Scanning</other_name>
    <other_name>Synchronized Multigated Acquisition Scanning</other_name>
  </intervention>
  <intervention>
    <intervention_type>Drug</intervention_type>
    <intervention_name>Venetoclax</intervention_name>
    <description>Given PO</description>
    <arm_group_label>ARM B (cytarabine, venetoclax)</arm_group_label>
    <arm_group_label>ARM C (liposomal daunorubicin-cytarabine, venetoclax)</arm_group_label>
    <arm_group_label>ARM D (azacitidine, venetoclax)</arm_group_label>
    <other_name>ABT-0199</other_name>
    <other_name>ABT-199</other_name>
    <other_name>ABT199</other_name>
    <other_name>GDC-0199</other_name>
    <other_name>RG7601</other_name>
    <other_name>Venclexta</other_name>
    <other_name>Venclyxto</other_name>
  </intervention>
  <eligibility>
    <criteria>
      <textblock>
        Inclusion Criteria:&#xD;
&#xD;
          -  Patient must be &gt;= 18 and =&lt; 59 years of age&#xD;
&#xD;
          -  Patient must have Eastern Cooperative Oncology Group (ECOG) performance status 0-2&#xD;
&#xD;
          -  Patient must have morphologically documented AML or secondary AML (from prior&#xD;
             conditions such as myelodysplastic syndrome [MDS], myeloproliferative neoplasm [MPN])&#xD;
             or therapy related AML (t-AML), as defined by World Health Organization (WHO) criteria&#xD;
&#xD;
          -  Patient must have completed induction chemotherapy in a myeloMATCH young adult tier-1&#xD;
             protocol. Patient may have received prior hypomethylating agents (HMAs). Patient may&#xD;
             have received prior azacitidine + venetoclax&#xD;
&#xD;
          -  Patient must have been assigned to this protocol by myeloMATCH master screening and&#xD;
             reassessment protocol (MSRP)/MATCHBOX. Patients thereby assigned will have attained&#xD;
             complete remission (CR) or CR with partial hematologic recovery (CRh) (defined as CR&#xD;
             with [absolute neutrophil count (ANC)] &gt;= 500/mcL and/or platelets &gt; 50/mcL) with&#xD;
             detectable MRD at time of assignment. MRD is defined as &gt; 0.1% flow cytometry on bone&#xD;
             marrow (BM) biopsy as assessed by MDNet. The definition of CR or CRh may be made +/- 2&#xD;
             weeks from BM biopsy&#xD;
&#xD;
          -  Patient must have the ability to understand and the willingness to sign a written&#xD;
             informed consent document. Patients with impaired decision-making capacity (IDMC) who&#xD;
             have a legally authorized representative (LAR) or caregiver and/or family member&#xD;
             available will also be considered eligible&#xD;
&#xD;
          -  Patient must have recovered (i.e.: resolved to &lt; grade 2) from adverse events related&#xD;
             to prior anti-cancer therapy at the time of randomization with the exception of&#xD;
             alopecia&#xD;
&#xD;
          -  Absolute neutrophil count (ANC) &gt;= 500/mcL (obtained =&lt; 7 days prior to protocol&#xD;
             randomization)&#xD;
&#xD;
          -  Platelets &gt;= 50,000/mcL (obtained =&lt; 7 days prior to protocol randomization)&#xD;
&#xD;
          -  Total bilirubin =&lt; 2 x institutional upper limit of normal (ULN) (obtained =&lt; 7 days&#xD;
             prior to protocol randomization)&#xD;
&#xD;
          -  Aspartate aminotransferase (AST) (serum glutamic-oxaloacetic transaminase&#xD;
             [SGOT])/alanine aminotransferase (ALT) (serum glutamate pyruvate transaminase [SGPT])&#xD;
             =&lt; 3.0 x institutional ULN (obtained =&lt; 7 days prior to protocol randomization)&#xD;
&#xD;
          -  Creatinine =&lt; 1.5 x institutional ULN OR &gt;= 50 mL/min.1.73 m^2 (obtained =&lt; 7 days&#xD;
             prior to protocol randomization)&#xD;
&#xD;
          -  Human immunodeficiency virus (HIV)-infected patients on effective anti-retroviral&#xD;
             therapy with undetectable viral load within 6 months of randomization are eligible for&#xD;
             this trial&#xD;
&#xD;
          -  For patients with evidence of chronic hepatitis B virus (HBV) infection, the HBV viral&#xD;
             load must be undetectable on suppressive therapy, if indicated&#xD;
&#xD;
          -  Patients with a history of hepatitis C virus (HCV) infection must have been treated&#xD;
             and cured. For patients with HCV infection who are currently on treatment, they are&#xD;
             eligible if they have an undetectable HCV viral load&#xD;
&#xD;
          -  Patients with a prior or concurrent malignancy whose natural history or treatment does&#xD;
             not have the potential to interfere with the safety or efficacy assessment of the&#xD;
             investigational regimen are eligible for this trial&#xD;
&#xD;
          -  Patients with known history or current symptoms of cardiac disease, or history of&#xD;
             treatment with cardiotoxic agents, should have a clinical risk assessment of cardiac&#xD;
             function using the New York Heart Association Functional Classification. To be&#xD;
             eligible for this trial, patients should be class 2B or better&#xD;
&#xD;
          -  Patients must be able to swallow oral tablets and be free of gastrointestinal (GI)&#xD;
             absorption issues&#xD;
&#xD;
        Exclusion Criteria:&#xD;
&#xD;
          -  Patient must not be pregnant or breast-feeding due to the potential harm to an unborn&#xD;
             fetus and possible risk for adverse events in nursing infants with the treatment&#xD;
             regimens being used.&#xD;
&#xD;
               -  All patients of childbearing potential must have a blood test or urine study&#xD;
                  within 14 days prior to randomization to rule out pregnancy.&#xD;
&#xD;
               -  A patient of childbearing potential is defined as anyone, regardless of sexual&#xD;
                  orientation or whether they have undergone tubal ligation, who meets the&#xD;
                  following criteria: 1) has achieved menarche at some point, 2) has not undergone&#xD;
                  a hysterectomy or bilateral oophorectomy; or 3) has not been naturally&#xD;
                  postmenopausal (amenorrhea following cancer therapy does not rule out&#xD;
                  childbearing potential) for at least 24 consecutive months (i.e., has had menses&#xD;
                  at any time in the preceding 24 consecutive months)&#xD;
&#xD;
          -  Patients of childbearing potential and/or sexually active patients must not expect to&#xD;
             conceive or father children by using an accepted and effective method(s) of&#xD;
             contraception or by abstaining from sexual intercourse for the duration of their&#xD;
             participation in the study and continue for 6 months after the last dose of&#xD;
             daunorubicin + cytarabine liposome, 6 months after the last dose of azacitidine for&#xD;
             patients of childbearing potential, 3 months after the last dose of azacitidine for&#xD;
             male patients, and for 30 days after the last dose of venetoclax. Patient must also&#xD;
             abstain from nursing an infant for 2 weeks after the last dose of daunorubicin +&#xD;
             cytarabine liposome and for 1 week after the last dose of azacitidine&#xD;
&#xD;
          -  Patients must not have FLT3 TKD or ITD mutation. Patients with this mutation, will be&#xD;
             excluded from this study because myeloMATCH plans separate studies in tier-2 for those&#xD;
             patients&#xD;
&#xD;
          -  Patient must not be receiving any other investigational agents at the time of&#xD;
             randomization&#xD;
&#xD;
          -  Patient must not have history of allergic reactions attributed to compounds of similar&#xD;
             chemical or biologic composition to cytarabine, azacitidine, venetoclax or&#xD;
             daunorubicin and cytarabine liposome&#xD;
&#xD;
          -  Patients must not have uncontrolled intercurrent illness including but not limited to,&#xD;
             ongoing or active infection, symptomatic congestive heart failure, unstable angina&#xD;
             pectoris, or serious chronic gastrointestinal conditions associated with diarrhea&#xD;
      </textblock>
    </criteria>
    <gender>All</gender>
    <minimum_age>18 Years</minimum_age>
    <maximum_age>59 Years</maximum_age>
    <healthy_volunteers>No</healthy_volunteers>
  </eligibility>
  <overall_official>
    <last_name>Ehab L Atallah</last_name>
    <role>Principal Investigator</role>
    <affiliation>ECOG-ACRIN Cancer Research Group</affiliation>
  </overall_official>
  <verification_date>December 2023</verification_date>
  <study_first_submitted>September 23, 2022</study_first_submitted>
  <study_first_submitted_qc>September 23, 2022</study_first_submitted_qc>
  <study_first_posted type="Actual">September 26, 2022</study_first_posted>
  <last_update_submitted>December 14, 2023</last_update_submitted>
  <last_update_submitted_qc>December 14, 2023</last_update_submitted_qc>
  <last_update_posted type="Actual">December 15, 2023</last_update_posted>
  <responsible_party>
    <responsible_party_type>Sponsor</responsible_party_type>
  </responsible_party>
  <condition_browse>
    <!-- CAUTION:  The following MeSH terms are assigned with an imperfect algorithm            -->
    <mesh_term>Leukemia</mesh_term>
    <mesh_term>Leukemia, Myeloid</mesh_term>
    <mesh_term>Leukemia, Myeloid, Acute</mesh_term>
    <mesh_term>Myelodysplastic Syndromes</mesh_term>
    <mesh_term>Myeloproliferative Disorders</mesh_term>
  </condition_browse>
  <intervention_browse>
    <!-- CAUTION:  The following MeSH terms are assigned with an imperfect algorithm            -->
    <mesh_term>Cytarabine</mesh_term>
    <mesh_term>Azacitidine</mesh_term>
    <mesh_term>Daunorubicin</mesh_term>
    <mesh_term>Venetoclax</mesh_term>
  </intervention_browse>
  <patient_data>
    <sharing_ipd>Yes</sharing_ipd>
    <ipd_description>NCI is committed to sharing data in accordance with NIH policy. For more details on how clinical trial data is shared, access the link to the NIH data sharing policy page.</ipd_description>
    <ipd_url>https://grants.nih.gov/policy/sharing.htm</ipd_url>
  </patient_data>
  <!-- Results have not yet been posted for this study                                          -->
</clinical_study>

