<?xml version="1.0" encoding="UTF-8"?>
<clinical_study rank="321">
  <!-- This xml conforms to an XML Schema at:
    https://clinicaltrials.gov/ct2/html/images/info/public.xsd -->
  <required_header>
    <download_date>ClinicalTrials.gov processed this data on February 06, 2024</download_date>
    <link_text>Link to the current ClinicalTrials.gov record.</link_text>
    <url>https://clinicaltrials.gov/ct2/show/NCT05456048</url>
  </required_header>
  <id_info>
    <org_study_id>VAH-AML-2022</org_study_id>
    <nct_id>NCT05456048</nct_id>
  </id_info>
  <brief_title>Influence of Molecular Abnormalities on Response of VAH vs. VEN+HMA in RR-AML</brief_title>
  <official_title>Influence of Molecular Abnormalities on Treatment Response of the Regimen of Venetoclax Plus Azacytidine Combined With Homoharringtonine Versus Venetoclax Plus Hypomethylating Agents (HMA) in Relapsed/Refractory Acute Myeloid Leukemia</official_title>
  <sponsors>
    <lead_sponsor>
      <agency>Nanfang Hospital, Southern Medical University</agency>
      <agency_class>Other</agency_class>
    </lead_sponsor>
    <collaborator>
      <agency>Sun Yat-Sen Memorial Hospital of Sun Yat-Sen University</agency>
      <agency_class>Other</agency_class>
    </collaborator>
    <collaborator>
      <agency>Zhongshan People's Hospital, Guangdong, China</agency>
      <agency_class>Other</agency_class>
    </collaborator>
    <collaborator>
      <agency>Shenzhen Hospital of Southern Medical University</agency>
      <agency_class>Other</agency_class>
    </collaborator>
    <collaborator>
      <agency>Peking University Shenzhen Hospital</agency>
      <agency_class>Other</agency_class>
    </collaborator>
    <collaborator>
      <agency>Shenzhen Second People's Hospital</agency>
      <agency_class>Other</agency_class>
    </collaborator>
    <collaborator>
      <agency>The Seventh Affiliated Hospital of Sun Yat-sen University</agency>
      <agency_class>Other</agency_class>
    </collaborator>
    <collaborator>
      <agency>Southern Medical University, China</agency>
      <agency_class>Other</agency_class>
    </collaborator>
    <collaborator>
      <agency>First People's Hospital of Chenzhou</agency>
      <agency_class>Other</agency_class>
    </collaborator>
    <collaborator>
      <agency>First Affiliated Hospital of Guangxi Medical University</agency>
      <agency_class>Other</agency_class>
    </collaborator>
  </sponsors>
  <source>Nanfang Hospital, Southern Medical University</source>
  <oversight_info>
    <has_dmc>No</has_dmc>
    <is_fda_regulated_drug>No</is_fda_regulated_drug>
    <is_fda_regulated_device>No</is_fda_regulated_device>
  </oversight_info>
  <brief_summary>
    <textblock>
      The aim of this study is to reveal the influence of gene mutations on the treatment response&#xD;
      of the regimen of HHT combined with Venetoclax plus AZA versus venetoclax plus HMA in the&#xD;
      salvage therapy of RR-AML.&#xD;
    </textblock>
  </brief_summary>
  <detailed_description>
    <textblock>
      Venetoclax-based regimens have heen used in the salvage therapy of relapsed/resfractory (RR)&#xD;
      acute myeloid leukemia (AML). More and more studies have shown that molecular abnormalities&#xD;
      and venetoclax combined regimens significantly impact the response of venetoclax-based&#xD;
      therapy. Our exploratory study revealed that venetoclax plus azacytidine combined with&#xD;
      homoharringtonine (VAH) had remarkably higher response than venetoclax plus hypomethylating&#xD;
      agents (HMA) in RR-AML. Yet the influence of molecular abnormalities on the response of VAH&#xD;
      regimen remains unknown.&#xD;
    </textblock>
  </detailed_description>
  <overall_status>Completed</overall_status>
  <start_date type="Actual">December 3, 2018</start_date>
  <completion_date type="Actual">May 31, 2022</completion_date>
  <primary_completion_date type="Actual">May 31, 2022</primary_completion_date>
  <study_type>Observational</study_type>
  <has_expanded_access>No</has_expanded_access>
  <study_design_info>
    <observational_model>Cohort</observational_model>
    <time_perspective>Retrospective</time_perspective>
  </study_design_info>
  <primary_outcome>
    <measure>CR/CRi</measure>
    <time_frame>At the end of Cycle 2 (each cycle is 28 days)</time_frame>
    <description>Complete remission and CR with incomplete count recovery</description>
  </primary_outcome>
  <secondary_outcome>
    <measure>MRD negative</measure>
    <time_frame>At the end of Cycle 2 (each cycle is 28 days)</time_frame>
    <description>MRD was detected with FCM and defined negative as a ratio &lt; 0.1%</description>
  </secondary_outcome>
  <secondary_outcome>
    <measure>Overall response</measure>
    <time_frame>At the end of Cycle 2 (each cycle is 28 days)</time_frame>
    <description>Overall response included CR/CRi, MLFS and PR.</description>
  </secondary_outcome>
  <secondary_outcome>
    <measure>Overall survival</measure>
    <time_frame>2 years</time_frame>
    <description>The time from enrolling to death or the last follow up</description>
  </secondary_outcome>
  <secondary_outcome>
    <measure>Event-free survival</measure>
    <time_frame>2 years</time_frame>
    <description>The time from enrolling to no response, relapse, death or the last follow up</description>
  </secondary_outcome>
  <number_of_groups>2</number_of_groups>
  <enrollment type="Actual">231</enrollment>
  <condition>Relapsed Acute Myeloid Leukemia</condition>
  <condition>Refractory Acute Myeloid Leukemia</condition>
  <condition>Gene Abnormality</condition>
  <condition>Cytogenetic Abnormality</condition>
  <arm_group>
    <arm_group_label>VAH group</arm_group_label>
    <description>Patients assigned to this group received one to two cycles of VAH regimen as salvage therapy of RR-AML.</description>
  </arm_group>
  <arm_group>
    <arm_group_label>VEN+HMA group</arm_group_label>
    <description>Patients assigned to this group received one to two cycles of venetoclax plus HMA regimen as salvage therapy of RR-AML.</description>
  </arm_group>
  <intervention>
    <intervention_type>Drug</intervention_type>
    <intervention_name>VAH regimen</intervention_name>
    <description>VEN was prescribed as 100mg day 1, 200mg day 2, 400mg day 3-14; AZA was used at the dose of 75 mg/m2, day 1-7; HHT was given at a dose of 1mg/m2, day 1-7. The dose of VEN was reduced to 100mg/d if co-administered with posaconazole or voriconazole.</description>
    <arm_group_label>VAH group</arm_group_label>
  </intervention>
  <intervention>
    <intervention_type>Drug</intervention_type>
    <intervention_name>VEN+HMA regimen</intervention_name>
    <description>VEN was prescribed as 100mg day 1, 200mg day 2, 400mg day 3-28; AZA was used at the dose of 75 mg/m2, day 1-7 or DEC 20mg/m2 day 1-5. The dose of VEN was reduced to 100mg/d if co-administered with posaconazole or voriconazole.</description>
    <arm_group_label>VEN+HMA group</arm_group_label>
  </intervention>
  <biospec_retention>Samples With DNA</biospec_retention>
  <biospec_descr>
    <textblock>
      Bone marrow and/or peripheral blood were taken from participants upon enrollment for&#xD;
      diagnosis and detection of gene mutations and co-mutations via PCR, direct sequencing and /or&#xD;
      next generation sequencing.&#xD;
    </textblock>
  </biospec_descr>
  <eligibility>
    <study_pop>
      <textblock>
        Cases included in this study were from 3 previous studies of our study group, including 1&#xD;
        exploratory and 2 prospective studies.&#xD;
      </textblock>
    </study_pop>
    <sampling_method>Non-Probability Sample</sampling_method>
    <criteria>
      <textblock>
        Inclusion Criteria:&#xD;
&#xD;
          1. RR-AML&#xD;
&#xD;
          2. Patients must have been treated for at least one cycle of VEN-based regimen and&#xD;
             finished outcome assessment.&#xD;
&#xD;
        Exclusion Criteria:&#xD;
&#xD;
          1. Acute promyelocytic leukemia (AML subtype M3)&#xD;
&#xD;
          2. Previous exposure to the treatment of VEN-based regimen&#xD;
&#xD;
          3. Cardiac dysfunction (particularly congestive heart failure, unstable coronary artery&#xD;
             disease and serious cardiac ventricular arrhythmias requiring antiarrhythmic therapy)&#xD;
&#xD;
          4. Respiratory failure (PaO2 ≤60mmHg)&#xD;
&#xD;
          5. Hepatic abnormalities (total bilirubin ≥2 times the upper limit of normal [ULN],&#xD;
             alanine aminotransferase (ALT) or aspartate aminotransferase (AST) ≥2 times the ULN)&#xD;
&#xD;
          6. Renal dysfunction (creatinine ≥2 times the ULN or creatinine clearance rate &lt; 30&#xD;
             mL/min)&#xD;
&#xD;
          7. ECOG performance status 3, 4 or 5&#xD;
&#xD;
          8. Substantial history of neurological, psychiatric, endocrine, metabolic, immunological,&#xD;
             or any other medical condition not suitable for the trial (investigators' decision)&#xD;
&#xD;
          9. Active acute or chronic graft-versus-host disease (GVHD). Active acute GVHD or chronic&#xD;
             GVHD is defined as GVHD requiring either at least 1 mg/kg per day of prednisone (or&#xD;
             equivalent) or treatment beyond systemic corticosteroids.&#xD;
&#xD;
         10. Patients with pregnancy&#xD;
&#xD;
         11. Uncontrolled active infection&#xD;
&#xD;
         12. Clinically significant coagulation abnormalities&#xD;
      </textblock>
    </criteria>
    <gender>All</gender>
    <minimum_age>18 Years</minimum_age>
    <maximum_age>65 Years</maximum_age>
    <healthy_volunteers>No</healthy_volunteers>
  </eligibility>
  <overall_official>
    <last_name>Liu Qifa, MD</last_name>
    <role>Principal Investigator</role>
    <affiliation>Nanfang Hospital, Southern Medical University</affiliation>
  </overall_official>
  <location>
    <facility>
      <name>Department of Hematology,Nanfang Hospital, Southern Medical University</name>
      <address>
        <city>Guangzhou</city>
        <state>Guangdong</state>
        <zip>510515</zip>
        <country>China</country>
      </address>
    </facility>
  </location>
  <location_countries>
    <country>China</country>
  </location_countries>
  <verification_date>July 2022</verification_date>
  <study_first_submitted>July 3, 2022</study_first_submitted>
  <study_first_submitted_qc>July 8, 2022</study_first_submitted_qc>
  <study_first_posted type="Actual">July 13, 2022</study_first_posted>
  <last_update_submitted>July 8, 2022</last_update_submitted>
  <last_update_submitted_qc>July 8, 2022</last_update_submitted_qc>
  <last_update_posted type="Actual">July 13, 2022</last_update_posted>
  <responsible_party>
    <responsible_party_type>Principal Investigator</responsible_party_type>
    <investigator_affiliation>Nanfang Hospital, Southern Medical University</investigator_affiliation>
    <investigator_full_name>Qifa Liu</investigator_full_name>
    <investigator_title>Professor</investigator_title>
  </responsible_party>
  <keyword>Acute myeloid leukemia</keyword>
  <keyword>Relapsed/refractory</keyword>
  <keyword>Gene mutation</keyword>
  <keyword>Venetoclax</keyword>
  <keyword>Homoharringtonine</keyword>
  <condition_browse>
    <!-- CAUTION:  The following MeSH terms are assigned with an imperfect algorithm            -->
    <mesh_term>Leukemia</mesh_term>
    <mesh_term>Leukemia, Myeloid</mesh_term>
    <mesh_term>Leukemia, Myeloid, Acute</mesh_term>
    <mesh_term>Congenital Abnormalities</mesh_term>
    <mesh_term>Chromosome Disorders</mesh_term>
    <mesh_term>Chromosome Aberrations</mesh_term>
  </condition_browse>
  <!-- Results have not yet been posted for this study                                          -->
</clinical_study>

