<?xml version="1.0" encoding="UTF-8"?>
<clinical_study rank="219">
  <!-- This xml conforms to an XML Schema at:
    https://clinicaltrials.gov/ct2/html/images/info/public.xsd -->
  <required_header>
    <download_date>ClinicalTrials.gov processed this data on February 06, 2024</download_date>
    <link_text>Link to the current ClinicalTrials.gov record.</link_text>
    <url>https://clinicaltrials.gov/ct2/show/NCT04476199</url>
  </required_header>
  <id_info>
    <org_study_id>GITMO-VEN-DEC</org_study_id>
    <nct_id>NCT04476199</nct_id>
  </id_info>
  <brief_title>Venetoclax and Decitabine Assessment in Patients (≥60 - &lt;75 Years) With Newly Diagnosed AML Eligible for Allo-SCT</brief_title>
  <official_title>Phase II Study on Venetoclax (VEN) Plus Decitabine (DEC) (VEN-DEC) for Elderly (≥60 &lt;75years) Patients With Newly Diagnosed Acute Myeloid Leukemia (AML) Elegible for Allogeneic Stem Cell Transplantation (Allo-SCT)</official_title>
  <sponsors>
    <lead_sponsor>
      <agency>Gruppo Italiano Trapianto di Midollo Osseo</agency>
      <agency_class>Other</agency_class>
    </lead_sponsor>
  </sponsors>
  <source>Gruppo Italiano Trapianto di Midollo Osseo</source>
  <oversight_info>
    <has_dmc>Yes</has_dmc>
    <is_fda_regulated_drug>No</is_fda_regulated_drug>
    <is_fda_regulated_device>No</is_fda_regulated_device>
  </oversight_info>
  <brief_summary>
    <textblock>
      This trial is a no profit, prospective, phase II, multicentre, non-randomised, uncontrolled,&#xD;
      single group assignment, open label study to evaluate the safety and efficacy of the&#xD;
      &quot;chemo-free&quot; combination Venetoclax plus Decitabine (VEN-DEC) as &quot;bridge&quot; to allo-SCT in&#xD;
      elderly (≥ 60 - &lt; 75 years) AML patients. The primary objective is to evaluate the proportion&#xD;
      of elderly (≥60 - &lt;75 years) patients with newly diagnosed AML, eligible for allo-SCT,&#xD;
      treated with the &quot;chemo-free&quot; combination Venetoclax plus Decitabine (VEN-DEC) who get&#xD;
      allo-SCT in CR/Cri/MLFS.&#xD;
    </textblock>
  </brief_summary>
  <detailed_description>
    <textblock>
      This trial is a no profit, prospective, phase II, multicentre, non-randomised, uncontrolled,&#xD;
      single group assignment, open label study to evaluate the proportion of elderly (≥60 - &lt;75&#xD;
      years) patients with newly diagnosed AML, eligible for allo-SCT, treated with the&#xD;
      &quot;chemo-free&quot; combination Venetoclax plus Decitabine (VEN-DEC) who get allo-SCT in&#xD;
      CR/CRi/MLFS, organized under the auspices of the Gruppo Italiano TRapianti di Midollo Osseo&#xD;
      (GITMO) that involves the prinicipla centres active in transplantation of any kind of stem&#xD;
      cells in Italy. The target for this study is 100 patients.&#xD;
&#xD;
      Biologic characterization of AML will be performed at each participating Center by flow&#xD;
      cytometry, cytogenetics and RT-qPCR on target genes (FLT3, NPM1A, WT1,) at disease onset. MRD&#xD;
      monitoring will be performed at each participating Center by flow cytometry, cytogenetics and&#xD;
      RT-qPCR (routine assessment) at the time of CR/CRi/MLFS before allo-SCT and during follow up&#xD;
      (at least 4 timepoints: +100 days, +180 days, +1 year and +2 years from allo-SCT).&#xD;
&#xD;
      Genomic analysis by NGS gene-panel (Sophia Genetics) exploring the mutational status of the&#xD;
      genes involved in of AML will be centralized in Brescia Laboratory at the enrollment into the&#xD;
      study (diagnosis) and at the time of no response (PR/NR), before allo-SCT in patients in&#xD;
      CR/CRi/MLFS and in case of relapse, at any time.&#xD;
&#xD;
      Primary Objectives To evaluate the proportion of elderly (≥60 - &lt;75 years) patients with&#xD;
      newly diagnosed AML eligible for allo-SCT treated with the &quot;chemo-free&quot; combination&#xD;
      Venetoclax plus Decitabine (VEN-DEC) who get allo-SCT in CR/CRi/MLFS.&#xD;
&#xD;
      Secondary Objectives&#xD;
&#xD;
        -  Incidence and severity of adverse drug reactions (ADR) classified by System Organ Class&#xD;
           (SOC) and preferred term (PT) from start treatment with Ventoclax and Decitabine to&#xD;
           allo-SCT&#xD;
&#xD;
        -  Efficacy of VEN-DEC combination&#xD;
&#xD;
        -  Evaluation of the outcome of allo-SCT in term of:1) Incidence of graft failure at day&#xD;
           +30, +100 from allo-SCT2) Incidence of Non-Relapse Mortality (NRM) at day +100, 1 year&#xD;
           and 2 years from allo-SCT3) Incidence and severity of acute GVHD at day +100 from&#xD;
           allo-SCT4) Incidence and severity of chronic GVHD at 1 year and 2 years from allo-SCT5)&#xD;
           Probability of GRFS (GVHD free, relapse free survival) at 1 and 2 years from allo-SCT&#xD;
&#xD;
        -  Relapse incidence (RI) at 1 year and 2 years from allo-SCT&#xD;
&#xD;
        -  Disease-free survival (DFS) at 1 and 2 years from allo-SCT&#xD;
&#xD;
        -  Overall Survival (OS) at 1 and 2 years from allo-SCT&#xD;
&#xD;
        -  Correlation of immunophenothype, cytogenetic, molecular and NGS-genomic profiles with&#xD;
           sensitivity (CR - CRi - MLFS) or resistance (PR/NR) to &quot;chemo-free&quot; combination&#xD;
           Venetoclax plus Decitabine (VEN-DEC)&#xD;
&#xD;
        -  Correlation of immunophenothype, cytogenetic, molecular and NGS-genomic profiles with&#xD;
           the outcome of allo-SCT in terms of NRM, probability of RI, DFS, OS.&#xD;
&#xD;
      This study has 2 endpoints&#xD;
&#xD;
      Primary Endpoint Proportion of elderly (≥60 - &lt;75 years) patients with newly diagnosed AML&#xD;
      eligible for allo-SCT treated with the &quot;chemo-free&quot; combination Venetoclax plus Decitabine&#xD;
      (VEN-DEC) who get allo-SCT in CR/CRi/MLFS.&#xD;
&#xD;
      Secondary Endpoints&#xD;
&#xD;
        -  Efficacy of VEN-DEC combination&#xD;
&#xD;
        -  Cumulative incidence of graft failure at +30 days, +100 days from transplant&#xD;
&#xD;
        -  Outcome of allo-SCT in term of NRM at day +100, 1 year and 2 years from allo-SCT&#xD;
&#xD;
        -  Cumulative incidence and severity of acute GvHD at 100 days after transplant&#xD;
&#xD;
        -  Cumulative incidence and severity of chronic GvHD at 1 and 2 years post transplant&#xD;
&#xD;
        -  RI at 1 and 2 year after transplantation from days of transplant.&#xD;
&#xD;
        -  OS at 1 and 2 years post transplant&#xD;
&#xD;
        -  DFS at 1 and 2 years post transplant&#xD;
&#xD;
        -  1 and 2 year probability of GRFS&#xD;
&#xD;
        -  Correlation of immunophenothype, cytogenetic, molecular and NGS-genomic profiles with&#xD;
           sensitivity (CR - CRi - MLFS) or resistance (PR-NR) to &quot;chemo-free&quot; combination&#xD;
           Venetoclax plus Decitabine (VEN-DEC)&#xD;
&#xD;
        -  Correlation of immunophenothype, cytogenetic, molecular and NGS-genomic profiles with&#xD;
           the outcomes of allo-SCT: NRM, RI, DFS, OS.&#xD;
&#xD;
      Biologic characterization of AML will be performed at each participating Center by flow&#xD;
      cytometry, cytogenetics and RT-qPCR on target genes (FLT3, NPM1A, WT1,…) at disease onset.&#xD;
      MRD monitoring will be performed at each participating Center by flow cytometry, cytogenetics&#xD;
      and RT-qPCR (routine assessment) at the time of CR/CRi/MLFS, before allo-SCT and during&#xD;
      follow up (at least 4 timepoints: +100 days, +180 days, +1 year and +2 years from&#xD;
      allo-SCT).Genomic analysis by NGS gene-panel (Sophia Genetics) exploring the mutational&#xD;
      status of the genes involved in of AML will be centralized in Brescia Laboratory at the&#xD;
      enrollment into the study (diagnosis) and at the time of no response (PR/NR), before allo-SCT&#xD;
      in patients in CR/CRi/MLFS and in case of relapse, at any time.&#xD;
&#xD;
      Venetoclax will be given with a 3-day ramp up beginning with 100 mg dose on Day 1 to reach&#xD;
      the final dose of 400 mg on Day 3 of Cycle 1. Venetoclax will be continued at 400 mg daily.&#xD;
      Tumor lysis prophylaxis will be administered from day -4, cycle 1 (oral uric acid reducing&#xD;
      agent and hydration with at least 1.5 L/day).&#xD;
&#xD;
      Decitabine will be administered at the dose of 20 mg/sqm intravenously from day 1 to day 5&#xD;
      every 28 days (VEN-DEC) for 2 cycles. The response will be assessed after the 2nd Cycle&#xD;
      VEN-DEC according to ELN criteria. In case of CR/CRi/MLFS, patients will undergo allo-SCT&#xD;
      within 2 months. A maximum of two additional VEN-DEC cycles is permitted while waiting for&#xD;
      allo-SCT. In case of NR or PR after the 2nd Cycle VEN-DEC, two additional cycles of VEN-DEC&#xD;
      will be administered and patients achieving CR/CRi/MLFS will undergo allo-SCT as soon as&#xD;
      possible (within 2 months). Patients with NR or PR will be treated according to single center&#xD;
      policy, including also allo-SCT.&#xD;
&#xD;
      Patients achieving Morphologic Leukemia-free State (MLFS) will be considered responsive&#xD;
      patients, since the percentage of BM blast cells is &lt; 5%. These patients may undergo allo-SCT&#xD;
      after 2 - 4 cycles of VEN-DEC.Granulocyte colony stimulating factor (G-CSF) will be allowed&#xD;
      during VEN-DEC in case of febrile neutropenia. Whenever clinically indicated, G-CSF use has&#xD;
      to be notified tin the CRF.&#xD;
&#xD;
      Population for analysis The population for analysis in this trial will be the Intent to Treat&#xD;
      (ITT) population. All patients who have received at least one therapeutic dose of study&#xD;
      medications will be included in the ITT analysis.&#xD;
&#xD;
      Sample size calculation The study is designed as a Simon optimal two-Stage Phase II clinical&#xD;
      trial, including a planned futility check: after enrollment of the first 30 patients the&#xD;
      Investigator will pause for the futility check is at that time point the target 4 patients&#xD;
      will not yet be admitted to allo-SCT. Based on the current literature, less than 10% of&#xD;
      elderly (&gt;60 &lt;75 years) AML patients can be submitted to allo-SCT, due to no-response to&#xD;
      induction conventional chemotherapy (NR or PR) and /or to treatment toxicity. Therefore, to&#xD;
      test the null hypothesis (conventional chemotherapy) that p ≤0.10 versus the alternative&#xD;
      (VEN-DEC) that p ≥0.20, the expected sample size is 89 patients, with a probability of early&#xD;
      termination of 0.647, when true proportion is 0.1. Alpha error is 0.0478 and beta value&#xD;
      0.1982. If there are 3 or fewer patients submitted to allo-SCT in the first 30 enrolled&#xD;
      patients, the trial will be terminated for futility. Otherwise, considering an overall 12% of&#xD;
      drop-out rate, 70 additional patients will be accrued for a total of 100 patients: in the&#xD;
      second stage 70 patients will only be enrolled if at least 4 patients of the first stage&#xD;
      undergo allo-SCT. The null hypothesis will be rejected if 14 of more patients treated with&#xD;
      VEN-DEC will be submitted to allo-SCT in CR/CRi/MLFS.&#xD;
&#xD;
      The study is considered completed when the 100th patient will be enrolled. It is planned to&#xD;
      complete the total enrollment (100 patients) in 18 months, starting from the first patient&#xD;
      enrolled.&#xD;
&#xD;
      The follow-up according to the protocol is 2 years for each patient from the day of&#xD;
      enrollment. In the transplanted patients the pre-transplant period will be followed by 2&#xD;
      years post-transplant follow-up&#xD;
&#xD;
      The study will be performed in 4 years from the first patient enrolled according to the&#xD;
      following times:&#xD;
&#xD;
      18 moths for enrollment (from the first patient) and for database completion and cleaning 24&#xD;
      months of follow up. In the transplanted patients the pre-transplant period will be followed&#xD;
      by 2 years post-transplant follow-up 6 months for statistical analysis, drafting of the final&#xD;
      report and paper.&#xD;
&#xD;
      The study will be conducted in accordance with the ethical principles derived from the&#xD;
      Declaration of Helsinki, the CGP and regulations.&#xD;
&#xD;
      Before starting the study, the protocol will be sent to the Ethics Committee, in accordance&#xD;
      with the current legislation on interventional study.&#xD;
&#xD;
      The protocol has been written and the study will be conducted according to the International&#xD;
      Council for Harmonisation of Technical Requirements for Pharmaceuticals for Human Use&#xD;
      Harmonized tripartite Guideline for GCP, issued by European Union. IRB approval must be&#xD;
      obtained prior to the starting of the trial. ICF must be submitted to appropriate authority&#xD;
      or IRB together with clinical protocol for written approval.&#xD;
    </textblock>
  </detailed_description>
  <overall_status>Completed</overall_status>
  <start_date type="Actual">December 9, 2019</start_date>
  <completion_date type="Actual">December 30, 2022</completion_date>
  <primary_completion_date type="Actual">December 30, 2022</primary_completion_date>
  <phase>Phase 2</phase>
  <study_type>Interventional</study_type>
  <has_expanded_access>No</has_expanded_access>
  <study_design_info>
    <allocation>N/A</allocation>
    <intervention_model>Single Group Assignment</intervention_model>
    <intervention_model_description>These patients may undergo allo-SCT after 2 - 4 cycles of VEN-DEC</intervention_model_description>
    <primary_purpose>Treatment</primary_purpose>
    <masking>None (Open Label)</masking>
  </study_design_info>
  <primary_outcome>
    <measure>Response to VEN-DEC chemo-free combination (ELN Guidelines)</measure>
    <time_frame>At the end of cycle 2 (each cycle is 28 days)</time_frame>
    <description>response to VEN-DEC induction will be assessed on bone marrow according to the ELN Guidelines (13), as following: - CR without minimal residual disease (CR-MRD neg); (Complete Remission ) bone marrow blasts 5%) - CR remission with incomplete hematologic recovery (CRi): Morphologic Leukemia-free State (MLFS) Partial Remission (PR): All hematologic criteria of CR; decrease of bone marrow blast percentage to 5% to 25%; and decrease of pretreatment bone marrow blast percentage by at least 50%; - Primary refractory disease/Non response (NR): No CR or CRi after 2 courses of VEN-DEC; excluding patients with death in aplasia or death due to indeterminate cause;</description>
  </primary_outcome>
  <primary_outcome>
    <measure>Allo-SCT</measure>
    <time_frame>18 months from 1st enrolled patient</time_frame>
    <description>Proportion of patients who undergo to allo-SCT in first CR/CRi/MLFS</description>
  </primary_outcome>
  <primary_outcome>
    <measure>Allo-SCT Engraftment</measure>
    <time_frame>up to 24 weeks</time_frame>
    <description>Percentage of patients with Neutrophil engraftment and percentage of patients with platelet engraftment</description>
  </primary_outcome>
  <primary_outcome>
    <measure>Overall Survival (OS)</measure>
    <time_frame>at 2 year post transplant</time_frame>
    <description>at 2 year post transplant. OS is defined as the time from transplant to the date of death due to any cause or to the last date the patient was known to be alive (censored observation) or to the date of the data cut-off for final analysis</description>
  </primary_outcome>
  <primary_outcome>
    <measure>Cumulative incidence of Non-Relapse Mortality</measure>
    <time_frame>at 100 days</time_frame>
    <description>NRM is defined as death due to any other cause than progression of malignancy after allogeneic stem cell transplantation. Cumulative incidence will be estimated at 100 days</description>
  </primary_outcome>
  <primary_outcome>
    <measure>Cumulative incidence of Non-Relapse Mortality</measure>
    <time_frame>at 180 days</time_frame>
    <description>NRM is defined as death due to any other cause than progression of malignancy after allogeneic stem cell transplantation. Cumulative incidence will be estimated at 180 days</description>
  </primary_outcome>
  <primary_outcome>
    <measure>Cumulative incidence of Non-Relapse Mortality</measure>
    <time_frame>at 365 days</time_frame>
    <description>NRM is defined as death due to any other cause than progression of malignancy after allogeneic stem cell transplantation. Cumulative incidence will be estimated at 365 days</description>
  </primary_outcome>
  <number_of_arms>1</number_of_arms>
  <enrollment type="Actual">100</enrollment>
  <condition>Acute Myeloid Leukemia</condition>
  <arm_group>
    <arm_group_label>Treatment with VEN-DEC</arm_group_label>
    <arm_group_type>Experimental</arm_group_type>
    <description>Venetoclax will be given with a 3-day ramp up beginning with 100 mg dose on Day 1, with 200mg on Day 2, to reach the final dose of 400 mg on Day 3 of Cycle 1. Venetoclax will be continued at 400 mg daily. Tumor lysis prophylaxis will be administered from day -4, cycle 1 (oral uric acid reducing agent and hydration with at least 1.5 L/day).Decitabine will be administered at the dose of 20 mg/sqm intravenously from day 1 to day 5 every 28 days (VEN-DEC) for 2 cycles.</description>
  </arm_group>
  <intervention>
    <intervention_type>Combination Product</intervention_type>
    <intervention_name>Venetoclax and Decitabine</intervention_name>
    <description>The prognosis of acute myeloid leukemia (AML) patients aged over 60 years is poor and allogeneic stem cell transplantation (allo-SCT) is the only curative option.The association VEN-DEC is a promising combination therapy for AML elderly patients who are fit and eligible for allo-SCT.</description>
    <arm_group_label>Treatment with VEN-DEC</arm_group_label>
  </intervention>
  <eligibility>
    <criteria>
      <textblock>
        Inclusion Criteria:&#xD;
&#xD;
          -  • Patients &gt;60 &lt;75 years of age&#xD;
&#xD;
               -  Diagnosis of AML eligible for allo-SCT from any donor&#xD;
&#xD;
               -  High- and Intermediate-Risk ELN&#xD;
&#xD;
               -  WBC &lt;25x109/L (Hydroxyurea is permitted to meet this criterion)&#xD;
&#xD;
               -  adequate hepatic function (bilirubin ≤2 UNL; ALT/AST ≤2,5 UNL)&#xD;
&#xD;
               -  adequate renal function (creatinine clearance ≥50 ml/min)&#xD;
&#xD;
               -  ECOG Performance Status &lt; 2&#xD;
&#xD;
               -  Males enrolled in the study with partners who are women of childbearing&#xD;
                  potential, must be willing to use an acceptable barrier contraceptive method&#xD;
                  during the trial.&#xD;
&#xD;
               -  Women of childbearing potential must use highly effective contraception for at&#xD;
                  least 1 month after the last dose of VEN and for however long the EU SmPC says&#xD;
                  for DEC&#xD;
&#xD;
               -  Willing and able to comply with all of the requirements and visits in the&#xD;
                  protocol.&#xD;
&#xD;
               -  Written and signed informed consent.&#xD;
&#xD;
        Exclusion Criteria:&#xD;
&#xD;
          -  • Previous treatment for AML (Hydroxyurea is allowed) or for an antecedent&#xD;
             Myelodysplastic Syndrome (MDS).&#xD;
&#xD;
               -  Absence of informed consent&#xD;
&#xD;
               -  AML patients with t(15;17); t(8;21); inv(16)&#xD;
&#xD;
               -  Subject has known active CNS involvement with AML.&#xD;
&#xD;
               -  Low Risk ELN&#xD;
&#xD;
               -  grade &gt;2 NCI-CTCAE (v. 5) adverse events at the time of enrollment&#xD;
&#xD;
               -  Serious organ dysfunction: left ventricular ejection fraction &lt; 40%, FEV1, FVC,&#xD;
                  DLCO (diffusion capacity) &lt;40% of predicted, LFT &gt; 5 times the upper limit of&#xD;
                  normal, or creatinine clearance &lt; 40 ml/min.&#xD;
&#xD;
               -  The evidence of HBV or HCV active infection (HBV DNA HCV RNA positive test).&#xD;
&#xD;
               -  Patients with HIV infection&#xD;
&#xD;
               -  Current uncontrolled infections&#xD;
&#xD;
               -  Patients with other life-threatening concurrent disease&#xD;
&#xD;
               -  Subjects with known hypersensitivity to any of the component medication&#xD;
&#xD;
               -  Subject has a history of other malignancies within 2 years prior to study entry,&#xD;
                  with the exception of:&#xD;
&#xD;
          -  Adequately treated in situ carcinoma of the cervix uteri or carcinoma in situ of&#xD;
             breast;&#xD;
&#xD;
          -  Basal cell carcinoma of the skin or localized squamous cell carcinoma of the skin;&#xD;
&#xD;
          -  Previous malignancy confined and surgically resected (or treated with other&#xD;
             modalities) with curative intent. • Participation in another clinical trial within 1&#xD;
             month before the start of this trial&#xD;
      </textblock>
    </criteria>
    <gender>All</gender>
    <minimum_age>60 Years</minimum_age>
    <maximum_age>75 Years</maximum_age>
    <healthy_volunteers>No</healthy_volunteers>
  </eligibility>
  <overall_official>
    <last_name>Domenico Russo, MD</last_name>
    <role>Principal Investigator</role>
    <affiliation>Spedali Civili Brescia</affiliation>
  </overall_official>
  <location>
    <facility>
      <name>Unità Terapia Intensiva Ematologica e terapia cellulari - casa della sofferenza</name>
      <address>
        <city>San Giovanni Rotondo</city>
        <state>Foggia</state>
        <zip>71100</zip>
        <country>Italy</country>
      </address>
    </facility>
  </location>
  <location>
    <facility>
      <name>UO Ematologia e TMO - Ospedale C. Panico</name>
      <address>
        <city>Tricase</city>
        <state>Lecce</state>
        <country>Italy</country>
      </address>
    </facility>
  </location>
  <location>
    <facility>
      <name>Clinica di Ematologia. AOU Ospedali Riuniti di Ancona</name>
      <address>
        <city>Ancona</city>
        <country>Italy</country>
      </address>
    </facility>
  </location>
  <location>
    <facility>
      <name>UOC di Ematologia, Ospedale C e G Mazzoni</name>
      <address>
        <city>Ascoli Piceno</city>
        <country>Italy</country>
      </address>
    </facility>
  </location>
  <location>
    <facility>
      <name>U.O. Ematologia con Trapianto, Policlinico di Bari</name>
      <address>
        <city>Bari</city>
        <country>Italy</country>
      </address>
    </facility>
  </location>
  <location>
    <facility>
      <name>Ospedale Seragnoli Malpighi</name>
      <address>
        <city>Bologna</city>
        <country>Italy</country>
      </address>
    </facility>
  </location>
  <location>
    <facility>
      <name>USD, Trapianti di Midollo osseo, Azienda Spedali Civili di Brescia</name>
      <address>
        <city>Brescia</city>
        <zip>25100</zip>
        <country>Italy</country>
      </address>
    </facility>
  </location>
  <location>
    <facility>
      <name>Ospedale Policlinico di Catania, TMO</name>
      <address>
        <city>Catania</city>
        <country>Italy</country>
      </address>
    </facility>
  </location>
  <location>
    <facility>
      <name>Struttura Complessa di Ematologia, Azienda Ospedaliera Santa Croce e Carle</name>
      <address>
        <city>Cuneo</city>
        <country>Italy</country>
      </address>
    </facility>
  </location>
  <location>
    <facility>
      <name>Terapie Cellulari e Medicina Trasfusionale, Ospedale Careggi</name>
      <address>
        <city>Firenze</city>
        <country>Italy</country>
      </address>
    </facility>
  </location>
  <location>
    <facility>
      <name>UO Ematologia, Programma Trapianti IRCCS Ospedale Policlinico San Martino, Genova</name>
      <address>
        <city>Genova</city>
        <country>Italy</country>
      </address>
    </facility>
  </location>
  <location>
    <facility>
      <name>Centro Trapianto Fondazione IRCCS Cà Granda - Osp. Maggiore</name>
      <address>
        <city>Milano</city>
        <country>Italy</country>
      </address>
    </facility>
  </location>
  <location>
    <facility>
      <name>Div. di Ematologia e TMO, Istituto Nazionale Tumori</name>
      <address>
        <city>Milano</city>
        <country>Italy</country>
      </address>
    </facility>
  </location>
  <location>
    <facility>
      <name>Div. di Ematologia, Talamona, Osp. Niguarda, Ca-Granda</name>
      <address>
        <city>Milano</city>
        <country>Italy</country>
      </address>
    </facility>
  </location>
  <location>
    <facility>
      <name>Istituto Clinico Humanitas, Oncologia ed Ematologia</name>
      <address>
        <city>Milano</city>
        <country>Italy</country>
      </address>
    </facility>
  </location>
  <location>
    <facility>
      <name>Unità Operativa di Ematologia e Trapianto Midollo Osseo (UTMO), Ospedale San Raffaele di Milano</name>
      <address>
        <city>Milano</city>
        <country>Italy</country>
      </address>
    </facility>
  </location>
  <location>
    <facility>
      <name>Ospedale San Gerardo</name>
      <address>
        <city>Monza</city>
        <zip>20900</zip>
        <country>Italy</country>
      </address>
    </facility>
  </location>
  <location>
    <facility>
      <name>UOSC Ematologia con Trapianto CSE, AORN A. Cardarelli, AORN Cardarelli</name>
      <address>
        <city>Napoli</city>
        <country>Italy</country>
      </address>
    </facility>
  </location>
  <location>
    <facility>
      <name>CTMO Osp. V. Cervello Azienda Ospedaliera Ospedali Riuniti Villa Sofia Cervello</name>
      <address>
        <city>Palermo</city>
        <country>Italy</country>
      </address>
    </facility>
  </location>
  <location>
    <facility>
      <name>Dip.di Ematologia, Osp. Civile di Pescara, Unità di Terapia Intensiva Ematologica per il Trapianto Emopoietico</name>
      <address>
        <city>Pescara</city>
        <country>Italy</country>
      </address>
    </facility>
  </location>
  <location>
    <facility>
      <name>CTMO Centro Unico, Regionale Trapianti di Cellule Staminali e Terapie Cellulari, &quot;A. Neri&quot;, Grande Osp. Bianchi, Melacrino Morelli</name>
      <address>
        <city>Reggio Calabria</city>
        <country>Italy</country>
      </address>
    </facility>
  </location>
  <location>
    <facility>
      <name>Policlinico Tor Vergata</name>
      <address>
        <city>Roma</city>
        <country>Italy</country>
      </address>
    </facility>
  </location>
  <location>
    <facility>
      <name>A.O.U. Citta della Salute e della Scienza</name>
      <address>
        <city>Torino</city>
        <country>Italy</country>
      </address>
    </facility>
  </location>
  <location>
    <facility>
      <name>UOC di Ematologia, Osp. dell'Angelo</name>
      <address>
        <city>Venezia</city>
        <country>Italy</country>
      </address>
    </facility>
  </location>
  <location>
    <facility>
      <name>Div. di Ematologia - Unità di TMO e Oncoematologia Pediatrica Policlinico GB Rossi</name>
      <address>
        <city>Verona</city>
        <country>Italy</country>
      </address>
    </facility>
  </location>
  <location_countries>
    <country>Italy</country>
  </location_countries>
  <verification_date>March 2023</verification_date>
  <study_first_submitted>July 2, 2020</study_first_submitted>
  <study_first_submitted_qc>July 14, 2020</study_first_submitted_qc>
  <study_first_posted type="Actual">July 20, 2020</study_first_posted>
  <last_update_submitted>March 9, 2023</last_update_submitted>
  <last_update_submitted_qc>March 9, 2023</last_update_submitted_qc>
  <last_update_posted type="Actual">March 10, 2023</last_update_posted>
  <responsible_party>
    <responsible_party_type>Sponsor</responsible_party_type>
  </responsible_party>
  <keyword>Acute Myeloid Leukemia</keyword>
  <keyword>Allogenic Stem Cell Transplant</keyword>
  <condition_browse>
    <!-- CAUTION:  The following MeSH terms are assigned with an imperfect algorithm            -->
    <mesh_term>Leukemia</mesh_term>
    <mesh_term>Leukemia, Myeloid</mesh_term>
    <mesh_term>Leukemia, Myeloid, Acute</mesh_term>
  </condition_browse>
  <intervention_browse>
    <!-- CAUTION:  The following MeSH terms are assigned with an imperfect algorithm            -->
    <mesh_term>Venetoclax</mesh_term>
    <mesh_term>Decitabine</mesh_term>
  </intervention_browse>
  <!-- Results have not yet been posted for this study                                          -->
</clinical_study>

