<?xml version="1.0" encoding="UTF-8"?>
<clinical_study rank="480">
  <!-- This xml conforms to an XML Schema at:
    https://clinicaltrials.gov/ct2/html/images/info/public.xsd -->
  <required_header>
    <download_date>ClinicalTrials.gov processed this data on February 06, 2024</download_date>
    <link_text>Link to the current ClinicalTrials.gov record.</link_text>
    <url>https://clinicaltrials.gov/ct2/show/NCT04676243</url>
  </required_header>
  <id_info>
    <org_study_id>HeLeNe 20-04</org_study_id>
    <nct_id>NCT04676243</nct_id>
  </id_info>
  <brief_title>Daunorubicin or Idarubicin With Cytarabine Plus Quizartinib vs Physician's Choice in Newly Diagnosed FLT3-ITD+ AML</brief_title>
  <acronym>Q-SOC</acronym>
  <official_title>Randomized Study in Newly Diagnosed AML With FLT3-ITD Comparing Daunorubicin/ Cytarabine or Idarubicin/Cytarabine and Quizartinib to Physician's Choice</official_title>
  <sponsors>
    <lead_sponsor>
      <agency>University Hospital Heidelberg</agency>
      <agency_class>Other</agency_class>
    </lead_sponsor>
    <collaborator>
      <agency>Daiichi Sankyo Europe, GmbH, a Daiichi Sankyo Company</agency>
      <agency_class>Industry</agency_class>
    </collaborator>
  </sponsors>
  <source>University Hospital Heidelberg</source>
  <oversight_info>
    <has_dmc>Yes</has_dmc>
    <is_fda_regulated_drug>No</is_fda_regulated_drug>
    <is_fda_regulated_device>No</is_fda_regulated_device>
  </oversight_info>
  <brief_summary>
    <textblock>
      The orally administered second-generation bis-aryl urea tyrosine kinase inhibitor quizartinib&#xD;
      is very specific for FLT3, has a high capacity for sustained FLT3-inhibition and an&#xD;
      acceptable toxicity profile. Furthermore, single agent quizartinib doubled the response rate&#xD;
      as compared to standard of care in a randomized study in r/r-AML. Combination therapy of&#xD;
      quizartinib with intensive standard induction chemotherapy has been shown to be safe and&#xD;
      moreover, single agent quizartinib maintenance therapy is feasible even after allogeneic HCT.&#xD;
&#xD;
      The efficacy of quizartinib in combination with intensive induction and post-remission&#xD;
      therapy including allogeneic HCT and single agent quizartinib as maintenance therapy is&#xD;
      evaluated by this protocol. This approach is compared in a randomized manner to the current&#xD;
      standard of care.&#xD;
    </textblock>
  </brief_summary>
  <detailed_description>
    <textblock>
      This is a multicenter, upfront randomized phase III trial of patients with FLT3-ITD positive&#xD;
      AML comparing quizartinib in combination with SOC chemotherapy versus treatment according to&#xD;
      physician's choice (PhC). Efficacy is assessed by comparing EFS between the quizartinib and&#xD;
      the PhC arm of the study.&#xD;
&#xD;
      Primary objective To improve modified event-free survival (mEFS) with Quizartinib added to&#xD;
      induction and consolidation therapy followed by single agent maintenance therapy compared to&#xD;
      physician's choice (PhC)&#xD;
&#xD;
      Secondary objectives To improve overall survival (OS) with Quizartinib added to conventional&#xD;
      therapy compared to physician's choice; To improve remission (including CR/CRi/CRh) rate with&#xD;
      Quizartinib added to conventional therapy compared to physician's choice To reduce measurable&#xD;
      residual disease (MRD) with Quizartinib added to conventional therapy compared to physician's&#xD;
      choice after induction (MRDind), consolidation (MRDcons), before allogeneic hematopoietic&#xD;
      cell transplantation (MRDpre-HCT ) and maintenance (MRDmaintenance) therapy Assessment of&#xD;
      patient reported outcomes (PRO) after induction, consolidation and maintenance therapy and&#xD;
      after two years Evaluation of safety based on duration of neutropenia and leukopenia,&#xD;
      incidence of infection, duration of initial hospitalization and number of transfusions (e.g.&#xD;
      packed red blood cells and platelets) Cost-effectiveness analysis of the two different&#xD;
      treatment schedules from health care payer´s perspective.&#xD;
&#xD;
      Budget impact analysis of introducing effective treatment schedule(s) in everyday clinical&#xD;
      practice.&#xD;
    </textblock>
  </detailed_description>
  <overall_status>Withdrawn</overall_status>
  <why_stopped>
    Study turned out no longer feasible&#xD;
  </why_stopped>
  <start_date type="Anticipated">May 2022</start_date>
  <completion_date type="Anticipated">December 2025</completion_date>
  <primary_completion_date type="Anticipated">May 2025</primary_completion_date>
  <phase>Phase 3</phase>
  <study_type>Interventional</study_type>
  <has_expanded_access>No</has_expanded_access>
  <study_design_info>
    <allocation>Randomized</allocation>
    <intervention_model>Parallel Assignment</intervention_model>
    <intervention_model_description>multicenter, randomized phase in patients with FLT3-ITD positive AML comparing quizartinib in combination with SOC chemotherapy versus treatment according to physician's choice (PhC).</intervention_model_description>
    <primary_purpose>Treatment</primary_purpose>
    <masking>None (Open Label)</masking>
  </study_design_info>
  <primary_outcome>
    <measure>Modified Event-free survival (mEFS)</measure>
    <time_frame>through study completion (up to 4 years), from randomization until occurence of event a) b) or c) on individial patients' basis</time_frame>
    <description>mEFS is defined as the time from randomization until one of the following events, whichever occurs first: a) failure to obtain complete remission (CR) or complete remission with incomplete hematological recovery (CRi) or CR with partial recovery of peripheral blood counts (CRh) after induction therapy including one or two induction treatment cycles limited to an observational period of maximally 100 days, b) relapse from CR/CRi/CRh or c) death from any cause.</description>
  </primary_outcome>
  <secondary_outcome>
    <measure>Overall survival (OS)</measure>
    <time_frame>through study completion (up to 4 years), frome randomization until death from any cause</time_frame>
    <description>OS is defined as the time from randomization to time of death from any cause. Patients without event are censored on the last date of follow-up.</description>
  </secondary_outcome>
  <secondary_outcome>
    <measure>Composite remission</measure>
    <time_frame>End of induction therapy, between 4 and 12 weeks</time_frame>
    <description>Composite remission is defined as the proportion of patients experiencing a CR/CRi/CRh after induction therapy.</description>
  </secondary_outcome>
  <secondary_outcome>
    <measure>Measurable residual disease (MRD)</measure>
    <time_frame>End of induction thearpy (28-84 days from randomization), End of consolidation therapy (140-222 days from randomization), End of maintenance therapy (140-1,120 days from randomization)</time_frame>
    <description>MRD after induction (MRDind), consolidation (MRDcons), and maintenance (MRDmaintenance) therapy, MRD is assessed by flow cytometry according to European Leukemia Net recommendations (Döhner et al, Blood 2017;129(4):424-447.)</description>
  </secondary_outcome>
  <number_of_arms>2</number_of_arms>
  <enrollment type="Actual">0</enrollment>
  <condition>Acute Myeloid Leukemia</condition>
  <arm_group>
    <arm_group_label>Quizartinib plus standard of care (SOC)</arm_group_label>
    <arm_group_type>Experimental</arm_group_type>
    <description>Daunorubicin/ Cytarabine or Idarubicin/Cytarabine and Quizartinib</description>
  </arm_group>
  <arm_group>
    <arm_group_label>Physician's choice</arm_group_label>
    <arm_group_type>Active Comparator</arm_group_type>
    <description>Physician's choice (usually Daunorubicin/ Cytarabine or Idarubicin/Cytarabine and Midostaurin)</description>
  </arm_group>
  <intervention>
    <intervention_type>Drug</intervention_type>
    <intervention_name>Quizartinib</intervention_name>
    <description>20 mg coated tablets, orally administered</description>
    <arm_group_label>Quizartinib plus standard of care (SOC)</arm_group_label>
    <other_name>Drug Code:AC220</other_name>
  </intervention>
  <intervention>
    <intervention_type>Drug</intervention_type>
    <intervention_name>Treatment according to Physician's Choice</intervention_name>
    <description>Usually daunorubicin/ cytarabine or idarubicin/Cytarabine plus FLT3 inhibitor (usually midostaurin)</description>
    <arm_group_label>Physician's choice</arm_group_label>
    <other_name>PhC</other_name>
  </intervention>
  <intervention>
    <intervention_type>Drug</intervention_type>
    <intervention_name>Standard of Care Chemotherapy</intervention_name>
    <description>Daunorubicin/ Cytarabine or Idarubicin/Cytarabine</description>
    <arm_group_label>Quizartinib plus standard of care (SOC)</arm_group_label>
    <other_name>SOC</other_name>
  </intervention>
  <eligibility>
    <criteria>
      <textblock>
        Inclusion Criteria&#xD;
&#xD;
          -  Diagnosis of untreated acute myeloid leukemia (AML) according to the WHO 2016&#xD;
             definition&#xD;
&#xD;
          -  Positive for FLT3-ITD (defined as a ratio of mutant to wild-type alleles of at least&#xD;
             0.05; measured within 4 weeks before randomization)&#xD;
&#xD;
          -  No prior chemotherapy for leukemia except hydroxyurea to control hyperleukocytosis&#xD;
             before randomization (≤7 days) *&#xD;
&#xD;
          -  Age ≥18 years, no upper age limit&#xD;
&#xD;
          -  ECOG PS ≤2. (Eastern Cooperative Oncology Group performance status)&#xD;
&#xD;
          -  Adequate renal function defined as creatinine clearance &gt;50 mL/min (calculated using&#xD;
             the standard method of the local institution)&#xD;
&#xD;
          -  Considered eligible to receive intensive chemotherapy as per investigator judgment&#xD;
&#xD;
          -  No contraindications for FLT3-inhibitor therapy&#xD;
&#xD;
          -  No severe organ function abnormalities&#xD;
&#xD;
          -  Not included in other first-line trials&#xD;
&#xD;
          -  Non-pregnant and non-nursing women&#xD;
&#xD;
          -  Women of childbearing potential (WOCBP) must have a negative serum or urine pregnancy&#xD;
             test with a sensitivity of at least 25 mIU/mL within 48 hours prior to randomization.&#xD;
             (&quot;Women of childbearing potential&quot; is defined as a sexually active mature woman who&#xD;
             has not undergone a hysterectomy or who has had menses at any time in the preceding 24&#xD;
             consecutive months).&#xD;
&#xD;
          -  WOCBP must agree to avoid getting pregnant while on therapy: WOCBP must either commit&#xD;
             to continued abstinence from heterosexual intercourse or begin and adhere to one&#xD;
             acceptable method of birth control (IUD, tubal ligation, or partner's vasectomy)&#xD;
             during study and 6 months after end of study/treatment.**&#xD;
&#xD;
          -  Men must use a latex condom during any sexual contact with WOCBP, even if they have&#xD;
             undergone a successful vasectomy and must agree to avoid to father a child during&#xD;
             study and 6 months after end of study/treatment&#xD;
&#xD;
          -  Signed written informed consent&#xD;
&#xD;
          -  Ability of patient to understand character and consequences of the clinical trial&#xD;
&#xD;
          -  Willingness and ability to comply with scheduled visits, treatment plans, laboratory&#xD;
             tests, and other study procedures&#xD;
&#xD;
               -  In case hyperleukocytosis is not controllable with hydroxyurea, treatment with&#xD;
                  e.g. cytarabine should be discussed in Germany with the principal investigator&#xD;
                  and in Spain with the PETHEMA trials office or for patients of both countries&#xD;
                  with the medical coordinator.&#xD;
&#xD;
                    -  A high follicle-stimulating hormone (FSH) level in the postmenopausal range&#xD;
                       may be used to confirm a post-menopausal state in women not using hormonal&#xD;
                       contraception or hormonal replacement therapy at investigator's discretion.&#xD;
&#xD;
        Exclusion Criteria&#xD;
&#xD;
          -  AML with PML-RARA or BCR-ABL1&#xD;
&#xD;
          -  Patients with known active central nervous system (CNS) leukemia (assessed&#xD;
             clinically).&#xD;
&#xD;
          -  Isolated extramedullary manifestation of AML&#xD;
&#xD;
          -  Patients with a &quot;currently active&quot; second malignancy other than non-melanoma skin&#xD;
             cancer. Patients are not considered to have a &quot;currently active&quot; malignancy if they&#xD;
             have completed therapy for more than one year and are considered by their physician to&#xD;
             be at less than 30% risk of relapse within one year.&#xD;
&#xD;
          -  Prior treatment for AML, except for the following allowances:&#xD;
&#xD;
               -  Leukapheresis;&#xD;
&#xD;
               -  Treatment for hyperleukocytosis with hydroxyurea;&#xD;
&#xD;
               -  Cranial radiotherapy for central nervous system (CNS) leukostasis;&#xD;
&#xD;
               -  Prophylactic intrathecal chemotherapy;&#xD;
&#xD;
               -  Growth factor/cytokine support;&#xD;
&#xD;
          -  Uncontrolled or significant cardiovascular disease, including any of the following:&#xD;
&#xD;
               -  History of heart failure NYHA class 3 or 4&#xD;
&#xD;
               -  Left ventricular ejection fraction (LVEF) ≤40% by echocardiogram (ECHO)&#xD;
&#xD;
               -  History of uncontrolled angina pectoris or myocardial infarction within 12 months&#xD;
                  prior to screening&#xD;
&#xD;
               -  History of second (Mobitz II) or third degree heart block or any cardiac&#xD;
                  arrhythmias requiring anti-arrhythmic therapy (beta blockers or digoxin are&#xD;
                  permitted)&#xD;
&#xD;
          -  Inadequate liver function at screening: ALT and AST ≥2.5 x ULN), total bilirubin ≥1.5&#xD;
             x ULN; Alkaline phosphatase ≥2.5 x ULN. Known liver cirrhosis or history of Sinusoidal&#xD;
             Obstruction Syndrome (SOS)&#xD;
&#xD;
          -  Known positivity for HIV, active HBV, HCV or hepatitis A infection (active hepatitis&#xD;
             HBV defined by HBsAg positivity, active HCV defined by positive virus load)&#xD;
&#xD;
          -  Uncontrolled active infection&#xD;
&#xD;
          -  Evidence or history of severe non-leukemia associated bleeding diathesis or&#xD;
             coagulopathy&#xD;
&#xD;
          -  Any one of the following ongoing or present in the previous 6 months: congenital long&#xD;
             QT syndrome, Torsades de Pointes, arrhythmias (including sustained ventricular&#xD;
             tachyarrhythmia), right or left bundle branch block and bifascicular block, unstable&#xD;
             angina, coronary/peripheral artery bypass graft, cerebrovascular accident, transient&#xD;
             ischemic attack or symptomatic pulmonary embolism; as well as bradycardia defined as&#xD;
             &lt;50 bpms&#xD;
&#xD;
          -  QTc interval at screening &gt;450 msec using the Fredericia correction (QTcF).&#xD;
&#xD;
          -  Patients known to be refractory to platelet or packed red cell transfusions as per&#xD;
             institutional guidelines, or who are known to refuse or who are likely to refuse blood&#xD;
             product support.&#xD;
&#xD;
          -  Severe neurologic or psychiatric disorder interfering with ability of giving informed&#xD;
             consent&#xD;
&#xD;
          -  Known or suspected active alcohol or drug abuse&#xD;
&#xD;
          -  No consent for registration, storage and processing of the individual&#xD;
             disease-characteristics and course as well as informing the family physician about&#xD;
             study participation.&#xD;
&#xD;
          -  Pregnancy and lactation&#xD;
&#xD;
          -  History of hypersensitivity to the investigational medicinal product or to any drug&#xD;
             with similar chemical structure or to any excipient present in the pharmaceutical form&#xD;
             of the investigational medicinal product&#xD;
&#xD;
          -  Prior treatment with quizartinib&#xD;
      </textblock>
    </criteria>
    <gender>All</gender>
    <minimum_age>18 Years</minimum_age>
    <maximum_age>N/A</maximum_age>
    <healthy_volunteers>No</healthy_volunteers>
  </eligibility>
  <overall_official>
    <last_name>Richard F Schlenk, Prof Dr</last_name>
    <role>Principal Investigator</role>
    <affiliation>NCT Trial Center, University Heidelberg</affiliation>
  </overall_official>
  <verification_date>May 2022</verification_date>
  <study_first_submitted>December 9, 2020</study_first_submitted>
  <study_first_submitted_qc>December 15, 2020</study_first_submitted_qc>
  <study_first_posted type="Actual">December 19, 2020</study_first_posted>
  <last_update_submitted>May 18, 2022</last_update_submitted>
  <last_update_submitted_qc>May 18, 2022</last_update_submitted_qc>
  <last_update_posted type="Actual">May 25, 2022</last_update_posted>
  <responsible_party>
    <responsible_party_type>Principal Investigator</responsible_party_type>
    <investigator_affiliation>University Hospital Heidelberg</investigator_affiliation>
    <investigator_full_name>Prof. Dr. Richard F Schlenk</investigator_full_name>
    <investigator_title>Assistant medical director</investigator_title>
  </responsible_party>
  <keyword>AML newly diagnosed</keyword>
  <keyword>Quizartinib added to SOC</keyword>
  <keyword>FLT3-ITD positivity</keyword>
  <patient_data>
    <sharing_ipd>No</sharing_ipd>
  </patient_data>
  <!-- Results have not yet been posted for this study                                          -->
</clinical_study>

