<?xml version="1.0" encoding="UTF-8"?>
<clinical_study rank="125">
  <!-- This xml conforms to an XML Schema at:
    https://clinicaltrials.gov/ct2/html/images/info/public.xsd -->
  <required_header>
    <download_date>ClinicalTrials.gov processed this data on February 06, 2024</download_date>
    <link_text>Link to the current ClinicalTrials.gov record.</link_text>
    <url>https://clinicaltrials.gov/ct2/show/NCT05458258</url>
  </required_header>
  <id_info>
    <org_study_id>IRB22-0397</org_study_id>
    <nct_id>NCT05458258</nct_id>
  </id_info>
  <brief_title>Studying Malnutrition And Sarcopenia In Older Adults With Acute Myeloid Leukemia</brief_title>
  <official_title>Investigating The Prognostic Significance Of Malnutrition And Sarcopenia In Older Adults With Acute Myeloid Leukemia</official_title>
  <sponsors>
    <lead_sponsor>
      <agency>University of Chicago</agency>
      <agency_class>Other</agency_class>
    </lead_sponsor>
  </sponsors>
  <source>University of Chicago</source>
  <oversight_info>
    <has_dmc>No</has_dmc>
    <is_fda_regulated_drug>No</is_fda_regulated_drug>
    <is_fda_regulated_device>No</is_fda_regulated_device>
  </oversight_info>
  <brief_summary>
    <textblock>
      This study will explore how malnutrition (poor nutrition/diet) and sarcopenia (a condition&#xD;
      that causes a loss of muscle and bone mass) affects study participants over the age of 60&#xD;
      with acute myeloid leukemia (AML) who will receive induction chemotherapy (chemotherapy given&#xD;
      as the first treatment to help cancer go into remission) and/or cancer drugs as part of&#xD;
      standard care for AML. By studying how these nutritional and skeletal factors, doctors&#xD;
      leading this study hope to learn how malnutrition and sarcopenia may be able to predict&#xD;
      certain outcomes --such as how long study participants with poor nutrition and muscle loss&#xD;
      can live after chemotherapy- for older (age 60+) individuals with AML.&#xD;
    </textblock>
  </brief_summary>
  <overall_status>Not yet recruiting</overall_status>
  <start_date type="Anticipated">October 1, 2025</start_date>
  <completion_date type="Anticipated">December 1, 2027</completion_date>
  <primary_completion_date type="Anticipated">December 1, 2027</primary_completion_date>
  <study_type>Observational</study_type>
  <has_expanded_access>No</has_expanded_access>
  <study_design_info>
    <observational_model>Case-Control</observational_model>
    <time_perspective>Prospective</time_perspective>
  </study_design_info>
  <primary_outcome>
    <measure>Treatment-Related Mortality Rates Based on Incidence of Sarcopenia in All Study Participants</measure>
    <time_frame>60 days</time_frame>
    <description>This study's primary endpoint aims to measure the association of sarcopenia in study participants with their treatment-related mortality rate (how long the participant can stay alive 60 days after study treatment/registration). The incidence of sarcopenia in study participants will be measured using computed tomography-defined skeletal muscular index , hand grip strength test, and a 6-minute walk test. Treatment related mortality will be defined as the percent of patients no longer alive at 60 days after study registration.</description>
  </primary_outcome>
  <secondary_outcome>
    <measure>The prognostic impact of malnutrition and sarcopenia on treatment-related mortality rates and overall survival in study participants with AML</measure>
    <time_frame>60 days</time_frame>
    <description>After pre-induction assessment (including assessments for sarcopenia and malnutrition), subjects will be prospectively followed for treatment-related mortality and overall survival assessments. Overall survival will be measured from date participants start on study to either death or last follow-up in accordance with 2017 European Leukemia Net recommendations. Treatment-related mortality rates will be defined as the percent of patients no longer alive at 60 days after registration.</description>
  </secondary_outcome>
  <secondary_outcome>
    <measure>Incidence of Malnutrition Among Participants in Group 1 Compared to Incidence of Malnutrition in Healthy Control Group</measure>
    <time_frame>60 days</time_frame>
    <description>The incidence of malnutrition in older adults (≥60 years) with newly diagnosed AML undergoing intensive induction chemotherapy compared to the incidence of malnutrition in participants in the healthy control group. Incidence of malnutrition in both groups will be as assessed by participant questionnaires (known as subjective global assessments), blood tests , and Standardized bioelectrical impedance (BI) phase angle ( a measurement of the participant's body mass using a medical device).</description>
  </secondary_outcome>
  <secondary_outcome>
    <measure>Incidence of Sarcopenia Among Participants in Group 1 Compared to Incidence of Sarcopenia in Healthy Control Group</measure>
    <time_frame>60 days</time_frame>
    <description>Incidence of sarcopenia in both study groups will be assessed by will be assessed by using computed tomography-defined skeletal mass index at L1, hand grip strength, and a 6-minute walk test.</description>
  </secondary_outcome>
  <number_of_groups>2</number_of_groups>
  <enrollment type="Anticipated">82</enrollment>
  <condition>Acute Myeloid Leukemia</condition>
  <condition>Leukemia, Myeloid</condition>
  <arm_group>
    <arm_group_label>Adults (age 60+) with Newly Diagnosed AML</arm_group_label>
    <description>This group will consist of participants age 60+ who will be assessed for malnutrition and sarcopenia. Participants in this group will undergo chemotherapy and/or receive cancer drugs (as part of standard care). Participants in this group will receive different assessments when they start induction therapy to measure their nutritional health and the severity of their sarcopenia.</description>
  </arm_group>
  <arm_group>
    <arm_group_label>Healthy Control Group: Adults with AML (age 60+) in Good Health</arm_group_label>
    <description>This group will also consist of participants age 60+ who will be assessed for malnutrition and sarcopenia. Participants in this group will undergo induction therapy and/or receive cancer drugs to treat their AML (as part of standard care). Participants in this group will also receive different assessments when they start induction therapy to measure their nutritional health and the severity of their sarcopenia. Participants in this group will receive the same assessment as participants in the first study group -- the only difference is that participants in this group have been determined to be healthier than those in the first study group according to clinical assessments.</description>
  </arm_group>
  <intervention>
    <intervention_type>Device</intervention_type>
    <intervention_name>Bioelectrical Impedence Analysis Device</intervention_name>
    <description>A device that helps measure body composition, in particular body fat and muscle mass based on based on the rate at which an electrical current travels through the body.</description>
    <arm_group_label>Adults (age 60+) with Newly Diagnosed AML</arm_group_label>
    <arm_group_label>Healthy Control Group: Adults with AML (age 60+) in Good Health</arm_group_label>
  </intervention>
  <intervention>
    <intervention_type>Other</intervention_type>
    <intervention_name>6 Minute Walk Test</intervention_name>
    <description>Defined as the distance the participant is able to walk in 6 minutes. Participants will be instructed to perform laps from the 0- to 30 minutes mark and back again for a total of 6 min in an outpatient or inpatient setting on a flat, pre-defined course. Participants will be instructed that goal of the test is to walk as far as possible.</description>
    <arm_group_label>Adults (age 60+) with Newly Diagnosed AML</arm_group_label>
    <arm_group_label>Healthy Control Group: Adults with AML (age 60+) in Good Health</arm_group_label>
  </intervention>
  <intervention>
    <intervention_type>Diagnostic Test</intervention_type>
    <intervention_name>Computed Tomography Scans to Measure Skeletal Muscular Index</intervention_name>
    <description>Computed tomography scans (a type of x-ray) that will measure the skeletal muscular index (the ratio of the muscle in your arms and legs to your height).</description>
    <arm_group_label>Adults (age 60+) with Newly Diagnosed AML</arm_group_label>
    <arm_group_label>Healthy Control Group: Adults with AML (age 60+) in Good Health</arm_group_label>
  </intervention>
  <intervention>
    <intervention_type>Diagnostic Test</intervention_type>
    <intervention_name>Blood Test/Blood Draw</intervention_name>
    <description>Blood will be drawn through a need inserted into the participant's arm. This blood will be used to measure the participant's nutrition levels.</description>
    <arm_group_label>Adults (age 60+) with Newly Diagnosed AML</arm_group_label>
    <arm_group_label>Healthy Control Group: Adults with AML (age 60+) in Good Health</arm_group_label>
  </intervention>
  <intervention>
    <intervention_type>Other</intervention_type>
    <intervention_name>Hand Grip Strength Test</intervention_name>
    <description>Grip strength in both hands will be measured using an adjustable hydraulic grip strength dynamometer (a device that is gripped to measure hand strength). The best performance of three trials will be selected for each hand, with averages of the left and right hand used in analyses.</description>
    <arm_group_label>Adults (age 60+) with Newly Diagnosed AML</arm_group_label>
    <arm_group_label>Healthy Control Group: Adults with AML (age 60+) in Good Health</arm_group_label>
  </intervention>
  <eligibility>
    <study_pop>
      <textblock>
        Adults with acute myeloid leukemia over the age of 60 who plan to receive induction therapy&#xD;
        and/or cancer drugs for treatment.&#xD;
      </textblock>
    </study_pop>
    <sampling_method>Non-Probability Sample</sampling_method>
    <criteria>
      <textblock>
        Inclusion Criteria:&#xD;
&#xD;
          -  Older Adult patients (greater than or equal to 60 years of age)&#xD;
&#xD;
          -  New diagnosis of acute myeloid leukemia (AML)&#xD;
&#xD;
          -  Receiving induction therapy (intensive or low intensity therapy)&#xD;
&#xD;
          -  Willing and able to provide written informed consent&#xD;
&#xD;
        Exclusion Criteria:&#xD;
&#xD;
          -  Presence of a pacemaker or defibrillator.&#xD;
&#xD;
          -  Participants who are pregnant at the time of enrollment.&#xD;
&#xD;
          -  Anyone unable/unwilling to follow protocol requirements&#xD;
      </textblock>
    </criteria>
    <gender>All</gender>
    <minimum_age>60 Years</minimum_age>
    <maximum_age>N/A</maximum_age>
  </eligibility>
  <overall_official>
    <last_name>Wendy Stock, MD</last_name>
    <role>Principal Investigator</role>
    <affiliation>University of Chicago</affiliation>
  </overall_official>
  <overall_contact>
    <last_name>Wendy Stock, MD</last_name>
    <phone>773-834-8982</phone>
    <email>wstock@medicine.bsd.uchicago.edu</email>
  </overall_contact>
  <overall_contact_backup>
    <last_name>Wendy Stock, MD</last_name>
    <phone>773-834-8982</phone>
    <email>cancerclinicaltrials@bsd.uchicago.edu</email>
  </overall_contact_backup>
  <verification_date>January 2024</verification_date>
  <study_first_submitted>July 11, 2022</study_first_submitted>
  <study_first_submitted_qc>July 11, 2022</study_first_submitted_qc>
  <study_first_posted type="Actual">July 14, 2022</study_first_posted>
  <last_update_submitted>January 26, 2024</last_update_submitted>
  <last_update_submitted_qc>January 26, 2024</last_update_submitted_qc>
  <last_update_posted type="Actual">January 29, 2024</last_update_posted>
  <responsible_party>
    <responsible_party_type>Sponsor</responsible_party_type>
  </responsible_party>
  <keyword>AML</keyword>
  <condition_browse>
    <!-- CAUTION:  The following MeSH terms are assigned with an imperfect algorithm            -->
    <mesh_term>Leukemia</mesh_term>
    <mesh_term>Leukemia, Myeloid</mesh_term>
    <mesh_term>Leukemia, Myeloid, Acute</mesh_term>
    <mesh_term>Sarcopenia</mesh_term>
    <mesh_term>Malnutrition</mesh_term>
  </condition_browse>
  <!-- Results have not yet been posted for this study                                          -->
</clinical_study>

