<?xml version="1.0" encoding="UTF-8"?>
<clinical_study rank="412">
  <!-- This xml conforms to an XML Schema at:
    https://clinicaltrials.gov/ct2/html/images/info/public.xsd -->
  <required_header>
    <download_date>ClinicalTrials.gov processed this data on February 06, 2024</download_date>
    <link_text>Link to the current ClinicalTrials.gov record.</link_text>
    <url>https://clinicaltrials.gov/ct2/show/NCT00762632</url>
  </required_header>
  <id_info>
    <org_study_id>CAMN107ADE01</org_study_id>
    <nct_id>NCT00762632</nct_id>
  </id_info>
  <brief_title>Combination of Nilotinib (AMN107) and RAD001 in Patients With Acute Myeloid Leukemia</brief_title>
  <official_title>An Open-label Phase I/II (Proof of Concept) Trial of an Combination of Nilotinib (AMN 107) and RAD001 in Patients With Acute Myeloid Leukemia</official_title>
  <sponsors>
    <lead_sponsor>
      <agency>Technical University of Munich</agency>
      <agency_class>Other</agency_class>
    </lead_sponsor>
  </sponsors>
  <source>Technical University of Munich</source>
  <oversight_info>
    <has_dmc>Yes</has_dmc>
  </oversight_info>
  <brief_summary>
    <textblock>
      This is a nonrandomized, open-label study to evaluate the efficacy and safety of combination&#xD;
      treatment of Nilotinib and RAD001 in the treatment of c-kit + AML. Patients refractory to&#xD;
      standard chemotherapy or not eligible to standard chemotherapy can be included. Patients will&#xD;
      be treated with 400 mg Nilotinib bid (total daily dose 800 mg). RAD001 will be added after a&#xD;
      treatment duration of 1 week in a dosage of 2,5 mg/day. Treatment duration will be 25 weeks.&#xD;
    </textblock>
  </brief_summary>
  <overall_status>Completed</overall_status>
  <start_date>December 2007</start_date>
  <primary_completion_date type="Actual">June 2012</primary_completion_date>
  <phase>Phase 1/Phase 2</phase>
  <study_type>Interventional</study_type>
  <has_expanded_access>No</has_expanded_access>
  <study_design_info>
    <allocation>Non-Randomized</allocation>
    <intervention_model>Single Group Assignment</intervention_model>
    <primary_purpose>Treatment</primary_purpose>
    <masking>None (Open Label)</masking>
  </study_design_info>
  <primary_outcome>
    <measure>To determine the rate of hematological response in adult patients with c-kit + AML. state the primary objective of the study</measure>
    <time_frame>four years</time_frame>
  </primary_outcome>
  <secondary_outcome>
    <measure>To determine the duration of hematological response. To evaluate overall survival. To evaluate the safety profile of a combination treatment of Nilotinib and RAD001. • To evaluate improvement of symptomatic parameters. • To assess mTor, cKit a</measure>
    <time_frame>four years</time_frame>
  </secondary_outcome>
  <enrollment type="Anticipated">40</enrollment>
  <condition>Acute Myeloid Leukemia</condition>
  <intervention>
    <intervention_type>Drug</intervention_type>
    <intervention_name>NILOTINIB</intervention_name>
    <description>400 mg Nilotinib bid (total daily dose 800 mg) should be continued 25 weeks</description>
  </intervention>
  <intervention>
    <intervention_type>Drug</intervention_type>
    <intervention_name>EVEROLIMUS</intervention_name>
    <description>Everolimus at 2,5 mg/day should be continued 25 weeks.</description>
  </intervention>
  <eligibility>
    <criteria>
      <textblock>
        Inclusion criteria:&#xD;
&#xD;
          1. Patients with:&#xD;
&#xD;
               -  De novo AML or secondary AML from MDS who are not candidates for myelosuppressive&#xD;
                  chemotherapy, or&#xD;
&#xD;
               -  De novo AML or secondary AML from MDS who have relapsed disease or are refractory&#xD;
                  to standard therapy&#xD;
&#xD;
          2. Patients at least 18 years or older&#xD;
&#xD;
          3. Patients with WHO performance status of 0 to 2 with a life expectancy under treatment&#xD;
             of at least 3 months&#xD;
&#xD;
          4. Patients must have recovered from prior cytotoxic chemotherapy; treatment with&#xD;
             Hydroxyurea or Ara-C is allowed until 24 hours to first administration of study drug.&#xD;
&#xD;
          5. Patients must have a serum creatinine of &lt;= 1.5 x ULN, SGOT/SGPT &lt;= 3 x ULN and total&#xD;
             bilirubin &lt;= 2.0 x ULN&#xD;
&#xD;
          6. Female patients of childbearing potential must have negative pregnancy test within 7&#xD;
             days before initiation of study drug dosing. Postmenopausal women must be amenorrheic&#xD;
             for at least 12 months to be considered of non-childbearing potential.&#xD;
&#xD;
          7. Written informed consent obtained according to local guidelines&#xD;
&#xD;
        Exclusion criteria:&#xD;
&#xD;
          1. Patients with AML FAB M3.&#xD;
&#xD;
          2. Patients with an expected doubling of the peripheral blast within one week.&#xD;
&#xD;
          3. Patients who had prior allogeneic, syngeneic, or autologous bone marrow transplant or&#xD;
             stem cell transplant less than 2 months previously.&#xD;
&#xD;
          4. Impaired cardiac function, including any one of the following:&#xD;
&#xD;
               -  LVEF &lt; 45% or below the institutional lower limit of the normal range (whichever&#xD;
                  is higher) as determined by MUGA scan or echocardiogram&#xD;
&#xD;
               -  Complete left bundle branch block&#xD;
&#xD;
               -  Use of a cardiac pacemaker&#xD;
&#xD;
               -  ST depression of &gt; 1mm in 2 or more leads and/or T wave inversions in 2 or more&#xD;
                  contiguous leads&#xD;
&#xD;
               -  Congenital long QT syndrome dose levels of 400 to 1200 mg QD. Many of the common&#xD;
                  adverse events reported in the imatinib Phase II leukemia (STI0106, STI0110)&#xD;
                  studies were also reported in the nilotinib Phase I study, although a notably&#xD;
                  lower frequency of peripheral edema was identified in the nilotinib study.&#xD;
&#xD;
               -  History of or presence of significant ventricular or atrial tachyarrhythmias&#xD;
&#xD;
               -  Clinically significant resting bradycardia (&lt; 50 beats per minute)&#xD;
&#xD;
               -  QTc &gt; 450 msec on screening ECG (using the QTcF formula)&#xD;
&#xD;
               -  QT prolonging concomitant medication&#xD;
&#xD;
               -  Right bundle branch block plus left anterior hemiblock, bifascicular block&#xD;
&#xD;
               -  Myocardial infarction within 12 months prior to starting Nilotinib&#xD;
&#xD;
               -  Unstable angina diagnosed or treated during the past 12 months&#xD;
&#xD;
               -  Other clinically significant heart disease (e.g., congestive heart failure,&#xD;
                  uncontrolled hypertension, history of labile hypertension, or history of poor&#xD;
                  compliance with an antihypertensive regimen)&#xD;
&#xD;
          5. Female patients who are pregnant or breast feeding, or adults of childbearing age not&#xD;
             employing an effective method of birth control.&#xD;
&#xD;
          6. Concurrent severe and/or uncontrolled medical or psychiatric condition which may&#xD;
             interfere with the completion of the study.&#xD;
&#xD;
          7. Patients who had more than 2 prior regimens for their current relapsed or current&#xD;
             primary refractory disease&#xD;
&#xD;
          8. Patients with uncontrolled active infection.&#xD;
&#xD;
          9. Patient with any pulmonary infiltrate on the baseline chest X-ray known to be new in&#xD;
             the previous 4 weeks. Prior treatment with any investigational drug within the&#xD;
             preceding 4 weeks&#xD;
&#xD;
         10. Chronic treatment with systemic steroids or another immunosuppressive agent&#xD;
&#xD;
         11. Uncontrolled brain or leptomeningeal metastases, including patients who continue to&#xD;
             require glucocorticoids for brain or leptomeningeal metastases&#xD;
&#xD;
         12. Other malignancies within the past 3 years except for adequately treated carcinoma of&#xD;
             the cervix or basal or squamous cell carcinomas of the skin.&#xD;
&#xD;
         13. Other concurrent severe and/or uncontrolled medical disease which could compromise&#xD;
             participation in the study (i.e., uncontrolled diabetes, uncontrolled hypertension,&#xD;
             severe infection, severe malnutrition, unstable angina, or congestive heart failure -&#xD;
             New York Heart Association Class III or IV, ventricular arrhythmias active ischemic&#xD;
             heart disease, myocardial infarction within six months, chronic liver or renal&#xD;
             disease, active upper GI tract ulceration)&#xD;
&#xD;
         14. A known history of HIV seropositivity&#xD;
&#xD;
         15. Impairment of gastrointestinal function or gastrointestinal disease that may&#xD;
             significantly alter the absorption of RAD001 (e.g., ulcerative disease, uncontrolled&#xD;
             nausea, vomiting, diarrhea, malabsorption syndrome or small bowel resection)&#xD;
&#xD;
         16. Patients with an active, bleeding diathesis or on oral anti-vitamin K medication&#xD;
             (except low dose coumarin)&#xD;
&#xD;
         17. Hypokalemia&#xD;
&#xD;
         18. Women who are pregnant or breast feeding, or women able to conceive and unwilling to&#xD;
             practice an highly effective method of birth control.&#xD;
&#xD;
         19. Patients who have received prior treatment with an mTor inhibitor.&#xD;
&#xD;
         20. History of noncompliance to medical regimens&#xD;
&#xD;
         21. Patients unwilling to or unable to comply with the protocol&#xD;
      </textblock>
    </criteria>
    <gender>All</gender>
    <minimum_age>18 Years</minimum_age>
    <maximum_age>N/A</maximum_age>
    <healthy_volunteers>No</healthy_volunteers>
  </eligibility>
  <overall_official>
    <last_name>Justus Prof. Duyster, MD</last_name>
    <role>Principal Investigator</role>
    <affiliation>Medical faculty of the Technical University Munich</affiliation>
  </overall_official>
  <location>
    <facility>
      <name>Medical faculty of the Technical University Munich</name>
      <address>
        <city>Munich</city>
        <state>Bavaria</state>
        <zip>81675</zip>
        <country>Germany</country>
      </address>
    </facility>
  </location>
  <location_countries>
    <country>Germany</country>
  </location_countries>
  <verification_date>August 2012</verification_date>
  <study_first_submitted>September 29, 2008</study_first_submitted>
  <study_first_submitted_qc>September 29, 2008</study_first_submitted_qc>
  <study_first_posted type="Estimate">September 30, 2008</study_first_posted>
  <last_update_submitted>August 7, 2012</last_update_submitted>
  <last_update_submitted_qc>August 7, 2012</last_update_submitted_qc>
  <last_update_posted type="Estimate">August 8, 2012</last_update_posted>
  <responsible_party>
    <name_title>Prof. Dr. Justus Duyster</name_title>
    <organization>Medical faculty of the Technical University Munich</organization>
  </responsible_party>
  <keyword>patients with c-kit+ AML</keyword>
  <condition_browse>
    <!-- CAUTION:  The following MeSH terms are assigned with an imperfect algorithm            -->
    <mesh_term>Leukemia</mesh_term>
    <mesh_term>Leukemia, Myeloid</mesh_term>
    <mesh_term>Leukemia, Myeloid, Acute</mesh_term>
  </condition_browse>
  <intervention_browse>
    <!-- CAUTION:  The following MeSH terms are assigned with an imperfect algorithm            -->
    <mesh_term>Everolimus</mesh_term>
  </intervention_browse>
  <!-- Results have not yet been posted for this study                                          -->
</clinical_study>

