<?xml version="1.0" encoding="UTF-8"?>
<clinical_study rank="49">
  <!-- This xml conforms to an XML Schema at:
    https://clinicaltrials.gov/ct2/html/images/info/public.xsd -->
  <required_header>
    <download_date>ClinicalTrials.gov processed this data on February 06, 2024</download_date>
    <link_text>Link to the current ClinicalTrials.gov record.</link_text>
    <url>https://clinicaltrials.gov/ct2/show/NCT01025154</url>
  </required_header>
  <id_info>
    <org_study_id>2009-0431</org_study_id>
    <nct_id>NCT01025154</nct_id>
  </id_info>
  <brief_title>Clofarabine, Idarubicin, and Cytarabine Combination in Acute Myeloid Leukemia (AML) Induction</brief_title>
  <official_title>Clofarabine, Idarubicin, and Cytarabine Combination as Induction Therapy for Younger Patients With Acute Myeloid Leukemia (AML)</official_title>
  <sponsors>
    <lead_sponsor>
      <agency>M.D. Anderson Cancer Center</agency>
      <agency_class>Other</agency_class>
    </lead_sponsor>
    <collaborator>
      <agency>Genzyme, a Sanofi Company</agency>
      <agency_class>Industry</agency_class>
    </collaborator>
  </sponsors>
  <source>M.D. Anderson Cancer Center</source>
  <oversight_info>
    <has_dmc>No</has_dmc>
  </oversight_info>
  <brief_summary>
    <textblock>
      The goal of this clinical research study is to learn if the combination of clofarabine,&#xD;
      cytarabine, and idarubicin can help to control Acute Myeloid Leukemia (AML) in patients who&#xD;
      are between the ages of 18 and 60 years old. The safety of this study drug combination will&#xD;
      also be studied.&#xD;
    </textblock>
  </brief_summary>
  <detailed_description>
    <textblock>
      The Study Drugs:&#xD;
&#xD;
      Clofarabine is designed to interfere with the growth and development of cancer cells.&#xD;
&#xD;
      Idarubicin is designed to cause breaks in DNA (the genetic material of cells) of cancer cells&#xD;
      and interfere with their growth and development.&#xD;
&#xD;
      Cytarabine is designed to insert itself into DNA of cancer cells and stop the DNA from&#xD;
      repairing itself.&#xD;
&#xD;
      Study Drug Administration:&#xD;
&#xD;
      If you are found to be eligible to take part in this study, you will receive the study drug&#xD;
      combination over 1 or 2 &quot;Induction Cycles&quot; of treatment. Whether or not you receive a second&#xD;
      Induction Cycle depends on the disease's response to the first Induction Cycle. Each&#xD;
      Induction Cycle will last about 4-6 weeks, depending on your reaction to the study drugs.&#xD;
      During each Induction Cycle, you will receive the study drugs by the following schedule:&#xD;
&#xD;
        -  Clofarabine, by vein, over 1-2 hours on Days 1-5.&#xD;
&#xD;
        -  Cytarabine, by vein, over 2-3 hours on Days 1-5.&#xD;
&#xD;
        -  Idarubicin, by vein, over about 30-60 minutes on Days 1-3.&#xD;
&#xD;
      If the disease shows a response to the treatment during the Induction Cycle(s), you may&#xD;
      continue to receive up to 6 &quot;Consolidation Cycles&quot; of treatment. Each Consolidation Cycle&#xD;
      will last about 3-10 weeks, depending on your reaction to the study drugs. During each&#xD;
      Consolidation Cycle, you will receive the study drugs by the following schedule:&#xD;
&#xD;
        -  Clofarabine, by vein, over 1-2 hours on Days 1-3.&#xD;
&#xD;
        -  Cytarabine, by vein, over 2-3 hours on Days 1-3.&#xD;
&#xD;
        -  Idarubicin, by vein, over 30-60 minutes on Days 1-2.&#xD;
&#xD;
      Study Visits:&#xD;
&#xD;
      On Day 1 of every cycle:&#xD;
&#xD;
        -  You will have a physical exam, including measurement of your weight and vital signs.&#xD;
&#xD;
        -  Your performance status will be recorded.&#xD;
&#xD;
        -  Blood (about 1-2 teaspoons) will be drawn for routine tests.&#xD;
&#xD;
      Throughout the study, you will have blood and bone marrow tests to check the status of the&#xD;
      disease and to help the doctor decide if you need additional cycles of treatment. Blood&#xD;
      (about 1-2 tablespoons each time) will be drawn 2 times each week for routine tests during&#xD;
      the Induction Cycles. This blood will also be drawn every week during the Consolidation&#xD;
      Cycles.&#xD;
&#xD;
      About 3 weeks after you first receive the study drugs, you will have a bone marrow aspirate&#xD;
      to check the status of the disease. After that, you will have a bone marrow aspirate every 2&#xD;
      weeks (or more often if your doctor thinks it is needed). However, if the routine blood tests&#xD;
      show that there is still leukemia present, these bone marrow samples may not need to be&#xD;
      collected.&#xD;
&#xD;
      You will need to stay in Houston for up to the first 5 weeks of treatment. After that, you&#xD;
      will need to return to Houston to receive treatment, but you can have check-up visits and&#xD;
      blood tests with your local doctor in between treatments.&#xD;
&#xD;
      Length of Study:&#xD;
&#xD;
      You will be able to receive the study drugs for up to 8 cycles (a maximum of 2 induction&#xD;
      cycles and 6 consolidation cycles). You will be taken off study if the disease gets worse or&#xD;
      you experience any intolerable side effects.&#xD;
&#xD;
      Follow-up Scan:&#xD;
&#xD;
      Within 8 weeks after you have stopped taking the study drug, you will have an echocardiogram&#xD;
      or a Multiple gate acquisition scan (MUGA) scan to check your heart function.&#xD;
&#xD;
      This is an investigational study. Cytarabine and idarubicin are both FDA approved and&#xD;
      commercially available for the treatment of patients with AML. Clofarabine is FDA approved&#xD;
      and commercially available for the treatment of patients with acute lymphoblastic leukemia&#xD;
      (ALL). The use of this drug combination for the treatment of AML is investigational.&#xD;
&#xD;
      Up to 60 patients will take part in this study. All will be enrolled at M. D. Anderson.&#xD;
    </textblock>
  </detailed_description>
  <overall_status>Completed</overall_status>
  <start_date>January 2010</start_date>
  <completion_date type="Actual">February 2013</completion_date>
  <primary_completion_date type="Actual">February 2013</primary_completion_date>
  <phase>Phase 2</phase>
  <study_type>Interventional</study_type>
  <has_expanded_access>No</has_expanded_access>
  <study_design_info>
    <allocation>N/A</allocation>
    <intervention_model>Single Group Assignment</intervention_model>
    <primary_purpose>Treatment</primary_purpose>
    <masking>None (Open Label)</masking>
  </study_design_info>
  <primary_outcome>
    <measure>Overall Response: Number of Participants With Complete Remission or Complete Remission Without Platelet Recovery</measure>
    <time_frame>8 weeks after Induction therapy (induction cycle 4-6 weeks)</time_frame>
    <description>Overall Response (CR+CRp) defined as Complete remission (CR): Disappearance of all clinical and/or radiologic evidence of disease. Neutrophil count &gt; 1.0 x 10^9/L and platelet count &gt; 100 x 10^9/L, and normal bone marrow differential (&lt; 5% blasts); and, Complete Remission without Platelet Recovery (CRp): Peripheral blood and bone marrow results as for CR, but with platelet counts of &lt; 100 x 10^9/L. Response evaluated within 8 weeks after induction therapy.</description>
  </primary_outcome>
  <primary_outcome>
    <measure>Median Event-Free Survival (EFS)</measure>
    <time_frame>2 years</time_frame>
    <description>Event-free survival (EFS) defined as time from start of treatment to first documentation of disease relapse or death. Bayesian time-to-event model will be used to monitor progression free survival.</description>
  </primary_outcome>
  <number_of_arms>1</number_of_arms>
  <enrollment type="Actual">63</enrollment>
  <condition>Acute Myeloid Leukemia</condition>
  <arm_group>
    <arm_group_label>Clofarabine, Cytarabine + Idarubicin</arm_group_label>
    <arm_group_type>Experimental</arm_group_type>
    <description>Induction Cycle: Clofarabine 20 mg/m^2 intravenous (IV) daily for 5 days; Idarubicin 10 mg/m^2 IV daily for 3 days; Cytarabine 1 g/m^2 IV daily for 5 days</description>
  </arm_group>
  <intervention>
    <intervention_type>Drug</intervention_type>
    <intervention_name>Clofarabine</intervention_name>
    <description>Induction Cycle: 20 mg/m^2 IV over approximately 1 hour daily for 5 days (days 1-5)</description>
    <arm_group_label>Clofarabine, Cytarabine + Idarubicin</arm_group_label>
    <other_name>Clofarex</other_name>
    <other_name>Clolar</other_name>
  </intervention>
  <intervention>
    <intervention_type>Drug</intervention_type>
    <intervention_name>Idarubicin</intervention_name>
    <description>Induction Cycle: 10 mg/m^2 IV over approximately 30 minutes daily for 3 days (days 1-3), following clofarabine by 1 to 2 hours</description>
    <arm_group_label>Clofarabine, Cytarabine + Idarubicin</arm_group_label>
    <other_name>Idamycin</other_name>
  </intervention>
  <intervention>
    <intervention_type>Drug</intervention_type>
    <intervention_name>Cytarabine</intervention_name>
    <description>Induction Cycle: 1 g/m^2 IV over approximately 2 hours daily for 5 days (days 1-5), follow clofarabine by 3 to 6 hours.</description>
    <arm_group_label>Clofarabine, Cytarabine + Idarubicin</arm_group_label>
    <other_name>Ara-C</other_name>
    <other_name>Cytosar</other_name>
    <other_name>DepoCyt</other_name>
    <other_name>Cytosine Arabinosine Hydrochloride</other_name>
  </intervention>
  <eligibility>
    <criteria>
      <textblock>
        Inclusion Criteria:&#xD;
&#xD;
          1. Diagnosis of AML (World Health Organization (WHO) classification)&#xD;
&#xD;
          2. Patients must be chemotherapy-naïve, i.e. not have received any prior cytotoxic&#xD;
             chemotherapy for AML (with the exception of hydroxyurea). They could have received&#xD;
             prior therapy with hypomethylating agents, targeted, or biological agents.&#xD;
&#xD;
          3. Age 18 to 60 years.&#xD;
&#xD;
          4. Eastern Cooperative Oncology Group (ECOG) performance status &lt;/= 2.&#xD;
&#xD;
          5. Serum creatinine &lt;/= 1.0 mg/dL; if serum creatinine &gt; 1.0 mg/dL, then the estimated&#xD;
             glomerular filtration rate (GFR) must be &gt; 60 mL/min/1.73m^2 as calculated by the&#xD;
             Modification of Diet in Renal Disease equation where Predicted GFR&#xD;
             (ml/min/1.73m^2)=186 * (serum creatinine)^-1.154 x (age in years)^-0.023 * (0.742 if&#xD;
             patient is female) * (1.212 if patient is black), where SCr is serum creatinine&#xD;
             measured in mg/dL. serum bilirubin &lt;/= 1.5 * upper limit of normal (ULN) (unless&#xD;
             increase is due to hemolysis or a congenital disorder); serum transaminases (SGPT&#xD;
             and/or SGOT) &lt;/= 2.5 * ULN.&#xD;
&#xD;
          6. Cardiac ejection fraction &gt;/= 45% (by either echocardiography or MUGA scan).&#xD;
&#xD;
          7. Ability to understand and provide signed informed consent.&#xD;
&#xD;
        Exclusion Criteria:&#xD;
&#xD;
          1. Patients with acute promyelocytic leukemia (APL).&#xD;
&#xD;
          2. Any coexisting medical condition that in the judgment of the treating physician is&#xD;
             likely to interfere with study procedures or results.&#xD;
&#xD;
          3. Nursing women, women of childbearing potential with positive urine pregnancy test, or&#xD;
             women of childbearing potential who are not willing to maintain adequate contraception&#xD;
             (such as birth control pills, intrauterine device (IUD), diaphragm, abstinence, or&#xD;
             condoms by their partner) over the entire course of therapy.&#xD;
&#xD;
          4. Active and uncontrolled infection requiring therapy with IV antibiotics or antifungal&#xD;
             therapy. Prior or concurrent history of one or more opportunistic infections (e.g.,&#xD;
             cytomegalovirus, Pneumocystis carinii, aspergillosis, histoplasmosis, or mycobacteria&#xD;
             other than TB).&#xD;
      </textblock>
    </criteria>
    <gender>All</gender>
    <minimum_age>18 Years</minimum_age>
    <maximum_age>60 Years</maximum_age>
    <healthy_volunteers>No</healthy_volunteers>
  </eligibility>
  <overall_official>
    <last_name>Stefan Faderl, MD</last_name>
    <role>Study Chair</role>
    <affiliation>UT MD Anderson Cancer Center</affiliation>
  </overall_official>
  <location>
    <facility>
      <name>UT MD Anderson Cancer Center</name>
      <address>
        <city>Houston</city>
        <state>Texas</state>
        <zip>77030</zip>
        <country>United States</country>
      </address>
    </facility>
  </location>
  <location_countries>
    <country>United States</country>
  </location_countries>
  <link>
    <url>http://www.mdanderson.org</url>
    <description>The University of Texas (UT) MD Anderson Cancer Center Official Website</description>
  </link>
  <verification_date>September 2018</verification_date>
  <study_first_submitted>December 1, 2009</study_first_submitted>
  <study_first_submitted_qc>December 1, 2009</study_first_submitted_qc>
  <study_first_posted type="Estimate">December 3, 2009</study_first_posted>
  <results_first_submitted>August 19, 2013</results_first_submitted>
  <results_first_submitted_qc>August 19, 2013</results_first_submitted_qc>
  <results_first_posted type="Estimate">October 30, 2013</results_first_posted>
  <last_update_submitted>September 10, 2018</last_update_submitted>
  <last_update_submitted_qc>September 10, 2018</last_update_submitted_qc>
  <last_update_posted type="Actual">October 9, 2018</last_update_posted>
  <responsible_party>
    <responsible_party_type>Sponsor</responsible_party_type>
  </responsible_party>
  <keyword>Leukemia</keyword>
  <keyword>AML</keyword>
  <keyword>chemotherapy-naïve</keyword>
  <keyword>Clofarabine</keyword>
  <keyword>Clofarex</keyword>
  <keyword>Clolar</keyword>
  <keyword>Idarubicin</keyword>
  <keyword>Idamycin</keyword>
  <keyword>Cytarabine</keyword>
  <keyword>Ara-C</keyword>
  <keyword>Cytosar</keyword>
  <keyword>DepoCyt</keyword>
  <keyword>Cytosine Arabinosine Hydrochloride</keyword>
  <condition_browse>
    <!-- CAUTION:  The following MeSH terms are assigned with an imperfect algorithm            -->
    <mesh_term>Leukemia</mesh_term>
    <mesh_term>Leukemia, Myeloid</mesh_term>
    <mesh_term>Leukemia, Myeloid, Acute</mesh_term>
  </condition_browse>
  <intervention_browse>
    <!-- CAUTION:  The following MeSH terms are assigned with an imperfect algorithm            -->
    <mesh_term>Cytarabine</mesh_term>
    <mesh_term>Clofarabine</mesh_term>
    <mesh_term>Idarubicin</mesh_term>
  </intervention_browse>

  <clinical_results>

    <participant_flow>
      <recruitment_details>Recruitment Period 1/28/2010 - 2/20/2013; All participants were registered at The University of Texas MD Anderson Cancer Center.</recruitment_details>
      <pre_assignment_details>Of the 63 participants registered, four (4) were excluded prior to study starting.</pre_assignment_details>
      <group_list>
        <group group_id="P1">
          <title>Clofarabine, Cytarabine + Idarubicin</title>
          <description>Induction Cycle: Clofarabine 20 mg/m^2 intravenous (IV) daily for 5 days; Idarubicin 10 mg/m^2 IV daily for 3 days; Cytarabine 1 g/m^2 IV daily for 5 days</description>
        </group>
      </group_list>
      <period_list>
        <period>
          <title>Overall Study</title>
          <milestone_list>
            <milestone>
              <title>STARTED</title>
              <participants_list>
                <participants group_id="P1" count="59"/>
              </participants_list>
            </milestone>
            <milestone>
              <title>COMPLETED</title>
              <participants_list>
                <participants group_id="P1" count="57"/>
              </participants_list>
            </milestone>
            <milestone>
              <title>NOT COMPLETED</title>
              <participants_list>
                <participants group_id="P1" count="2"/>
              </participants_list>
            </milestone>
          </milestone_list>
          <drop_withdraw_reason_list>
            <drop_withdraw_reason>
              <title>Lost to Follow-up</title>
              <participants_list>
                <participants group_id="P1" count="1"/>
              </participants_list>
            </drop_withdraw_reason>
            <drop_withdraw_reason>
              <title>Withdrawal by Subject</title>
              <participants_list>
                <participants group_id="P1" count="1"/>
              </participants_list>
            </drop_withdraw_reason>
          </drop_withdraw_reason_list>
        </period>
      </period_list>
    </participant_flow>

    <baseline>
      <group_list>
        <group group_id="B1">
          <title>Clofarabine, Cytarabine + Idarubicin</title>
          <description>Induction Cycle: Clofarabine 20 mg/m^2 intravenous (IV) daily for 5 days; Idarubicin 10 mg/m^2 IV daily for 3 days; Cytarabine 1 g/m^2 IV daily for 5 days</description>
        </group>
      </group_list>
      <analyzed_list>
        <analyzed>
          <units>Participants</units>
          <scope>Overall</scope>
          <count_list>
            <count group_id="B1" value="59"/>
          </count_list>
        </analyzed>
      </analyzed_list>
      <measure_list>
        <measure>
          <title>Age</title>
          <units>years</units>
          <param>Median</param>
          <dispersion>Full Range</dispersion>
          <class_list>
            <class>
              <category_list>
                <category>
                  <measurement_list>
                    <measurement group_id="B1" value="48" lower_limit="19" upper_limit="60"/>
                  </measurement_list>
                </category>
              </category_list>
            </class>
          </class_list>
        </measure>
        <measure>
          <title>Sex: Female, Male</title>
          <units>Participants</units>
          <param>Count of Participants</param>
          <class_list>
            <class>
              <category_list>
                <category>
                  <title>Female</title>
                  <measurement_list>
                    <measurement group_id="B1" value="32"/>
                  </measurement_list>
                </category>
                <category>
                  <title>Male</title>
                  <measurement_list>
                    <measurement group_id="B1" value="27"/>
                  </measurement_list>
                </category>
              </category_list>
            </class>
          </class_list>
        </measure>
        <measure>
          <title>Region of Enrollment</title>
          <units>participants</units>
          <param>Number</param>
          <class_list>
            <class>
              <title>United States</title>
              <category_list>
                <category>
                  <measurement_list>
                    <measurement group_id="B1" value="59"/>
                  </measurement_list>
                </category>
              </category_list>
            </class>
          </class_list>
        </measure>
      </measure_list>
    </baseline>

    <outcome_list>
      <outcome>
        <type>Primary</type>
        <title>Overall Response: Number of Participants With Complete Remission or Complete Remission Without Platelet Recovery</title>
        <description>Overall Response (CR+CRp) defined as Complete remission (CR): Disappearance of all clinical and/or radiologic evidence of disease. Neutrophil count &gt; 1.0 x 10^9/L and platelet count &gt; 100 x 10^9/L, and normal bone marrow differential (&lt; 5% blasts); and, Complete Remission without Platelet Recovery (CRp): Peripheral blood and bone marrow results as for CR, but with platelet counts of &lt; 100 x 10^9/L. Response evaluated within 8 weeks after induction therapy.</description>
        <time_frame>8 weeks after Induction therapy (induction cycle 4-6 weeks)</time_frame>
        <population>Two of the fifty-nine participants were not evaluable.</population>
        <group_list>
          <group group_id="O1">
            <title>Clofarabine, Cytarabine + Idarubicin</title>
            <description>Induction Cycle: Clofarabine 20 mg/m^2 intravenous (IV) daily for 5 days; Idarubicin 10 mg/m^2 IV daily for 3 days; Cytarabine 1 g/m^2 IV daily for 5 days</description>
          </group>
        </group_list>
        <measure>
          <title>Overall Response: Number of Participants With Complete Remission or Complete Remission Without Platelet Recovery</title>
          <description>Overall Response (CR+CRp) defined as Complete remission (CR): Disappearance of all clinical and/or radiologic evidence of disease. Neutrophil count &gt; 1.0 x 10^9/L and platelet count &gt; 100 x 10^9/L, and normal bone marrow differential (&lt; 5% blasts); and, Complete Remission without Platelet Recovery (CRp): Peripheral blood and bone marrow results as for CR, but with platelet counts of &lt; 100 x 10^9/L. Response evaluated within 8 weeks after induction therapy.</description>
          <population>Two of the fifty-nine participants were not evaluable.</population>
          <units>participants</units>
          <param>Number</param>
          <analyzed_list>
            <analyzed>
              <units>Participants</units>
              <scope>Measure</scope>
              <count_list>
                <count group_id="O1" value="57"/>
              </count_list>
            </analyzed>
          </analyzed_list>
          <class_list>
            <class>
              <title>Complete Remission</title>
              <category_list>
                <category>
                  <measurement_list>
                    <measurement group_id="O1" value="42"/>
                  </measurement_list>
                </category>
              </category_list>
            </class>
            <class>
              <title>Complete Remission without Platelet Recovery</title>
              <category_list>
                <category>
                  <measurement_list>
                    <measurement group_id="O1" value="3"/>
                  </measurement_list>
                </category>
              </category_list>
            </class>
          </class_list>
        </measure>
      </outcome>
      <outcome>
        <type>Primary</type>
        <title>Median Event-Free Survival (EFS)</title>
        <description>Event-free survival (EFS) defined as time from start of treatment to first documentation of disease relapse or death. Bayesian time-to-event model will be used to monitor progression free survival.</description>
        <time_frame>2 years</time_frame>
        <population>Two of the fifty-nine participants were not included in the analysis.</population>
        <group_list>
          <group group_id="O1">
            <title>Clofarabine, Cytarabine + Idarubicin</title>
            <description>Induction Cycle: Clofarabine 20 mg/m^2 intravenous (IV) daily for 5 days; Idarubicin 10 mg/m^2 IV daily for 3 days; Cytarabine 1 g/m^2 IV daily for 5 days</description>
          </group>
        </group_list>
        <measure>
          <title>Median Event-Free Survival (EFS)</title>
          <description>Event-free survival (EFS) defined as time from start of treatment to first documentation of disease relapse or death. Bayesian time-to-event model will be used to monitor progression free survival.</description>
          <population>Two of the fifty-nine participants were not included in the analysis.</population>
          <units>Months</units>
          <param>Median</param>
          <dispersion>Full Range</dispersion>
          <analyzed_list>
            <analyzed>
              <units>Participants</units>
              <scope>Measure</scope>
              <count_list>
                <count group_id="O1" value="57"/>
              </count_list>
            </analyzed>
          </analyzed_list>
          <class_list>
            <class>
              <category_list>
                <category>
                  <measurement_list>
                    <measurement group_id="O1" value="13.5" lower_limit="1" upper_limit="23"/>
                  </measurement_list>
                </category>
              </category_list>
            </class>
          </class_list>
        </measure>
      </outcome>
    </outcome_list>

    <reported_events>
      <time_frame>1 Year</time_frame>
      <group_list>
        <group group_id="E1">
          <title>Clofarabine, Cytarabine + Idarubicin</title>
          <description>Induction Cycle: Clofarabine 20 mg/m^2 intravenous (IV) daily for 5 days; Idarubicin 10 mg/m^2 IV daily for 3 days; Cytarabine 1 g/m^2 IV daily for 5 days</description>
        </group>
      </group_list>
      <serious_events>
        <default_vocab>CTCAE (3.0)</default_vocab>
        <default_assessment>Systematic Assessment</default_assessment>
        <category_list>
          <category>
            <title>Total</title>
            <event_list>
              <event>
                <sub_title>Total, serious adverse events</sub_title>
                <counts group_id="E1" subjects_affected="36" subjects_at_risk="59"/>
              </event>
            </event_list>
          </category>
          <category>
            <title>Cardiac disorders</title>
            <event_list>
              <event>
                <sub_title>Atrial Fibrillation</sub_title>
                <counts group_id="E1" events="1" subjects_affected="1" subjects_at_risk="59"/>
              </event>
            </event_list>
          </category>
          <category>
            <title>General disorders</title>
            <event_list>
              <event>
                <sub_title>Pain</sub_title>
                <counts group_id="E1" events="3" subjects_affected="2" subjects_at_risk="59"/>
              </event>
              <event>
                <sub_title>Headache</sub_title>
                <counts group_id="E1" events="1" subjects_affected="1" subjects_at_risk="59"/>
              </event>
            </event_list>
          </category>
          <category>
            <title>Infections and infestations</title>
            <event_list>
              <event>
                <sub_title>Febrile Neutropenia</sub_title>
                <counts group_id="E1" events="30" subjects_affected="19" subjects_at_risk="59"/>
              </event>
              <event>
                <sub_title>Infection</sub_title>
                <counts group_id="E1" events="24" subjects_affected="17" subjects_at_risk="59"/>
              </event>
            </event_list>
          </category>
          <category>
            <title>Nervous system disorders</title>
            <event_list>
              <event>
                <sub_title>Seizure</sub_title>
                <counts group_id="E1" events="1" subjects_affected="1" subjects_at_risk="59"/>
              </event>
              <event>
                <sub_title>Somnolence</sub_title>
                <counts group_id="E1" events="1" subjects_affected="1" subjects_at_risk="59"/>
              </event>
            </event_list>
          </category>
          <category>
            <title>Renal and urinary disorders</title>
            <event_list>
              <event>
                <sub_title>Renal Failure</sub_title>
                <counts group_id="E1" events="1" subjects_affected="1" subjects_at_risk="59"/>
              </event>
            </event_list>
          </category>
          <category>
            <title>Skin and subcutaneous tissue disorders</title>
            <event_list>
              <event>
                <sub_title>Erythema Multiforme</sub_title>
                <counts group_id="E1" events="1" subjects_affected="1" subjects_at_risk="59"/>
              </event>
            </event_list>
          </category>
        </category_list>
      </serious_events>
      <other_events>
        <frequency_threshold>5</frequency_threshold>
        <default_vocab>CTCAE (3.0)</default_vocab>
        <default_assessment>Systematic Assessment</default_assessment>
        <category_list>
          <category>
            <title>Total</title>
            <event_list>
              <event>
                <sub_title>Total, other adverse events</sub_title>
                <counts group_id="E1" subjects_affected="56" subjects_at_risk="59"/>
              </event>
            </event_list>
          </category>
          <category>
            <title>Gastrointestinal disorders</title>
            <event_list>
              <event>
                <sub_title>Constipation</sub_title>
                <counts group_id="E1" events="5" subjects_affected="5" subjects_at_risk="59"/>
              </event>
              <event>
                <sub_title>Diarrhea</sub_title>
                <counts group_id="E1" events="14" subjects_affected="14" subjects_at_risk="59"/>
              </event>
              <event>
                <sub_title>Mucositis/stomatitis</sub_title>
                <counts group_id="E1" events="6" subjects_affected="6" subjects_at_risk="59"/>
              </event>
              <event>
                <sub_title>Nausea</sub_title>
                <counts group_id="E1" events="25" subjects_affected="24" subjects_at_risk="59"/>
              </event>
              <event>
                <sub_title>Vomiting</sub_title>
                <counts group_id="E1" events="3" subjects_affected="3" subjects_at_risk="59"/>
              </event>
              <event>
                <sub_title>Pain</sub_title>
                <counts group_id="E1" events="14" subjects_affected="14" subjects_at_risk="59"/>
              </event>
            </event_list>
          </category>
          <category>
            <title>Infections and infestations</title>
            <event_list>
              <event>
                <sub_title>Febrile Neutropenia/fever of unknown origin</sub_title>
                <counts group_id="E1" events="16" subjects_affected="14" subjects_at_risk="59"/>
              </event>
              <event>
                <sub_title>Infection</sub_title>
                <counts group_id="E1" events="7" subjects_affected="7" subjects_at_risk="59"/>
              </event>
            </event_list>
          </category>
          <category>
            <title>Metabolism and nutrition disorders</title>
            <event_list>
              <event>
                <sub_title>Elevated ALT/AST</sub_title>
                <counts group_id="E1" events="11" subjects_affected="11" subjects_at_risk="59"/>
              </event>
              <event>
                <sub_title>Hyperbilirubinemia</sub_title>
                <counts group_id="E1" events="9" subjects_affected="9" subjects_at_risk="59"/>
              </event>
              <event>
                <sub_title>Hyperkalemia</sub_title>
                <counts group_id="E1" events="6" subjects_affected="6" subjects_at_risk="59"/>
              </event>
            </event_list>
          </category>
          <category>
            <title>Skin and subcutaneous tissue disorders</title>
            <event_list>
              <event>
                <sub_title>Rash/desquamation</sub_title>
                <counts group_id="E1" events="20" subjects_affected="19" subjects_at_risk="59"/>
              </event>
              <event>
                <sub_title>Rash/hand-foot skin reaction</sub_title>
                <counts group_id="E1" events="4" subjects_affected="4" subjects_at_risk="59"/>
              </event>
            </event_list>
          </category>
        </category_list>
      </other_events>
    </reported_events>

    <certain_agreements>
      <pi_employee>All Principal Investigators ARE employed by the organization sponsoring the study.</pi_employee>
      <restrictive_agreement>There is NOT an agreement between Principal Investigators and the Sponsor (or its agents) that restricts the PI's rights to discuss or publish trial results after the trial is completed. </restrictive_agreement>
    </certain_agreements>
    <point_of_contact>
      <name_or_title>Stefan Faderl, MD / Associate Professor</name_or_title>
      <organization>The University of Texas MD Anderson Cancer Center</organization>
      <phone>713-745-4613</phone>
      <email>eharriso@mdanderson.org</email>
    </point_of_contact>
  </clinical_results>
</clinical_study>

