<?xml version="1.0" encoding="UTF-8"?>
<clinical_study rank="325">
  <!-- This xml conforms to an XML Schema at:
    https://clinicaltrials.gov/ct2/html/images/info/public.xsd -->
  <required_header>
    <download_date>ClinicalTrials.gov processed this data on February 06, 2024</download_date>
    <link_text>Link to the current ClinicalTrials.gov record.</link_text>
    <url>https://clinicaltrials.gov/ct2/show/NCT06068868</url>
  </required_header>
  <id_info>
    <org_study_id>M23-477</org_study_id>
    <secondary_id>2023-505233-27-00</secondary_id>
    <nct_id>NCT06068868</nct_id>
  </id_info>
  <brief_title>Study to Evaluate Adverse Events and Movement of Intravenously (IV) Infused ABBV-787 in Adult Participants With Relapsed/Refractory (R/R) Acute Myeloid Leukemia (AML)</brief_title>
  <official_title>A Phase 1 First-in-Human Study Evaluating Safety, Pharmacokinetics and Efficacy of ABBV-787 in Adult Subjects With Acute Myeloid Leukemia (AML)</official_title>
  <sponsors>
    <lead_sponsor>
      <agency>AbbVie</agency>
      <agency_class>Industry</agency_class>
    </lead_sponsor>
  </sponsors>
  <source>AbbVie</source>
  <oversight_info>
    <has_dmc>No</has_dmc>
    <is_fda_regulated_drug>Yes</is_fda_regulated_drug>
    <is_fda_regulated_device>No</is_fda_regulated_device>
    <is_us_export>Yes</is_us_export>
  </oversight_info>
  <brief_summary>
    <textblock>
      Acute myeloid leukemia (AML) is the second most common type of leukemia diagnosed in adults&#xD;
      and children, but most cases occur in adults. This study is to evaluate how safe ABBV-787 is&#xD;
      and how it moves within the body in adult participants with relapsed/refractory (R/R) acute&#xD;
      myeloid leukemia (AML). Adverse events and maximum tolerated dose (MTD) of ABBV-787 will be&#xD;
      assessed.&#xD;
&#xD;
      ABBV-787 is an investigational drug being developed for the treatment of AML. Participants&#xD;
      will receive ABBV-787 in escalating doses until the maximum tolerated dose (MTD) is&#xD;
      determined. Approximately 60 adult participants with a diagnosis of AML will be enrolled&#xD;
      worldwide.&#xD;
&#xD;
      Participants will receive intravenous (IV) infusions of ABBV-787 during the approximately 3&#xD;
      year duration a participant is followed.&#xD;
&#xD;
      There may be higher treatment burden for participants in this trial compared to their&#xD;
      standard of care. Participants will attend regular visits during the study at a hospital or&#xD;
      clinic. The effect of the treatment will be checked by medical assessments, blood tests and&#xD;
      checking for side effects.&#xD;
    </textblock>
  </brief_summary>
  <overall_status>Recruiting</overall_status>
  <start_date type="Actual">November 13, 2023</start_date>
  <completion_date type="Anticipated">December 12, 2029</completion_date>
  <primary_completion_date type="Anticipated">December 12, 2029</primary_completion_date>
  <phase>Phase 1</phase>
  <study_type>Interventional</study_type>
  <has_expanded_access>No</has_expanded_access>
  <study_design_info>
    <allocation>N/A</allocation>
    <intervention_model>Single Group Assignment</intervention_model>
    <primary_purpose>Treatment</primary_purpose>
    <masking>None (Open Label)</masking>
  </study_design_info>
  <primary_outcome>
    <measure>Number of Participants with Adverse Events (AE)</measure>
    <time_frame>Up to Approximately 3 Years</time_frame>
    <description>An AE is any untoward medical occurrence in a participant or clinical investigation participant administered a pharmaceutical product and which does not necessarily have a causal relationship with this treatment.</description>
  </primary_outcome>
  <primary_outcome>
    <measure>Maximum Tolerated Dose (MTD) Based on Dose-Limiting Toxicities (DLT)</measure>
    <time_frame>Up to approximately 28 Days</time_frame>
    <description>DLT events are defined as clinically significant adverse events or abnormal laboratory values assessed as unrelated to disease progression, underlying disease, intercurrent illness, or concomitant medications.</description>
  </primary_outcome>
  <secondary_outcome>
    <measure>Area Under the Plasma Concentration-time Curve (AUC) of ABBV-787</measure>
    <time_frame>Up to Approximately 1 Year</time_frame>
    <description>AUC of ABBV-787.</description>
  </secondary_outcome>
  <secondary_outcome>
    <measure>Maximum Observed Concentration (Cmax) of ABBV-787</measure>
    <time_frame>Up to Approximately 1 Year</time_frame>
    <description>Cmax of ABBV-787.</description>
  </secondary_outcome>
  <secondary_outcome>
    <measure>Time to Cmax (Tmax) of ABBV-787</measure>
    <time_frame>Up to Approximately 1 Year</time_frame>
    <description>Tmax of ABBV-787.</description>
  </secondary_outcome>
  <secondary_outcome>
    <measure>Half-life (t1/2) of ABBV-787</measure>
    <time_frame>Up to Approximately 1 Year</time_frame>
    <description>t1/2 of ABBV-787.</description>
  </secondary_outcome>
  <secondary_outcome>
    <measure>Total Antibody Concentration</measure>
    <time_frame>Up to Approximately 1 Year</time_frame>
    <description>Total antibody concentration</description>
  </secondary_outcome>
  <secondary_outcome>
    <measure>Plasma Concentrations of Unconjugated Bromodomain and Extra-terminal Domain (BET) Degrader Payload</measure>
    <time_frame>Up to Approximately 1 Year</time_frame>
    <description>Plasma concentrations of unconjugated BET degrader payload.</description>
  </secondary_outcome>
  <secondary_outcome>
    <measure>Antidrug Antibody (ADA)</measure>
    <time_frame>Up to Approximately 1 Year</time_frame>
    <description>Incidence and concentration of anti-drug antibodies.</description>
  </secondary_outcome>
  <secondary_outcome>
    <measure>Neutralizing Antibody (nAb)</measure>
    <time_frame>Up to Approximately 1 Year</time_frame>
    <description>Incidence and concentration of neutralizing antibodies.</description>
  </secondary_outcome>
  <secondary_outcome>
    <measure>Percentage of Participants Achieving Complete Remission (CR)</measure>
    <time_frame>Up to Approximately 1 Year</time_frame>
    <description>CR is assessed by the European Leukemia Net (ELN). ELN defines refractory disease as the inability to attain complete remission (CR) or CR with incomplete hematologic recovery (CRi) after two courses of intensive induction treatment.</description>
  </secondary_outcome>
  <secondary_outcome>
    <measure>Rate of Participants Achieving CR with partial hematologic recovery (CRh)</measure>
    <time_frame>Up to Approximately 1 Year</time_frame>
    <description>Percentage of participants achieving CRh per ELN 2022.</description>
  </secondary_outcome>
  <secondary_outcome>
    <measure>Rate of Participants Achieving CR with incomplete hematologic recovery (CRi)</measure>
    <time_frame>Up to Approximately 1 Year</time_frame>
    <description>Percentage of participants achieving CRi per ELN 2022.</description>
  </secondary_outcome>
  <secondary_outcome>
    <measure>Rate of Participants Achieving Composite CR (CR, CRh, or CRi)</measure>
    <time_frame>Up to Approximately 1 Year</time_frame>
    <description>Composite CR is defined as the percentage of participants with composite CR per ELN 2022.</description>
  </secondary_outcome>
  <secondary_outcome>
    <measure>Rate of Participants Achieving Partial Remission (PR)</measure>
    <time_frame>Up to Approximately 1 Year</time_frame>
    <description>PR is defined as the percentage of participants with PR per ELN 2022.</description>
  </secondary_outcome>
  <secondary_outcome>
    <measure>Duration of Response (DOR)</measure>
    <time_frame>Up to Approximately 1 Year</time_frame>
    <description>DOR is defined for participants with CR, CRh, CRi, or PR as the time from the participant's initial response of CR, CRh, CRi, or PR per investigator review according to ELN 2022 criteria to disease progression or death of any cause, whichever occurs earlier.</description>
  </secondary_outcome>
  <secondary_outcome>
    <measure>Number of Participants proceeding to hematopoietic stem cell transplant (HSCT)</measure>
    <time_frame>Up to Approximately 3 Years</time_frame>
    <description>Number of participants proceeding to HSCT</description>
  </secondary_outcome>
  <secondary_outcome>
    <measure>Event-free Survival (EFS)</measure>
    <time_frame>Up to Approximately 3 Years</time_frame>
    <description>EFS is defined as the time from the date of the first study treatment to the date of treatment failure, or hematologic relapse from either CR, CRh, or CRi, or death from any cause, whichever occurs earlier.</description>
  </secondary_outcome>
  <secondary_outcome>
    <measure>Relapse free survival (RFS)</measure>
    <time_frame>Up to Approximately 3 Years</time_frame>
    <description>RFS is defined for participants achieving CR, CRh, or CRi as time from the date of achievement of remission (CR, CRh, or CRi) until the date of hematologic relapse or death from any cause.</description>
  </secondary_outcome>
  <secondary_outcome>
    <measure>Overall survival (OS)</measure>
    <time_frame>Up to Approximately 3 Years</time_frame>
    <description>OS is defined as time from first study treatment to death from any cause.</description>
  </secondary_outcome>
  <number_of_arms>1</number_of_arms>
  <enrollment type="Anticipated">60</enrollment>
  <condition>Acute Myeloid Leukemia</condition>
  <arm_group>
    <arm_group_label>ABBV-787</arm_group_label>
    <arm_group_type>Experimental</arm_group_type>
    <description>Participants will receive increasing doses of ABBV-787 until the maximum tolerated dose (MTD) during the 3 year treatment period.</description>
  </arm_group>
  <intervention>
    <intervention_type>Drug</intervention_type>
    <intervention_name>ABBV-787</intervention_name>
    <description>Intravenous (IV) Infusion</description>
    <arm_group_label>ABBV-787</arm_group_label>
  </intervention>
  <eligibility>
    <criteria>
      <textblock>
        Inclusion Criteria:&#xD;
&#xD;
          -  Eastern Cooperative Oncology Group (ECOG) performance status of 0 or 1.&#xD;
&#xD;
          -  Laboratory Criteria matching those outlined in the protocol.&#xD;
&#xD;
          -  QT interval corrected for heart rate (QTc) &lt;= 470 msec using Fridericia's correction,&#xD;
             and no other clinically significant cardiac abnormalities.&#xD;
&#xD;
          -  Documented diagnosis of non-promyelocytic acute myeloid leukemia (AML), per 2022&#xD;
             European Leukemia Net (ELN) criteria.&#xD;
&#xD;
          -  Participants with relapsed/refractory (R/R) acute myeloid leukemia (AML) who have been&#xD;
             treated with up to 3 prior lines of therapy and are refractory to or intolerant of all&#xD;
             established AML therapies that are known to clearly provide clinical benefit at the&#xD;
             judgement of the investigator.&#xD;
&#xD;
          -  Must have a white blood cell (WBC) count &lt; 25 × 10^9 /L prior to initiation of study&#xD;
             drug (Note: Hydroxyurea or leukapheresis is permitted to meet this criterion and for&#xD;
             use through Cycle 3 to control for hyperleukocytosis.).&#xD;
&#xD;
        Exclusion Criteria:&#xD;
&#xD;
          -  Have received a CD33-targeting therapy within 3 months prior to the first dose of&#xD;
             ABBV-787.&#xD;
&#xD;
          -  Stem cell transplant within 3 months prior to first dose of study drug.&#xD;
&#xD;
          -  Have received anticancer therapy including chemotherapy, radiation therapy,&#xD;
             immunotherapy, biologic, or any investigational therapy within 14 days or 5 half-lives&#xD;
             of the drug (whichever is shorter) prior to the first dose of ABBV-787.&#xD;
&#xD;
          -  History of documented pneumonitis that required treatment with systemic steroids&#xD;
             within the last 6 months, nor any evidence of active pneumonitis.&#xD;
&#xD;
          -  Unresolved toxicity of Grade &gt;= 2 from prior anticancer therapy, or to levels dictated&#xD;
             in the eligibility criteria, with the exception of alopecia.&#xD;
&#xD;
          -  Known active severe or poorly controlled acute respiratory syndrome coronavirus 2&#xD;
             (SARS-CoV-2) infection.&#xD;
      </textblock>
    </criteria>
    <gender>All</gender>
    <minimum_age>18 Years</minimum_age>
    <maximum_age>N/A</maximum_age>
    <healthy_volunteers>No</healthy_volunteers>
  </eligibility>
  <overall_official>
    <last_name>ABBVIE INC.</last_name>
    <role>Study Director</role>
    <affiliation>AbbVie</affiliation>
  </overall_official>
  <overall_contact>
    <last_name>ABBVIE CALL CENTER</last_name>
    <phone>844-663-3742</phone>
    <email>abbvieclinicaltrials@abbvie.com</email>
  </overall_contact>
  <location>
    <facility>
      <name>Northwestern Memorial Hospital /ID# 252800</name>
      <address>
        <city>Chicago</city>
        <state>Illinois</state>
        <zip>60611-2927</zip>
        <country>United States</country>
      </address>
    </facility>
    <status>Recruiting</status>
  </location>
  <location>
    <facility>
      <name>Cancer &amp; Hematology Centers /ID# 252803</name>
      <address>
        <city>Grand Rapids</city>
        <state>Michigan</state>
        <zip>49503</zip>
        <country>United States</country>
      </address>
    </facility>
    <status>Recruiting</status>
  </location>
  <location>
    <facility>
      <name>Hadassah Medical Center-Hebrew University /ID# 252915</name>
      <address>
        <city>Jerusalem</city>
        <state>Yerushalayim</state>
        <zip>91120</zip>
        <country>Israel</country>
      </address>
    </facility>
    <status>Recruiting</status>
  </location>
  <location>
    <facility>
      <name>National Cancer Center Hospital East /ID# 252519</name>
      <address>
        <city>Kashiwa-shi</city>
        <state>Chiba</state>
        <zip>277-8577</zip>
        <country>Japan</country>
      </address>
    </facility>
    <status>Recruiting</status>
  </location>
  <location>
    <facility>
      <name>Yamagata University Hospital /ID# 254105</name>
      <address>
        <city>Yamagata-shi</city>
        <state>Yamagata</state>
        <zip>990-9585</zip>
        <country>Japan</country>
      </address>
    </facility>
    <status>Recruiting</status>
  </location>
  <location_countries>
    <country>Israel</country>
    <country>Japan</country>
    <country>United States</country>
  </location_countries>
  <link>
    <url>https://www.abbvieclinicaltrials.com/study/?id=M23-477</url>
    <description>Related Info</description>
  </link>
  <verification_date>January 2024</verification_date>
  <study_first_submitted>September 29, 2023</study_first_submitted>
  <study_first_submitted_qc>September 29, 2023</study_first_submitted_qc>
  <study_first_posted type="Actual">October 5, 2023</study_first_posted>
  <last_update_submitted>January 18, 2024</last_update_submitted>
  <last_update_submitted_qc>January 18, 2024</last_update_submitted_qc>
  <last_update_posted type="Actual">January 22, 2024</last_update_posted>
  <responsible_party>
    <responsible_party_type>Sponsor</responsible_party_type>
  </responsible_party>
  <keyword>Acute Myeloid Leukemia</keyword>
  <keyword>AML</keyword>
  <keyword>ABBV-787</keyword>
  <condition_browse>
    <!-- CAUTION:  The following MeSH terms are assigned with an imperfect algorithm            -->
    <mesh_term>Leukemia</mesh_term>
    <mesh_term>Leukemia, Myeloid</mesh_term>
    <mesh_term>Leukemia, Myeloid, Acute</mesh_term>
  </condition_browse>
  <patient_data>
    <sharing_ipd>No</sharing_ipd>
  </patient_data>
  <!-- Results have not yet been posted for this study                                          -->
</clinical_study>

