<?xml version="1.0" encoding="UTF-8"?>
<clinical_study rank="470">
  <!-- This xml conforms to an XML Schema at:
    https://clinicaltrials.gov/ct2/html/images/info/public.xsd -->
  <required_header>
    <download_date>ClinicalTrials.gov processed this data on February 06, 2024</download_date>
    <link_text>Link to the current ClinicalTrials.gov record.</link_text>
    <url>https://clinicaltrials.gov/ct2/show/NCT00651781</url>
  </required_header>
  <id_info>
    <org_study_id>Nº EudraCT: 2005-004370-24</org_study_id>
    <secondary_id>IIS-VEL-EU-070/26866138CAN2015</secondary_id>
    <nct_id>NCT00651781</nct_id>
  </id_info>
  <brief_title>Velcaflagida in Relapsed or Refractary Acute Myeloid Leukemia</brief_title>
  <official_title>A Phase I/II National, Open-label, Multicenter Study of Bortezomib (Velcade) in Combination With FLAG-IDA (VFLAG- IDA) in Patients With Relapsed or Refractory Acute Myeloid Leukemia (AML).</official_title>
  <sponsors>
    <lead_sponsor>
      <agency>PETHEMA Foundation</agency>
      <agency_class>Other</agency_class>
    </lead_sponsor>
  </sponsors>
  <source>PETHEMA Foundation</source>
  <oversight_info>
    <has_dmc>Yes</has_dmc>
  </oversight_info>
  <brief_summary>
    <textblock>
      The primary aim of this study is:&#xD;
&#xD;
      • To analyze the efficacy (in order to evaluate the response) of a sequential treatment&#xD;
      scheme of Bortezomib in combination with Fludarabine,Cytarabine and Idarubicin continued with&#xD;
      Bortezomib monotherapy for patients with relapsed or refractory AML ≥18 years old.&#xD;
&#xD;
      The safety aim of this study is:&#xD;
&#xD;
      • To evaluate the safety and tolerance of the sequential treatment scheme proposed with&#xD;
      Bortezomib combined with Fludarabine, Cytarabine and Idarubicin and in monotherapy, measured&#xD;
      on clinical toxicities and laboratory incidences.&#xD;
&#xD;
      The biological aim of this study is:&#xD;
&#xD;
      • To evaluate the Minimal Residual Disease (MRD)impact that will be monitored by&#xD;
      multiparametric flow cytometry carried out at different moments during the treatment.&#xD;
    </textblock>
  </brief_summary>
  <detailed_description>
    <textblock>
      Initially a phase I will be performed to determine the appropriate dose of Cytarabine to be&#xD;
      used in Flag-Ida regimen in combination with Velcade; for that reason, first 9 patients will&#xD;
      be distributed to 3 different cohorts with 3 patients in each cohort, which will be treated&#xD;
      at each Cytarabine dose level (200 mg/m2-500 mg/m2-1000 mg/m2)in combination with the other&#xD;
      drugs from Flag scheme and the fixed dose of Velcade at 1,3 mg/m2.&#xD;
&#xD;
      Once the appropriate Cytarabine dose is determined,the recruitment will be completed with 40&#xD;
      patients and evaluations and visits program will be realized in three periods: Pre-treatment,&#xD;
      Treatment and Follow-up.&#xD;
&#xD;
      The Pre-treatment includes Screening and baseline visits. After providing informed consent,&#xD;
      patients will be evaluated for study eligibility.&#xD;
&#xD;
      Eligible patients included in the study will receive the first cycle, which consist of&#xD;
      Fludarabine, Cytarabine and Idarubicin in combination with 2 times per week of Velcade&#xD;
      administration. Each 28-day treatment, patients will be evaluated, and in absence of disease&#xD;
      progression or unacceptable toxicity, patients will start second cycle with Bortezomib in&#xD;
      monotherapy two times per week followed by a 10 days rest period. That is, patients who&#xD;
      response with acceptable toxicity will receive the combined sequential scheme twice (as&#xD;
      induction and consolidation).&#xD;
&#xD;
      Patients will be evaluated the day 1 of each cycle,during the treatment period, in order to&#xD;
      know the response before carrying on the treatment. Once the Treatment period is completed,&#xD;
      patients will be evaluated during the Follow-up period, one monthly visit in year 1, and&#xD;
      every 3 months for 3 next years. On each center criteria, autologous/allogeneic transplant&#xD;
      can be planned depending on age and HLA identical sibling donor make it possible: it will be&#xD;
      done following the sequential scheme (Velcade-Flag-Ida and Velcade in monotherapy); if the&#xD;
      patient is not candidate for a transplant or has no donor, he/she will receive 2 sequential&#xD;
      scheme.&#xD;
&#xD;
      Safety will be evaluated through all adverse events monitoring, physical exploration, vital&#xD;
      signs, hematimetric and biochemical analysis. The treatment response will be evaluated using&#xD;
      Cheson's standardized criteria, and MRD impact will be necessary evaluated the day 1 of each&#xD;
      new cycle before to carry on the treatment.&#xD;
    </textblock>
  </detailed_description>
  <overall_status>Completed</overall_status>
  <start_date>April 2008</start_date>
  <completion_date type="Actual">February 2013</completion_date>
  <primary_completion_date type="Actual">January 2013</primary_completion_date>
  <phase>Phase 1/Phase 2</phase>
  <study_type>Interventional</study_type>
  <has_expanded_access>No</has_expanded_access>
  <study_design_info>
    <allocation>N/A</allocation>
    <intervention_model>Single Group Assignment</intervention_model>
    <primary_purpose>Treatment</primary_purpose>
    <masking>None (Open Label)</masking>
  </study_design_info>
  <primary_outcome>
    <measure>Efficacy (in order to evaluate the response) of a sequential treatment scheme of Bortezomib in combination with Fludarabine,Cytarabine and Idarubicin continued with Bortezomib monotherapy for patients with relapsed or refractory AML ≥18 years old.</measure>
    <time_frame>1 year</time_frame>
  </primary_outcome>
  <secondary_outcome>
    <measure>Evaluate the safety and tolerance of the sequential treatment scheme proposed with Bortezomib combined with Fludarabine, Cytarabine and Idarubicin and in monotherapy, measured on clinical toxicities and laboratory incidences</measure>
    <time_frame>1 year</time_frame>
  </secondary_outcome>
  <secondary_outcome>
    <measure>Evaluate the Minimal Residual Disease (MRD)impact that will be monitored by multiparametric flow cytometry carried out at different moments during the treatment</measure>
    <time_frame>1 year</time_frame>
  </secondary_outcome>
  <number_of_arms>1</number_of_arms>
  <enrollment type="Actual">40</enrollment>
  <condition>Acute Myeloid Leukemia</condition>
  <arm_group>
    <arm_group_label>1</arm_group_label>
    <arm_group_type>Experimental</arm_group_type>
    <description>Phase I:3 dose levels Cytarabine (200 mg/m2- 500 mg/m2-1000 mg/m2) with scheme Flag-Ida in combination with Velcade until determinate the appropriate dose.&#xD;
Phase II:&#xD;
Fludarabine, Cytarabine and Idarubicin in combination with 2 times per week of Velcade administration. Each 28-day treatment, patients will be evaluated, and in absence of disease progression or unacceptable toxicity, patients will start second cycle with Bortezomib in monotherapy two times per week followed by a 10 days rest period. That is, patients who response with acceptable toxicity will receive the combined sequential scheme twice (as induction and consolidation).</description>
  </arm_group>
  <intervention>
    <intervention_type>Drug</intervention_type>
    <intervention_name>Bortezomib</intervention_name>
    <description>2 times per week of Velcade administration.</description>
    <arm_group_label>1</arm_group_label>
  </intervention>
  <eligibility>
    <criteria>
      <textblock>
        Inclusion Criteria:&#xD;
&#xD;
          -  The patient must, according with investigator criteria,be able to comply with all the&#xD;
             protocol requirements.&#xD;
&#xD;
          -  The patient must sign voluntarily the informed consent before the performance of any&#xD;
             study related procedure not part of usual medical care, with the knowledge that can&#xD;
             leave the study the moment he/she wants, without prejudice to later medical care.&#xD;
&#xD;
          -  Age ¡Ý 18 years old.&#xD;
&#xD;
          -  Patient must be diagnosed with AML according World Health Organization (WHO)18&#xD;
             criteria (see Appendix 7).&#xD;
&#xD;
          -  Patient with refractory AML after standard therapy, or relapsed AML after standard&#xD;
             therapy or hematopoietic progenitors transplant (autologous or allogenic).&#xD;
&#xD;
          -  Patient has a ECOG performance status &lt;= 2 (see Appendix 5).&#xD;
&#xD;
          -  Patient has the following laboratory values before Baseline visit:&#xD;
&#xD;
               1. Platelet count ≥ 30000/mm3 (transfusion allowed), hemoglobin ≥ 8 g/dl&#xD;
                  (transfusion allowed) and absolute neutrophil count ≥ 0.750/mm3. Lower values are&#xD;
                  accepted if they are caused by bone marrow infiltration.&#xD;
&#xD;
               2. Aspartate transaminase (AST): ≤ 2.5 x the upper limit of normal.&#xD;
&#xD;
               3. Alanine transaminase (ALT): ≤ 2.5 x the upper limit of normal.&#xD;
&#xD;
               4. Total bilirubin: ≤1.5 x the upper limit of normal.&#xD;
&#xD;
               5. Serum creatinine value ≤ 2 mg/dl.&#xD;
&#xD;
          -  Negative pregnant test for fertile females&#xD;
&#xD;
        Exclusion Criteria:&#xD;
&#xD;
        Prior Bortezomib therapy.&#xD;
&#xD;
          -  Promyelocytic AML.&#xD;
&#xD;
          -  Patient has &gt; Grade 2 peripheral neuropathy within 14 days before enrollment.&#xD;
&#xD;
          -  Fertile patient is not going to use a medical effective contraceptive method during&#xD;
             the trial.&#xD;
&#xD;
          -  Patient has received other investigational drugs within 30 days before enrollment.&#xD;
&#xD;
          -  Patient is known to be seropositive for the human immunodeficiency virus (HIV),&#xD;
             Hepatitis B surface antigen-positive or active hepatitis C infection.&#xD;
&#xD;
          -  Patient had a myocardial infarction within 6 months of enrollment or has New York&#xD;
             Heart Association (NYHA) Class III or IV, heart failure, uncontrolled angina, severe&#xD;
             uncontrolled ventricular arrhythmias,or electrocardiographic evidence of acute&#xD;
             ischemia or active conduction system abnormalities.&#xD;
&#xD;
          -  Patient is enrolled in another clinical research study and/or is receiving an&#xD;
             investigational agent for any reason.&#xD;
&#xD;
          -  Pregnant or breast-feeding women.&#xD;
      </textblock>
    </criteria>
    <gender>All</gender>
    <minimum_age>18 Years</minimum_age>
    <maximum_age>N/A</maximum_age>
    <healthy_volunteers>No</healthy_volunteers>
  </eligibility>
  <overall_official>
    <last_name>San Miguel Jesús, Dr</last_name>
    <role>Study Chair</role>
    <affiliation>PETHEMA Foundation</affiliation>
  </overall_official>
  <location>
    <facility>
      <name>Hospital Germans Trias I Pujol</name>
      <address>
        <city>Badalona</city>
        <country>Spain</country>
      </address>
    </facility>
  </location>
  <location>
    <facility>
      <name>Hospital Clinic y Provincial de Barcelona</name>
      <address>
        <city>Barcelona</city>
        <country>Spain</country>
      </address>
    </facility>
  </location>
  <location>
    <facility>
      <name>Hospital Santa Creu y Sant Pau.Barcelona</name>
      <address>
        <city>Barcelona</city>
        <country>Spain</country>
      </address>
    </facility>
  </location>
  <location>
    <facility>
      <name>Hospital Vall d´hebron</name>
      <address>
        <city>Barcelona</city>
        <country>Spain</country>
      </address>
    </facility>
  </location>
  <location>
    <facility>
      <name>Hospital Juan Canalejo</name>
      <address>
        <city>La Coruña</city>
        <country>Spain</country>
      </address>
    </facility>
  </location>
  <location>
    <facility>
      <name>Hospital 12 de Octubre</name>
      <address>
        <city>Madrid</city>
        <country>Spain</country>
      </address>
    </facility>
  </location>
  <location>
    <facility>
      <name>Hospital Clínico San Carlos.</name>
      <address>
        <city>Madrid</city>
        <country>Spain</country>
      </address>
    </facility>
  </location>
  <location>
    <facility>
      <name>Hospital Ramón y Cajal. Madrid</name>
      <address>
        <city>Madrid</city>
        <country>Spain</country>
      </address>
    </facility>
  </location>
  <location>
    <facility>
      <name>Hospital Morales Messeguer</name>
      <address>
        <city>Murcia</city>
        <country>Spain</country>
      </address>
    </facility>
  </location>
  <location>
    <facility>
      <name>Hospital Central de Asturias</name>
      <address>
        <city>Oviedo</city>
        <country>Spain</country>
      </address>
    </facility>
  </location>
  <location>
    <facility>
      <name>Hospital Universitario de Salamanca</name>
      <address>
        <city>Salamanca</city>
        <country>Spain</country>
      </address>
    </facility>
  </location>
  <location>
    <facility>
      <name>Hospital La Fe de Valencia</name>
      <address>
        <city>Valencia</city>
        <country>Spain</country>
      </address>
    </facility>
  </location>
  <location>
    <facility>
      <name>Hospital Lozano Blesa</name>
      <address>
        <city>Zaragoza</city>
        <country>Spain</country>
      </address>
    </facility>
  </location>
  <location_countries>
    <country>Spain</country>
  </location_countries>
  <link>
    <url>http://www.aehh.org</url>
    <description>Spanish association of Haematology</description>
  </link>
  <verification_date>February 2013</verification_date>
  <study_first_submitted>March 31, 2008</study_first_submitted>
  <study_first_submitted_qc>April 2, 2008</study_first_submitted_qc>
  <study_first_posted type="Estimate">April 3, 2008</study_first_posted>
  <last_update_submitted>February 27, 2013</last_update_submitted>
  <last_update_submitted_qc>February 27, 2013</last_update_submitted_qc>
  <last_update_posted type="Estimate">February 28, 2013</last_update_posted>
  <responsible_party>
    <responsible_party_type>Sponsor</responsible_party_type>
  </responsible_party>
  <keyword>Acute Myeloid Leukemia</keyword>
  <keyword>Relapsed</keyword>
  <keyword>Refractory</keyword>
  <condition_browse>
    <!-- CAUTION:  The following MeSH terms are assigned with an imperfect algorithm            -->
    <mesh_term>Leukemia</mesh_term>
    <mesh_term>Leukemia, Myeloid</mesh_term>
    <mesh_term>Leukemia, Myeloid, Acute</mesh_term>
  </condition_browse>
  <intervention_browse>
    <!-- CAUTION:  The following MeSH terms are assigned with an imperfect algorithm            -->
    <mesh_term>Bortezomib</mesh_term>
  </intervention_browse>
  <!-- Results have not yet been posted for this study                                          -->
</clinical_study>

