<?xml version="1.0" encoding="UTF-8"?>
<clinical_study rank="170">
  <!-- This xml conforms to an XML Schema at:
    https://clinicaltrials.gov/ct2/html/images/info/public.xsd -->
  <required_header>
    <download_date>ClinicalTrials.gov processed this data on February 06, 2024</download_date>
    <link_text>Link to the current ClinicalTrials.gov record.</link_text>
    <url>https://clinicaltrials.gov/ct2/show/NCT04392310</url>
  </required_header>
  <id_info>
    <org_study_id>Outcomes of AML</org_study_id>
    <nct_id>NCT04392310</nct_id>
  </id_info>
  <brief_title>Outcomes of Acute Myeloid Leukemia Patients</brief_title>
  <official_title>Outcomes of Acute Myeloid Leukemia Patients in Assiut University Hospital</official_title>
  <sponsors>
    <lead_sponsor>
      <agency>Assiut University</agency>
      <agency_class>Other</agency_class>
    </lead_sponsor>
  </sponsors>
  <source>Assiut University</source>
  <oversight_info>
    <is_fda_regulated_drug>No</is_fda_regulated_drug>
    <is_fda_regulated_device>No</is_fda_regulated_device>
  </oversight_info>
  <brief_summary>
    <textblock>
      1. To assess overall survival of AML patient.&#xD;
&#xD;
        2. To measure rate of disease free survival.&#xD;
&#xD;
        3. rate of non relapse mortality.&#xD;
&#xD;
        4. rate of complete remission .&#xD;
&#xD;
        5. percentage of refractory disease.&#xD;
&#xD;
        6. percentage of relapsed disease.&#xD;
    </textblock>
  </brief_summary>
  <detailed_description>
    <textblock>
      Acute myeloid leukemia (AML) is a malignant disorder of the bone marrow which is&#xD;
      characterized by malignant clonal expansion and differentiation arrest of myeloid progenitor&#xD;
      cells.&#xD;
&#xD;
      The etiology of AML is heterogeneous. In some patients, prior exposure to therapeutic,&#xD;
      occupational or environmental DNA-damaging agents is implicated, but most cases of AML remain&#xD;
      without a clear etiology.&#xD;
&#xD;
      The incidence of AML had been higher than that of the other three subtypes of leukemia (&#xD;
      [ALL], [CML], and [CLL])&amp; accounts for the highest percentage (62%) of leukemic deaths.&#xD;
&#xD;
      AML is primarily a disease of older adults. The age-adjusted incidence for those aged 65&#xD;
      years or older is 20.1 per 100,000 persones in comparison to 2.0 per 100,000 person-years for&#xD;
      those younger than 65 years old.&#xD;
&#xD;
      Males are 1.2-1.6 times more likely to develop AML during their lifetime as evidenced by&#xD;
      population-based studies in the US, UK, Canada, Denmark, Australia and Algeria. AML is one of&#xD;
      the most common form of Hematological Malignancy in adults and has the shortest survival&#xD;
      (5-year survival = 24%). Curative therapies, including intensive chemotherapy and allogeneic&#xD;
      stem cell transplantation, are generally applicable to a minority of patients who are younger&#xD;
      and fit, while most older individuals exhibit poor prognosis and survival. Differences in&#xD;
      patient outcomes are influenced by disease characteristics, access to care including active&#xD;
      therapies and supportive care, and other factors. After many years without therapeutic&#xD;
      advances, several new therapies have been approved and are expected to impact patient&#xD;
      outcomes, especially for older patients and those with refractory disease.&#xD;
    </textblock>
  </detailed_description>
  <overall_status>Unknown status</overall_status>
  <last_known_status>Not yet recruiting</last_known_status>
  <start_date type="Anticipated">June 1, 2020</start_date>
  <completion_date type="Anticipated">November 1, 2020</completion_date>
  <primary_completion_date type="Anticipated">October 1, 2020</primary_completion_date>
  <study_type>Observational</study_type>
  <has_expanded_access>No</has_expanded_access>
  <study_design_info>
    <observational_model>Other</observational_model>
    <time_perspective>Prospective</time_perspective>
  </study_design_info>
  <primary_outcome>
    <measure>Assessment of the overall survival of AML patients.</measure>
    <time_frame>One year</time_frame>
    <description>Assessment of the overall survival of AML patients.</description>
  </primary_outcome>
  <enrollment type="Anticipated">50</enrollment>
  <condition>Acute Myeloid Leukemia</condition>
  <eligibility>
    <study_pop>
      <textblock>
        Acute myeloid leukemia patients outcomes&#xD;
      </textblock>
    </study_pop>
    <sampling_method>Non-Probability Sample</sampling_method>
    <criteria>
      <textblock>
        Inclusion Criteria:&#xD;
&#xD;
          -  AML patients, aged more than 18yrs and received chemotherapy (aggressive or&#xD;
             palliative).&#xD;
&#xD;
        Exclusion Criteria:&#xD;
&#xD;
          -  patients less than 18years old.&#xD;
      </textblock>
    </criteria>
    <gender>All</gender>
    <minimum_age>18 Years</minimum_age>
    <maximum_age>70 Years</maximum_age>
    <healthy_volunteers>No</healthy_volunteers>
  </eligibility>
  <reference>
    <citation>De Kouchkovsky I, Abdul-Hay M. 'Acute myeloid leukemia: a comprehensive review and 2016 update'. Blood Cancer J. 2016 Jul 1;6(7):e441. doi: 10.1038/bcj.2016.50.</citation>
    <PMID>27367478</PMID>
  </reference>
  <verification_date>May 2020</verification_date>
  <study_first_submitted>September 27, 2019</study_first_submitted>
  <study_first_submitted_qc>May 13, 2020</study_first_submitted_qc>
  <study_first_posted type="Actual">May 18, 2020</study_first_posted>
  <last_update_submitted>May 13, 2020</last_update_submitted>
  <last_update_submitted_qc>May 13, 2020</last_update_submitted_qc>
  <last_update_posted type="Actual">May 18, 2020</last_update_posted>
  <responsible_party>
    <responsible_party_type>Principal Investigator</responsible_party_type>
    <investigator_affiliation>Assiut University</investigator_affiliation>
    <investigator_full_name>Alaa Abdelsalam Abodeif sayed</investigator_full_name>
    <investigator_title>Sohage_Tema</investigator_title>
  </responsible_party>
  <condition_browse>
    <!-- CAUTION:  The following MeSH terms are assigned with an imperfect algorithm            -->
    <mesh_term>Leukemia</mesh_term>
    <mesh_term>Leukemia, Myeloid</mesh_term>
    <mesh_term>Leukemia, Myeloid, Acute</mesh_term>
  </condition_browse>
  <!-- Results have not yet been posted for this study                                          -->
</clinical_study>

