<?xml version="1.0" encoding="UTF-8"?>
<clinical_study rank="245">
  <!-- This xml conforms to an XML Schema at:
    https://clinicaltrials.gov/ct2/html/images/info/public.xsd -->
  <required_header>
    <download_date>ClinicalTrials.gov processed this data on February 06, 2024</download_date>
    <link_text>Link to the current ClinicalTrials.gov record.</link_text>
    <url>https://clinicaltrials.gov/ct2/show/NCT05829226</url>
  </required_header>
  <id_info>
    <org_study_id>LYT-200-2022-02</org_study_id>
    <nct_id>NCT05829226</nct_id>
  </id_info>
  <brief_title>A Phase 1 Study With LYT-200 in Patients With Relapsed/Refractory Acute Myeloid Leukemia (AML), or With Relapsed/Refractory, High-risk Myelodysplastic Syndrome (MDS)</brief_title>
  <official_title>A Phase 1 Open-label, Multi-center Study of the Safety, Pharmacokinetics (PK), and Anti-tumor Activity of LYT- 200 in Patients With Relapsed/Refractory Acute Myeloid Leukemia (AML), or With Relapsed/Refractory, High-risk Myelodysplastic Syndrome (MDS)</official_title>
  <sponsors>
    <lead_sponsor>
      <agency>PureTech</agency>
      <agency_class>Industry</agency_class>
    </lead_sponsor>
  </sponsors>
  <source>PureTech</source>
  <oversight_info>
    <has_dmc>No</has_dmc>
    <is_fda_regulated_drug>Yes</is_fda_regulated_drug>
    <is_fda_regulated_device>No</is_fda_regulated_device>
  </oversight_info>
  <brief_summary>
    <textblock>
      A Phase 1 Open-label, Multi-center Study of the Safety, Pharmacokinetics (PK), and Anti-tumor&#xD;
      Activity of LYT- 200 in Patients with Relapsed/Refractory Acute Myeloid Leukemia (AML), or&#xD;
      with Relapsed/refractory, High-risk Myelodysplastic Syndrome (MDS)&#xD;
    </textblock>
  </brief_summary>
  <detailed_description>
    <textblock>
      This is an open-label, non-randomized, multi-center, Phase 1, dose escalation study in&#xD;
      patients with AML relapsed/refractory to at least one line of prior therapy, with or without&#xD;
      an allogeneic stem cell transplant, or in patients with a documented diagnosis of&#xD;
      relapsed/refractory, high-risk myelodysplastic syndrome (MDS) post at least one line of&#xD;
      treatment and for whom no standard therapy that may provide clinical benefit is available.&#xD;
      The 4+2 algorithm-based dose-escalation design will be used to help identify the recommended&#xD;
      Phase 2 dose (RP2D). Single agent LYT-200 and in combination with venetoclax and/or&#xD;
      hypomethylating agents (HMA) safety and tolerability evaluation is the primary study&#xD;
      endpoint, Pharmacokinetics (PK), and Anti-tumor Activity of LYT- 200 single agent and in&#xD;
      combination with venetoclax and/or HMAs are key secondary study endpoints.&#xD;
    </textblock>
  </detailed_description>
  <overall_status>Recruiting</overall_status>
  <start_date type="Actual">December 12, 2022</start_date>
  <completion_date type="Anticipated">May 2025</completion_date>
  <primary_completion_date type="Anticipated">February 2025</primary_completion_date>
  <phase>Phase 1</phase>
  <study_type>Interventional</study_type>
  <has_expanded_access>No</has_expanded_access>
  <study_design_info>
    <allocation>Non-Randomized</allocation>
    <intervention_model>Sequential Assignment</intervention_model>
    <intervention_model_description>A Phase 1 open-label, multi-center study. The 4+2 algorithm-based dose-escalation design in single agent LYT-200 and in combination with venetoclax and/or HMAs will be used to help identify the recommended Phase 2 dose (RP2D). Up to 6 patients per single treatment Cohorts 1-5 will receive infusions of LYT-200 every week (QW). Up to 6 patients per combination Cohorts 1-4 will receive infusions of LYT-200 QW and oral venetoclax every day and/or HMAs for 7 days (azacitidine) or 5 days (decitabine) per cycle.</intervention_model_description>
    <primary_purpose>Treatment</primary_purpose>
    <masking>None (Open Label)</masking>
  </study_design_info>
  <primary_outcome>
    <measure>Incidence of Treatment-Emergent Adverse Events [Safety and RP2D determination]</measure>
    <time_frame>approximately 1 year</time_frame>
    <description>Evaluation of safety parameters including treatment emergent adverse events as detected by hematology, chemistry, coagulation safety labs, physical exams, vital signs, ECG, ECHO/MUGA, ECOG status</description>
  </primary_outcome>
  <primary_outcome>
    <measure>Incidence of Dose Limiting Toxicities [Tolerability and RP2D determination]</measure>
    <time_frame>approximately 1 year</time_frame>
    <description>Evaluation of tolerability parameters including dose limiting toxicities as detected by hematology, chemistry, coagulation safety labs, physical exams, vital signs, ECG, ECHO/MUGA, ECOG status</description>
  </primary_outcome>
  <secondary_outcome>
    <measure>Rate of disease responses, time-to-event endpoints, hematological improvements</measure>
    <time_frame>approximately 1 year</time_frame>
    <description>Evaluate preliminary efficacy of LYT- 200 as a single agent in AML and MDS</description>
  </secondary_outcome>
  <secondary_outcome>
    <measure>Pharmacokinetic (PK) profile of LYT-200_Area Under the Curve (AUC)</measure>
    <time_frame>approximately 1 year</time_frame>
    <description>Characterize the PK profile of LYT-200</description>
  </secondary_outcome>
  <secondary_outcome>
    <measure>Pharmacokinetic (PK) profile of LYT-200_Concentration Max (CMax)</measure>
    <time_frame>approximately 1 year</time_frame>
    <description>Characterize the PK profile of LYT-200</description>
  </secondary_outcome>
  <secondary_outcome>
    <measure>Pharmacokinetic (PK) profile of LYT-200_Time to Reach CMax (TMax)</measure>
    <time_frame>approximately 1 year</time_frame>
    <description>Characterize the PK profile of LYT-200</description>
  </secondary_outcome>
  <other_outcome>
    <measure>Anti-Drug Antibody formation</measure>
    <time_frame>approximately 1 year</time_frame>
    <description>Assess the immunogenicity of LYT-200</description>
  </other_outcome>
  <number_of_arms>2</number_of_arms>
  <enrollment type="Anticipated">90</enrollment>
  <condition>AML, Adult Recurrent</condition>
  <condition>MDS</condition>
  <arm_group>
    <arm_group_label>Single agent dose escalation</arm_group_label>
    <arm_group_type>Experimental</arm_group_type>
    <description>LYT-200 in relapsed/refractory AML or relapsed/refractory high-risk MDS, administered via IV infusion over 60 minutes every week.</description>
  </arm_group>
  <arm_group>
    <arm_group_label>Combination agent dose escalation</arm_group_label>
    <arm_group_type>Experimental</arm_group_type>
    <description>LYT-200 in relapsed/refractory AML or relapsed/refractory high-risk MDS, administered via IV infusion over 60 minutes every week, in combination with oral venetoclax Day 1, 100 mg, Day 2, 200mg, Day 3-28, 400 mg and/or azacitidine, 75 mg/m2 subcutaneously given for 7 days per cycle or decitabine 20 mg/m2 IV for 5 days per cycle.</description>
  </arm_group>
  <intervention>
    <intervention_type>Drug</intervention_type>
    <intervention_name>LYT-200</intervention_name>
    <description>monoclonal antibody (mAb), targeting galectin-9 protein</description>
    <arm_group_label>Combination agent dose escalation</arm_group_label>
    <arm_group_label>Single agent dose escalation</arm_group_label>
  </intervention>
  <intervention>
    <intervention_type>Drug</intervention_type>
    <intervention_name>Venetoclax</intervention_name>
    <description>Bcl-2 inhibitor</description>
    <arm_group_label>Combination agent dose escalation</arm_group_label>
  </intervention>
  <intervention>
    <intervention_type>Drug</intervention_type>
    <intervention_name>Azacitidine</intervention_name>
    <description>Hypomethylating agent</description>
    <arm_group_label>Combination agent dose escalation</arm_group_label>
  </intervention>
  <intervention>
    <intervention_type>Drug</intervention_type>
    <intervention_name>Decitabine</intervention_name>
    <description>Hypomethylating agent</description>
    <arm_group_label>Combination agent dose escalation</arm_group_label>
  </intervention>
  <eligibility>
    <criteria>
      <textblock>
        Inclusion Criteria:&#xD;
&#xD;
          -  Patients ≥ 18 years of age at the time of obtaining informed consent.&#xD;
&#xD;
          -  Patients with morphologically documented primary or secondary AML by the World Health&#xD;
             Organization(WHO) criteria, whose disease is relapsed/refractory to at least one line&#xD;
             of prior therapy, with or without an allogeneic stem cell transplant and for whom no&#xD;
             standard therapy that may provide clinical benefit is available or for patients who&#xD;
             decline available standard of care.&#xD;
&#xD;
          -  Patients with a documented diagnosis of high-risk myelodysplastic syndrome (MDS),&#xD;
             whose disease is relapsed/refractory, post at least one line of treatment based on the&#xD;
             revised International Prognostic Scoring System (IPSS-R) and for whom no standard&#xD;
             therapy that may provide clinical benefit is available&#xD;
&#xD;
          -  Patients are able and willing to comply with study procedures as per protocol,&#xD;
             including bone marrowbiopsies.&#xD;
&#xD;
          -  Patient has an Eastern Cooperative Oncology Group (ECOG) performance status ≤ 2.&#xD;
&#xD;
          -  Patient must meet the following criteria as indicated on the clinical laboratory&#xD;
             tests:&#xD;
&#xD;
        oWhite blood cell (WBC) count at the time of the first dose of &lt; 25,000/uL. oAspartate&#xD;
        aminotransferase or alanine aminotransferase ≤ 3 × upper limit of normal (ULN; ≤ 5.0× ULN&#xD;
        if considered to be due to leukemic involvement). oTotal bilirubin ≤ 2 × ULN (≤ 3 × ULN if&#xD;
        considered to be due to leukemic involvement orGilbert's syndrome). oCreatinine clearance&#xD;
        of ≥ 60 mL/min.&#xD;
&#xD;
        Exclusion Criteria:&#xD;
&#xD;
          -  Patient diagnosed with acute promyelocytic leukemia (APL).&#xD;
&#xD;
          -  Patient has active malignant tumors other than AML/MDS&#xD;
&#xD;
          -  Patient has had HSCT and meets any of the following: has undergone HSCT within the 6-&#xD;
             month period prior to the first study dose; has ≥ Grade 2 persistent non-hematological&#xD;
             toxicity related to the transplant donor lymphocytes infusion.&#xD;
&#xD;
          -  Patient has active graft versus host disease (GVHD) and patients receiving&#xD;
             immunosuppressive treatment for GVHD.&#xD;
&#xD;
          -  Patient with symptomatic central nervous system (CNS) involvement of leukemia or other&#xD;
             CNS diseases related to underlying and secondary effects of malignancy&#xD;
&#xD;
          -  Patient has had major surgery within 4 weeks prior to the first study dose.&#xD;
&#xD;
          -  Patient has congestive heart failure New York Heart Association (NYHA) class 3 or 4,&#xD;
             or patient with a history of congestive heart failure NYHA class 3 or 4 in the past,&#xD;
             unless a screening echocardiogram or multigated acquisition (MUGA) scan performed&#xD;
             within 3 months prior to study entry results in a left ventricular ejection fraction&#xD;
             (LVEF) that is ≥ 45%.&#xD;
&#xD;
          -  Patient has any condition which, in the Investigator's opinion, makes the patient&#xD;
             unsuitable for study participation.&#xD;
      </textblock>
    </criteria>
    <gender>All</gender>
    <minimum_age>18 Years</minimum_age>
    <maximum_age>N/A</maximum_age>
    <healthy_volunteers>No</healthy_volunteers>
  </eligibility>
  <overall_official>
    <last_name>Aleksandra Filipovic, MD, PhD.</last_name>
    <role>Study Director</role>
    <affiliation>PureTech Health</affiliation>
  </overall_official>
  <overall_contact>
    <last_name>Chris Korth</last_name>
    <phone>617-982-2550</phone>
    <email>clinicaltrials@puretechhealth.com</email>
  </overall_contact>
  <overall_contact_backup>
    <last_name>Aleksandra Filipovic, MD, PhD.</last_name>
    <phone>617-982-2550</phone>
    <email>clinicaltrials@puretechhealth.com</email>
  </overall_contact_backup>
  <location>
    <facility>
      <name>Cedars-Sinai Medical Center</name>
      <address>
        <city>Los Angeles</city>
        <state>California</state>
        <zip>90048</zip>
        <country>United States</country>
      </address>
    </facility>
    <status>Recruiting</status>
  </location>
  <location>
    <facility>
      <name>University of California Irvine Medical Center</name>
      <address>
        <city>Orange</city>
        <state>California</state>
        <zip>92868</zip>
        <country>United States</country>
      </address>
    </facility>
    <status>Recruiting</status>
  </location>
  <location>
    <facility>
      <name>Baptist Health South Florida-Miami Cancer Institute</name>
      <address>
        <city>Miami</city>
        <state>Florida</state>
        <zip>02114</zip>
        <country>United States</country>
      </address>
    </facility>
    <status>Recruiting</status>
  </location>
  <location>
    <facility>
      <name>Norton Healthcare-Norton Cancer Institute</name>
      <address>
        <city>Louisville</city>
        <state>Kentucky</state>
        <zip>40207</zip>
        <country>United States</country>
      </address>
    </facility>
    <status>Recruiting</status>
  </location>
  <location>
    <facility>
      <name>Mass. General Hospital-Harvard</name>
      <address>
        <city>Boston</city>
        <state>Massachusetts</state>
        <zip>02114</zip>
        <country>United States</country>
      </address>
    </facility>
    <status>Recruiting</status>
  </location>
  <location>
    <facility>
      <name>Karmanos Cancer Institute</name>
      <address>
        <city>Detroit</city>
        <state>Michigan</state>
        <zip>48201</zip>
        <country>United States</country>
      </address>
    </facility>
    <status>Recruiting</status>
  </location>
  <location>
    <facility>
      <name>Rutgers Cancer Institute of New Jersey</name>
      <address>
        <city>New Brunswick</city>
        <state>New Jersey</state>
        <zip>08901</zip>
        <country>United States</country>
      </address>
    </facility>
    <status>Recruiting</status>
  </location>
  <location>
    <facility>
      <name>Rhode Island Hospital</name>
      <address>
        <city>Providence</city>
        <state>Rhode Island</state>
        <zip>02903</zip>
        <country>United States</country>
      </address>
    </facility>
    <status>Recruiting</status>
  </location>
  <location>
    <facility>
      <name>Virginia Commonwealth University Medical Center</name>
      <address>
        <city>Richmond</city>
        <state>Virginia</state>
        <zip>23219</zip>
        <country>United States</country>
      </address>
    </facility>
    <status>Recruiting</status>
  </location>
  <location_countries>
    <country>United States</country>
  </location_countries>
  <verification_date>March 2023</verification_date>
  <study_first_submitted>March 30, 2023</study_first_submitted>
  <study_first_submitted_qc>April 12, 2023</study_first_submitted_qc>
  <study_first_posted type="Actual">April 25, 2023</study_first_posted>
  <last_update_submitted>January 9, 2024</last_update_submitted>
  <last_update_submitted_qc>January 9, 2024</last_update_submitted_qc>
  <last_update_posted type="Actual">January 11, 2024</last_update_posted>
  <responsible_party>
    <responsible_party_type>Sponsor</responsible_party_type>
  </responsible_party>
  <keyword>AML Recurrent</keyword>
  <keyword>AML Relapsed</keyword>
  <keyword>AML Refractory</keyword>
  <keyword>Hematological Cancer</keyword>
  <keyword>Gal-9</keyword>
  <keyword>Immuno-oncology</keyword>
  <keyword>MDS</keyword>
  <keyword>MDS High Risk</keyword>
  <condition_browse>
    <!-- CAUTION:  The following MeSH terms are assigned with an imperfect algorithm            -->
    <mesh_term>Leukemia, Myeloid, Acute</mesh_term>
    <mesh_term>Preleukemia</mesh_term>
    <mesh_term>Myelodysplastic Syndromes</mesh_term>
  </condition_browse>
  <intervention_browse>
    <!-- CAUTION:  The following MeSH terms are assigned with an imperfect algorithm            -->
    <mesh_term>Azacitidine</mesh_term>
    <mesh_term>Decitabine</mesh_term>
    <mesh_term>Venetoclax</mesh_term>
  </intervention_browse>
  <!-- Results have not yet been posted for this study                                          -->
</clinical_study>

