<?xml version="1.0" encoding="UTF-8"?>
<clinical_study rank="138">
  <!-- This xml conforms to an XML Schema at:
    https://clinicaltrials.gov/ct2/html/images/info/public.xsd -->
  <required_header>
    <download_date>ClinicalTrials.gov processed this data on February 06, 2024</download_date>
    <link_text>Link to the current ClinicalTrials.gov record.</link_text>
    <url>https://clinicaltrials.gov/ct2/show/NCT05319249</url>
  </required_header>
  <id_info>
    <org_study_id>NAKIP_01_2022</org_study_id>
    <nct_id>NCT05319249</nct_id>
  </id_info>
  <brief_title>Natural Killer Cell Immunotherapy in Combination With PARP-inhibition in Acute Myeloid Leukemia</brief_title>
  <acronym>NAKIP-AML</acronym>
  <official_title>Natural Killer Cell Immunotherapy in Combination With PARP-inhibition to Overcome NKG2D Mediated Immune Evasion in Acute Myeloid Leukemia</official_title>
  <sponsors>
    <lead_sponsor>
      <agency>German Cancer Research Center</agency>
      <agency_class>Other</agency_class>
    </lead_sponsor>
  </sponsors>
  <source>German Cancer Research Center</source>
  <oversight_info>
    <is_fda_regulated_drug>No</is_fda_regulated_drug>
    <is_fda_regulated_device>No</is_fda_regulated_device>
  </oversight_info>
  <brief_summary>
    <textblock>
      Therapy resistance remains the major obstacle to cure in many types of cancer. In particular&#xD;
      in leukemia, therapy resistance depends on leukemic stem cells (LSC) that exhibit inherent&#xD;
      therapy resistance to multiple drugs and contribute to overt leukemic relapse. Cellular&#xD;
      therapies alone or in combination with other targeted or chemotherapeutic approaches can&#xD;
      overcome drug mediated therapy resistance and induce long lasting remissions. Several trials&#xD;
      have shown that adoptive transfer of allogeneic NK cells can induce clinical remission in&#xD;
      patients with myeloid malignancies. In addition, the antileukemic efficacy of alloreactive NK&#xD;
      cells has been shown to facilitate cure after T cell depleted haploidentical stem cell&#xD;
      transplantation. Recently, it was demonstrated that absence of NKGD2 ligand expression on&#xD;
      leukemic stem cells determines therapy resistance and immune escape towards NK cells in AML.&#xD;
      PARP1 inhibitors can induce re-expression of NKG2D ligands. This phase I/II clinical trial&#xD;
      will evaluate the combination of NK cell therapy and PARP inhibition by Talazoparib in&#xD;
      patients with poor prognosis AML as characterized by Minimal Residual Disease (MRD) or overt&#xD;
      relapse with less than 20% bone marrow blasts. The hypothesis that allogeneic NK cell therapy&#xD;
      combined with PARP inhibition will increase the response rate (CR/CRi for relapsed/&#xD;
      refractory patients and MRD-response for MRD positive patients) from 35% to 60% will be&#xD;
      tested. The co-primary endpoints are i) response to treatment defined as complete remission&#xD;
      (CR) for patients with overt leukemia at time of inclusion and MRD decrease &gt;1log10 for&#xD;
      patients with rising MRD at time of inclusion as well as ii) safety and feasibility of the&#xD;
      protocol. Key secondary endpoints are event free survival and overall survival. Two cohorts&#xD;
      will be assessed independently: patients with i) overt leukemia and ii) patients with rising&#xD;
      MRD at time of inclusion. Safety and feasibility will be analyzed continuously during the&#xD;
      entire trial. The NAKIP-AML trial will analyze efficacy and feasibility of NK cell&#xD;
      transplantation together with PARP1 inhibition.&#xD;
    </textblock>
  </brief_summary>
  <overall_status>Not yet recruiting</overall_status>
  <start_date type="Anticipated">June 2023</start_date>
  <completion_date type="Anticipated">June 2027</completion_date>
  <primary_completion_date type="Anticipated">June 2027</primary_completion_date>
  <phase>Phase 1/Phase 2</phase>
  <study_type>Interventional</study_type>
  <has_expanded_access>No</has_expanded_access>
  <study_design_info>
    <allocation>N/A</allocation>
    <intervention_model>Single Group Assignment</intervention_model>
    <primary_purpose>Treatment</primary_purpose>
    <masking>None (Open Label)</masking>
  </study_design_info>
  <primary_outcome>
    <measure>complete remission (CR/CRi)</measure>
    <time_frame>Collected at a minimum at baseline, day 28 and latest on day 42</time_frame>
    <description>response defined as complete remission (CR/CRi) for patients with overt leukemia at time of inclusion and MRD decrease &gt;1log10 for patients with rising MRD at time of inclusion.</description>
  </primary_outcome>
  <secondary_outcome>
    <measure>EFS - Event-free survival</measure>
    <time_frame>EFS is defined as the time of entry into the study to the date of primary refractory disease, or relapse from CR, or CRi, or death from any cause, whichever comes first, assessed up to 42 days.</time_frame>
    <description>Event-free survival</description>
  </secondary_outcome>
  <secondary_outcome>
    <measure>RFS -Relapse-free survival</measure>
    <time_frame>Defined as the time from achieving a remission until the date of relapse or death from any cause, whichever comes first, assessed up to 42 days.</time_frame>
    <description>RFS is defined only for patients achieving CR or CRi</description>
  </secondary_outcome>
  <secondary_outcome>
    <measure>OS - Overall survival</measure>
    <time_frame>OS is defined as the time from entry into the trial to the date of death from any cause, assessed up to 42 days.</time_frame>
    <description>Overall survival</description>
  </secondary_outcome>
  <secondary_outcome>
    <measure>MRD</measure>
    <time_frame>Collected at a minimum at baseline, day 28 and latest on day 42</time_frame>
    <description>Measurable Residual Disease</description>
  </secondary_outcome>
  <secondary_outcome>
    <measure>QoL - Quality of life - QLQ-C30</measure>
    <time_frame>QoL is assessed at baseline and latest on day 42.</time_frame>
    <description>Validated 30-item self-assessment questionnaire to assess quality of life aspects. The items are rated on a 4-point Likert scale ranging from 1 (not at all) to 4 (very much) with higher scores meaning a higher level of fatigue.</description>
  </secondary_outcome>
  <number_of_arms>1</number_of_arms>
  <enrollment type="Anticipated">54</enrollment>
  <condition>Acute Myeloid Leukemia</condition>
  <arm_group>
    <arm_group_label>NK cells combined with PARP inhibition</arm_group_label>
    <arm_group_type>Experimental</arm_group_type>
    <description>Combination of NK cell therapy and PARP inhibition by Talazoparib after immunosuppression with cyclophosphamide and fludarabine</description>
  </arm_group>
  <intervention>
    <intervention_type>Biological</intervention_type>
    <intervention_name>NK cells</intervention_name>
    <description>NK cells will be given as a single intravenous infusion.</description>
    <arm_group_label>NK cells combined with PARP inhibition</arm_group_label>
    <other_name>Haploidentical human allogeneic NK cells</other_name>
  </intervention>
  <intervention>
    <intervention_type>Drug</intervention_type>
    <intervention_name>Talazoparib 1 MG [Talzenna]</intervention_name>
    <description>Subjects will receive treatment with Talazoparib capsules 1 mg/day (4 days) with subsequent intravenous NK cell infusion.</description>
    <arm_group_label>NK cells combined with PARP inhibition</arm_group_label>
    <other_name>Talzenna</other_name>
  </intervention>
  <eligibility>
    <criteria>
      <textblock>
        Inclusion Criteria:&#xD;
&#xD;
          1. Patients with confirmed diagnosis of AML according to WHO-2016 (Arber, Orazi et al.&#xD;
             2016) (except acute promyelocytic leukemia) with either de novo AML, AML after&#xD;
             preceding myelodysplastic or myeloproliferative syndrome (MDS/MPD), and therapy-&#xD;
             related AML (t-AML) after previous cytotoxic therapy or radiation are eligible.&#xD;
&#xD;
             A) Relapsed or Refractory AML with less than 20% bone marrow blasts and less than 20%&#xD;
             blasts in peripheral blood.&#xD;
&#xD;
             B) Rising MRD levels (&gt;3 fold) as detected by either molecular genetics or flow&#xD;
             cytometry in patients still in hematologic remission.&#xD;
&#xD;
          2. Patients who received at least one line of AML therapy. This is defined as either stem&#xD;
             cell transplantation or intensive AML therapy or palliative AML therapy containing at&#xD;
             least one of the following drugs Azacitidine, Decitabine, Cytarabine, Venetoclax or an&#xD;
             FLT3 inhibitor..&#xD;
&#xD;
          3. Discontinuation of prior AML treatment before the start of study treatment for at&#xD;
             least 107 days for cytotoxic agents and ≥ 53 half-lives for non-cytotoxic /&#xD;
             investigational drug treatment preceding the first dose of trial medications.&#xD;
&#xD;
          4. Age ≥ 18 years&#xD;
&#xD;
          5. ECOG ≤2&#xD;
&#xD;
          6. Pregnancy and childbearing potential:&#xD;
&#xD;
               -  Non-pregnant and non-nursing women of childbearing potential must have a negative&#xD;
                  serum or urine ß-HCG pregnancy test within a sensitivity of at least 25 mIU/mL&#xD;
                  within 72 hours prior to registration. (&quot;Women of childbearing potential&quot; is&#xD;
                  defined as a sexually active mature woman who has not undergone a hysterectomy or&#xD;
                  who has had menses at any time in the preceding 24 consecutive months).&#xD;
&#xD;
               -  Female patients of reproductive age must agree to avoid getting pregnant while on&#xD;
                  therapy.&#xD;
&#xD;
               -  Women of child-bearing potential must either commit to continued abstinence from&#xD;
                  heterosexual intercourse or begin highly effective methods (referring to&#xD;
                  recommendation of the CTFG) of birth control during study and at least 6 months&#xD;
                  (women), after end of treatment.&#xD;
&#xD;
               -  Men must use a latex condom during any sexual contact with women of childbearing&#xD;
                  potential, even if they have undergone a successful vasectomy and must agree to&#xD;
                  avoid to father a child during study and until 6 months after end of treatment.&#xD;
&#xD;
          7. Willingness of patients to adhere to protocol specific requirements and capacity to&#xD;
             give written informed consent&#xD;
&#xD;
          8. Ability of patient to understand the character and individual consequences of clinical&#xD;
             trial&#xD;
&#xD;
          9. Following receipt of verbal and written information about the study, the patient must&#xD;
             provide signed informed consent before any study related activity is carried out.&#xD;
&#xD;
         10. Suitable donor for NK cell transplantation&#xD;
&#xD;
        Exclusion Criteria:&#xD;
&#xD;
        Patients presenting with any of the following criteria will not be included in the trial:&#xD;
&#xD;
          1. Acute promyelocytic leukemia (AML M3)&#xD;
&#xD;
          2. AML in which less than 10% of the blasts express the CD34 surface marker expression as&#xD;
             analyzed at the local laboratory.&#xD;
&#xD;
          3. Known central nervous system manifestation of AML&#xD;
&#xD;
          4. Uncontrolled or significant cardiovascular disease, including any of the following:&#xD;
&#xD;
               -  Heart failure NYHA class 3 or 4&#xD;
&#xD;
               -  Left ventricular ejection fraction (LVEF) ≤ 40% by echocardiogram ECHO)&#xD;
&#xD;
               -  History of uncontrolled angina pectoris or myocardial infarction within 12 months&#xD;
                  prior to screening&#xD;
&#xD;
               -  History of second (Mobitz II) or third-degree heart block or any cardiac&#xD;
                  arrhythmias requiring anti-arrhythmic therapy (beta blockers or digoxin are&#xD;
                  permitted)&#xD;
&#xD;
          5. Pregnant or nursing women&#xD;
&#xD;
          6. Chronically impaired renal function (creatinine clearance &lt; 30 ml / min)&#xD;
&#xD;
          7. Organ dysfunction (e.g. liver, kidney, lung, heart) which in the opinion of the&#xD;
             treating physician decreases life expectancy to less than three months.&#xD;
&#xD;
          8. Kidney failure with a calculated glomerular filtration rate &lt;30 ml/min or bilirubin&#xD;
             &gt;2-fold the upper reference limit of the local laboratory.&#xD;
&#xD;
          9. HIV infection and/or active hepatitis B or C infection (active hepatitis B defined by&#xD;
             HBs Ag positivity, anti HBs positivity or anti-HBC positivity, active hepatitis C&#xD;
             defined by positive virus load).&#xD;
&#xD;
         10. Evidence or history of severe non-leukemia associated bleeding diathesis or&#xD;
             coagulopathy&#xD;
&#xD;
         11. Uncontrolled active infection&#xD;
&#xD;
         12. Concurrent malignancies other than AML with an estimated life expectancy of less than&#xD;
             two years&#xD;
&#xD;
         13. Known hypersensitivity to PARP inhibitors&#xD;
&#xD;
         14. Isolated extramedullary manifestation of AML&#xD;
&#xD;
         15. Patients &lt; 100 days after allogeneic stem cell transplantation at the time of&#xD;
             screening&#xD;
&#xD;
         16. Expected non-compliance of patient&#xD;
      </textblock>
    </criteria>
    <gender>All</gender>
    <minimum_age>18 Years</minimum_age>
    <maximum_age>N/A</maximum_age>
    <healthy_volunteers>No</healthy_volunteers>
  </eligibility>
  <overall_contact>
    <last_name>Carsten Müller-Tidow, Prof. Dr.</last_name>
    <phone>+49622156</phone>
    <phone_ext>8001</phone_ext>
    <email>carsten.mueller-tidow@med.uni-heidelberg.de</email>
  </overall_contact>
  <overall_contact_backup>
    <last_name>Richard F. Schlenk, Prof.Dr.</last_name>
    <phone>+49622156</phone>
    <phone_ext>6228</phone_ext>
    <email>richard.schlenk@nct-heidelberg.de</email>
  </overall_contact_backup>
  <verification_date>January 2023</verification_date>
  <study_first_submitted>March 21, 2022</study_first_submitted>
  <study_first_submitted_qc>March 31, 2022</study_first_submitted_qc>
  <study_first_posted type="Actual">April 8, 2022</study_first_posted>
  <last_update_submitted>January 9, 2023</last_update_submitted>
  <last_update_submitted_qc>January 9, 2023</last_update_submitted_qc>
  <last_update_posted type="Actual">January 10, 2023</last_update_posted>
  <responsible_party>
    <responsible_party_type>Sponsor</responsible_party_type>
  </responsible_party>
  <condition_browse>
    <!-- CAUTION:  The following MeSH terms are assigned with an imperfect algorithm            -->
    <mesh_term>Leukemia</mesh_term>
    <mesh_term>Leukemia, Myeloid</mesh_term>
    <mesh_term>Leukemia, Myeloid, Acute</mesh_term>
  </condition_browse>
  <intervention_browse>
    <!-- CAUTION:  The following MeSH terms are assigned with an imperfect algorithm            -->
    <mesh_term>Talazoparib</mesh_term>
  </intervention_browse>
  <!-- Results have not yet been posted for this study                                          -->
</clinical_study>

