<?xml version="1.0" encoding="UTF-8"?>
<clinical_study rank="272">
  <!-- This xml conforms to an XML Schema at:
    https://clinicaltrials.gov/ct2/html/images/info/public.xsd -->
  <required_header>
    <download_date>ClinicalTrials.gov processed this data on February 06, 2024</download_date>
    <link_text>Link to the current ClinicalTrials.gov record.</link_text>
    <url>https://clinicaltrials.gov/ct2/show/NCT01236144</url>
  </required_header>
  <id_info>
    <org_study_id>SPON 845-10</org_study_id>
    <secondary_id>2010-021444-18</secondary_id>
    <secondary_id>10/MRE09/27</secondary_id>
    <nct_id>NCT01236144</nct_id>
  </id_info>
  <brief_title>A Trial to Establish the Feasibility of Combining Either the Tyrosine Kinase Inhibitor AC220,CXCR4 Inhibitor Plerixafor or HSP90 Inhibitor Ganetespib With Chemotherapy in Older Patients With Acute Myeloid Leukaemia and High Risk Myelodysplastic Syndrome.</brief_title>
  <acronym>AML18 Pilot</acronym>
  <official_title>An NCRI Acute Myeloid Leukaemia Working Group Pilot Trial Under the Auspices of the Cardiff Experimental Cancer Medicine Centre to Establish the Feasibility of Combining Either the Tyrosine Kinase Inhibitor AC220,CXCR4 Inhibitor Plerixafor or HSP90 Inhibitor Ganetespib With Chemotherapy in Older Patients With Acute Myeloid Leukaemia and High Risk Myelodysplastic Syndrome.</official_title>
  <sponsors>
    <lead_sponsor>
      <agency>Cardiff University</agency>
      <agency_class>Other</agency_class>
    </lead_sponsor>
    <collaborator>
      <agency>Leukaemia &amp; Lymphoma Research Group</agency>
      <agency_class>Other</agency_class>
    </collaborator>
    <collaborator>
      <agency>Experimental Cancer Medicine Centres</agency>
      <agency_class>Other</agency_class>
    </collaborator>
  </sponsors>
  <source>Cardiff University</source>
  <oversight_info>
    <has_dmc>Yes</has_dmc>
  </oversight_info>
  <brief_summary>
    <textblock>
      The AML18 Pilot Trial will evaluate the feasibility of three interventions that are planned&#xD;
      to be included in the forthcoming NCRI AML18 Trial. One intervention will be to evaluate&#xD;
      combining the Tyrosine Kinase Inhibitor AC220 with three courses of standard DAE&#xD;
      (Daunorubicin, Ara-C, Etoposide). AC220 will be given following each treatment course, daily&#xD;
      by mouth for 7, 14 or 21 days. AC220 will be evaluated at 3 dose levels of 60, 90 and 135 mg&#xD;
      flat dose. A 4th dose level of 40 mg will be introduced should patients not respond well to&#xD;
      60 mg. The second intervention to be tested is the combination of the CXCR4 inhibitor&#xD;
      Plerixafor with up to three courses of the chemotherapy combination of DClo (Daunorubicin,&#xD;
      Clofarabine). Patients/investigators will be able to choose which intervention to enter.&#xD;
      Depending on recruitment requirements, only one intervention might be available at any one&#xD;
      time. The third intervention Patients will receive 3 treatments of 100 mg of ganetespib on&#xD;
      days 1, 8 and 15 of each course where day 1 is the first day of the chemotherapy. The&#xD;
      chemotherapy will be DAE/DAE/DA. Three courses of chemotherapy will be given each of which&#xD;
      will be associated with 3 administrations of ganetespib.&#xD;
    </textblock>
  </brief_summary>
  <detailed_description>
    <textblock>
      The AML18 Pilot Trial is available to any patient who has primary or secondary AML as defined&#xD;
      by the WHO Classification (Appendix A) (excluding Acute Promyelocytic Leukaemia), or high&#xD;
      risk Myelodysplastic Syndrome (i.e. &gt; 10% marrow blasts) who is not considered suitable for&#xD;
      the current NCRI trial for younger patients (MRC AML 17). This trial has the primary aim of&#xD;
      assessing the feasibility of three treatments that are planned for the forthcoming NCRI AML18&#xD;
      Trial. The first is the feasibility of adding AC220, given sequentially initially for 7 days,&#xD;
      to three courses of standard chemotherapy. AC220 will be assessed at up to three daily dose&#xD;
      levels: - 60mg/day, 90mg/day, 135 mg/day and also, if required, at 40mg/day. The protocol&#xD;
      will also assess in a separate study cohort the feasibility of combining the CXCR4 inhibitor,&#xD;
      Plerixafor, at a fixed dose in combination with up to three courses of chemotherapy. The&#xD;
      third intervention patients will receive 3 treatments of ganetespib on days 1, 8 and 15 of&#xD;
      each course where day 1 is the first day of the chemotherapy. The chemotherapy will be&#xD;
      DAE/DAE/DA. Three courses of chemotherapy will be given each of which will be associated with&#xD;
      3 administrations of ganetespib.&#xD;
&#xD;
      THERAPEUTIC INTERVENTIONS&#xD;
&#xD;
      Therapeutic Interventions for AC220 Assessment:&#xD;
&#xD;
      Patients will enter one of 3 dose level cohorts either 60mg/day, 90mg/day or 135mg/day with&#xD;
      the provision to assess 40mg/day if required. Each cohort will receive three courses of&#xD;
      chemotherapy approximately 4 to 5 weeks apart, which will comprise DAE ( Daunorubicin, Ara-C,&#xD;
      Etoposide) over 10 days (Course 1) , DAE over 8 days (Course 2) and DA (Daunorubicin, Ara-C)&#xD;
      over 5 days (Course 3). Two days after the last day of chemotherapy patients will receive the&#xD;
      AC220 orally, daily for 7 consecutive days. Formal safety and pharmaco-kinetic assessments&#xD;
      will be undertaken on day 1, 7 and 14 of each course of AC220, and interim toxicities will&#xD;
      also be required to be reported. Sufficient patients must enter each AC220 dose level cohort&#xD;
      to ensure that at least 3 patients are evaluable for all three courses. Cohort 2&#xD;
      (i.e.60mg/day for 14 days) can open to recruitment after a minimum of 3 evaluable patients&#xD;
      have completed course 1. Cohort 3 (40mg/day dose level for either 7/14 days) will be&#xD;
      undertaken if cohort 1 or 2 are unsuccessful i.e. fail to satisfy the safety criteria.&#xD;
&#xD;
      It is anticipated that the 'study dose' will be established from the experience of cohorts 1&#xD;
      to 5. Cohort 6 ('study dose') will receive AC220 for 21 days after each chemotherapy course.&#xD;
      In this cohort there must be a minimum of a 10 days break between the end of the AC220 course&#xD;
      and the start of the subsequent chemotherapy course.&#xD;
&#xD;
      Therapeutic Interventions for Plerixafor Assessment:&#xD;
&#xD;
      The aim is to assess the feasibility of combining a fixed dose (240mcg/kg) of Plerixafor&#xD;
      given on each day of chemotherapy for up to 3 courses, and if so to combine this with G-CSF&#xD;
      in courses 2 and 3. The three chemotherapy courses will be Daunorubicin/Clofarabine (DClo)&#xD;
      for courses 1 &amp; 2 and Daunorubicin/Ara-C (DA) for course 3. Each course will last 5 days and&#xD;
      Plerixafor will be given for 5 days.&#xD;
&#xD;
      Cohort 1 will receive three courses of chemotherapy with Plerixafor in course 1 only. Cohort&#xD;
      2 will receive three courses with Plerixafor in course 1 and 2. Cohort 3 will receive&#xD;
      chemotherapy with Plerixafor in all three courses. Cohort 4 will be the same as cohort 3 but&#xD;
      they will also receive G-CSF in course 2 and 3.&#xD;
&#xD;
      Therapeutic Interventions for Ganetespib Assessment:&#xD;
&#xD;
      There will be one feasibility cohort of 10 evaluable patients who require to be evaluable&#xD;
      after 30 days after the first course, where day 1 is the first day of chemotherapy. Patients&#xD;
      will receive 3 treatments of ganetespib on days 1, 8 and 15 of each course where day 1 is the&#xD;
      first day of the chemotherapy. The chemotherapy will be DAE/DAE/DA. Three courses of&#xD;
      chemotherapy will be given each of which will be associated with 3 administrations of&#xD;
      ganetespib.&#xD;
    </textblock>
  </detailed_description>
  <overall_status>Completed</overall_status>
  <start_date>April 2011</start_date>
  <completion_date type="Actual">January 2014</completion_date>
  <primary_completion_date type="Actual">December 2013</primary_completion_date>
  <phase>Phase 1/Phase 2</phase>
  <study_type>Interventional</study_type>
  <has_expanded_access>No</has_expanded_access>
  <study_design_info>
    <allocation>Randomized</allocation>
    <intervention_model>Single Group Assignment</intervention_model>
    <primary_purpose>Treatment</primary_purpose>
    <masking>None (Open Label)</masking>
  </study_design_info>
  <primary_outcome>
    <measure>Response (CR, CRi, PR) achievement, and reasons for failure</measure>
    <time_frame>Duration of treatment</time_frame>
  </primary_outcome>
  <primary_outcome>
    <measure>Mortality</measure>
    <time_frame>At 30 days and 8 weeks</time_frame>
  </primary_outcome>
  <primary_outcome>
    <measure>Toxicity (haematological and non-haematological)</measure>
    <time_frame>Duration of trial treatment</time_frame>
  </primary_outcome>
  <primary_outcome>
    <measure>Survival</measure>
    <time_frame>At 6 and 12 months</time_frame>
  </primary_outcome>
  <number_of_arms>3</number_of_arms>
  <enrollment type="Actual">113</enrollment>
  <condition>Acute Myeloid Leukaemia</condition>
  <condition>High Risk Myelodysplastic Syndrome</condition>
  <arm_group>
    <arm_group_label>AC220 Intervention</arm_group_label>
    <arm_group_type>Experimental</arm_group_type>
  </arm_group>
  <arm_group>
    <arm_group_label>Plerixafor Intervention</arm_group_label>
    <arm_group_type>Experimental</arm_group_type>
  </arm_group>
  <arm_group>
    <arm_group_label>Ganetespib</arm_group_label>
    <arm_group_type>Experimental</arm_group_type>
  </arm_group>
  <intervention>
    <intervention_type>Drug</intervention_type>
    <intervention_name>Plerixafor</intervention_name>
    <description>Fixed dose of Plerixafor (240mcg/kg) given by subcutaneous injection on each day of chemotherapy for up to 3 courses (depending on cohort). The three chemotherapy courses will be Daunorubicin/Clofarabine for courses 1&amp;2 and Daunorubicin/Ara-C for course 3. Each course will last 5 days, and Plerixafor will be given for 5 days.</description>
    <arm_group_label>Plerixafor Intervention</arm_group_label>
    <other_name>Mozobil</other_name>
  </intervention>
  <intervention>
    <intervention_type>Drug</intervention_type>
    <intervention_name>AC220</intervention_name>
    <description>Each cohort of patients will receive three courses of chemotherapy approximately 4 to 5 weeks apart which will comprise of Daunorubicin/Ara-C/Etoposide in Courses 1&amp;2 and Daunorubicin/Ara-C in Course 3. Two days after the last day of each chemotherapy course, patients will receive AC220 orally for 7, 14 or 21 (depending on cohort) consecutive days. Depending on which cohort the patient enters, they will receive either 60mg, 90mg or 135mg of AC220 daily, with a provision to assess 40mg if necessary.</description>
    <arm_group_label>AC220 Intervention</arm_group_label>
  </intervention>
  <intervention>
    <intervention_type>Drug</intervention_type>
    <intervention_name>Ganetespib</intervention_name>
    <description>Patients will receive 3 treatments of ganetespib on days 1, 8 and 15 of each course where day 1 is the first day of the chemotherapy. The chemotherapy will be DAE/DAE/DA. Three courses of chemotherapy will be given each of which will be associated with 3 administrations of ganetespib.</description>
    <arm_group_label>Ganetespib</arm_group_label>
  </intervention>
  <eligibility>
    <criteria>
      <textblock>
        Inclusion Criteria:&#xD;
&#xD;
          -  They have one of the forms of acute myeloid leukaemia, except Acute Promyelocytic&#xD;
             Leukaemia or CML in blast crisis as defined by the WHO Classification (Appendix A) -&#xD;
             this can be any type of de novo or secondary AML - or high risk Myelodysplastic&#xD;
             Syndrome, defined as greater than 10% marrow blasts (RAEB-2).&#xD;
&#xD;
          -  Serum creatinine ≤ 1.5 × ULN (upper limit of normal)&#xD;
&#xD;
          -  White cell count of &lt;30 x 109/L at diagnosis (for Plerixafor option only). If WCC is&#xD;
             &gt;30 x 109/l patients in the Plerixafor pilot should have the WCC reduced to &lt;30 x&#xD;
             109/L using Hydroxycarbamide to avoid the risk of hyperleucocytosis&#xD;
&#xD;
          -  Serum potassium, magnesium, and calcium levels should be at least within institutional&#xD;
             normal limits, and every effort should be made to keep potassium at institutional&#xD;
             normal limits, and every effort should be made to keep potassium concentrations above&#xD;
             4.0 mEq/dL, and serum calcium at normal concentration.&#xD;
&#xD;
          -  Total serum bilirubin ≤ 1.5 × ULN (upper limit of normal) and serum aspartate&#xD;
             transaminase (AST) and/or alanine transaminase (ALT) ≤ 2.5 × ULN&#xD;
&#xD;
          -  Sexually mature males must agree to use an adequate and medically accepted method of&#xD;
             contraception throughout the study if their sexual partners are women of child bearing&#xD;
             potential (WOCBP).&#xD;
&#xD;
          -  Over 60 years of age&#xD;
&#xD;
          -  Provided written informed consent&#xD;
&#xD;
        Exclusion Criteria:&#xD;
&#xD;
          -  They have previously received cytotoxic chemotherapy for AML. [Hydroxycarbamide, or&#xD;
             similar low-dose therapy, to control the white count prior to initiation of intensive&#xD;
             therapy is not an exclusion].&#xD;
&#xD;
          -  They are in blast transformation of chronic myeloid leukaemia (CML).&#xD;
&#xD;
          -  They have a concurrent active malignancy excluding basal cell carcinoma.&#xD;
&#xD;
          -  They are pregnant or lactating.&#xD;
&#xD;
          -  They have Acute Promyelocytic Leukaemia&#xD;
&#xD;
          -  Known infection with human immunodeficiency virus (HIV)&#xD;
&#xD;
        Patients are not eligible for the AC220 option if they have:&#xD;
&#xD;
          -  Uncontrolled or significant cardiovascular disease, including :&#xD;
&#xD;
          -  A myocardial infarction within 12 months&#xD;
&#xD;
          -  Uncontrolled angina within 6 months&#xD;
&#xD;
          -  Current or history of congestive heart failure New York Heart Association (NYHA) class&#xD;
             3 or 4, unless an echocardiogram (ECHO) or Multiple Gated Acquisition Scan (MUGA)&#xD;
             performed either within 1 month prior to study screening or during screening results&#xD;
             in a left ventricular ejection fraction (LVEF) that is ≥ 45% (or institutional lower&#xD;
             limit of normal value).&#xD;
&#xD;
          -  Diagnosed or suspected congenital long QT syndrome. Any history of clinically&#xD;
             significant ventricular arrhythmias (such as ventricular tachycardia, ventricular&#xD;
             fibrillation, or torsades de pointes [TdP]); any history of arrhythmia will be&#xD;
             discussed with the Sponsor's Medical Monitor prior to patient's entry into the study.&#xD;
&#xD;
          -  Prolonged QTcF interval on pre-entry ECG (≥450 ms) - this will be the average of 3&#xD;
             readings within a 2 hour period.&#xD;
&#xD;
          -  Any history of second or third degree heart block (may be eligible if the patient&#xD;
             currently has a pacemaker).&#xD;
&#xD;
          -  Heart rate &lt; 50/minute on pre-entry ECG&#xD;
&#xD;
          -  Uncontrolled hypertension&#xD;
&#xD;
          -  Obligate need for a cardiac pacemaker&#xD;
&#xD;
          -  Complete left bundle branch block&#xD;
&#xD;
          -  Atrial fibrillation&#xD;
      </textblock>
    </criteria>
    <gender>All</gender>
    <minimum_age>60 Years</minimum_age>
    <maximum_age>N/A</maximum_age>
    <healthy_volunteers>No</healthy_volunteers>
  </eligibility>
  <overall_official>
    <last_name>Alan K Burnett</last_name>
    <role>Study Chair</role>
    <affiliation>Cardiff University</affiliation>
  </overall_official>
  <overall_official>
    <last_name>Nigel H Russell</last_name>
    <role>Study Chair</role>
    <affiliation>Nottingham University</affiliation>
  </overall_official>
  <location>
    <facility>
      <name>Aberdeen Royal Infirmary</name>
      <address>
        <city>Aberdeen</city>
        <country>United Kingdom</country>
      </address>
    </facility>
  </location>
  <location>
    <facility>
      <name>Belfast City Hospital</name>
      <address>
        <city>Belfast</city>
        <country>United Kingdom</country>
      </address>
    </facility>
  </location>
  <location>
    <facility>
      <name>Birmingham Heartlands Hospital</name>
      <address>
        <city>Birmingham</city>
        <country>United Kingdom</country>
      </address>
    </facility>
  </location>
  <location>
    <facility>
      <name>Addenbrooke's Hospital</name>
      <address>
        <city>Cambridge</city>
        <country>United Kingdom</country>
      </address>
    </facility>
  </location>
  <location>
    <facility>
      <name>University Hospital of Wales</name>
      <address>
        <city>Cardiff</city>
        <country>United Kingdom</country>
      </address>
    </facility>
  </location>
  <location>
    <facility>
      <name>Castle Hill Hospital</name>
      <address>
        <city>Hull</city>
        <country>United Kingdom</country>
      </address>
    </facility>
  </location>
  <location>
    <facility>
      <name>St James's University Hospital</name>
      <address>
        <city>Leeds</city>
        <country>United Kingdom</country>
      </address>
    </facility>
  </location>
  <location>
    <facility>
      <name>Royal Liverpool University Hospital</name>
      <address>
        <city>Liverpool</city>
        <country>United Kingdom</country>
      </address>
    </facility>
  </location>
  <location>
    <facility>
      <name>St Bartholomew's Hospital</name>
      <address>
        <city>London</city>
        <country>United Kingdom</country>
      </address>
    </facility>
  </location>
  <location>
    <facility>
      <name>Christie Hospital</name>
      <address>
        <city>Manchester</city>
        <country>United Kingdom</country>
      </address>
    </facility>
  </location>
  <location>
    <facility>
      <name>Manchester Royal Infirmary</name>
      <address>
        <city>Manchester</city>
        <country>United Kingdom</country>
      </address>
    </facility>
  </location>
  <location>
    <facility>
      <name>Freeman Hospital</name>
      <address>
        <city>Newcastle</city>
        <country>United Kingdom</country>
      </address>
    </facility>
  </location>
  <location>
    <facility>
      <name>Nottingham University Hospital</name>
      <address>
        <city>Nottingham</city>
        <country>United Kingdom</country>
      </address>
    </facility>
  </location>
  <location_countries>
    <country>United Kingdom</country>
  </location_countries>
  <verification_date>June 2014</verification_date>
  <study_first_submitted>November 5, 2010</study_first_submitted>
  <study_first_submitted_qc>November 5, 2010</study_first_submitted_qc>
  <study_first_posted type="Estimate">November 8, 2010</study_first_posted>
  <last_update_submitted>June 10, 2014</last_update_submitted>
  <last_update_submitted_qc>June 10, 2014</last_update_submitted_qc>
  <last_update_posted type="Estimate">June 11, 2014</last_update_posted>
  <responsible_party>
    <responsible_party_type>Principal Investigator</responsible_party_type>
    <investigator_affiliation>Cardiff University</investigator_affiliation>
    <investigator_full_name>Alan K Burnett</investigator_full_name>
    <investigator_title>Chief Investigator</investigator_title>
  </responsible_party>
  <keyword>Myeloid</keyword>
  <keyword>Leukaemia</keyword>
  <keyword>Acute</keyword>
  <keyword>Myelodysplastic</keyword>
  <keyword>Pilot</keyword>
  <keyword>Cardiff</keyword>
  <keyword>Haematology</keyword>
  <keyword>Burnett</keyword>
  <keyword>AC220</keyword>
  <keyword>Plerixafor</keyword>
  <keyword>Ganetespib</keyword>
  <condition_browse>
    <!-- CAUTION:  The following MeSH terms are assigned with an imperfect algorithm            -->
    <mesh_term>Leukemia</mesh_term>
    <mesh_term>Leukemia, Myeloid</mesh_term>
    <mesh_term>Leukemia, Myeloid, Acute</mesh_term>
    <mesh_term>Preleukemia</mesh_term>
    <mesh_term>Myelodysplastic Syndromes</mesh_term>
    <mesh_term>Syndrome</mesh_term>
  </condition_browse>
  <intervention_browse>
    <!-- CAUTION:  The following MeSH terms are assigned with an imperfect algorithm            -->
    <mesh_term>Plerixafor</mesh_term>
  </intervention_browse>
  <!-- Results have not yet been posted for this study                                          -->
</clinical_study>

