<?xml version="1.0" encoding="UTF-8"?>
<clinical_study rank="47">
  <!-- This xml conforms to an XML Schema at:
    https://clinicaltrials.gov/ct2/html/images/info/public.xsd -->
  <required_header>
    <download_date>ClinicalTrials.gov processed this data on February 06, 2024</download_date>
    <link_text>Link to the current ClinicalTrials.gov record.</link_text>
    <url>https://clinicaltrials.gov/ct2/show/NCT04002115</url>
  </required_header>
  <id_info>
    <org_study_id>18-011</org_study_id>
    <nct_id>NCT04002115</nct_id>
  </id_info>
  <brief_title>Clofarabine Pre-conditioning Followed by Stem Cell Transplant for Non-remission AML</brief_title>
  <official_title>Clofarabine Pre-conditioning Followed by Hematopoietic Stem Cell Transplant With Post-Transplant Cyclophosphamide for Non-remission Acute Myeloid Leukemia</official_title>
  <sponsors>
    <lead_sponsor>
      <agency>Milton S. Hershey Medical Center</agency>
      <agency_class>Other</agency_class>
    </lead_sponsor>
  </sponsors>
  <source>Milton S. Hershey Medical Center</source>
  <oversight_info>
    <has_dmc>Yes</has_dmc>
    <is_fda_regulated_drug>Yes</is_fda_regulated_drug>
    <is_fda_regulated_device>No</is_fda_regulated_device>
  </oversight_info>
  <brief_summary>
    <textblock>
      The Investigators would like to study the incidence of complete remission (CR) at day +30&#xD;
      after Clofarabine followed by haploidentical transplant. The conditioning regimen used is&#xD;
      Fludarabine, Busulfan (2 doses) or cyclophosphamide (2 doses) and Total Body Irradiation&#xD;
      (TBI) with post transplant cyclophosphamide for patients with Acute Myeloid Leukemia (AML)&#xD;
      who are not in remission prior to considering allogeneic transplant with haploidentical&#xD;
      donors.&#xD;
    </textblock>
  </brief_summary>
  <detailed_description>
    <textblock>
      Approximately 30-40% of patients with acute myeloid leukemia (AML) experience induction&#xD;
      failures. In these patients who do not achieve remission with two cycles of standard&#xD;
      induction therapies, the probability of achieving remission with subsequent inductions is&#xD;
      limited. Hematopoietic stem cell transplantation (HSCT) is the only curative option for these&#xD;
      patients, but high relapse rate and transplant-related mortality often preclude them to&#xD;
      proceed to transplant. Thus, AML not in remission at time of HSCT remains a huge unmet need&#xD;
      in current HSCT practice, particularly if the patient does not have a Human Leukocyte Antigen&#xD;
      (HLA)-matched donor identified by the time of two induction failures.&#xD;
&#xD;
      Salvage chemotherapy with clofarabine appears to be another promising option in relapsed and&#xD;
      refractory AML. Clofarabine is a second-generation purine nucleoside analog with substantial&#xD;
      single-agent activity in adult patients with AML. It is an effective immunosuppressive agent&#xD;
      and several trials have shown the feasibility of conditioning with clofarabine-based regimen.&#xD;
&#xD;
      In the past, a conditioning regimen of clofarabine with busulfan (4 doses) has been&#xD;
      successfully used prior to allogeneic stem cell transplantation for non-remission AML with&#xD;
      day +30 complete remission rates were 90-100%. However, these patients were transplanted with&#xD;
      HLA matched donors. This study will examine those patients undergoing transplantation from&#xD;
      haploidentical related donor or matched and mismatched unrelated donors.&#xD;
&#xD;
      Achieving a long-term remission is clearly the goal of AML treatment. The investigators would&#xD;
      like to propose a protocol for non-remission AML and expand the patient population to older&#xD;
      than 55 years of age as well as those who relapsed after initial allogeneic transplant to&#xD;
      improve enrolling patients in the near future. The investigators have many patients achieving&#xD;
      remission but for those without remission, clofarabine preconditioning may be a reliable&#xD;
      protocol to bring these patients into the early complete remission.&#xD;
    </textblock>
  </detailed_description>
  <overall_status>Terminated</overall_status>
  <why_stopped>
    terminated due to low accrual&#xD;
  </why_stopped>
  <start_date type="Actual">June 3, 2020</start_date>
  <completion_date type="Actual">November 7, 2022</completion_date>
  <primary_completion_date type="Actual">August 30, 2022</primary_completion_date>
  <phase>Phase 2</phase>
  <study_type>Interventional</study_type>
  <has_expanded_access>No</has_expanded_access>
  <study_design_info>
    <allocation>N/A</allocation>
    <intervention_model>Sequential Assignment</intervention_model>
    <intervention_model_description>Dose de-escalation: Enrollment will begin at 30 mg/m2 to analyze any grade 4-5 organ toxicities as defined in Section 12.2. If the trial is stopped due to excessive toxicities, then dose de-escalation to 20 mg/m2 will occur for the next cohort of participants. For each participant, the observation period is from start of treatment through post-transplant day +30. Adverse effects will be continuously monitored as patients are enrolled. The trial will be stopped when the toxicity rate exceeds 20% with a posterior probability of 80% and a margin of no more than 5%. This leads to the following stopping rule: the trial will be stopped if 2 of the first 3 subjects experience grade 4-5 organ toxicity, or 3 out of 6, 4 out 9, 5 out of 12, 6 out of 16, or 7 out 19.</intervention_model_description>
    <primary_purpose>Treatment</primary_purpose>
    <masking>None (Open Label)</masking>
  </study_design_info>
  <primary_outcome>
    <measure>Complete Remission (CR) Rate at Day 30 Post HSCT</measure>
    <time_frame>30 days</time_frame>
    <description>The CR rate at 30 days (Day +30) post stem cell transplant infusion</description>
  </primary_outcome>
  <secondary_outcome>
    <measure>Non-relapse Related Mortality</measure>
    <time_frame>100 days</time_frame>
    <description>Determine the rate of non-relapse related mortality at 100 days post transplant (Day +100)</description>
  </secondary_outcome>
  <secondary_outcome>
    <measure>Neutrophil Engraftment</measure>
    <time_frame>1 year</time_frame>
    <description>Rates of engraftment, defined as the first day of Absolute Neutrophil Count (ANC) greater than 500 for the first of three consecutive days</description>
  </secondary_outcome>
  <secondary_outcome>
    <measure>Rate of Acute Graft-versus-host Disease (GVHD)</measure>
    <time_frame>100 days</time_frame>
    <description>The rate of any grade (1-4) of acute GvHD as measured from day of transplantation to Day +100 using the Glucksberg criteria.</description>
  </secondary_outcome>
  <secondary_outcome>
    <measure>Severity of Acute Graft-versus-host Disease (GVHD)</measure>
    <time_frame>100 days</time_frame>
    <description>The highest grade (1-4) of acute GvHD experienced by participants as measured from day of transplantation to Day +100 using the Glucksberg criteria</description>
  </secondary_outcome>
  <secondary_outcome>
    <measure>Rate of Chronic GVHD</measure>
    <time_frame>1 year</time_frame>
    <description>The rate of any grade (1-4) of Chronic GvHD as measured from Day +100 to Year 1 post-transplantation using the Glucksberg criteria.</description>
  </secondary_outcome>
  <secondary_outcome>
    <measure>Severity of Chronic GVHD</measure>
    <time_frame>1 year</time_frame>
    <description>The highest overall grade (1-4) of chronic GvHD experienced by participants as measured from Day +100 to Year 1 post-transplantation using the Glucksberg criteria</description>
  </secondary_outcome>
  <number_of_arms>1</number_of_arms>
  <enrollment type="Actual">2</enrollment>
  <condition>Acute Myeloid Leukemia</condition>
  <arm_group>
    <arm_group_label>Clofarabine 30 mg/m^2</arm_group_label>
    <arm_group_type>Experimental</arm_group_type>
    <description>Day -14 through Day -10 Clofarabine 30 mg/m^2, Day - 9 Day of rest, Day - 8 Day of rest, Day - 7 Day of rest, Day - 6 Fludarabine 40 mg/m^2 IV and Busulfan 3.2 mg/kg IV (Regimen A, Fludarabine 24 mg/m^2 IV and Cyclophosphamide 14.5 mg/kg IV for Regimen B), Day - 5 Fludarabine 40 mg/m^2 IV and Busulfan 3.2 mg/kg IV (Regimen A, Fludarabine 24 mg/m^2 IV and Cyclophosphamide 14.5 mg/kg IV for Regimen B), Day - 4 Fludarabine 40 mg/m^2 IV(Regimen A, Fludarabine 24 mg/m^2 IV for Regimen B), Day - 3 Fludarabine 40 mg/m^2 IV(Regimen A, Fludarabine 24 mg/m^2 IV for Regimen B), Day - 2 Day of Rest, Day -1 Total Body Irradiation 200 cGys, Day 0 stem cell transplant infusion, Day +1 Day of rest, Day +2 Day of rest, Day +3 Cyclophosphamide 50 mg/kg IV, Day +4 Cyclophosphamide 50 mg/kg IV, Day +5 Start G-CSF, Tacrolimus, and MMF.</description>
  </arm_group>
  <intervention>
    <intervention_type>Drug</intervention_type>
    <intervention_name>Clofarabine</intervention_name>
    <description>Clofarabine to be administered pre-stem cell transplant infusion (&quot;Day 0&quot;) once a day for 5 days total.</description>
    <arm_group_label>Clofarabine 30 mg/m^2</arm_group_label>
    <other_name>Clolar</other_name>
  </intervention>
  <intervention>
    <intervention_type>Drug</intervention_type>
    <intervention_name>Fludarabine</intervention_name>
    <description>Fludarabine will be administered once a day for 4 days as part of the transplant conditioning regimen.</description>
    <arm_group_label>Clofarabine 30 mg/m^2</arm_group_label>
    <other_name>Fludara</other_name>
  </intervention>
  <intervention>
    <intervention_type>Drug</intervention_type>
    <intervention_name>Busulfan</intervention_name>
    <description>Busulfan will be administered once a day for 2 days as part of the transplant conditioning regimen.</description>
    <arm_group_label>Clofarabine 30 mg/m^2</arm_group_label>
    <other_name>Busulfex</other_name>
  </intervention>
  <intervention>
    <intervention_type>Procedure</intervention_type>
    <intervention_name>Total Body Irradiation (TBI)</intervention_name>
    <description>TBI will be administered at a dose of 200cGys on Day -1 prior to transplant</description>
    <arm_group_label>Clofarabine 30 mg/m^2</arm_group_label>
    <other_name>TBI</other_name>
  </intervention>
  <intervention>
    <intervention_type>Drug</intervention_type>
    <intervention_name>Cyclophosphamide</intervention_name>
    <description>Cyclophosphamide will be given once a day for 2 days after the transplant infusion.</description>
    <arm_group_label>Clofarabine 30 mg/m^2</arm_group_label>
    <other_name>Cytoxan</other_name>
  </intervention>
  <intervention>
    <intervention_type>Drug</intervention_type>
    <intervention_name>Granulocyte Colony-Stimulating Factor</intervention_name>
    <description>G-CSF will be administered to subjects starting on Day +5 and will continue as clinically indicated</description>
    <arm_group_label>Clofarabine 30 mg/m^2</arm_group_label>
    <other_name>Filgrastim G-CSF</other_name>
  </intervention>
  <intervention>
    <intervention_type>Drug</intervention_type>
    <intervention_name>Tacrolimus</intervention_name>
    <description>Tacrolimus will be administered to subjects starting on Day +5 and will continue as clinically indicated</description>
    <arm_group_label>Clofarabine 30 mg/m^2</arm_group_label>
    <other_name>Prograf</other_name>
  </intervention>
  <intervention>
    <intervention_type>Drug</intervention_type>
    <intervention_name>Cellcept</intervention_name>
    <description>Mycophenolate Mofetil will be administered to subjects starting on Day +5 and will continue as clinically indicated</description>
    <arm_group_label>Clofarabine 30 mg/m^2</arm_group_label>
    <other_name>Mycophenolate Mofetil (MMF)</other_name>
  </intervention>
  <eligibility>
    <criteria>
      <textblock>
        Inclusion Criteria:&#xD;
&#xD;
          1. Diagnostic criteria of AML, induction failure without having achieved remission after&#xD;
             at least 2 attempts at induction chemotherapy, or relapsed after any complete&#xD;
             remission (CR).&#xD;
&#xD;
          2. 18 to 75 years of age.&#xD;
&#xD;
          3. Planned or scheduled to receive an allogeneic HSCT from haploidentical related donors,&#xD;
             matched and mismatched unrelated donors.&#xD;
&#xD;
          4. All organ function testing should be done within 28 days of study registration.&#xD;
&#xD;
               -  Performance status: Karnofsky ≥ 70% (Appendix A).&#xD;
&#xD;
               -  Cardiac: LVEF ≥ 50% by MUGA or echocardiogram.&#xD;
&#xD;
               -  Pulmonary: FEV1 and FVC ≥ 50% predicted, DLCO (corrected for hemoglobin) ≥ 50% of&#xD;
                  predicted.&#xD;
&#xD;
               -  Renal: Creatinine clearance (CrCl) ≥ 60 mL/min/1.73 m2&#xD;
&#xD;
               -  Hepatic: Serum bilirubin ≤1.5 x upper limit of normal (ULN); (AST)/(ALT) ≤ 2.5 x&#xD;
                  ULN; Alkaline phosphatase ≤ 2.5 x ULN.&#xD;
&#xD;
          5. Both men and women need to use an approved method of birth control and/or abstinence&#xD;
             due to unknown risks to the fetus.&#xD;
&#xD;
        Exclusion Criteria:&#xD;
&#xD;
          1. Acute promyelocytic leukemia (APL)&#xD;
&#xD;
          2. Known history of non-compliance with medication regimens, scheduled clinic visits, or&#xD;
             self-care.&#xD;
&#xD;
          3. In the opinion of the investigator, no appropriate caregivers identified.&#xD;
&#xD;
          4. HIV1 (Human Immunodeficiency Virus-1) or HIV2 positive&#xD;
&#xD;
          5. Active Hepatitis B and Hepatitis C orepatitis positive serology including HBsAg,&#xD;
             hepatitis B core antibody, and hepatitis C antibody. Hepatitis B surface antibody&#xD;
             positive due to vaccination or natural immunity are permitted.&#xD;
&#xD;
          6. In the opinion of the physician investigator, uncontrolled medical or psychiatric&#xD;
             disorders.&#xD;
&#xD;
          7. Uncontrolled infections requiring treatment within 14 days of registration.&#xD;
&#xD;
          8. Active central nervous system (CNS) leukemia.&#xD;
&#xD;
          9. Cord blood transplant excluded.&#xD;
&#xD;
         10. Prior allogeneic HSCT within last 6 months.&#xD;
&#xD;
         11. Patients with &gt;= grade 2 acute GVHD.&#xD;
&#xD;
         12. Patients with &gt;=moderate chronic GVHD.&#xD;
&#xD;
         13. Pregnant or Breastfeeding. Women of child bearing potential (WCBP) are required to&#xD;
             have a negative serum or urine pregnancy test prior to initiation of conditioning&#xD;
             regimen.&#xD;
&#xD;
         14. Haploidentical related donors who are positive for DSA ≥ 5000 MFI by solid phase&#xD;
             microarray method (Luminex).&#xD;
&#xD;
         15. Any patient with steroid dose more than 10 mg/day within a week of registration .&#xD;
&#xD;
         16. Autoimmune disorder requiring any active immunosuppression therapy.&#xD;
      </textblock>
    </criteria>
    <gender>All</gender>
    <minimum_age>18 Years</minimum_age>
    <maximum_age>55 Years</maximum_age>
    <healthy_volunteers>No</healthy_volunteers>
  </eligibility>
  <overall_official>
    <last_name>Seema Naik, MD</last_name>
    <role>Principal Investigator</role>
    <affiliation>Penn State Cancer Institute</affiliation>
  </overall_official>
  <location>
    <facility>
      <name>Penn State Cancer Institute</name>
      <address>
        <city>Hershey</city>
        <state>Pennsylvania</state>
        <zip>17033</zip>
        <country>United States</country>
      </address>
    </facility>
  </location>
  <location_countries>
    <country>United States</country>
  </location_countries>
  <link>
    <url>https://cancer.psu.edu/</url>
    <description>Penn State Cancer Institute</description>
  </link>
  <verification_date>September 2023</verification_date>
  <study_first_submitted>June 24, 2019</study_first_submitted>
  <study_first_submitted_qc>June 26, 2019</study_first_submitted_qc>
  <study_first_posted type="Actual">June 28, 2019</study_first_posted>
  <results_first_submitted>August 9, 2023</results_first_submitted>
  <results_first_submitted_qc>September 7, 2023</results_first_submitted_qc>
  <results_first_posted type="Actual">September 14, 2023</results_first_posted>
  <last_update_submitted>September 7, 2023</last_update_submitted>
  <last_update_submitted_qc>September 7, 2023</last_update_submitted_qc>
  <last_update_posted type="Actual">September 14, 2023</last_update_posted>
  <responsible_party>
    <responsible_party_type>Principal Investigator</responsible_party_type>
    <investigator_affiliation>Milton S. Hershey Medical Center</investigator_affiliation>
    <investigator_full_name>Seema Naik, MD</investigator_full_name>
    <investigator_title>Associate Professor of the Penn State Cancer Institute</investigator_title>
  </responsible_party>
  <keyword>Clofarabine</keyword>
  <keyword>Haploidentical stem cell transplantation</keyword>
  <keyword>matched and mismatched unrelated donors</keyword>
  <keyword>Non-remission AML</keyword>
  <condition_browse>
    <!-- CAUTION:  The following MeSH terms are assigned with an imperfect algorithm            -->
    <mesh_term>Leukemia</mesh_term>
    <mesh_term>Leukemia, Myeloid</mesh_term>
    <mesh_term>Leukemia, Myeloid, Acute</mesh_term>
  </condition_browse>
  <intervention_browse>
    <!-- CAUTION:  The following MeSH terms are assigned with an imperfect algorithm            -->
    <mesh_term>Mycophenolic Acid</mesh_term>
    <mesh_term>Cyclophosphamide</mesh_term>
    <mesh_term>Busulfan</mesh_term>
    <mesh_term>Fludarabine</mesh_term>
    <mesh_term>Clofarabine</mesh_term>
    <mesh_term>Tacrolimus</mesh_term>
    <mesh_term>Lenograstim</mesh_term>
  </intervention_browse>
  <patient_data>
    <sharing_ipd>No</sharing_ipd>
    <ipd_description>At this time there is no plan to share IPD with other researchers outside of Penn State University</ipd_description>
  </patient_data>
  <provided_document_section>
    <provided_document>
      <document_type>Study Protocol and Statistical Analysis Plan</document_type>
      <document_has_protocol>Yes</document_has_protocol>
      <document_has_icf>No</document_has_icf>
      <document_has_sap>Yes</document_has_sap>
      <document_date>November 22, 2022</document_date>
      <document_url>https://ClinicalTrials.gov/ProvidedDocs/15/NCT04002115/Prot_SAP_000.pdf</document_url>
    </provided_document>
  </provided_document_section>

  <clinical_results>

    <participant_flow>
      <pre_assignment_details>Both subjects were between age 56 and 75 years old, therefore they were assigned treatment of Regimen B.</pre_assignment_details>
      <group_list>
        <group group_id="P1">
          <title>Clofarabine 30 mg/m^2</title>
          <description>Day -14 through Day -10 Clofarabine 30 mg/m^2, Day - 9 Day of rest, Day - 8 Day of rest, Day - 7 Day of rest, Day - 6 Fludarabine 24 mg/m^2 IV and Cyclophosphamide 14.5 mg/kg IV for Regimen B, Day - 5 Fludarabine 24 mg/m^2 IV and Cyclophosphamide 14.5 mg/kg IV, Day - 4 Fludarabine 24 mg/m^2 IV, Day - 3 Fludarabine 24 mg/m^2 IV, Day - 2 Fludarabine 24 mg/m^2 IV, Day -1 Total Body Irradiation 200 cGys, Day 0 stem cell transplant infusion, Day +1 Day of rest, Day +2 Day of rest, Day +3 Cyclophosphamide 50 mg/kg IV, Day +4 Cyclophosphamide 50 mg/kg IV, Day +5 Start G-CSF, Tacrolimus, and MMF.&#xD;
Clofarabine: Clofarabine to be administered pre-stem cell transplant infusion (&quot;Day 0&quot;) once a day for 5 days total.&#xD;
Fludarabine: Fludarabine will be administered once a day for 5 days as part of the transplant conditioning regimen.&#xD;
Total Body Irradiation (TBI): TBI will be administered at a dose of 200cGys on Day -1 prior to transplant&#xD;
Cyclophosphamide: Cyclophosphamide will be given once a day for 2 days after the transplant infusion.&#xD;
Granulocyte Colony-Stimulating Factor: G-CSF will be administered to subjects starting on Day +5 and will continue as clinically indicated&#xD;
Tacrolimus: Tacrolimus will be administered to subjects starting on Day +5 and will continue as clinically indicated&#xD;
Cellcept: Mycophenolate Mofetil will be administered to subjects starting on Day +5 and will continue as clinically indicated</description>
        </group>
      </group_list>
      <period_list>
        <period>
          <title>Overall Study</title>
          <milestone_list>
            <milestone>
              <title>STARTED</title>
              <participants_list>
                <participants group_id="P1" count="2"/>
              </participants_list>
            </milestone>
            <milestone>
              <title>COMPLETED</title>
              <participants_list>
                <participants group_id="P1" count="2"/>
              </participants_list>
            </milestone>
            <milestone>
              <title>NOT COMPLETED</title>
              <participants_list>
                <participants group_id="P1" count="0"/>
              </participants_list>
            </milestone>
          </milestone_list>
        </period>
      </period_list>
    </participant_flow>

    <baseline>
      <group_list>
        <group group_id="B1">
          <title>Clofarabine 30 mg/m^2</title>
          <description>Day -14 through Day -10 Clofarabine 30 mg/m^2, Day - 9 Day of rest, Day - 8 Day of rest, Day - 7 Day of rest, Day - 6, Fludarabine 24 mg/m^2 IV and Cyclophosphamide 14.5 mg/kg IV for Regimen B, Day - 5 Fludarabine 24 mg/m^2 IV and Cyclophosphamide 14.5 mg/kg IV for Regimen B, Day - 4 Fludarabine 24 mg/m^2 IV for Regimen B, Day - 3 Fludarabine 24 mg/m^2 IV for Regimen B, Day - 2 Fludarabine 24 mg/m^2 IV for Regimen B, Day -1 Total Body Irradiation 200 cGys, Day 0 stem cell transplant infusion, Day +1 Day of rest, Day +2 Day of rest, Day +3 Cyclophosphamide 50 mg/kg IV, Day +4 Cyclophosphamide 50 mg/kg IV, Day +5 Start G-CSF, Tacrolimus, and MMF.</description>
        </group>
      </group_list>
      <analyzed_list>
        <analyzed>
          <units>Participants</units>
          <scope>Overall</scope>
          <count_list>
            <count group_id="B1" value="2"/>
          </count_list>
        </analyzed>
      </analyzed_list>
      <measure_list>
        <measure>
          <title>Age</title>
          <units>years</units>
          <param>Mean</param>
          <dispersion>Standard Deviation</dispersion>
          <class_list>
            <class>
              <category_list>
                <category>
                  <measurement_list>
                    <measurement group_id="B1" value="68" spread="0"/>
                  </measurement_list>
                </category>
              </category_list>
            </class>
          </class_list>
        </measure>
        <measure>
          <title>Sex: Female, Male</title>
          <units>Participants</units>
          <param>Count of Participants</param>
          <class_list>
            <class>
              <category_list>
                <category>
                  <title>Female</title>
                  <measurement_list>
                    <measurement group_id="B1" value="0"/>
                  </measurement_list>
                </category>
                <category>
                  <title>Male</title>
                  <measurement_list>
                    <measurement group_id="B1" value="2"/>
                  </measurement_list>
                </category>
              </category_list>
            </class>
          </class_list>
        </measure>
        <measure>
          <title>Race (NIH/OMB)</title>
          <units>Participants</units>
          <param>Count of Participants</param>
          <class_list>
            <class>
              <category_list>
                <category>
                  <title>American Indian or Alaska Native</title>
                  <measurement_list>
                    <measurement group_id="B1" value="0"/>
                  </measurement_list>
                </category>
                <category>
                  <title>Asian</title>
                  <measurement_list>
                    <measurement group_id="B1" value="0"/>
                  </measurement_list>
                </category>
                <category>
                  <title>Native Hawaiian or Other Pacific Islander</title>
                  <measurement_list>
                    <measurement group_id="B1" value="0"/>
                  </measurement_list>
                </category>
                <category>
                  <title>Black or African American</title>
                  <measurement_list>
                    <measurement group_id="B1" value="0"/>
                  </measurement_list>
                </category>
                <category>
                  <title>White</title>
                  <measurement_list>
                    <measurement group_id="B1" value="2"/>
                  </measurement_list>
                </category>
                <category>
                  <title>More than one race</title>
                  <measurement_list>
                    <measurement group_id="B1" value="0"/>
                  </measurement_list>
                </category>
                <category>
                  <title>Unknown or Not Reported</title>
                  <measurement_list>
                    <measurement group_id="B1" value="0"/>
                  </measurement_list>
                </category>
              </category_list>
            </class>
          </class_list>
        </measure>
        <measure>
          <title>Region of Enrollment</title>
          <units>Participants</units>
          <param>Count of Participants</param>
          <class_list>
            <class>
              <title>United States</title>
              <category_list>
                <category>
                  <measurement_list>
                    <measurement group_id="B1" value="2"/>
                  </measurement_list>
                </category>
              </category_list>
            </class>
          </class_list>
        </measure>
      </measure_list>
    </baseline>

    <outcome_list>
      <outcome>
        <type>Primary</type>
        <title>Complete Remission (CR) Rate at Day 30 Post HSCT</title>
        <description>The CR rate at 30 days (Day +30) post stem cell transplant infusion</description>
        <time_frame>30 days</time_frame>
        <population>The CR rate at 30 days (Day +30) post stem cell transplant infusion was 2/2.</population>
        <group_list>
          <group group_id="O1">
            <title>Clofarabine 30 mg/m^2</title>
            <description>Day -14 through Day -10 Clofarabine 30 mg/m^2, Day - 9 Day of rest, Day - 8 Day of rest, Day - 7 Day of rest, Day - 6 Fludarabine 24 mg/m^2 IV and Cyclophosphamide 14.5 mg/kg IV for Regimen B, Day - 5 Fludarabine 24 mg/m^2 IV and Cyclophosphamide 14.5 mg/kg IV for Regimen B, Day - 4 Fludarabine 24 mg/m^2 IV for Regimen B, Day - 3 Fludarabine 24 mg/m^2 IV for Regimen B, Day - 2 Fludarabine 24 mg/m^2 IV for Regimen B, Day -1 Total Body Irradiation 200 cGys, Day 0 stem cell transplant infusion, Day +1 Day of rest, Day +2 Day of rest, Day +3 Cyclophosphamide 50 mg/kg IV, Day +4 Cyclophosphamide 50 mg/kg IV, Day +5 Start G-CSF, Tacrolimus, and MMF.</description>
          </group>
        </group_list>
        <measure>
          <title>Complete Remission (CR) Rate at Day 30 Post HSCT</title>
          <description>The CR rate at 30 days (Day +30) post stem cell transplant infusion</description>
          <population>The CR rate at 30 days (Day +30) post stem cell transplant infusion was 2/2.</population>
          <units>percentage of Participants</units>
          <param>Number</param>
          <analyzed_list>
            <analyzed>
              <units>Participants</units>
              <scope>Measure</scope>
              <count_list>
                <count group_id="O1" value="2"/>
              </count_list>
            </analyzed>
          </analyzed_list>
          <class_list>
            <class>
              <category_list>
                <category>
                  <measurement_list>
                    <measurement group_id="O1" value="100"/>
                  </measurement_list>
                </category>
              </category_list>
            </class>
          </class_list>
        </measure>
      </outcome>
      <outcome>
        <type>Secondary</type>
        <title>Non-relapse Related Mortality</title>
        <description>Determine the rate of non-relapse related mortality at 100 days post transplant (Day +100)</description>
        <time_frame>100 days</time_frame>
        <population>The rate of non-relapse related mortality at 100 days post transplant (Day +100) is 0/2.</population>
        <group_list>
          <group group_id="O1">
            <title>Clofarabine 30 mg/m^2</title>
            <description>Day -14 through Day -10 Clofarabine 30 mg/m^2, Day - 9 Day of rest, Day - 8 Day of rest, Day - 7 Day of rest, Day - 6 Fludarabine 24 mg/m^2 IV and Cyclophosphamide 14.5 mg/kg IV for Regimen B, Day - 5 Fludarabine 24 mg/m^2 IV and Cyclophosphamide 14.5 mg/kg IV for Regimen B, Day - 4 Fludarabine 24 mg/m^2 IV for Regimen B, Day - 3 Fludarabine 24 mg/m^2 IV for Regimen B, Day - 2 Fludarabine 24 mg/m^2 IV for Regimen B, Day -1 Total Body Irradiation 200 cGys, Day 0 stem cell transplant infusion, Day +1 Day of rest, Day +2 Day of rest, Day +3 Cyclophosphamide 50 mg/kg IV, Day +4 Cyclophosphamide 50 mg/kg IV, Day +5 Start G-CSF, Tacrolimus, and MMF.</description>
          </group>
        </group_list>
        <measure>
          <title>Non-relapse Related Mortality</title>
          <description>Determine the rate of non-relapse related mortality at 100 days post transplant (Day +100)</description>
          <population>The rate of non-relapse related mortality at 100 days post transplant (Day +100) is 0/2.</population>
          <units>percentage of Participants</units>
          <param>Number</param>
          <analyzed_list>
            <analyzed>
              <units>Participants</units>
              <scope>Measure</scope>
              <count_list>
                <count group_id="O1" value="2"/>
              </count_list>
            </analyzed>
          </analyzed_list>
          <class_list>
            <class>
              <category_list>
                <category>
                  <measurement_list>
                    <measurement group_id="O1" value="0"/>
                  </measurement_list>
                </category>
              </category_list>
            </class>
          </class_list>
        </measure>
      </outcome>
      <outcome>
        <type>Secondary</type>
        <title>Neutrophil Engraftment</title>
        <description>Rates of engraftment, defined as the first day of Absolute Neutrophil Count (ANC) greater than 500 for the first of three consecutive days</description>
        <time_frame>1 year</time_frame>
        <population>Rate of engraftment was 0/2.</population>
        <group_list>
          <group group_id="O1">
            <title>Clofarabine 30 mg/m^2</title>
            <description>Day -14 through Day -10 Clofarabine 30 mg/m^2, Day - 9 Day of rest, Day - 8 Day of rest, Day - 7 Day of rest, Day - 6 Fludarabine 24 mg/m^2 IV and Cyclophosphamide 14.5 mg/kg IV for Regimen B, Day - 5 Fludarabine 24 mg/m^2 IV and Cyclophosphamide 14.5 mg/kg IV for Regimen B, Day - 4 Fludarabine 24 mg/m^2 IV for Regimen B, Day - 3 Fludarabine 24 mg/m^2 IV for Regimen B, Day - 2 Fludarabine 24 mg/m^2 IV for Regimen B, Day -1 Total Body Irradiation 200 cGys, Day 0 stem cell transplant infusion, Day +1 Day of rest, Day +2 Day of rest, Day +3 Cyclophosphamide 50 mg/kg IV, Day +4 Cyclophosphamide 50 mg/kg IV, Day +5 Start G-CSF, Tacrolimus, and MMF.</description>
          </group>
        </group_list>
        <measure>
          <title>Neutrophil Engraftment</title>
          <description>Rates of engraftment, defined as the first day of Absolute Neutrophil Count (ANC) greater than 500 for the first of three consecutive days</description>
          <population>Rate of engraftment was 0/2.</population>
          <units>percentage of Participants</units>
          <param>Number</param>
          <analyzed_list>
            <analyzed>
              <units>Participants</units>
              <scope>Measure</scope>
              <count_list>
                <count group_id="O1" value="2"/>
              </count_list>
            </analyzed>
          </analyzed_list>
          <class_list>
            <class>
              <category_list>
                <category>
                  <measurement_list>
                    <measurement group_id="O1" value="0"/>
                  </measurement_list>
                </category>
              </category_list>
            </class>
          </class_list>
        </measure>
      </outcome>
      <outcome>
        <type>Secondary</type>
        <title>Rate of Acute Graft-versus-host Disease (GVHD)</title>
        <description>The rate of any grade (1-4) of acute GvHD as measured from day of transplantation to Day +100 using the Glucksberg criteria.</description>
        <time_frame>100 days</time_frame>
        <population>The rate of any grade (1-4) of acute GvHD as measured from day of transplantation to Day +100 was 0/2.</population>
        <group_list>
          <group group_id="O1">
            <title>Clofarabine 30 mg/m^2</title>
            <description>Day -14 through Day -10 Clofarabine 30 mg/m^2, Day - 9 Day of rest, Day - 8 Day of rest, Day - 7 Day of rest, Day - 6 Fludarabine 24 mg/m^2 IV and Cyclophosphamide 14.5 mg/kg IV for Regimen B, Day - 5 Fludarabine 24 mg/m^2 IV and Cyclophosphamide 14.5 mg/kg IV for Regimen B, Day - 4 Fludarabine 24 mg/m^2 IV for Regimen B, Day - 3 Fludarabine 24 mg/m^2 IV for Regimen B, Day - 2 Fludarabine 24 mg/m^2 IV for Regimen B, Day -1 Total Body Irradiation 200 cGys, Day 0 stem cell transplant infusion, Day +1 Day of rest, Day +2 Day of rest, Day +3 Cyclophosphamide 50 mg/kg IV, Day +4 Cyclophosphamide 50 mg/kg IV, Day +5 Start G-CSF, Tacrolimus, and MMF.</description>
          </group>
        </group_list>
        <measure>
          <title>Rate of Acute Graft-versus-host Disease (GVHD)</title>
          <description>The rate of any grade (1-4) of acute GvHD as measured from day of transplantation to Day +100 using the Glucksberg criteria.</description>
          <population>The rate of any grade (1-4) of acute GvHD as measured from day of transplantation to Day +100 was 0/2.</population>
          <units>percentage of Participants</units>
          <param>Number</param>
          <analyzed_list>
            <analyzed>
              <units>Participants</units>
              <scope>Measure</scope>
              <count_list>
                <count group_id="O1" value="2"/>
              </count_list>
            </analyzed>
          </analyzed_list>
          <class_list>
            <class>
              <category_list>
                <category>
                  <measurement_list>
                    <measurement group_id="O1" value="0"/>
                  </measurement_list>
                </category>
              </category_list>
            </class>
          </class_list>
        </measure>
      </outcome>
      <outcome>
        <type>Secondary</type>
        <title>Severity of Acute Graft-versus-host Disease (GVHD)</title>
        <description>The highest grade (1-4) of acute GvHD experienced by participants as measured from day of transplantation to Day +100 using the Glucksberg criteria</description>
        <time_frame>100 days</time_frame>
        <population>The highest grade (1-4) of acute GvHD experienced by participants as measured from day of transplantation to Day +100 was 0/2.</population>
        <group_list>
          <group group_id="O1">
            <title>Clofarabine 30 mg/m^2</title>
            <description>Day -14 through Day -10 Clofarabine 30 mg/m^2, Day - 9 Day of rest, Day - 8 Day of rest, Day - 7 Day of rest, Day - 6 Fludarabine 24 mg/m^2 IV and Cyclophosphamide 14.5 mg/kg IV for Regimen B, Day - 5 Fludarabine 24 mg/m^2 IV and Cyclophosphamide 14.5 mg/kg IV for Regimen B, Day - 4 Fludarabine 24 mg/m^2 IV for Regimen B, Day - 3 Fludarabine 24 mg/m^2 IV for Regimen B, Day - 2 Fludarabine 24 mg/m^2 IV for Regimen B, Day -1 Total Body Irradiation 200 cGys, Day 0 stem cell transplant infusion, Day +1 Day of rest, Day +2 Day of rest, Day +3 Cyclophosphamide 50 mg/kg IV, Day +4 Cyclophosphamide 50 mg/kg IV, Day +5 Start G-CSF, Tacrolimus, and MMF.</description>
          </group>
        </group_list>
        <measure>
          <title>Severity of Acute Graft-versus-host Disease (GVHD)</title>
          <description>The highest grade (1-4) of acute GvHD experienced by participants as measured from day of transplantation to Day +100 using the Glucksberg criteria</description>
          <population>The highest grade (1-4) of acute GvHD experienced by participants as measured from day of transplantation to Day +100 was 0/2.</population>
          <units>percentage of Participants</units>
          <param>Number</param>
          <analyzed_list>
            <analyzed>
              <units>Participants</units>
              <scope>Measure</scope>
              <count_list>
                <count group_id="O1" value="2"/>
              </count_list>
            </analyzed>
          </analyzed_list>
          <class_list>
            <class>
              <category_list>
                <category>
                  <measurement_list>
                    <measurement group_id="O1" value="0"/>
                  </measurement_list>
                </category>
              </category_list>
            </class>
          </class_list>
        </measure>
      </outcome>
      <outcome>
        <type>Secondary</type>
        <title>Rate of Chronic GVHD</title>
        <description>The rate of any grade (1-4) of Chronic GvHD as measured from Day +100 to Year 1 post-transplantation using the Glucksberg criteria.</description>
        <time_frame>1 year</time_frame>
        <population>The incidence of any grade (1-4) of Chronic GvHD as measured from Day +100 to Year 1 post-transplantation was 0/2.</population>
        <group_list>
          <group group_id="O1">
            <title>Clofarabine 30 mg/m^2</title>
            <description>Day -14 through Day -10 Clofarabine 30 mg/m^2, Day - 9 Day of rest, Day - 8 Day of rest, Day - 7 Day of rest, Day - 6 Fludarabine 24 mg/m^2 IV and Cyclophosphamide 14.5 mg/kg IV for Regimen B, Day - 5 Fludarabine 24 mg/m^2 IV and Cyclophosphamide 14.5 mg/kg IV for Regimen B, Day - 4 Fludarabine 24 mg/m^2 IV for Regimen B, Day - 3 Fludarabine 24 mg/m^2 IV for Regimen B, Day - 2 Fludarabine 24 mg/m^2 IV for Regimen B, Day -1 Total Body Irradiation 200 cGys, Day 0 stem cell transplant infusion, Day +1 Day of rest, Day +2 Day of rest, Day +3 Cyclophosphamide 50 mg/kg IV, Day +4 Cyclophosphamide 50 mg/kg IV, Day +5 Start G-CSF, Tacrolimus, and MMF.</description>
          </group>
        </group_list>
        <measure>
          <title>Rate of Chronic GVHD</title>
          <description>The rate of any grade (1-4) of Chronic GvHD as measured from Day +100 to Year 1 post-transplantation using the Glucksberg criteria.</description>
          <population>The incidence of any grade (1-4) of Chronic GvHD as measured from Day +100 to Year 1 post-transplantation was 0/2.</population>
          <units>percentage of Participants</units>
          <param>Number</param>
          <analyzed_list>
            <analyzed>
              <units>Participants</units>
              <scope>Measure</scope>
              <count_list>
                <count group_id="O1" value="2"/>
              </count_list>
            </analyzed>
          </analyzed_list>
          <class_list>
            <class>
              <category_list>
                <category>
                  <measurement_list>
                    <measurement group_id="O1" value="0"/>
                  </measurement_list>
                </category>
              </category_list>
            </class>
          </class_list>
        </measure>
      </outcome>
      <outcome>
        <type>Secondary</type>
        <title>Severity of Chronic GVHD</title>
        <description>The highest overall grade (1-4) of chronic GvHD experienced by participants as measured from Day +100 to Year 1 post-transplantation using the Glucksberg criteria</description>
        <time_frame>1 year</time_frame>
        <population>The highest overall grade (1-4) of chronic GvHD experienced by participants as measured from Day +100 to Year 1 post-transplantation was 0/2.</population>
        <group_list>
          <group group_id="O1">
            <title>Clofarabine 30 mg/m^2</title>
            <description>Day -14 through Day -10 Clofarabine 30 mg/m^2, Day - 9 Day of rest, Day - 8 Day of rest, Day - 7 Day of rest, Day - 6 Fludarabine 24 mg/m^2 IV and Cyclophosphamide 14.5 mg/kg IV for Regimen B, Day - 5 Fludarabine 24 mg/m^2 IV and Cyclophosphamide 14.5 mg/kg IV for Regimen B, Day - 4 Fludarabine 24 mg/m^2 IV for Regimen B, Day - 3 Fludarabine 24 mg/m^2 IV for Regimen B, Day - 2 Fludarabine 24 mg/m^2 IV for Regimen B, Day -1 Total Body Irradiation 200 cGys, Day 0 stem cell transplant infusion, Day +1 Day of rest, Day +2 Day of rest, Day +3 Cyclophosphamide 50 mg/kg IV, Day +4 Cyclophosphamide 50 mg/kg IV, Day +5 Start G-CSF, Tacrolimus, and MMF.</description>
          </group>
        </group_list>
        <measure>
          <title>Severity of Chronic GVHD</title>
          <description>The highest overall grade (1-4) of chronic GvHD experienced by participants as measured from Day +100 to Year 1 post-transplantation using the Glucksberg criteria</description>
          <population>The highest overall grade (1-4) of chronic GvHD experienced by participants as measured from Day +100 to Year 1 post-transplantation was 0/2.</population>
          <units>percentage of Participants</units>
          <param>Number</param>
          <analyzed_list>
            <analyzed>
              <units>Participants</units>
              <scope>Measure</scope>
              <count_list>
                <count group_id="O1" value="2"/>
              </count_list>
            </analyzed>
          </analyzed_list>
          <class_list>
            <class>
              <category_list>
                <category>
                  <measurement_list>
                    <measurement group_id="O1" value="0"/>
                  </measurement_list>
                </category>
              </category_list>
            </class>
          </class_list>
        </measure>
      </outcome>
    </outcome_list>

    <reported_events>
      <time_frame>1st subject: 10 months 2nd subject: 5 months</time_frame>
      <group_list>
        <group group_id="E1">
          <title>Clofarabine 30 mg/m^2</title>
          <description>Day -14 through Day -10 Clofarabine 30 mg/m^2, Day - 9 Day of rest, Day - 8 Day of rest, Day - 7 Day of rest, Day - 6 Fludarabine 24 mg/m^2 IV and Cyclophosphamide 14.5 mg/kg IV for Regimen B, Day - 5, Fludarabine 24 mg/m^2 IV and Cyclophosphamide 14.5 mg/kg IV for Regimen B, Day - 4 Fludarabine 24 mg/m^2 IV for Regimen B, Day - 3 Fludarabine 24 mg/m^2 IV for Regimen B, Day - 2 Fludarabine 24 mg/m^2 IV for Regimen, Day -1 Total Body Irradiation 200 cGys, Day 0 stem cell transplant infusion, Day +1 Day of rest, Day +2 Day of rest, Day +3 Cyclophosphamide 50 mg/kg IV, Day +4 Cyclophosphamide 50 mg/kg IV, Day +5 Start G-CSF, Tacrolimus, and MMF.</description>
        </group>
      </group_list>
      <serious_events>
        <default_assessment>Systematic Assessment</default_assessment>
        <category_list>
          <category>
            <title>Total</title>
            <event_list>
              <event>
                <sub_title>Total, all-cause mortality</sub_title>
                <counts group_id="E1" subjects_affected="2" subjects_at_risk="2"/>
              </event>
              <event>
                <sub_title>Total, serious adverse events</sub_title>
                <counts group_id="E1" subjects_affected="1" subjects_at_risk="2"/>
              </event>
            </event_list>
          </category>
          <category>
            <title>General disorders</title>
            <event_list>
              <event>
                <sub_title>Multiorgan failure</sub_title>
                <counts group_id="E1" events="1" subjects_affected="1" subjects_at_risk="2"/>
              </event>
            </event_list>
          </category>
          <category>
            <title>Renal and urinary disorders</title>
            <event_list>
              <event>
                <sub_title>Acute kidney injury</sub_title>
                <counts group_id="E1" events="1" subjects_affected="1" subjects_at_risk="2"/>
              </event>
            </event_list>
          </category>
          <category>
            <title>Respiratory, thoracic and mediastinal disorders</title>
            <event_list>
              <event>
                <sub_title>pulmonary edema</sub_title>
                <counts group_id="E1" events="1" subjects_affected="1" subjects_at_risk="2"/>
              </event>
            </event_list>
          </category>
        </category_list>
      </serious_events>
      <other_events>
        <frequency_threshold>0</frequency_threshold>
        <default_assessment>Systematic Assessment</default_assessment>
        <category_list>
          <category>
            <title>Total</title>
            <event_list>
              <event>
                <sub_title>Total, other adverse events</sub_title>
                <counts group_id="E1" subjects_affected="2" subjects_at_risk="2"/>
              </event>
            </event_list>
          </category>
          <category>
            <title>Blood and lymphatic system disorders</title>
            <event_list>
              <event>
                <sub_title>Anemia</sub_title>
                <counts group_id="E1" events="6" subjects_affected="1" subjects_at_risk="2"/>
              </event>
              <event>
                <sub_title>Febrile neutropenia</sub_title>
                <counts group_id="E1" events="1" subjects_affected="1" subjects_at_risk="2"/>
              </event>
            </event_list>
          </category>
          <category>
            <title>Cardiac disorders</title>
            <event_list>
              <event>
                <sub_title>Sinus tachycardia</sub_title>
                <counts group_id="E1" events="1" subjects_affected="1" subjects_at_risk="2"/>
              </event>
              <event>
                <sub_title>Heart failure</sub_title>
                <counts group_id="E1" events="1" subjects_affected="1" subjects_at_risk="2"/>
              </event>
            </event_list>
          </category>
          <category>
            <title>Eye disorders</title>
            <event_list>
              <event>
                <sub_title>Blurred vision</sub_title>
                <counts group_id="E1" events="1" subjects_affected="1" subjects_at_risk="2"/>
              </event>
            </event_list>
          </category>
          <category>
            <title>Gastrointestinal disorders</title>
            <event_list>
              <event>
                <sub_title>Mucositis oral</sub_title>
                <counts group_id="E1" events="4" subjects_affected="1" subjects_at_risk="2"/>
              </event>
              <event>
                <sub_title>Nausea</sub_title>
                <counts group_id="E1" events="4" subjects_affected="2" subjects_at_risk="2"/>
              </event>
            </event_list>
          </category>
          <category>
            <title>General disorders</title>
            <event_list>
              <event>
                <sub_title>Edema limbs</sub_title>
                <counts group_id="E1" events="9" subjects_affected="1" subjects_at_risk="2"/>
              </event>
              <event>
                <sub_title>Fatigue</sub_title>
                <counts group_id="E1" events="2" subjects_affected="1" subjects_at_risk="2"/>
              </event>
              <event>
                <sub_title>Fever</sub_title>
                <counts group_id="E1" events="1" subjects_affected="1" subjects_at_risk="2"/>
              </event>
              <event>
                <sub_title>Non-cardiac chest pain</sub_title>
                <counts group_id="E1" events="1" subjects_affected="1" subjects_at_risk="2"/>
              </event>
              <event>
                <sub_title>Pain</sub_title>
                <counts group_id="E1" events="1" subjects_affected="1" subjects_at_risk="2"/>
              </event>
            </event_list>
          </category>
          <category>
            <title>Infections and infestations</title>
            <event_list>
              <event>
                <sub_title>Infections and infestations</sub_title>
                <counts group_id="E1" events="1" subjects_affected="1" subjects_at_risk="2"/>
              </event>
              <event>
                <sub_title>Pharyngitis</sub_title>
                <counts group_id="E1" events="1" subjects_affected="1" subjects_at_risk="2"/>
              </event>
              <event>
                <sub_title>Sepsis</sub_title>
                <counts group_id="E1" events="1" subjects_affected="1" subjects_at_risk="2"/>
              </event>
            </event_list>
          </category>
          <category>
            <title>Investigations</title>
            <event_list>
              <event>
                <sub_title>Alanine aminotransferase increased</sub_title>
                <counts group_id="E1" events="5" subjects_affected="2" subjects_at_risk="2"/>
              </event>
              <event>
                <sub_title>Aspartate aminotransferase increased</sub_title>
                <counts group_id="E1" events="3" subjects_affected="2" subjects_at_risk="2"/>
              </event>
              <event>
                <sub_title>Blood bilirubin increased</sub_title>
                <counts group_id="E1" events="3" subjects_affected="2" subjects_at_risk="2"/>
              </event>
              <event>
                <sub_title>Creatinine increased</sub_title>
                <counts group_id="E1" events="1" subjects_affected="1" subjects_at_risk="2"/>
              </event>
              <event>
                <sub_title>Platelet count decreased</sub_title>
                <counts group_id="E1" events="1" subjects_affected="1" subjects_at_risk="2"/>
              </event>
              <event>
                <sub_title>White blood cell decreased</sub_title>
                <counts group_id="E1" events="2" subjects_affected="1" subjects_at_risk="2"/>
              </event>
              <event>
                <sub_title>Electrocardiogram QT corrected interval prolonged</sub_title>
                <counts group_id="E1" events="2" subjects_affected="2" subjects_at_risk="2"/>
              </event>
              <event>
                <sub_title>Weight gain</sub_title>
                <counts group_id="E1" events="17" subjects_affected="2" subjects_at_risk="2"/>
              </event>
              <event>
                <sub_title>Alkaline phosphatase increased</sub_title>
                <counts group_id="E1" events="1" subjects_affected="1" subjects_at_risk="2"/>
              </event>
              <event>
                <sub_title>Increased bicarbonate level</sub_title>
                <counts group_id="E1" events="2" subjects_affected="1" subjects_at_risk="2"/>
              </event>
              <event>
                <sub_title>Abnormal EKG</sub_title>
                <counts group_id="E1" events="1" subjects_affected="1" subjects_at_risk="2"/>
              </event>
              <event>
                <sub_title>Increased BUN</sub_title>
                <counts group_id="E1" events="5" subjects_affected="1" subjects_at_risk="2"/>
              </event>
              <event>
                <sub_title>Increased RDW</sub_title>
                <counts group_id="E1" events="1" subjects_affected="1" subjects_at_risk="2"/>
              </event>
              <event>
                <sub_title>Increased specific gravity</sub_title>
                <counts group_id="E1" events="1" subjects_affected="1" subjects_at_risk="2"/>
              </event>
              <event>
                <sub_title>Hypoproteinemia</sub_title>
                <counts group_id="E1" events="1" subjects_affected="1" subjects_at_risk="2"/>
              </event>
              <event>
                <sub_title>Bladder wall thickening on CT abdomen</sub_title>
                <counts group_id="E1" events="1" subjects_affected="1" subjects_at_risk="2"/>
              </event>
            </event_list>
          </category>
          <category>
            <title>Metabolism and nutrition disorders</title>
            <event_list>
              <event>
                <sub_title>Anorexia</sub_title>
                <counts group_id="E1" events="2" subjects_affected="2" subjects_at_risk="2"/>
              </event>
              <event>
                <sub_title>Hyperphosphatemia</sub_title>
                <counts group_id="E1" events="3" subjects_affected="1" subjects_at_risk="2"/>
              </event>
              <event>
                <sub_title>Hypoalbuminemia</sub_title>
                <counts group_id="E1" events="2" subjects_affected="2" subjects_at_risk="2"/>
              </event>
              <event>
                <sub_title>Hypokalemia</sub_title>
                <counts group_id="E1" events="2" subjects_affected="1" subjects_at_risk="2"/>
              </event>
              <event>
                <sub_title>Hypomagnesemia</sub_title>
                <counts group_id="E1" events="5" subjects_affected="2" subjects_at_risk="2"/>
              </event>
              <event>
                <sub_title>Tumor lysis syndrome</sub_title>
                <counts group_id="E1" events="2" subjects_affected="1" subjects_at_risk="2"/>
              </event>
              <event>
                <sub_title>Hyperglycemia</sub_title>
                <counts group_id="E1" events="3" subjects_affected="1" subjects_at_risk="2"/>
              </event>
              <event>
                <sub_title>Hypernatremia</sub_title>
                <counts group_id="E1" events="3" subjects_affected="1" subjects_at_risk="2"/>
              </event>
              <event>
                <sub_title>Hyponatremia</sub_title>
                <counts group_id="E1" events="1" subjects_affected="1" subjects_at_risk="2"/>
              </event>
              <event>
                <sub_title>Hypocalcemia</sub_title>
                <counts group_id="E1" events="1" subjects_affected="1" subjects_at_risk="2"/>
              </event>
            </event_list>
          </category>
          <category>
            <title>Musculoskeletal and connective tissue disorders</title>
            <event_list>
              <event>
                <sub_title>Hypophosphatemia</sub_title>
                <counts group_id="E1" events="1" subjects_affected="1" subjects_at_risk="2"/>
              </event>
              <event>
                <sub_title>Pain in extremity</sub_title>
                <counts group_id="E1" events="1" subjects_affected="1" subjects_at_risk="2"/>
              </event>
            </event_list>
          </category>
          <category>
            <title>Nervous system disorders</title>
            <event_list>
              <event>
                <sub_title>Headche</sub_title>
                <counts group_id="E1" events="5" subjects_affected="1" subjects_at_risk="2"/>
              </event>
              <event>
                <sub_title>Lethargy</sub_title>
                <counts group_id="E1" events="3" subjects_affected="1" subjects_at_risk="2"/>
              </event>
              <event>
                <sub_title>Dizziness</sub_title>
                <counts group_id="E1" events="2" subjects_affected="1" subjects_at_risk="2"/>
              </event>
              <event>
                <sub_title>Encephalopathy</sub_title>
                <counts group_id="E1" events="1" subjects_affected="1" subjects_at_risk="2"/>
              </event>
              <event>
                <sub_title>Syncope</sub_title>
                <counts group_id="E1" events="2" subjects_affected="1" subjects_at_risk="2"/>
              </event>
              <event>
                <sub_title>Tremor</sub_title>
                <counts group_id="E1" events="1" subjects_affected="1" subjects_at_risk="2"/>
              </event>
            </event_list>
          </category>
          <category>
            <title>Psychiatric disorders</title>
            <event_list>
              <event>
                <sub_title>Anxiety</sub_title>
                <counts group_id="E1" events="1" subjects_affected="1" subjects_at_risk="2"/>
              </event>
            </event_list>
          </category>
          <category>
            <title>Renal and urinary disorders</title>
            <event_list>
              <event>
                <sub_title>Cystitis noninfective</sub_title>
                <counts group_id="E1" events="1" subjects_affected="1" subjects_at_risk="2"/>
              </event>
              <event>
                <sub_title>Urinary frequency</sub_title>
                <counts group_id="E1" events="1" subjects_affected="1" subjects_at_risk="2"/>
              </event>
              <event>
                <sub_title>Urinary urgency</sub_title>
                <counts group_id="E1" events="1" subjects_affected="1" subjects_at_risk="2"/>
              </event>
              <event>
                <sub_title>Renal and urinary disorders</sub_title>
                <counts group_id="E1" events="1" subjects_affected="1" subjects_at_risk="2"/>
              </event>
            </event_list>
          </category>
          <category>
            <title>Reproductive system and breast disorders</title>
            <event_list>
              <event>
                <sub_title>Genital edema</sub_title>
                <counts group_id="E1" events="2" subjects_affected="1" subjects_at_risk="2"/>
              </event>
            </event_list>
          </category>
          <category>
            <title>Respiratory, thoracic and mediastinal disorders</title>
            <event_list>
              <event>
                <sub_title>Hypoxia</sub_title>
                <counts group_id="E1" events="1" subjects_affected="1" subjects_at_risk="2"/>
              </event>
            </event_list>
          </category>
          <category>
            <title>Skin and subcutaneous tissue disorders</title>
            <event_list>
              <event>
                <sub_title>Skin and subcutaneous tissue disorders</sub_title>
                <counts group_id="E1" events="2" subjects_affected="1" subjects_at_risk="2"/>
              </event>
            </event_list>
          </category>
          <category>
            <title>Vascular disorders</title>
            <event_list>
              <event>
                <sub_title>Hypertension</sub_title>
                <counts group_id="E1" events="5" subjects_affected="1" subjects_at_risk="2"/>
              </event>
              <event>
                <sub_title>Hypotension</sub_title>
                <counts group_id="E1" events="1" subjects_affected="1" subjects_at_risk="2"/>
              </event>
            </event_list>
          </category>
        </category_list>
      </other_events>
    </reported_events>

    <certain_agreements>
      <pi_employee>All Principal Investigators ARE employed by the organization sponsoring the study.</pi_employee>
      <restrictive_agreement>There is NOT an agreement between Principal Investigators and the Sponsor (or its agents) that restricts the PI's rights to discuss or publish trial results after the trial is completed. </restrictive_agreement>
    </certain_agreements>
    <limitations_and_caveats>Due to slow accrual, the study was terminated.</limitations_and_caveats>
    <point_of_contact>
      <name_or_title>Dr. Seema Naik</name_or_title>
      <organization>Penn State Health</organization>
      <phone>7175310003 ext 289626</phone>
      <email>snaik@pennstatehealth.psu.edu</email>
    </point_of_contact>
  </clinical_results>
</clinical_study>

