<?xml version="1.0" encoding="UTF-8"?>
<clinical_study rank="230">
  <!-- This xml conforms to an XML Schema at:
    https://clinicaltrials.gov/ct2/html/images/info/public.xsd -->
  <required_header>
    <download_date>ClinicalTrials.gov processed this data on February 06, 2024</download_date>
    <link_text>Link to the current ClinicalTrials.gov record.</link_text>
    <url>https://clinicaltrials.gov/ct2/show/NCT06233526</url>
  </required_header>
  <id_info>
    <org_study_id>2023-IRB-0315-P-01</org_study_id>
    <nct_id>NCT06233526</nct_id>
  </id_info>
  <brief_title>Individualized Treatment of Pediatric R/R AML Based on Transcriptomic Profile and in Vitro Drug Sensitivity Test</brief_title>
  <official_title>Individualized Treatment of Pediatric Relasped and Refractory Acute Myeloid Leukemia Based on Transcriptomic Profile and in Vitro Drug Sensitivity Test</official_title>
  <sponsors>
    <lead_sponsor>
      <agency>The Children's Hospital of Zhejiang University School of Medicine</agency>
      <agency_class>Other</agency_class>
    </lead_sponsor>
    <collaborator>
      <agency>Zhejiang University</agency>
      <agency_class>Other</agency_class>
    </collaborator>
  </sponsors>
  <source>The Children's Hospital of Zhejiang University School of Medicine</source>
  <oversight_info>
    <is_fda_regulated_drug>No</is_fda_regulated_drug>
    <is_fda_regulated_device>No</is_fda_regulated_device>
  </oversight_info>
  <brief_summary>
    <textblock>
      Acute myeloid leukemia (AML) accounts for about 15% to 20% of childhood leukemia, but the&#xD;
      death rate accounts for about 50%. About 20-30% of children with AML did not achieve complete&#xD;
      response (CR) after 2 induction treatments, and about 30% of children with CR had relapse&#xD;
      within 3 years (including recurrence after hematopoietic stem cell&#xD;
      transplantation).Relapsed/refractory (R/R) AML is a major cause of treatment failure and&#xD;
      refractory survival. Reinduction chemotherapy for R/R-AML to obtain CR again, followed by&#xD;
      hematopoietic stem cell transplantation, is the current treatment. At present, there is no&#xD;
      recognized reinduction protocol, and the reinduction remission rate of R/R-AML varies greatly&#xD;
      among different treatment regimens, ranging from 23 to 81%. Current guidelines recommend a&#xD;
      new combination chemotherapy regimen consisting of new drugs without cross-resistance. This&#xD;
      method selects sensitive chemotherapeutic drugs, and then forms a new combination&#xD;
      chemotherapy regimen according to the characteristics of drugs, which is the choice of&#xD;
      R/R-AML reinduction therapy.This study intends to conduct a clinical study on the&#xD;
      individualized treatment of R/R AML patients through in vitro drug sensitivity test combined&#xD;
      with patient transcriptomic characteristics.&#xD;
    </textblock>
  </brief_summary>
  <overall_status>Recruiting</overall_status>
  <start_date type="Actual">January 1, 2024</start_date>
  <completion_date type="Anticipated">December 31, 2025</completion_date>
  <primary_completion_date type="Anticipated">December 31, 2025</primary_completion_date>
  <phase>N/A</phase>
  <study_type>Interventional</study_type>
  <has_expanded_access>No</has_expanded_access>
  <study_design_info>
    <allocation>N/A</allocation>
    <intervention_model>Single Group Assignment</intervention_model>
    <primary_purpose>Treatment</primary_purpose>
    <masking>None (Open Label)</masking>
  </study_design_info>
  <primary_outcome>
    <measure>Complete remission rate</measure>
    <time_frame>4 weeks</time_frame>
    <description>Complete remission rate after the course of individualized treatment</description>
  </primary_outcome>
  <primary_outcome>
    <measure>Event free survival</measure>
    <time_frame>one year, five years</time_frame>
    <description>The patient's event free survival at one and five years after treatment</description>
  </primary_outcome>
  <secondary_outcome>
    <measure>Overall Survival</measure>
    <time_frame>one year, five years</time_frame>
    <description>The patient's overall survival at one and five years after treatment</description>
  </secondary_outcome>
  <number_of_arms>1</number_of_arms>
  <enrollment type="Anticipated">60</enrollment>
  <condition>Acute Myeloid Leukemia in Children</condition>
  <arm_group>
    <arm_group_label>Individualized treatment group</arm_group_label>
    <arm_group_type>Experimental</arm_group_type>
    <description>Treating the R/R AML patients based on the transcriptomic profile and in vitro drug sensitivity Test</description>
  </arm_group>
  <intervention>
    <intervention_type>Other</intervention_type>
    <intervention_name>Chemotherapy regiments based on the transcriptomic profile and in vitro drug sensitivity test</intervention_name>
    <description>Leukemia cells from newly diagnosed and relapsed children with AML were tested for high throughput in vitro drug sensitivity and resistance.&#xD;
Combined with multi-omics sequencing technology such as whole exome and transcriptome, the data of drug sensitivity, drug resistance and genomic characteristics of children AML patients were integrated, and the internal rules between drug sensitivity or drug resistance and molecular characteristics such as gene fusion, gene mutation and abnormal gene expression of children AML patients were deeply analyzed, and the molecular characteristics of drug sensitivity in children AML were mapped</description>
    <arm_group_label>Individualized treatment group</arm_group_label>
  </intervention>
  <eligibility>
    <criteria>
      <textblock>
        Inclusion Criteria:&#xD;
&#xD;
        - (1) Refractory recurrent acute myeloid leukemia (AML), and after second-line reinduction&#xD;
        therapy, such as C+HAG did not reach complete CR.Criteria for complete response,&#xD;
        refractory, and recurrence are as follows.&#xD;
&#xD;
        (2) &lt;18 years old; (3) The child had good organ function, could tolerate chemotherapy, and&#xD;
        had a physical strength score of 0-3 (WHO standard); (4) Understand the research procedures&#xD;
        and voluntarily sign written informed consent.&#xD;
&#xD;
        Exclusion Criteria:&#xD;
&#xD;
        - (1) Acute promyelocytic leukemia, chronic myelogenous leukemia, acute mixed cell leukemia&#xD;
        or known central nervous system leukemia; (2) AML associated with congenital syndromes such&#xD;
        as Down syndrome, Fanconi anemia, Bloom syndrome, Cole's syndrome, or congenital aplastic&#xD;
        anemia; (3) secondary to immunodeficiency or positive for human immunodeficiency virus&#xD;
        (HIV); (4) Cardiac and renal function were obviously abnormal, and left ventricular&#xD;
        ejection fraction was &lt;50%.&#xD;
&#xD;
        (5) There is active systemic infection; (6) any medical history or concomitant condition&#xD;
        that the investigator believes would impair the subject's safe completion of the study; (7)&#xD;
        The investigator considers that the subject is medically unfit to receive the&#xD;
        investigational drug or is unfit for any other reason; (8) a known or suspected allergy to&#xD;
        the subject drug or to any drug administered in connection with this test;&#xD;
      </textblock>
    </criteria>
    <gender>All</gender>
    <minimum_age>N/A</minimum_age>
    <maximum_age>18 Years</maximum_age>
    <healthy_volunteers>Accepts Healthy Volunteers</healthy_volunteers>
  </eligibility>
  <overall_official>
    <last_name>Xiaojun Xu, MD</last_name>
    <role>Principal Investigator</role>
    <affiliation>Children's Hospital, Zhejiang University School of Medicine</affiliation>
  </overall_official>
  <overall_contact>
    <last_name>Xiaojun Xu, MD</last_name>
    <phone>+8657188873617</phone>
    <email>xuxiaojun@zju.edu.cn</email>
  </overall_contact>
  <location>
    <facility>
      <name>Children's Hospital of Zhejiang University School of Medicine</name>
      <address>
        <city>Hangzhou</city>
        <state>Zhejiang</state>
        <zip>310000</zip>
        <country>China</country>
      </address>
    </facility>
    <status>Recruiting</status>
    <contact>
      <last_name>Xu Xiaojun, chief physician</last_name>
      <phone>+86571888736617</phone>
      <email>xuxiaojun@zju.edu.cn</email>
    </contact>
  </location>
  <location_countries>
    <country>China</country>
  </location_countries>
  <reference>
    <citation>Newell LF, Cook RJ. Advances in acute myeloid leukemia. BMJ. 2021 Oct 6;375:n2026. doi: 10.1136/bmj.n2026.</citation>
    <PMID>34615640</PMID>
  </reference>
  <reference>
    <citation>Kim H. Treatments for children and adolescents with AML. Blood Res. 2020 Jul 31;55(S1):S5-S13. doi: 10.5045/br.2020.S002.</citation>
    <PMID>32719170</PMID>
  </reference>
  <reference>
    <citation>Zarnegar-Lumley S, Caldwell KJ, Rubnitz JE. Relapsed acute myeloid leukemia in children and adolescents: current treatment options and future strategies. Leukemia. 2022 Aug;36(8):1951-1960. doi: 10.1038/s41375-022-01619-9. Epub 2022 Jun 6.</citation>
    <PMID>35668109</PMID>
  </reference>
  <reference>
    <citation>Leukemia &amp; Lymphoma Group, Chinese Society of Hematology, Chinese Medical Association. [Chinese guidelines for the diagnosis and treatment of relapsed/refractory acute myelogenous leukemia (2021)]. Zhonghua Xue Ye Xue Za Zhi. 2021 Aug 14;42(8):624-627. doi: 10.3760/cma.j.issn.0253-2727.2021.08.002. No abstract available. Chinese.</citation>
    <PMID>34547866</PMID>
  </reference>
  <reference>
    <citation>Kamens JL, Nance S, Koss C, Xu B, Cotton A, Lam JW, Garfinkle EAR, Nallagatla P, Smith AMR, Mitchell S, Ma J, Currier D, Wright WC, Kavdia K, Pagala VR, Kim W, Wallace LM, Cho JH, Fan Y, Seth A, Twarog N, Choi JK, Obeng EA, Hatley ME, Metzger ML, Inaba H, Jeha S, Rubnitz JE, Peng J, Chen T, Shelat AA, Guy RK, Gruber TA. Proteasome inhibition targets the KMT2A transcriptional complex in acute lymphoblastic leukemia. Nat Commun. 2023 Feb 13;14(1):809. doi: 10.1038/s41467-023-36370-x. Erratum In: Nat Commun. 2023 Mar 9;14(1):1297.</citation>
    <PMID>36781850</PMID>
  </reference>
  <results_reference>
    <citation>Du W, Xia Z, Luo Z, Chen Y, Bing S, Wang W, Zhang X, Zhou Z, Zhang J, Cao J, Yang B, He Q, Shao X, Xu X, Ying M. A novel gene fusion RUNX1/ZNF423 promotes leukemic relapse of NUP98-rearranged AML. Leukemia. 2023 Nov;37(11):2286-2291. doi: 10.1038/s41375-023-02024-6. Epub 2023 Sep 15. No abstract available.</citation>
    <PMID>37714925</PMID>
  </results_reference>
  <verification_date>January 2024</verification_date>
  <study_first_submitted>January 23, 2024</study_first_submitted>
  <study_first_submitted_qc>January 23, 2024</study_first_submitted_qc>
  <study_first_posted type="Actual">January 31, 2024</study_first_posted>
  <last_update_submitted>January 23, 2024</last_update_submitted>
  <last_update_submitted_qc>January 23, 2024</last_update_submitted_qc>
  <last_update_posted type="Actual">January 31, 2024</last_update_posted>
  <responsible_party>
    <responsible_party_type>Principal Investigator</responsible_party_type>
    <investigator_affiliation>The Children's Hospital of Zhejiang University School of Medicine</investigator_affiliation>
    <investigator_full_name>Xiaojun Xu</investigator_full_name>
    <investigator_title>chief physician</investigator_title>
  </responsible_party>
  <keyword>Acute myeloid leukemia</keyword>
  <keyword>relapsed/refractory</keyword>
  <keyword>transcriptomic sequencing</keyword>
  <keyword>drug sensitivity test</keyword>
  <condition_browse>
    <!-- CAUTION:  The following MeSH terms are assigned with an imperfect algorithm            -->
    <mesh_term>Leukemia</mesh_term>
    <mesh_term>Leukemia, Myeloid</mesh_term>
    <mesh_term>Leukemia, Myeloid, Acute</mesh_term>
    <mesh_term>Hypersensitivity</mesh_term>
  </condition_browse>
  <patient_data>
    <sharing_ipd>No</sharing_ipd>
  </patient_data>
  <!-- Results have not yet been posted for this study                                          -->
</clinical_study>

