<?xml version="1.0" encoding="UTF-8"?>
<clinical_study rank="320">
  <!-- This xml conforms to an XML Schema at:
    https://clinicaltrials.gov/ct2/html/images/info/public.xsd -->
  <required_header>
    <download_date>ClinicalTrials.gov processed this data on February 06, 2024</download_date>
    <link_text>Link to the current ClinicalTrials.gov record.</link_text>
    <url>https://clinicaltrials.gov/ct2/show/NCT00577694</url>
  </required_header>
  <id_info>
    <org_study_id>LCCC 0708</org_study_id>
    <secondary_id>P30CA016086</secondary_id>
    <secondary_id>CDR0000580801</secondary_id>
    <secondary_id>UNC-LCCC-07-1222</secondary_id>
    <nct_id>NCT00577694</nct_id>
  </id_info>
  <brief_title>Clofarabine and Gemtuzumab in Treating Patients With Relapsed or Refractory Acute Myeloid Leukemia</brief_title>
  <official_title>A Nonrandomized Dose-escalation Study of Clofarabine in Combination With Gemtuzumab Ozogamicin for Relapsed/Refractory Acute Myeloid Leukemia (AML) for Patients Less Than 60 Years-old</official_title>
  <sponsors>
    <lead_sponsor>
      <agency>UNC Lineberger Comprehensive Cancer Center</agency>
      <agency_class>Other</agency_class>
    </lead_sponsor>
    <collaborator>
      <agency>National Cancer Institute (NCI)</agency>
      <agency_class>NIH</agency_class>
    </collaborator>
    <collaborator>
      <agency>Genzyme, a Sanofi Company</agency>
      <agency_class>Industry</agency_class>
    </collaborator>
  </sponsors>
  <source>UNC Lineberger Comprehensive Cancer Center</source>
  <oversight_info>
    <has_dmc>Yes</has_dmc>
  </oversight_info>
  <brief_summary>
    <textblock>
      RATIONALE: Drugs used in chemotherapy, such as clofarabine, work in different ways to stop&#xD;
      the growth of cancer cells, either by killing the cells or by stopping them from dividing.&#xD;
      Monoclonal antibodies, such as gemtuzumab, can block cancer growth in different ways. Some&#xD;
      block the ability of cancer cells to grow and spread. Others find cancer cells and help kill&#xD;
      them or carry cancer-killing substances to them. Giving clofarabine together with gemtuzumab&#xD;
      may kill more cancer cells.&#xD;
&#xD;
      PURPOSE: This phase I trial is studying the side effects and best dose of clofarabine when&#xD;
      given together with gemtuzumab in treating patients with relapsed or refractory acute myeloid&#xD;
      leukemia.&#xD;
    </textblock>
  </brief_summary>
  <detailed_description>
    <textblock>
      OBJECTIVES:&#xD;
&#xD;
      Primary&#xD;
&#xD;
        -  Identify the maximum tolerated dose and dose-limiting toxicities of clofarabine when&#xD;
           administered with gemtuzumab ozogamicin in patients with refractory acute myeloid&#xD;
           leukemia (AML) or with AML that has relapsed within 1 year after cytarabine-containing&#xD;
           therapy.&#xD;
&#xD;
      Secondary&#xD;
&#xD;
        -  Estimate the rates of complete response and/or partial complete response with incomplete&#xD;
           platelet recovery in patients treated with this regimen.&#xD;
&#xD;
        -  Estimate the duration of remission in patients treated with this regimen and not&#xD;
           proceeding to high-dose therapy and allogeneic stem cell transplantation.&#xD;
&#xD;
        -  Estimate the frequency with which patients enrolled on this study proceed to allogeneic&#xD;
           or autologous blood or bone marrow stem cell transplantation.&#xD;
&#xD;
      OUTLINE: This is a dose-escalation study of clofarabine.&#xD;
&#xD;
      Patients receive induction therapy comprising clofarabine IV on days 1-5 and gemtuzumab&#xD;
      ozogamicin IV over 2 hours on days 1, 4, and 7 during course 1 only. Beginning in course 2,&#xD;
      after blood counts recover, patients receive consolidation therapy comprising clofarabine IV&#xD;
      on days 1-5. Consolidation treatment repeats upon blood count recovery for up to 2 courses in&#xD;
      the absence of disease progression or unacceptable toxicity.&#xD;
&#xD;
      After completion of study therapy, patients in remission after consolidation therapy are&#xD;
      followed monthly for the first 6 months, and then every 3-4 months for 2 years.&#xD;
    </textblock>
  </detailed_description>
  <overall_status>Terminated</overall_status>
  <why_stopped>
    funding unavailable&#xD;
  </why_stopped>
  <start_date>November 2007</start_date>
  <completion_date type="Actual">August 2015</completion_date>
  <primary_completion_date type="Actual">July 2010</primary_completion_date>
  <phase>Phase 1</phase>
  <study_type>Interventional</study_type>
  <has_expanded_access>No</has_expanded_access>
  <study_design_info>
    <allocation>N/A</allocation>
    <intervention_model>Single Group Assignment</intervention_model>
    <primary_purpose>Treatment</primary_purpose>
    <masking>None (Open Label)</masking>
  </study_design_info>
  <primary_outcome>
    <measure>Maximum tolerated dose of clofarabine</measure>
    <time_frame>3 years</time_frame>
  </primary_outcome>
  <secondary_outcome>
    <measure>Rate of complete response and/or partial complete response with incomplete platelet recovery</measure>
    <time_frame>3 years</time_frame>
  </secondary_outcome>
  <secondary_outcome>
    <measure>Duration of remission</measure>
    <time_frame>5 years</time_frame>
  </secondary_outcome>
  <secondary_outcome>
    <measure>Frequency of patients proceeding to allogeneic or autologous blood or bone marrow stem cell transplantation</measure>
    <time_frame>5 years</time_frame>
  </secondary_outcome>
  <number_of_arms>1</number_of_arms>
  <enrollment type="Actual">21</enrollment>
  <condition>Leukemia</condition>
  <arm_group>
    <arm_group_label>single arm study</arm_group_label>
    <arm_group_type>Other</arm_group_type>
    <description>1</description>
  </arm_group>
  <intervention>
    <intervention_type>Drug</intervention_type>
    <intervention_name>clofarabine</intervention_name>
    <description>Intravenous, 20mg/m2, Days 1, 2, 3, 4 and 5; 2 cycles</description>
    <arm_group_label>single arm study</arm_group_label>
    <other_name>Clolar</other_name>
  </intervention>
  <intervention>
    <intervention_type>Drug</intervention_type>
    <intervention_name>gemtuzumab ozogamicin</intervention_name>
    <description>Intravenous, 3mg/m2, Day 1, one cycle</description>
    <arm_group_label>single arm study</arm_group_label>
    <other_name>Mylotarg</other_name>
  </intervention>
  <eligibility>
    <criteria>
      <textblock>
        DISEASE CHARACTERISTICS:&#xD;
&#xD;
          -  Diagnosis of acute myeloid leukemia (AML) meeting 1 of the following criteria:&#xD;
&#xD;
               -  Refractory disease, defined as persistent or progressive disease after ≥ 2&#xD;
                  induction regimens, including ≥ 1 course of high-dose cytarabine (ARA-C)&#xD;
&#xD;
               -  Relapsed disease that has recurred within 1 year of an ARA-C-containing&#xD;
                  chemotherapy regimen&#xD;
&#xD;
          -  No CNS disease requiring radiotherapy&#xD;
&#xD;
               -  Patients with neurological symptoms must undergo a lumbar puncture and a CT scan&#xD;
                  or MRI of the brain to exclude brain metastasis&#xD;
&#xD;
        PATIENT CHARACTERISTICS:&#xD;
&#xD;
          -  ECOG performance status 0-2&#xD;
&#xD;
          -  Total bilirubin ≤ 2.0 times upper limit of normal (ULN)&#xD;
&#xD;
          -  ALT and AST ≤ 2.0 times the ULN&#xD;
&#xD;
          -  Serum creatinine ≤ 1.0 mg/dL OR glomerular filtration rate &gt; 60 mL/min&#xD;
&#xD;
          -  INR ≤ 1.5 and aPTT within ULN&#xD;
&#xD;
               -  Patients receiving anticoagulation therapy (e.g., warfarin or heparin) are&#xD;
                  eligible provided anticoagulation therapy can be discontinued or changed to&#xD;
                  parenteral medications while the platelet count is less than 50,000/mm³&#xD;
&#xD;
          -  Negative pregnancy test&#xD;
&#xD;
          -  Fertile patients must use effective contraception&#xD;
&#xD;
          -  No concurrent active second primary malignancy (excluding superficial, non-invasive&#xD;
             skin cancers)&#xD;
&#xD;
          -  No active bleeding diathesis, not including closely monitored therapeutic&#xD;
             anticoagulation&#xD;
&#xD;
          -  No cardiac disease, including any of the following:&#xD;
&#xD;
               -  New York Heart Association class II-IV congestive heart failure&#xD;
&#xD;
               -  Unstable angina (i.e., anginal symptoms at rest)&#xD;
&#xD;
               -  New onset angina (i.e., began within the past 3 months)&#xD;
&#xD;
               -  Myocardial infarction within the past 6 months&#xD;
&#xD;
          -  No active clinically serious infection &gt; grade 2&#xD;
&#xD;
          -  No cerebrovascular accident, including transient ischemic attacks, within the past 6&#xD;
             months&#xD;
&#xD;
          -  No pulmonary hemorrhage ≥ grade 2 within the past 4 weeks&#xD;
&#xD;
          -  No other hemorrhage or bleeding event ≥ grade 3 within the past 4 weeks&#xD;
&#xD;
          -  No known HIV infection or chronic hepatitis B or C&#xD;
&#xD;
          -  No serious non-healing wound or ulcer&#xD;
&#xD;
          -  More than 4 weeks since prior significant traumatic injury&#xD;
&#xD;
          -  No prior history of sinusoidal obstructive syndrome (veno-occlusive disease)&#xD;
&#xD;
        PRIOR CONCURRENT THERAPY:&#xD;
&#xD;
          -  More than 4 weeks since prior major surgery or open biopsy&#xD;
&#xD;
          -  More than 100 days since any prior hematopoietic stem cell transplant&#xD;
&#xD;
          -  No concurrent treatment with any other investigational agent for AML&#xD;
&#xD;
               -  Intrathecal chemotherapy administration is allow for central nervous system&#xD;
                  leukemic infiltration&#xD;
&#xD;
          -  No prior allogeneic stem cell transplant within the past 100 days, with active&#xD;
             graft-versus-host disease (GVHD) of any grade, or exposure to immynosuppression for&#xD;
             GVHD or prophylaxis&#xD;
      </textblock>
    </criteria>
    <gender>All</gender>
    <minimum_age>18 Years</minimum_age>
    <maximum_age>60 Years</maximum_age>
    <healthy_volunteers>No</healthy_volunteers>
  </eligibility>
  <overall_official>
    <last_name>Thomas C. Shea, MD</last_name>
    <role>Principal Investigator</role>
    <affiliation>UNC Lineberger Comprehensive Cancer Center</affiliation>
  </overall_official>
  <location>
    <facility>
      <name>Lineberger Comprehensive Cancer Center at University of North Carolina - Chapel Hill</name>
      <address>
        <city>Chapel Hill</city>
        <state>North Carolina</state>
        <zip>27599-7295</zip>
        <country>United States</country>
      </address>
    </facility>
  </location>
  <location_countries>
    <country>United States</country>
  </location_countries>
  <verification_date>October 2015</verification_date>
  <study_first_submitted>December 19, 2007</study_first_submitted>
  <study_first_submitted_qc>December 19, 2007</study_first_submitted_qc>
  <study_first_posted type="Estimate">December 20, 2007</study_first_posted>
  <last_update_submitted>October 7, 2015</last_update_submitted>
  <last_update_submitted_qc>October 7, 2015</last_update_submitted_qc>
  <last_update_posted type="Estimate">October 12, 2015</last_update_posted>
  <responsible_party>
    <responsible_party_type>Sponsor</responsible_party_type>
  </responsible_party>
  <keyword>recurrent adult acute myeloid leukemia</keyword>
  <condition_browse>
    <!-- CAUTION:  The following MeSH terms are assigned with an imperfect algorithm            -->
    <mesh_term>Leukemia</mesh_term>
    <mesh_term>Leukemia, Myeloid</mesh_term>
    <mesh_term>Leukemia, Myeloid, Acute</mesh_term>
  </condition_browse>
  <intervention_browse>
    <!-- CAUTION:  The following MeSH terms are assigned with an imperfect algorithm            -->
    <mesh_term>Clofarabine</mesh_term>
    <mesh_term>Gemtuzumab</mesh_term>
  </intervention_browse>
  <!-- Results have not yet been posted for this study                                          -->
</clinical_study>

