<?xml version="1.0" encoding="UTF-8"?>
<clinical_study rank="441">
  <!-- This xml conforms to an XML Schema at:
    https://clinicaltrials.gov/ct2/html/images/info/public.xsd -->
  <required_header>
    <download_date>ClinicalTrials.gov processed this data on February 06, 2024</download_date>
    <link_text>Link to the current ClinicalTrials.gov record.</link_text>
    <url>https://clinicaltrials.gov/ct2/show/NCT01266083</url>
  </required_header>
  <id_info>
    <org_study_id>10-143</org_study_id>
    <nct_id>NCT01266083</nct_id>
  </id_info>
  <brief_title>WT-1 Analog Peptide Vaccine in Acute Myeloid Leukemia (AML) or Acute Lymphoblastic Leukemia (ALL)</brief_title>
  <official_title>Phase II Trial of a WT-1 Analog Peptide Vaccine in Patients in Complete Remission (CR) From Acute Myeloid Leukemia (AML) or Acute Lymphoblastic Leukemia (ALL)</official_title>
  <sponsors>
    <lead_sponsor>
      <agency>Sellas Life Sciences Group</agency>
      <agency_class>Industry</agency_class>
    </lead_sponsor>
  </sponsors>
  <source>Sellas Life Sciences Group</source>
  <oversight_info>
    <has_dmc>Yes</has_dmc>
  </oversight_info>
  <brief_summary>
    <textblock>
      To determine whether the WT1 vaccine causes an immune response which is safe and able to keep&#xD;
      the leukemia from coming back.&#xD;
    </textblock>
  </brief_summary>
  <detailed_description>
    <textblock>
      The purpose of this study is to determine whether the WT1 vaccine causes an immune response&#xD;
      which is safe and able to keep the leukemia from coming back. While vaccines have been used&#xD;
      in infectious diseases like smallpox and measles,the idea about using vaccines in a cancer&#xD;
      like AML/ALL is really a new use of the idea of vaccines.The WT-1 vaccine is made up of&#xD;
      protein pieces that the immune system can recognize as abnormal. The doctor thinks that the&#xD;
      WT-1 protein is important in AML/ALL and using some lab tests they are still able to find&#xD;
      some of it in the bone marrow. By attacking this small amount of the protein they hope to get&#xD;
      rid of any small amount of AML that is still in the body.&#xD;
    </textblock>
  </detailed_description>
  <overall_status>Completed</overall_status>
  <start_date type="Actual">December 2010</start_date>
  <completion_date type="Actual">February 2018</completion_date>
  <primary_completion_date type="Actual">February 2018</primary_completion_date>
  <phase>Phase 2</phase>
  <study_type>Interventional</study_type>
  <has_expanded_access>No</has_expanded_access>
  <study_design_info>
    <allocation>N/A</allocation>
    <intervention_model>Single Group Assignment</intervention_model>
    <primary_purpose>Treatment</primary_purpose>
    <masking>None (Open Label)</masking>
  </study_design_info>
  <primary_outcome>
    <measure>To assess the safety</measure>
    <time_frame>at weeks 2 and 4 with routine toxicity assessments throughout the trial</time_frame>
    <description>of the WT1 peptide vaccine administered to patients in CR from AML. Early toxicity will be assessed at weeks 2 and 4,. Routine toxicity assessments will continue throughout the trial. Any toxicity noted in the trial will be graded in accordance with Common Toxicity Criteria, version 4.0 (CTCAE 4.0) developed by the National Cancer Institute.</description>
  </primary_outcome>
  <primary_outcome>
    <measure>To assess the efficacy of the WT1 peptide vaccine administered to patients in CR from AML.</measure>
    <time_frame>3 years</time_frame>
    <description>The primary efficacy measure is defined as overall survival at 3 years.</description>
  </primary_outcome>
  <secondary_outcome>
    <measure>Disease free survival</measure>
    <time_frame>5 years</time_frame>
    <description>Disease free survival</description>
  </secondary_outcome>
  <secondary_outcome>
    <measure>To assess the immunologic responses of vaccine administration</measure>
    <time_frame>at week 12</time_frame>
    <description>via CD4+ T cell proliferation, CD3+ T cell interferon- γ release (ELISPOT and / or flow cytometry) and WT1 peptide tetramer staining.</description>
  </secondary_outcome>
  <secondary_outcome>
    <measure>To assess any effect on minimal residual disease</measure>
    <time_frame>at week 12</time_frame>
    <description>as measured by RT-PCR for WT1 transcript.</description>
  </secondary_outcome>
  <secondary_outcome>
    <measure>Overall survival</measure>
    <time_frame>5 years</time_frame>
    <description>Overall survival</description>
  </secondary_outcome>
  <number_of_arms>1</number_of_arms>
  <enrollment type="Actual">22</enrollment>
  <condition>Acute Myeloid Leukemia</condition>
  <condition>Acute Lymphoblastic Leukemia</condition>
  <arm_group>
    <arm_group_label>WT1 peptide vaccine</arm_group_label>
    <arm_group_type>Experimental</arm_group_type>
    <description>This is a Phase II study evaluating the safety and efficacy of the WT1 peptide vaccine in patients who are in CR from Acute Myeloid Leukemia (AML).</description>
  </arm_group>
  <intervention>
    <intervention_type>Biological</intervention_type>
    <intervention_name>WT1 peptide vaccine</intervention_name>
    <description>Six vaccinations of the WT1 peptide preparation (1.0 ml of emulsion) will be administered on weeks 0, 2, 4, 6, 8, and 10. All vaccinations will be administered subcutaneously with vaccination sites rotated among extremities. Patients who are clinically stable and have not had disease progression, may receive up to 6 more vaccinations administered appropriately every month.</description>
    <arm_group_label>WT1 peptide vaccine</arm_group_label>
  </intervention>
  <eligibility>
    <criteria>
      <textblock>
        Inclusion Criteria:&#xD;
&#xD;
          -  Morphologic confirmation of a diagnosis of AML or ALL at MSKCC&#xD;
&#xD;
          -  Patients will have completed induction therapy, achieved 1st CR and will have&#xD;
             completed any planned postremission therapy. Patients are not candidates for&#xD;
             allogeneic stem cell transplantation. For purposes of this study, patients who are not&#xD;
             candidates for allogeneic stem cell transplantation shall be defined as 1) those who&#xD;
             do not meet the eligibility criteria of an open allogeneic transplant protocol or 2)&#xD;
             those who do not have a suitable available HLA matched donor available or 3) those who&#xD;
             refuse to undergo stem cell transplantation or 4) those patients whose disease is&#xD;
             characterized by &quot;good risk&quot; features (For AML the following cytogenetic subtypes:&#xD;
             t(8;21), inv (16), or t(16;16), t(15;17), normal karyotype with mutated NPM1 and&#xD;
             negative for tandem duplication of FLT-3. For ALL: T cell phenotype of any B lineage&#xD;
             disease exclusive of t(9;22) or t(4;11) in whom allogenic stem cell transplantation in&#xD;
             1st CR would not be offered as standard of care.&#xD;
&#xD;
          -  Alternatively, those patients greater than or equal to 60 years of age who have&#xD;
             achieved 1st CR and in whom no further postremission chemotherapy is planned may be&#xD;
             enrolled&#xD;
&#xD;
          -  Patients must have documented WT1 + disease. For purpose of this study, this is&#xD;
             defined as detectable presence of any WT1 transcript via RT-PCR on a bone marrow&#xD;
             performed at MSKCC within 4 weeks prior to the administration of the first dose of&#xD;
             vaccine.&#xD;
&#xD;
          -  Patients must be within 2 years of achieving CR following chemotherapy&#xD;
&#xD;
          -  At least 4 weeks must have elapsed between the patient's last chemotherapy or&#xD;
             radiation treatment and the first vaccination.&#xD;
&#xD;
          -  Age ≥ 18 years&#xD;
&#xD;
          -  Karnofsky performance status ≥ 50%&#xD;
&#xD;
          -  Hematologic parameters:&#xD;
&#xD;
        Absolute neutrophil count (ANC) ≥ 1000/μl&#xD;
&#xD;
          -  Platelets &gt; 50k/ μl&#xD;
&#xD;
        Biochemical parameters:&#xD;
&#xD;
          -  Total bilirubin ≤ 2.0 mg/dl AST and ALT ≤ 2.5 x upper limits of normal&#xD;
&#xD;
          -  Creatinine ≤ 2.0 mg/dl&#xD;
&#xD;
        Exclusion Criteria:&#xD;
&#xD;
          -  Pregnant or lactating women&#xD;
&#xD;
          -  Patients with documented evidence of leptomeningeal disease&#xD;
&#xD;
          -  Patients who have undergone autologous or allogeneic stem cell transplantation&#xD;
&#xD;
          -  Patients with active infection requiring systemic antimicrobials&#xD;
&#xD;
          -  Patients taking systemic corticosteroids&#xD;
&#xD;
          -  Patients with serious unstable medical illness&#xD;
      </textblock>
    </criteria>
    <gender>All</gender>
    <minimum_age>18 Years</minimum_age>
    <maximum_age>N/A</maximum_age>
    <healthy_volunteers>No</healthy_volunteers>
  </eligibility>
  <overall_official>
    <last_name>Peter Maslak, MD</last_name>
    <role>Principal Investigator</role>
    <affiliation>Memorial Sloan Kettering Cancer Center</affiliation>
  </overall_official>
  <location>
    <facility>
      <name>Memorial Sloan Kettering Cancer Center</name>
      <address>
        <city>New York</city>
        <state>New York</state>
        <zip>10065</zip>
        <country>United States</country>
      </address>
    </facility>
  </location>
  <location_countries>
    <country>United States</country>
  </location_countries>
  <link>
    <url>http://www.mskcc.org/mskcc/html/44.cfm</url>
    <description>Memorial Sloan Kettering Cancer Center</description>
  </link>
  <verification_date>November 2018</verification_date>
  <study_first_submitted>December 21, 2010</study_first_submitted>
  <study_first_submitted_qc>December 22, 2010</study_first_submitted_qc>
  <study_first_posted type="Estimate">December 24, 2010</study_first_posted>
  <last_update_submitted>November 28, 2018</last_update_submitted>
  <last_update_submitted_qc>November 28, 2018</last_update_submitted_qc>
  <last_update_posted type="Actual">November 30, 2018</last_update_posted>
  <responsible_party>
    <responsible_party_type>Sponsor</responsible_party_type>
  </responsible_party>
  <keyword>MONTANIDE ISA 51</keyword>
  <keyword>WT1 PEPTIDE SPECIFIC T CELLS</keyword>
  <keyword>vaccine</keyword>
  <keyword>10-143</keyword>
  <condition_browse>
    <!-- CAUTION:  The following MeSH terms are assigned with an imperfect algorithm            -->
    <mesh_term>Leukemia</mesh_term>
    <mesh_term>Leukemia, Myeloid</mesh_term>
    <mesh_term>Leukemia, Myeloid, Acute</mesh_term>
    <mesh_term>Precursor Cell Lymphoblastic Leukemia-Lymphoma</mesh_term>
    <mesh_term>Leukemia, Lymphoid</mesh_term>
  </condition_browse>
  <!-- Results have not yet been posted for this study                                          -->
</clinical_study>

