<?xml version="1.0" encoding="UTF-8"?>
<clinical_study rank="257">
  <!-- This xml conforms to an XML Schema at:
    https://clinicaltrials.gov/ct2/html/images/info/public.xsd -->
  <required_header>
    <download_date>ClinicalTrials.gov processed this data on February 06, 2024</download_date>
    <link_text>Link to the current ClinicalTrials.gov record.</link_text>
    <url>https://clinicaltrials.gov/ct2/show/NCT01161550</url>
  </required_header>
  <id_info>
    <org_study_id>10-1181 / 201108160</org_study_id>
    <nct_id>NCT01161550</nct_id>
  </id_info>
  <brief_title>Cladribine Based Induction Therapy With All-Trans Retinoic Acid and Midostaurin in Relapsed/Refractory AML</brief_title>
  <acronym>CLAG ATRA AML</acronym>
  <official_title>Phase 1 Study of Cladribine Based Induction Therapy (CLAG) With ATRA (All-Trans Retinoic Acid) and Midostaurin in Relapsed/Refractory AML</official_title>
  <sponsors>
    <lead_sponsor>
      <agency>Washington University School of Medicine</agency>
      <agency_class>Other</agency_class>
    </lead_sponsor>
  </sponsors>
  <source>Washington University School of Medicine</source>
  <oversight_info>
    <has_dmc>No</has_dmc>
  </oversight_info>
  <brief_summary>
    <textblock>
      This study will evaluate the investigational drug Midostaurin in various doses given with&#xD;
      ATRA and CLAG chemotherapy. Midostaurin is a FLT3 inhibitor that is activated or&#xD;
      overexpressed in a significant proportion of AML patients. Research has shown that&#xD;
      midostaurin and drugs like midostaurin may work better in combination with chemotherapy, like&#xD;
      CLAG. CLAG is a combination of cladribine, cytarabine, and G-CSF which is approved by the FDA&#xD;
      and used to treat AML.&#xD;
    </textblock>
  </brief_summary>
  <detailed_description>
    <textblock>
      The main purpose of this study is to gather information about the use of a drug called&#xD;
      midostaurin when given with ATRA and CLAG chemotherapy. Midostaurin is an investigational&#xD;
      drug. It is a drug that inhibits FLT3 that is mutated or overexpressed in a significant&#xD;
      proportion of AML patients. Research has shown that midostaurin and drugs like midostaurin&#xD;
      may work better in combination with chemotherapy, like CLAG. ATRA is known to promote myeloid&#xD;
      differentiation and has also been shown to augment cancer cell death in combination with&#xD;
      chemotherapy. CLAG is a combination of cladribine, cytarabine, and G-CSF which is approved by&#xD;
      the FDA and used to treat AML. This study will look at how safe this combination is, how you&#xD;
      tolerate the treatment, and to see what dose of midostaurin is appropriate.&#xD;
    </textblock>
  </detailed_description>
  <overall_status>Completed</overall_status>
  <start_date>November 2010</start_date>
  <completion_date type="Actual">August 2012</completion_date>
  <primary_completion_date type="Actual">August 2011</primary_completion_date>
  <phase>Phase 1</phase>
  <study_type>Interventional</study_type>
  <has_expanded_access>No</has_expanded_access>
  <study_design_info>
    <allocation>Non-Randomized</allocation>
    <intervention_model>Parallel Assignment</intervention_model>
    <primary_purpose>Treatment</primary_purpose>
    <masking>None (Open Label)</masking>
  </study_design_info>
  <primary_outcome>
    <measure>Tolerability of midostaurin + ATRA given with CLAG chemotherapy</measure>
    <time_frame>28 days following completion of therapy</time_frame>
  </primary_outcome>
  <primary_outcome>
    <measure>Dose limiting toxicity (DLT) of midostaurin + ATRA with CLAG chemotherapy</measure>
    <time_frame>28 days following completion of therapy</time_frame>
  </primary_outcome>
  <secondary_outcome>
    <measure>Response</measure>
    <time_frame>1 year</time_frame>
    <description>To determine the response rate 3, morphologic leukemia-free state, morphologic complete remission rate (CRm), cytogenetic CR (CRc) rate, CR with incomplete blood counts 1 rate, and partial remission 48 rate (PR) of patients treated with midostaurin + ATRA given with CLAG chemotherapy</description>
  </secondary_outcome>
  <secondary_outcome>
    <measure>Survival</measure>
    <time_frame>1 year</time_frame>
    <description>To determine the duration of response and survival including disease-free survival (DFS), event-free survival (EFS), and overall survival (OS) in these patients</description>
  </secondary_outcome>
  <secondary_outcome>
    <measure>Toxicity profile of midostaurin + ATRA</measure>
    <time_frame>28 days following completion of treatment</time_frame>
  </secondary_outcome>
  <secondary_outcome>
    <measure>Pharmacokinetics of midostaurin</measure>
    <time_frame>Cycle 1 Day 7, Cycle 1 Day 14, and Cycle 1 Day 20</time_frame>
  </secondary_outcome>
  <number_of_arms>2</number_of_arms>
  <enrollment type="Actual">11</enrollment>
  <condition>Leukemia, Myeloid, Acute</condition>
  <arm_group>
    <arm_group_label>Arm 1</arm_group_label>
    <arm_group_type>Experimental</arm_group_type>
    <description>GCSF 300 mcg SC Days 1-6&#xD;
Cladribine 5 mg/m2 IV Days 2-6&#xD;
Cytarabine 2 mg/m2 IV Days 2-6&#xD;
ATRA 15 mg/m2 PO QD Days 7-20&#xD;
Midostaurin 25 mg PO BID Days 7-20</description>
  </arm_group>
  <arm_group>
    <arm_group_label>Arm 2</arm_group_label>
    <arm_group_type>Experimental</arm_group_type>
    <description>GCSF 300 mcg SC Days 1-6&#xD;
Cladribine 5 mg/m2 IV Days 2-6&#xD;
Cytarabine 2 mg/m2 IV Days 2-6&#xD;
ATRA 15 mg/m2 PO QD Days 7-20&#xD;
Midostaurin 50 mg PO BID Days 7-20</description>
  </arm_group>
  <intervention>
    <intervention_type>Drug</intervention_type>
    <intervention_name>Granulocyte colony-stimulating factor (G-CSF)</intervention_name>
    <arm_group_label>Arm 1</arm_group_label>
    <arm_group_label>Arm 2</arm_group_label>
    <other_name>Filgrastim</other_name>
  </intervention>
  <intervention>
    <intervention_type>Drug</intervention_type>
    <intervention_name>Cladribine</intervention_name>
    <arm_group_label>Arm 1</arm_group_label>
    <arm_group_label>Arm 2</arm_group_label>
    <other_name>Litak</other_name>
    <other_name>Movectro</other_name>
  </intervention>
  <intervention>
    <intervention_type>Drug</intervention_type>
    <intervention_name>Cytarabine</intervention_name>
    <arm_group_label>Arm 1</arm_group_label>
    <arm_group_label>Arm 2</arm_group_label>
    <other_name>Cytosar-U</other_name>
    <other_name>Depocyt</other_name>
  </intervention>
  <intervention>
    <intervention_type>Drug</intervention_type>
    <intervention_name>All-Trans Retinoic Acid (ATRA)</intervention_name>
    <arm_group_label>Arm 1</arm_group_label>
    <arm_group_label>Arm 2</arm_group_label>
    <other_name>Tretinoin</other_name>
  </intervention>
  <intervention>
    <intervention_type>Drug</intervention_type>
    <intervention_name>Midostaurin</intervention_name>
    <arm_group_label>Arm 1</arm_group_label>
    <arm_group_label>Arm 2</arm_group_label>
    <other_name>PKC412</other_name>
  </intervention>
  <eligibility>
    <criteria>
      <textblock>
        Inclusion Criteria:&#xD;
&#xD;
          -  Patient must be ≥18 of age. Because no dosing or adverse event data are currently&#xD;
             available on the use of midostaurin in combination with ATRA and CLAG in patients &lt;18&#xD;
             years of age, children are excluded from this study but will be eligible for future&#xD;
             pediatric phase 2 combination trials.&#xD;
&#xD;
          -  Patient must be diagnosed with refractory or relapsed AML. For the purpose of the&#xD;
             study, refractory AML is defined as failure to achieve CR after 2 cycles of induction&#xD;
             chemotherapy or persistent &gt; 40% bone marrow blasts after one cycle of chemotherapy&#xD;
             induction. Relapsed AML is defined as any evidence of disease recurrence after&#xD;
             achieving CR. Early relapse is defined as relapse occurring earlier than 12 months and&#xD;
             late relapse is defined as relapse occurring later than 12 months.&#xD;
&#xD;
          -  Patient must have a Karnofsky Performance Status of ≥ 70% (unless poor performance&#xD;
             status is related to the disease).&#xD;
&#xD;
          -  Patient must have the following laboratory values:&#xD;
&#xD;
               -  AST and ALT ≤ 1.5 x Upper Limit of Normal (ULN),&#xD;
&#xD;
               -  Serum Bilirubin ≤ 1.5 x ULN,&#xD;
&#xD;
               -  Serum Creatinine ≤ 1.5 x ULN. Laboratory values can be outside this range if&#xD;
                  secondary to AML disease.&#xD;
&#xD;
          -  Patient must able to understand and willing to sign a written informed consent&#xD;
             document prior to registration on study.&#xD;
&#xD;
        Exclusion Criteria:&#xD;
&#xD;
          -  Patient must not have newly diagnosed AML.&#xD;
&#xD;
          -  Patient must not have acute promyelocytic leukemia&#xD;
&#xD;
          -  Patient must not have known CNS leukemia&#xD;
&#xD;
          -  Patient must not have a history of allergic reactions to compounds of similar chemical&#xD;
             or biologic composition to midostaurin or other agents used in the study.&#xD;
&#xD;
          -  Patient must not have any uncontrolled or intercurrent illness including, but not&#xD;
             limited to, ongoing or active infection, symptomatic congestive heart failure,&#xD;
             unstable angina pectoris, cardiac arrhythmia, myocardial infarction within 6 months,&#xD;
             poorly controlled hypertension, uncontrolled diabetes, chronic renal disease, or&#xD;
             psychiatric illness/social situation that would limit compliance with study&#xD;
             requirements.&#xD;
&#xD;
          -  Patient must not have any condition, including the presence of laboratory&#xD;
             abnormalities, which places him/her at unacceptable risk if s/he were to participate&#xD;
             in the study or confounds the ability to interpret data from the study.&#xD;
&#xD;
          -  Patient may not concurrently use other anti-cancer agents or treatments (with the&#xD;
             exceptions of hydroxyurea, steroids, and leukopheresis).&#xD;
&#xD;
          -  Female patients must not be pregnant or breastfeeding.&#xD;
&#xD;
          -  Adults of reproductive potential must employ an effective method of birth control.&#xD;
             Barrier contraceptives must be used throughout the study in both sexes. Women of&#xD;
             childbearing potential must have a negative serum pregnancy test 48 hours prior to&#xD;
             administration of midostaurin. Women considered not of childbearing potential include&#xD;
             any of the following: no menses for at least 5 years; menses within 5 years but&#xD;
             amenorrheic for at least 2 months and luteinizing hormone (LH) and follicular&#xD;
             stimulating hormone (FSH) values within normal range (according to definition of&#xD;
             postmenopausal for laboratory used); bilateral oophorectomy amenorrheic for at least 3&#xD;
             months.&#xD;
&#xD;
          -  Patient must not have impaired cardiac function including any of the following:&#xD;
&#xD;
               -  Screening ECG with a QTc &gt; 450 msec&#xD;
&#xD;
               -  Patients with congenital long QT syndrome&#xD;
&#xD;
               -  History or presence of sustained ventricular tachycardia&#xD;
&#xD;
               -  Any history of ventricular fibrillation or torsades de pointes&#xD;
&#xD;
               -  Bradycardia defined as HR &lt; 50 bpm&#xD;
&#xD;
               -  Right bundle branch block + left anterior hemiblock (bifascicular block)&#xD;
&#xD;
               -  Patients with myocardial infarction or unstable angina &lt; 6 months prior to&#xD;
                  starting study drug&#xD;
&#xD;
               -  CHF NY Heart Association class III or IV&#xD;
&#xD;
               -  Patients with an ejection fraction &lt; 50% assessed by MUGA or ECHO scan within 14&#xD;
                  days of Day 1.&#xD;
&#xD;
          -  Patients must not have a known confirmed diagnosis of HIV infection or active viral&#xD;
             hepatitis.&#xD;
&#xD;
          -  Patient may not have received any investigational agent within 30 days prior to Day 1.&#xD;
             Patient may not be receiving any other investigational agents while on this trial.&#xD;
&#xD;
          -  Patients must not have had any surgical procedure, excluding central venous catheter&#xD;
             placement or other minor procedures (e.g. skin biopsy) within 14 days of Day 1.&#xD;
&#xD;
          -  Patients must not have any pulmonary infiltrate, including those suspected to be of&#xD;
             infectious origin. In particular, patients with resolution of clinical symptoms of&#xD;
             pulmonary infection but with residual pulmonary infiltrates on chest x-ray are not&#xD;
             eligible until pulmonary infiltrates have completely resolved.&#xD;
      </textblock>
    </criteria>
    <gender>All</gender>
    <minimum_age>18 Years</minimum_age>
    <maximum_age>N/A</maximum_age>
    <healthy_volunteers>No</healthy_volunteers>
  </eligibility>
  <overall_official>
    <last_name>Camille Abboud, M.D.</last_name>
    <role>Principal Investigator</role>
    <affiliation>Washington University School of Medicine</affiliation>
  </overall_official>
  <location>
    <facility>
      <name>Washington University School of Medicine</name>
      <address>
        <city>St. Louis</city>
        <state>Missouri</state>
        <zip>63110</zip>
        <country>United States</country>
      </address>
    </facility>
  </location>
  <location_countries>
    <country>United States</country>
  </location_countries>
  <link>
    <url>http://www.siteman.wustl.edu</url>
    <description>Alvin J. Siteman Cancer Center at Barnes-Jewish Hospital and Washington University School of Medicine</description>
  </link>
  <verification_date>July 2013</verification_date>
  <study_first_submitted>July 9, 2010</study_first_submitted>
  <study_first_submitted_qc>July 9, 2010</study_first_submitted_qc>
  <study_first_posted type="Estimate">July 13, 2010</study_first_posted>
  <last_update_submitted>July 22, 2013</last_update_submitted>
  <last_update_submitted_qc>July 22, 2013</last_update_submitted_qc>
  <last_update_posted type="Estimate">July 23, 2013</last_update_posted>
  <responsible_party>
    <responsible_party_type>Sponsor</responsible_party_type>
  </responsible_party>
  <condition_browse>
    <!-- CAUTION:  The following MeSH terms are assigned with an imperfect algorithm            -->
    <mesh_term>Leukemia, Myeloid</mesh_term>
    <mesh_term>Leukemia, Myeloid, Acute</mesh_term>
  </condition_browse>
  <intervention_browse>
    <!-- CAUTION:  The following MeSH terms are assigned with an imperfect algorithm            -->
    <mesh_term>Cytarabine</mesh_term>
    <mesh_term>Tretinoin</mesh_term>
    <mesh_term>Cladribine</mesh_term>
    <mesh_term>Midostaurin</mesh_term>
    <mesh_term>Lenograstim</mesh_term>
  </intervention_browse>
  <!-- Results have not yet been posted for this study                                          -->
</clinical_study>

