<?xml version="1.0" encoding="UTF-8"?>
<clinical_study rank="440">
  <!-- This xml conforms to an XML Schema at:
    https://clinicaltrials.gov/ct2/html/images/info/public.xsd -->
  <required_header>
    <download_date>ClinicalTrials.gov processed this data on February 06, 2024</download_date>
    <link_text>Link to the current ClinicalTrials.gov record.</link_text>
    <url>https://clinicaltrials.gov/ct2/show/NCT06133556</url>
  </required_header>
  <id_info>
    <org_study_id>IIT2023023-EC-2</org_study_id>
    <nct_id>NCT06133556</nct_id>
  </id_info>
  <brief_title>Conditioning Regimen Containing Melphalan and Cladribine for Refractory / Relapsed AML</brief_title>
  <official_title>Conditioning Regimen Containing Melphalan and Cladribine for Refractory / Relapsed AML</official_title>
  <sponsors>
    <lead_sponsor>
      <agency>Institute of Hematology &amp; Blood Diseases Hospital, China</agency>
      <agency_class>Other</agency_class>
    </lead_sponsor>
  </sponsors>
  <source>Institute of Hematology &amp; Blood Diseases Hospital, China</source>
  <oversight_info>
    <is_fda_regulated_drug>No</is_fda_regulated_drug>
    <is_fda_regulated_device>No</is_fda_regulated_device>
  </oversight_info>
  <brief_summary>
    <textblock>
      This project is a prospective, multicenter, randomized controlled clinical study. The&#xD;
      subjects were refractory / relapsed AML patients aged ≤ 60 years diagnosed by bone marrow&#xD;
      cell morphology, immunology, genetics and therapeutic efficacy evaluation. The classical Bu /&#xD;
      Cy scheme or MCBC scheme was used for pretreatment. The primary endpoint of the study was the&#xD;
      3-year recurrence-free survival rate after allogeneic hematopoietic stem cell&#xD;
      transplantation, and the secondary endpoints were 3-year overall survival rate, recurrence&#xD;
      rate, treatment-related mortality, and pretreatment-related toxicity.&#xD;
    </textblock>
  </brief_summary>
  <overall_status>Not yet recruiting</overall_status>
  <start_date type="Anticipated">November 24, 2023</start_date>
  <completion_date type="Anticipated">October 20, 2028</completion_date>
  <primary_completion_date type="Anticipated">October 20, 2028</primary_completion_date>
  <phase>Phase 2</phase>
  <study_type>Interventional</study_type>
  <has_expanded_access>No</has_expanded_access>
  <study_design_info>
    <allocation>Randomized</allocation>
    <intervention_model>Parallel Assignment</intervention_model>
    <primary_purpose>Treatment</primary_purpose>
    <masking>Single (Investigator)</masking>
  </study_design_info>
  <primary_outcome>
    <measure>Relapse Free Survival</measure>
    <time_frame>3 year post-HSCT</time_frame>
    <description>The AML relapse free survival post-HSCT</description>
  </primary_outcome>
  <secondary_outcome>
    <measure>Overall Survival</measure>
    <time_frame>3 year post-HSCT</time_frame>
    <description>The overall survival post-HSCT</description>
  </secondary_outcome>
  <secondary_outcome>
    <measure>cumulative incidence relapse rate</measure>
    <time_frame>3 year post-HSCT</time_frame>
    <description>cumulative incidence relapse rate post-HSCT</description>
  </secondary_outcome>
  <secondary_outcome>
    <measure>Non-relapse mortality</measure>
    <time_frame>3 year post-HSCT</time_frame>
    <description>Non-relapse mortality post-HSCT</description>
  </secondary_outcome>
  <secondary_outcome>
    <measure>toxicity of conditioning regimen</measure>
    <time_frame>24w post-HSCT</time_frame>
    <description>Adverse events as assessed by CTCAE to evaluate conditioning related toxicity</description>
  </secondary_outcome>
  <secondary_outcome>
    <measure>Immune reconstitution post-HSCT</measure>
    <time_frame>24w post-HSCT</time_frame>
    <description>Using lymphocyte subset panel to assess immune recovery post-HSCT</description>
  </secondary_outcome>
  <number_of_arms>2</number_of_arms>
  <enrollment type="Anticipated">237</enrollment>
  <condition>Acute Myeloid Leukemia</condition>
  <arm_group>
    <arm_group_label>control arm</arm_group_label>
    <arm_group_type>Active Comparator</arm_group_type>
    <description>Busulfan/Cyclophosphamide, &quot;standard&quot; conditioning regimen as a control group. including Bu3.2mg/kg -5~-3d; Cy 80mg/kg，-2~-1d。 or alternative Bu/Cy regimen, Bu3.2mg/kg -9~-7d；Flu 30mg/m2 -6~-4d；Ara-C 2g/m2 -6~-4d；Cy 80mg/kg -3~-2d。</description>
  </arm_group>
  <arm_group>
    <arm_group_label>MCBC group</arm_group_label>
    <arm_group_type>Experimental</arm_group_type>
    <description>using MCBC as conditioning regimen, Mel 60mg/ m2 -9~-8d, Cladribine 5 mg/m2 -9~-5d, Bu3.2mg/kg -5~-3d； Cy 30mg/kg -2~-1 d</description>
  </arm_group>
  <intervention>
    <intervention_type>Drug</intervention_type>
    <intervention_name>MCBC regimen</intervention_name>
    <description>using MCBC as conditioning regimen, Mel 60mg/ m2 -9~-8d, Cladribine 5 mg/m2 -9~-5d, Bu3.2mg/kg -5~-3d； Cy 30mg/kg -2~-1 d</description>
    <arm_group_label>MCBC group</arm_group_label>
    <other_name>experiment group</other_name>
  </intervention>
  <intervention>
    <intervention_type>Drug</intervention_type>
    <intervention_name>Bu/Cy regimen</intervention_name>
    <description>control group, the standard conditioning regimen Busulfan/Cyclophosphamide</description>
    <arm_group_label>control arm</arm_group_label>
    <other_name>classic group</other_name>
  </intervention>
  <eligibility>
    <criteria>
      <textblock>
        Inclusion Criteria:&#xD;
&#xD;
          -  Refractory / relapsed AML.&#xD;
&#xD;
          -  Patients with a HLA matched related or unrelated donor (9~10/10) or haplo-identical&#xD;
             related donor, plan to receive HSCT.&#xD;
&#xD;
          -  Age ≤ 60 years old, men and women are not limited.&#xD;
&#xD;
          -  The Eastern Oncology Collaborative Group Physical Status Assessment ( ECOG-PS ) was&#xD;
             0-2 points.&#xD;
&#xD;
          -  Informed consent must be signed before the start of the study procedure. Informed&#xD;
             consent must be signed by the patient or his or her immediate family members who are&#xD;
             18 years of age or older ; informed consent was signed by the legal guardian for&#xD;
             children and adolescent patients under 18 years old. Considering the patient 's&#xD;
             condition, if the patient 's signature is not conducive to the treatment of the&#xD;
             disease, the informed consent is signed by the legal guardian or the patient 's&#xD;
             immediate family.&#xD;
&#xD;
        Exclusion Criteria:&#xD;
&#xD;
          -  Have a history of cancer and have received any treatment for this tumor in the past 3&#xD;
             years. But remove superficial bladder cancer, skin basal cells or squamous cell&#xD;
             carcinoma, cervical epithelium. Intraepithelial neoplasia ( CIN ) or prostatic&#xD;
             intraepithelial neoplasia ( PIN ).&#xD;
&#xD;
          -  MPAL.&#xD;
&#xD;
          -  It is known that the serological reaction of HIV or active hepatitis C virus is&#xD;
             positive.&#xD;
&#xD;
          -  The inability to cooperate with the requirements of research, treatment and monitoring&#xD;
             due to mental illness or other conditions.&#xD;
&#xD;
          -  Pregnant patients or patients who could not take appropriate contraceptive measures&#xD;
             during treatment.&#xD;
&#xD;
          -  Previously received hematopoietic stem cell transplantation.&#xD;
&#xD;
          -  Active heart disease, defined as one or more of the following :&#xD;
&#xD;
               1. ) Uncontrolled or symptomatic angina history.&#xD;
&#xD;
               2. ) Myocardial infarction less than 6 months away from the study.&#xD;
&#xD;
               3. ) Have a history of arrhythmia requiring drug treatment or severe clinical&#xD;
                  symptoms.&#xD;
&#xD;
               4. ) Uncontrolled or symptomatic congestive heart failure ( &gt; NYHA class 2 ).&#xD;
&#xD;
               5. ) The ejection fraction is lower than the lower limit of the normal range.&#xD;
&#xD;
          -  Researchers evaluated that is not suitable for the group.&#xD;
      </textblock>
    </criteria>
    <gender>All</gender>
    <minimum_age>N/A</minimum_age>
    <maximum_age>60 Years</maximum_age>
    <healthy_volunteers>No</healthy_volunteers>
  </eligibility>
  <verification_date>September 2023</verification_date>
  <study_first_submitted>September 8, 2023</study_first_submitted>
  <study_first_submitted_qc>November 13, 2023</study_first_submitted_qc>
  <study_first_posted type="Actual">November 15, 2023</study_first_posted>
  <last_update_submitted>November 13, 2023</last_update_submitted>
  <last_update_submitted_qc>November 13, 2023</last_update_submitted_qc>
  <last_update_posted type="Actual">November 15, 2023</last_update_posted>
  <responsible_party>
    <responsible_party_type>Sponsor</responsible_party_type>
  </responsible_party>
  <patient_data>
    <sharing_ipd>No</sharing_ipd>
  </patient_data>
  <!-- Results have not yet been posted for this study                                          -->
</clinical_study>

