<?xml version="1.0" encoding="UTF-8"?>
<clinical_study rank="68">
  <!-- This xml conforms to an XML Schema at:
    https://clinicaltrials.gov/ct2/html/images/info/public.xsd -->
  <required_header>
    <download_date>ClinicalTrials.gov processed this data on February 06, 2024</download_date>
    <link_text>Link to the current ClinicalTrials.gov record.</link_text>
    <url>https://clinicaltrials.gov/ct2/show/NCT01141543</url>
  </required_header>
  <id_info>
    <org_study_id>09-0756-C</org_study_id>
    <nct_id>NCT01141543</nct_id>
  </id_info>
  <brief_title>Feasibility and Efficiency Study of Leukemic Cell Mobilization With Plerixafor Injection</brief_title>
  <official_title>Mobilization of Leukemic Cells Using Plerixafor as Part of a Myeloablative Preparative Regimen for Patients With AML Undergoing Allografting: Assessment of Feasibility and Efficacy</official_title>
  <sponsors>
    <lead_sponsor>
      <agency>University Health Network, Toronto</agency>
      <agency_class>Other</agency_class>
    </lead_sponsor>
    <collaborator>
      <agency>Princess Margaret Hospital, Canada</agency>
      <agency_class>Other</agency_class>
    </collaborator>
  </sponsors>
  <source>University Health Network, Toronto</source>
  <oversight_info>
    <has_dmc>Yes</has_dmc>
  </oversight_info>
  <brief_summary>
    <textblock>
      The study will be conducted as a single center Phase I/II study to evaluate the safety of&#xD;
      administering Plerixafor administered as part of a myeloablative preparative regimen&#xD;
      (Institutional Protocol:Fludarabine 50mg/m2/da x 4 days, Busulfan 3.2mg/kg/day x 4 days, TBI&#xD;
      400cGy in divided fractions) for stem cell transplant recipients with AML and to determine&#xD;
      whether or not residual leukemic stem cells can be mobilized. Three patients will be enrolled&#xD;
      into each of 4 sequential cohorts. Patients in the first cohort will receive 1 dose of&#xD;
      Plerixafor (240mcg/kg sc) prior to administration of the first dose of Fludarabine and&#xD;
      Busulfan. If tolerated it is planned to escalate the number of Plerixafor doses in the&#xD;
      subsequent cohorts to 2. 3. and 4 to be administered before the respective 2nd, 3rd, and 4th&#xD;
      dose of chemotherapy.&#xD;
    </textblock>
  </brief_summary>
  <detailed_description>
    <textblock>
      The study will be conducted as a single center Phase I/II study to evaluate the safety of&#xD;
      administering PLERIXAFOR as part of a myeloablative preparative regimen (Institutional&#xD;
      Protocol: FBT(400) - FLUDARABINE 50mg/m2/d x 4 days, BUSULFAN 3.2mg/kg/day x 4 days, TBI&#xD;
      400cGy in 2 fractions) for stem cell transplant recipients with Acute Myeloid Leukemia (AML)&#xD;
      and to determine whether or not residual leukemic stem cells can be mobilized. Three patients&#xD;
      will be enrolled into each of 4 sequential cohorts. Patients in the first cohort will receive&#xD;
      1 dose (240mcg/kg SC) of PLERIXAFOR ( MOZOBIL, formerly known as AMD3100) prior to&#xD;
      administration of the first dose of FLUDARABINE and BUSULFAN It is planned to escalate the&#xD;
      number of PLERIXAFOR doses in the subsequent cohorts to 2. 3. and 4 to be administered before&#xD;
      the respective 2nd, 3rd, and 4th doses of chemotherapy. As primary endpoint the study will&#xD;
      establish the toxicity of combined administration of PLERIXAFOR and the preparative regimen&#xD;
      at each dose level. Secondary endpoints will include quantification of CXCR4 positive cells&#xD;
      and candidates for leukemic disease propagating cells before and after administration of&#xD;
      PLERIXAFOR. Mobilized cells will be examined for the ability to undergo apoptosis. Clinical&#xD;
      parameters including SAE, OS and LFS are part of the evaluation.&#xD;
&#xD;
      The comparison of cell populations in peripheral blood before and after PLERIXAFOR may&#xD;
      facilitate a better definition of minimal residual disease in patients deemed morphologically&#xD;
      in a complete remission. The assessment after completion of the preparative regimen will&#xD;
      provide a measurement of minimal residual disease prior to the transplant. The assessment of&#xD;
      residual leukemic cells with respect to apoptosis will define their responsiveness to the&#xD;
      administration of FLUDARABINE and BUSULFAN. The obtained information will facilitate&#xD;
      development of a new platform to optimize preparation of patients for a transplant. Eg.&#xD;
      Insufficient mobilization of leukemic cells may be addressed in future studies by combining&#xD;
      mobilization strategies. Similarly, if cells are shown to be apoptosis resistant one may be&#xD;
      able to include apoptosis inducing small molecules.&#xD;
    </textblock>
  </detailed_description>
  <overall_status>Completed</overall_status>
  <start_date>May 2010</start_date>
  <completion_date type="Actual">May 2014</completion_date>
  <primary_completion_date type="Actual">April 2014</primary_completion_date>
  <study_type>Observational</study_type>
  <has_expanded_access>No</has_expanded_access>
  <study_design_info>
    <observational_model>Cohort</observational_model>
    <time_perspective>Prospective</time_perspective>
  </study_design_info>
  <primary_outcome>
    <measure>Adverse events as a measure of safety and tolerability using Plerixafor in conjunction with a myeloablative preparative regimen for a patients with AML undergoing an allogenic stem cell transplantation.</measure>
    <time_frame>one year</time_frame>
    <description>As primary endpoint the study is to establish whether or not the administration of Plerixafor during administration of a myeloablative preparative regimen for recipients of allografts can be tolerated.we will complete full protocol with a follow up period of 30 days for first patient than futher patients will be enrolled.Number of Participants with Adverse Events as a Measure of Safety and Tolerability will be evaluated in the study.</description>
  </primary_outcome>
  <secondary_outcome>
    <measure>Quantification of leukemic progenitor cells after administration of Plerixafor as a myeloablative preparative regimen for a patient with AML undergoing a stem cell transplantation.</measure>
    <time_frame>one year</time_frame>
    <description>Quantification of CXCR4 positive cells before and after administration of the first and subsequent doses of Plerixafor mesure andNumber of Participants with adverse Events as a measure of safety and tolerability.</description>
  </secondary_outcome>
  <secondary_outcome>
    <measure>Quantification of leukemic progenitor cells after administration of Plerixafor as a myeloablative preparative regimen for a patient with AML undergoing a stem cell transplantation.</measure>
    <time_frame>One Year</time_frame>
    <description>Qutification of hypermethylation status of Mobilized cells and number of paticipants with adverse event as a measure of safety and Tolerability.</description>
  </secondary_outcome>
  <secondary_outcome>
    <measure>Quantification of leukemic progenitor cells after administration of Plerixafor as a myeloablative preparative regimen for a patient with AML undergoing a stem cell transplantation.</measure>
    <time_frame>one year</time_frame>
    <description>Qutification of candidates for leukemic cell population s using a marker panel by flowcytometry.</description>
  </secondary_outcome>
  <secondary_outcome>
    <measure>Quantification of leukemic progenitor cells after administration of Plerixafor as a myeloablative preparative regimen for a patient with AML undergoing a stem cell transplantation.</measure>
    <time_frame>one year</time_frame>
    <description>Qutification of leukemic cells with suitable cytogenic or molrecular markerand number of participants with adverse events measure of safety and tolerability.</description>
  </secondary_outcome>
  <secondary_outcome>
    <measure>Number of Participants with Adverse Events as a Measure of Safety and Tolerability will be evaluated in the study.</measure>
    <time_frame>one year</time_frame>
    <description>Qutification of normal clonogenic hemopoietic progenitors and number of participants with adverse events as a measure of safety and tolerability.</description>
  </secondary_outcome>
  <secondary_outcome>
    <measure>Number of Participants with Adverse Events as a Measure of Safety and Tolerability will be evaluated in the study.</measure>
    <time_frame>one year</time_frame>
    <description>overall and Leukemia free survival at 1 year and number of Adverse events as a measure of safety and tolerability.</description>
  </secondary_outcome>
  <number_of_groups>4</number_of_groups>
  <enrollment type="Actual">12</enrollment>
  <condition>Acute Myeloid Leukemia</condition>
  <arm_group>
    <arm_group_label>cohort 1</arm_group_label>
    <description>Patients in Cohort 1 will be followed with daily Flowcytometric studies to quantify CXCR4 positive cells.The samples will be obtained before the following doses of FLUDARABINE and BUSULFAN. Eighteen hrs (range 18 -20 hrs) after start of the last dose of FUDARABINE andBUSULFAN and before the first dose of TBI a PB sample as well as bone marrow aspirate and biopsy will be obtained to repeat the studies as conducted prior to the first dose of PLERIXAFOR</description>
  </arm_group>
  <arm_group>
    <arm_group_label>Cohort 2</arm_group_label>
    <description>Patients in Cohort 2 will receive the second dose of PLERIXAFOR 24 hrs after the first dose. A PB sample for a CBS and Flowcytometry will be drawn prior to the dose. Nine hrs later a further study sample for Flowcytometry will be obtained prior to administration of the second dose of FLUARABINE and BUSULFAN. Flowcytometric studies will be repeated on day 3 and 4. Eighteen hrs (range 18 - 20 hrs) after start of the last dose of FLUDARABINE and BUSULFAN and before the first dose of TBI a PB sample as well as bone marrow aspirate and biopsy will be obtained to repeat the studies as conducted prior to the first dose of PLERIXAFOR.</description>
  </arm_group>
  <arm_group>
    <arm_group_label>cohort 3</arm_group_label>
    <description>Cohort 3: Administration of PLERIXAFOR (240mcg/kg sc) before the first, second, and third dose of FLUARABINE and BUSULFAN</description>
  </arm_group>
  <arm_group>
    <arm_group_label>Cohort 4</arm_group_label>
    <description>Administration of PLERIXAFOR (240mcg/kg sc) before all four doses of FLUDARABINE and BUSULFAN</description>
  </arm_group>
  <intervention>
    <intervention_type>Drug</intervention_type>
    <intervention_name>Plerixafor (mozobil)</intervention_name>
    <description>Cohort 1: Administration of PLERIXAFOR (240mcg/kg sc) before the first dose of FLUDARABINE and BUSULFAN Cohort 2: Administration of PLERIXAFOR (240mcg/kg sc) before the first and second dose of FLUDARABINE and BUSULFAN.&#xD;
Cohort 3: Administration of PLERIXAFOR (240mcg/kg sc) before the first, second, and third dose of FLUARABINE and BUSULFAN Cohort 4: Administration of PLERIXAFOR (240mcg/kg sc) before all four doses of FLUDARABINE and BUSULFAN</description>
    <arm_group_label>Cohort 2</arm_group_label>
    <arm_group_label>Cohort 4</arm_group_label>
    <arm_group_label>cohort 1</arm_group_label>
    <arm_group_label>cohort 3</arm_group_label>
    <other_name>Mozobil</other_name>
  </intervention>
  <eligibility>
    <study_pop>
      <textblock>
        The study will be performed on patients undergoing myeloablative allogeneic stem cell&#xD;
        transplants (PBSC or BM) from related or unrelated donors for the treatment of patients&#xD;
        with AML in remission.&#xD;
      </textblock>
    </study_pop>
    <sampling_method>Probability Sample</sampling_method>
    <criteria>
      <textblock>
        Inclusion Criteria:&#xD;
&#xD;
          -  Patients with AML in remission.&#xD;
&#xD;
          -  Availability of a suitably matched related or unrelated donor&#xD;
&#xD;
          -  Age 18-60 years&#xD;
&#xD;
          -  Eligibility for a myeloablative transplant using the Institutional protocols&#xD;
             R-FBT(400)-CSMF as preparative regimen for related donors and U-FBT(400)-CP(30)CS for&#xD;
             unrelated donors.&#xD;
&#xD;
          -  Eligible subjects who are illiterate will be offered participation in the study&#xD;
&#xD;
        Exclusion criteria:&#xD;
&#xD;
          -  Patients aged 61years or older&#xD;
&#xD;
          -  Patients not eligible for the preparative regimens R-FBT(400)-CSMF or&#xD;
             U-FBT(400)-CP(30)CS&#xD;
&#xD;
          -  Pregnant or lactating females&#xD;
&#xD;
          -  Creatinine of .&gt;2x normal&#xD;
&#xD;
          -  Bilirubin, AST, ALT &gt; 2x normal&#xD;
&#xD;
          -  MUGA of &lt;50%&#xD;
      </textblock>
    </criteria>
    <gender>All</gender>
    <minimum_age>18 Years</minimum_age>
    <maximum_age>61 Years</maximum_age>
    <healthy_volunteers>No</healthy_volunteers>
  </eligibility>
  <overall_official>
    <last_name>Hans Messner, Ph.D</last_name>
    <role>Principal Investigator</role>
    <affiliation>University Health Network, Toronto</affiliation>
  </overall_official>
  <location>
    <facility>
      <name>Princess Margaret Hospital</name>
      <address>
        <city>Toronto</city>
        <state>Ontario</state>
        <zip>M5G 2M9</zip>
        <country>Canada</country>
      </address>
    </facility>
  </location>
  <location_countries>
    <country>Canada</country>
  </location_countries>
  <verification_date>July 2014</verification_date>
  <study_first_submitted>March 18, 2010</study_first_submitted>
  <study_first_submitted_qc>June 9, 2010</study_first_submitted_qc>
  <study_first_posted type="Estimate">June 10, 2010</study_first_posted>
  <last_update_submitted>July 16, 2014</last_update_submitted>
  <last_update_submitted_qc>July 16, 2014</last_update_submitted_qc>
  <last_update_posted type="Estimate">July 18, 2014</last_update_posted>
  <responsible_party>
    <responsible_party_type>Principal Investigator</responsible_party_type>
    <investigator_affiliation>University Health Network, Toronto</investigator_affiliation>
    <investigator_full_name>Dr. Hans Messner</investigator_full_name>
    <investigator_title>Physician</investigator_title>
  </responsible_party>
  <keyword>Plerixafor injection</keyword>
  <intervention_browse>
    <!-- CAUTION:  The following MeSH terms are assigned with an imperfect algorithm            -->
    <mesh_term>Plerixafor</mesh_term>
  </intervention_browse>
  <!-- Results have not yet been posted for this study                                          -->
</clinical_study>

