<?xml version="1.0" encoding="UTF-8"?>
<clinical_study rank="142">
  <!-- This xml conforms to an XML Schema at:
    https://clinicaltrials.gov/ct2/html/images/info/public.xsd -->
  <required_header>
    <download_date>ClinicalTrials.gov processed this data on February 06, 2024</download_date>
    <link_text>Link to the current ClinicalTrials.gov record.</link_text>
    <url>https://clinicaltrials.gov/ct2/show/NCT01793025</url>
  </required_header>
  <id_info>
    <org_study_id>ATAC-AML-01</org_study_id>
    <nct_id>NCT01793025</nct_id>
  </id_info>
  <brief_title>Mismatched Donor Cells to Treat Acute Myeloid Leukemia</brief_title>
  <acronym>ATAC-AML-01</acronym>
  <official_title>Adoptive Transfer of Alloreactive Cells to Treat Patients With Poor-Prognosis Acute Myeloid Leukemia-01</official_title>
  <sponsors>
    <lead_sponsor>
      <agency>Maisonneuve-Rosemont Hospital</agency>
      <agency_class>Other</agency_class>
    </lead_sponsor>
  </sponsors>
  <source>Maisonneuve-Rosemont Hospital</source>
  <brief_summary>
    <textblock>
      The purpose of this study is to assess the safety and efficacy of infusing immune cells from&#xD;
      a donor as treatment for patients with acute myeloid leukemia that is resistant to&#xD;
      chemotherapy or who have experienced relapse. Unlike standard bone marrow or stem cell&#xD;
      transplantation which uses donors who are well 'matched' to the patient, this study uses&#xD;
      donors whose immune cells are not compatible with the patient. With standard stem cell or&#xD;
      bone marrow transplantation, the well-matched immune cells will attack the leukemia but they&#xD;
      also attack the patient's organs (a situation called graft-versus-host disease, which can&#xD;
      persist in the long term). Our hypothesis is that the mismatched donor cells will fight the&#xD;
      leukemia but will then be eliminated from the patient's body, so long-term side effects like&#xD;
      graft-versus-host disease should not occur.&#xD;
    </textblock>
  </brief_summary>
  <detailed_description>
    <textblock>
      The ATAC cell therapy product contains unselected, non-mobilized peripheral blood mononuclear&#xD;
      cells from related donors who are mismatched to the recipients at 3 or more (out of 6) HLA&#xD;
      loci. Cohorts of 3 patients will be treated at each of four pre-specified dose levels (T&#xD;
      cells per kg recipient weight). One ATAC infusion is administered 24-48 hours following&#xD;
      re-induction chemotherapy (for relapsed or primary refractory AML patients not in remission).&#xD;
      In situations where ATAC infusion is not available immediately following re-induction&#xD;
      chemotherapy and patients nonetheless achieve complete remission, one ATAC infusion is given&#xD;
      24-48 hours after consolidation chemotherapy.&#xD;
    </textblock>
  </detailed_description>
  <overall_status>Unknown status</overall_status>
  <last_known_status>Recruiting</last_known_status>
  <start_date>September 2012</start_date>
  <completion_date type="Anticipated">December 2018</completion_date>
  <primary_completion_date type="Anticipated">December 2018</primary_completion_date>
  <phase>Phase 1</phase>
  <study_type>Interventional</study_type>
  <has_expanded_access>No</has_expanded_access>
  <study_design_info>
    <allocation>N/A</allocation>
    <intervention_model>Single Group Assignment</intervention_model>
    <primary_purpose>Treatment</primary_purpose>
    <masking>None (Open Label)</masking>
  </study_design_info>
  <primary_outcome>
    <measure>Safety</measure>
    <time_frame>60 days (up to 2 years)</time_frame>
    <description>Maximum tolerated cell dose: Dose at which &lt; 33% of patients experienced dose-limiting toxicity. If no DLT occurs, then dose titration will stop at a pre-specified number of T cells/kg. Four dose-level cohorts are planned.</description>
  </primary_outcome>
  <secondary_outcome>
    <measure>Treatment-related mortality</measure>
    <time_frame>Continuous up to 2 years</time_frame>
  </secondary_outcome>
  <secondary_outcome>
    <measure>Non-relapse mortality</measure>
    <time_frame>Continuous up to 2 years</time_frame>
  </secondary_outcome>
  <secondary_outcome>
    <measure>Incidence of graft-versus-host disease</measure>
    <time_frame>Continuous up to 2 years</time_frame>
  </secondary_outcome>
  <secondary_outcome>
    <measure>Duration of cytopenias</measure>
    <time_frame>Monitored continuously from ATAC infusion until peripheral blood count recovery or maximum 2 years (whichever is earlier)</time_frame>
  </secondary_outcome>
  <secondary_outcome>
    <measure>Overall survival</measure>
    <time_frame>Continuous up to 2 years</time_frame>
  </secondary_outcome>
  <secondary_outcome>
    <measure>Complete and incomplete remissions (CR, CRi)</measure>
    <time_frame>Day 60 post cell infusion</time_frame>
  </secondary_outcome>
  <secondary_outcome>
    <measure>Relapse-free survival</measure>
    <time_frame>Continuous up to 2 years</time_frame>
  </secondary_outcome>
  <number_of_arms>1</number_of_arms>
  <enrollment type="Anticipated">12</enrollment>
  <condition>Acute Myeloid Leukemia</condition>
  <arm_group>
    <arm_group_label>ATAC Therapy</arm_group_label>
    <arm_group_type>Experimental</arm_group_type>
  </arm_group>
  <intervention>
    <intervention_type>Biological</intervention_type>
    <intervention_name>ATAC Therapy</intervention_name>
    <description>Unselected peripheral blood mononuclear cells given 24-48 hours after induction or consolidation chemotherapy</description>
    <arm_group_label>ATAC Therapy</arm_group_label>
    <other_name>Unselected Peripheral Blood Mononuclear Cells</other_name>
  </intervention>
  <eligibility>
    <criteria>
      <textblock>
        Recipient Inclusion Criteria:&#xD;
&#xD;
          -  Age ≥ 18 years (no upper age limit, but physician discretion is advised)&#xD;
&#xD;
          -  AML that is refractory to 2 courses of induction therapy (that together constitute the&#xD;
             'first-line' therapy) or that has relapsed after a period of morphologic complete&#xD;
             remission or morphologic remission with incomplete blood count recovery (CRi)&#xD;
&#xD;
          -  Candidacy for intense induction chemotherapy (ECOG 0-2, adequate renal, liver and&#xD;
             cardiac function, absence of uncontrolled infections)&#xD;
&#xD;
          -  Availability of parents, siblings or children who are HLA haploidentical (and not&#xD;
             homozygous for the shared haplotype), who are deemed suitable donors after medical&#xD;
             evaluation, and who complete peripheral blood mononuclear cell collection&#xD;
&#xD;
          -  No history of autologous or allogeneic stem cell transplant, purine analog&#xD;
             chemotherapy or cyclophosphamide, or total body irradiation&#xD;
&#xD;
          -  Ability to comprehend the investigational nature of the study and provide informed&#xD;
             consent&#xD;
&#xD;
        Recipient Exclusion Criteria:&#xD;
&#xD;
          -  Acute promyelocytic leukemia (including those with non-classical rearrangements of&#xD;
             RARα)&#xD;
&#xD;
          -  History of severe myelodysplastic syndrome clearly preceding the diagnosis of AML&#xD;
             (i.e., red cell transfusion dependence or erythropoietin dependence over a 4-month&#xD;
             period, or in the absence of a clear cause, any of the following: hemoglobin&#xD;
             consistently below 9 g/dL or platelets below 50 x 10^9/L or ANC below 1000/uL on 2 or&#xD;
             more occasions 2 weeks apart, or use of G-CSF to maintain the ANC threshold in the&#xD;
             absence of infection, in the 3 months preceding the diagnosis of AML). Exception: If&#xD;
             ATAC therapy is being considered as a bridge to stem cell transplantation in patients&#xD;
             with an available standard transplant donor (familial, unrelated, or cord blood), this&#xD;
             exclusion criterion does not apply.&#xD;
&#xD;
          -  Grade 2-3/3 fibrosis in the diagnostic bone marrow biopsy&#xD;
&#xD;
          -  DLCO &lt; 40% predicted&#xD;
&#xD;
          -  Left ventricular ejection fraction &lt; 40% (evaluated by ECHO or MUGA)&#xD;
&#xD;
          -  AST/SGOT &gt; 2.5 x ULN&#xD;
&#xD;
          -  Bilirubin &gt; 1.5 x ULN&#xD;
&#xD;
          -  Creatinine &gt; 1.5 x ULN&#xD;
&#xD;
          -  Creatinine clearance &lt; 50 mL/min&#xD;
&#xD;
          -  HIV positive&#xD;
&#xD;
          -  Major anticipated illness or organ failure incompatible with survival from&#xD;
             chemotherapy&#xD;
&#xD;
          -  Concurrent second primary cancer or a prior malignancy that required cytotoxic&#xD;
             treatment within the past 12 months, other than cervical carcinoma in-situ or prostate&#xD;
             cancer in-situ&#xD;
&#xD;
          -  Severe psychiatric illness or mental deficiency sufficiently severe as to make&#xD;
             compliance with the treatment unlikely and informed consent impossible&#xD;
&#xD;
          -  Any congenital or acquired immunodeficiency that would possibly permit permanent&#xD;
             engraftment of donor cells&#xD;
&#xD;
          -  Receiving systemic steroid therapy or systemic immunosuppression such as cyclosporine&#xD;
             or TNF-inhibitors&#xD;
&#xD;
          -  Prior or concurrent receipt of any marketed or investigational agent deemed on an ad&#xD;
             hoc basis to cause immunomodulation, pose a threat of permanent engraftment or&#xD;
             increase the risk of GVHD.&#xD;
&#xD;
        Donor inclusion criteria:&#xD;
&#xD;
          -  Mismatched family donor (incompatibility at 3 loci HLA-A, B and DR of the unshared&#xD;
             haplotype, or higher-order incompatibility)&#xD;
&#xD;
          -  Age ≥ 16 and ≤ 80 years&#xD;
&#xD;
          -  Fit to undergo apheresis (normal blood counts, normotensive and no history of stroke).&#xD;
&#xD;
          -  Donor has been tested negative for HIV-1, HIV-2, hepatitis B virus (HBV, surface and&#xD;
             core antigen), hepatitis C virus, human T-lymphotropic virus types I/II, and Treponema&#xD;
             pallidum (syphilis).&#xD;
&#xD;
          -  ECOG performance status of 2 or less.&#xD;
&#xD;
          -  Adequate veins for leukapheresis or agree to placement of a temporary central venous&#xD;
             catheter.&#xD;
&#xD;
          -  Donor must provide written informed consent.&#xD;
&#xD;
          -  Where multiple equally-suitable donors are available, sex mismatched donors will be&#xD;
             preferred.&#xD;
&#xD;
        Donor exclusion criteria:&#xD;
&#xD;
          -  Medically uncontrolled coronary heart disease&#xD;
&#xD;
          -  Myocardial infarction within the last 3 months&#xD;
&#xD;
          -  History of seizure&#xD;
&#xD;
          -  History of stroke&#xD;
&#xD;
          -  History of malignancy (except basal cell or squamous carcinoma of the skin, or&#xD;
             positive PAP smear and subsequent negative follow-up)&#xD;
&#xD;
          -  Presence of a transmissible disease (such as HIV seropositivity)&#xD;
&#xD;
          -  Presence of a major illness or a suspected systemic dysfunction&#xD;
&#xD;
          -  Presence of an an active inflammatory or autoimmune disorder&#xD;
&#xD;
          -  Female donors who are pregnant or nursing&#xD;
      </textblock>
    </criteria>
    <gender>All</gender>
    <minimum_age>18 Years</minimum_age>
    <maximum_age>N/A</maximum_age>
    <healthy_volunteers>No</healthy_volunteers>
  </eligibility>
  <overall_official>
    <last_name>Jean-Sébastien Delisle, MD,PhD</last_name>
    <role>Study Chair</role>
    <affiliation>Hôpital Maisonneuve-Rosemont and Université de Montréal</affiliation>
  </overall_official>
  <overall_official>
    <last_name>Elizabeth Krakow, MD</last_name>
    <role>Principal Investigator</role>
    <affiliation>Hôpital Maisonneuve-Rosemont and Université de Montréal</affiliation>
  </overall_official>
  <overall_contact>
    <last_name>Jean-Sébastien Delisle, MD,PhD</last_name>
    <phone>(514) 252-3404</phone>
    <email>js.delisle@umontreal.ca</email>
  </overall_contact>
  <overall_contact_backup>
    <last_name>Jean Morin</last_name>
    <phone>(514) 252-3404</phone>
    <email>jmorin.hmr@ssss.gouv.qc.ca</email>
  </overall_contact_backup>
  <location>
    <facility>
      <name>Hôpital Maisonneuve-Rosemont</name>
      <address>
        <city>Montreal</city>
        <state>Quebec</state>
        <zip>H1T 3M4</zip>
        <country>Canada</country>
      </address>
    </facility>
    <status>Recruiting</status>
  </location>
  <location_countries>
    <country>Canada</country>
  </location_countries>
  <verification_date>August 2017</verification_date>
  <study_first_submitted>February 10, 2013</study_first_submitted>
  <study_first_submitted_qc>February 13, 2013</study_first_submitted_qc>
  <study_first_posted type="Estimate">February 15, 2013</study_first_posted>
  <last_update_submitted>August 28, 2017</last_update_submitted>
  <last_update_submitted_qc>August 28, 2017</last_update_submitted_qc>
  <last_update_posted type="Actual">August 30, 2017</last_update_posted>
  <responsible_party>
    <responsible_party_type>Principal Investigator</responsible_party_type>
    <investigator_affiliation>Maisonneuve-Rosemont Hospital</investigator_affiliation>
    <investigator_full_name>Elizabeth Krakow</investigator_full_name>
    <investigator_title>Fellow, Hematopoietic Cell Transplantation</investigator_title>
  </responsible_party>
  <keyword>leukemia</keyword>
  <keyword>myeloid</keyword>
  <keyword>acute</keyword>
  <keyword>acute myeloid leukemia</keyword>
  <keyword>allogeneic</keyword>
  <keyword>transient chimerism</keyword>
  <keyword>cell therapy</keyword>
  <keyword>immunotherapy</keyword>
  <condition_browse>
    <!-- CAUTION:  The following MeSH terms are assigned with an imperfect algorithm            -->
    <mesh_term>Leukemia</mesh_term>
    <mesh_term>Leukemia, Myeloid</mesh_term>
    <mesh_term>Leukemia, Myeloid, Acute</mesh_term>
  </condition_browse>
  <pending_results>
    <submitted>October 13, 2021</submitted>
    <returned>November 10, 2021</returned>
  </pending_results>
  <!-- Results have not yet been posted for this study                                          -->
</clinical_study>

