<?xml version="1.0" encoding="UTF-8"?>
<clinical_study rank="80">
  <!-- This xml conforms to an XML Schema at:
    https://clinicaltrials.gov/ct2/html/images/info/public.xsd -->
  <required_header>
    <download_date>ClinicalTrials.gov processed this data on February 06, 2024</download_date>
    <link_text>Link to the current ClinicalTrials.gov record.</link_text>
    <url>https://clinicaltrials.gov/ct2/show/NCT05947344</url>
  </required_header>
  <id_info>
    <org_study_id>FLT3-AML-101CN</org_study_id>
    <nct_id>NCT05947344</nct_id>
  </id_info>
  <brief_title>A Study to Evaluate the STI-8591 in Subjects With Advanced Acute Myeloid Leukemia (AML)</brief_title>
  <official_title>A Multicenter, Open, Dose Escalation and Dose Expansion Phase I Study to Evaluate the Safety, Tolerability, Pharmacokinetics and Efficacy of STI-8591 in Subjects With Advanced Acute Myeloid Leukemia (AML)</official_title>
  <sponsors>
    <lead_sponsor>
      <agency>Zhejiang ACEA Pharmaceutical Co. Ltd.</agency>
      <agency_class>Industry</agency_class>
    </lead_sponsor>
  </sponsors>
  <source>Zhejiang ACEA Pharmaceutical Co. Ltd.</source>
  <oversight_info>
    <is_fda_regulated_drug>No</is_fda_regulated_drug>
    <is_fda_regulated_device>No</is_fda_regulated_device>
  </oversight_info>
  <brief_summary>
    <textblock>
      This is a first-in-human, dose-escalation and dose-expansion Phase I study to evaluate the&#xD;
      safety, tolerability, pharmacokinetics (PK) and efficacy of STI-8591 in subjects with&#xD;
      advanced AML who have signed an informed consent form (ICF) and have been screened for&#xD;
      enrollment in this study.&#xD;
&#xD;
        -  Dose escalation phase: rapid titration and conventional 3+3 test design were used to&#xD;
           evaluate the safety, dose-limiting toxicity (DLT), maximum tolerated dose (MTD) and PK&#xD;
           characteristics of STI-8591.&#xD;
&#xD;
        -  Dose Expansion Phase: Evaluate the safety, preliminary efficacy and determine the&#xD;
           recommended phase II dose (RP2D) of STI-8591 for the treatment of subjects with advanced&#xD;
           AML under the conditions of reaching the expanded dose.&#xD;
    </textblock>
  </brief_summary>
  <detailed_description>
    <textblock>
      Dose escalation phase:Based on the preclinical trial data and with reference to the modified&#xD;
      Fibonacci method, the dose escalation ratios are 100%, 100%, 50% and 6.7%, and the initial 5&#xD;
      dose groups for STI-8591 dose escalation are 40, 80, 160, 240 and 280 mg/day, respectively.&#xD;
      Screened subjects will be entered into the 5 dose groups in order of succession from lowest&#xD;
      to highest dose.This test dose increment will be performed using the rapid titration method&#xD;
      and the traditional 3+3 test design.&#xD;
&#xD;
      Dose expansion phase:During dose escalation, for dose groups (except for ≥2 DLT dose groups)&#xD;
      when the following dose signals suggesting initial efficacy are present.&#xD;
&#xD;
      1) CR, CRh or CRi in ≥1 subject in either dose group.2) Median decrease in FLT3&#xD;
      phosphorylation was ≥90% in ≥3 subjects in either dose group.The SRC will decide whether to&#xD;
      initiate an extension study for that dose group and its subsequent dose groups at the same&#xD;
      time as the dose escalation to the next dose group. Subjects in the dose escalation phase&#xD;
      will be administered BID every 28 days in 1 cycle, with ≥8h between doses, fasting for at&#xD;
      least 2 hours before and at least 1 hour after dosing with approximately 240mL of water&#xD;
      (subject to adjustment based on data results from the dose escalation phase) . If initiation&#xD;
      was determined, the dose group identified for initiation and its subsequent dose group&#xD;
      extension studies were further enrolled in 14 to 17 cases [a total of 20 cases in each dose&#xD;
      group, with FLT3 mutation-positive (FLT3 internal tandem repeat (ITD) and/or FLT3 tyrosine&#xD;
      kinase structural domain (TKD) mutation-positive subjects enrolled in at least 10 cases] to&#xD;
      further define the final RP2D.&#xD;
    </textblock>
  </detailed_description>
  <overall_status>Recruiting</overall_status>
  <start_date type="Actual">December 8, 2023</start_date>
  <completion_date type="Anticipated">July 2025</completion_date>
  <primary_completion_date type="Anticipated">July 2025</primary_completion_date>
  <phase>Phase 1</phase>
  <study_type>Interventional</study_type>
  <has_expanded_access>No</has_expanded_access>
  <study_design_info>
    <allocation>N/A</allocation>
    <intervention_model>Single Group Assignment</intervention_model>
    <primary_purpose>Treatment</primary_purpose>
    <masking>None (Open Label)</masking>
  </study_design_info>
  <primary_outcome>
    <measure>Number of participants with treatment-related adverse events as assessed by CTCAE v5.0.</measure>
    <time_frame>Up to 3 years.</time_frame>
    <description>Assessing the incidence of adverse events (AEs) using the Common Terminology Criteria for Adverse Events (CTCAE Version 5)</description>
  </primary_outcome>
  <secondary_outcome>
    <measure>Assessment of the AUC of STI-8591 and its major metabolites (if any).</measure>
    <time_frame>At the end of Cycle 1 and the first day of Cycle 2 (each cycle is 30 days) .</time_frame>
    <description>Assessment of the pharmacokinetic profile of STI-8591 and its major metabolites (if any) in advanced AML:AUC(area under the concentration-time curve)</description>
  </secondary_outcome>
  <secondary_outcome>
    <measure>Assessment of the Tmax of STI-8591 and its major metabolites (if any).</measure>
    <time_frame>At the end of Cycle 1 and the first day of Cycle 2 (each cycle is 30 days) .</time_frame>
    <description>Assessment of the pharmacokinetic profile of STI-8591 and its major metabolites (if any) in advanced AML:Tmax (time to peak)</description>
  </secondary_outcome>
  <secondary_outcome>
    <measure>Assessment of the Cmax of STI-8591 and its major metabolites (if any).</measure>
    <time_frame>At the end of Cycle 1 and the first day of Cycle 2 (each cycle is 30 days) .</time_frame>
    <description>Assessment of the pharmacokinetic profile of STI-8591 and its major metabolites (if any) in advanced AML:Cmax(peak concentration)</description>
  </secondary_outcome>
  <secondary_outcome>
    <measure>Percentage change in FLT3 plasma inhibitory activity (PIA) relative to baseline</measure>
    <time_frame>At the end of Cycle 1 and the first day of Cycle 2 (each cycle is 30 days) .</time_frame>
    <description>Assessment of the percentage of biomarker changes relative to baseline for STI-8591 in advanced AML</description>
  </secondary_outcome>
  <secondary_outcome>
    <measure>Assessing the CRc of STI-8591 in advanced AML.</measure>
    <time_frame>Through study completion, an average of 2 years.</time_frame>
    <description>Assessing the initial effectiveness of STI-8591 in advanced AML:CRc, defined as CR, CRh and CRi as judged according to ELN2022 criteria.</description>
  </secondary_outcome>
  <secondary_outcome>
    <measure>Assessing the CR rate of STI-8591 in advanced AML.</measure>
    <time_frame>Through study completion, an average of 2 years.</time_frame>
    <description>Assessing the initial effectiveness of STI-8591 in advanced AML:CR rate, defined as the CR rate judged according to ELN 2022 criteria.</description>
  </secondary_outcome>
  <secondary_outcome>
    <measure>Assessing the objective remission rate ORR (CRc + PR + morphologic leukemia-free status [MLFS]) of STI-8591 in advanced AML.</measure>
    <time_frame>Through study completion, an average of 2 years.</time_frame>
    <description>Assessing the initial effectiveness of STI-8591 in advanced AML:ORR, defined as CR, CRh, CRi, MLFS and PR as judged by ELN2022 criteria.</description>
  </secondary_outcome>
  <secondary_outcome>
    <measure>Assessing the duration of remission (DOR) of STI-8591 in advanced AML.</measure>
    <time_frame>Through study completion, an average of 2 years.</time_frame>
    <description>Assessing the initial effectiveness of STI-8591 in advanced AML:DoR, defined as the time between the subject's first achievement of ORR and the first detection of recurrent disease, treatment failure, or death from any cause, whichever occurs first.</description>
  </secondary_outcome>
  <secondary_outcome>
    <measure>Assessing the event-free survival (EFS) of STI-8591 in advanced AML.</measure>
    <time_frame>Through study completion, an average of 2 years.</time_frame>
    <description>Assessing the initial effectiveness of STI-8591 in advanced AML:EFS, defined as the time from the start of the subject's enrollment to the occurrence of any event (treatment failure/relapse after CR, CRh or CRi/permanent termination of treatment for any reason/death from any cause), whichever occurs first.</description>
  </secondary_outcome>
  <secondary_outcome>
    <measure>Assessing the progression-free survival (PFS) of STI-8591 in advanced AML.</measure>
    <time_frame>Through study completion, an average of 2 years.</time_frame>
    <description>Assessing the initial effectiveness of STI-8591 in advanced AML:PFS, defined as the time between the subject's first study treatment and the onset of treatment failure or death from any cause, whichever occurs first.</description>
  </secondary_outcome>
  <secondary_outcome>
    <measure>Assessing the leukemia-free survival (LFS) of STI-8591 in advanced AML.</measure>
    <time_frame>Through study completion, an average of 2 years.</time_frame>
    <description>Assessing the initial effectiveness of STI-8591 in advanced AML:LFS, defined as the time between the first attainment of CRc and the first detection of recurrent disease or death from any cause, whichever occurs first.</description>
  </secondary_outcome>
  <secondary_outcome>
    <measure>Assessing the overall survival (OS) of STI-8591 in advanced AML.</measure>
    <time_frame>Through study completion, an average of 2 years.</time_frame>
    <description>Assessing the initial effectiveness of STI-8591 in advanced AML:OS, defined as the time between the subject's first study treatment and death from any cause.</description>
  </secondary_outcome>
  <number_of_arms>1</number_of_arms>
  <enrollment type="Anticipated">84</enrollment>
  <condition>AML, Adult</condition>
  <arm_group>
    <arm_group_label>STI-8591 in Advanced Acute Myeloid Leukemia (AML)</arm_group_label>
    <arm_group_type>Experimental</arm_group_type>
    <description>Subjects with Advanced primary AML or MDS secondary to AML or AML-MR.</description>
  </arm_group>
  <intervention>
    <intervention_type>Drug</intervention_type>
    <intervention_name>STI-8591</intervention_name>
    <description>Seven dosing cohorts will be evaluated in the dose escalation phase: 20mg, 40mg,80mg,120mg, 160mg, 200mg, 240mg.Expansion is planned in three dose groups of 120mg, 160mg, and 200mg.</description>
    <arm_group_label>STI-8591 in Advanced Acute Myeloid Leukemia (AML)</arm_group_label>
    <other_name>STI-8591 alone</other_name>
  </intervention>
  <eligibility>
    <criteria>
      <textblock>
        Inclusion Criteria:&#xD;
&#xD;
        To be enrolled in this study, subjects must meet all of the following inclusion criteria.&#xD;
&#xD;
          1. Voluntary signing of ICF.&#xD;
&#xD;
          2. Age ≥ 18 years old.&#xD;
&#xD;
          3. Expected survival &gt;12 weeks.&#xD;
&#xD;
          4. Dose escalation component: Advanced primary AML or myelodysplastic neoplasm (MDS)&#xD;
             secondary to AML or MDS/myeloproliferative neoplasm (MPN)-associated AML (AML-MR)&#xD;
             diagnosed by 2022 WHO AML typing and with diagnostic criteria that have failed&#xD;
             standard therapy or are intolerant of standard therapy may be considered for inclusion&#xD;
             in this component of the study. Dose extension section: Advanced primary AML or MDS&#xD;
             secondary to AML or AML-MR diagnosed according to the 2022 WHO AML typing and&#xD;
             associated diagnostic criteria, who have failed or are intolerant to standard therapy,&#xD;
             or who are unable to access standard therapy for various reasons, may only be&#xD;
             considered for inclusion in this part of the study.&#xD;
&#xD;
          5. ECOG scores physical fitness status 0 to 2.&#xD;
&#xD;
          6. Subjects are willing to undergo a bone marrow aspiration/biopsy as required by the&#xD;
             protocol, which is used to assess the subject's response to treatment.&#xD;
&#xD;
          7. Laboratory test index requirements within 7 days prior to the first dose, including:&#xD;
&#xD;
             White blood cell count (WBC) ≤ 20 x 109 /L [(hydroxyurea is allowed up to the first&#xD;
             dose to stabilize the WBC count up to a maximum dose of 5 g/day. Hydroxyurea may be&#xD;
             continued for up to 28 days after the first dose (i.e., the first dosing cycle) at the&#xD;
             discretion of the investigator, but generally not beyond 28 days)].&#xD;
&#xD;
             Alanine aminotransferase (ALT) ≤ 2.5 x ULN (≤ 5 x ULN if liver involvement is known).&#xD;
&#xD;
             Aspartate aminotransferase (AST) ≤ 2.5 x ULN (≤ 5 x ULN if liver involvement is known)&#xD;
             Total bilirubin (TBIL) ≤ 1.5 x ULN (&lt; 3.0 x ULN if diagnosed with Gilbert's syndrome)&#xD;
             Estimated glomerular filtration rate (eGFR, calculated according to the&#xD;
             Cockcroft-Gault formula or by measuring 24-hour urine) &gt; 50 mL/min.&#xD;
&#xD;
          8. Residual toxicity of previous antitumor therapy ≤ grade 1 (except alopecia and&#xD;
             hyperpigmentation; see inclusion criteria 7 for laboratory test indices)&#xD;
&#xD;
          9. Be willing and able to comply with the study schedule and all other study protocol&#xD;
             requirements.&#xD;
&#xD;
         10. Women of childbearing potential (WOCBP) (women of childless potential defined as&#xD;
             sexually mature women who have undergone hysterectomy or bilateral oophorectomy or&#xD;
             bilateral salpingo-oophorectomy or bilateral tubal ligation/closure, or who are unable&#xD;
             to have children because of congenital or acquired disease or who have been&#xD;
             spontaneously menopausal for ≥12 months) must have a negative blood pregnancy test&#xD;
             performed during screening.&#xD;
&#xD;
         11. Female subjects of childbearing potential and male subjects whose partners are of&#xD;
             childbearing potential must use a highly effective method of contraception from the&#xD;
             time of screening until 180 days after the last treatment.&#xD;
&#xD;
         12. Subjects are required to provide FLT3 mutation status testing within 6 months prior to&#xD;
             the first dose, and if not, are willing to undergo screening period testing as&#xD;
             required by the protocol.&#xD;
&#xD;
        Exclusion Criteria:&#xD;
&#xD;
        To be enrolled in this study, subjects must not meet any of the following exclusion&#xD;
        criteria.&#xD;
&#xD;
          1. Known hypersensitivity to any component of the study drug formulation.&#xD;
&#xD;
          2. Subjects were diagnosed with acute promyelocytic leukemia (APL).&#xD;
&#xD;
          3. Subjects have BCR-ABL positive leukemia (chronic myelogenous leukemia acute).&#xD;
&#xD;
          4. Subjects developed secondary AML after previous antitumor therapy for other tumors&#xD;
             (except MDS, MDS/MPN).&#xD;
&#xD;
          5. Subjects had CNS leukemia with associated clinical symptoms.&#xD;
&#xD;
          6. Enrolled in any therapeutic clinical study within 28 days prior to the first dose and&#xD;
             enrolled in treatment, except in the survival follow-up phase of the interventional&#xD;
             study.&#xD;
&#xD;
          7. Received anti-tumor therapy (including chemotherapy, immunotherapy, endocrine therapy,&#xD;
             targeted therapy, etc.) within 28 days or 5 half-lives (whichever is shorter) prior to&#xD;
             the first dose. Received radiotherapy within 14 days prior to the first dose.&#xD;
             Palliative radiotherapy for symptom control is allowed to be completed at least 7 days&#xD;
             prior to the first dose. Have received herbal therapy with approved indications for&#xD;
             antitumor use within 7 days prior to the first dose.&#xD;
&#xD;
          8. ≥ Grade 2 graft-versus-host disease (GvHD), including acute, chronic or overlapping or&#xD;
             escalating GvHD therapy within 14 days prior to first dose or being treated with&#xD;
             systemic cortisol hormone for GvHD.&#xD;
&#xD;
          9. Received chimeric antigen receptor T-cell immunotherapy (CAR-T) within 3 months prior&#xD;
             to the first dose.&#xD;
&#xD;
         10. Strong inducer or strong inhibitor of cytochrome P450 (CYP450) 2C8 or 3A4 enzymes&#xD;
             taken within 14 days prior to the first dose, unless the investigator assesses that&#xD;
             the drug is necessary for the subject's treatment regimen.&#xD;
&#xD;
         11. Major surgery within 28 days prior to first dose or minor surgery within 7 days prior&#xD;
             to first dose, except diagnostic biopsy, insertion of vascular access device&#xD;
&#xD;
         12. Subjects have clinically significant coagulation abnormalities, such as disseminated&#xD;
             intravascular coagulation (DIC), hemophilia A, hemophilia B, and vascular hemophilia.&#xD;
&#xD;
         13. Intractable hypokalemia or hypomagnesemia that is not easily corrected by symptomatic&#xD;
             treatment and with previous recurrent episodes.&#xD;
&#xD;
         14. Active tuberculosis, or interstitial lung disease requiring corticosteroid therapy,&#xD;
             drug-induced interstitial lung disease, history of radiation pneumonia, or clinically&#xD;
             active interstitial lung disease as suggested by any current evidence, prior to the&#xD;
             first dose.&#xD;
&#xD;
         15. Presence of an uncontrolled active infection (defined as exhibiting persistent&#xD;
             signs/symptoms associated with the infection that do not improve despite appropriate&#xD;
             antibiotic or other treatment) within 72 hours prior to the first dose. Ongoing use of&#xD;
             prophylactic antibiotics, antifungals, or antivirals is eligible for enrollment.&#xD;
&#xD;
         16. Inability to take oral medication, history of previous surgery or severe&#xD;
             gastrointestinal disorders such as dysphagia and active gastric ulcer, which the&#xD;
             investigator believes may affect the absorption of the study drug.&#xD;
&#xD;
         17. History of deep vein thrombosis, pulmonary embolism, or any other serious&#xD;
             thromboembolism (other than thrombosis due to vascular access devices or superficial&#xD;
             venous thrombosis) within 3 months prior to the first dose.&#xD;
&#xD;
         18. Active or uncontrolled HBV (HBsAg positive and/or HBcAb positive with positive HBV-DNA&#xD;
             titers), HCV (HCV-Ab positive with positive HCV-RNA titers), HIV positive.&#xD;
&#xD;
         19. History of clinically significant cardiovascular disease, including.&#xD;
&#xD;
               1. Congestive heart failure (NYHA classification ≥ Class III) within 6 months prior&#xD;
                  to first dose&#xD;
&#xD;
               2. Unstable angina occurred within 6 months prior to the first dose.&#xD;
&#xD;
               3. Myocardial infarction within 6 months prior to the first dose.&#xD;
&#xD;
               4. Presence of poorly controlled arrhythmias at screening (e.g., subjects with&#xD;
                  ventricular tachycardia occurring during antiarrhythmic drug therapy will be&#xD;
                  excluded; however, subjects with atrioventricular block of degree I or&#xD;
                  asymptomatic left anterior bundle branch block/right bundle branch block do not&#xD;
                  have to be excluded).&#xD;
&#xD;
               5. Diagnosis or suspicion of long QT syndrome at screening (including a family&#xD;
                  history of long QT syndrome)&#xD;
&#xD;
               6. QTcF interval &gt;450 msec (using the Fridericia formula).&#xD;
&#xD;
               7. Left ventricular ejection fraction (LVEF) &lt;45%.&#xD;
&#xD;
               8. Uncontrolled hypertension (on the basis of lifestyle improvement, blood pressure&#xD;
                  has not reached the standard after applying a reasonably tolerable adequate dose&#xD;
                  of 2 or more antihypertensive drugs for more than 1 month, or blood pressure can&#xD;
                  be effectively controlled only after taking 4 or more antihypertensive drugs).&#xD;
&#xD;
               9. Stroke, cerebrovascular accident or transient ischemic attack within 6 months&#xD;
                  prior to the first dose.&#xD;
&#xD;
         20. Pregnant or lactating women.&#xD;
&#xD;
         21. Any active serious mental illness, medical condition or other symptom/condition that,&#xD;
             in the judgment of the investigator, may interfere with treatment, compliance or the&#xD;
             ability to provide informed consent.&#xD;
      </textblock>
    </criteria>
    <gender>All</gender>
    <minimum_age>18 Years</minimum_age>
    <maximum_age>N/A</maximum_age>
    <healthy_volunteers>No</healthy_volunteers>
  </eligibility>
  <overall_contact>
    <last_name>Jie Jin, Doctor</last_name>
    <phone>0571-87236896</phone>
    <email>jiej0503@163.com</email>
  </overall_contact>
  <location>
    <facility>
      <name>the First Affiliated Hospital, College of Medicine, Zhejiang University</name>
      <address>
        <city>Hangzhou</city>
        <state>Zhejiang</state>
        <country>China</country>
      </address>
    </facility>
    <status>Recruiting</status>
    <contact>
      <last_name>Jie Jin, Doctor</last_name>
      <phone>0571-87236896</phone>
      <email>jiej0503@163.com</email>
    </contact>
  </location>
  <location_countries>
    <country>China</country>
  </location_countries>
  <verification_date>January 2024</verification_date>
  <study_first_submitted>June 25, 2023</study_first_submitted>
  <study_first_submitted_qc>July 12, 2023</study_first_submitted_qc>
  <study_first_posted type="Actual">July 17, 2023</study_first_posted>
  <last_update_submitted>January 26, 2024</last_update_submitted>
  <last_update_submitted_qc>January 26, 2024</last_update_submitted_qc>
  <last_update_posted type="Actual">January 29, 2024</last_update_posted>
  <responsible_party>
    <responsible_party_type>Sponsor</responsible_party_type>
  </responsible_party>
  <keyword>FLT3 inhibitor</keyword>
  <condition_browse>
    <!-- CAUTION:  The following MeSH terms are assigned with an imperfect algorithm            -->
    <mesh_term>Leukemia, Myeloid, Acute</mesh_term>
  </condition_browse>
  <!-- Results have not yet been posted for this study                                          -->
</clinical_study>

