<?xml version="1.0" encoding="UTF-8"?>
<clinical_study rank="234">
  <!-- This xml conforms to an XML Schema at:
    https://clinicaltrials.gov/ct2/html/images/info/public.xsd -->
  <required_header>
    <download_date>ClinicalTrials.gov processed this data on February 06, 2024</download_date>
    <link_text>Link to the current ClinicalTrials.gov record.</link_text>
    <url>https://clinicaltrials.gov/ct2/show/NCT04743115</url>
  </required_header>
  <id_info>
    <org_study_id>BS HH 002.SA</org_study_id>
    <nct_id>NCT04743115</nct_id>
  </id_info>
  <brief_title>A Phase I, Open-Label, Dose Escalation and Cohort Expansion Study of BS HH 002.SA in Patients With AML and MDS</brief_title>
  <official_title>A Phase I, Open-Label, Dose Escalation and Cohort Expansion Study of BS HH 002.SA in Patients With Acute Myeloid Leukemia (AML) and Myelodysplastic Syndrome (MDS)</official_title>
  <sponsors>
    <lead_sponsor>
      <agency>Shanghai Bensen Pharmaceutical Co., Ltd.</agency>
      <agency_class>Industry</agency_class>
    </lead_sponsor>
  </sponsors>
  <source>Shanghai Bensen Pharmaceutical Co., Ltd.</source>
  <oversight_info>
    <has_dmc>Yes</has_dmc>
    <is_fda_regulated_drug>Yes</is_fda_regulated_drug>
    <is_fda_regulated_device>No</is_fda_regulated_device>
  </oversight_info>
  <brief_summary>
    <textblock>
      Indication:Relapsed or refractory AML in patients for whom no established treatment options&#xD;
      are available (this indication will heretofore be referred to as the protocol AML&#xD;
      indication), or adult patients with MDS who are classified as high risk or very high risk&#xD;
      according to the Revised International Prognosis Scoring System (IPSS-R).&#xD;
&#xD;
      Number of Investigators and Study Centers:Up to 5 Investigators in the US. Objectives:Dose&#xD;
      Escalation Part&#xD;
&#xD;
      Primary Objective:&#xD;
&#xD;
        1. To determine the maximum tolerated dose (MTD) of BS HH 002.SA administered&#xD;
           subcutaneously once per day for 12 days of a 28-day cycle.&#xD;
&#xD;
           Secondary Objectives:&#xD;
&#xD;
        2. To provide an initial safety profile of single and multiple cycles of BS HH 002.SA.&#xD;
&#xD;
        3. To assess the pharmacokinetic (PK) profile of BS HH 002.SA.&#xD;
&#xD;
        4. To explore the anti-tumor activity of BS HH 002.SA in patients with the protocol AML&#xD;
           indication or high-risk MDS.&#xD;
&#xD;
        5. To explore cytogenetics of the malignant cells in relation to response to BS HH 002.SA.&#xD;
&#xD;
      Cohort Expansion Part&#xD;
&#xD;
      Primary Objectives:&#xD;
&#xD;
        1. To evaluate safety and tolerability of BS HH 002.SA at MTD and/or lower dose level (DL)&#xD;
           in selected cohorts of patients with the protocol AML indication or high-risk MDS.&#xD;
&#xD;
        2. To evaluate preliminary anti-tumor activity of BS HH 002.SA at MTD and/or lower DL in&#xD;
           selected cohorts of patients with the protocol AML indication or high-risk MDS.&#xD;
&#xD;
           Secondary Objectives:&#xD;
&#xD;
        3. To assess the PK profile of BS HH 002.SA.&#xD;
&#xD;
        4. To explore cytogenetics of the malignant cells in relation to response to BS HH 002.SA.&#xD;
&#xD;
      Study Population:Adult patients with the protocol AML indication or high-risk MDS.&#xD;
    </textblock>
  </brief_summary>
  <overall_status>Not yet recruiting</overall_status>
  <start_date type="Anticipated">February 2021</start_date>
  <completion_date type="Anticipated">February 2025</completion_date>
  <primary_completion_date type="Anticipated">February 2025</primary_completion_date>
  <phase>Phase 1</phase>
  <study_type>Interventional</study_type>
  <has_expanded_access>No</has_expanded_access>
  <study_design_info>
    <allocation>N/A</allocation>
    <intervention_model>Single Group Assignment</intervention_model>
    <primary_purpose>Treatment</primary_purpose>
    <masking>None (Open Label)</masking>
  </study_design_info>
  <primary_outcome>
    <measure>Dose Escalation Part: the maximum tolerated dose (MTD) of BS HH 002.SA administered subcutaneously once per day for 12 days of a 28-day cycle.</measure>
    <time_frame>the first 28 day cycle</time_frame>
  </primary_outcome>
  <primary_outcome>
    <measure>Cohort Expansion Part: To evaluate safety and tolerability of BS HH 002.SA at MTD and/or lower dose level (DL) in selected cohorts of patients with the protocol AML indication or high-risk MDStreatment</measure>
    <time_frame>maximum of 12 months</time_frame>
  </primary_outcome>
  <primary_outcome>
    <measure>Cohort Expansion Part: To evaluate preliminary anti-tumor activity of BS HH 002.SA at MTD and/or lower DL in selected cohorts of patients with the protocol AML indication or high-risk MDS.</measure>
    <time_frame>maximum of 12 months</time_frame>
  </primary_outcome>
  <number_of_arms>1</number_of_arms>
  <enrollment type="Anticipated">66</enrollment>
  <condition>Acute Myeloid Leukemia, Myelodysplastic Syndrome</condition>
  <arm_group>
    <arm_group_label>the Dose Escalation Level</arm_group_label>
    <arm_group_type>Experimental</arm_group_type>
    <description>In the first 3-patient cohort, the dose of BS HH 002.SA will be 0.2 mg/m2/day. Enrollment to the next higher dose cohort will be initiated only if none of the 3 patients exhibits a DLT in the first 28-day cycle. Dose escalation will proceed according to a modified Fibonacci scheme, eg, increments of 100%, 100%, 66%, and 33% and the dose of BS-HH-002.SA will be 0.4, 0.8, 1.3, 1.7 mg/m2/day.&#xD;
The dose will be administered subcutaneously once daily on Days 1 through 6 and on Days 10 through 15 of a 28 day cycle.</description>
  </arm_group>
  <intervention>
    <intervention_type>Drug</intervention_type>
    <intervention_name>BS HH 002.SA</intervention_name>
    <description>The Dose Escalation Part is a 3+3 design dose escalation study to determine the MTD of BS HH 002.SA in up to approximately 30 patients with the protocol AML indication or high risk MDS. Cohorts of 3 patients will be sequentially assigned to receive BS HH 002.SA at escalating DLs following the standard 3+3 dose escalation design, with 3 to 6 patients at each DL.&#xD;
Cohort Expansion Part: Following determination of the MTD, the study will continue at the MTD and/or a lower DL</description>
    <arm_group_label>the Dose Escalation Level</arm_group_label>
  </intervention>
  <eligibility>
    <criteria>
      <textblock>
        Inclusion Criteria:&#xD;
&#xD;
          1. Female and male patients ≥18 years of age&#xD;
&#xD;
          2. Patients with one of the following conditions:&#xD;
&#xD;
               1. Primary or secondary AML, pathologically confirmed according to World Health&#xD;
                  Organization (WHO) or IWG classification, who have relapsed or refractory disease&#xD;
                  and for whom no established treatment options are available, or who are not a&#xD;
                  candidate for current therapies&#xD;
&#xD;
               2. High risk or very high risk MDS, as evaluated according to the IPSS R, who are&#xD;
                  resistant or intolerant to standard treatment and not candidates for&#xD;
                  transplantation&#xD;
&#xD;
          3. Patients must be willing to participate in the study and have the ability to&#xD;
             understand and adhere to study visit schedule and other protocol procedures. They&#xD;
             should be able to comprehend and willing to sign an Informed Consent Form (ICF)&#xD;
&#xD;
          4. Women of childbearing potential must have two negative pregnancy tests during&#xD;
             Screening, the second within 24 hours prior to the first administration of study drug,&#xD;
             and must agree to use highly effective physician-approved contraception from Screening&#xD;
             to 90 days following the last study drug administration. For the purposes of this&#xD;
             study, women with tubal ligations are considered to be of childbearing potential but&#xD;
             women who are surgically sterile (hysterectomy) or post menopausal ≥2 years are not&#xD;
             considered to be of childbearing potential Note: Post-menopausal is defined as aged&#xD;
             more than 50 years and amenorrhea for at least 12 months following cessation of all&#xD;
             exogenous hormonal treatment. Women with irreversible surgical sterilization by&#xD;
             hysterectomy, bilateral oophorectomy, or bilateral salpingectomy, but not tubal&#xD;
             ligation, are acceptable.&#xD;
&#xD;
          5. Male subjects must be surgically sterile. If male subjects are able to father&#xD;
             children, they must use a highly effective physician-approved birth control method&#xD;
             from Screening, during the study, and for 90 days after the last dose of study drug.&#xD;
             The study physician will inform the subject which birth control methods are&#xD;
             acceptable. Vasectomy and sexual abstinence are the recommended birth control methods&#xD;
             Note: Female partners of male subjects should not become pregnant during the course of&#xD;
             the study as the effects of the study drug on an unborn child and on a breast-fed baby&#xD;
             are not known. Male participants will not be allowed to take part in this study if&#xD;
             their female partner is trying to become pregnant. If female partner does become&#xD;
             pregnant while male partner is taking part in the study, male participants should&#xD;
             immediately inform the study physician. The female partner will be asked to sign a&#xD;
             Pregnant Partner Data Release Form.&#xD;
&#xD;
        Exclusion Criteria:&#xD;
&#xD;
          1. Eastern Cooperative Oncology Group (ECOG) performance status 3 or greater&#xD;
&#xD;
          2. Known hypersensitivity to study drug or its excipients&#xD;
&#xD;
          3. Acute promyelocytic leukemia&#xD;
&#xD;
          4. Administration of any antineoplastic therapy or anti-MDS treatment within at least 2&#xD;
             weeks or 5 half-lives (whichever is greater) of the first dose of BS HH 002.SA, with&#xD;
             the exception of hydroxyurea for AML patients which should be discontinued 1 day prior&#xD;
             to the first dose of BS HH 002.SA&#xD;
&#xD;
          5. Participation in other clinical trials within at least 2 weeks of the first BS HH&#xD;
             002.SA dose&#xD;
&#xD;
          6. Concomitantly receiving other investigational agents&#xD;
&#xD;
          7. Clinical evidence of active central nervous system leukemia&#xD;
&#xD;
          8. History of diabetes mellitus and a hemoglobin A1c ≥7.0% as assessed at Screening&#xD;
&#xD;
          9. Active and uncontrolled infection including but not limited to known infection with&#xD;
             HIV, active hepatitis B, or hepatitis C. Patients with an infection receiving&#xD;
             treatment with antibiotics may be entered into the trial if they are afebrile and&#xD;
             hemodynamically stable for 96 hours prior to trial entry&#xD;
&#xD;
         10. Major surgery within 2 weeks prior to trial entry&#xD;
&#xD;
         11. Receipt of an allogeneic or autologous stem cell transplant within 60 days of the&#xD;
             first BS HH 002.SA dose&#xD;
&#xD;
         12. Toxicities from a previous anti-cancer therapy that are NCI CTCAE Grade 2 or greater,&#xD;
             except for alopecia and Grade 2 nausea&#xD;
&#xD;
         13. Liver function tests above the following limits at Screening: total bilirubin &gt;1.5 ×&#xD;
             upper limit of normal (ULN) unless related to Gilbert's syndrome or hemolysis,&#xD;
             aspartate aminotransferase (AST) and/or alanine aminotransferase (ALT) &gt;2.5 × ULN, or&#xD;
             for patients with liver involvement AST and/or ALT &gt;5 × ULN&#xD;
&#xD;
         14. Liver malignancy (including metastases) or chronic liver disease&#xD;
&#xD;
         15. Previous drug-induced liver injury (DILI)&#xD;
&#xD;
         16. Serum creatinine &gt;1.5 × ULN and/or creatinine clearance (CrCl) &lt;30 mL/min at Screening&#xD;
             (calculation according to Cockcroft &amp; Gault formula or Modification of Diet in Renal&#xD;
             Disease [MDRD] formula)&#xD;
&#xD;
         17. International normalized ratio (INR) &gt;1.5 × ULN, or, if on warfarin therapy, INR &gt;2.5&#xD;
             × ULN&#xD;
&#xD;
         18. Corrected QT interval (QTc) by Fridericia's method (QTcF) &gt;450 msec or concomitant use&#xD;
             of drugs known to prolong the QTc (antiemetic therapy can be allowed with approval&#xD;
             from the Medical Monitor if the QTc is normal, and calcium, magnesium, and potassium&#xD;
             levels are normal on Day 1)&#xD;
&#xD;
         19. New York Heart Association class III or IV heart disease, uncontrolled hypertension,&#xD;
             congestive heart failure, or other uncontrolled cardiac condition&#xD;
&#xD;
         20. Left ventricular ejection fraction (LVEF) &lt;45% as assessed by multiple-gated&#xD;
             acquisition (MUGA) scan or echocardiogram&#xD;
&#xD;
         21. Uncontrolled congestive heart failure, unstable angina pectoris&#xD;
&#xD;
         22. Patients with concomitant solid tumors or lymphoma, for whom the Investigator has&#xD;
             clinical suspicion of active disease at the time of enrolment. Patients with&#xD;
             adequately treated early-stage squamous cell carcinoma of the skin, basal cell&#xD;
             carcinoma of the skin, or cervical intraepithelial neoplasia, or with castrate&#xD;
             sensitive prostate cancer with stable elevated prostate-specific antigen under&#xD;
             anti-androgenic therapy are eligible for this study&#xD;
&#xD;
         23. Other significant disease that in the Investigator's opinion would exclude the patient&#xD;
             from the participation in the study protocol&#xD;
&#xD;
         24. Women who are or plan to become pregnant, or who are currently breastfeeding&#xD;
&#xD;
         25. Active alcohol or drug abuse&#xD;
&#xD;
         26. Legal incapacity or limited legal capacity.&#xD;
      </textblock>
    </criteria>
    <gender>All</gender>
    <minimum_age>18 Years</minimum_age>
    <maximum_age>N/A</maximum_age>
    <healthy_volunteers>No</healthy_volunteers>
  </eligibility>
  <verification_date>February 2021</verification_date>
  <study_first_submitted>February 4, 2021</study_first_submitted>
  <study_first_submitted_qc>February 4, 2021</study_first_submitted_qc>
  <study_first_posted type="Actual">February 8, 2021</study_first_posted>
  <last_update_submitted>February 4, 2021</last_update_submitted>
  <last_update_submitted_qc>February 4, 2021</last_update_submitted_qc>
  <last_update_posted type="Actual">February 8, 2021</last_update_posted>
  <responsible_party>
    <responsible_party_type>Sponsor</responsible_party_type>
  </responsible_party>
  <keyword>BS HH 002.SA</keyword>
  <condition_browse>
    <!-- CAUTION:  The following MeSH terms are assigned with an imperfect algorithm            -->
    <mesh_term>Leukemia</mesh_term>
    <mesh_term>Leukemia, Myeloid</mesh_term>
    <mesh_term>Leukemia, Myeloid, Acute</mesh_term>
    <mesh_term>Preleukemia</mesh_term>
    <mesh_term>Myelodysplastic Syndromes</mesh_term>
  </condition_browse>
  <patient_data>
    <sharing_ipd>No</sharing_ipd>
  </patient_data>
  <!-- Results have not yet been posted for this study                                          -->
</clinical_study>

