<?xml version="1.0" encoding="UTF-8"?>
<clinical_study rank="132">
  <!-- This xml conforms to an XML Schema at:
    https://clinicaltrials.gov/ct2/html/images/info/public.xsd -->
  <required_header>
    <download_date>ClinicalTrials.gov processed this data on February 06, 2024</download_date>
    <link_text>Link to the current ClinicalTrials.gov record.</link_text>
    <url>https://clinicaltrials.gov/ct2/show/NCT01611116</url>
  </required_header>
  <id_info>
    <org_study_id>3066K1-1165</org_study_id>
    <nct_id>NCT01611116</nct_id>
  </id_info>
  <brief_title>Study With Temsirolimus Added to Standard Chemotherapy for Patients Over 60 Years With Acute Myeloblastic Leukemia</brief_title>
  <acronym>TOR-AML</acronym>
  <official_title>A Double-blind, Placebo-controlled, Randomized, Multicenter Phase II Trial to Assess the Efficacy of Temsirolimus Added to Standard Primary Therapy in Elderly Patients With Newly Diagnosed AML</official_title>
  <sponsors>
    <lead_sponsor>
      <agency>Goethe University</agency>
      <agency_class>Other</agency_class>
    </lead_sponsor>
  </sponsors>
  <source>Goethe University</source>
  <oversight_info>
    <has_dmc>Yes</has_dmc>
    <is_fda_regulated_drug>No</is_fda_regulated_drug>
    <is_fda_regulated_device>No</is_fda_regulated_device>
  </oversight_info>
  <brief_summary>
    <textblock>
      Standard chemotherapy is capable of eliminating most leukemic blasts in acute myeloblastic&#xD;
      leukemia (AML), while leukemia-initiating cells are not sufficiently eradicated. As a&#xD;
      consequence, refractory disease and relapse frequently occur in AML, especially in elderly&#xD;
      patients. The investigators propose that the addition of temsirolimus may improve standard&#xD;
      AML chemotherapy. Furthermore, temsirolimus may specifically target the leukemia-initiating&#xD;
      cells in AML, thereby reducing the risk of leukemia relapse.&#xD;
&#xD;
      The study's main part is preceded by a open label run-in part, in which optimal temsirolimus&#xD;
      dose and schedule for the main part o the study will be determined.&#xD;
    </textblock>
  </brief_summary>
  <overall_status>Completed</overall_status>
  <start_date>May 2012</start_date>
  <completion_date type="Actual">April 26, 2017</completion_date>
  <primary_completion_date type="Actual">April 26, 2017</primary_completion_date>
  <phase>Phase 2</phase>
  <study_type>Interventional</study_type>
  <has_expanded_access>No</has_expanded_access>
  <study_design_info>
    <allocation>Randomized</allocation>
    <intervention_model>Parallel Assignment</intervention_model>
    <primary_purpose>Treatment</primary_purpose>
    <masking>Triple (Participant, Care Provider, Investigator)</masking>
  </study_design_info>
  <primary_outcome>
    <measure>median Event Free Survival (EFS)</measure>
    <time_frame>participants will be followed for one year after start of study treatment</time_frame>
    <description>Event Free Survival defined as time interval from day 1 of study treatment until treatment failure, relapse from complete remission (CR) or incomplete remission (CRi), or death from any cause, whichever occurs first.</description>
  </primary_outcome>
  <primary_outcome>
    <measure>event free survival probability</measure>
    <time_frame>participants will be followed for one year after start of study treatment</time_frame>
    <description>Event Free Survival defined as time interval from day 1 of study treatment until treatment failure, relapse from complete remission (CR) or incomplete remission (CRi), or death from any cause, whichever occurs first.</description>
  </primary_outcome>
  <secondary_outcome>
    <measure>median Event Free Survival (EFS) of AML patients with different cytogenetic and molecular risk groups</measure>
    <time_frame>participants will be followed for one year after start of study treatment</time_frame>
  </secondary_outcome>
  <secondary_outcome>
    <measure>rate of early response after the first induction cycle in the temsirolimus and the control group</measure>
    <time_frame>participants will be followed for one year after start of study treatment</time_frame>
  </secondary_outcome>
  <secondary_outcome>
    <measure>rate of early response of AML patients with different cytogenetic and molecular risk groups</measure>
    <time_frame>participants will be followed for one year after start of study treatment</time_frame>
  </secondary_outcome>
  <secondary_outcome>
    <measure>Complete Remission (CR) rate in the temsirolimus and the control group</measure>
    <time_frame>participants will be followed for one year after start of study treatment</time_frame>
  </secondary_outcome>
  <secondary_outcome>
    <measure>CR rate of AML patients with different cytogenetic and molecular risk groups</measure>
    <time_frame>participants will be followed for one year after start of study treatment</time_frame>
  </secondary_outcome>
  <secondary_outcome>
    <measure>Relapse Free Survival (RFS) of AML patients in the temsirolimus and the control group</measure>
    <time_frame>participants will be followed for one year after start of study treatment</time_frame>
  </secondary_outcome>
  <secondary_outcome>
    <measure>Relapse Free Survival (RFS) of AML patients with different cytogenetic and molecular risk groups</measure>
    <time_frame>participants will be followed for one year after start of study treatment</time_frame>
  </secondary_outcome>
  <secondary_outcome>
    <measure>Overall Survival (OS) of all AML patients in the temsirolimus and the control group</measure>
    <time_frame>participants will be followed for one year after start of study treatment</time_frame>
  </secondary_outcome>
  <secondary_outcome>
    <measure>Overall Survival (OS) of AML patients with different cytogenetic and molecular risk groups</measure>
    <time_frame>participants will be followed for one year after start of study treatment</time_frame>
  </secondary_outcome>
  <secondary_outcome>
    <measure>rate of molecular remissions in the temsirolimus and the control group</measure>
    <time_frame>participants will be followed for one year after start of study treatment</time_frame>
  </secondary_outcome>
  <secondary_outcome>
    <measure>Number of adverse events in the temsirolimus and the control group</measure>
    <time_frame>participants will be followed for one year after start of study treatment</time_frame>
  </secondary_outcome>
  <secondary_outcome>
    <measure>rate of molecular relapse after molecular remission of all AML patients in the temsirolimus and the control group after induction therapy and in the course of the first remission</measure>
    <time_frame>participants will be followed for one year after start of study treatment</time_frame>
  </secondary_outcome>
  <number_of_arms>2</number_of_arms>
  <enrollment type="Actual">33</enrollment>
  <condition>Acute Myeloblastic Leukemia</condition>
  <arm_group>
    <arm_group_label>sodium chloride solution 0.9%</arm_group_label>
    <arm_group_type>Placebo Comparator</arm_group_type>
  </arm_group>
  <arm_group>
    <arm_group_label>temsirolimus</arm_group_label>
    <arm_group_type>Experimental</arm_group_type>
  </arm_group>
  <intervention>
    <intervention_type>Drug</intervention_type>
    <intervention_name>sodium chloride solution 0.9%</intervention_name>
    <description>intravenous application added to standard chemotherapy on up to 8 predefined days during the course of study treatment</description>
    <arm_group_label>sodium chloride solution 0.9%</arm_group_label>
  </intervention>
  <intervention>
    <intervention_type>Drug</intervention_type>
    <intervention_name>temsirolimus</intervention_name>
    <description>intravenous application added to standard chemotherapy on up to 16 predefined days during the course of study treatment</description>
    <arm_group_label>temsirolimus</arm_group_label>
    <other_name>Torisel</other_name>
  </intervention>
  <eligibility>
    <criteria>
      <textblock>
        Inclusion Criteria:&#xD;
&#xD;
          -  Newly diagnosed AML (except APL) according to the FAB classification, including AML&#xD;
             evolving from MDS or other hematological diseases and AML after previous cytotoxic&#xD;
             therapy or radiation (secondary AML)&#xD;
&#xD;
          -  Bone marrow aspirate or biopsy contains ≥ 20% blasts of all nucleated cells or&#xD;
             differential blood count must contain ≥ 20% blasts. In AML FAB M6 ≥ 30% of&#xD;
             non-erythroid cells in the bone marrow must be leukemic blasts. In AML defined by&#xD;
             cytogenetic aberrations the proportion of blasts may be &lt; 20%.&#xD;
&#xD;
          -  Age ≥ 61 years&#xD;
&#xD;
          -  Informed consent, personally signed and dated to participate in the study&#xD;
&#xD;
          -  Willingness of male patients whose sexual partners are women of child-bearing&#xD;
             potential (WOCBP), to use an effective form of contraception (pearl index &lt; 1%) during&#xD;
             the study and at least 6 months thereafter.&#xD;
&#xD;
        Exclusion Criteria:&#xD;
&#xD;
          -  Patients who are not eligible for standard chemotherapy&#xD;
&#xD;
          -  Previous treatment for AML, except leukapheresis for patients with hyperleukocytosis&#xD;
             (leukocytes &gt; 100,000/µl and / or leukostatic syndrome) or hydroxyurea&#xD;
&#xD;
          -  Known central nervous system manifestation of AML&#xD;
&#xD;
          -  Cardiac Disease: Heart failure NYHA III° or IV°; active coronary artery disease (MI&#xD;
             more than 6 months prior to study entry is permitted); serious cardiac ventricular&#xD;
             arrhythmias, defined as: ventricular extrasystoles grade LOWN IV, sustained or&#xD;
             non-sustained ventricular tachycardias, and history of ventricular fibrillation /&#xD;
             ventricular flutter, unless patient is protected by an internal cardioverter /&#xD;
             defibrillator or ventricular arrhythmia was attributable to a myocardial ischemia &gt; 6&#xD;
             months before study entry.&#xD;
&#xD;
          -  Chronically impaired renal function (creatinine clearance &lt; 30 ml / min)&#xD;
&#xD;
          -  Chronic pulmonary disease with relevant hypoxia&#xD;
&#xD;
          -  Inadequate liver function (ALT and AST ≥ 2.5 x ULN) if not caused by leukemic&#xD;
             infiltration&#xD;
&#xD;
          -  Total bilirubin ≥ 1.2 mg/dL if not caused by leukemic infiltration&#xD;
&#xD;
          -  Uncontrolled active infection&#xD;
&#xD;
          -  Concurrent malignancies other than AML with an estimated life expectancy of less than&#xD;
             two years and requiring therapy&#xD;
&#xD;
          -  Known HIV and/or hepatitis C infection&#xD;
&#xD;
          -  Evidence or history of CNS disease, including primary or metastatic brain tumors,&#xD;
             seizure disorders&#xD;
&#xD;
          -  History of organ allograft&#xD;
&#xD;
          -  Concomitant treatment with kinase inhibitors, angiogenesis inhibitors, calcineurin&#xD;
             inhibitors and Mylotarg&#xD;
&#xD;
          -  Serious, non-healing wound, ulcer or bone fracture&#xD;
&#xD;
          -  Allergy to study medication or excipients in study medication&#xD;
&#xD;
          -  Investigational drug therapy outside of this trial during or within 4 weeks of study&#xD;
             entry&#xD;
&#xD;
          -  Any severe concomitant condition which makes it undesirable for the patient to&#xD;
             participate in the study or which could jeopardise compliance with the protocol&#xD;
      </textblock>
    </criteria>
    <gender>All</gender>
    <minimum_age>61 Years</minimum_age>
    <maximum_age>N/A</maximum_age>
    <healthy_volunteers>No</healthy_volunteers>
  </eligibility>
  <overall_official>
    <last_name>Christian Brandts, MD</last_name>
    <role>Study Director</role>
    <affiliation>Goethe University</affiliation>
  </overall_official>
  <location>
    <facility>
      <name>Charité University Hospital Berlin, Campus Benjamin Franklin</name>
      <address>
        <city>Berlin</city>
        <zip>10117</zip>
        <country>Germany</country>
      </address>
    </facility>
  </location>
  <location>
    <facility>
      <name>University Hospital Dresden</name>
      <address>
        <city>Dresden</city>
        <zip>01307</zip>
        <country>Germany</country>
      </address>
    </facility>
  </location>
  <location>
    <facility>
      <name>University Hospital Erlangen</name>
      <address>
        <city>Erlangen</city>
        <zip>91054</zip>
        <country>Germany</country>
      </address>
    </facility>
  </location>
  <location>
    <facility>
      <name>University Hospital Frankfurt</name>
      <address>
        <city>Frankfurt am Main</city>
        <zip>60590</zip>
        <country>Germany</country>
      </address>
    </facility>
  </location>
  <location>
    <facility>
      <name>University Hospital Münster</name>
      <address>
        <city>Münster</city>
        <zip>48149</zip>
        <country>Germany</country>
      </address>
    </facility>
  </location>
  <location_countries>
    <country>Germany</country>
  </location_countries>
  <link>
    <url>http://www.uct-frankfurt.de</url>
    <description>University Cancer Center Frankfurt</description>
  </link>
  <link>
    <url>http://www.kompetenznetz-leukaemie.de</url>
    <description>German Competency Network for Leukemia</description>
  </link>
  <results_reference>
    <citation>Posting of Results in EUDRACT Database: https://www.clinicaltrialsregister.eu/ctr-search/trial/2011-002365-37/results</citation>
  </results_reference>
  <verification_date>May 2023</verification_date>
  <study_first_submitted>May 25, 2012</study_first_submitted>
  <study_first_submitted_qc>May 31, 2012</study_first_submitted_qc>
  <study_first_posted type="Estimate">June 4, 2012</study_first_posted>
  <last_update_submitted>May 23, 2023</last_update_submitted>
  <last_update_submitted_qc>May 23, 2023</last_update_submitted_qc>
  <last_update_posted type="Actual">May 24, 2023</last_update_posted>
  <responsible_party>
    <responsible_party_type>Principal Investigator</responsible_party_type>
    <investigator_affiliation>Goethe University</investigator_affiliation>
    <investigator_full_name>Prof. Christian Brandts, MD</investigator_full_name>
    <investigator_title>Study Director</investigator_title>
  </responsible_party>
  <condition_browse>
    <!-- CAUTION:  The following MeSH terms are assigned with an imperfect algorithm            -->
    <mesh_term>Leukemia</mesh_term>
    <mesh_term>Leukemia, Myeloid</mesh_term>
    <mesh_term>Leukemia, Myeloid, Acute</mesh_term>
  </condition_browse>
  <intervention_browse>
    <!-- CAUTION:  The following MeSH terms are assigned with an imperfect algorithm            -->
    <mesh_term>Sirolimus</mesh_term>
    <mesh_term>Temsirolimus</mesh_term>
    <mesh_term>MTOR Inhibitors</mesh_term>
  </intervention_browse>
  <!-- Results have not yet been posted for this study                                          -->
</clinical_study>

