<?xml version="1.0" encoding="UTF-8"?>
<clinical_study rank="253">
  <!-- This xml conforms to an XML Schema at:
    https://clinicaltrials.gov/ct2/html/images/info/public.xsd -->
  <required_header>
    <download_date>ClinicalTrials.gov processed this data on February 06, 2024</download_date>
    <link_text>Link to the current ClinicalTrials.gov record.</link_text>
    <url>https://clinicaltrials.gov/ct2/show/NCT05603884</url>
  </required_header>
  <id_info>
    <org_study_id>FXMH-AML-002</org_study_id>
    <secondary_id>ChiCTR2200061925</secondary_id>
    <nct_id>NCT05603884</nct_id>
  </id_info>
  <brief_title>VCA Regimen Followed by D-MAG Regimen on the Treatment of Elderly Patients With Newly Diagnosed Acute Myeloid Leukemia (AML)</brief_title>
  <official_title>Venetoclax Combining Chidamide and Azacitidine (VCA) Regimen Followed by Dicitabine Combined With Liposome Mitoxantrone, Cytarabine, and G-CSF (D-MAG) Regimen on the Treatment of Elderly Patients With Newly Diagnosed Acute Myeloid Leukemia (AML) : A Multicenter, Prospective, Single Arm Clinical Trial</official_title>
  <sponsors>
    <lead_sponsor>
      <agency>The First Affiliated Hospital of Xiamen University</agency>
      <agency_class>Other</agency_class>
    </lead_sponsor>
    <collaborator>
      <agency>Chipscreen Biosciences, Ltd.</agency>
      <agency_class>Industry</agency_class>
    </collaborator>
    <collaborator>
      <agency>CSPC Pharmaceutical Group Limited</agency>
      <agency_class>Industry</agency_class>
    </collaborator>
    <collaborator>
      <agency>Fujian Provincial Hospital</agency>
      <agency_class>Other</agency_class>
    </collaborator>
    <collaborator>
      <agency>Fujian Cancer Hospital</agency>
      <agency_class>Other</agency_class>
    </collaborator>
    <collaborator>
      <agency>Zhangzhou manicipal hospital of Fujian Province</agency>
      <agency_class>Other</agency_class>
    </collaborator>
    <collaborator>
      <agency>Jieyang People's Hospital</agency>
      <agency_class>Other</agency_class>
    </collaborator>
    <collaborator>
      <agency>Huizhou Municipal Central Hospital</agency>
      <agency_class>Other</agency_class>
    </collaborator>
  </sponsors>
  <source>The First Affiliated Hospital of Xiamen University</source>
  <oversight_info>
    <is_fda_regulated_drug>No</is_fda_regulated_drug>
    <is_fda_regulated_device>No</is_fda_regulated_device>
  </oversight_info>
  <brief_summary>
    <textblock>
      The purpose of this study is to evaluate the safety and efficacy of Venetoclax Combining&#xD;
      Chidamide and Azacitidine (VCA) Followed by D-MAG Regimen on the Treatment of Elderly&#xD;
      Patients With Newly Diagnosed Acute Myeloid Leukemia (AML)&#xD;
    </textblock>
  </brief_summary>
  <detailed_description>
    <textblock>
      Elderly Patients with AML have inferior outcomes due to poor physical condition, and&#xD;
      intolerant to conventional chemotherapy. The regimen of Venetoclax and Azacitidine has been&#xD;
      widely used in these patients and has proved to achieve higher CR rate than low intensity&#xD;
      therapy. However, the median duration of response (DOR) of this regimen is about one year.&#xD;
      Chidamide is a histone deacetylase (HDAC) inhibitor and preclinical data showed adding&#xD;
      low-dose Chidamide to venetoclax could significantly promoted apoptosis of leukemia cell&#xD;
      lines. The Venetoclax Combining Chidamide and Azacitidine (VCA) regimen was applied to one&#xD;
      62-year-old male patient with AML who achieved CR. Meanwhile, Liposome mitoxantrone has&#xD;
      better safety and tolerance than mitoxantrone in elderly patients. Thus, this study is&#xD;
      intended to use 2 cycles of VCA regimens followed by 2 cycles of D-MAG regimens, and then&#xD;
      repeat the above four courses of treatment once to improve the median event free survival of&#xD;
      elderly AML patients.&#xD;
    </textblock>
  </detailed_description>
  <overall_status>Recruiting</overall_status>
  <start_date type="Actual">December 1, 2022</start_date>
  <completion_date type="Anticipated">December 31, 2026</completion_date>
  <primary_completion_date type="Anticipated">December 31, 2026</primary_completion_date>
  <phase>Phase 2</phase>
  <study_type>Interventional</study_type>
  <has_expanded_access>No</has_expanded_access>
  <study_design_info>
    <allocation>N/A</allocation>
    <intervention_model>Single Group Assignment</intervention_model>
    <primary_purpose>Treatment</primary_purpose>
    <masking>None (Open Label)</masking>
  </study_design_info>
  <primary_outcome>
    <measure>Complete remission (CR) rate</measure>
    <time_frame>6 months</time_frame>
    <description>CR was &lt;5% marrow blasts by morphology</description>
  </primary_outcome>
  <secondary_outcome>
    <measure>1 year leukemia free survival (LFS)</measure>
    <time_frame>1 year from treatment initiation</time_frame>
    <description>Leukemia-free survival (LFS) is defined as survival without evidence of relapse from treatment initiation</description>
  </secondary_outcome>
  <secondary_outcome>
    <measure>1 year overall survival (OS)</measure>
    <time_frame>1 year from treatment initiation</time_frame>
    <description>Overall survival（OS）is defined as the time from treatment initiation to death from any cause.</description>
  </secondary_outcome>
  <secondary_outcome>
    <measure>Adverse events</measure>
    <time_frame>6 months</time_frame>
    <description>Adverse event is defined as any untoward medical occurrence associated with treatment</description>
  </secondary_outcome>
  <secondary_outcome>
    <measure>objective response rate (ORR)</measure>
    <time_frame>6 months</time_frame>
    <description>ORR is defined as CR, CRi and PR. Partial remission (PR) is defined as a decrease of at least 50% in the percentage of blasts to 5 to 25% in the bone marrow aspirate and the normalization of blood counts.</description>
  </secondary_outcome>
  <number_of_arms>1</number_of_arms>
  <enrollment type="Anticipated">66</enrollment>
  <condition>Leukemia, Myeloid, Acute</condition>
  <condition>AML Stage, Adult</condition>
  <arm_group>
    <arm_group_label>treatment arm</arm_group_label>
    <arm_group_type>Experimental</arm_group_type>
    <description>2 cycles of VCA regimens followed by 2 cycles of D-MAG regimens, and then repeat the above four courses of treatment once</description>
  </arm_group>
  <intervention>
    <intervention_type>Drug</intervention_type>
    <intervention_name>Venetoclax Combining Chidamide and Azacitidine (VCA) regimen followed by dicitabine combined with liposome mitoxantrone, cytarabine, and G-CSF (D-MAG) regimen</intervention_name>
    <description>venetoclax combining chidamide and azacitidine (VCA) 28 days per cycle × 2 cycles； 1) chidamide 30mg biw × 2weeks；2) venetoclax 200mg/d × 2 weeks 3) azacitidine 100mg/d d1-7 dicitabine combined with liposome mitoxantrone, cytarabine, and G-CSF (D-MAG) regimen 28 days per cycle ×2 cycles；&#xD;
1）dicitabine 25mg d1-3，2）liposome mitoxantrone 20mg d4，3）cytarabine 10mg/m2 Q12h d1-7 4）G-CSF 300ug d-1 until WBC &gt; 20×109/L</description>
    <arm_group_label>treatment arm</arm_group_label>
  </intervention>
  <eligibility>
    <criteria>
      <textblock>
        Inclusion Criteria:&#xD;
&#xD;
          -  1) Histologically confirmed acute myeloid leukemia (non-M3). Treatment-na?ve and&#xD;
             unable to receive standard cytarabine and anthracycline induction regimens due to age&#xD;
             or comorbidities or patient preference.&#xD;
&#xD;
             2) Age ≥ 60 years old, male or female, with an expected survival more than 3 months.&#xD;
&#xD;
             3) Estimated creatinine clearance ≥ 30 mL/min. 4) AST and ALT ≤ 3.0 x ULN (unless&#xD;
             leukemic organ involvement). Bilirubin ≤ 1.5 x ULN (unless considered due to leukemic&#xD;
             organ involvement).&#xD;
&#xD;
             5) ECOG ≤ 2. 6) Able to understand and voluntarily provide informed consent.&#xD;
&#xD;
        Exclusion Criteria:&#xD;
&#xD;
          -  1)Acute promyelocytic leukemia (APL) and low risk cytogenetics such as t(8;21),&#xD;
             inv(16) or t(16;16).&#xD;
&#xD;
             2) Active central nervous system leukemia. 3) History of myeloproliferative neoplasm&#xD;
             (MPN) including myelofibrosis, essential thrombocythemia, polycythemia vera, chronic&#xD;
             myeloid leukemia (CML) with or without BCR-ABL1 translocation and AML with BCR- ABL1&#xD;
             translocation.&#xD;
&#xD;
             4) HIV positive patients and/or HBV or HCV active infection (documented by HBV-DNA and&#xD;
             HCV-RNA positive test) 5) Patients suffering from chronic respiratory diseases that&#xD;
             require continuous oxygen inhalation, or a history of obvious renal, nervous system,&#xD;
             psychiatric, endocrine, metabolic, immune, liver, and cardiovascular diseases 6)&#xD;
             Patients suffering from malabsorption syndrome or other conditions that exclude&#xD;
             enteral route of administration.&#xD;
&#xD;
             7) Patients has clinically significant QTc prolongation (&gt;450 ms in men; &gt;470 ms in&#xD;
             women), ventricular tachycardia and atrial fibrillation, second-degree heart block,&#xD;
             myocardial infarction within the year prior to enrollment, and congestive heart&#xD;
             failure;and patients with coronary heart disease with clinical symptoms requiring drug&#xD;
             treatment.&#xD;
&#xD;
             8) Active, uncontrolled severe infection. 9) History of other malignancies within 2&#xD;
             years, except for the following: Adequately treated cervix or breast cancer in situ;&#xD;
             Basal cell cancer or local squamous cell carcinoma of the skin; 10) White blood cell&#xD;
             count &gt; 25 × 10^9/L. (Hydroxyurea or leukapheresis may meet this criterion.) 11)&#xD;
             Mental disorders that hinder research participation 12) Participants have received the&#xD;
             following treatments: hypomethylating agents, veneclax and/or chemotherapy for&#xD;
             myelodysplastic syndrome (MDS), solid organ transplantation.&#xD;
&#xD;
             13) Any other circumstances that the investigator believes that the patient is not&#xD;
             suitable to participate in this trial&#xD;
      </textblock>
    </criteria>
    <gender>All</gender>
    <minimum_age>60 Years</minimum_age>
    <maximum_age>N/A</maximum_age>
    <healthy_volunteers>No</healthy_volunteers>
  </eligibility>
  <overall_official>
    <last_name>Bing Xu, M.D.</last_name>
    <role>Principal Investigator</role>
    <affiliation>The First Affiliated Hospital of Xiamen University</affiliation>
  </overall_official>
  <overall_contact>
    <last_name>Bing Xu, M.D.</last_name>
    <phone>+865922137255</phone>
    <email>xubingzhangjian@126.com</email>
  </overall_contact>
  <overall_contact_backup>
    <last_name>Zhifeng Li</last_name>
    <phone>+8613606901162</phone>
    <email>lzf_xm@163.com</email>
  </overall_contact_backup>
  <location>
    <facility>
      <name>Bing Xu</name>
      <address>
        <city>Xiamen</city>
        <state>Fujian</state>
        <zip>361003</zip>
        <country>China</country>
      </address>
    </facility>
    <status>Recruiting</status>
    <contact>
      <last_name>Bing Xu</last_name>
    </contact>
    <investigator>
      <last_name>Bing Xu</last_name>
      <role>Principal Investigator</role>
    </investigator>
  </location>
  <location_countries>
    <country>China</country>
  </location_countries>
  <verification_date>December 2023</verification_date>
  <study_first_submitted>October 29, 2022</study_first_submitted>
  <study_first_submitted_qc>October 29, 2022</study_first_submitted_qc>
  <study_first_posted type="Actual">November 3, 2022</study_first_posted>
  <last_update_submitted>December 7, 2023</last_update_submitted>
  <last_update_submitted_qc>December 7, 2023</last_update_submitted_qc>
  <last_update_posted type="Actual">December 8, 2023</last_update_posted>
  <responsible_party>
    <responsible_party_type>Sponsor</responsible_party_type>
  </responsible_party>
  <keyword>newly diagnosed acute myeloid leukemia</keyword>
  <keyword>liposome mitoxantrone</keyword>
  <keyword>sequential treatment</keyword>
  <condition_browse>
    <!-- CAUTION:  The following MeSH terms are assigned with an imperfect algorithm            -->
    <mesh_term>Leukemia</mesh_term>
    <mesh_term>Leukemia, Myeloid</mesh_term>
    <mesh_term>Leukemia, Myeloid, Acute</mesh_term>
  </condition_browse>
  <intervention_browse>
    <!-- CAUTION:  The following MeSH terms are assigned with an imperfect algorithm            -->
    <mesh_term>Cytarabine</mesh_term>
    <mesh_term>Azacitidine</mesh_term>
    <mesh_term>Venetoclax</mesh_term>
    <mesh_term>Mitoxantrone</mesh_term>
  </intervention_browse>
  <patient_data>
    <sharing_ipd>No</sharing_ipd>
  </patient_data>
  <!-- Results have not yet been posted for this study                                          -->
</clinical_study>

