<?xml version="1.0" encoding="UTF-8"?>
<clinical_study rank="452">
  <!-- This xml conforms to an XML Schema at:
    https://clinicaltrials.gov/ct2/html/images/info/public.xsd -->
  <required_header>
    <download_date>ClinicalTrials.gov processed this data on February 06, 2024</download_date>
    <link_text>Link to the current ClinicalTrials.gov record.</link_text>
    <url>https://clinicaltrials.gov/ct2/show/NCT00850382</url>
  </required_header>
  <id_info>
    <org_study_id>AMLSG 11-08</org_study_id>
    <nct_id>NCT00850382</nct_id>
  </id_info>
  <brief_title>Dasatinib (Sprycel™) in Patients With Newly Diagnosed Core Binding Factor (CBF) Acute Myeloid Leukemia (AML)</brief_title>
  <official_title>Open-Label, Multicenter Phase Ib/IIa Study For the Evaluation of Dasatinib (Sprycel™) Following Induction and Consolida-tion Therapy as Well as in Maintenance Therapy in Patients With Newly Diagnosed Core Binding Factor (CBF) Acute Myeloid Leukemia (AML)</official_title>
  <sponsors>
    <lead_sponsor>
      <agency>University of Ulm</agency>
      <agency_class>Other</agency_class>
    </lead_sponsor>
  </sponsors>
  <source>University of Ulm</source>
  <oversight_info>
    <has_dmc>No</has_dmc>
  </oversight_info>
  <brief_summary>
    <textblock>
      This is a Phase Ib/IIa open-labeled multi-center trial evaluating the feasibility of&#xD;
      dasatinib given after standard induction therapy with daunorubicin (DNR) and cytarabine&#xD;
      (ARA-C), after consolidation therapy with high-dose cytarabine (HDAC), and as single agent in&#xD;
      a one-year maintenance therapy in patients with newly diagnosed CBF AML.&#xD;
&#xD;
      82 patients with newly diagnosed CBF AML will be enrolled at AMLSG study centers.&#xD;
&#xD;
      All AML patients will be assessed for the CBF fusion genes via the central laboratory of the&#xD;
      AMLSG within 48 hours of diagnosis of AML, and only patients with CBF AML will be enrolled&#xD;
      into the study.&#xD;
    </textblock>
  </brief_summary>
  <overall_status>Completed</overall_status>
  <start_date>June 2009</start_date>
  <completion_date type="Actual">November 2015</completion_date>
  <primary_completion_date type="Actual">November 2015</primary_completion_date>
  <phase>Phase 1/Phase 2</phase>
  <study_type>Interventional</study_type>
  <has_expanded_access>No</has_expanded_access>
  <study_design_info>
    <allocation>N/A</allocation>
    <intervention_model>Single Group Assignment</intervention_model>
    <primary_purpose>Treatment</primary_purpose>
    <masking>None (Open Label)</masking>
  </study_design_info>
  <primary_outcome>
    <measure>Feasibility as combined endpoint: Rate of ED/HD Rate of pleural/pericardial effusion grade 3/4 Rate of liver toxicity grade 3/4 that does not improve to &lt;= grade 2 within 14 days after discontinuing responsible medication Rate of refractory disease</measure>
    <time_frame>after 4 weeks</time_frame>
  </primary_outcome>
  <secondary_outcome>
    <measure>Cumulative incidence of relapse (CIR) and death (CID)</measure>
    <time_frame>After follow-up period of two years</time_frame>
  </secondary_outcome>
  <secondary_outcome>
    <measure>Overall survival (os)</measure>
    <time_frame>After follow-up period of two years</time_frame>
  </secondary_outcome>
  <number_of_arms>1</number_of_arms>
  <enrollment type="Actual">89</enrollment>
  <condition>Acute Myeloid Leukemia (AML)</condition>
  <arm_group>
    <arm_group_label>Dasatinib</arm_group_label>
    <arm_group_type>Experimental</arm_group_type>
    <description>Induction cycle(s):&#xD;
Patients will receive in cycle 1 induction therapy with daunorubicin 60 mg/m2/day administered on days 1 through 3 and cytarabine 200 mg/m2/day administered by continuous IV infusion daily for 7 days (days 1 through 7). Patients will receive dasatinib 100 mg QD on days 8-21. Patients not achieving CR or CRi at the end of cycle 1 will be evaluable to receive a second induction cycle identical in schedule and dosage to the first induction cycle.&#xD;
Consolidation Cycles 1, 2, 3, 4:&#xD;
Patients achieving CR or CRi at the end of cycle 1 will receive consolidation therapy for 4 cy-cles. Consolidation therapy consists of high-dose cytarabine 3 g/m2 (&gt;60 years: 1 g/m2) q12h, d 1, 3, 5, administered intravenously over three hours. Patients will receive dasatinib 100 mg QD on days 6-28.&#xD;
Maintenance therapy:&#xD;
Patients completing consolidation therapy will continue to receive single agent dasatinib 100 mg QD for one year (or until relapse).</description>
  </arm_group>
  <intervention>
    <intervention_type>Drug</intervention_type>
    <intervention_name>Dasatinib</intervention_name>
    <description>Induction cycle(s):&#xD;
Dasatinib 100 mg QD on days 8-21.&#xD;
Consolidation Cycles 1, 2, 3, 4:&#xD;
Patients will receive dasatinib 100 mg QD on days 6-28.&#xD;
Maintenance therapy:&#xD;
Patients completing consolidation therapy will continue to receive single agent dasatinib 100 mg QD for one year (or until relapse).</description>
    <arm_group_label>Dasatinib</arm_group_label>
  </intervention>
  <intervention>
    <intervention_type>Drug</intervention_type>
    <intervention_name>daunorubicin</intervention_name>
    <description>Induction cycle(s):&#xD;
Daunorubicin 60 mg/m2/day administered on days 1 through 3</description>
    <arm_group_label>Dasatinib</arm_group_label>
  </intervention>
  <intervention>
    <intervention_type>Drug</intervention_type>
    <intervention_name>Cytarabine</intervention_name>
    <description>Induction cycle(s):&#xD;
Cytarabine 200 mg/m2/day administered by continuous IV infusion daily for 7 days (days 1 through 7).&#xD;
Consolidation cycles 1, 2, 3, 4:&#xD;
Consolidation therapy consists of high-dose cytarabine 3 g/m2 (&gt;60 years: 1 g/m2) q12h, d 1, 3, 5, administered intravenously over three hours.</description>
    <arm_group_label>Dasatinib</arm_group_label>
  </intervention>
  <eligibility>
    <criteria>
      <textblock>
        Inclusion Criteria:&#xD;
&#xD;
          -  Core binding factor (CBF) AML with molecular diagnosis of RUNX1-RUNX1T1 fusion&#xD;
             transcript resulting from t(8;21)(q22;q22) (or a variant form) or of CBFB-MYH11 fusion&#xD;
             transcript resulting from inv(16)(p13.1q22)/t(16;16)(p13.1;q22) as assessed in one of&#xD;
             the central AMLSG reference laboratories.&#xD;
&#xD;
          -  Age ≥ 18; there is no upper age limit.&#xD;
&#xD;
          -  No prior chemotherapy for leukemia except hydroxyurea for up to 5 days during the&#xD;
             diag-nostic screening phase.&#xD;
&#xD;
          -  Non-pregnant and non-nursing. Due to the unknown teratogenic potential of dasatinib in&#xD;
             humans, pregnant or nursing patients may not be enrolled. Women of childbearing&#xD;
             poten-tial (WOCBP) must have a negative serum or urine pregnancy test within a&#xD;
             sensitivity of at least 25 mIU/mL within 72 hours prior to registration. Women of&#xD;
             child-bearing potential must either commit to continued abstinence from heterosexual&#xD;
             intercourse or begin TWO acceptable methods of birth control - one highly effective&#xD;
             method (e.g., IUD, hormonal, tubal ligation, or partner's vasectomy), and one&#xD;
             additional effective method (e.g., latex condom, diaphragm, or cervical cap) - AT THE&#xD;
             SAME TIME, at least four weeks before she begins dasatinib therapy. &quot;Women of&#xD;
             childbearing potential&quot; is defined as a sexually active mature woman who has not&#xD;
             undergone a hysterectomy or who has had menses at any time in the preceding 24&#xD;
             consecutive months.&#xD;
&#xD;
          -  Men must agree not to father a child and must use a latex condom during any sexual&#xD;
             con-tact with women of childbearing potential while taking dasatinib and for 4 weeks&#xD;
             after therapy is stopped, even if they have undergone a successful vasectomy.&#xD;
&#xD;
          -  Signed written informed consent&#xD;
&#xD;
        Exclusion Criteria:&#xD;
&#xD;
          -  Performance status WHO &gt;2&#xD;
&#xD;
          -  Pulmonary edema and/or pleural/pericardial effusion within 14 days of Day 1. If&#xD;
             edema/effusion resolves to CTC Grade ≤ 1, patients can be treated with dasatinib.&#xD;
&#xD;
          -  Patients with ejection fraction &lt; 50% by echocardiography within 14 days of day 1&#xD;
&#xD;
          -  Organ insufficiency (creatinine &gt;1.5x upper normal serum level; bilirubin, AST or AP&#xD;
             &gt;2.5x upper normal serum level; heart failure NYHA III/IV; severe obstructive or&#xD;
             restrictive ventilation disorder)&#xD;
&#xD;
          -  Uncontrolled infection&#xD;
&#xD;
          -  Severe neurological or psychiatric disorder interfering with ability of giving an&#xD;
             informed consent&#xD;
&#xD;
          -  Known positive for HIV&#xD;
&#xD;
          -  Bleeding disorder independent of leukemia&#xD;
&#xD;
          -  No consent for registration, storage and processing of the individual&#xD;
             disease-characteristics and course&#xD;
      </textblock>
    </criteria>
    <gender>All</gender>
    <minimum_age>18 Years</minimum_age>
    <maximum_age>N/A</maximum_age>
    <healthy_volunteers>No</healthy_volunteers>
  </eligibility>
  <overall_official>
    <last_name>Hartmut Doehner, MD</last_name>
    <role>Principal Investigator</role>
    <affiliation>University Hospital of Ulm</affiliation>
  </overall_official>
  <location>
    <facility>
      <name>Universitätsklinikum Innsbruck</name>
      <address>
        <city>Innsbruck</city>
        <zip>6020</zip>
        <country>Austria</country>
      </address>
    </facility>
  </location>
  <location>
    <facility>
      <name>Krankenhaus der Barmherzigen Schwestern</name>
      <address>
        <city>Linz</city>
        <zip>4010</zip>
        <country>Austria</country>
      </address>
    </facility>
  </location>
  <location>
    <facility>
      <name>Elisabethinen Krankenhaus</name>
      <address>
        <city>Linz</city>
        <zip>4020</zip>
        <country>Austria</country>
      </address>
    </facility>
  </location>
  <location>
    <facility>
      <name>Landeskliniken Salzburg</name>
      <address>
        <city>Salzburg</city>
        <zip>5020</zip>
        <country>Austria</country>
      </address>
    </facility>
  </location>
  <location>
    <facility>
      <name>Hanuschkrankenhaus Wien</name>
      <address>
        <city>Wien</city>
        <zip>1140</zip>
        <country>Austria</country>
      </address>
    </facility>
  </location>
  <location>
    <facility>
      <name>Ubbo-Emmius Klinik Aurich</name>
      <address>
        <city>Aurich</city>
        <zip>26603</zip>
        <country>Germany</country>
      </address>
    </facility>
  </location>
  <location>
    <facility>
      <name>Charité Universitätsmedizin Berlin</name>
      <address>
        <city>Berlin</city>
        <zip>13353</zip>
        <country>Germany</country>
      </address>
    </facility>
  </location>
  <location>
    <facility>
      <name>Universitätsklinikum Bonn</name>
      <address>
        <city>Bonn</city>
        <zip>53105</zip>
        <country>Germany</country>
      </address>
    </facility>
  </location>
  <location>
    <facility>
      <name>Städtisches Klinikum Braunschweig</name>
      <address>
        <city>Braunschweig</city>
        <zip>38114</zip>
        <country>Germany</country>
      </address>
    </facility>
  </location>
  <location>
    <facility>
      <name>Klinikum Bremen-Mitte gGmbH</name>
      <address>
        <city>Bremen</city>
        <zip>28177</zip>
        <country>Germany</country>
      </address>
    </facility>
  </location>
  <location>
    <facility>
      <name>Klinikum Darmstadt</name>
      <address>
        <city>Darmstadt</city>
        <zip>64283</zip>
        <country>Germany</country>
      </address>
    </facility>
  </location>
  <location>
    <facility>
      <name>Universitätsklinikum Duesseldorf</name>
      <address>
        <city>Duesseldorf</city>
        <zip>40225</zip>
        <country>Germany</country>
      </address>
    </facility>
  </location>
  <location>
    <facility>
      <name>Kliniken Essen-Sued</name>
      <address>
        <city>Essen</city>
        <zip>45239</zip>
        <country>Germany</country>
      </address>
    </facility>
  </location>
  <location>
    <facility>
      <name>Klinikum Esslingen</name>
      <address>
        <city>Esslingen</city>
        <zip>73730</zip>
        <country>Germany</country>
      </address>
    </facility>
  </location>
  <location>
    <facility>
      <name>Städtische Kliniken Frankfurt Höchst</name>
      <address>
        <city>Frankfurt-Höchst</city>
        <zip>65929</zip>
        <country>Germany</country>
      </address>
    </facility>
  </location>
  <location>
    <facility>
      <name>Medizinische Universitätsklinik</name>
      <address>
        <city>Freiburg</city>
        <zip>79106</zip>
        <country>Germany</country>
      </address>
    </facility>
  </location>
  <location>
    <facility>
      <name>Medizinisches Versorgungszentrum Osthessen GmbH</name>
      <address>
        <city>Fulda</city>
        <zip>36043</zip>
        <country>Germany</country>
      </address>
    </facility>
  </location>
  <location>
    <facility>
      <name>Klinik der Justus Liebig Universität</name>
      <address>
        <city>Gießen</city>
        <zip>35385</zip>
        <country>Germany</country>
      </address>
    </facility>
  </location>
  <location>
    <facility>
      <name>Wilhelm- Anton- Hospital gGmbH</name>
      <address>
        <city>Goch</city>
        <zip>47574</zip>
        <country>Germany</country>
      </address>
    </facility>
  </location>
  <location>
    <facility>
      <name>Universitätsmedizin Göttingen</name>
      <address>
        <city>Göttingen</city>
        <zip>37075</zip>
        <country>Germany</country>
      </address>
    </facility>
  </location>
  <location>
    <facility>
      <name>Universitätsklinikum Hamburg-Eppendorf</name>
      <address>
        <city>Hamburg</city>
        <zip>20246</zip>
        <country>Germany</country>
      </address>
    </facility>
  </location>
  <location>
    <facility>
      <name>Asklepios Klinik Altona</name>
      <address>
        <city>Hamburg</city>
        <zip>22763</zip>
        <country>Germany</country>
      </address>
    </facility>
  </location>
  <location>
    <facility>
      <name>Evangelisches Krankenhaus Hamm</name>
      <address>
        <city>Hamm</city>
        <zip>59063</zip>
        <country>Germany</country>
      </address>
    </facility>
  </location>
  <location>
    <facility>
      <name>Klinikum Hanau gGmbH</name>
      <address>
        <city>Hanau</city>
        <zip>63450</zip>
        <country>Germany</country>
      </address>
    </facility>
  </location>
  <location>
    <facility>
      <name>Klinikum Hannover Siloah</name>
      <address>
        <city>Hannover</city>
        <zip>30449</zip>
        <country>Germany</country>
      </address>
    </facility>
  </location>
  <location>
    <facility>
      <name>Medizinische Hochschule Hannover</name>
      <address>
        <city>Hannover</city>
        <zip>30625</zip>
        <country>Germany</country>
      </address>
    </facility>
  </location>
  <location>
    <facility>
      <name>SLK-Kliniken Heilbronn GmbH</name>
      <address>
        <city>Heilbronn</city>
        <zip>74078</zip>
        <country>Germany</country>
      </address>
    </facility>
  </location>
  <location>
    <facility>
      <name>Universitätsklinikum des Saarlandes</name>
      <address>
        <city>Homburg Saar</city>
        <zip>66424</zip>
        <country>Germany</country>
      </address>
    </facility>
  </location>
  <location>
    <facility>
      <name>Staedtisches Klinikum Karlsruhe</name>
      <address>
        <city>Karlsruhe</city>
        <zip>76133</zip>
        <country>Germany</country>
      </address>
    </facility>
  </location>
  <location>
    <facility>
      <name>Staedtisches Krankenhaus Kiel GmbH</name>
      <address>
        <city>Kiel</city>
        <zip>24116</zip>
        <country>Germany</country>
      </address>
    </facility>
  </location>
  <location>
    <facility>
      <name>Caritas Krankenhaus Lebach</name>
      <address>
        <city>Lebach</city>
        <zip>66822</zip>
        <country>Germany</country>
      </address>
    </facility>
  </location>
  <location>
    <facility>
      <name>Klinikum Lippe-Lemgo</name>
      <address>
        <city>Lemgo</city>
        <zip>32657</zip>
        <country>Germany</country>
      </address>
    </facility>
  </location>
  <location>
    <facility>
      <name>Klinikum Luedenscheid</name>
      <address>
        <city>Luedenscheid</city>
        <zip>58515</zip>
        <country>Germany</country>
      </address>
    </facility>
  </location>
  <location>
    <facility>
      <name>Univ-Klinikum der Otto- von Guericke- Universität</name>
      <address>
        <city>Magdeburg</city>
        <zip>39120</zip>
        <country>Germany</country>
      </address>
    </facility>
  </location>
  <location>
    <facility>
      <name>Universitätsklinikum der Johannes Gutenberguniversität Mainz</name>
      <address>
        <city>Mainz</city>
        <zip>55131</zip>
        <country>Germany</country>
      </address>
    </facility>
  </location>
  <location>
    <facility>
      <name>Johannes Wesling Klinikum</name>
      <address>
        <city>Minden</city>
        <zip>32429</zip>
        <country>Germany</country>
      </address>
    </facility>
  </location>
  <location>
    <facility>
      <name>Klinikum rechts der Isar der TU Muenchen</name>
      <address>
        <city>Muenchen</city>
        <zip>81675</zip>
        <country>Germany</country>
      </address>
    </facility>
  </location>
  <location>
    <facility>
      <name>Klinikum Oldenburg</name>
      <address>
        <city>Oldenburg</city>
        <zip>26133</zip>
        <country>Germany</country>
      </address>
    </facility>
  </location>
  <location>
    <facility>
      <name>Klinikum Passau</name>
      <address>
        <city>Passau</city>
        <zip>94032</zip>
        <country>Germany</country>
      </address>
    </facility>
  </location>
  <location>
    <facility>
      <name>Elisabeth Krankenhaus</name>
      <address>
        <city>Recklinghausen</city>
        <zip>45661</zip>
        <country>Germany</country>
      </address>
    </facility>
  </location>
  <location>
    <facility>
      <name>Krankenhaus der Barmherzigen Brueder</name>
      <address>
        <city>Regensburg</city>
        <zip>93049</zip>
        <country>Germany</country>
      </address>
    </facility>
  </location>
  <location>
    <facility>
      <name>Caritas-Klinik St. Theresia</name>
      <address>
        <city>Saarbrücken</city>
        <zip>66113</zip>
        <country>Germany</country>
      </address>
    </facility>
  </location>
  <location>
    <facility>
      <name>Klinikum Sindelfingen-Böblingen</name>
      <address>
        <city>Sindelfingen</city>
        <zip>71065</zip>
        <country>Germany</country>
      </address>
    </facility>
  </location>
  <location>
    <facility>
      <name>Klinikum Stuttgart</name>
      <address>
        <city>Stuttgart</city>
        <zip>70174</zip>
        <country>Germany</country>
      </address>
    </facility>
  </location>
  <location>
    <facility>
      <name>Diakonie-Klinikum Stuttgart</name>
      <address>
        <city>Stuttgart</city>
        <zip>70176</zip>
        <country>Germany</country>
      </address>
    </facility>
  </location>
  <location>
    <facility>
      <name>Krankenhaus der Barmherzigen Brüder Trier</name>
      <address>
        <city>Trier</city>
        <zip>54292</zip>
        <country>Germany</country>
      </address>
    </facility>
  </location>
  <location>
    <facility>
      <name>Medizinische Universitätsklinik Tuebingen</name>
      <address>
        <city>Tuebingen</city>
        <zip>72076</zip>
        <country>Germany</country>
      </address>
    </facility>
  </location>
  <location>
    <facility>
      <name>Universitätsklinik Ulm</name>
      <address>
        <city>Ulm</city>
        <zip>89081</zip>
        <country>Germany</country>
      </address>
    </facility>
  </location>
  <location>
    <facility>
      <name>Schwarzwald-Baar Klinikum</name>
      <address>
        <city>Villingen-Schwenningen</city>
        <zip>78050</zip>
        <country>Germany</country>
      </address>
    </facility>
  </location>
  <location>
    <facility>
      <name>Helios Klinikum Wuppertal</name>
      <address>
        <city>Wuppertal</city>
        <zip>42283</zip>
        <country>Germany</country>
      </address>
    </facility>
  </location>
  <location_countries>
    <country>Austria</country>
    <country>Germany</country>
  </location_countries>
  <verification_date>February 2016</verification_date>
  <study_first_submitted>February 23, 2009</study_first_submitted>
  <study_first_submitted_qc>February 24, 2009</study_first_submitted_qc>
  <study_first_posted type="Estimate">February 25, 2009</study_first_posted>
  <last_update_submitted>February 29, 2016</last_update_submitted>
  <last_update_submitted_qc>February 29, 2016</last_update_submitted_qc>
  <last_update_posted type="Estimate">March 1, 2016</last_update_posted>
  <responsible_party>
    <responsible_party_type>Principal Investigator</responsible_party_type>
    <investigator_affiliation>University of Ulm</investigator_affiliation>
    <investigator_full_name>Prof. Dr. Hartmut Doehner</investigator_full_name>
    <investigator_title>Prof. Dr.</investigator_title>
  </responsible_party>
  <keyword>CBF AML</keyword>
  <keyword>Dasatinib</keyword>
  <keyword>Core Binding Factor (CBF)</keyword>
  <condition_browse>
    <!-- CAUTION:  The following MeSH terms are assigned with an imperfect algorithm            -->
    <mesh_term>Leukemia</mesh_term>
    <mesh_term>Leukemia, Myeloid</mesh_term>
    <mesh_term>Leukemia, Myeloid, Acute</mesh_term>
  </condition_browse>
  <intervention_browse>
    <!-- CAUTION:  The following MeSH terms are assigned with an imperfect algorithm            -->
    <mesh_term>Cytarabine</mesh_term>
    <mesh_term>Daunorubicin</mesh_term>
    <mesh_term>Dasatinib</mesh_term>
  </intervention_browse>
  <!-- Results have not yet been posted for this study                                          -->
</clinical_study>

