<?xml version="1.0" encoding="UTF-8"?>
<clinical_study rank="368">
  <!-- This xml conforms to an XML Schema at:
    https://clinicaltrials.gov/ct2/html/images/info/public.xsd -->
  <required_header>
    <download_date>ClinicalTrials.gov processed this data on February 06, 2024</download_date>
    <link_text>Link to the current ClinicalTrials.gov record.</link_text>
    <url>https://clinicaltrials.gov/ct2/show/NCT00316030</url>
  </required_header>
  <id_info>
    <org_study_id>UPCC 12403</org_study_id>
    <secondary_id>708935</secondary_id>
    <nct_id>NCT00316030</nct_id>
  </id_info>
  <brief_title>Study of Bexarotene in Patients With Acute Myeloid Leukemia</brief_title>
  <official_title>A Phase I Study of Bexarotene in Patients With Acute Myeloid Leukemia</official_title>
  <sponsors>
    <lead_sponsor>
      <agency>Abramson Cancer Center at Penn Medicine</agency>
      <agency_class>Other</agency_class>
    </lead_sponsor>
  </sponsors>
  <source>Abramson Cancer Center at Penn Medicine</source>
  <brief_summary>
    <textblock>
      Bexarotene may be useful in the treatment of Acute Myeloid Leukemia (AML). This is the first&#xD;
      study on the use of bexarotene to treat patients with AML. The main purpose of this study is&#xD;
      to establish the proper dose of bexarotene when used to treat AML. The side effect profile of&#xD;
      bexarotene in patients with AML will also be explored.&#xD;
    </textblock>
  </brief_summary>
  <detailed_description>
    <textblock>
      Despite recent advances in cancer treatment, the prognosis is still poor for patients with&#xD;
      relapsed or chemotherapy resistant AML. Further aggressive chemotherapy can be attempted, but&#xD;
      generally yields poor results. This clinical study is the first use of bexarotene in the&#xD;
      treatment of patient with relapsed or chemotherapy resistant AML. The main purpose of the&#xD;
      study is to identify the maximum safe dose of bexarotene in patient with AML. Another&#xD;
      objective of the study is to explore the side effect profile of bexarotene in AML patients.&#xD;
      The study is organized so that the initial patients will get a low dose of bexarotene to be&#xD;
      taken daily. If these patients tolerate the drug, then later patients will get higher daily&#xD;
      doses. Further groups of patients will continue to increase their dose of bexarotene until a&#xD;
      maximum tolerated dose is identified. The stu dy will end at that point. Patients will take&#xD;
      the drug daily by mouth until such a time that their AML is worsening or they are&#xD;
      experiencing unacceptable side effects. Their participating will end at that point.&#xD;
    </textblock>
  </detailed_description>
  <overall_status>Completed</overall_status>
  <start_date>January 2004</start_date>
  <phase>Phase 1</phase>
  <study_type>Interventional</study_type>
  <has_expanded_access>No</has_expanded_access>
  <study_design_info>
    <allocation>Non-Randomized</allocation>
    <intervention_model>Single Group Assignment</intervention_model>
    <primary_purpose>Treatment</primary_purpose>
    <masking>None (Open Label)</masking>
  </study_design_info>
  <primary_outcome>
    <measure>To identify the maximum tolerated daily dose of bexarotene in patients with Acute Myeloid Leukemia</measure>
  </primary_outcome>
  <primary_outcome>
    <measure>To assess the toxicities of bexarotene in patients with AML</measure>
  </primary_outcome>
  <enrollment>54</enrollment>
  <condition>AML</condition>
  <condition>Acute Myeloid Leukemia</condition>
  <intervention>
    <intervention_type>Drug</intervention_type>
    <intervention_name>Bexarotene</intervention_name>
  </intervention>
  <eligibility>
    <criteria>
      <textblock>
        Inclusion Criteria:&#xD;
&#xD;
          -  Age &gt;18 years.&#xD;
&#xD;
          -  Must have a histologically confirmed diagnosis of non-M3 AML as proven by bone marrow&#xD;
             biopsy. Patients with CML in myeloid blast crisis are eligible.&#xD;
&#xD;
          -  Willing and able to give informed consent.&#xD;
&#xD;
          -  Must have received prior induction therapy with conventional chemotherapy and/or&#xD;
             Mylotarg or otherwise not be eligible for conventional chemotherapy&#xD;
&#xD;
          -  ECOG performance status of 0-2&#xD;
&#xD;
          -  Must have recovered from the toxicities of prior chemotherapy.&#xD;
&#xD;
          -  Women of childbearing potential must use effective contraception after enrollment in&#xD;
             this study and have a negative pregnancy test within 1 week of study enrollment. They&#xD;
             must continue to use effective contraception for 3 months after stopping bexarotene.&#xD;
&#xD;
          -  Men must agree to use effective methods of contraception while taking bexarotene and&#xD;
             for 3 months after stopping therapy.&#xD;
&#xD;
        Exclusion Criteria:&#xD;
&#xD;
          -  History of pancreatitis.&#xD;
&#xD;
          -  Active alcohol abuse&#xD;
&#xD;
          -  Taken bexarotene in the past.&#xD;
&#xD;
          -  WBC &gt;10,000/uL at the time of enrollment. Patients may be taking hydrea for WBC&#xD;
             control at the time of enrollment.&#xD;
&#xD;
          -  Cytotoxic chemotherapy or Mylotarg within the past 7 days other than hydrea.&#xD;
&#xD;
          -  Significant organ dysfunction: total bilirubin&gt;3x ULN, AST or ALT&gt;3x ULN,&#xD;
             creatinine&gt;4mg/dL, on blood pressure supporting medications or mechanical ventilation.&#xD;
&#xD;
          -  Serious medical or psychiatric conditions that may compromise the safety of the&#xD;
             patient while participating in this study.&#xD;
&#xD;
          -  Women of childbearing potential who are pregnant or actively breast feeding.&#xD;
&#xD;
          -  Active participant in any other investigational treatment study for their AML.&#xD;
&#xD;
          -  Unable/unwilling to perform required follow-up.&#xD;
&#xD;
          -  Life expectancy of less than 1 month.&#xD;
&#xD;
          -  Use of blood growth factors (G-CSF, GM-CSF, Aranesp, erythropoietin, or Neumega)&#xD;
             within 1 week prior to treatment initiation.&#xD;
&#xD;
          -  Uncontrolled hyperlipidemia (triglycerides&gt;1000 while on treatment with triglyceride&#xD;
             lowering medications).&#xD;
&#xD;
          -  History of myeloablative allogeneic stem cell transplant.&#xD;
&#xD;
          -  Known history of HIV.&#xD;
&#xD;
          -  Uncontrolled active infection&#xD;
&#xD;
          -  Known active CNS involvement with AML&#xD;
      </textblock>
    </criteria>
    <gender>All</gender>
    <minimum_age>18 Years</minimum_age>
    <maximum_age>N/A</maximum_age>
    <healthy_volunteers>No</healthy_volunteers>
  </eligibility>
  <overall_official>
    <last_name>Donald E Tsai, M.D., Ph.D.</last_name>
    <role>Principal Investigator</role>
    <affiliation>University of Pennsylvania</affiliation>
  </overall_official>
  <location>
    <facility>
      <name>Abramson Cancer Center of University of Pennsylvania</name>
      <address>
        <city>Philadelphia</city>
        <state>Pennsylvania</state>
        <zip>19104</zip>
        <country>United States</country>
      </address>
    </facility>
  </location>
  <location_countries>
    <country>United States</country>
  </location_countries>
  <reference>
    <citation>Boehm MF, Zhang L, Badea BA, White SK, Mais DE, Berger E, Suto CM, Goldman ME, Heyman RA. Synthesis and structure-activity relationships of novel retinoid X receptor-selective retinoids. J Med Chem. 1994 Sep 2;37(18):2930-41. doi: 10.1021/jm00044a014.</citation>
    <PMID>8071941</PMID>
  </reference>
  <reference>
    <citation>Boehm MF, Zhang L, Zhi L, McClurg MR, Berger E, Wagoner M, Mais DE, Suto CM, Davies JA, Heyman RA, et al. Design and synthesis of potent retinoid X receptor selective ligands that induce apoptosis in leukemia cells. J Med Chem. 1995 Aug 4;38(16):3146-55. doi: 10.1021/jm00016a018.</citation>
    <PMID>7636877</PMID>
  </reference>
  <reference>
    <citation>Kizaki M, Dawson MI, Heyman R, Elster E, Morosetti R, Pakkala S, Chen DL, Ueno H, Chao W, Morikawa M, Ikeda Y, Heber D, Pfahl M, Koeffler HP. Effects of novel retinoid X receptor-selective ligands on myeloid leukemia differentiation and proliferation in vitro. Blood. 1996 Mar 1;87(5):1977-84.</citation>
    <PMID>8634447</PMID>
  </reference>
  <reference>
    <citation>Asou H, Koike M, Elstner E, Cambell M, Le J, Uskokovic MR, Kamada N, Koeffler HP. 19-nor vitamin-D analogs: a new class of potent inhibitors of proliferation and inducers of differentiation of human myeloid leukemia cell lines. Blood. 1998 Oct 1;92(7):2441-9.</citation>
    <PMID>9746784</PMID>
  </reference>
  <reference>
    <citation>Esteva FJ, Glaspy J, Baidas S, Laufman L, Hutchins L, Dickler M, Tripathy D, Cohen R, DeMichele A, Yocum RC, Osborne CK, Hayes DF, Hortobagyi GN, Winer E, Demetri GD. Multicenter phase II study of oral bexarotene for patients with metastatic breast cancer. J Clin Oncol. 2003 Mar 15;21(6):999-1006. doi: 10.1200/JCO.2003.05.068.</citation>
    <PMID>12637463</PMID>
  </reference>
  <reference>
    <citation>Rizvi N, Hawkins MJ, Eisenberg PD, Yocum RC, Reich SD; Ligand L1069-20 Working Group. Placebo-controlled trial of bexarotene, a retinoid x receptor agonist, as maintenance therapy for patients treated with chemotherapy for advanced non-small-cell lung cancer. Clin Lung Cancer. 2001 Feb;2(3):210-5. doi: 10.3816/clc.2001.n.005.</citation>
    <PMID>14700480</PMID>
  </reference>
  <reference>
    <citation>Duvic M, Hymes K, Heald P, Breneman D, Martin AG, Myskowski P, Crowley C, Yocum RC; Bexarotene Worldwide Study Group. Bexarotene is effective and safe for treatment of refractory advanced-stage cutaneous T-cell lymphoma: multinational phase II-III trial results. J Clin Oncol. 2001 May 1;19(9):2456-71. doi: 10.1200/JCO.2001.19.9.2456.</citation>
    <PMID>11331325</PMID>
  </reference>
  <reference>
    <citation>Rizvi NA, Marshall JL, Dahut W, Ness E, Truglia JA, Loewen G, Gill GM, Ulm EH, Geiser R, Jaunakais D, Hawkins MJ. A Phase I study of LGD1069 in adults with advanced cancer. Clin Cancer Res. 1999 Jul;5(7):1658-64.</citation>
    <PMID>10430065</PMID>
  </reference>
  <verification_date>March 2008</verification_date>
  <study_first_submitted>April 17, 2006</study_first_submitted>
  <study_first_submitted_qc>April 17, 2006</study_first_submitted_qc>
  <study_first_posted type="Estimate">April 19, 2006</study_first_posted>
  <last_update_submitted>June 7, 2016</last_update_submitted>
  <last_update_submitted_qc>June 7, 2016</last_update_submitted_qc>
  <last_update_posted type="Estimate">June 8, 2016</last_update_posted>
  <responsible_party>
    <name_title>Donald Tsai, M.D.</name_title>
    <organization>University of Pennsylvania</organization>
  </responsible_party>
  <keyword>AML</keyword>
  <keyword>Acute Myeloid Leukemia</keyword>
  <keyword>Bexarotene</keyword>
  <keyword>Leukemia</keyword>
  <condition_browse>
    <!-- CAUTION:  The following MeSH terms are assigned with an imperfect algorithm            -->
    <mesh_term>Leukemia</mesh_term>
    <mesh_term>Leukemia, Myeloid</mesh_term>
    <mesh_term>Leukemia, Myeloid, Acute</mesh_term>
  </condition_browse>
  <intervention_browse>
    <!-- CAUTION:  The following MeSH terms are assigned with an imperfect algorithm            -->
    <mesh_term>Bexarotene</mesh_term>
  </intervention_browse>
  <!-- Results have not yet been posted for this study                                          -->
</clinical_study>

