<?xml version="1.0" encoding="UTF-8"?>
<clinical_study rank="403">
  <!-- This xml conforms to an XML Schema at:
    https://clinicaltrials.gov/ct2/html/images/info/public.xsd -->
  <required_header>
    <download_date>ClinicalTrials.gov processed this data on February 06, 2024</download_date>
    <link_text>Link to the current ClinicalTrials.gov record.</link_text>
    <url>https://clinicaltrials.gov/ct2/show/NCT03310918</url>
  </required_header>
  <id_info>
    <org_study_id>17-327</org_study_id>
    <secondary_id>ECOR grant 230593</secondary_id>
    <nct_id>NCT03310918</nct_id>
  </id_info>
  <brief_title>A Collaborative Palliative and Leukemia Care Model for Patients With AML Receiving Non-Intensive Therapy</brief_title>
  <official_title>Randomized Trial of a Collaborative Palliative and Leukemia Care Model for Patients With Acute Myeloid Leukemia Receiving Non-Intensive Therapy</official_title>
  <sponsors>
    <lead_sponsor>
      <agency>Massachusetts General Hospital</agency>
      <agency_class>Other</agency_class>
    </lead_sponsor>
  </sponsors>
  <source>Massachusetts General Hospital</source>
  <oversight_info>
    <has_dmc>No</has_dmc>
    <is_fda_regulated_drug>No</is_fda_regulated_drug>
    <is_fda_regulated_device>No</is_fda_regulated_device>
  </oversight_info>
  <brief_summary>
    <textblock>
      This research study is evaluating the impact a collaborative palliative care and oncology&#xD;
      team will have on end-of-life outcomes, quality of end-of-life care, and the quality of life,&#xD;
      symptoms, and mood of patients with acute myeloid leukemia (AML) receiving non-intensive&#xD;
      therapy&#xD;
    </textblock>
  </brief_summary>
  <detailed_description>
    <textblock>
      Frequently people undergoing leukemia treatment experience physical and emotional symptoms&#xD;
      during the course of their illness. These can be very distressing to both patients and their&#xD;
      caregivers. Patients with acute leukemia receiving non-intensive therapy also often&#xD;
      experience a rapid decline in their health status and have a limited prognosis. Despite their&#xD;
      limited life-expectancy, they rarely engage in discussion with their clinicians regarding&#xD;
      their goals and preferences for care at the end of life. The study doctors want to know if&#xD;
      the early introduction of a team of clinicians that specialize in the lessening (palliation)&#xD;
      of many of these distressing symptoms and have expertise in enhancing communication about&#xD;
      prognosis and illness trajectory may improve the overall care of patients with acute&#xD;
      leukemia.&#xD;
&#xD;
      This team of clinicians is called the palliative care team and they focus on ways to improve&#xD;
      the participant's pain and other symptom management (nausea, fatigue, shortness of breath,&#xD;
      anxiety, etc.) and to assist the participant and the participant's caregivers in coping with&#xD;
      the emotional and social issues associated with their diagnosis. The team consists of&#xD;
      physicians and advance practice nurses who have been specially trained in the care of&#xD;
      patients facing serious illness.&#xD;
&#xD;
      The main purpose of this study is to compare two types of care - standard leukemia oncology&#xD;
      care and standard leukemia oncology care with collaborative involvement of palliative care&#xD;
      clinicians to see which is better for improving the experience of patients with acute myeloid&#xD;
      leukemia (AML) undergoing treatment.&#xD;
&#xD;
      The purpose of this research study is to find out whether introducing patients undergoing&#xD;
      treatment for acute myeloid leukemia to the palliative care team can improve their&#xD;
      end-of-life communication, understanding of their prognosis, and their physical and&#xD;
      psychological symptoms during the course of their illness.&#xD;
    </textblock>
  </detailed_description>
  <overall_status>Recruiting</overall_status>
  <start_date type="Actual">October 31, 2017</start_date>
  <completion_date type="Anticipated">April 1, 2024</completion_date>
  <primary_completion_date type="Actual">April 1, 2023</primary_completion_date>
  <phase>N/A</phase>
  <study_type>Interventional</study_type>
  <has_expanded_access>No</has_expanded_access>
  <study_design_info>
    <allocation>Randomized</allocation>
    <intervention_model>Parallel Assignment</intervention_model>
    <primary_purpose>Supportive Care</primary_purpose>
    <masking>None (Open Label)</masking>
  </study_design_info>
  <primary_outcome>
    <measure>Time from documentation of end-of-life care preferences to death</measure>
    <time_frame>2 years</time_frame>
    <description>comparison of time from documentation of end-of-life care preferences to death in the electronic health records</description>
  </primary_outcome>
  <secondary_outcome>
    <measure>Rates of documentation of end-of-life care preferences at least one week prior to death.</measure>
    <time_frame>2 years</time_frame>
    <description>Comparison of the rate of documentation of end-of-life care preferences at least one week prior to death in the electronic health record</description>
  </secondary_outcome>
  <secondary_outcome>
    <measure>Patient-report of discussing end-of-life care preferences based on an item from the perception of treatment and prognosis questionnaire</measure>
    <time_frame>2 years</time_frame>
    <description>comparison of patient-report of discussion end-of-life care preferences between the study arms</description>
  </secondary_outcome>
  <secondary_outcome>
    <measure>Compare Rate of hospitalization between the study arms</measure>
    <time_frame>up to 30 days</time_frame>
    <description>Compare rates of hospitalizations within 3, 7, 14, and 30 days of death between the study arms</description>
  </secondary_outcome>
  <secondary_outcome>
    <measure>Rate of hospice utilization and length-of-stay in hospice</measure>
    <time_frame>2 years</time_frame>
    <description>Compare rates of hospice utilization and length-of-stay in hospice at the end of life between the study arms</description>
  </secondary_outcome>
  <secondary_outcome>
    <measure>compare changes in quality of life</measure>
    <time_frame>up to one year</time_frame>
    <description>Compare change in quality of life (FACT-Leuk) from baseline to week-2, week-4, and longitudinally between the study arms</description>
  </secondary_outcome>
  <secondary_outcome>
    <measure>Compare quality of end-of-life care between the two study arms</measure>
    <time_frame>2 years</time_frame>
    <description>compare quality of end-of-life care (FAMCARE) as reported by caregivers between the two study arms</description>
  </secondary_outcome>
  <secondary_outcome>
    <measure>compare changes in symptom burden</measure>
    <time_frame>up to 2 years</time_frame>
    <description>Compare change in symptom burden (ESAS) from baseline to week-2, week-4, and longitudinally between the study arms</description>
  </secondary_outcome>
  <secondary_outcome>
    <measure>compare changes in mood</measure>
    <time_frame>up to 2 years</time_frame>
    <description>Compare change in mood (HADS) from baseline to week-2, week-4, and longitudinally between the study arms</description>
  </secondary_outcome>
  <other_outcome>
    <measure>Rate of chemotherapy administration</measure>
    <time_frame>up to 30 days prior to death</time_frame>
    <description>compare rate of chemotherapy administration within 3, 7, 14, and 30 days of death between the two study arms</description>
  </other_outcome>
  <other_outcome>
    <measure>Rates of death in the hospital</measure>
    <time_frame>2 years</time_frame>
    <description>compare rates of death in the hospital between the two study arms</description>
  </other_outcome>
  <other_outcome>
    <measure>caregiver-reported discussion of end-of-life care preferences as measured by the perception of treatment and prognosis questionnaire</measure>
    <time_frame>one month</time_frame>
    <description>compare caregiver-reported discussion of end-of-life care preferences between the study arms at one month</description>
  </other_outcome>
  <number_of_arms>2</number_of_arms>
  <enrollment type="Anticipated">320</enrollment>
  <condition>Acute Myeloid Leukemia</condition>
  <arm_group>
    <arm_group_label>Collaborative palliative and oncology care</arm_group_label>
    <arm_group_type>Experimental</arm_group_type>
    <description>1st palliative care visit within 96 hours of randomization in the outpatient or hospital&#xD;
In outpatient setting: At least once weekly for the first 30 days and then at least twice per month thereafter palliative care clinic visits or contact via telephone&#xD;
During hospital admissions to MGH: At least twice weekly palliative care visits</description>
  </arm_group>
  <arm_group>
    <arm_group_label>Standard leukemia care</arm_group_label>
    <arm_group_type>Active Comparator</arm_group_type>
    <description>Palliative care consults only upon request&#xD;
Standard Leukemia care</description>
  </arm_group>
  <intervention>
    <intervention_type>Other</intervention_type>
    <intervention_name>Palliative Care</intervention_name>
    <description>Specialized medical care for people with serious illness. This type of care is focused on providing relief from the symptoms and stress of a serious illness. The goal is to improve quality of life for both the patient and the family</description>
    <arm_group_label>Collaborative palliative and oncology care</arm_group_label>
  </intervention>
  <intervention>
    <intervention_type>Other</intervention_type>
    <intervention_name>Standard Leukemia care</intervention_name>
    <description>Standard care per the hospital guideline</description>
    <arm_group_label>Collaborative palliative and oncology care</arm_group_label>
    <arm_group_label>Standard leukemia care</arm_group_label>
  </intervention>
  <eligibility>
    <criteria>
      <textblock>
        Inclusion Criteria:&#xD;
&#xD;
          -  Patients with AML receiving non-intensive therapy including hypomethylating agents,&#xD;
             single-agent chemotherapy, targeted therapy agents, or single or combination&#xD;
             non-intensive agents offered on a clinical trial, including the following populations:&#xD;
&#xD;
               -  Newly diagnosed AML&#xD;
&#xD;
               -  Relapsed AML&#xD;
&#xD;
               -  Primary refractory AML&#xD;
&#xD;
          -  The ability to provide informed consent&#xD;
&#xD;
          -  The ability to comprehend English or complete questionnaires with minimal assistance&#xD;
             of an interpreter&#xD;
&#xD;
        Exclusion Criteria:&#xD;
&#xD;
          -  Patients not receiving care at MGH&#xD;
&#xD;
          -  Patients receiving intensive chemotherapy (requiring 4-6 week hospitalization)&#xD;
&#xD;
          -  Patients receiving supportive care alone&#xD;
&#xD;
          -  Major psychiatric illness or co-morbid conditions prohibiting compliance with study&#xD;
             procedures&#xD;
&#xD;
          -  Patients already receiving palliative care&#xD;
      </textblock>
    </criteria>
    <gender>All</gender>
    <minimum_age>18 Years</minimum_age>
    <maximum_age>N/A</maximum_age>
    <healthy_volunteers>No</healthy_volunteers>
  </eligibility>
  <overall_official>
    <last_name>Areej El-Jawahri, MD</last_name>
    <role>Principal Investigator</role>
    <affiliation>Massachusetts General Hospital</affiliation>
  </overall_official>
  <overall_contact>
    <last_name>Areej El-Jawahri, MD</last_name>
    <phone>617-726-5765</phone>
    <email>ael-jawahri@partners.org</email>
  </overall_contact>
  <location>
    <facility>
      <name>Massachusetts General Hospital</name>
      <address>
        <city>Boston</city>
        <state>Massachusetts</state>
        <zip>02114</zip>
        <country>United States</country>
      </address>
    </facility>
    <status>Recruiting</status>
    <contact>
      <last_name>Areej El-Jawahri, MD</last_name>
      <phone>617-726-5765</phone>
      <email>ael-jawahri@partners.org</email>
    </contact>
    <investigator>
      <last_name>Areej El-Jawahri, MD</last_name>
      <role>Principal Investigator</role>
    </investigator>
  </location>
  <location>
    <facility>
      <name>Ohio State University</name>
      <address>
        <city>Columbus</city>
        <state>Ohio</state>
        <zip>43210</zip>
        <country>United States</country>
      </address>
    </facility>
    <status>Recruiting</status>
    <contact>
      <last_name>Bhavana Bhatanagar, MD</last_name>
    </contact>
  </location>
  <location_countries>
    <country>United States</country>
  </location_countries>
  <verification_date>January 2024</verification_date>
  <study_first_submitted>October 2, 2017</study_first_submitted>
  <study_first_submitted_qc>October 10, 2017</study_first_submitted_qc>
  <study_first_posted type="Actual">October 16, 2017</study_first_posted>
  <last_update_submitted>January 1, 2024</last_update_submitted>
  <last_update_submitted_qc>January 1, 2024</last_update_submitted_qc>
  <last_update_posted type="Actual">January 3, 2024</last_update_posted>
  <responsible_party>
    <responsible_party_type>Principal Investigator</responsible_party_type>
    <investigator_affiliation>Massachusetts General Hospital</investigator_affiliation>
    <investigator_full_name>El-Jawahri, Areej,M.D.</investigator_full_name>
    <investigator_title>Principal Investigator</investigator_title>
  </responsible_party>
  <keyword>AML</keyword>
  <condition_browse>
    <!-- CAUTION:  The following MeSH terms are assigned with an imperfect algorithm            -->
    <mesh_term>Leukemia</mesh_term>
    <mesh_term>Leukemia, Myeloid</mesh_term>
    <mesh_term>Leukemia, Myeloid, Acute</mesh_term>
  </condition_browse>
  <patient_data>
    <sharing_ipd>No</sharing_ipd>
  </patient_data>
  <!-- Results have not yet been posted for this study                                          -->
</clinical_study>

