<?xml version="1.0" encoding="UTF-8"?>
<clinical_study rank="241">
  <!-- This xml conforms to an XML Schema at:
    https://clinicaltrials.gov/ct2/html/images/info/public.xsd -->
  <required_header>
    <download_date>ClinicalTrials.gov processed this data on February 06, 2024</download_date>
    <link_text>Link to the current ClinicalTrials.gov record.</link_text>
    <url>https://clinicaltrials.gov/ct2/show/NCT04920188</url>
  </required_header>
  <id_info>
    <org_study_id>LCCC 2103</org_study_id>
    <nct_id>NCT04920188</nct_id>
  </id_info>
  <brief_title>Development and Application of a Novel Digital Array PCR for Acute Myeloid Leukemia (AML)</brief_title>
  <official_title>LCCC 2103: Development and Application of a Novel Digital Array PCR Assay for Evaluation of Minimal Residual Disease in Acute Myeloid Leukemia (AML)</official_title>
  <sponsors>
    <lead_sponsor>
      <agency>UNC Lineberger Comprehensive Cancer Center</agency>
      <agency_class>Other</agency_class>
    </lead_sponsor>
  </sponsors>
  <source>UNC Lineberger Comprehensive Cancer Center</source>
  <oversight_info>
    <has_dmc>Yes</has_dmc>
    <is_fda_regulated_drug>No</is_fda_regulated_drug>
    <is_fda_regulated_device>No</is_fda_regulated_device>
  </oversight_info>
  <brief_summary>
    <textblock>
      Purpose: The purpose of this trial is to investigate whether a digital array assay can detect&#xD;
      trace amounts of residual leukemia and predict relapse in acute myeloid leukemia (AML)&#xD;
      patients in remission who have undergone allogeneic stem cell transplantation (SCT) at the&#xD;
      North Carolina Cancer Hospital (NCCH).&#xD;
&#xD;
      Participants: Adult patients (18 years of age or older) with diagnosed AML who are going to&#xD;
      undergo stem cell transplant (SCT).&#xD;
&#xD;
      Procedures (methods): A total of 10 eligible subjects will be treated per standard of care&#xD;
      with SCT. Peripheral blood and bone marrow aspirate (10 mL each) for digital array assay&#xD;
      analysis will be collected along with routine lab draws and bone marrow biopsy procedures&#xD;
      prior to SCT. Beginning 1 month after SCT peripheral blood (10 ml) will be collected to&#xD;
      assess MRD by digital array assay analysis on a monthly basis for up to 6 months. In&#xD;
      addition, bone marrow aspirate will be collected at approximately Month 3 and 6 following SCT&#xD;
      for assay analysis. Patient medical records will be reviewed 6 and 12 months after completing&#xD;
      their last MRD follow up assessment to confirm survival status, remission status, and gather&#xD;
      information related to relapse.&#xD;
    </textblock>
  </brief_summary>
  <detailed_description>
    <textblock>
      Minimal residual disease (MRD) refers to the presence of cancer cells that are present after&#xD;
      therapy and not otherwise detectable by clinical findings, including standard clinical assays&#xD;
      and radiographic imaging. Detection of MRD before it becomes clinically detectable provides&#xD;
      an opportunity to intervene and optimize treatment, with the possibility of curing more&#xD;
      patients. For the above reasons, detection of MRD through evaluation of blood-based&#xD;
      biomarkers represents a promising area to improve clinical outcomes in patients with a&#xD;
      variety of solid and liquid tumors. In liquid tumors such as acute lymphoblastic leukemia&#xD;
      (ALL), MRD assessment is already part of routine clinical practice. MRD is strongly&#xD;
      correlated with risk for relapse in ALL, and MRD assessment during and after induction&#xD;
      therapy is one of the most informative prognostic markers available. For these reasons the&#xD;
      National Comprehensive Cancer Network (NCCN) Guidelines Version 2.2020, indicate that MRD&#xD;
      assessment is an &quot;essential component of patient evaluation over the course of sequential&#xD;
      therapy&quot; for ALL, and there are &gt;250 references to MRD in the pediatric and adult ALL NCCN&#xD;
      Guidelines. In AML, MRD assessment is routinely used in academic medical centers. MRD is also&#xD;
      strongly associated with risk of relapse in AML, and MRD status is a strong independent&#xD;
      predictor of overall survival after completion of therapy. The AML NCCN Guidelines Version&#xD;
      3.2020, indicate the &quot;undeniable need for monitoring,&quot; but further refinements are needed to&#xD;
      make MRD monitoring in patients with AML more reliable. In this study we will apply a new&#xD;
      highly multiplexed digital PCR technology, digital array PCR (daPCR), for evaluation of MRD&#xD;
      in AML that will improve MRD assay reliability while reducing costs and time-to-results.&#xD;
&#xD;
      Currently, methods for MRD assessment in AML include flow cytometry for the detection of&#xD;
      aberrant immunophenotypes as well as molecular PCR- and next generation sequencing&#xD;
      (NGS)-based assays for detecting recurrent AML-associated genetic abnormalities. Both flow&#xD;
      and molecular MRD assessment have much higher sensitivity than morphologic assessment alone,&#xD;
      with flow cytometry having a lower limit of detection between 10-4 to 10-5 and molecular&#xD;
      methods between 10-3 for NGS methods to 10-5 for PCR-based methods. Each of the current&#xD;
      methods have major limitations that prevent broader adoption in AML. Standard NGS-based&#xD;
      methods have insufficient sensitivity and high costs. Flow cytometry is a technically&#xD;
      difficult method that is challenging to standardize, and a subset of AML cases do not have&#xD;
      sufficient evaluable surface markers to allow detection. PCR-based methods can be very&#xD;
      sensitive, but each assay currently targets a single recurrent genetic abnormality (e.g.,&#xD;
      PML/RARA fusion in acute promyelocytic leukemia), and many AML cases do not have genetic&#xD;
      abnormalities that are targeted by current clinical assays. In contrast, the daPCR technology&#xD;
      we propose to apply in this study provides a high throughput, multiplexed platform (24-96&#xD;
      variants) with unprecedented dynamic range (&gt;108), high ease of use, low cost and rapid&#xD;
      turnaround time. Because the daPCR can simultaneously probe for multiple variants, we&#xD;
      estimate that our initial assay will have the potential to detect and quantify the abundance&#xD;
      of at least one AML associated mutation in ~80% of AML samples. This technological advance&#xD;
      would provide a real-world solution to enable frequent, deep monitoring of therapeutic&#xD;
      response in patients with AML.&#xD;
    </textblock>
  </detailed_description>
  <overall_status>Active, not recruiting</overall_status>
  <start_date type="Actual">May 28, 2021</start_date>
  <completion_date type="Anticipated">June 17, 2024</completion_date>
  <primary_completion_date type="Anticipated">June 17, 2024</primary_completion_date>
  <study_type>Observational</study_type>
  <has_expanded_access>No</has_expanded_access>
  <study_design_info>
    <observational_model>Cohort</observational_model>
    <time_perspective>Prospective</time_perspective>
  </study_design_info>
  <primary_outcome>
    <measure>Detection of AML Specific mutations from peripheral blood</measure>
    <time_frame>2 years</time_frame>
    <description>Signal intensity above negative control at mutation sites</description>
  </primary_outcome>
  <secondary_outcome>
    <measure>Proportion of AML patients with detectable mutations</measure>
    <time_frame>2 years</time_frame>
    <description>Fraction of screened AML patients whose disease has a mutation that detectable on the first generation mutation panel.</description>
  </secondary_outcome>
  <secondary_outcome>
    <measure>Association between AML specific mutation and relapse at 6 months</measure>
    <time_frame>2 years</time_frame>
    <description>Positive signal intensity and relapse information from medical recordrelapse at any time after initial detection.</description>
  </secondary_outcome>
  <enrollment type="Actual">10</enrollment>
  <condition>Leukemia, Myeloid, Acute</condition>
  <condition>Minimal Residual Disease</condition>
  <biospec_retention>Samples With DNA</biospec_retention>
  <biospec_descr>
    <textblock>
      Peripheral blood and bone marrow.&#xD;
    </textblock>
  </biospec_descr>
  <eligibility>
    <study_pop>
      <textblock>
        Adult patients (18 years of age or older) with diagnosed AML who are going to undergo stem&#xD;
        cell transplant (SCT).&#xD;
      </textblock>
    </study_pop>
    <sampling_method>Non-Probability Sample</sampling_method>
    <criteria>
      <textblock>
        Inclusion Criteria:&#xD;
&#xD;
          -  Adult patients (≥18 years of age) diagnosed with AML who are going to undergo stem&#xD;
             cell transplant (SCT). These subjects must provide written informed consent to&#xD;
             participate.&#xD;
&#xD;
          -  Subjects must have an identified mutation that has been validated on the multiplex&#xD;
             daPCR assay.&#xD;
&#xD;
        Exclusion Criteria:&#xD;
&#xD;
          -  Adult patients (≥18 years of age) diagnosed with AML who are scheduled to undergo SCT&#xD;
             at the NCCH who do not provide written informed consent to participate are ineligible.&#xD;
      </textblock>
    </criteria>
    <gender>All</gender>
    <minimum_age>18 Years</minimum_age>
    <maximum_age>N/A</maximum_age>
    <healthy_volunteers>No</healthy_volunteers>
  </eligibility>
  <overall_official>
    <last_name>Paul Armistead, MD</last_name>
    <role>Principal Investigator</role>
    <affiliation>UNC</affiliation>
  </overall_official>
  <location>
    <facility>
      <name>North Carolina Cancer Hospital (NCCH)</name>
      <address>
        <city>Chapel Hill</city>
        <state>North Carolina</state>
        <zip>27514</zip>
        <country>United States</country>
      </address>
    </facility>
  </location>
  <location_countries>
    <country>United States</country>
  </location_countries>
  <link>
    <url>http://unclineberger.org/patientcare/clinical-trials/clinical-trials</url>
    <description>University of North Carolina Lineberger Comprehensive Cancer Center Clinical Trials</description>
  </link>
  <verification_date>February 2024</verification_date>
  <study_first_submitted>June 3, 2021</study_first_submitted>
  <study_first_submitted_qc>June 3, 2021</study_first_submitted_qc>
  <study_first_posted type="Actual">June 9, 2021</study_first_posted>
  <last_update_submitted>February 2, 2024</last_update_submitted>
  <last_update_submitted_qc>February 2, 2024</last_update_submitted_qc>
  <last_update_posted type="Estimate">February 6, 2024</last_update_posted>
  <responsible_party>
    <responsible_party_type>Sponsor</responsible_party_type>
  </responsible_party>
  <condition_browse>
    <!-- CAUTION:  The following MeSH terms are assigned with an imperfect algorithm            -->
    <mesh_term>Leukemia</mesh_term>
    <mesh_term>Leukemia, Myeloid</mesh_term>
    <mesh_term>Leukemia, Myeloid, Acute</mesh_term>
    <mesh_term>Neoplasm, Residual</mesh_term>
  </condition_browse>
  <patient_data>
    <sharing_ipd>No</sharing_ipd>
  </patient_data>
  <!-- Results have not yet been posted for this study                                          -->
</clinical_study>

