<?xml version="1.0" encoding="UTF-8"?>
<clinical_study rank="340">
  <!-- This xml conforms to an XML Schema at:
    https://clinicaltrials.gov/ct2/html/images/info/public.xsd -->
  <required_header>
    <download_date>ClinicalTrials.gov processed this data on February 06, 2024</download_date>
    <link_text>Link to the current ClinicalTrials.gov record.</link_text>
    <url>https://clinicaltrials.gov/ct2/show/NCT03045627</url>
  </required_header>
  <id_info>
    <org_study_id>AML- PEG-G-CSF</org_study_id>
    <nct_id>NCT03045627</nct_id>
  </id_info>
  <brief_title>Clinical Trial of Ara-C, Aclarubicin Combined With PEG-G-CSF for Initial Treatment of AML Patients</brief_title>
  <official_title>A Multi-center Randomized Open-label Clinical Trial of Ara-C, Aclarubicin Combined With PEG-G-CSF for Initial Treatment of Acute Myeloid Leukemia Patients</official_title>
  <sponsors>
    <lead_sponsor>
      <agency>Shandong University</agency>
      <agency_class>Other</agency_class>
    </lead_sponsor>
  </sponsors>
  <source>Shandong University</source>
  <oversight_info>
    <has_dmc>Yes</has_dmc>
  </oversight_info>
  <brief_summary>
    <textblock>
      Most of patients with acute myeloid leukemia (AML) are elder and have poor prognosis despite&#xD;
      induction chemotherapy.The regimen of cytarabine(Ara-C), aclarubicin and G-CSF (CAG regimen )&#xD;
      has been widely used in China for the treatment of acute myeloid leukemia (AML). Strategies&#xD;
      to reduce the toxicity associated with intensive chemotherapy include the attenuated doses of&#xD;
      standard regimens and myeloid growth factors. Granulocyte colony-stimulating factor(G-CSF) is&#xD;
      efective in the prophylaxis and management of chemotherapy-induced neutropenia，but requires&#xD;
      daily administration because of its short half-life． Pegylated granulocyte colony-stimulating&#xD;
      factor (PEG-G-CSF )is a long-acting reagent that permits less frequent injection．The project&#xD;
      is undertaken by Qilu Hospital of Shandong University and other well-known hospitals in&#xD;
      China.In order to report the efficacy and safety of PEG-G-CSF combined with Ara-C and&#xD;
      aclarubicin for the treatment of Acute Myeloid Leukemia, compared to the regimen of Ara-C,&#xD;
      aclarubicin and G-CSF (CAG ).&#xD;
    </textblock>
  </brief_summary>
  <detailed_description>
    <textblock>
      The Investigators are undertaking a parallel, multicentre, randomised open-label trial of&#xD;
      newly diagnosed AML (not APL) patients in China. Participants are randomised selected to&#xD;
      receive the regimen of Ara-C, aclarubicin and PEG-G-CSF , or the regimen of Ara-C,&#xD;
      aclarubicin and G-CSF (CAG ).Platelet count, bleeding and other symptoms are evaluated before&#xD;
      and after treatment. Adverse events are also recorded throughout the study.&#xD;
    </textblock>
  </detailed_description>
  <overall_status>Unknown status</overall_status>
  <last_known_status>Recruiting</last_known_status>
  <start_date>January 2017</start_date>
  <completion_date type="Anticipated">July 2020</completion_date>
  <primary_completion_date type="Anticipated">January 2018</primary_completion_date>
  <phase>Phase 2</phase>
  <study_type>Interventional</study_type>
  <has_expanded_access>No</has_expanded_access>
  <study_design_info>
    <allocation>Randomized</allocation>
    <intervention_model>Parallel Assignment</intervention_model>
    <primary_purpose>Treatment</primary_purpose>
    <masking>None (Open Label)</masking>
  </study_design_info>
  <primary_outcome>
    <measure>Complete remission (CR)</measure>
    <time_frame>60 days from the enrollment</time_frame>
    <description>Bone marrow blasts not more than 5%, absence of blasts with Auer rods, absence of extramedullary disease, absolute neutrophil count more than 1*10^9/L, platelet count more than 100*10^9/L,independence of red cell transfusions</description>
  </primary_outcome>
  <number_of_arms>2</number_of_arms>
  <enrollment type="Anticipated">120</enrollment>
  <condition>Acute Myeloid Leukemia</condition>
  <arm_group>
    <arm_group_label>Experimental</arm_group_label>
    <arm_group_type>Active Comparator</arm_group_type>
    <description>Ara-C, Aclarubicin Combined PEG-G-CSF&#xD;
ARA-C subcutaneously in a 12-hour infusion on days 1 through 14, Aclarubicin(Acla) 5～7mg/m2/d，intravenously on days 1 through 8, PEG-G-CSF 6mg subcutaneously on days 0. One course includes 28 days.</description>
  </arm_group>
  <arm_group>
    <arm_group_label>Active comparator</arm_group_label>
    <arm_group_type>Active Comparator</arm_group_type>
    <description>Ara-C, Aclarubicin Combined G-CSF&#xD;
ARA-C subcutaneously in a 12-hour infusion on days 1 through 14, Aclarubicin(Acla) 5～7mg/m2/d，intravenously on days 1 through 8, G-CSF 200 μg·m-2·d-1, subcutaneously on days 0 through 14. G-CSF was postponed or interrupted in case of white blood cell (WBC) count greater than 20 × 109/L .&#xD;
One course includes 28 days.</description>
  </arm_group>
  <intervention>
    <intervention_type>Drug</intervention_type>
    <intervention_name>AraC</intervention_name>
    <description>ARA-C subcutaneously in a 12-hour infusion on days 1 through 14</description>
    <arm_group_label>Active comparator</arm_group_label>
    <arm_group_label>Experimental</arm_group_label>
    <other_name>cytarabine</other_name>
  </intervention>
  <intervention>
    <intervention_type>Drug</intervention_type>
    <intervention_name>Aclarubicin</intervention_name>
    <description>Aclarubicin(Acla) 5～7mg/m2/d，intravenously on days 1 through 8</description>
    <arm_group_label>Active comparator</arm_group_label>
    <arm_group_label>Experimental</arm_group_label>
    <other_name>Aclarubicin A</other_name>
  </intervention>
  <intervention>
    <intervention_type>Drug</intervention_type>
    <intervention_name>Peg-G-CSF</intervention_name>
    <description>PEG-G-CSF 6mg subcutaneously on days 0.</description>
    <arm_group_label>Experimental</arm_group_label>
  </intervention>
  <intervention>
    <intervention_type>Drug</intervention_type>
    <intervention_name>G-CSF</intervention_name>
    <description>G-CSF 200 μg·m-2·d-1, subcutaneously on days 0 through 14.</description>
    <arm_group_label>Active comparator</arm_group_label>
  </intervention>
  <eligibility>
    <criteria>
      <textblock>
        Inclusion Criteria:&#xD;
&#xD;
          1. age 60 years and older, with an upper age limit of 75 years;&#xD;
&#xD;
          2. diagnosis of AML other than APL&#xD;
&#xD;
          3. Adequate hepatic and renal function (aspartate aminotransferase [AST], alanine&#xD;
             aminotransferase [ALT], bilirubin and creatinine &lt; 2.5 x upper normal limit).&#xD;
&#xD;
        Exclusion Criteria:&#xD;
&#xD;
          1. History of severe congestive heart failure or other cardiac disease that&#xD;
             contraindicates the use of anthracyclines, including idarubicin&#xD;
&#xD;
          2. Use of recreational drugs or history of drug addiction, within the prior 6 months&#xD;
&#xD;
          3. Known history of positive hepatitis B surface antigens or hepatitis C virus (HCV)&#xD;
             antibodies&#xD;
&#xD;
          4. Patients with documented cases of human immunodeficiency virus (HIV)&#xD;
      </textblock>
    </criteria>
    <gender>All</gender>
    <minimum_age>60 Years</minimum_age>
    <maximum_age>75 Years</maximum_age>
    <healthy_volunteers>No</healthy_volunteers>
  </eligibility>
  <overall_contact>
    <last_name>Ming Hou, Docter</last_name>
    <email>houming@medmail.com.cn</email>
  </overall_contact>
  <location>
    <facility>
      <name>Qilu hospital, Shandong University</name>
      <address>
        <city>Jinan</city>
        <state>Shandong</state>
        <zip>250012</zip>
        <country>China</country>
      </address>
    </facility>
    <status>Recruiting</status>
    <contact>
      <last_name>Ming Hou</last_name>
      <email>houming@medmail.com.cn</email>
    </contact>
    <investigator>
      <last_name>Ming Hou</last_name>
      <role>Principal Investigator</role>
    </investigator>
  </location>
  <location_countries>
    <country>China</country>
  </location_countries>
  <verification_date>January 2017</verification_date>
  <study_first_submitted>January 16, 2017</study_first_submitted>
  <study_first_submitted_qc>February 3, 2017</study_first_submitted_qc>
  <study_first_posted type="Estimate">February 7, 2017</study_first_posted>
  <last_update_submitted>February 3, 2017</last_update_submitted>
  <last_update_submitted_qc>February 3, 2017</last_update_submitted_qc>
  <last_update_posted type="Estimate">February 7, 2017</last_update_posted>
  <responsible_party>
    <responsible_party_type>Principal Investigator</responsible_party_type>
    <investigator_affiliation>Shandong University</investigator_affiliation>
    <investigator_full_name>Ming Hou</investigator_full_name>
    <investigator_title>Professor and Director</investigator_title>
  </responsible_party>
  <keyword>Acute Myeloid Leukemia</keyword>
  <keyword>PEG-G-CSF</keyword>
  <condition_browse>
    <!-- CAUTION:  The following MeSH terms are assigned with an imperfect algorithm            -->
    <mesh_term>Leukemia</mesh_term>
    <mesh_term>Leukemia, Myeloid</mesh_term>
    <mesh_term>Leukemia, Myeloid, Acute</mesh_term>
  </condition_browse>
  <intervention_browse>
    <!-- CAUTION:  The following MeSH terms are assigned with an imperfect algorithm            -->
    <mesh_term>Cytarabine</mesh_term>
    <mesh_term>Aclarubicin</mesh_term>
    <mesh_term>Lenograstim</mesh_term>
  </intervention_browse>
  <patient_data>
    <sharing_ipd>Undecided</sharing_ipd>
  </patient_data>
  <!-- Results have not yet been posted for this study                                          -->
</clinical_study>

