<?xml version="1.0" encoding="UTF-8"?>
<clinical_study rank="422">
  <!-- This xml conforms to an XML Schema at:
    https://clinicaltrials.gov/ct2/html/images/info/public.xsd -->
  <required_header>
    <download_date>ClinicalTrials.gov processed this data on February 06, 2024</download_date>
    <link_text>Link to the current ClinicalTrials.gov record.</link_text>
    <url>https://clinicaltrials.gov/ct2/show/NCT02614560</url>
  </required_header>
  <id_info>
    <org_study_id>SGN33A-003</org_study_id>
    <nct_id>NCT02614560</nct_id>
  </id_info>
  <brief_title>A Study of Vadastuximab Talirine Given Prior to or After Allogeneic Hematopoietic Stem Cell Transplant in AML Patients</brief_title>
  <official_title>A Phase 1/2 Study of Vadastuximab Talirine Administered in Sequence With Allogeneic Hematopoietic Stem Cell Transplant in Patients With Relapsed or Refractory Acute Myeloid Leukemia (AML)</official_title>
  <sponsors>
    <lead_sponsor>
      <agency>Seagen Inc.</agency>
      <agency_class>Industry</agency_class>
    </lead_sponsor>
  </sponsors>
  <source>Seagen Inc.</source>
  <oversight_info>
    <has_dmc>Yes</has_dmc>
  </oversight_info>
  <brief_summary>
    <textblock>
      This study will examine the safety and anti-leukemic profile of SGN-CD33A (vadastuximab&#xD;
      talirine) in patients with relapsed chemo-resistant AML, who are given vadastuximab talirine&#xD;
      in sequence with standard treatments before a planned stem cell transplant, or as maintenance&#xD;
      therapy after a stem cell transplant. The main purpose of the study is to find the best dose&#xD;
      and determine the anti-leukemic activity of vadastuximab talirine, given either pre- or&#xD;
      post-allogeneic stem cell transplant (alloSCT) for adults with relapsed or refractory AML.&#xD;
      This will be determined by assessing the safety and tolerability of vadastuximab talirine. In&#xD;
      addition, the pharmacokinetic profile and anti-leukemic activity of the study treatment will&#xD;
      be assessed.&#xD;
    </textblock>
  </brief_summary>
  <overall_status>Terminated</overall_status>
  <start_date>November 2015</start_date>
  <completion_date type="Actual">September 14, 2017</completion_date>
  <primary_completion_date type="Actual">February 10, 2017</primary_completion_date>
  <phase>Phase 1/Phase 2</phase>
  <study_type>Interventional</study_type>
  <has_expanded_access>No</has_expanded_access>
  <study_design_info>
    <allocation>Non-Randomized</allocation>
    <intervention_model>Parallel Assignment</intervention_model>
    <primary_purpose>Treatment</primary_purpose>
    <masking>None (Open Label)</masking>
  </study_design_info>
  <primary_outcome>
    <measure>Incidence of Adverse Events</measure>
    <time_frame>Approximately 1 year</time_frame>
    <description>AE: Adverse events; TEAE: Treatment-emergent adverse event. Grades are defined using National Cancer Institute's Common Terminology Criteria for Adverse Events (CTCAE), v4.03. Grade 1 = mild, no intervention needed; Grade 2 = moderate, minimal intervention needed; Grade 3 = severe or medically significant, hospitalization is required; Grade 4 = life-threatening, urgent intervention needed; Grade 5 = death related to adverse event. An AE is considered serious if it was fatal, life threatening, required hospitalization, was disabling/incapacitating, resulted in a birth defect or congenital anomally, or was otherwise considered to be medically significant.</description>
  </primary_outcome>
  <primary_outcome>
    <measure>Incidence of Laboratory Abnormalities</measure>
    <time_frame>Approximately 1 year</time_frame>
    <description>Number (count) of participants that experienced a Grade 3 or higher laboratory toxicity (hematology and chemistry). Grades are defined using National Cancer Institute's Common Terminology Criteria for Adverse Events (CTCAE), v4.03. Grade 1 = mild, no intervention needed; Grade 2 = moderate, minimal intervention needed; Grade 3 = severe or medically significant, hospitalization is required; Grade 4 = life-threatening, urgent intervention needed; Grade 5 = death related to adverse event.</description>
  </primary_outcome>
  <primary_outcome>
    <measure>1-year Survival Rate</measure>
    <time_frame>12 months</time_frame>
    <description>1-year survival rate estimated using Kaplan-Meier methods The start date for overall survival is the day of alloSCT.</description>
  </primary_outcome>
  <primary_outcome>
    <measure>Rate of MRD Negativity</measure>
    <time_frame>30 days</time_frame>
    <description>Rate of MRD (minimal residual disease) negativity at Day -1 (1 day prior to transplant) and Day 30 post-transplant (Part A only)</description>
  </primary_outcome>
  <secondary_outcome>
    <measure>Best Response of CR or CRi</measure>
    <time_frame>9 weeks</time_frame>
    <description>Percentage of patients who achieved a best response of CRi (complete remission with incomplete blood count recovery) or CR (complete remission)</description>
  </secondary_outcome>
  <secondary_outcome>
    <measure>Duration of Response</measure>
    <time_frame>9 weeks</time_frame>
    <description>Defined as the time from the start of the first documented complete response (CR) or complete remission with incomplete blood count recovery (CRi) to the documentation of relapse or death due to any cause.</description>
  </secondary_outcome>
  <secondary_outcome>
    <measure>Overall Survival</measure>
    <time_frame>Approximately 96 weeks</time_frame>
    <description>Defined as the time from the day of alloSCT to the date of death due to any cause.</description>
  </secondary_outcome>
  <number_of_arms>2</number_of_arms>
  <enrollment type="Actual">14</enrollment>
  <condition>Acute Myeloid Leukemia</condition>
  <arm_group>
    <arm_group_label>Pre-allo (before stem cell transplant)</arm_group_label>
    <arm_group_type>Experimental</arm_group_type>
    <description>Pre-allo reduced intensity chemotherapy vadastuximab talirine (melphalan and fludarabine)</description>
  </arm_group>
  <arm_group>
    <arm_group_label>Post-allo (after stem cell transplant)</arm_group_label>
    <arm_group_type>Experimental</arm_group_type>
    <description>Post-allo vadastuximab talirine</description>
  </arm_group>
  <intervention>
    <intervention_type>Drug</intervention_type>
    <intervention_name>Fludarabine</intervention_name>
    <description>30 mg/m2/day intravenously, 5 to 2 days before the transplant (total dose of 120 mg/m2)</description>
    <arm_group_label>Pre-allo (before stem cell transplant)</arm_group_label>
  </intervention>
  <intervention>
    <intervention_type>Drug</intervention_type>
    <intervention_name>Melphalan</intervention_name>
    <description>Melphalan 140 mg/m2 intravenously, 2 days before the transplant</description>
    <arm_group_label>Pre-allo (before stem cell transplant)</arm_group_label>
  </intervention>
  <intervention>
    <intervention_type>Drug</intervention_type>
    <intervention_name>vadastuximab talirine</intervention_name>
    <description>Pre-allo (before stem cell transplant) given 14 days before the stem cell transplant</description>
    <arm_group_label>Pre-allo (before stem cell transplant)</arm_group_label>
  </intervention>
  <intervention>
    <intervention_type>Drug</intervention_type>
    <intervention_name>vadastuximab talirine</intervention_name>
    <description>Post-allo (after stem cell transplant) given on Day 1 of each cycle</description>
    <arm_group_label>Post-allo (after stem cell transplant)</arm_group_label>
  </intervention>
  <eligibility>
    <criteria>
      <textblock>
        Inclusion Criteria:&#xD;
&#xD;
          -  Relapsed/refractory acute myeloid leukemia (AML) except for acute promyelocytic&#xD;
             leukemia&#xD;
&#xD;
          -  Eastern Cooperative Oncology Group status of 0 or 1&#xD;
&#xD;
          -  Adequate baseline renal and hepatic function&#xD;
&#xD;
          -  For Pre-allo Part A (before stem cell transplant): Relapsed or refractory AML (greater&#xD;
             than 5% blasts)&#xD;
&#xD;
          -  For Pre-allo Part A (before stem cell transplant): Availability of an HLA matched&#xD;
             related or unrelated donor&#xD;
&#xD;
          -  For Pre-allo Part A (before stem cell transplant): Eligible for an allogeneic&#xD;
             hematopoietic stem cell transplant&#xD;
&#xD;
          -  For Post-allo Part B: Transplant must have been performed with active AML (greater&#xD;
             than 5% blasts) using a conventional conditioning regimen and have achieved CR or CRi&#xD;
             post-alloSCT (with ANC greater than or equal to 1,000 and platelet greater than or&#xD;
             equal to 50,000)&#xD;
&#xD;
          -  For Post-allo Part B: Treatment must begin at least 42 days, but no more than 100 days&#xD;
             post-transplant.&#xD;
&#xD;
        Exclusion Criteria:&#xD;
&#xD;
          -  Inadequate heart function&#xD;
&#xD;
          -  Inadequate lung function&#xD;
&#xD;
          -  Previous central nervous system leukemia&#xD;
&#xD;
          -  Any history of another metastatic malignancy&#xD;
&#xD;
          -  Anti-leukemia treatment within14 days of study drug (other than hydroxyurea or&#xD;
             6-mercaptopurine), immunosuppressive therapy (except for GVHD treatment/prophylaxis in&#xD;
             Part B), or investigational agents&#xD;
&#xD;
          -  For Pre-allo Part A (before stem cell transplant): Partially matched donors (related&#xD;
             or unrelated) and umbilical cord blood cells are excluded as the source of&#xD;
             hematopoietic stem cells&#xD;
&#xD;
          -  For Pre-allo Part A (before stem cell transplant): Prior alloSCT&#xD;
&#xD;
          -  For Post-allo Part B: Active GVHD Grade 2 or higher&#xD;
&#xD;
          -  For Post-allo Part B:History of veno-occlusive disease requiring defibrotide&#xD;
&#xD;
          -  For Post-allo Part B: History of Grade 2 or higher hepatic GVHD&#xD;
&#xD;
          -  For Post-allo Part B: Concurrent use of corticosteroids equivalent of prednisone at a&#xD;
             dose of greater than 0.5 mg/kg&#xD;
      </textblock>
    </criteria>
    <gender>All</gender>
    <minimum_age>18 Years</minimum_age>
    <maximum_age>75 Years</maximum_age>
    <healthy_volunteers>No</healthy_volunteers>
  </eligibility>
  <overall_official>
    <last_name>Phillip Garfin, MD, PhD</last_name>
    <role>Study Director</role>
    <affiliation>Seagen Inc.</affiliation>
  </overall_official>
  <location>
    <facility>
      <name>City of Hope National Medical Center</name>
      <address>
        <city>Duarte</city>
        <state>California</state>
        <zip>91010-3000</zip>
        <country>United States</country>
      </address>
    </facility>
  </location>
  <location>
    <facility>
      <name>Colorado Blood Cancer Institute</name>
      <address>
        <city>Denver</city>
        <state>Colorado</state>
        <zip>80218</zip>
        <country>United States</country>
      </address>
    </facility>
  </location>
  <location>
    <facility>
      <name>H. Lee Moffitt Cancer Center &amp; Research Institute</name>
      <address>
        <city>Tampa</city>
        <state>Florida</state>
        <zip>33612</zip>
        <country>United States</country>
      </address>
    </facility>
  </location>
  <location>
    <facility>
      <name>University of Chicago</name>
      <address>
        <city>Chicago</city>
        <state>Illinois</state>
        <zip>60637-1470</zip>
        <country>United States</country>
      </address>
    </facility>
  </location>
  <location>
    <facility>
      <name>University of Kansas Cancer Center</name>
      <address>
        <city>Westwood</city>
        <state>Kansas</state>
        <zip>United States</zip>
        <country>United States</country>
      </address>
    </facility>
  </location>
  <location>
    <facility>
      <name>Dana Farber Cancer Institute</name>
      <address>
        <city>Boston</city>
        <state>Massachusetts</state>
        <zip>02215</zip>
        <country>United States</country>
      </address>
    </facility>
  </location>
  <location>
    <facility>
      <name>Memorial Sloan Kettering Cancer Center</name>
      <address>
        <city>New York</city>
        <state>New York</state>
        <zip>10021</zip>
        <country>United States</country>
      </address>
    </facility>
  </location>
  <location>
    <facility>
      <name>Weill Cornell Medical College</name>
      <address>
        <city>New York</city>
        <state>New York</state>
        <zip>10065</zip>
        <country>United States</country>
      </address>
    </facility>
  </location>
  <location>
    <facility>
      <name>Case Western Reserve University / University Hospitals Case Medical Center</name>
      <address>
        <city>Cleveland</city>
        <state>Ohio</state>
        <zip>44106</zip>
        <country>United States</country>
      </address>
    </facility>
  </location>
  <location>
    <facility>
      <name>MD Anderson Cancer Center / University of Texas</name>
      <address>
        <city>Houston</city>
        <state>Texas</state>
        <zip>77030-4095</zip>
        <country>United States</country>
      </address>
    </facility>
  </location>
  <location>
    <facility>
      <name>Fred Hutchinson Cancer Research Center</name>
      <address>
        <city>Seattle</city>
        <state>Washington</state>
        <zip>98109-1024</zip>
        <country>United States</country>
      </address>
    </facility>
  </location>
  <location_countries>
    <country>United States</country>
  </location_countries>
  <verification_date>December 2018</verification_date>
  <study_first_submitted>November 20, 2015</study_first_submitted>
  <study_first_submitted_qc>November 23, 2015</study_first_submitted_qc>
  <study_first_posted type="Estimate">November 25, 2015</study_first_posted>
  <results_first_submitted>September 5, 2018</results_first_submitted>
  <results_first_submitted_qc>December 20, 2018</results_first_submitted_qc>
  <results_first_posted type="Actual">January 9, 2019</results_first_posted>
  <disposition_first_submitted>January 3, 2018</disposition_first_submitted>
  <disposition_first_submitted_qc>January 3, 2018</disposition_first_submitted_qc>
  <disposition_first_posted type="Actual">January 5, 2018</disposition_first_posted>
  <last_update_submitted>December 20, 2018</last_update_submitted>
  <last_update_submitted_qc>December 20, 2018</last_update_submitted_qc>
  <last_update_posted type="Actual">January 9, 2019</last_update_posted>
  <responsible_party>
    <responsible_party_type>Sponsor</responsible_party_type>
  </responsible_party>
  <keyword>acute myeloid leukemia</keyword>
  <keyword>AML</keyword>
  <keyword>antibody-drug conjugate</keyword>
  <condition_browse>
    <!-- CAUTION:  The following MeSH terms are assigned with an imperfect algorithm            -->
    <mesh_term>Leukemia</mesh_term>
    <mesh_term>Leukemia, Myeloid</mesh_term>
    <mesh_term>Leukemia, Myeloid, Acute</mesh_term>
  </condition_browse>
  <intervention_browse>
    <!-- CAUTION:  The following MeSH terms are assigned with an imperfect algorithm            -->
    <mesh_term>Fludarabine</mesh_term>
    <mesh_term>Melphalan</mesh_term>
  </intervention_browse>
  <provided_document_section>
    <provided_document>
      <document_type>Study Protocol</document_type>
      <document_has_protocol>Yes</document_has_protocol>
      <document_has_icf>No</document_has_icf>
      <document_has_sap>No</document_has_sap>
      <document_date>March 15, 2017</document_date>
      <document_url>https://ClinicalTrials.gov/ProvidedDocs/60/NCT02614560/Prot_000.pdf</document_url>
    </provided_document>
    <provided_document>
      <document_type>Statistical Analysis Plan</document_type>
      <document_has_protocol>No</document_has_protocol>
      <document_has_icf>No</document_has_icf>
      <document_has_sap>Yes</document_has_sap>
      <document_date>March 15, 2017</document_date>
      <document_url>https://ClinicalTrials.gov/ProvidedDocs/60/NCT02614560/SAP_001.pdf</document_url>
    </provided_document>
  </provided_document_section>

  <clinical_results>

    <participant_flow>
      <group_list>
        <group group_id="P1">
          <title>Pre-allo (Before Stem Cell Transplant)</title>
          <description>Pre-allo reduced intensity chemotherapy vadastuximab talirine (melphalan and fludarabine)&#xD;
Fludarabine: 30 mg/m2/day intravenously, 5 to 2 days before the transplant (total dose of 120 mg/m2)&#xD;
Melphalan: Melphalan 140 mg/m2 intravenously, 2 days before the transplant&#xD;
vadastuximab talirine: Pre-allo (before stem cell transplant) given 14 days before the stem cell transplant</description>
        </group>
        <group group_id="P2">
          <title>Post-allo (After Stem Cell Transplant)</title>
          <description>Post-allo vadastuximab talirine&#xD;
vadastuximab talirine: Post-allo (after stem cell transplant) given on Day 1 of each cycle</description>
        </group>
      </group_list>
      <period_list>
        <period>
          <title>Overall Study</title>
          <milestone_list>
            <milestone>
              <title>STARTED</title>
              <participants_list>
                <participants group_id="P1" count="6"/>
                <participants group_id="P2" count="8"/>
              </participants_list>
            </milestone>
            <milestone>
              <title>COMPLETED</title>
              <participants_list>
                <participants group_id="P1" count="0"/>
                <participants group_id="P2" count="6"/>
              </participants_list>
            </milestone>
            <milestone>
              <title>NOT COMPLETED</title>
              <participants_list>
                <participants group_id="P1" count="6"/>
                <participants group_id="P2" count="2"/>
              </participants_list>
            </milestone>
          </milestone_list>
          <drop_withdraw_reason_list>
            <drop_withdraw_reason>
              <title>Death</title>
              <participants_list>
                <participants group_id="P1" count="6"/>
                <participants group_id="P2" count="2"/>
              </participants_list>
            </drop_withdraw_reason>
          </drop_withdraw_reason_list>
        </period>
      </period_list>
    </participant_flow>

    <baseline>
      <group_list>
        <group group_id="B1">
          <title>Pre-allo (Before Stem Cell Transplant)</title>
          <description>Pre-allo reduced intensity chemotherapy vadastuximab talirine (melphalan and fludarabine)&#xD;
Fludarabine: 30 mg/m2/day intravenously, 5 to 2 days before the transplant (total dose of 120 mg/m2)&#xD;
Melphalan: Melphalan 140 mg/m2 intravenously, 2 days before the transplant&#xD;
vadastuximab talirine: Pre-allo (before stem cell transplant) given 14 days before the stem cell transplant</description>
        </group>
        <group group_id="B2">
          <title>Post-allo (After Stem Cell Transplant)</title>
          <description>Post-allo vadastuximab talirine&#xD;
vadastuximab talirine: Post-allo (after stem cell transplant) given on Day 1 of each cycle</description>
        </group>
        <group group_id="B3">
          <title>Total</title>
          <description>Total of all reporting groups</description>
        </group>
      </group_list>
      <analyzed_list>
        <analyzed>
          <units>Participants</units>
          <scope>Overall</scope>
          <count_list>
            <count group_id="B1" value="6"/>
            <count group_id="B2" value="8"/>
            <count group_id="B3" value="14"/>
          </count_list>
        </analyzed>
      </analyzed_list>
      <measure_list>
        <measure>
          <title>Age</title>
          <units>years</units>
          <param>Median</param>
          <dispersion>Full Range</dispersion>
          <class_list>
            <class>
              <category_list>
                <category>
                  <measurement_list>
                    <measurement group_id="B1" value="58.0" lower_limit="50" upper_limit="69"/>
                    <measurement group_id="B2" value="58.0" lower_limit="25" upper_limit="64"/>
                    <measurement group_id="B3" value="58.0" lower_limit="25" upper_limit="69"/>
                  </measurement_list>
                </category>
              </category_list>
            </class>
          </class_list>
        </measure>
        <measure>
          <title>Sex: Female, Male</title>
          <units>Participants</units>
          <param>Count of Participants</param>
          <class_list>
            <class>
              <category_list>
                <category>
                  <title>Female</title>
                  <measurement_list>
                    <measurement group_id="B1" value="3"/>
                    <measurement group_id="B2" value="3"/>
                    <measurement group_id="B3" value="6"/>
                  </measurement_list>
                </category>
                <category>
                  <title>Male</title>
                  <measurement_list>
                    <measurement group_id="B1" value="3"/>
                    <measurement group_id="B2" value="5"/>
                    <measurement group_id="B3" value="8"/>
                  </measurement_list>
                </category>
              </category_list>
            </class>
          </class_list>
        </measure>
        <measure>
          <title>Ethnicity (NIH/OMB)</title>
          <units>Participants</units>
          <param>Count of Participants</param>
          <class_list>
            <class>
              <category_list>
                <category>
                  <title>Hispanic or Latino</title>
                  <measurement_list>
                    <measurement group_id="B1" value="0"/>
                    <measurement group_id="B2" value="1"/>
                    <measurement group_id="B3" value="1"/>
                  </measurement_list>
                </category>
                <category>
                  <title>Not Hispanic or Latino</title>
                  <measurement_list>
                    <measurement group_id="B1" value="6"/>
                    <measurement group_id="B2" value="7"/>
                    <measurement group_id="B3" value="13"/>
                  </measurement_list>
                </category>
                <category>
                  <title>Unknown or Not Reported</title>
                  <measurement_list>
                    <measurement group_id="B1" value="0"/>
                    <measurement group_id="B2" value="0"/>
                    <measurement group_id="B3" value="0"/>
                  </measurement_list>
                </category>
              </category_list>
            </class>
          </class_list>
        </measure>
        <measure>
          <title>Race (NIH/OMB)</title>
          <units>Participants</units>
          <param>Count of Participants</param>
          <class_list>
            <class>
              <category_list>
                <category>
                  <title>American Indian or Alaska Native</title>
                  <measurement_list>
                    <measurement group_id="B1" value="0"/>
                    <measurement group_id="B2" value="0"/>
                    <measurement group_id="B3" value="0"/>
                  </measurement_list>
                </category>
                <category>
                  <title>Asian</title>
                  <measurement_list>
                    <measurement group_id="B1" value="0"/>
                    <measurement group_id="B2" value="0"/>
                    <measurement group_id="B3" value="0"/>
                  </measurement_list>
                </category>
                <category>
                  <title>Native Hawaiian or Other Pacific Islander</title>
                  <measurement_list>
                    <measurement group_id="B1" value="0"/>
                    <measurement group_id="B2" value="0"/>
                    <measurement group_id="B3" value="0"/>
                  </measurement_list>
                </category>
                <category>
                  <title>Black or African American</title>
                  <measurement_list>
                    <measurement group_id="B1" value="1"/>
                    <measurement group_id="B2" value="0"/>
                    <measurement group_id="B3" value="1"/>
                  </measurement_list>
                </category>
                <category>
                  <title>White</title>
                  <measurement_list>
                    <measurement group_id="B1" value="5"/>
                    <measurement group_id="B2" value="8"/>
                    <measurement group_id="B3" value="13"/>
                  </measurement_list>
                </category>
                <category>
                  <title>More than one race</title>
                  <measurement_list>
                    <measurement group_id="B1" value="0"/>
                    <measurement group_id="B2" value="0"/>
                    <measurement group_id="B3" value="0"/>
                  </measurement_list>
                </category>
                <category>
                  <title>Unknown or Not Reported</title>
                  <measurement_list>
                    <measurement group_id="B1" value="0"/>
                    <measurement group_id="B2" value="0"/>
                    <measurement group_id="B3" value="0"/>
                  </measurement_list>
                </category>
              </category_list>
            </class>
          </class_list>
        </measure>
        <measure>
          <title>Region of Enrollment</title>
          <units>participants</units>
          <param>Number</param>
          <class_list>
            <class>
              <title>United States</title>
              <category_list>
                <category>
                  <measurement_list>
                    <measurement group_id="B1" value="6"/>
                    <measurement group_id="B2" value="8"/>
                    <measurement group_id="B3" value="14"/>
                  </measurement_list>
                </category>
              </category_list>
            </class>
          </class_list>
        </measure>
        <measure>
          <title>Eastern Cooperative Oncology Group (ECOG) Performance Status</title>
          <description>0=Normal activity; 1=Symptoms but ambulatory; 2=In bed less than 50% of the time; 3= In bed more than 50% of the time; 4=100% bedridden; 5=Dead</description>
          <units>Participants</units>
          <param>Count of Participants</param>
          <class_list>
            <class>
              <category_list>
                <category>
                  <title>Grade 0: Normal activity</title>
                  <measurement_list>
                    <measurement group_id="B1" value="0"/>
                    <measurement group_id="B2" value="1"/>
                    <measurement group_id="B3" value="1"/>
                  </measurement_list>
                </category>
                <category>
                  <title>Grade 1: Symptoms but ambulatory</title>
                  <measurement_list>
                    <measurement group_id="B1" value="6"/>
                    <measurement group_id="B2" value="7"/>
                    <measurement group_id="B3" value="13"/>
                  </measurement_list>
                </category>
              </category_list>
            </class>
          </class_list>
        </measure>
      </measure_list>
    </baseline>

    <outcome_list>
      <outcome>
        <type>Primary</type>
        <title>Incidence of Adverse Events</title>
        <description>AE: Adverse events; TEAE: Treatment-emergent adverse event. Grades are defined using National Cancer Institute's Common Terminology Criteria for Adverse Events (CTCAE), v4.03. Grade 1 = mild, no intervention needed; Grade 2 = moderate, minimal intervention needed; Grade 3 = severe or medically significant, hospitalization is required; Grade 4 = life-threatening, urgent intervention needed; Grade 5 = death related to adverse event. An AE is considered serious if it was fatal, life threatening, required hospitalization, was disabling/incapacitating, resulted in a birth defect or congenital anomally, or was otherwise considered to be medically significant.</description>
        <time_frame>Approximately 1 year</time_frame>
        <group_list>
          <group group_id="O1">
            <title>Pre-allo (Before Stem Cell Transplant)</title>
            <description>Pre-allo reduced intensity chemotherapy vadastuximab talirine (melphalan and fludarabine)&#xD;
Fludarabine: 30 mg/m2/day intravenously, 5 to 2 days before the transplant (total dose of 120 mg/m2)&#xD;
Melphalan: Melphalan 140 mg/m2 intravenously, 2 days before the transplant&#xD;
vadastuximab talirine: Pre-allo (before stem cell transplant) given 14 days before the stem cell transplant</description>
          </group>
          <group group_id="O2">
            <title>Post-allo (After Stem Cell Transplant)</title>
            <description>Post-allo vadastuximab talirine&#xD;
vadastuximab talirine: Post-allo (after stem cell transplant) given on Day 1 of each cycle</description>
          </group>
        </group_list>
        <measure>
          <title>Incidence of Adverse Events</title>
          <description>AE: Adverse events; TEAE: Treatment-emergent adverse event. Grades are defined using National Cancer Institute's Common Terminology Criteria for Adverse Events (CTCAE), v4.03. Grade 1 = mild, no intervention needed; Grade 2 = moderate, minimal intervention needed; Grade 3 = severe or medically significant, hospitalization is required; Grade 4 = life-threatening, urgent intervention needed; Grade 5 = death related to adverse event. An AE is considered serious if it was fatal, life threatening, required hospitalization, was disabling/incapacitating, resulted in a birth defect or congenital anomally, or was otherwise considered to be medically significant.</description>
          <units>Participants</units>
          <param>Count of Participants</param>
          <analyzed_list>
            <analyzed>
              <units>Participants</units>
              <scope>Measure</scope>
              <count_list>
                <count group_id="O1" value="6"/>
                <count group_id="O2" value="8"/>
              </count_list>
            </analyzed>
          </analyzed_list>
          <class_list>
            <class>
              <title>TEAEs</title>
              <category_list>
                <category>
                  <measurement_list>
                    <measurement group_id="O1" value="6"/>
                    <measurement group_id="O2" value="8"/>
                  </measurement_list>
                </category>
              </category_list>
            </class>
            <class>
              <title>AEs Related to Vadatuximab Talirine</title>
              <category_list>
                <category>
                  <measurement_list>
                    <measurement group_id="O1" value="6"/>
                    <measurement group_id="O2" value="7"/>
                  </measurement_list>
                </category>
              </category_list>
            </class>
            <class>
              <title>AEs Leading to Treatment Discontinuation</title>
              <category_list>
                <category>
                  <measurement_list>
                    <measurement group_id="O1" value="0"/>
                    <measurement group_id="O2" value="1"/>
                  </measurement_list>
                </category>
              </category_list>
            </class>
            <class>
              <title>Grade 3 or Higher TEAEs</title>
              <category_list>
                <category>
                  <measurement_list>
                    <measurement group_id="O1" value="6"/>
                    <measurement group_id="O2" value="6"/>
                  </measurement_list>
                </category>
              </category_list>
            </class>
            <class>
              <title>Serious AEs</title>
              <category_list>
                <category>
                  <measurement_list>
                    <measurement group_id="O1" value="5"/>
                    <measurement group_id="O2" value="2"/>
                  </measurement_list>
                </category>
              </category_list>
            </class>
          </class_list>
        </measure>
      </outcome>
      <outcome>
        <type>Primary</type>
        <title>Incidence of Laboratory Abnormalities</title>
        <description>Number (count) of participants that experienced a Grade 3 or higher laboratory toxicity (hematology and chemistry). Grades are defined using National Cancer Institute's Common Terminology Criteria for Adverse Events (CTCAE), v4.03. Grade 1 = mild, no intervention needed; Grade 2 = moderate, minimal intervention needed; Grade 3 = severe or medically significant, hospitalization is required; Grade 4 = life-threatening, urgent intervention needed; Grade 5 = death related to adverse event.</description>
        <time_frame>Approximately 1 year</time_frame>
        <group_list>
          <group group_id="O1">
            <title>Pre-allo (Before Stem Cell Transplant)</title>
            <description>Pre-allo reduced intensity chemotherapy vadastuximab talirine (melphalan and fludarabine)&#xD;
Fludarabine: 30 mg/m2/day intravenously, 5 to 2 days before the transplant (total dose of 120 mg/m2)&#xD;
Melphalan: Melphalan 140 mg/m2 intravenously, 2 days before the transplant&#xD;
vadastuximab talirine: Pre-allo (before stem cell transplant) given 14 days before the stem cell transplant</description>
          </group>
          <group group_id="O2">
            <title>Post-allo (After Stem Cell Transplant)</title>
            <description>Post-allo vadastuximab talirine&#xD;
vadastuximab talirine: Post-allo (after stem cell transplant) given on Day 1 of each cycle</description>
          </group>
        </group_list>
        <measure>
          <title>Incidence of Laboratory Abnormalities</title>
          <description>Number (count) of participants that experienced a Grade 3 or higher laboratory toxicity (hematology and chemistry). Grades are defined using National Cancer Institute's Common Terminology Criteria for Adverse Events (CTCAE), v4.03. Grade 1 = mild, no intervention needed; Grade 2 = moderate, minimal intervention needed; Grade 3 = severe or medically significant, hospitalization is required; Grade 4 = life-threatening, urgent intervention needed; Grade 5 = death related to adverse event.</description>
          <units>Participants</units>
          <param>Count of Participants</param>
          <analyzed_list>
            <analyzed>
              <units>Participants</units>
              <scope>Measure</scope>
              <count_list>
                <count group_id="O1" value="6"/>
                <count group_id="O2" value="8"/>
              </count_list>
            </analyzed>
          </analyzed_list>
          <class_list>
            <class>
              <title>Any chemistry test</title>
              <category_list>
                <category>
                  <measurement_list>
                    <measurement group_id="O1" value="4"/>
                    <measurement group_id="O2" value="3"/>
                  </measurement_list>
                </category>
              </category_list>
            </class>
            <class>
              <title>Amylase (iu/l)</title>
              <category_list>
                <category>
                  <measurement_list>
                    <measurement group_id="O1" value="3"/>
                    <measurement group_id="O2" value="0"/>
                  </measurement_list>
                </category>
              </category_list>
            </class>
            <class>
              <title>Alanine aminotransferase (iu/l)</title>
              <category_list>
                <category>
                  <measurement_list>
                    <measurement group_id="O1" value="1"/>
                    <measurement group_id="O2" value="1"/>
                  </measurement_list>
                </category>
              </category_list>
            </class>
            <class>
              <title>Aspartate aminotransferase (iu/l)</title>
              <category_list>
                <category>
                  <measurement_list>
                    <measurement group_id="O1" value="1"/>
                    <measurement group_id="O2" value="0"/>
                  </measurement_list>
                </category>
              </category_list>
            </class>
            <class>
              <title>Total bilirubin (mg/dl)</title>
              <category_list>
                <category>
                  <measurement_list>
                    <measurement group_id="O1" value="3"/>
                    <measurement group_id="O2" value="0"/>
                  </measurement_list>
                </category>
              </category_list>
            </class>
            <class>
              <title>Uric acid (mg/dl)</title>
              <category_list>
                <category>
                  <measurement_list>
                    <measurement group_id="O1" value="1"/>
                    <measurement group_id="O2" value="0"/>
                  </measurement_list>
                </category>
              </category_list>
            </class>
            <class>
              <title>Lipase (iu/l)</title>
              <category_list>
                <category>
                  <measurement_list>
                    <measurement group_id="O1" value="0"/>
                    <measurement group_id="O2" value="1"/>
                  </measurement_list>
                </category>
              </category_list>
            </class>
            <class>
              <title>Sodium (meq/l)</title>
              <category_list>
                <category>
                  <measurement_list>
                    <measurement group_id="O1" value="0"/>
                    <measurement group_id="O2" value="1"/>
                  </measurement_list>
                </category>
              </category_list>
            </class>
            <class>
              <title>Any hematology test</title>
              <category_list>
                <category>
                  <measurement_list>
                    <measurement group_id="O1" value="6"/>
                    <measurement group_id="O2" value="5"/>
                  </measurement_list>
                </category>
              </category_list>
            </class>
            <class>
              <title>Hemoglobin (g/dl)</title>
              <category_list>
                <category>
                  <measurement_list>
                    <measurement group_id="O1" value="3"/>
                    <measurement group_id="O2" value="0"/>
                  </measurement_list>
                </category>
              </category_list>
            </class>
            <class>
              <title>Lymphocytes (x10^3/ul)</title>
              <category_list>
                <category>
                  <measurement_list>
                    <measurement group_id="O1" value="6"/>
                    <measurement group_id="O2" value="1"/>
                  </measurement_list>
                </category>
              </category_list>
            </class>
            <class>
              <title>Neutrophils (x10^3/ul)</title>
              <category_list>
                <category>
                  <measurement_list>
                    <measurement group_id="O1" value="6"/>
                    <measurement group_id="O2" value="4"/>
                  </measurement_list>
                </category>
              </category_list>
            </class>
            <class>
              <title>Platlets (x10^3/ul)</title>
              <category_list>
                <category>
                  <measurement_list>
                    <measurement group_id="O1" value="6"/>
                    <measurement group_id="O2" value="4"/>
                  </measurement_list>
                </category>
              </category_list>
            </class>
            <class>
              <title>White blood cell count (x10^3/ul)</title>
              <category_list>
                <category>
                  <measurement_list>
                    <measurement group_id="O1" value="6"/>
                    <measurement group_id="O2" value="5"/>
                  </measurement_list>
                </category>
              </category_list>
            </class>
          </class_list>
        </measure>
      </outcome>
      <outcome>
        <type>Primary</type>
        <title>1-year Survival Rate</title>
        <description>1-year survival rate estimated using Kaplan-Meier methods The start date for overall survival is the day of alloSCT.</description>
        <time_frame>12 months</time_frame>
        <population>All treated patients set</population>
        <group_list>
          <group group_id="O1">
            <title>Pre-allo (Before Stem Cell Transplant)</title>
            <description>Pre-allo reduced intensity chemotherapy vadastuximab talirine (melphalan and fludarabine)&#xD;
Fludarabine: 30 mg/m2/day intravenously, 5 to 2 days before the transplant (total dose of 120 mg/m2)&#xD;
Melphalan: Melphalan 140 mg/m2 intravenously, 2 days before the transplant&#xD;
vadastuximab talirine: Pre-allo (before stem cell transplant) given 14 days before the stem cell transplant</description>
          </group>
          <group group_id="O2">
            <title>Post-allo (After Stem Cell Transplant)</title>
            <description>Post-allo vadastuximab talirine&#xD;
vadastuximab talirine: Post-allo (after stem cell transplant) given on Day 1 of each cycle</description>
          </group>
        </group_list>
        <measure>
          <title>1-year Survival Rate</title>
          <description>1-year survival rate estimated using Kaplan-Meier methods The start date for overall survival is the day of alloSCT.</description>
          <population>All treated patients set</population>
          <units>percentage of participants</units>
          <param>Number</param>
          <dispersion>95% Confidence Interval</dispersion>
          <analyzed_list>
            <analyzed>
              <units>Participants</units>
              <scope>Measure</scope>
              <count_list>
                <count group_id="O1" value="6"/>
                <count group_id="O2" value="8"/>
              </count_list>
            </analyzed>
          </analyzed_list>
          <class_list>
            <class>
              <category_list>
                <category>
                  <measurement_list>
                    <measurement group_id="O1" value="0" lower_limit="NA" upper_limit="NA">Insufficient participants with events to calculate confidence interval.</measurement>
                    <measurement group_id="O2" value="75" lower_limit="31" upper_limit="93"/>
                  </measurement_list>
                </category>
              </category_list>
            </class>
          </class_list>
        </measure>
      </outcome>
      <outcome>
        <type>Primary</type>
        <title>Rate of MRD Negativity</title>
        <description>Rate of MRD (minimal residual disease) negativity at Day -1 (1 day prior to transplant) and Day 30 post-transplant (Part A only)</description>
        <time_frame>30 days</time_frame>
        <population>All treated patients set, pre-allo cohort</population>
        <group_list>
          <group group_id="O1">
            <title>Pre-allo (Before Stem Cell Transplant)</title>
            <description>Pre-allo reduced intensity chemotherapy vadastuximab talirine (melphalan and fludarabine)&#xD;
Fludarabine: 30 mg/m2/day intravenously, 5 to 2 days before the transplant (total dose of 120 mg/m2)&#xD;
Melphalan: Melphalan 140 mg/m2 intravenously, 2 days before the transplant&#xD;
vadastuximab talirine: Pre-allo (before stem cell transplant) given 14 days before the stem cell transplant</description>
          </group>
        </group_list>
        <measure>
          <title>Rate of MRD Negativity</title>
          <description>Rate of MRD (minimal residual disease) negativity at Day -1 (1 day prior to transplant) and Day 30 post-transplant (Part A only)</description>
          <population>All treated patients set, pre-allo cohort</population>
          <units>Percentage of participants</units>
          <param>Number</param>
          <dispersion>95% Confidence Interval</dispersion>
          <analyzed_list>
            <analyzed>
              <units>Participants</units>
              <scope>Measure</scope>
              <count_list>
                <count group_id="O1" value="6"/>
              </count_list>
            </analyzed>
          </analyzed_list>
          <class_list>
            <class>
              <title>Day -1 Rate of MRD Negativity</title>
              <category_list>
                <category>
                  <measurement_list>
                    <measurement group_id="O1" value="NA" lower_limit="NA" upper_limit="NA">Insufficient number of participants with events to estimate rate</measurement>
                  </measurement_list>
                </category>
              </category_list>
            </class>
            <class>
              <title>Day 30 Rate of MRD Negativity</title>
              <category_list>
                <category>
                  <measurement_list>
                    <measurement group_id="O1" value="75" lower_limit="19.4" upper_limit="99.4"/>
                  </measurement_list>
                </category>
              </category_list>
            </class>
          </class_list>
        </measure>
      </outcome>
      <outcome>
        <type>Secondary</type>
        <title>Best Response of CR or CRi</title>
        <description>Percentage of patients who achieved a best response of CRi (complete remission with incomplete blood count recovery) or CR (complete remission)</description>
        <time_frame>9 weeks</time_frame>
        <population>Part A (pre-alloSCT) only</population>
        <group_list>
          <group group_id="O1">
            <title>Pre-allo (Before Stem Cell Transplant)</title>
            <description>Pre-allo reduced intensity chemotherapy vadastuximab talirine (melphalan and fludarabine)&#xD;
Fludarabine: 30 mg/m2/day intravenously, 5 to 2 days before the transplant (total dose of 120 mg/m2)&#xD;
Melphalan: Melphalan 140 mg/m2 intravenously, 2 days before the transplant&#xD;
vadastuximab talirine: Pre-allo (before stem cell transplant) given 14 days before the stem cell transplant</description>
          </group>
        </group_list>
        <measure>
          <title>Best Response of CR or CRi</title>
          <description>Percentage of patients who achieved a best response of CRi (complete remission with incomplete blood count recovery) or CR (complete remission)</description>
          <population>Part A (pre-alloSCT) only</population>
          <units>Participants</units>
          <param>Count of Participants</param>
          <analyzed_list>
            <analyzed>
              <units>Participants</units>
              <scope>Measure</scope>
              <count_list>
                <count group_id="O1" value="6"/>
              </count_list>
            </analyzed>
          </analyzed_list>
          <class_list>
            <class>
              <category_list>
                <category>
                  <measurement_list>
                    <measurement group_id="O1" value="4"/>
                  </measurement_list>
                </category>
              </category_list>
            </class>
          </class_list>
        </measure>
      </outcome>
      <outcome>
        <type>Secondary</type>
        <title>Duration of Response</title>
        <description>Defined as the time from the start of the first documented complete response (CR) or complete remission with incomplete blood count recovery (CRi) to the documentation of relapse or death due to any cause.</description>
        <time_frame>9 weeks</time_frame>
        <population>Part A (pre-alloSCT) only</population>
        <group_list>
          <group group_id="O1">
            <title>Pre-allo (Before Stem Cell Transplant)</title>
            <description>Pre-allo reduced intensity chemotherapy vadastuximab talirine (melphalan and fludarabine)&#xD;
Fludarabine: 30 mg/m2/day intravenously, 5 to 2 days before the transplant (total dose of 120 mg/m2)&#xD;
Melphalan: Melphalan 140 mg/m2 intravenously, 2 days before the transplant&#xD;
vadastuximab talirine: Pre-allo (before stem cell transplant) given 14 days before the stem cell transplant</description>
          </group>
        </group_list>
        <measure>
          <title>Duration of Response</title>
          <description>Defined as the time from the start of the first documented complete response (CR) or complete remission with incomplete blood count recovery (CRi) to the documentation of relapse or death due to any cause.</description>
          <population>Part A (pre-alloSCT) only</population>
          <units>weeks</units>
          <param>Median</param>
          <dispersion>Full Range</dispersion>
          <analyzed_list>
            <analyzed>
              <units>Participants</units>
              <scope>Measure</scope>
              <count_list>
                <count group_id="O1" value="6"/>
              </count_list>
            </analyzed>
          </analyzed_list>
          <class_list>
            <class>
              <category_list>
                <category>
                  <measurement_list>
                    <measurement group_id="O1" value="6.57" lower_limit="3" upper_limit="9"/>
                  </measurement_list>
                </category>
              </category_list>
            </class>
          </class_list>
        </measure>
      </outcome>
      <outcome>
        <type>Secondary</type>
        <title>Overall Survival</title>
        <description>Defined as the time from the day of alloSCT to the date of death due to any cause.</description>
        <time_frame>Approximately 96 weeks</time_frame>
        <group_list>
          <group group_id="O1">
            <title>Pre-allo (Before Stem Cell Transplant)</title>
            <description>Pre-allo reduced intensity chemotherapy vadastuximab talirine (melphalan and fludarabine)&#xD;
Fludarabine: 30 mg/m2/day intravenously, 5 to 2 days before the transplant (total dose of 120 mg/m2)&#xD;
Melphalan: Melphalan 140 mg/m2 intravenously, 2 days before the transplant&#xD;
vadastuximab talirine: Pre-allo (before stem cell transplant) given 14 days before the stem cell transplant</description>
          </group>
          <group group_id="O2">
            <title>Post-allo (After Stem Cell Transplant)</title>
            <description>Post-allo vadastuximab talirine&#xD;
vadastuximab talirine: Post-allo (after stem cell transplant) given on Day 1 of each cycle</description>
          </group>
        </group_list>
        <measure>
          <title>Overall Survival</title>
          <description>Defined as the time from the day of alloSCT to the date of death due to any cause.</description>
          <units>weeks</units>
          <param>Median</param>
          <dispersion>Full Range</dispersion>
          <analyzed_list>
            <analyzed>
              <units>Participants</units>
              <scope>Measure</scope>
              <count_list>
                <count group_id="O1" value="6"/>
                <count group_id="O2" value="8"/>
              </count_list>
            </analyzed>
          </analyzed_list>
          <class_list>
            <class>
              <category_list>
                <category>
                  <measurement_list>
                    <measurement group_id="O1" value="11.07" lower_limit="7.43" upper_limit="15.71"/>
                    <measurement group_id="O2" value="NA" lower_limit="31.14" upper_limit="NA">&lt;50% of participants experienced an event</measurement>
                  </measurement_list>
                </category>
              </category_list>
            </class>
          </class_list>
        </measure>
      </outcome>
    </outcome_list>

    <reported_events>
      <time_frame>Up to approximately 1 year</time_frame>
      <desc>Treatment-emergent adverse events: a newly occurring or worsening adverse event after the first dose of study drug.</desc>
      <group_list>
        <group group_id="E1">
          <title>Pre-allo (Before Stem Cell Transplant)</title>
          <description>Pre-allo reduced intensity chemotherapy vadastuximab talirine (melphalan and fludarabine)&#xD;
Fludarabine: 30 mg/m2/day intravenously, 5 to 2 days before the transplant (total dose of 120 mg/m2)&#xD;
Melphalan: Melphalan 140 mg/m2 intravenously, 2 days before the transplant&#xD;
vadastuximab talirine: Pre-allo (before stem cell transplant) given 14 days before the stem cell transplant</description>
        </group>
        <group group_id="E2">
          <title>Post-allo (After Stem Cell Transplant)</title>
          <description>Post-allo vadastuximab talirine&#xD;
vadastuximab talirine: Post-allo (after stem cell transplant) given on Day 1 of each cycle</description>
        </group>
      </group_list>
      <serious_events>
        <default_vocab>MedDRA (18.0)</default_vocab>
        <default_assessment>Systematic Assessment</default_assessment>
        <category_list>
          <category>
            <title>Total</title>
            <event_list>
              <event>
                <sub_title>Total, all-cause mortality</sub_title>
                <counts group_id="E1" subjects_affected="6" subjects_at_risk="6"/>
                <counts group_id="E2" subjects_affected="2" subjects_at_risk="8"/>
              </event>
              <event>
                <sub_title>Total, serious adverse events</sub_title>
                <counts group_id="E1" subjects_affected="5" subjects_at_risk="6"/>
                <counts group_id="E2" subjects_affected="2" subjects_at_risk="8"/>
              </event>
            </event_list>
          </category>
          <category>
            <title>Blood and lymphatic system disorders</title>
            <event_list>
              <event>
                <sub_title>Febrile neutropenia</sub_title>
                <counts group_id="E1" subjects_affected="1" subjects_at_risk="6"/>
                <counts group_id="E2" subjects_affected="0" subjects_at_risk="8"/>
              </event>
            </event_list>
          </category>
          <category>
            <title>General disorders</title>
            <event_list>
              <event>
                <sub_title>Pyrexia</sub_title>
                <counts group_id="E1" subjects_affected="1" subjects_at_risk="6"/>
                <counts group_id="E2" subjects_affected="0" subjects_at_risk="8"/>
              </event>
            </event_list>
          </category>
          <category>
            <title>Hepatobiliary disorders</title>
            <event_list>
              <event>
                <sub_title>Venoocclusive liver disease</sub_title>
                <counts group_id="E1" subjects_affected="1" subjects_at_risk="6"/>
                <counts group_id="E2" subjects_affected="0" subjects_at_risk="8"/>
              </event>
            </event_list>
          </category>
          <category>
            <title>Immune system disorders</title>
            <event_list>
              <event>
                <sub_title>Graft versus host disease in gastrointestinal tract</sub_title>
                <counts group_id="E1" subjects_affected="1" subjects_at_risk="6"/>
                <counts group_id="E2" subjects_affected="0" subjects_at_risk="8"/>
              </event>
              <event>
                <sub_title>Graft versus host disease in lung</sub_title>
                <counts group_id="E1" subjects_affected="0" subjects_at_risk="6"/>
                <counts group_id="E2" subjects_affected="1" subjects_at_risk="8"/>
              </event>
            </event_list>
          </category>
          <category>
            <title>Infections and infestations</title>
            <event_list>
              <event>
                <sub_title>Device related infection</sub_title>
                <counts group_id="E1" subjects_affected="1" subjects_at_risk="6"/>
                <counts group_id="E2" subjects_affected="0" subjects_at_risk="8"/>
              </event>
              <event>
                <sub_title>Parotitis</sub_title>
                <counts group_id="E1" subjects_affected="1" subjects_at_risk="6"/>
                <counts group_id="E2" subjects_affected="0" subjects_at_risk="8"/>
              </event>
              <event>
                <sub_title>Pneumonia</sub_title>
                <counts group_id="E1" subjects_affected="0" subjects_at_risk="6"/>
                <counts group_id="E2" subjects_affected="1" subjects_at_risk="8"/>
              </event>
              <event>
                <sub_title>Sepsis</sub_title>
                <counts group_id="E1" subjects_affected="1" subjects_at_risk="6"/>
                <counts group_id="E2" subjects_affected="0" subjects_at_risk="8"/>
              </event>
              <event>
                <sub_title>Urinary tract infection</sub_title>
                <counts group_id="E1" subjects_affected="1" subjects_at_risk="6"/>
                <counts group_id="E2" subjects_affected="0" subjects_at_risk="8"/>
              </event>
            </event_list>
          </category>
          <category>
            <title>Injury, poisoning and procedural complications</title>
            <event_list>
              <event>
                <sub_title>Transfusion reaction</sub_title>
                <counts group_id="E1" subjects_affected="1" subjects_at_risk="6"/>
                <counts group_id="E2" subjects_affected="0" subjects_at_risk="8"/>
              </event>
            </event_list>
          </category>
          <category>
            <title>Investigations</title>
            <event_list>
              <event>
                <sub_title>Neutrophil count decreased</sub_title>
                <counts group_id="E1" subjects_affected="0" subjects_at_risk="6"/>
                <counts group_id="E2" subjects_affected="1" subjects_at_risk="8"/>
              </event>
              <event>
                <sub_title>Platelet count decreased</sub_title>
                <counts group_id="E1" subjects_affected="0" subjects_at_risk="6"/>
                <counts group_id="E2" subjects_affected="1" subjects_at_risk="8"/>
              </event>
              <event>
                <sub_title>White blood cell count decreased</sub_title>
                <counts group_id="E1" subjects_affected="0" subjects_at_risk="6"/>
                <counts group_id="E2" subjects_affected="1" subjects_at_risk="8"/>
              </event>
            </event_list>
          </category>
          <category>
            <title>Renal and urinary disorders</title>
            <event_list>
              <event>
                <sub_title>Acute kidney injury</sub_title>
                <counts group_id="E1" subjects_affected="2" subjects_at_risk="6"/>
                <counts group_id="E2" subjects_affected="0" subjects_at_risk="8"/>
              </event>
            </event_list>
          </category>
          <category>
            <title>Respiratory, thoracic and mediastinal disorders</title>
            <event_list>
              <event>
                <sub_title>Organising pneumonia</sub_title>
                <counts group_id="E1" subjects_affected="0" subjects_at_risk="6"/>
                <counts group_id="E2" subjects_affected="1" subjects_at_risk="8"/>
              </event>
              <event>
                <sub_title>Respiratory failure</sub_title>
                <counts group_id="E1" subjects_affected="1" subjects_at_risk="6"/>
                <counts group_id="E2" subjects_affected="0" subjects_at_risk="8"/>
              </event>
            </event_list>
          </category>
          <category>
            <title>Vascular disorders</title>
            <event_list>
              <event>
                <sub_title>Venoocclusive disease</sub_title>
                <counts group_id="E1" subjects_affected="1" subjects_at_risk="6"/>
                <counts group_id="E2" subjects_affected="0" subjects_at_risk="8"/>
              </event>
            </event_list>
          </category>
        </category_list>
      </serious_events>
      <other_events>
        <frequency_threshold>5</frequency_threshold>
        <default_vocab>MedDRA (18.0)</default_vocab>
        <default_assessment>Systematic Assessment</default_assessment>
        <category_list>
          <category>
            <title>Total</title>
            <event_list>
              <event>
                <sub_title>Total, other adverse events</sub_title>
                <counts group_id="E1" subjects_affected="6" subjects_at_risk="6"/>
                <counts group_id="E2" subjects_affected="8" subjects_at_risk="8"/>
              </event>
            </event_list>
          </category>
          <category>
            <title>Blood and lymphatic system disorders</title>
            <event_list>
              <event>
                <sub_title>Anaemia</sub_title>
                <counts group_id="E1" subjects_affected="1" subjects_at_risk="6"/>
                <counts group_id="E2" subjects_affected="1" subjects_at_risk="8"/>
              </event>
              <event>
                <sub_title>Febrile neutropenia</sub_title>
                <counts group_id="E1" subjects_affected="1" subjects_at_risk="6"/>
                <counts group_id="E2" subjects_affected="0" subjects_at_risk="8"/>
              </event>
              <event>
                <sub_title>Leukopenia</sub_title>
                <counts group_id="E1" subjects_affected="0" subjects_at_risk="6"/>
                <counts group_id="E2" subjects_affected="3" subjects_at_risk="8"/>
              </event>
              <event>
                <sub_title>Neutropenia</sub_title>
                <counts group_id="E1" subjects_affected="1" subjects_at_risk="6"/>
                <counts group_id="E2" subjects_affected="5" subjects_at_risk="8"/>
              </event>
              <event>
                <sub_title>Thrombocytopenia</sub_title>
                <counts group_id="E1" subjects_affected="2" subjects_at_risk="6"/>
                <counts group_id="E2" subjects_affected="5" subjects_at_risk="8"/>
              </event>
            </event_list>
          </category>
          <category>
            <title>Cardiac disorders</title>
            <event_list>
              <event>
                <sub_title>Atrial fibrillation</sub_title>
                <counts group_id="E1" subjects_affected="1" subjects_at_risk="6"/>
                <counts group_id="E2" subjects_affected="0" subjects_at_risk="8"/>
              </event>
              <event>
                <sub_title>Atrial flutter</sub_title>
                <counts group_id="E1" subjects_affected="1" subjects_at_risk="6"/>
                <counts group_id="E2" subjects_affected="0" subjects_at_risk="8"/>
              </event>
              <event>
                <sub_title>Cardiomegaly</sub_title>
                <counts group_id="E1" subjects_affected="1" subjects_at_risk="6"/>
                <counts group_id="E2" subjects_affected="0" subjects_at_risk="8"/>
              </event>
            </event_list>
          </category>
          <category>
            <title>Ear and labyrinth disorders</title>
            <event_list>
              <event>
                <sub_title>Vertigo</sub_title>
                <counts group_id="E1" subjects_affected="0" subjects_at_risk="6"/>
                <counts group_id="E2" subjects_affected="1" subjects_at_risk="8"/>
              </event>
            </event_list>
          </category>
          <category>
            <title>Eye disorders</title>
            <event_list>
              <event>
                <sub_title>Conjunctival haemorrhage</sub_title>
                <counts group_id="E1" subjects_affected="1" subjects_at_risk="6"/>
                <counts group_id="E2" subjects_affected="0" subjects_at_risk="8"/>
              </event>
              <event>
                <sub_title>Dry eye</sub_title>
                <counts group_id="E1" subjects_affected="0" subjects_at_risk="6"/>
                <counts group_id="E2" subjects_affected="1" subjects_at_risk="8"/>
              </event>
              <event>
                <sub_title>Eye discharge</sub_title>
                <counts group_id="E1" subjects_affected="0" subjects_at_risk="6"/>
                <counts group_id="E2" subjects_affected="1" subjects_at_risk="8"/>
              </event>
              <event>
                <sub_title>Eye pain</sub_title>
                <counts group_id="E1" subjects_affected="0" subjects_at_risk="6"/>
                <counts group_id="E2" subjects_affected="1" subjects_at_risk="8"/>
              </event>
              <event>
                <sub_title>Eye pruritus</sub_title>
                <counts group_id="E1" subjects_affected="1" subjects_at_risk="6"/>
                <counts group_id="E2" subjects_affected="0" subjects_at_risk="8"/>
              </event>
            </event_list>
          </category>
          <category>
            <title>Gastrointestinal disorders</title>
            <event_list>
              <event>
                <sub_title>Abdominal distension</sub_title>
                <counts group_id="E1" subjects_affected="1" subjects_at_risk="6"/>
                <counts group_id="E2" subjects_affected="0" subjects_at_risk="8"/>
              </event>
              <event>
                <sub_title>Abdominal pain</sub_title>
                <counts group_id="E1" subjects_affected="2" subjects_at_risk="6"/>
                <counts group_id="E2" subjects_affected="0" subjects_at_risk="8"/>
              </event>
              <event>
                <sub_title>Ascites</sub_title>
                <counts group_id="E1" subjects_affected="1" subjects_at_risk="6"/>
                <counts group_id="E2" subjects_affected="0" subjects_at_risk="8"/>
              </event>
              <event>
                <sub_title>Constipation</sub_title>
                <counts group_id="E1" subjects_affected="1" subjects_at_risk="6"/>
                <counts group_id="E2" subjects_affected="2" subjects_at_risk="8"/>
              </event>
              <event>
                <sub_title>Diarrhoea</sub_title>
                <counts group_id="E1" subjects_affected="3" subjects_at_risk="6"/>
                <counts group_id="E2" subjects_affected="1" subjects_at_risk="8"/>
              </event>
              <event>
                <sub_title>Dry mouth</sub_title>
                <counts group_id="E1" subjects_affected="1" subjects_at_risk="6"/>
                <counts group_id="E2" subjects_affected="0" subjects_at_risk="8"/>
              </event>
              <event>
                <sub_title>Enterocolitis</sub_title>
                <counts group_id="E1" subjects_affected="1" subjects_at_risk="6"/>
                <counts group_id="E2" subjects_affected="0" subjects_at_risk="8"/>
              </event>
              <event>
                <sub_title>Flatulence</sub_title>
                <counts group_id="E1" subjects_affected="1" subjects_at_risk="6"/>
                <counts group_id="E2" subjects_affected="0" subjects_at_risk="8"/>
              </event>
              <event>
                <sub_title>Lower gastrointestinal haemorrhage</sub_title>
                <counts group_id="E1" subjects_affected="1" subjects_at_risk="6"/>
                <counts group_id="E2" subjects_affected="0" subjects_at_risk="8"/>
              </event>
              <event>
                <sub_title>Nausea</sub_title>
                <counts group_id="E1" subjects_affected="5" subjects_at_risk="6"/>
                <counts group_id="E2" subjects_affected="2" subjects_at_risk="8"/>
              </event>
              <event>
                <sub_title>Proctalgia</sub_title>
                <counts group_id="E1" subjects_affected="0" subjects_at_risk="6"/>
                <counts group_id="E2" subjects_affected="1" subjects_at_risk="8"/>
              </event>
              <event>
                <sub_title>Stomatitis</sub_title>
                <counts group_id="E1" subjects_affected="3" subjects_at_risk="6"/>
                <counts group_id="E2" subjects_affected="0" subjects_at_risk="8"/>
              </event>
              <event>
                <sub_title>Upper gastrointestinal haemorrhage</sub_title>
                <counts group_id="E1" subjects_affected="1" subjects_at_risk="6"/>
                <counts group_id="E2" subjects_affected="0" subjects_at_risk="8"/>
              </event>
              <event>
                <sub_title>Vomiting</sub_title>
                <counts group_id="E1" subjects_affected="4" subjects_at_risk="6"/>
                <counts group_id="E2" subjects_affected="2" subjects_at_risk="8"/>
              </event>
            </event_list>
          </category>
          <category>
            <title>General disorders</title>
            <event_list>
              <event>
                <sub_title>Asthenia</sub_title>
                <counts group_id="E1" subjects_affected="0" subjects_at_risk="6"/>
                <counts group_id="E2" subjects_affected="1" subjects_at_risk="8"/>
              </event>
              <event>
                <sub_title>Chills</sub_title>
                <counts group_id="E1" subjects_affected="2" subjects_at_risk="6"/>
                <counts group_id="E2" subjects_affected="0" subjects_at_risk="8"/>
              </event>
              <event>
                <sub_title>Face oedema</sub_title>
                <counts group_id="E1" subjects_affected="1" subjects_at_risk="6"/>
                <counts group_id="E2" subjects_affected="1" subjects_at_risk="8"/>
              </event>
              <event>
                <sub_title>Fatigue</sub_title>
                <counts group_id="E1" subjects_affected="3" subjects_at_risk="6"/>
                <counts group_id="E2" subjects_affected="4" subjects_at_risk="8"/>
              </event>
              <event>
                <sub_title>Malaise</sub_title>
                <counts group_id="E1" subjects_affected="1" subjects_at_risk="6"/>
                <counts group_id="E2" subjects_affected="0" subjects_at_risk="8"/>
              </event>
              <event>
                <sub_title>Non-cardiac chest pain</sub_title>
                <counts group_id="E1" subjects_affected="3" subjects_at_risk="6"/>
                <counts group_id="E2" subjects_affected="0" subjects_at_risk="8"/>
              </event>
              <event>
                <sub_title>Oedema peripheral</sub_title>
                <counts group_id="E1" subjects_affected="5" subjects_at_risk="6"/>
                <counts group_id="E2" subjects_affected="1" subjects_at_risk="8"/>
              </event>
              <event>
                <sub_title>Pyrexia</sub_title>
                <counts group_id="E1" subjects_affected="1" subjects_at_risk="6"/>
                <counts group_id="E2" subjects_affected="1" subjects_at_risk="8"/>
              </event>
            </event_list>
          </category>
          <category>
            <title>Immune system disorders</title>
            <event_list>
              <event>
                <sub_title>Graft versus host disease in eye</sub_title>
                <counts group_id="E1" subjects_affected="0" subjects_at_risk="6"/>
                <counts group_id="E2" subjects_affected="1" subjects_at_risk="8"/>
              </event>
            </event_list>
          </category>
          <category>
            <title>Infections and infestations</title>
            <event_list>
              <event>
                <sub_title>Candida infection</sub_title>
                <counts group_id="E1" subjects_affected="1" subjects_at_risk="6"/>
                <counts group_id="E2" subjects_affected="1" subjects_at_risk="8"/>
              </event>
              <event>
                <sub_title>Device related infection</sub_title>
                <counts group_id="E1" subjects_affected="1" subjects_at_risk="6"/>
                <counts group_id="E2" subjects_affected="0" subjects_at_risk="8"/>
              </event>
              <event>
                <sub_title>Enterococcal infection</sub_title>
                <counts group_id="E1" subjects_affected="1" subjects_at_risk="6"/>
                <counts group_id="E2" subjects_affected="0" subjects_at_risk="8"/>
              </event>
              <event>
                <sub_title>Pneumonia fungal</sub_title>
                <counts group_id="E1" subjects_affected="1" subjects_at_risk="6"/>
                <counts group_id="E2" subjects_affected="0" subjects_at_risk="8"/>
              </event>
              <event>
                <sub_title>Systemic candida</sub_title>
                <counts group_id="E1" subjects_affected="1" subjects_at_risk="6"/>
                <counts group_id="E2" subjects_affected="0" subjects_at_risk="8"/>
              </event>
              <event>
                <sub_title>Upper respiratory tract infection</sub_title>
                <counts group_id="E1" subjects_affected="0" subjects_at_risk="6"/>
                <counts group_id="E2" subjects_affected="1" subjects_at_risk="8"/>
              </event>
            </event_list>
          </category>
          <category>
            <title>Injury, poisoning and procedural complications</title>
            <event_list>
              <event>
                <sub_title>Contusion</sub_title>
                <counts group_id="E1" subjects_affected="0" subjects_at_risk="6"/>
                <counts group_id="E2" subjects_affected="1" subjects_at_risk="8"/>
              </event>
              <event>
                <sub_title>Fall</sub_title>
                <counts group_id="E1" subjects_affected="1" subjects_at_risk="6"/>
                <counts group_id="E2" subjects_affected="0" subjects_at_risk="8"/>
              </event>
            </event_list>
          </category>
          <category>
            <title>Investigations</title>
            <event_list>
              <event>
                <sub_title>Blood alkaline phosphatase increased</sub_title>
                <counts group_id="E1" subjects_affected="0" subjects_at_risk="6"/>
                <counts group_id="E2" subjects_affected="1" subjects_at_risk="8"/>
              </event>
              <event>
                <sub_title>Blood creatinine increased</sub_title>
                <counts group_id="E1" subjects_affected="0" subjects_at_risk="6"/>
                <counts group_id="E2" subjects_affected="1" subjects_at_risk="8"/>
              </event>
              <event>
                <sub_title>Respirovirus test positive</sub_title>
                <counts group_id="E1" subjects_affected="0" subjects_at_risk="6"/>
                <counts group_id="E2" subjects_affected="1" subjects_at_risk="8"/>
              </event>
              <event>
                <sub_title>Staphylococcus test positive</sub_title>
                <counts group_id="E1" subjects_affected="1" subjects_at_risk="6"/>
                <counts group_id="E2" subjects_affected="0" subjects_at_risk="8"/>
              </event>
              <event>
                <sub_title>Weight decreased</sub_title>
                <counts group_id="E1" subjects_affected="0" subjects_at_risk="6"/>
                <counts group_id="E2" subjects_affected="1" subjects_at_risk="8"/>
              </event>
              <event>
                <sub_title>Weight increased</sub_title>
                <counts group_id="E1" subjects_affected="1" subjects_at_risk="6"/>
                <counts group_id="E2" subjects_affected="0" subjects_at_risk="8"/>
              </event>
              <event>
                <sub_title>White blood cell count decreased</sub_title>
                <counts group_id="E1" subjects_affected="0" subjects_at_risk="6"/>
                <counts group_id="E2" subjects_affected="1" subjects_at_risk="8"/>
              </event>
            </event_list>
          </category>
          <category>
            <title>Metabolism and nutrition disorders</title>
            <event_list>
              <event>
                <sub_title>Decreased appetite</sub_title>
                <counts group_id="E1" subjects_affected="3" subjects_at_risk="6"/>
                <counts group_id="E2" subjects_affected="0" subjects_at_risk="8"/>
              </event>
              <event>
                <sub_title>Dehydration</sub_title>
                <counts group_id="E1" subjects_affected="0" subjects_at_risk="6"/>
                <counts group_id="E2" subjects_affected="1" subjects_at_risk="8"/>
              </event>
              <event>
                <sub_title>Hyperglycaemia</sub_title>
                <counts group_id="E1" subjects_affected="3" subjects_at_risk="6"/>
                <counts group_id="E2" subjects_affected="0" subjects_at_risk="8"/>
              </event>
              <event>
                <sub_title>Hypokalaemia</sub_title>
                <counts group_id="E1" subjects_affected="0" subjects_at_risk="6"/>
                <counts group_id="E2" subjects_affected="2" subjects_at_risk="8"/>
              </event>
              <event>
                <sub_title>Hyponatraemia</sub_title>
                <counts group_id="E1" subjects_affected="1" subjects_at_risk="6"/>
                <counts group_id="E2" subjects_affected="0" subjects_at_risk="8"/>
              </event>
            </event_list>
          </category>
          <category>
            <title>Musculoskeletal and connective tissue disorders</title>
            <event_list>
              <event>
                <sub_title>Arthralgia</sub_title>
                <counts group_id="E1" subjects_affected="0" subjects_at_risk="6"/>
                <counts group_id="E2" subjects_affected="2" subjects_at_risk="8"/>
              </event>
              <event>
                <sub_title>Arthritis</sub_title>
                <counts group_id="E1" subjects_affected="0" subjects_at_risk="6"/>
                <counts group_id="E2" subjects_affected="1" subjects_at_risk="8"/>
              </event>
              <event>
                <sub_title>Back pain</sub_title>
                <counts group_id="E1" subjects_affected="2" subjects_at_risk="6"/>
                <counts group_id="E2" subjects_affected="1" subjects_at_risk="8"/>
              </event>
              <event>
                <sub_title>Bone pain</sub_title>
                <counts group_id="E1" subjects_affected="1" subjects_at_risk="6"/>
                <counts group_id="E2" subjects_affected="2" subjects_at_risk="8"/>
              </event>
              <event>
                <sub_title>Joint swelling</sub_title>
                <counts group_id="E1" subjects_affected="0" subjects_at_risk="6"/>
                <counts group_id="E2" subjects_affected="1" subjects_at_risk="8"/>
              </event>
              <event>
                <sub_title>Neck pain</sub_title>
                <counts group_id="E1" subjects_affected="1" subjects_at_risk="6"/>
                <counts group_id="E2" subjects_affected="0" subjects_at_risk="8"/>
              </event>
              <event>
                <sub_title>Pain in extremity</sub_title>
                <counts group_id="E1" subjects_affected="0" subjects_at_risk="6"/>
                <counts group_id="E2" subjects_affected="1" subjects_at_risk="8"/>
              </event>
            </event_list>
          </category>
          <category>
            <title>Neoplasms benign, malignant and unspecified (incl cysts and polyps)</title>
            <event_list>
              <event>
                <sub_title>Basal cell carcinoma</sub_title>
                <counts group_id="E1" subjects_affected="0" subjects_at_risk="6"/>
                <counts group_id="E2" subjects_affected="1" subjects_at_risk="8"/>
              </event>
            </event_list>
          </category>
          <category>
            <title>Nervous system disorders</title>
            <event_list>
              <event>
                <sub_title>Dysgeusia</sub_title>
                <counts group_id="E1" subjects_affected="1" subjects_at_risk="6"/>
                <counts group_id="E2" subjects_affected="0" subjects_at_risk="8"/>
              </event>
              <event>
                <sub_title>Headache</sub_title>
                <counts group_id="E1" subjects_affected="3" subjects_at_risk="6"/>
                <counts group_id="E2" subjects_affected="3" subjects_at_risk="8"/>
              </event>
              <event>
                <sub_title>Memory impairment</sub_title>
                <counts group_id="E1" subjects_affected="1" subjects_at_risk="6"/>
                <counts group_id="E2" subjects_affected="0" subjects_at_risk="8"/>
              </event>
              <event>
                <sub_title>Peripheral sensory neuropathy</sub_title>
                <counts group_id="E1" subjects_affected="1" subjects_at_risk="6"/>
                <counts group_id="E2" subjects_affected="0" subjects_at_risk="8"/>
              </event>
              <event>
                <sub_title>Seizure</sub_title>
                <counts group_id="E1" subjects_affected="1" subjects_at_risk="6"/>
                <counts group_id="E2" subjects_affected="0" subjects_at_risk="8"/>
              </event>
              <event>
                <sub_title>Somnolence</sub_title>
                <counts group_id="E1" subjects_affected="1" subjects_at_risk="6"/>
                <counts group_id="E2" subjects_affected="0" subjects_at_risk="8"/>
              </event>
              <event>
                <sub_title>Tremor</sub_title>
                <counts group_id="E1" subjects_affected="1" subjects_at_risk="6"/>
                <counts group_id="E2" subjects_affected="0" subjects_at_risk="8"/>
              </event>
            </event_list>
          </category>
          <category>
            <title>Psychiatric disorders</title>
            <event_list>
              <event>
                <sub_title>Agitation</sub_title>
                <counts group_id="E1" subjects_affected="1" subjects_at_risk="6"/>
                <counts group_id="E2" subjects_affected="0" subjects_at_risk="8"/>
              </event>
              <event>
                <sub_title>Confusional state</sub_title>
                <counts group_id="E1" subjects_affected="1" subjects_at_risk="6"/>
                <counts group_id="E2" subjects_affected="0" subjects_at_risk="8"/>
              </event>
              <event>
                <sub_title>Depression</sub_title>
                <counts group_id="E1" subjects_affected="1" subjects_at_risk="6"/>
                <counts group_id="E2" subjects_affected="0" subjects_at_risk="8"/>
              </event>
              <event>
                <sub_title>Hallucination</sub_title>
                <counts group_id="E1" subjects_affected="1" subjects_at_risk="6"/>
                <counts group_id="E2" subjects_affected="0" subjects_at_risk="8"/>
              </event>
              <event>
                <sub_title>Insomnia</sub_title>
                <counts group_id="E1" subjects_affected="5" subjects_at_risk="6"/>
                <counts group_id="E2" subjects_affected="0" subjects_at_risk="8"/>
              </event>
              <event>
                <sub_title>Mental status changes</sub_title>
                <counts group_id="E1" subjects_affected="1" subjects_at_risk="6"/>
                <counts group_id="E2" subjects_affected="0" subjects_at_risk="8"/>
              </event>
            </event_list>
          </category>
          <category>
            <title>Renal and urinary disorders</title>
            <event_list>
              <event>
                <sub_title>Acute kidney injury</sub_title>
                <counts group_id="E1" subjects_affected="1" subjects_at_risk="6"/>
                <counts group_id="E2" subjects_affected="1" subjects_at_risk="8"/>
              </event>
              <event>
                <sub_title>Bladder hypertrophy</sub_title>
                <counts group_id="E1" subjects_affected="1" subjects_at_risk="6"/>
                <counts group_id="E2" subjects_affected="0" subjects_at_risk="8"/>
              </event>
              <event>
                <sub_title>Haematuria</sub_title>
                <counts group_id="E1" subjects_affected="1" subjects_at_risk="6"/>
                <counts group_id="E2" subjects_affected="0" subjects_at_risk="8"/>
              </event>
              <event>
                <sub_title>Pollakiuria</sub_title>
                <counts group_id="E1" subjects_affected="1" subjects_at_risk="6"/>
                <counts group_id="E2" subjects_affected="1" subjects_at_risk="8"/>
              </event>
              <event>
                <sub_title>Renal failure</sub_title>
                <counts group_id="E1" subjects_affected="1" subjects_at_risk="6"/>
                <counts group_id="E2" subjects_affected="0" subjects_at_risk="8"/>
              </event>
              <event>
                <sub_title>Urinary incontinence</sub_title>
                <counts group_id="E1" subjects_affected="1" subjects_at_risk="6"/>
                <counts group_id="E2" subjects_affected="0" subjects_at_risk="8"/>
              </event>
              <event>
                <sub_title>Urinary retention</sub_title>
                <counts group_id="E1" subjects_affected="1" subjects_at_risk="6"/>
                <counts group_id="E2" subjects_affected="0" subjects_at_risk="8"/>
              </event>
              <event>
                <sub_title>Urinary tract pain</sub_title>
                <counts group_id="E1" subjects_affected="1" subjects_at_risk="6"/>
                <counts group_id="E2" subjects_affected="0" subjects_at_risk="8"/>
              </event>
            </event_list>
          </category>
          <category>
            <title>Reproductive system and breast disorders</title>
            <event_list>
              <event>
                <sub_title>Menorrhagia</sub_title>
                <counts group_id="E1" subjects_affected="1" subjects_at_risk="6"/>
                <counts group_id="E2" subjects_affected="0" subjects_at_risk="8"/>
              </event>
            </event_list>
          </category>
          <category>
            <title>Respiratory, thoracic and mediastinal disorders</title>
            <event_list>
              <event>
                <sub_title>Cough</sub_title>
                <counts group_id="E1" subjects_affected="2" subjects_at_risk="6"/>
                <counts group_id="E2" subjects_affected="0" subjects_at_risk="8"/>
              </event>
              <event>
                <sub_title>Dysphonia</sub_title>
                <counts group_id="E1" subjects_affected="1" subjects_at_risk="6"/>
                <counts group_id="E2" subjects_affected="0" subjects_at_risk="8"/>
              </event>
              <event>
                <sub_title>Dyspnoea</sub_title>
                <counts group_id="E1" subjects_affected="4" subjects_at_risk="6"/>
                <counts group_id="E2" subjects_affected="0" subjects_at_risk="8"/>
              </event>
              <event>
                <sub_title>Epistaxis</sub_title>
                <counts group_id="E1" subjects_affected="3" subjects_at_risk="6"/>
                <counts group_id="E2" subjects_affected="1" subjects_at_risk="8"/>
              </event>
              <event>
                <sub_title>Hiccups</sub_title>
                <counts group_id="E1" subjects_affected="1" subjects_at_risk="6"/>
                <counts group_id="E2" subjects_affected="0" subjects_at_risk="8"/>
              </event>
              <event>
                <sub_title>Hypoxia</sub_title>
                <counts group_id="E1" subjects_affected="1" subjects_at_risk="6"/>
                <counts group_id="E2" subjects_affected="0" subjects_at_risk="8"/>
              </event>
              <event>
                <sub_title>Nasal congestion</sub_title>
                <counts group_id="E1" subjects_affected="1" subjects_at_risk="6"/>
                <counts group_id="E2" subjects_affected="1" subjects_at_risk="8"/>
              </event>
              <event>
                <sub_title>Oropharyngeal pain</sub_title>
                <counts group_id="E1" subjects_affected="1" subjects_at_risk="6"/>
                <counts group_id="E2" subjects_affected="0" subjects_at_risk="8"/>
              </event>
              <event>
                <sub_title>Pleural effusion</sub_title>
                <counts group_id="E1" subjects_affected="1" subjects_at_risk="6"/>
                <counts group_id="E2" subjects_affected="0" subjects_at_risk="8"/>
              </event>
              <event>
                <sub_title>Productive cough</sub_title>
                <counts group_id="E1" subjects_affected="0" subjects_at_risk="6"/>
                <counts group_id="E2" subjects_affected="1" subjects_at_risk="8"/>
              </event>
              <event>
                <sub_title>Pulmonary artery wall hypertrophy</sub_title>
                <counts group_id="E1" subjects_affected="1" subjects_at_risk="6"/>
                <counts group_id="E2" subjects_affected="0" subjects_at_risk="8"/>
              </event>
              <event>
                <sub_title>Pulmonary mass</sub_title>
                <counts group_id="E1" subjects_affected="1" subjects_at_risk="6"/>
                <counts group_id="E2" subjects_affected="0" subjects_at_risk="8"/>
              </event>
              <event>
                <sub_title>Pulmonary oedema</sub_title>
                <counts group_id="E1" subjects_affected="1" subjects_at_risk="6"/>
                <counts group_id="E2" subjects_affected="0" subjects_at_risk="8"/>
              </event>
              <event>
                <sub_title>Pulmonary pain</sub_title>
                <counts group_id="E1" subjects_affected="1" subjects_at_risk="6"/>
                <counts group_id="E2" subjects_affected="0" subjects_at_risk="8"/>
              </event>
              <event>
                <sub_title>Tachypnoea</sub_title>
                <counts group_id="E1" subjects_affected="1" subjects_at_risk="6"/>
                <counts group_id="E2" subjects_affected="0" subjects_at_risk="8"/>
              </event>
            </event_list>
          </category>
          <category>
            <title>Skin and subcutaneous tissue disorders</title>
            <event_list>
              <event>
                <sub_title>Dermatitis</sub_title>
                <counts group_id="E1" subjects_affected="1" subjects_at_risk="6"/>
                <counts group_id="E2" subjects_affected="0" subjects_at_risk="8"/>
              </event>
              <event>
                <sub_title>Dry skin</sub_title>
                <counts group_id="E1" subjects_affected="0" subjects_at_risk="6"/>
                <counts group_id="E2" subjects_affected="2" subjects_at_risk="8"/>
              </event>
              <event>
                <sub_title>Erythema</sub_title>
                <counts group_id="E1" subjects_affected="0" subjects_at_risk="6"/>
                <counts group_id="E2" subjects_affected="1" subjects_at_risk="8"/>
              </event>
              <event>
                <sub_title>Pruritus</sub_title>
                <counts group_id="E1" subjects_affected="0" subjects_at_risk="6"/>
                <counts group_id="E2" subjects_affected="1" subjects_at_risk="8"/>
              </event>
              <event>
                <sub_title>Rash maculo-papular</sub_title>
                <counts group_id="E1" subjects_affected="2" subjects_at_risk="6"/>
                <counts group_id="E2" subjects_affected="1" subjects_at_risk="8"/>
              </event>
              <event>
                <sub_title>Skin lesion</sub_title>
                <counts group_id="E1" subjects_affected="1" subjects_at_risk="6"/>
                <counts group_id="E2" subjects_affected="0" subjects_at_risk="8"/>
              </event>
            </event_list>
          </category>
          <category>
            <title>Vascular disorders</title>
            <event_list>
              <event>
                <sub_title>Embolism</sub_title>
                <counts group_id="E1" subjects_affected="0" subjects_at_risk="6"/>
                <counts group_id="E2" subjects_affected="1" subjects_at_risk="8"/>
              </event>
              <event>
                <sub_title>Hypertension</sub_title>
                <counts group_id="E1" subjects_affected="1" subjects_at_risk="6"/>
                <counts group_id="E2" subjects_affected="1" subjects_at_risk="8"/>
              </event>
              <event>
                <sub_title>Hypotension</sub_title>
                <counts group_id="E1" subjects_affected="1" subjects_at_risk="6"/>
                <counts group_id="E2" subjects_affected="0" subjects_at_risk="8"/>
              </event>
            </event_list>
          </category>
        </category_list>
      </other_events>
    </reported_events>

    <certain_agreements>
      <pi_employee>Principal Investigators are NOT employed by the organization sponsoring the study.</pi_employee>
      <restrictive_agreement>The only disclosure restriction on the PI is that the sponsor can review results communications prior to public release and can embargo communications regarding trial results for a period that is more than 60 days but less than or equal to 180 days. The sponsor cannot require changes to the communication and cannot extend the embargo.</restrictive_agreement>
    </certain_agreements>
    <limitations_and_caveats>No patients were enrolled in Phase 2 due to study termination.</limitations_and_caveats>
    <point_of_contact>
      <name_or_title>Chief Medical Officer</name_or_title>
      <organization>Seattle Genetics, Inc.</organization>
      <phone>855-473-2436</phone>
      <email>medinfo@seagen.com</email>
    </point_of_contact>
  </clinical_results>
</clinical_study>

