<?xml version="1.0" encoding="UTF-8"?>
<clinical_study rank="181">
  <!-- This xml conforms to an XML Schema at:
    https://clinicaltrials.gov/ct2/html/images/info/public.xsd -->
  <required_header>
    <download_date>ClinicalTrials.gov processed this data on February 06, 2024</download_date>
    <link_text>Link to the current ClinicalTrials.gov record.</link_text>
    <url>https://clinicaltrials.gov/ct2/show/NCT03170895</url>
  </required_header>
  <id_info>
    <org_study_id>AML008</org_study_id>
    <nct_id>NCT03170895</nct_id>
  </id_info>
  <brief_title>Combination of Sorafenib and Omacetaxine Mepesuccinate in Newly Diagnosed or Relapsed/Refractory AML Carrying FLT3-ITD</brief_title>
  <official_title>A Phase II Single-arm Open-labeled Study Evaluating Combination of Sorafenib and Omacetaxine Mepesuccinate in Newly Diagnosed or Relapsed/Refractory AML Carrying FLT3-ITD</official_title>
  <sponsors>
    <lead_sponsor>
      <agency>The University of Hong Kong</agency>
      <agency_class>Other</agency_class>
    </lead_sponsor>
  </sponsors>
  <source>The University of Hong Kong</source>
  <oversight_info>
    <has_dmc>Yes</has_dmc>
    <is_fda_regulated_drug>No</is_fda_regulated_drug>
    <is_fda_regulated_device>No</is_fda_regulated_device>
  </oversight_info>
  <brief_summary>
    <textblock>
      The study aims to test if combination of sorafenib and omacetaxine mepesuccinate (OM, also&#xD;
      known as homoharringtonine) results in durable composite complete remission (CRc) in patients&#xD;
      with newly diagnosed or relapsed/refractory (R/R) acute myeloid leukemia (AML) carrying&#xD;
      FLT3-ITD (Fms-Like Tyrosine Kinase 3 - Internal Tandem Duplication).&#xD;
    </textblock>
  </brief_summary>
  <detailed_description>
    <textblock>
      The type of AML being studied in this clinical trial is known as FMS-like tyrosine kinase 3&#xD;
      (FLT3)-internal tandem duplication (ITD) positive AML. This type of AML has an alteration (or&#xD;
      mutation) in genes, which may associated with high risk of relapse after conventional&#xD;
      chemotherapy and hence an extremely poor clinical outcome.&#xD;
&#xD;
      FLT3 inhibitors including sorafenib are effective in inducing remission. However, their&#xD;
      effects are only transient. There is an unmet clinic need to enhance their effectiveness,&#xD;
      hence clinical application.&#xD;
&#xD;
      This is a Phase II single-arm open-labeled study. A total of 40 eligible patients with&#xD;
      consent will be recruited, including 20 patients with newly diagnosed and 20 with R/R&#xD;
      FLT3-ITD AML.&#xD;
&#xD;
      For newly diagnosed patients, diagnostic bone marrow (BM) and/or peripheral blood (PB) will&#xD;
      be evaluated by next generation sequencing (NGS) based on myeloid panel that comprises 54&#xD;
      myeloid genes as well as their in vitro response to sorafenib and omacetaxine mepesuccinate&#xD;
      (OM) based on an in-house platform that was established in our laboratory. FLT3-ITD allelic&#xD;
      burden will also be evaluated.&#xD;
&#xD;
      For R/R patients, FLT3-ITD status and allelic burden will be confirmed before treatment. Both&#xD;
      groups of patients will receive sorafenib 400 mg twice daily continuously and OM 1.5 mg/m2&#xD;
      daily for 7 days every 28 days until progression or allogeneic hematopoietic stem cell&#xD;
      transplantation (HSCT). Thereafter, patients will be followed up and information about&#xD;
      disease status and survival will be collected. BM examination will be performed on day 28 to&#xD;
      document morphological response and FLT3-ITD allelic burden.&#xD;
&#xD;
      At leukemia progression, BM and/or PB samples will be collected and their in vitro response&#xD;
      to sorafenib and OM examined. The tyrosine kinase domain (TKD) of FLT3 will also be sequenced&#xD;
      and FLT3-ITD allelic burden will be evaluated.&#xD;
    </textblock>
  </detailed_description>
  <overall_status>Completed</overall_status>
  <start_date type="Actual">July 1, 2017</start_date>
  <completion_date type="Actual">March 1, 2020</completion_date>
  <primary_completion_date type="Actual">February 1, 2020</primary_completion_date>
  <phase>Phase 2</phase>
  <study_type>Interventional</study_type>
  <has_expanded_access>No</has_expanded_access>
  <study_design_info>
    <allocation>N/A</allocation>
    <intervention_model>Single Group Assignment</intervention_model>
    <primary_purpose>Treatment</primary_purpose>
    <masking>None (Open Label)</masking>
  </study_design_info>
  <primary_outcome>
    <measure>Complete remission</measure>
    <time_frame>up to 16 weeks</time_frame>
    <description>No increase in blasts in BM or PB (&lt;5% of total nucleated cells), with absolute neutrophil count ≥ 1x109/L and platelet count ≥ 100 x109/L</description>
  </primary_outcome>
  <number_of_arms>1</number_of_arms>
  <enrollment type="Actual">5</enrollment>
  <condition>AML</condition>
  <condition>FLT3-ITD Mutation</condition>
  <arm_group>
    <arm_group_label>sorafenib and Omacetaxine Mepesuccinate</arm_group_label>
    <arm_group_type>Experimental</arm_group_type>
    <description>The starting dose of sorafenib will be 400 mg twice daily. Sorafenib should be taken continuously throughout the treatment period unless there is no evidence of response at first assessment on day 28 or progressive disease at any time during the treatment.&#xD;
OM will be given at 1.5 mg/m2/day (maximum dose 3 mg) for 7 days (concurrently with sorafenib) in 28-day cycle.&#xD;
Sorafenib and OM will be continued until leukemia progression or allogeneic HSCT. Thereafter, patients will be followed up and information about disease status and survival will be collected.</description>
  </arm_group>
  <intervention>
    <intervention_type>Drug</intervention_type>
    <intervention_name>Sorafenib</intervention_name>
    <description>Sorafenib a kinase inhibitor indicated for the treatment of Unresectable hepatocellular carcinoma; Advanced renal cell carcinoma</description>
    <arm_group_label>sorafenib and Omacetaxine Mepesuccinate</arm_group_label>
    <other_name>NEXAVAR</other_name>
  </intervention>
  <intervention>
    <intervention_type>Drug</intervention_type>
    <intervention_name>Omacetaxine Mepesuccinate Injection</intervention_name>
    <description>Omacetaxine Mepesuccinate is a pharmaceutical drug substance that is indicated for treatment of chronic myeloid leukemia (CML)</description>
    <arm_group_label>sorafenib and Omacetaxine Mepesuccinate</arm_group_label>
    <other_name>homoharringtonine</other_name>
  </intervention>
  <eligibility>
    <criteria>
      <textblock>
        Inclusion Criteria:&#xD;
&#xD;
          1. Provision of written informed consent approved by the Institutional Review Board&#xD;
             (IRB).&#xD;
&#xD;
          2. Age ≥18 years&#xD;
&#xD;
          3. Documented primary AML or AML secondary to myelodysplastic syndrome (MDS), as defined&#xD;
             by World Health Organization criteria&#xD;
&#xD;
          4. At diagnosis or in morphological relapse after an initial remission or refractory&#xD;
             after induction chemotherapy, with or without HSCT&#xD;
&#xD;
          5. Documentation of FLT3-ITD in BM or blood with allelic burden of ≥ 20% as determined by&#xD;
             the study site laboratory&#xD;
&#xD;
          6. ECOG performance score 0-2&#xD;
&#xD;
          7. Serum creatinine ≤1.5×upper limit of normal (ULN), or glomerular filtration rate &gt;25&#xD;
             mL/min, as calculated with the Cockcroft-Gault formula.&#xD;
&#xD;
          8. Serum potassium, magnesium, and calcium (corrected for albumin) within institutional&#xD;
             normal limits. Subjects with electrolytes outside the normal range will be eligible if&#xD;
             these values are corrected upon retesting following any necessary supplementation.&#xD;
&#xD;
          9. Total serum bilirubin ≤1.5×ULN.&#xD;
&#xD;
         10. Serum aspartate transaminase (AST) and/or alanine transaminase (ALT) ≤ 2.5×ULN.&#xD;
&#xD;
        Exclusion Criteria:&#xD;
&#xD;
          1. Acute promyelocytic leukemia (AML subtype M3)&#xD;
&#xD;
          2. Prior treatment with any FLT3 inhibitors&#xD;
&#xD;
          3. Known infection with human immunodeficiency virus, or active hepatitis B or C&#xD;
             infection.&#xD;
&#xD;
          4. Refusal of blood product transfusion.&#xD;
&#xD;
          5. In a man whose sexual partner is a woman of childbearing potential, unwillingness or&#xD;
             inability of the man or woman to use an acceptable contraceptive method for the entire&#xD;
             study treatment period and for at least 3 months after study treatment completion&#xD;
&#xD;
          6. In a heterosexually active woman of childbearing potential, unwillingness or inability&#xD;
             to use an acceptable contraceptive method for the entire study treatment period and&#xD;
             for at least 3 months after study treatment completion&#xD;
&#xD;
          7. Pregnancy&#xD;
&#xD;
          8. Female subjects must agree not to breastfeed at screening and throughout the study&#xD;
             period, and for 45 days after the final study drug administration.&#xD;
      </textblock>
    </criteria>
    <gender>All</gender>
    <minimum_age>18 Years</minimum_age>
    <maximum_age>N/A</maximum_age>
    <healthy_volunteers>No</healthy_volunteers>
  </eligibility>
  <overall_official>
    <last_name>Anskar Leung, Professor</last_name>
    <role>Principal Investigator</role>
    <affiliation>The University of Hong Kong</affiliation>
  </overall_official>
  <location>
    <facility>
      <name>The University of Hong Kong</name>
      <address>
        <city>Hong Kong</city>
        <country>Hong Kong</country>
      </address>
    </facility>
  </location>
  <location_countries>
    <country>Hong Kong</country>
  </location_countries>
  <verification_date>March 2020</verification_date>
  <study_first_submitted>May 26, 2017</study_first_submitted>
  <study_first_submitted_qc>May 26, 2017</study_first_submitted_qc>
  <study_first_posted type="Actual">May 31, 2017</study_first_posted>
  <last_update_submitted>March 26, 2020</last_update_submitted>
  <last_update_submitted_qc>March 26, 2020</last_update_submitted_qc>
  <last_update_posted type="Actual">March 30, 2020</last_update_posted>
  <responsible_party>
    <responsible_party_type>Principal Investigator</responsible_party_type>
    <investigator_affiliation>The University of Hong Kong</investigator_affiliation>
    <investigator_full_name>Dr. Anskar Y.H. Leung</investigator_full_name>
    <investigator_title>Clinical Professor</investigator_title>
  </responsible_party>
  <keyword>FLT3-ITD (+) Acute Myeloid Leukemia (AML)</keyword>
  <intervention_browse>
    <!-- CAUTION:  The following MeSH terms are assigned with an imperfect algorithm            -->
    <mesh_term>Sorafenib</mesh_term>
    <mesh_term>Homoharringtonine</mesh_term>
  </intervention_browse>
  <patient_data>
    <sharing_ipd>No</sharing_ipd>
  </patient_data>
  <!-- Results have not yet been posted for this study                                          -->
</clinical_study>

