<?xml version="1.0" encoding="UTF-8"?>
<clinical_study rank="26">
  <!-- This xml conforms to an XML Schema at:
    https://clinicaltrials.gov/ct2/html/images/info/public.xsd -->
  <required_header>
    <download_date>ClinicalTrials.gov processed this data on February 06, 2024</download_date>
    <link_text>Link to the current ClinicalTrials.gov record.</link_text>
    <url>https://clinicaltrials.gov/ct2/show/NCT02323022</url>
  </required_header>
  <id_info>
    <org_study_id>SZ3202</org_study_id>
    <nct_id>NCT02323022</nct_id>
  </id_info>
  <brief_title>Idarubicin Plus Cytarabine (IA) vs IA Plus Cladribine (IAC) as Induction Regimen to Treat Initially Diagnosed Acute Myeloid Leukemia (AML)</brief_title>
  <official_title>IAC Regimen Versus IA Regimen as Induction Treatment for Initially Diagnosed AML Patients: a Randomized Controlled Phase III Clinical Trial</official_title>
  <sponsors>
    <lead_sponsor>
      <agency>The First Affiliated Hospital of Soochow University</agency>
      <agency_class>Other</agency_class>
    </lead_sponsor>
  </sponsors>
  <source>The First Affiliated Hospital of Soochow University</source>
  <oversight_info>
    <has_dmc>No</has_dmc>
  </oversight_info>
  <brief_summary>
    <textblock>
      The purpose of this study is to compare the clinical efficacy and safety of IAC regimen and&#xD;
      IA regimen as induction chemotherapy for initial diagnosed AML patients. 840 cases are&#xD;
      supposed to recruited in 3 years.&#xD;
    </textblock>
  </brief_summary>
  <overall_status>Unknown status</overall_status>
  <last_known_status>Recruiting</last_known_status>
  <start_date>December 2014</start_date>
  <completion_date type="Anticipated">December 2022</completion_date>
  <primary_completion_date type="Anticipated">December 2020</primary_completion_date>
  <phase>Phase 3</phase>
  <study_type>Interventional</study_type>
  <has_expanded_access>No</has_expanded_access>
  <study_design_info>
    <allocation>Randomized</allocation>
    <intervention_model>Parallel Assignment</intervention_model>
    <primary_purpose>Treatment</primary_purpose>
    <masking>None (Open Label)</masking>
  </study_design_info>
  <primary_outcome>
    <measure>Complete Remission Rate</measure>
    <time_frame>3 months</time_frame>
  </primary_outcome>
  <primary_outcome>
    <measure>Disease-Free Survival</measure>
    <time_frame>3 years</time_frame>
  </primary_outcome>
  <secondary_outcome>
    <measure>Treatment related mortality</measure>
    <time_frame>3 years</time_frame>
  </secondary_outcome>
  <secondary_outcome>
    <measure>Cumulative incidence of relapse</measure>
    <time_frame>3 years</time_frame>
    <description>Relapse events will be recorded in case report file, and finally be analyzed by Kaplan-Meier method, and log-rank test among three arms</description>
  </secondary_outcome>
  <secondary_outcome>
    <measure>Treatment related toxicities</measure>
    <time_frame>6 months</time_frame>
    <description>Include evaluation of adverse events according to Common Toxicity Criteria for Adverse Effects (CTCAE) version 4.0</description>
  </secondary_outcome>
  <number_of_arms>3</number_of_arms>
  <enrollment type="Anticipated">840</enrollment>
  <condition>Acute Myeloid Leukemia</condition>
  <arm_group>
    <arm_group_label>IAC regimen</arm_group_label>
    <arm_group_type>Experimental</arm_group_type>
    <description>Patients in this arm will receive an IAC induction therapy</description>
  </arm_group>
  <arm_group>
    <arm_group_label>High-dose IA regimen</arm_group_label>
    <arm_group_type>Active Comparator</arm_group_type>
    <description>Patients in this arm will receive an IA induction therapy, in which the idarubicin dose should be 10mg/msq/d</description>
  </arm_group>
  <arm_group>
    <arm_group_label>Intermediate-dose IA regimen</arm_group_label>
    <arm_group_type>Active Comparator</arm_group_type>
    <description>Patients in this arm will receive an IA induction therapy, in which the idarubicin dose should be 12mg/msq/d</description>
  </arm_group>
  <intervention>
    <intervention_type>Drug</intervention_type>
    <intervention_name>IAC regimen</intervention_name>
    <description>Induction treatment for initially diagnosed AML with IAC regimen, including Cladribine 5mg/msq/d (d1-5), Ara-C 100mg/msq/d(d1-7) and IDA 8mg/msq/d (d1-3)</description>
    <arm_group_label>IAC regimen</arm_group_label>
  </intervention>
  <intervention>
    <intervention_type>Drug</intervention_type>
    <intervention_name>High-dose IA regimen</intervention_name>
    <description>Induction treatment for initially diagnosed AML with IAC regimen, including Ara-C 100mg/msq/d (d1-7) and IDA 12mg/msq/d (d1-3)</description>
    <arm_group_label>High-dose IA regimen</arm_group_label>
  </intervention>
  <intervention>
    <intervention_type>Drug</intervention_type>
    <intervention_name>Intermediate-dose IA regimen</intervention_name>
    <description>Induction treatment for initially diagnosed AML with IAC regimen, including Ara-C 100mg/msq/d (d1-7) and IDA 10mg/msq/d (d1-3)</description>
    <arm_group_label>Intermediate-dose IA regimen</arm_group_label>
  </intervention>
  <eligibility>
    <criteria>
      <textblock>
        Inclusion Criteria:&#xD;
&#xD;
          -  Initially diagnosed as AML (except APL)&#xD;
&#xD;
          -  Aged between 18 and 60 year old&#xD;
&#xD;
          -  Eastern Cooperative Oncology Group (ECOG) score no more than 3&#xD;
&#xD;
          -  Informed consent file (ICF) signed&#xD;
&#xD;
        Exclusion Criteria:&#xD;
&#xD;
          -  AML secondary to chronic leukemia and myeloproliferative disease (MPD)&#xD;
&#xD;
          -  APL&#xD;
&#xD;
          -  With underlying malignancies except AML&#xD;
&#xD;
          -  Uncontrolled severe infection&#xD;
&#xD;
          -  Intolerant to chemotherapy organically including:&#xD;
&#xD;
          -  Heart failure: ejection fraction (EF) less than 30%, and New York Heart Association&#xD;
             (NYHA) grading high than Grade II&#xD;
&#xD;
          -  Liver and kidney dysfunction: serum bilirubin≥2mg/dl, AST≥2.5*upper limit of normal&#xD;
             (ULN), serum creatine≥2.5mg/dl&#xD;
&#xD;
          -  Refuse to participate the trial&#xD;
      </textblock>
    </criteria>
    <gender>All</gender>
    <minimum_age>18 Years</minimum_age>
    <maximum_age>60 Years</maximum_age>
    <healthy_volunteers>No</healthy_volunteers>
  </eligibility>
  <overall_official>
    <last_name>Depei Wu, M.D., Ph.D.</last_name>
    <role>Principal Investigator</role>
    <affiliation>The First Affiliated Hospital of Soochow University</affiliation>
  </overall_official>
  <overall_contact>
    <last_name>Jia CHEN, M.D.</last_name>
    <phone>+86 512 67781856</phone>
    <email>drchenjia@163.com</email>
  </overall_contact>
  <overall_contact_backup>
    <last_name>Xiang Zhang, M.D.</last_name>
    <phone>+86 512 67781856</phone>
    <email>lcsy2013@sina.com</email>
  </overall_contact_backup>
  <location>
    <facility>
      <name>The First Affiliated Hospital of Soochow University</name>
      <address>
        <city>Suzhou</city>
        <state>Jiangsu</state>
        <zip>215006</zip>
        <country>China</country>
      </address>
    </facility>
    <status>Recruiting</status>
    <contact>
      <last_name>Jia Chen, M.D.</last_name>
      <phone>+86 512 6778 1856</phone>
      <email>chenjiasuzhou@gmail.com</email>
    </contact>
  </location>
  <location_countries>
    <country>China</country>
  </location_countries>
  <verification_date>February 2020</verification_date>
  <study_first_submitted>December 12, 2014</study_first_submitted>
  <study_first_submitted_qc>December 17, 2014</study_first_submitted_qc>
  <study_first_posted type="Estimate">December 23, 2014</study_first_posted>
  <last_update_submitted>February 3, 2020</last_update_submitted>
  <last_update_submitted_qc>February 3, 2020</last_update_submitted_qc>
  <last_update_posted type="Actual">February 5, 2020</last_update_posted>
  <responsible_party>
    <responsible_party_type>Sponsor</responsible_party_type>
  </responsible_party>
  <keyword>AML</keyword>
  <keyword>cladribine</keyword>
  <keyword>induction therapy</keyword>
  <condition_browse>
    <!-- CAUTION:  The following MeSH terms are assigned with an imperfect algorithm            -->
    <mesh_term>Leukemia</mesh_term>
    <mesh_term>Leukemia, Myeloid</mesh_term>
    <mesh_term>Leukemia, Myeloid, Acute</mesh_term>
  </condition_browse>
  <!-- Results have not yet been posted for this study                                          -->
</clinical_study>

