<?xml version="1.0" encoding="UTF-8"?>
<clinical_study rank="433">
  <!-- This xml conforms to an XML Schema at:
    https://clinicaltrials.gov/ct2/html/images/info/public.xsd -->
  <required_header>
    <download_date>ClinicalTrials.gov processed this data on February 06, 2024</download_date>
    <link_text>Link to the current ClinicalTrials.gov record.</link_text>
    <url>https://clinicaltrials.gov/ct2/show/NCT05601466</url>
  </required_header>
  <id_info>
    <org_study_id>QN023aTXM1</org_study_id>
    <nct_id>NCT05601466</nct_id>
  </id_info>
  <brief_title>Natural Killer(NK) Cell Therapy for Acute Myeloid Leukemia</brief_title>
  <official_title>Clinical Study on QN-023a Targeting CD33 in Relapsed/Refractory Acute Myeloid Leukemia</official_title>
  <sponsors>
    <lead_sponsor>
      <agency>Institute of Hematology &amp; Blood Diseases Hospital, China</agency>
      <agency_class>Other</agency_class>
    </lead_sponsor>
    <collaborator>
      <agency>Hangzhou Qihan Biotech Co.,Ltd.</agency>
      <agency_class>Industry</agency_class>
    </collaborator>
  </sponsors>
  <source>Institute of Hematology &amp; Blood Diseases Hospital, China</source>
  <oversight_info>
    <is_fda_regulated_drug>No</is_fda_regulated_drug>
    <is_fda_regulated_device>No</is_fda_regulated_device>
  </oversight_info>
  <brief_summary>
    <textblock>
      This is an open-label, Phase I study of QN-023a (allogeneic CAR-NK cells targeting CD33) in&#xD;
      relapsed/refractory Acute Myeloid Leukemia (AML).&#xD;
&#xD;
      The clinical study is to evaluate the safety, tolerability and preliminary efficacy of&#xD;
      QN-023a in patients with relapsed/refractory AML,where a &quot;3+3&quot; enrollment schema will be&#xD;
      utilized at dose escalation stage. Up to 18 patients will be enrolled.&#xD;
    </textblock>
  </brief_summary>
  <overall_status>Recruiting</overall_status>
  <start_date type="Anticipated">October 28, 2022</start_date>
  <completion_date type="Anticipated">October 21, 2025</completion_date>
  <primary_completion_date type="Anticipated">October 21, 2025</primary_completion_date>
  <phase>Phase 1</phase>
  <study_type>Interventional</study_type>
  <has_expanded_access>No</has_expanded_access>
  <study_design_info>
    <allocation>N/A</allocation>
    <intervention_model>Single Group Assignment</intervention_model>
    <primary_purpose>Treatment</primary_purpose>
    <masking>None (Open Label)</masking>
  </study_design_info>
  <primary_outcome>
    <measure>Incidence of Treatment-Emergent Adverse Events [Safety and Tolerability]</measure>
    <time_frame>28 Days from first dose of QN-023a</time_frame>
  </primary_outcome>
  <primary_outcome>
    <measure>The incidence of subjects with Dose Limiting Toxicities within each dose level cohort</measure>
    <time_frame>28 Days from first dose of QN-023a</time_frame>
  </primary_outcome>
  <secondary_outcome>
    <measure>Overall Response Rate(ORR)</measure>
    <time_frame>Up to approximately 2 years after last dose of QN-023a</time_frame>
  </secondary_outcome>
  <secondary_outcome>
    <measure>Relapse-free survival (RFS) of participants</measure>
    <time_frame>Up to approximately 2 years after last dose of QN-023a</time_frame>
  </secondary_outcome>
  <secondary_outcome>
    <measure>Determination of the pharmacokinetics (PK) of QN-023a cells in peripheral blood</measure>
    <time_frame>Up to approximately 2 years after last dose of QN-023a</time_frame>
    <description>The PK of QN-023a in peripheral blood will be reported as the relative percentage of product (QN-023a) DNA versus patient DNA (% chimerism) measured from blood samples at the specified time points</description>
  </secondary_outcome>
  <number_of_arms>1</number_of_arms>
  <enrollment type="Anticipated">18</enrollment>
  <condition>AML, Adult</condition>
  <arm_group>
    <arm_group_label>QN-023a</arm_group_label>
    <arm_group_type>Experimental</arm_group_type>
    <description>QN-023a in adult subjects with r/r AML</description>
  </arm_group>
  <intervention>
    <intervention_type>Drug</intervention_type>
    <intervention_name>QN-023a</intervention_name>
    <description>NK cell therapy</description>
    <arm_group_label>QN-023a</arm_group_label>
  </intervention>
  <intervention>
    <intervention_type>Drug</intervention_type>
    <intervention_name>Cyclophosphamid</intervention_name>
    <description>Lympho-conditioning Agent</description>
    <arm_group_label>QN-023a</arm_group_label>
  </intervention>
  <intervention>
    <intervention_type>Drug</intervention_type>
    <intervention_name>Fludarabine</intervention_name>
    <description>Lympho-conditioning Agent</description>
    <arm_group_label>QN-023a</arm_group_label>
  </intervention>
  <intervention>
    <intervention_type>Drug</intervention_type>
    <intervention_name>Cytarabine</intervention_name>
    <description>Lympho-conditioning Agent</description>
    <arm_group_label>QN-023a</arm_group_label>
  </intervention>
  <eligibility>
    <criteria>
      <textblock>
        Key Inclusion Criteria:&#xD;
&#xD;
          -  Provision of signed and dated informed consent form (ICF)&#xD;
&#xD;
          -  ≥18 years old&#xD;
&#xD;
          -  Diagnosis of r/r AML&#xD;
&#xD;
          -  Subjects with CD33 positive leukemia cells&#xD;
&#xD;
          -  Eastern Cooperative Oncology Group (ECOG) performance status ≤1&#xD;
&#xD;
          -  Adequate organ function as defined in the protocol&#xD;
&#xD;
          -  Donor specific antibody (DSA) to QN-023a: MFI &lt;= 2000&#xD;
&#xD;
        Key Exclusion Criteria:&#xD;
&#xD;
          -  Allergic to drug used in this study&#xD;
&#xD;
          -  Accept other anti-tumor drug within certain time of day 0 (first QN-023a dose&#xD;
             infusion), time window and drug defined in the protocol.&#xD;
&#xD;
          -  received systemic immunosuppressive therapy within 7 days of day 0, or likely to&#xD;
             require systemic immunosuppressive therapy&#xD;
&#xD;
          -  Acute Promyelocytic Leukemia (APL)&#xD;
&#xD;
          -  Active central nervous system Leukemia.&#xD;
&#xD;
          -  Uncontrolled, active clinically significant infection&#xD;
&#xD;
          -  Clinically significant cardiovascular disease as defined in the protocol&#xD;
&#xD;
          -  Known HIV infection, active Hepatitis B (HBV) or Hepatitis C (HCV) infection&#xD;
&#xD;
          -  History of central nervous system (CNS) disease such as stroke, epilepsy.&#xD;
&#xD;
          -  Females are pregnant or lactating&#xD;
&#xD;
          -  Investigator-assessed presence of any medical or social issues that are likely to&#xD;
             interfere with study conduct or may cause increased risk to subject&#xD;
      </textblock>
    </criteria>
    <gender>All</gender>
    <minimum_age>18 Years</minimum_age>
    <maximum_age>N/A</maximum_age>
    <healthy_volunteers>No</healthy_volunteers>
  </eligibility>
  <overall_contact>
    <last_name>Jianxiang Wang</last_name>
    <phone>022-23909120</phone>
    <email>wangjx@ihcams.ac.cn</email>
  </overall_contact>
  <overall_contact_backup>
    <last_name>Ying Wang, Dr.</last_name>
    <phone>+862223909278</phone>
    <email>wangying1@ihcams.ac.cn</email>
  </overall_contact_backup>
  <location>
    <facility>
      <name>Institute of Hematology &amp; Blood Diseases Hospital</name>
      <address>
        <city>Tianjin</city>
        <state>Tianjin</state>
        <country>China</country>
      </address>
    </facility>
    <status>Recruiting</status>
    <contact>
      <last_name>Wang Jianxiang</last_name>
      <phone>022-23909120</phone>
      <email>wangjx@ihcams.ac.cn</email>
    </contact>
  </location>
  <location_countries>
    <country>China</country>
  </location_countries>
  <verification_date>November 2022</verification_date>
  <study_first_submitted>October 21, 2022</study_first_submitted>
  <study_first_submitted_qc>October 28, 2022</study_first_submitted_qc>
  <study_first_posted type="Actual">November 1, 2022</study_first_posted>
  <last_update_submitted>November 3, 2022</last_update_submitted>
  <last_update_submitted_qc>November 3, 2022</last_update_submitted_qc>
  <last_update_posted type="Actual">November 7, 2022</last_update_posted>
  <responsible_party>
    <responsible_party_type>Principal Investigator</responsible_party_type>
    <investigator_affiliation>Institute of Hematology &amp; Blood Diseases Hospital, China</investigator_affiliation>
    <investigator_full_name>wang, jianxiang</investigator_full_name>
    <investigator_title>Professor</investigator_title>
  </responsible_party>
  <condition_browse>
    <!-- CAUTION:  The following MeSH terms are assigned with an imperfect algorithm            -->
    <mesh_term>Leukemia, Myeloid, Acute</mesh_term>
  </condition_browse>
  <intervention_browse>
    <!-- CAUTION:  The following MeSH terms are assigned with an imperfect algorithm            -->
    <mesh_term>Cytarabine</mesh_term>
    <mesh_term>Cyclophosphamide</mesh_term>
    <mesh_term>Fludarabine</mesh_term>
  </intervention_browse>
  <patient_data>
    <sharing_ipd>No</sharing_ipd>
  </patient_data>
  <!-- Results have not yet been posted for this study                                          -->
</clinical_study>

