<?xml version="1.0" encoding="UTF-8"?>
<clinical_study rank="255">
  <!-- This xml conforms to an XML Schema at:
    https://clinicaltrials.gov/ct2/html/images/info/public.xsd -->
  <required_header>
    <download_date>ClinicalTrials.gov processed this data on February 06, 2024</download_date>
    <link_text>Link to the current ClinicalTrials.gov record.</link_text>
    <url>https://clinicaltrials.gov/ct2/show/NCT04267081</url>
  </required_header>
  <id_info>
    <org_study_id>FLG-V001</org_study_id>
    <nct_id>NCT04267081</nct_id>
  </id_info>
  <brief_title>Study of Venetoclax in Combination With Azacytidine in AML Patients Selected Using Ex Vivo Drug Sensitivity Screening</brief_title>
  <acronym>VenEx</acronym>
  <official_title>Two-stage, Two-arm, Open-Label Phase II Study of Venetoclax in Combination With Azacytidine in Acute Myeloid Leukemia Patients Selected Using Ex Vivo Drug Sensitivity Screening</official_title>
  <sponsors>
    <lead_sponsor>
      <agency>Helsinki University Central Hospital</agency>
      <agency_class>Other</agency_class>
    </lead_sponsor>
  </sponsors>
  <source>Helsinki University Central Hospital</source>
  <oversight_info>
    <is_fda_regulated_drug>No</is_fda_regulated_drug>
    <is_fda_regulated_device>No</is_fda_regulated_device>
  </oversight_info>
  <brief_summary>
    <textblock>
      This is a multi center two-stage, two-arm, open label phase II study of venetoclax in&#xD;
      combination with azacytidine in acute myeloid leukemia patients selected for therapy with ex&#xD;
      vivo venetoclax sensitivity screening. This study will characterize the usability of ex vivo&#xD;
      drug sensitivity testing for patient selection for selecting the responsive patients for&#xD;
      venetoclax therapy. The exploratory study will aim to find novel combinations for overcoming&#xD;
      resistance as well as finding/validating biomarkers for both sensitivity and resistance.&#xD;
    </textblock>
  </brief_summary>
  <overall_status>Active, not recruiting</overall_status>
  <start_date type="Actual">February 12, 2020</start_date>
  <completion_date type="Anticipated">February 1, 2024</completion_date>
  <primary_completion_date type="Anticipated">February 1, 2024</primary_completion_date>
  <phase>Phase 2</phase>
  <study_type>Interventional</study_type>
  <has_expanded_access>No</has_expanded_access>
  <study_design_info>
    <allocation>Non-Randomized</allocation>
    <intervention_model>Parallel Assignment</intervention_model>
    <intervention_model_description>This is a multicenter two-stage, two-arm, open label phase II study.</intervention_model_description>
    <primary_purpose>Treatment</primary_purpose>
    <masking>None (Open Label)</masking>
  </study_design_info>
  <primary_outcome>
    <measure>Complete remission (CR)/complete remission rate with incomplete hematologic recovery (CRi) rate in study cohort after three cycles.</measure>
    <time_frame>The bone marrow is examined at the end of Cycle 3. Each cycle is 28 days.</time_frame>
  </primary_outcome>
  <secondary_outcome>
    <measure>The correlation of ex vivo venetoclax sensitivity and specific responses: Overall Survival (OS), Duration of Response (DOR), Event-free Survival (EFS) and Minimal Residual Disease (MRD) status.</measure>
    <time_frame>Through study completion, an average of 3 years</time_frame>
  </secondary_outcome>
  <secondary_outcome>
    <measure>The correlation of venetoclax blood concentrations to specific responses: Overall Survival (OS), Duration of Response (DOR), Event-free Survival (EFS) and Minimal Residual Disease (MRD) status.</measure>
    <time_frame>Through study completion, an average of 3 years</time_frame>
  </secondary_outcome>
  <number_of_arms>2</number_of_arms>
  <enrollment type="Actual">104</enrollment>
  <condition>Acute Myeloid Leukemia</condition>
  <arm_group>
    <arm_group_label>Arm 1 (de novo AML)</arm_group_label>
    <arm_group_type>Experimental</arm_group_type>
    <description>This arm will recruit the patients with de novo AML unfit for conventional chemotherapy. In validation cohort all the participants will receive azacytidine-venetoclax. In study cohort the patients with ex vivo resistance to venetoclax will be excluded from the study therapy.&#xD;
All patients in validation and study cohorts (ARM1 and ARM2) will receive azacytidine and venetoclax. The purpose for the validation cohort is to validate the specificity and sensitivity of the ex vivo drug testing. Patients exhibiting ex vivo sensitivity and receiving azacytidine-venetoclax in validation cohort are analyzed also for study cohort.</description>
  </arm_group>
  <arm_group>
    <arm_group_label>Arm 2 (relapsed, refractory or secondary AML)</arm_group_label>
    <arm_group_type>Experimental</arm_group_type>
    <description>This arm will recruit the patients with relapsed, refractory or secondary AML. In validation cohort all the participants will receive azacytidine-venetoclax. In study cohort the patients with ex vivo resistance to venetoclax will be excluded from the study therapy.&#xD;
All patients in validation and study cohorts (ARM1 and ARM2) will receive azacytidine and venetoclax. The purpose for the validation cohort is to validate the specificity and sensitivity of the ex vivo drug testing. Patients exhibiting ex vivo sensitivity and receiving azacytidine-venetoclax in validation cohort are analyzed also for study cohort.</description>
  </arm_group>
  <intervention>
    <intervention_type>Drug</intervention_type>
    <intervention_name>Venetoclax</intervention_name>
    <description>Ex vivo venetoclax sensitivity testing is used for patient selection.</description>
    <arm_group_label>Arm 1 (de novo AML)</arm_group_label>
    <arm_group_label>Arm 2 (relapsed, refractory or secondary AML)</arm_group_label>
    <other_name>Ex vivo drug sensitivity testing</other_name>
  </intervention>
  <eligibility>
    <criteria>
      <textblock>
        Inclusion Criteria:&#xD;
&#xD;
          1. Written informed consent&#xD;
&#xD;
          2. Patients who present with one of the following (except acute promyelocytic leukemia):&#xD;
&#xD;
               -  De novo or secondary AML patients who are non-fit for standard induction therapy&#xD;
                  (see below)&#xD;
&#xD;
               -  Relapsed or refractory AML patients following at least 1 line of prior therapies&#xD;
                  (see below)&#xD;
&#xD;
          3. Ex vivo sensitivity testing performed to assess venetoclax sensitivity&#xD;
&#xD;
               1. Validation cohort: All participants are treated with venetoclax+azacitidine&#xD;
                  irrespective of the ex vivo screening results.&#xD;
&#xD;
               2. Study cohort: Only the participants exhibiting ex vivo sensitivity to venetoclax&#xD;
                  are included to study therapy.&#xD;
&#xD;
          4. Participant must have ECOG Performance status ≤ 2 for participants ≥ 75 years of age&#xD;
             OR ≤ 3 for participants ≥ 18 to 74 years of age&#xD;
&#xD;
          5. Leukocyte count &lt; 25 x10E9/l. Hydroxyurea use is permitted to meet this criterion.&#xD;
&#xD;
          6. Participant must have adequate renal function as demonstrated by a calculated&#xD;
             creatinine clearance ≥ 30 mL/min; determined by the Cockcroft Gault formula.&#xD;
&#xD;
          7. Participant must have adequate liver function as demonstrated by&#xD;
&#xD;
               1. alanine aminotransferase (ALT) ≤ 4.0 × ULN&#xD;
&#xD;
               2. bilirubin ≤ 1.5 × ULN&#xD;
&#xD;
          8. Specific inclusion criteria for participants non-fit for standard chemotherapy&#xD;
&#xD;
             Participant must be:&#xD;
&#xD;
             ≥ 70 years of age OR ≥ 18 to 69 years of age and ineligible for intensive chemotherapy&#xD;
             meeting at least one of the criteria following:&#xD;
&#xD;
               -  Clinically significant comorbidities, reflected at least 1 of:&#xD;
&#xD;
                    -  Left ventricular ejection fraction (LVEF) &lt; 50%.&#xD;
&#xD;
                    -  Lung diffusion capacity for carbon monoxide (DLCO) ≤ 65% of expected.&#xD;
&#xD;
                    -  Forced expiratory volume in 1 second (FEV1) ≤ 65% of expected.&#xD;
&#xD;
                    -  Chronic stable angina or congestive heart failure controlled with&#xD;
                       medication.&#xD;
&#xD;
                    -  Alanine aminotransferase (ALT) 3.0-4.0 × ULN&#xD;
&#xD;
               -  Other contraindication(s) to anthracycline therapy (must be documented)&#xD;
&#xD;
               -  Adverse risk karyotype associated with poor outcome with standard chemotherapy&#xD;
&#xD;
               -  Patient's refusal from intensive chemotherapy&#xD;
&#xD;
          9. Specific inclusion criteria for relapsed patients&#xD;
&#xD;
             Participant must be ≥ 55 years of age with non-CBF AML relapse OR ≥ 18 of age and&#xD;
             meeting at least one of the criteria following:&#xD;
&#xD;
               -  Not candidate for intensive chemotherapy (see the criteria 8.)&#xD;
&#xD;
               -  The duration of remission &lt; 12 months.&#xD;
&#xD;
               -  Relapse after allogeneic transplantation.&#xD;
&#xD;
               -  2nd (or higher) relapse.&#xD;
&#xD;
         10. Specific inclusion criteria for refractory patients The patients who fail to achieve a&#xD;
             complete or partial remission after induction chemotherapy (two cycles of chemotherapy&#xD;
             containing cytarabine or clofarabine, in compilation with topoisomerase II inhibitor&#xD;
             (e.g. anthracycline or mitoxantrone)&#xD;
&#xD;
        Exclusion Criteria:&#xD;
&#xD;
          1. Participant has acute promyelocytic leukemia (APL)&#xD;
&#xD;
          2. The leukemic cell content (blast percentage) in bone marrow/peripheral blood&#xD;
             (depending which is used for drug sensitivity testing) is ≤ 10 %&#xD;
&#xD;
          3. ECOG &gt;3 (see also inclusion criteria 4)&#xD;
&#xD;
          4. Participant has known CNS involvement with AML (note: CSF or radiological&#xD;
             investigations are not required without clinical suspicion)&#xD;
&#xD;
          5. Participant with known HIV infection or active hepatitis B virus (HBV), or hepatitis C&#xD;
             virus (HCV) infection that is not controlled with anti-viral medication.&#xD;
&#xD;
          6. Participant has cardiovascular disability status of New York Heart Association Class ≥&#xD;
             2. Class 2 is defined as cardiac disease in which participants are comfortable at rest&#xD;
             but ordinary physical activity results in palpitations, fatigue, dyspnea, or anginal&#xD;
             pain.&#xD;
&#xD;
          7. Evidence of clinically significant condition(s) that in the opinion of the&#xD;
             investigator would adversely affect his/her participation in this study (including but&#xD;
             not limited to):&#xD;
&#xD;
               1. Participant has a chronic respiratory disease that requires continuous oxygen use&#xD;
&#xD;
               2. Systemic uncontrolled infection requiring therapy (viral, bacterial or fungal)&#xD;
&#xD;
               3. Malabsorption syndrome or other condition that precludes enteral route of&#xD;
                  administration.&#xD;
&#xD;
               4. Uncontrolled GVHD.&#xD;
&#xD;
          8. Participant has a history of other malignancies prior to study entry, with the&#xD;
             exception of previous malignancy treated with curative intent.&#xD;
      </textblock>
    </criteria>
    <gender>All</gender>
    <minimum_age>18 Years</minimum_age>
    <maximum_age>100 Years</maximum_age>
    <healthy_volunteers>No</healthy_volunteers>
  </eligibility>
  <location>
    <facility>
      <name>HelsinkiUCH</name>
      <address>
        <city>Helsinki</city>
        <state>Uusimaa</state>
        <zip>00029</zip>
        <country>Finland</country>
      </address>
    </facility>
  </location>
  <location_countries>
    <country>Finland</country>
  </location_countries>
  <verification_date>December 2022</verification_date>
  <study_first_submitted>February 7, 2020</study_first_submitted>
  <study_first_submitted_qc>February 10, 2020</study_first_submitted_qc>
  <study_first_posted type="Actual">February 12, 2020</study_first_posted>
  <last_update_submitted>December 13, 2022</last_update_submitted>
  <last_update_submitted_qc>December 13, 2022</last_update_submitted_qc>
  <last_update_posted type="Actual">December 14, 2022</last_update_posted>
  <responsible_party>
    <responsible_party_type>Principal Investigator</responsible_party_type>
    <investigator_affiliation>Helsinki University Central Hospital</investigator_affiliation>
    <investigator_full_name>Mika Kontro</investigator_full_name>
    <investigator_title>Principal Investigator</investigator_title>
  </responsible_party>
  <keyword>AML</keyword>
  <keyword>Venetoclax</keyword>
  <keyword>Azacytidine</keyword>
  <keyword>Drug Sensitivity Screening</keyword>
  <condition_browse>
    <!-- CAUTION:  The following MeSH terms are assigned with an imperfect algorithm            -->
    <mesh_term>Leukemia</mesh_term>
    <mesh_term>Leukemia, Myeloid</mesh_term>
    <mesh_term>Leukemia, Myeloid, Acute</mesh_term>
    <mesh_term>Hypersensitivity</mesh_term>
  </condition_browse>
  <intervention_browse>
    <!-- CAUTION:  The following MeSH terms are assigned with an imperfect algorithm            -->
    <mesh_term>Venetoclax</mesh_term>
  </intervention_browse>
  <!-- Results have not yet been posted for this study                                          -->
</clinical_study>

