<?xml version="1.0" encoding="UTF-8"?>
<clinical_study rank="361">
  <!-- This xml conforms to an XML Schema at:
    https://clinicaltrials.gov/ct2/html/images/info/public.xsd -->
  <required_header>
    <download_date>ClinicalTrials.gov processed this data on February 06, 2024</download_date>
    <link_text>Link to the current ClinicalTrials.gov record.</link_text>
    <url>https://clinicaltrials.gov/ct2/show/NCT05834244</url>
  </required_header>
  <id_info>
    <org_study_id>2022-0941</org_study_id>
    <secondary_id>NCI-2023-03179</secondary_id>
    <nct_id>NCT05834244</nct_id>
  </id_info>
  <brief_title>A Phase Ib Trial of Azacitidine, Venetoclax and Allogeneic NK Cells for Acute Myeloid Leukemia (ADVENT-AML)</brief_title>
  <official_title>A Phase Ib Trial of Azacitidine, Venetoclax and Allogeneic NK Cells for Acute Myeloid Leukemia (ADVENT-AML)</official_title>
  <sponsors>
    <lead_sponsor>
      <agency>M.D. Anderson Cancer Center</agency>
      <agency_class>Other</agency_class>
    </lead_sponsor>
  </sponsors>
  <source>M.D. Anderson Cancer Center</source>
  <oversight_info>
    <has_dmc>Yes</has_dmc>
    <is_fda_regulated_drug>Yes</is_fda_regulated_drug>
    <is_fda_regulated_device>No</is_fda_regulated_device>
  </oversight_info>
  <brief_summary>
    <textblock>
      To learn if adding a healthy person's natural killer (NK) cells to the combination of&#xD;
      Azacitidine and Venetoclax can help to control AML. NK cells are cancer- and&#xD;
      infection-fighting immune cells.&#xD;
    </textblock>
  </brief_summary>
  <detailed_description>
    <textblock>
      Primary Objective:&#xD;
&#xD;
      -To evaluate Safety of the combination of azacitidine, venetoclax and allogeneic NK cells&#xD;
&#xD;
      Secondary Objective:&#xD;
&#xD;
        -  To estimate overall response rate (ORR)&#xD;
&#xD;
        -  To estimate rate of CR/CRi by 4 cycles of therapy&#xD;
&#xD;
        -  To estimate rate of MRD negative by 6 cycles&#xD;
&#xD;
        -  To estimate overall survival (OS)&#xD;
&#xD;
        -  To estimate relapse-free survival (RFS)&#xD;
&#xD;
      Exploratory Objectives:&#xD;
&#xD;
        -  To estimate rate of CRc MRD negative at any time&#xD;
&#xD;
        -  To estimate event-free survival (EFS)&#xD;
&#xD;
        -  To estimate duration of response (DOR)&#xD;
&#xD;
        -  To estimate median time to blood count recovery&#xD;
&#xD;
        -  To estimate median time to first response&#xD;
&#xD;
        -  To estimate median time to negative MRD&#xD;
&#xD;
        -  To evaluate persistence of NK cells in peripheral blood&#xD;
&#xD;
        -  To explore biomarker of response and resistance&#xD;
&#xD;
        -  Using propensity-score matching analysis (per post-hoc plan) to explore the difference&#xD;
           in response, survival adverse events in contemporary historical control population&#xD;
           treated with HMA-VEN&#xD;
    </textblock>
  </detailed_description>
  <overall_status>Recruiting</overall_status>
  <start_date type="Actual">October 26, 2023</start_date>
  <completion_date type="Anticipated">June 30, 2028</completion_date>
  <primary_completion_date type="Anticipated">June 30, 2026</primary_completion_date>
  <phase>Phase 1</phase>
  <study_type>Interventional</study_type>
  <study_design_info>
    <allocation>Non-Randomized</allocation>
    <intervention_model>Single Group Assignment</intervention_model>
    <primary_purpose>Treatment</primary_purpose>
    <masking>None (Open Label)</masking>
  </study_design_info>
  <primary_outcome>
    <measure>Incidence of Adverse Events, Graded According to National Cancer Institute Common Terminology Criteria for Adverse Events (NCI CTCAE) Version (v) 5.0</measure>
    <time_frame>Through study completion; an average of 1 year</time_frame>
  </primary_outcome>
  <number_of_arms>2</number_of_arms>
  <enrollment type="Anticipated">32</enrollment>
  <condition>Acute Myeloid Leukemia</condition>
  <arm_group>
    <arm_group_label>Dose Escalation</arm_group_label>
    <arm_group_type>Experimental</arm_group_type>
    <description>Dose Escalation to evaluate the combination of azacitidine, venetoclax and allogeneic NK cells in older/unfit participants with AML ineligible for intensive chemotherapy or allogeneic stem-cell transplantation (allo SCT).</description>
  </arm_group>
  <arm_group>
    <arm_group_label>Dose Expansion</arm_group_label>
    <arm_group_type>Experimental</arm_group_type>
    <description>Dose Expansion to evaluate the combination of azacitidine, venetoclax and allogeneic NK cells in older/unfit participants with AML ineligible for intensive chemotherapy or allogeneic stem-cell transplantation (allo SCT).</description>
  </arm_group>
  <intervention>
    <intervention_type>Drug</intervention_type>
    <intervention_name>Azacitidine</intervention_name>
    <description>Given by IV (vein)</description>
    <arm_group_label>Dose Escalation</arm_group_label>
    <arm_group_label>Dose Expansion</arm_group_label>
    <other_name>5-azacytidine</other_name>
    <other_name>5-aza</other_name>
    <other_name>Vidaza™</other_name>
    <other_name>5-AZC</other_name>
    <other_name>AZA-CR</other_name>
    <other_name>Ladakamycin</other_name>
    <other_name>NSC-102816</other_name>
    <other_name>Azacytidine</other_name>
  </intervention>
  <intervention>
    <intervention_type>Drug</intervention_type>
    <intervention_name>Venetoclax</intervention_name>
    <description>Given by PO</description>
    <arm_group_label>Dose Escalation</arm_group_label>
    <arm_group_label>Dose Expansion</arm_group_label>
    <other_name>ABT-199</other_name>
    <other_name>GDC-0199</other_name>
  </intervention>
  <intervention>
    <intervention_type>Drug</intervention_type>
    <intervention_name>NK Cells</intervention_name>
    <description>Given by IV (vein)</description>
    <arm_group_label>Dose Escalation</arm_group_label>
    <arm_group_label>Dose Expansion</arm_group_label>
  </intervention>
  <eligibility>
    <criteria>
      <textblock>
        Inclusion Criteria:&#xD;
&#xD;
          1. Patients need to have a confirmed diagnosis of AML, or MDS/AML with 10% to 19% blasts,&#xD;
             per the International Consensus Classification 2022 or the WHO 2022&#xD;
             classification.43,44&#xD;
&#xD;
             Dose escalation cohort:&#xD;
&#xD;
          2. Patients ≥18 years with R/R AML or R/R MDS/AML, other than acute promyelocytic&#xD;
             leukemia (APL), or core binding factor (CBF) AML with no available standard treatment&#xD;
             options.&#xD;
&#xD;
          3. Relapsed or refractory disease defined by standard criteria as follows&#xD;
&#xD;
             a. Relapsed: Bone marrow blasts ≥5%, reappearance of blasts in the blood, or&#xD;
             development of extramedullary disease following achievement of CR/CRi/MLFS b.&#xD;
             Refractory: Failure to achieve CR/CRi/MLFS following initial treatment, with evidence&#xD;
             of persistent leukemia by blood and/or bone marrow evaluation c. Appropriate prior&#xD;
             therapy in order for patient to be deemed relapsed or refractory include the following&#xD;
             i. 7+3 based induction: 2 cycles of for patients &lt;60 years, and 1 cycle for patients&#xD;
             who are either ≥60 years or unfit for intensive therapy ii. 1 cycle of induction&#xD;
             regimen containing intermediate dose or higher of cytarabine iii. 2 cycles of&#xD;
             venetoclax with HMA/LDAC +/- other agents iv. 4 cycles of HMA alone d. For patients in&#xD;
             first relapse, the dose escalation cohort will only enroll patients in early first&#xD;
             relapse, i.e., first remission duration of ≤12 months.&#xD;
&#xD;
          4. Patients relapsing after allo-SCT may be eligible if they have recovered from all&#xD;
             transplant-related toxicities and are off all immunosuppression, with no more than&#xD;
             grade 1 chronic GVHD. Physiologic dose of steroids (≤10 mg prednisone or equivalent)&#xD;
             may be acceptable.&#xD;
&#xD;
          5. Patients with actionable mutations with available FDA-approved therapies, e.g., FLT3,&#xD;
             IDH1/2 inhibitors may be enrolled after they have exhausted such available FDA&#xD;
             approved treatment options.&#xD;
&#xD;
        Dose expansion cohort:&#xD;
&#xD;
        Dose expansion cohort will only enroll older/unfit patients with newly diagnosed adverse&#xD;
        risk AML or MDS/AML who are ineligible for intensive chemotherapy and/or are ineligible for&#xD;
        or decline to receive allo-SCT.&#xD;
&#xD;
        6. Adverse risk AML or MDS/AML defined per AML ELN 2022 recommendations.&#xD;
&#xD;
        7. Age ≥ 75 years, or&#xD;
&#xD;
        8. Age ≥ 18 years with at least one of the following comorbidities&#xD;
&#xD;
          1. ECOG PS 2 or 3&#xD;
&#xD;
          2. Left ventricular ejection fraction (LVEF) ≤ 50%&#xD;
&#xD;
          3. Lung diffusing capacity for carbon monoxide (DLCO) ≤ 65% of expected&#xD;
&#xD;
          4. Forced expiratory volume in 1 second (FEV1) ≤ 65% of expected&#xD;
&#xD;
          5. Chronic stable angina or congestive heart failure controlled with medication&#xD;
&#xD;
          6. Other comorbidity or conditions that the Investigator judges as incompatible with&#xD;
             intensive chemotherapy, or allo-SCT which must be documented&#xD;
&#xD;
             9. Patients with antecedent aplastic anemia, myelodysplastic syndrome, or chronic&#xD;
             myelomonocytic leukemia may be eligible if they had not received prior hypomethylating&#xD;
             agent, BCL2 inhibitors, MCL1 inhibitors, chemotherapy (definitive or therapeutic&#xD;
             intent), or allo-SCT for MDS. Acceptable prior therapies include erythropoietin&#xD;
             stimulating agents, thrombopoietin receptor agonists, lenalidomide, luspatarcept,&#xD;
             anti-thymocyte globulin, cyclosporine, and iron chelating agents.&#xD;
&#xD;
             All patients:&#xD;
&#xD;
             10. Adequate hepatic function (direct bilirubin ≤ 2 x upper limit of normal (ULN)&#xD;
             unless increase is due to Gilbert's disease or leukemic involvement, and AST and/or&#xD;
             ALT ≤ 2.5 x ULN unless considered due to leukemic involvement, in which case direct&#xD;
             bilirubin or AST and/or ALT ≤ 3 x ULN will be considered eligible.)&#xD;
&#xD;
             11. Adequate renal function with creatinine clearance ≥ 45 mL/min calculated by the&#xD;
             Cockcroft-Gault formula or measured by 24-hour urine collection&#xD;
&#xD;
             12. The effects of these agents on the developing human fetus are unknown. For this&#xD;
             reason, and because other therapeutic agents used in this trial may be teratogenic,&#xD;
             women of childbearing potential and men must agree to use adequate contraception&#xD;
             (hormonal or barrier method of birth control; abstinence) prior to study entry, for&#xD;
             the duration of study participation, and for at least 90 days after last treatment.&#xD;
             This includes all female patients between the onset of menses (as early as 8 years of&#xD;
             age) and 55 years unless the patient presents with an applicable exclusionary factor&#xD;
             which may be one of the following:&#xD;
&#xD;
               -  Postmenopausal (no menses in greater than or equal to 12 consecutive months).&#xD;
&#xD;
               -  History of hysterectomy or bilateral salpingo-oophorectomy.&#xD;
&#xD;
               -  Ovarian failure (follicle-stimulating hormone and estradiol in menopausal range,&#xD;
                  who have received whole pelvic radiation therapy).&#xD;
&#xD;
               -  History of bilateral tubal ligation or another surgical sterilization procedure.&#xD;
&#xD;
                  13. Approved methods of birth control are as follows: Hormonal contraception&#xD;
                  (i.e., birth control pills, injection, implant, transdermal patch, vaginal ring),&#xD;
                  Intrauterine device (IUD), tubal ligation or hysterectomy, subject/partner post&#xD;
                  vasectomy, implantable or injectable contraceptives, and condoms plus spermicide.&#xD;
                  Not engaging in sexual activity for the total duration of the trial and the drug&#xD;
                  washout period is an acceptable practice; however, periodic abstinence, the&#xD;
                  rhythm method, and the withdrawal method are not acceptable methods of birth&#xD;
                  control. Should a woman become pregnant or suspect she is pregnant while she or&#xD;
                  her partner is participating in this study, she should inform her treating&#xD;
                  physician immediately.&#xD;
&#xD;
                  14. Men treated or enrolled on this protocol must also agree to use adequate&#xD;
                  contraception prior to the study, for the duration of study participation, and 4&#xD;
                  months after completion of treatment.&#xD;
&#xD;
                  15. Ability to understand and the willingness to sign a written informed consent&#xD;
                  document.&#xD;
&#xD;
             Exclusion Criteria:&#xD;
&#xD;
             1. Patients with t(15;17), t(8;21), inv(16), or t(16;16) karyotypic abnormality&#xD;
&#xD;
             16. Patient has a white blood cell count &gt; 15 x 10⁹/L. Hydroxyurea, and/or cytarabine&#xD;
             (up to 2 g/m2 total) used as supportive care is permitted to meet this criterion.&#xD;
&#xD;
             17. Patients who have received high-dose (e.g., &gt; 10 mg prednisone or equivalent)&#xD;
             systemic steroid therapy or any other form of immunosuppressive therapy within 1 week&#xD;
             or 5 half-lives of first NK cell infusion date (cycle 1 Day 8), whichever is longer.&#xD;
&#xD;
             18. Patients with known symptomatic or uncontrolled CNS leukemia. 19. Patient has&#xD;
             systemic fungal, bacterial, viral or other infection that is exhibiting ongoing&#xD;
             signs/symptoms related to the infection without improvement despite appropriate&#xD;
             treatment.&#xD;
&#xD;
             20. Any signs or symptoms of active CNS pathology within 6 months of screening&#xD;
             including history of seizures requiring anti-epileptics, focal neurological deficit,&#xD;
             stroke, dementia, brain injury, or organic brain pathology. Any subarachnoid&#xD;
             hemorrhage or CNS bleed within 3 months of screening.&#xD;
&#xD;
             21. Patients with any severe gastrointestinal or metabolic condition which could&#xD;
             interfere with the absorption of oral study medications as determined by the&#xD;
             investigator.&#xD;
&#xD;
             22. Active and uncontrolled comorbidities including decompensated congestive heart&#xD;
             failure NYHA class III/IV, clinically significant and uncontrolled arrhythmia as&#xD;
             judged by the treating physician.&#xD;
&#xD;
             23. Known active hepatitis B (HBV) or Hepatitis C (HCV) infection with detectable&#xD;
             viral DNA or RNA, respectively, or known HIV infection.&#xD;
&#xD;
             24. Corrected QT interval (QTc) &gt; 480 msec or history of Torsades de pointes&#xD;
&#xD;
             25. Any other medical, psychological, or social condition that may interfere with&#xD;
             study participation or compliance, or compromise patient safety in the opinion of the&#xD;
             investigator.&#xD;
&#xD;
             26. Any previous or concomitant malignancy, except when the patient has completed&#xD;
             definitive curative-intent treatment with chemotherapy and/or surgery and/or&#xD;
             radiotherapy at least 3 months prior to enrollment. Patients having completed&#xD;
             definitive treatment for the following conditions may be eligible immediately after&#xD;
             completion of definitive curative-intent therapy, after healing of wounds, and no&#xD;
             evidence of residual disease by examination, imaging, and/or cytology/pathology, e.g.,&#xD;
             non-melanoma skin cancers, or a carcinoma in-situ, e.g., ductal carcinoma in situ,&#xD;
             urothelial cancer, cervical cancer, localized prostate cancer, pre-cancerous colon&#xD;
             polyp, etc.&#xD;
&#xD;
             27. Weight &lt;50 kg&#xD;
&#xD;
             28. Major surgery within 4 weeks prior to screening or a major wound that has not&#xD;
             fully healed.&#xD;
&#xD;
             29. Patients under legal protection measure (guardianship, trusteeship or safeguard of&#xD;
             justice) and/or uncontrolled psychiatric comorbidities, ongoing illicit substance&#xD;
             abuse, inability, any impairment or unwillingness to comply with the treatments,&#xD;
             follow-up, requirements and procedures of this clinical trial.&#xD;
&#xD;
             30. A known hypersensitivity or severe allergy to study drug components or diluents&#xD;
&#xD;
             31. Nursing women, women of childbearing potential (WOCBP) with positive urine or&#xD;
             serum pregnancy test, or WOCBP who are not willing to maintain adequate contraception&#xD;
&#xD;
             32. Pregnant women are excluded from this study because study agents may have the&#xD;
             potential for teratogenic or abortifacient effects. Because there is an unknown but&#xD;
             potential risk for adverse events (AEs) in nursing infants secondary to treatment of&#xD;
             the mother with study agents, breastfeeding should be discontinued if the mother is&#xD;
             treated on this study.&#xD;
      </textblock>
    </criteria>
    <gender>All</gender>
    <minimum_age>18 Years</minimum_age>
    <maximum_age>N/A</maximum_age>
    <healthy_volunteers>No</healthy_volunteers>
  </eligibility>
  <overall_official>
    <last_name>Abhishek Maiti, MD</last_name>
    <role>Principal Investigator</role>
    <affiliation>M.D. Anderson Cancer Center</affiliation>
  </overall_official>
  <overall_contact>
    <last_name>Abhishek Maiti, MD</last_name>
    <phone>713-792-7305</phone>
    <email>amaiti@mdanderson.org</email>
  </overall_contact>
  <location>
    <facility>
      <name>M.D. Anderson Cancer Center</name>
      <address>
        <city>Houston</city>
        <state>Texas</state>
        <zip>77030</zip>
        <country>United States</country>
      </address>
    </facility>
    <status>Recruiting</status>
    <contact>
      <last_name>Abhishek Maiti, MD</last_name>
      <phone>713-792-7305</phone>
      <email>amaiti@mdanderson.org</email>
    </contact>
    <investigator>
      <last_name>Abhishek Maiti, MD</last_name>
      <role>Principal Investigator</role>
    </investigator>
  </location>
  <location_countries>
    <country>United States</country>
  </location_countries>
  <link>
    <url>http://www.mdanderson.org</url>
    <description>M D Anderson Cancer Center</description>
  </link>
  <verification_date>January 2024</verification_date>
  <study_first_submitted>April 12, 2023</study_first_submitted>
  <study_first_submitted_qc>April 17, 2023</study_first_submitted_qc>
  <study_first_posted type="Actual">April 28, 2023</study_first_posted>
  <last_update_submitted>January 31, 2024</last_update_submitted>
  <last_update_submitted_qc>January 31, 2024</last_update_submitted_qc>
  <last_update_posted type="Actual">February 2, 2024</last_update_posted>
  <responsible_party>
    <responsible_party_type>Sponsor</responsible_party_type>
  </responsible_party>
  <condition_browse>
    <!-- CAUTION:  The following MeSH terms are assigned with an imperfect algorithm            -->
    <mesh_term>Leukemia</mesh_term>
    <mesh_term>Leukemia, Myeloid</mesh_term>
    <mesh_term>Leukemia, Myeloid, Acute</mesh_term>
  </condition_browse>
  <intervention_browse>
    <!-- CAUTION:  The following MeSH terms are assigned with an imperfect algorithm            -->
    <mesh_term>Azacitidine</mesh_term>
    <mesh_term>Venetoclax</mesh_term>
  </intervention_browse>
  <!-- Results have not yet been posted for this study                                          -->
</clinical_study>

