<?xml version="1.0" encoding="UTF-8"?>
<clinical_study rank="455">
  <!-- This xml conforms to an XML Schema at:
    https://clinicaltrials.gov/ct2/html/images/info/public.xsd -->
  <required_header>
    <download_date>ClinicalTrials.gov processed this data on February 06, 2024</download_date>
    <link_text>Link to the current ClinicalTrials.gov record.</link_text>
    <url>https://clinicaltrials.gov/ct2/show/NCT01556477</url>
  </required_header>
  <id_info>
    <org_study_id>NMDSG10B</org_study_id>
    <secondary_id>2011-001639-21</secondary_id>
    <nct_id>NCT01556477</nct_id>
  </id_info>
  <brief_title>The Efficacy of Azacitidine +/- Lenalidomide in High-risk Myelodysplastic Syndrome (MDS)and Acute Myeloid Leukemia (AML) With Del(5q).</brief_title>
  <official_title>A Multicentre Open Randomized Phase II Study of the Efficacy and Safety of Azacitidine Alone or in Combination With Lenalidomide in High-risk Myeloid Disease (High-risk Myelodysplastic Syndrome and Acute Myeloid Leukemia) With a Karyotype Including Del(5q)</official_title>
  <sponsors>
    <lead_sponsor>
      <agency>Nordic MDS Group</agency>
      <agency_class>Other</agency_class>
    </lead_sponsor>
  </sponsors>
  <source>Nordic MDS Group</source>
  <oversight_info>
    <has_dmc>Yes</has_dmc>
  </oversight_info>
  <brief_summary>
    <textblock>
      The proposed phase II trial is a multicenter, randomized, open-label study that will evaluate&#xD;
      the efficacy and safety of azacitidine alone or in combination with lenalidomide in high-risk&#xD;
      Myelodysplastic Syndrome (MDS) or Acute Myeloid Leukemia (AML) with a karyotype including&#xD;
      del(5q). The primary objective will be to evaluate the efficacy in terms of response&#xD;
      according to International Working Group (IWG) criteria for MDS and AML after 6 cycles of&#xD;
      azacitidine or azacitidine + lenalidomide treatment, or at end of study if this occurs at an&#xD;
      earlier time point.&#xD;
    </textblock>
  </brief_summary>
  <detailed_description>
    <textblock>
      This is an prospective open multi-center randomized phase II study of standard dose&#xD;
      azacytidine with or without the addition of lenalidomide in high-risk myeloid disease&#xD;
      (high-risk MDS and AML) with a karyotype including del(5q). Seventy-two patients, eligible&#xD;
      for treatment with azacytidine (Intermedium/INT-2 and High-risk MDS and AML with 20-30 %&#xD;
      marrow blasts according to label) will be included.&#xD;
&#xD;
      Azacytidine will be given in a modified standard dose, azacytidine 5+2 (75 mg/m2/ d&#xD;
      subcutaneously for 5 days, followed by a 2-day weekend break, followed by azacytidine 75&#xD;
      mg/m2/ d for 2 days every 28 days, no individual dose exceeding 200 mg) for 6 cycles. Cycle&#xD;
      interval may be prolonged if toxicity according to predefined criteria occurs. Patients will&#xD;
      be randomized to azacytidine (Arm A) or azacytidine + lenalidomide (Arm B). The initial dose&#xD;
      of lenalidomide is 10 mg 21/28 days, starting day 1 in each azacytidine cycle and leaving the&#xD;
      last week before start of next azacytidine cycle free. The dose should be increased to 20 mg&#xD;
      day 1 in cycle 4 if no toxicity according to predefined criteria occurs. The total study&#xD;
      period is 24 weeks + additional weeks caused by prolonged cycle interval. Patients, who&#xD;
      following a response may be eligible for allo-SCT may exit the study after cycle 3, 4 or 5&#xD;
      and then be subject to end-of-study assessment. Patients who at start of treatment, or any&#xD;
      time during study have a neutrophil count &lt;0,5 x 109/l will be treated with&#xD;
      Granulocyte-ColonyStimulatingFactor (G-CSF).&#xD;
    </textblock>
  </detailed_description>
  <overall_status>Unknown status</overall_status>
  <last_known_status>Recruiting</last_known_status>
  <start_date>March 2012</start_date>
  <completion_date type="Anticipated">November 2014</completion_date>
  <primary_completion_date type="Anticipated">July 2014</primary_completion_date>
  <phase>Phase 2</phase>
  <study_type>Interventional</study_type>
  <has_expanded_access>No</has_expanded_access>
  <study_design_info>
    <allocation>Randomized</allocation>
    <intervention_model>Parallel Assignment</intervention_model>
    <primary_purpose>Treatment</primary_purpose>
    <masking>None (Open Label)</masking>
  </study_design_info>
  <primary_outcome>
    <measure>Response according to IWG criteria for MDS and AML</measure>
    <time_frame>25-44 weeks (after 6 cycles of azacitidine or azacitidine+lenalidomide)</time_frame>
    <description>Response according to IWG criteria include hematologic response (including transfusion independence), bone marrow response (blast count) and cytogenetic response (karyotype) after 6 cycles of azacytidine or azacytidine+lenalidomide. For patients who can keep the 4 week interval the Time Frame will be 25 weeks. The cycle interval can be extended up to 8 weeks which makes 44 weeks the maximum Time Frame.</description>
  </primary_outcome>
  <secondary_outcome>
    <measure>Cytogenetic response after 3 cycles using Fluorescence In Situ Hybridization(FISH)</measure>
    <time_frame>25-44 weeks</time_frame>
    <description>After 3 cycles the 5q- clone will be measured with FISH to see if there is a response already at that time. For patients who can keep the 4 week interval the Time Frame will be 25 weeks. The cycle interval can be extended up to 8 weeks which makes 44 weeks the maximum Time Frame.</description>
  </secondary_outcome>
  <secondary_outcome>
    <measure>Safety (number and types of adverse advents) in azacitidine vs azacitidine + lenalidomide groups</measure>
    <time_frame>25-44 weeks</time_frame>
    <description>Heamtological adverse events will be monitored by checking Hemoglobin,Leucocyte count, Platelet and a Differential every week. Non-Hematological adverse events will be monitored and reported in the Case report form (CRF). For patients who can keep the 4 week interval the Time Frame will be 25 weeks. The cycle interval can be extended up to 8 weeks which makes 44 weeks the maximum Time Frame.</description>
  </secondary_outcome>
  <secondary_outcome>
    <measure>Azacitidine cycle interval between groups</measure>
    <time_frame>25-44 weeks</time_frame>
    <description>For patients who can keep the 4 week interval the Time Frame will be 25 weeks. The cycle interval can be extended up to 8 weeks which makes 44 weeks the maximum Time Frame.</description>
  </secondary_outcome>
  <secondary_outcome>
    <measure>Survival in azacitidine vs azacitidine + lenalidomide groups</measure>
    <time_frame>Up to week 156</time_frame>
    <description>All patients will undergo follow-up once yearly from start of treatment; week 52, 104, and 156.</description>
  </secondary_outcome>
  <secondary_outcome>
    <measure>Relapse in azacitidine vs azacitidine + lenalidomide groups</measure>
    <time_frame>Up to week 156</time_frame>
    <description>All patients will undergo follow-up once yearly from start of treatment; week 52, 104, and 156.</description>
  </secondary_outcome>
  <secondary_outcome>
    <measure>Analysis of a broad spectrum of molecular and cellular events which previously have been identified as related to MDS with del(5q).</measure>
    <time_frame>25-44 weeks</time_frame>
    <description>Bone marrow will be biobanked at inclusion and after 6 cycles of treatment or or at end of study if this occurs at an earlier time point. For patients who can keep the 4 week interval the Time Frame will be 25 weeks. The cycle interval can be extended up to 8 weeks which makes 44 weeks the maximum Time Frame.</description>
  </secondary_outcome>
  <number_of_arms>2</number_of_arms>
  <enrollment type="Anticipated">72</enrollment>
  <condition>Myelodysplastic Syndrome</condition>
  <condition>Acute Myelogenous Leukemia</condition>
  <arm_group>
    <arm_group_label>azacitidine</arm_group_label>
    <arm_group_type>Active Comparator</arm_group_type>
  </arm_group>
  <arm_group>
    <arm_group_label>azacitidine + lenalidomide</arm_group_label>
    <arm_group_type>Experimental</arm_group_type>
  </arm_group>
  <intervention>
    <intervention_type>Drug</intervention_type>
    <intervention_name>Azacitidine</intervention_name>
    <description>Azacitidine 5-2-2 (75 mg/m2/day subcutaneously for 5 days, followed by a 2-day weekend break, followed by azacitidine 75 mg/m2/ day for 2 days every 28 days, no individual dose exceeding 200 mg) for 6 cycles.</description>
    <arm_group_label>azacitidine</arm_group_label>
    <other_name>Vidaza</other_name>
  </intervention>
  <intervention>
    <intervention_type>Drug</intervention_type>
    <intervention_name>azacitidine + lenalidomide</intervention_name>
    <description>Azacitidine 5-2-2 (75 mg/m2/day subcutaneously for 5 days, followed by a 2-day weekend break, followed by azacitidine 75 mg/m2/ day for 2 days every 28 days, no individual dose exceeding 200 mg) for 6 cycles.&#xD;
Initial dose of lenalidomide is 10 mg 21/28 days, starting day 1 in each azacitidine cycle and leaving the last week before start of next azacitidine cycle free. The dose should increased to 25 mg day 1 in cycle 4 if no toxicity according to predefined criteria occurs. Total treatment period is 24 weeks.</description>
    <arm_group_label>azacitidine + lenalidomide</arm_group_label>
    <other_name>Vidaza and Revlimid</other_name>
  </intervention>
  <eligibility>
    <criteria>
      <textblock>
        Inclusion Criteria:&#xD;
&#xD;
          -  18 years of age at the time of signing the informed consent form.&#xD;
&#xD;
          -  MDS with IPSS Int-2 or High with a karyotype including del(5q).&#xD;
&#xD;
          -  Acute myeloid leukaemia (AML) with multilineage dysplasia and 20-30 % blasts (former&#xD;
             RAEB-t) with a karyotype including del(5q).&#xD;
&#xD;
          -  Subject has signed the informed consent form.&#xD;
&#xD;
          -  Women of childbearing potential (WCBP) must have a negative serum or urine pregnancy&#xD;
             test prior to starting lenalidomide. In addition, sexually active WCBP must agree to&#xD;
             use adequate contraceptive methods (oral, injectable, patches, or implantable hormonal&#xD;
             contraceptive methods; tubal ligation; intra-uterine device; barrier contraceptive&#xD;
             with spermicide; or vasectomized partner) while on lenalidomide. WCBP must agree to&#xD;
             have pregnancy tests every 4 weeks while on lenalidomide.&#xD;
&#xD;
          -  Males (including those who have had a vasectomy) must use barrier contraception (latex&#xD;
             condoms) when engaging in reproductive sexual activity with WCBP while on&#xD;
             lenalidomide, when temporarily stopping lenalidomide and 28 days after the last dose&#xD;
             of lenalidomide.&#xD;
&#xD;
        Note: Refractory and relapsed patients can be included as long as they fulfil the inclusion&#xD;
        criteria.&#xD;
&#xD;
        Exclusion Criteria:&#xD;
&#xD;
          -  Eligible for upfront allogeneic SCT without prior induction chemotherapy or&#xD;
             azacitidine&#xD;
&#xD;
          -  Pregnant or lactating females.&#xD;
&#xD;
          -  Prior therapy with azacitidine&#xD;
&#xD;
          -  Prior therapy with lenalidomide&#xD;
&#xD;
          -  Expected survival less than two months.&#xD;
&#xD;
          -  Acute promyelocytic leukemia (APL)&#xD;
&#xD;
          -  Central nervous system leukemia&#xD;
&#xD;
          -  Serum biochemical values as follows&#xD;
&#xD;
               1. Serum creatinine &gt;2.0 mg/dL (177 mmol/L)&#xD;
&#xD;
               2. Serum aminotransferase (AST)/serum glutamic-oxaloacetic transaminase (SGOT) or&#xD;
                  alanine transferase (ALT)/serum glutamate pyruvate transaminase (SGPT) &gt;3.0 x&#xD;
                  upper limit of normal (ULN)&#xD;
&#xD;
               3. Serum total bilirubin &gt;1.5 mg/dL&#xD;
&#xD;
          -  Prior allergic reaction to thalidomide&#xD;
&#xD;
          -  Uncontrolled systemic infection&#xD;
      </textblock>
    </criteria>
    <gender>All</gender>
    <minimum_age>18 Years</minimum_age>
    <maximum_age>N/A</maximum_age>
    <healthy_volunteers>No</healthy_volunteers>
  </eligibility>
  <overall_official>
    <last_name>Lars Möllgård, MD, PhD</last_name>
    <role>Principal Investigator</role>
    <affiliation>Nordic MDS Group</affiliation>
  </overall_official>
  <overall_contact>
    <last_name>Lars Möllgård, MD, PhD</last_name>
    <phone>+46 8 5858 0000</phone>
    <email>lars.mollgard@karolinska.se</email>
  </overall_contact>
  <overall_contact_backup>
    <last_name>Bengt Rasmussen, MD</last_name>
    <phone>+46 19 6021111</phone>
    <email>bengt.rasmussen@orebroll.se</email>
  </overall_contact_backup>
  <location>
    <facility>
      <name>Lars Möllgård</name>
      <address>
        <city>Stockholm</city>
        <zip>141 86</zip>
        <country>Sweden</country>
      </address>
    </facility>
    <status>Recruiting</status>
  </location>
  <location_countries>
    <country>Sweden</country>
  </location_countries>
  <link>
    <url>http://www.nmds.org</url>
    <description>Nordic MDS Group website</description>
  </link>
  <verification_date>March 2012</verification_date>
  <study_first_submitted>March 12, 2012</study_first_submitted>
  <study_first_submitted_qc>March 14, 2012</study_first_submitted_qc>
  <study_first_posted type="Estimate">March 16, 2012</study_first_posted>
  <last_update_submitted>March 14, 2012</last_update_submitted>
  <last_update_submitted_qc>March 14, 2012</last_update_submitted_qc>
  <last_update_posted type="Estimate">March 16, 2012</last_update_posted>
  <responsible_party>
    <responsible_party_type>Sponsor</responsible_party_type>
  </responsible_party>
  <keyword>MDS</keyword>
  <keyword>AML</keyword>
  <keyword>Azacitidine</keyword>
  <keyword>Lenalidomide</keyword>
  <keyword>del5q</keyword>
  <condition_browse>
    <!-- CAUTION:  The following MeSH terms are assigned with an imperfect algorithm            -->
    <mesh_term>Leukemia</mesh_term>
    <mesh_term>Leukemia, Myeloid</mesh_term>
    <mesh_term>Leukemia, Myeloid, Acute</mesh_term>
    <mesh_term>Preleukemia</mesh_term>
    <mesh_term>Myelodysplastic Syndromes</mesh_term>
    <mesh_term>Syndrome</mesh_term>
  </condition_browse>
  <intervention_browse>
    <!-- CAUTION:  The following MeSH terms are assigned with an imperfect algorithm            -->
    <mesh_term>Lenalidomide</mesh_term>
    <mesh_term>Azacitidine</mesh_term>
  </intervention_browse>
  <!-- Results have not yet been posted for this study                                          -->
</clinical_study>

