<?xml version="1.0" encoding="UTF-8"?>
<clinical_study rank="423">
  <!-- This xml conforms to an XML Schema at:
    https://clinicaltrials.gov/ct2/html/images/info/public.xsd -->
  <required_header>
    <download_date>ClinicalTrials.gov processed this data on February 06, 2024</download_date>
    <link_text>Link to the current ClinicalTrials.gov record.</link_text>
    <url>https://clinicaltrials.gov/ct2/show/NCT02477787</url>
  </required_header>
  <id_info>
    <org_study_id>2014-1091</org_study_id>
    <nct_id>NCT02477787</nct_id>
  </id_info>
  <brief_title>Randomized Study of Haploidentical Hct and Subsequent Donor nk Cell Infusion in High-risk AML and MDS</brief_title>
  <acronym>DNKI-4</acronym>
  <official_title>Randomized Comparative Study for Efficacy and Safety Evaluation of HLA-haploidentical Hematopoietic Cell Transplantation With or Without Post-transplant Allogeneic Donor-derived Natural Killer Cell Infusion in High-risk Acute Myelogenous Leukemia and Myelodysplastic Syndrome</official_title>
  <sponsors>
    <lead_sponsor>
      <agency>Asan Medical Center</agency>
      <agency_class>Other</agency_class>
    </lead_sponsor>
  </sponsors>
  <source>Asan Medical Center</source>
  <oversight_info>
    <has_dmc>Yes</has_dmc>
  </oversight_info>
  <brief_summary>
    <textblock>
      This is a single center, open label, random comparison phase 2b study. The primary objective&#xD;
      of this study is, by random comparison, to assess the anti-leukemia effect of allogeneic,&#xD;
      donor-derived natural killer (NK) cells infused after HLA-haploidentical hematopoietic cell&#xD;
      transplantation (HCT) in patients with refractory acute myelogenous leukemia (AML).&#xD;
&#xD;
      The secondary objectives of the study are to assess the side effects of donor NK cell&#xD;
      infusion, effects of donor NK cell infusion upon HCT outcomes, as well as effects upon&#xD;
      post-HCT immune recovery.&#xD;
    </textblock>
  </brief_summary>
  <detailed_description>
    <textblock>
      5.0 Study design&#xD;
&#xD;
      5.1. Study patient should be enrolled by PI Kyoo-Hyung Lee, MD or Young-Shin Lee, RN.&#xD;
&#xD;
      5.2. Random assignment 5.2.1. Patients were randomly assigned to study arms the day before&#xD;
      initiation of conditioning therapy (day -8).&#xD;
&#xD;
      5.2.2. Stratification Refractory AML Stratification 1: Primary refractory vs.&#xD;
      relapse-refractory/2 or more relapse Stratification 2: peripheral blood blast &lt;5% vs. ≥5%&#xD;
      5.2.3. extra leukapheresis will be performed form donors assigned to treatment cohort.&#xD;
&#xD;
      High-risk AML Stratification: AML in CR1 with high-risk features vs. AML CR2&#xD;
&#xD;
      High-risk myelodysplastic syndrome (MDS) IPSS intermediate-2 risk vs. IPSS high-risk&#xD;
&#xD;
      6.0. Patient Eligibility&#xD;
&#xD;
      6.1. Patients with refractory AML Refractory AML is defined as follows;&#xD;
&#xD;
        1. Primary refractory: failure to achieve complete remission (CR) after 2 cycles of&#xD;
           induction chemotherapy; or, in patient ≥65 years of age, progressive AML after treatment&#xD;
           with hypomethylating agent (increase in peripheral blood blast by 50% or increase in&#xD;
           bone marrow blast by 25%)&#xD;
&#xD;
        2. Relapse then refractory: recurrence of AML, which is refractory to standard salvage&#xD;
           chemo therapy; or, in patient ≥65 years of age, to hypomethylating agent&#xD;
&#xD;
        3. AML in ≥2 relapses&#xD;
&#xD;
      6.2. Patients in AML CR1 with high-risk chromosomal features such as complex abnormality (3&#xD;
      or more abnormalities), -5, 5q-, -7, 7q-, 11q32 abn (non t(9;11)), inv(3), t(3;3), t(6;9),&#xD;
      t(9;22), or monosomal karyotype of 2 abnormalites or Patients in AML CR2&#xD;
&#xD;
      6.3 Patients with MDS, in intermediate-2 or high risk categories by IPSS classification&#xD;
&#xD;
      6.4. Patients should be 19 years of age or older&#xD;
&#xD;
      6.5. Patients should have Karnofsky performance scale ≥70&#xD;
&#xD;
      6.6. Patients and cell donors must understand fully and sign informed consent forms&#xD;
&#xD;
      Exclusion&#xD;
&#xD;
      6.7. Pregnant or lactating women&#xD;
&#xD;
      6.8. Patient with abnormal liver function (total bilirubin ≥ 5.0 mg/dl, AST ≥ 5 times upper&#xD;
      normal limits)&#xD;
&#xD;
      6.9. Patients with abnormal renal function (creatinine ≥ 3.0 mg/dl)&#xD;
&#xD;
      6.10. Patients with clinically-evident cardiac or pulmonary dysfunction&#xD;
&#xD;
      6.11. Patients with infection that is progressive despite appropriate anti-microbial&#xD;
      treatment&#xD;
&#xD;
      6.12 Patients with hypersensitivity to gentamicin&#xD;
&#xD;
      6.13. Patients who had received allogeneic cell therapy&#xD;
&#xD;
      7.0.Treatment Plan&#xD;
&#xD;
      7.1. For the study group of patients, donor NK cells will be generated from the hematopoietic&#xD;
      cells. Donor NK cell will be produced in the GCP laboratory at Asan Institute of Life Science&#xD;
      by a team of Stem Cell Research Center, Korea Research Institute of Bioscience and&#xD;
      Biotechnology.&#xD;
&#xD;
      7.2. Patients will have a triple-lumen Hickman central-venous catheter (CVC) placed. Chest&#xD;
      X-ray should be taken after CVC placement to confirm the location and the absence of hematoma&#xD;
      formation or pneumothorax.&#xD;
&#xD;
      7.3. Lumbar puncture will be done and preservative free methotrexate 10 mg/m2 (not to exceed&#xD;
      15 mg total) will be given intrathecally.&#xD;
&#xD;
      7.4. Menstruating women will be given norethindrone (Norlutate) 10 mg po daily.&#xD;
&#xD;
      7.5. The preparative regimen (Bu-Flu-ATG; also see Appendix V): 7.5.1. Busulfex (Bu) 3.2&#xD;
      mg/kg/day iv daily on days -7 and -6. Patients who are older than 64 years of age or who have&#xD;
      significant co-morbidities may receive Bu on day -7 only.&#xD;
&#xD;
      7.5.2. Fludarabine (Flu) 30 mg/m2/day in D5W 100 ml iv over 30 minutes starting at 4 pm daily&#xD;
      on days -7, -6, -5, -4, -3, and -2.&#xD;
&#xD;
      7.5.3. Methylprednisolone 2 mg/kg in D5W 100 ml iv over 30 minutes on days -4, -3, -2, and&#xD;
      -1.&#xD;
&#xD;
      7.5.4. Anti-thymocyte globulin (Thymoglobulin, Genzyme Transplant, Cambridge, MA, USA) 2.5&#xD;
      mg/kg/day in N/S 500-800 ml (less than 4 mg/ml) iv over 4 hours starting at 8 am daily on&#xD;
      days -3, -2, and -1.&#xD;
&#xD;
      7.6. Hematopoietic stem cell collection from the donors. 7.6.1. The HLA-haploidentical family&#xD;
      donor will receive granulocyte colony-stimulating factor (G-CSF, Grasin) 10 ug/kg by&#xD;
      subcutaneous (sc) injection for 5 days (from day -3 to day 1). Daily CBC will be done. On&#xD;
      days 0, 1, and 2, peripheral blood mononuclear cells will be collected by leukapheresis&#xD;
      (Amicus, Fenwal). A female donor or one with poor peripheral vein may have a Quinton or&#xD;
      Groshong catheter placed. A sample will be taken for cell count of total cells, mononuclear&#xD;
      cells, CD34+ cells, CD3+ cells, CD4+ cells, and CD8+ cells. Cells collected on days 0 and 1,&#xD;
      will be transplanted to the patients on the same day without further manipulation. At least&#xD;
      2x106/kg of CD34+ cells should be collected on day 0. If not, additional collection may be&#xD;
      scheduled under the discretion of attending physician. G-CSF is the most commonly&#xD;
      administered agent to donors for cell-collection and there has been no documented long-term&#xD;
      side effect document during last 25 years' use. However, the cell donors in the study will be&#xD;
      monitored for possible side effect of G-CSF.&#xD;
&#xD;
      7.6.2. Cell collected on collected on day 2 will be transported to the GCP laboratory for the&#xD;
      generation of NK cells (study arm). For details of donor NK cell generation, please see&#xD;
      appendix V.&#xD;
&#xD;
      7.7. Peripheral blood hematopoietic cell infusion for transplantation (days 0 or 0-1 or 0-2).&#xD;
&#xD;
      7.7.1. For ABO matched or minor mismatched transplantation, premedication with Avil 45.5 mg&#xD;
      iv push and acetaminophen 600 mg po will be given. Stem cells will be infused via CVC over 1&#xD;
      hour.&#xD;
&#xD;
      7.7.2 For major ABO mismatched transplantation, premedication with Avil 45.5 mg iv push,&#xD;
      acetaminophen 600 mg po, 10% mannitol 100 g iv over 4 hours beginning 30 minutes before stem&#xD;
      cell infusion, and hydrocortisone 250 mg iv immediately before and 30 minutes of stem cell&#xD;
      infusion will be given. Stem cells will be infused via CVC over 1 hour.&#xD;
&#xD;
      Donor NK cell infusion (see appendix V) 7.8. The patients in the study arm will receive donor&#xD;
      NK cell infusion around days 13 and 20. A permissible range of infusion time will be +/- 3&#xD;
      days.&#xD;
&#xD;
      7.9. For DNKI to be given on day 13 (DNKI-1), the cell dose is 1-2 x108/kg or about the half&#xD;
      of amount generated. For DNKI to be given on day 20 (DNKI-2), the cell dose is up to&#xD;
      5x108/kg. 7.10. Avil 1 ampoule will be given intravenously 30 minutes prior to each NK cell&#xD;
      infusions.&#xD;
&#xD;
      8.0 Supportive cares. 8.1. Dilantin 15 mg/kg (ABW) in NS 200 ml iv over 1 hour for loading on&#xD;
      day -8, then 200 mg po bid through day -6 or -5.&#xD;
&#xD;
      8.2. Clotrimazole powder to groin, axilla, and perianal area bid from day -8 until absolute&#xD;
      neutrophil count (ANC) &gt; 3,000/ul.&#xD;
&#xD;
      8.3. Sodium bicarbonate/saline mouthwash qid until mucositis is resolved. 8.4.. Micafungin 50&#xD;
      mg iv qd from Day 1 to ANC &gt; 3,000/ul. 8.5. Ciprofloxacin 500 mg po bid (for selective bowel&#xD;
      decontamination) until ANC &gt; 3,000/ul. With the first fever spike, ciprofloxacin is&#xD;
      discontinued and broad spectrum antibiotics are begun.&#xD;
&#xD;
      8.6. Acyclovir 250 mg/m2 iv twice a day will be given from day 1, and will be changed into&#xD;
      acyclovir 400 mg po bid until the discontinuation of cyclosporine administration.&#xD;
&#xD;
      8.7. G-CSF 450ug iv daily from day 5 to ANC &gt;3,000/ul. 8.8. The patients are hydrated with&#xD;
      0.9 % NS at 100 ml/hr while the patients are receiving busulfan.&#xD;
&#xD;
      8.9. Azithromycin 125 mg iv or po daily starting when ANC &gt;500/ul until 1 year if there is no&#xD;
      evidence of GVHD. In patients with GVHD, azithromycin will be continued until resolution of&#xD;
      GVHD and discontinuation of immunosuppressive therapy.&#xD;
&#xD;
      8.10. Bactrim 2 t po once a day three times a week when ANC &gt;3,000/ul. 8.11. Intravenous&#xD;
      immunoglobulin 500 mg/kg (ABW) iv over 6 hours every 2 weeks starting day 7 until day 90 then&#xD;
      monthly until day 180.&#xD;
&#xD;
      9. GVHD prophylaxis 9.1. Cyclosporine 1.5 mg/kg in N/S 100 ml iv over 2-4 hours q12 hrs&#xD;
      beginning day -1. Adjust cyclosporine dose to provide appropriate blood level (100-300 ng/ml&#xD;
      in whole blood) and according to the change of renal function.&#xD;
&#xD;
      9.2. Cyclosporine dosing will be changed to oral dosing when oral feeding became feasible.&#xD;
      Provided that there is no GVHD, cyclosporine dose will be tapered by 10%-20% every 2-4 weeks&#xD;
      starting between days 30 and 60 of HCT.&#xD;
&#xD;
      9.3. Cytomegalovirus (CMV) and Epstein-Barr virus (EBV) monitoring: Blood CMV antigenemia&#xD;
      assay and quantitative EBV PCR will be done at least weekly starting day -7 until day 100. If&#xD;
      CMV antigenemia is positive, preemptive treatment with ganciclovir will be considered as&#xD;
      follows; 5 mg/kg iv (every 12 hours for 7 days then) once daily until 1-2 weeks after the&#xD;
      negative conversion of CMV antigenemia. When EBV DNA is detected by PCR, infusion of&#xD;
      rituximab 375 mg/m2 will be considered weekly until the DNA is no longer detectable.&#xD;
&#xD;
      9.4. CNS prophylaxis: Preservative-free methotrexate will be administered intrathecally after&#xD;
      the patient recovered platelet count to over 50,000/mcl. Methotrexate 10 mg/m2 (not to exceed&#xD;
      15 mg total) will be given intrathecally once every 2 weeks for three times (total four doses&#xD;
      including one given before preparatory regimen).&#xD;
&#xD;
      10.0. Treatment Evaluation&#xD;
&#xD;
      10.1. Donor work up will include HLA-A, -B, -C, and -DRB1 typing based on PCR-sequencing&#xD;
      methods, ABO/Rh typing, CBC with reticulocyte count, chemistry, BUN/phosphorus, electrolytes,&#xD;
      coagulation battery, urinalysis with microscopy, EKG, chest PA and lateral, HBsAg, HBsAb, HCV&#xD;
      Ab, HIV Ab, VDRL, CMV(IgG), HSV(IgG), EBV serology, Toxoplasma titer (IgG), VZV (IgG)&#xD;
      (Appendix II).&#xD;
&#xD;
      10.2. Patient work up will include; HLA-A, -B, -C, and -DRB1 typing based on PCR-sequencing&#xD;
      methods, ABO/Rh typing, CBC with reticulocyte count, chemistry, BUN/phosphorus, electrolytes,&#xD;
      coagulation battery, urinalysis with microscopy, MUGA scan or echocardiogram, dental consult&#xD;
      and Panorex films, ENT consult and PNS films, PFT with DLCO, Chest X-ray, EKG, diagnostic&#xD;
      lumbar puncture with fluid battery (cell count, glucose, protein, LD, fungal and bacterial&#xD;
      cultures, cytospin), bone marrow aspirate and biopsy with cytogenetics and appropriate&#xD;
      molecular tests (such as bcr-abl, pml-rara, aml1-eto), HBsAg, HBsAb, HBcAb (IgG), HCV Ab, HIV&#xD;
      Ab, VDRL, CMV (IgG, IgM), HSV (IgG, IgM), EBV serology, Toxoplasma titer (IgG), VZV (IgG),&#xD;
      serum pregnancy test (beta-hCG) in females, and isoagglutinin titers if ABO mismatched HCT.&#xD;
&#xD;
      10.3. The status of mixed chimerism will be evaluated by PCR analysis of short tandem repeats&#xD;
      (STRs) by multiplex primers. The chimerism status will be analyzed from whole blood DNA after&#xD;
      1, 3, and 6 months after HCT.&#xD;
&#xD;
      10.4. Blood cytomegalovirus (CMV) antigenemia and quantitative EBV PCR assays will be done at&#xD;
      least weekly until day 100 of HCT.&#xD;
&#xD;
      10.5. Immune recovery of the patients after stem cell transplantation will be monitored by&#xD;
      lymphocyte subset count (Appendix VII) and measurement of Ig G, Ig M, Ig A levels and Ig G&#xD;
      subset (G1, G2, G3) on 1, 3, 6, and 12 months after HCT.&#xD;
&#xD;
      10.6. The patients will be followed with physical examination and appropriate blood test&#xD;
      including CBC at least every 3 months for 3 years after transplantation and then yearly&#xD;
      thereafter.&#xD;
&#xD;
      10.7. Bone marrow examination with cytogenetics will be done 3 to 4 weeks after HCT and,&#xD;
      subsequently, as deemed necessary.&#xD;
&#xD;
      10.8. 5 ml of bone marrow and 15 ml of heparinized blood obtained on day -8 will be sent to&#xD;
      Asan-KRIBB laboratory for immune phenotyping and functional analysis. In addition, 15 ml of&#xD;
      heparinized blood obtained 1, 3, 6, and 12 months after HCT will be sent to Asan-KRIBB&#xD;
      laboratory for immune phenotyping and functional analysis (see Appendices VII and VIII).&#xD;
&#xD;
      10.9.Plasma cytokine (interferon-γ, TNF-α, IL-6, IL-15, soluble IL-2 receptor) levels will be&#xD;
      measured at 1, 3, 6, and 12 months after HCT.&#xD;
&#xD;
      10.10. On the day of DNKI (days 13 and 20), 5 ml of heparinized peripheral blood will be sent&#xD;
      to Asan-KRIBB laboratory for ATG titer determination.&#xD;
&#xD;
      10.11. 96 assessable patients will be enrolled (48 in DNKI arm; 48 in control arm). After&#xD;
      enrollment of 40 patients, interim analysis will be performed.&#xD;
&#xD;
      10.12. The enrollment period is 60 months from the approval from Korean Ministry of Food and&#xD;
      Drug Safety.&#xD;
&#xD;
      10.13. Continuous variables will be compared using T-test or Mann-Whitney test. Categorical&#xD;
      variables will be compared using chi-square test. Lastly, time-event variables will be&#xD;
      compared using log-rank test with optional multivariate analysis if necessary.&#xD;
&#xD;
      10.14. Patients will be removed from the study immediately, if the patient withdraws the&#xD;
      consent to participate in the study.&#xD;
&#xD;
      11.0. Definition of Endpoints and Response&#xD;
&#xD;
      11.1.The occurrence and severity of side effects of NK cell infusion observed in the study&#xD;
      will be monitored and graded according to the Common Toxicity Criteria v3.0(2006; National&#xD;
      Cancer Institute). GVHD will be diagnosed and graded by published criteria listed in Appendix&#xD;
      III. TRM will be defined as any death occurring after the transplantation without leukemia&#xD;
      progression.&#xD;
&#xD;
      11.2.CR is defined as blast less than 5% in the marrow with recovery of neutrophil count over&#xD;
      1,000/ul and no extramedullary disease. CRmarrow is defined as blast less than 5% in the&#xD;
      marrow, no blast in the peripheral blood, neutrophil count over 500/ul, platelet count over&#xD;
      20,000/ul, and no extramedullary disease.&#xD;
&#xD;
      11.3.Leukemia recurrence is defined as over 5% leukemia blasts in a bone marrow sample after&#xD;
      a previously documented CR. In patients with persistent leukemia after HCT, the day of&#xD;
      leukemia progression was defined as the day on which leukemia blasts reappeared in peripheral&#xD;
      blood with bone marrow examination showing over 5% persistent blasts.&#xD;
&#xD;
      11.4. Event-free survival will be measured from the day of HCT to leukemia recurrence,&#xD;
      transplantation-related mortality, or the last follow-up. Overall survival will be measured&#xD;
      from the HCT to death from any cause or the last follow-up.&#xD;
    </textblock>
  </detailed_description>
  <overall_status>Terminated</overall_status>
  <why_stopped>
    upon recommendation from the Data Monitoring Committee&#xD;
  </why_stopped>
  <start_date type="Actual">June 2015</start_date>
  <completion_date type="Actual">June 2019</completion_date>
  <primary_completion_date type="Actual">June 2019</primary_completion_date>
  <phase>Phase 2</phase>
  <study_type>Interventional</study_type>
  <has_expanded_access>No</has_expanded_access>
  <study_design_info>
    <allocation>Randomized</allocation>
    <intervention_model>Parallel Assignment</intervention_model>
    <primary_purpose>Treatment</primary_purpose>
    <masking>None (Open Label)</masking>
  </study_design_info>
  <primary_outcome>
    <measure>number of patients who experience progression/recurrence of AML after HCT</measure>
    <time_frame>up to 60 months</time_frame>
  </primary_outcome>
  <secondary_outcome>
    <measure>number of patients who achieve engraftment after HCT</measure>
    <time_frame>up to 6 months</time_frame>
  </secondary_outcome>
  <secondary_outcome>
    <measure>number of patients who develop acute GVHD</measure>
    <time_frame>up to 4 months</time_frame>
  </secondary_outcome>
  <secondary_outcome>
    <measure>number of patients who develop chronic GVHD</measure>
    <time_frame>up to 60 months</time_frame>
  </secondary_outcome>
  <secondary_outcome>
    <measure>number of patients who experience donor NK cell infusion-associated toxicity</measure>
    <time_frame>up to 1 month</time_frame>
  </secondary_outcome>
  <secondary_outcome>
    <measure>number of patients who die after HCT without progression of AML</measure>
    <time_frame>up to 60 months</time_frame>
  </secondary_outcome>
  <number_of_arms>2</number_of_arms>
  <enrollment type="Actual">77</enrollment>
  <condition>Acute Myelogenous Leukemia</condition>
  <arm_group>
    <arm_group_label>treatment</arm_group_label>
    <arm_group_type>Experimental</arm_group_type>
    <description>patients will receive donor-derived NK cell infusion after haploidentical HCT</description>
  </arm_group>
  <arm_group>
    <arm_group_label>control</arm_group_label>
    <arm_group_type>No Intervention</arm_group_type>
    <description>patients will undergo haploidentical HCT but not receive donor-derived NK cells after HCT</description>
  </arm_group>
  <intervention>
    <intervention_type>Biological</intervention_type>
    <intervention_name>allogeneic, donor-derived NK cells</intervention_name>
    <description>Patients in the study arm will receive donor NK cell infusion around days 13 and 20. A permissible range of infusion time will be +/- 3 days.&#xD;
For DNKI to be given on day 13 (DNKI-1), the cell dose is 1-2 x108/kg or about the half of amount generated. For DNKI to be given on day 20 (DNKI-2), the cell dose is up to 5x108/kg.&#xD;
Avil 1 ampoule will be given intravenously 30 minutes prior to each NK cell infusions.</description>
    <arm_group_label>treatment</arm_group_label>
  </intervention>
  <eligibility>
    <criteria>
      <textblock>
        Inclusion Criteria:&#xD;
&#xD;
          -  Patients with refractory AML Refractory AML is defined as follows;&#xD;
&#xD;
               1. Primary refractory: failure to achieve complete remission (CR) after 2 cycles of&#xD;
                  induction chemotherapy; or, in patient ≥65 years of age, progressive AML after&#xD;
                  treatment with hypomethylating agent (increase in peripheral blood blast by 50%&#xD;
                  or increase in bone marrow blast by 25%)&#xD;
&#xD;
               2. Relapse then refractory: recurrence of AML, which is refractory to standard&#xD;
                  salvage chemo therapy; or, in patient ≥65 years of age, to hypomethylating agent&#xD;
&#xD;
               3. AML in ≥2 relapses&#xD;
&#xD;
          -  Patients should be 19 years of age or older&#xD;
&#xD;
          -  Patients should have Karnofsky performance scale ≥70&#xD;
&#xD;
          -  Patients and cell donors must understand fully and sign informed consent forms&#xD;
&#xD;
        Exclusion Criteria:&#xD;
&#xD;
          -  Pregnant or lactating women&#xD;
&#xD;
          -  Patient with abnormal liver function (total bilirubin ≥ 5.0 mg/dl, AST ≥ 5 times upper&#xD;
             normal limits)&#xD;
&#xD;
          -  Patients with abnormal renal function (creatinine ≥ 3.0 mg/dl)&#xD;
&#xD;
          -  Patients with clinically-evident cardiac or pulmonary dysfunction&#xD;
&#xD;
          -  Patients with infection that is progressive despite appropriate anti-microbial&#xD;
             treatment&#xD;
&#xD;
          -  Patients with hypersensitivity to gentamicin&#xD;
&#xD;
          -  Patients who had received allogeneic cell therapy previously.&#xD;
      </textblock>
    </criteria>
    <gender>All</gender>
    <minimum_age>19 Years</minimum_age>
    <maximum_age>80 Years</maximum_age>
    <healthy_volunteers>Accepts Healthy Volunteers</healthy_volunteers>
  </eligibility>
  <location>
    <facility>
      <name>Asan Medical Center</name>
      <address>
        <city>Seoul</city>
        <country>Korea, Republic of</country>
      </address>
    </facility>
  </location>
  <location_countries>
    <country>Korea, Republic of</country>
  </location_countries>
  <verification_date>July 2019</verification_date>
  <study_first_submitted>June 11, 2015</study_first_submitted>
  <study_first_submitted_qc>June 22, 2015</study_first_submitted_qc>
  <study_first_posted type="Estimate">June 23, 2015</study_first_posted>
  <last_update_submitted>July 5, 2019</last_update_submitted>
  <last_update_submitted_qc>July 5, 2019</last_update_submitted_qc>
  <last_update_posted type="Actual">July 8, 2019</last_update_posted>
  <responsible_party>
    <responsible_party_type>Principal Investigator</responsible_party_type>
    <investigator_affiliation>Asan Medical Center</investigator_affiliation>
    <investigator_full_name>Kyoo-Hyung Lee</investigator_full_name>
    <investigator_title>MD, PROFESSOR, HEMATOLOGY</investigator_title>
  </responsible_party>
  <keyword>HLA-haploidentical hematopoietic cell transplantation</keyword>
  <keyword>natural killer cells</keyword>
  <condition_browse>
    <!-- CAUTION:  The following MeSH terms are assigned with an imperfect algorithm            -->
    <mesh_term>Leukemia</mesh_term>
    <mesh_term>Leukemia, Myeloid</mesh_term>
    <mesh_term>Leukemia, Myeloid, Acute</mesh_term>
  </condition_browse>
  <!-- Results have not yet been posted for this study                                          -->
</clinical_study>

