<?xml version="1.0" encoding="UTF-8"?>
<clinical_study rank="39">
  <!-- This xml conforms to an XML Schema at:
    https://clinicaltrials.gov/ct2/html/images/info/public.xsd -->
  <required_header>
    <download_date>ClinicalTrials.gov processed this data on February 06, 2024</download_date>
    <link_text>Link to the current ClinicalTrials.gov record.</link_text>
    <url>https://clinicaltrials.gov/ct2/show/NCT02474290</url>
  </required_header>
  <id_info>
    <org_study_id>Sorafenib-Flt3 AML-2015</org_study_id>
    <nct_id>NCT02474290</nct_id>
  </id_info>
  <brief_title>Sorafenib for Prophylaxis of Leukemia Relapse in Allo-HSCT Recipients With FLT3-ITD Positive AML</brief_title>
  <official_title>Sorafenib for Prophylaxis of Leukemia Relapse in Allogeneic Hematopoietic Stem Cell Transplant Recipients With FLT3-ITD Positive Acute Myeloid Leukemia</official_title>
  <sponsors>
    <lead_sponsor>
      <agency>Nanfang Hospital, Southern Medical University</agency>
      <agency_class>Other</agency_class>
    </lead_sponsor>
    <collaborator>
      <agency>Peking University People's Hospital</agency>
      <agency_class>Other</agency_class>
    </collaborator>
    <collaborator>
      <agency>Third Affiliated Hospital, Sun Yat-Sen University</agency>
      <agency_class>Other</agency_class>
    </collaborator>
    <collaborator>
      <agency>Zhujiang Hospital</agency>
      <agency_class>Other</agency_class>
    </collaborator>
    <collaborator>
      <agency>Xiangya Hospital of Central South University</agency>
      <agency_class>Other</agency_class>
    </collaborator>
    <collaborator>
      <agency>First People's Hospital of Chenzhou</agency>
      <agency_class>Other</agency_class>
    </collaborator>
    <collaborator>
      <agency>The First Affiliated Hospital of Guangzhou Medical University</agency>
      <agency_class>Other</agency_class>
    </collaborator>
  </sponsors>
  <source>Nanfang Hospital, Southern Medical University</source>
  <oversight_info>
    <has_dmc>Yes</has_dmc>
  </oversight_info>
  <brief_summary>
    <textblock>
      The purpose of this study is to evaluate the efficacy of sorafenib for prophylaxis of&#xD;
      leukemia relapse in allogeneic stem cell transplant (Allo-HSCT) recipients with FLT3-ITD&#xD;
      positive acute myeloid leukemia (AML).&#xD;
    </textblock>
  </brief_summary>
  <detailed_description>
    <textblock>
      Internal tandem duplication of FMS-like tyrosine kinase 3 (FLT3-ITD) mutations have been&#xD;
      reported in 20%-30% of patients with acute myeloid leukemia (AML). FLT3-ITD-positive AML&#xD;
      patients have an inferior survival, primarily due to lower complete remission (CR) rate and&#xD;
      higher relapse rate. Although allogeneic hematopoietic stem cell transplantation (allo-HSCT)&#xD;
      improves the outcomes of some FLT3-ITD-positive AML, a significant number will suffer disease&#xD;
      recurrence after allo-HSCT. Sorafenib, an inhibitor of multiple kinases including FLT3, has&#xD;
      shown promising activity in FLT3-ITD-positive AML. Recent studies have shown that sorafenib&#xD;
      monotherapy or in combination with chemotherapy are effective in attaining CR, but they do&#xD;
      not have significant improvement in relapse. Currently, prophylactic use of sorafenib after&#xD;
      allo-HSCT has been rarely reported, and whether it can improve outcomes of FLT3-ITD-positive&#xD;
      AML remains unclear.&#xD;
    </textblock>
  </detailed_description>
  <overall_status>Completed</overall_status>
  <start_date type="Actual">June 20, 2015</start_date>
  <completion_date type="Actual">August 10, 2019</completion_date>
  <primary_completion_date type="Actual">July 21, 2018</primary_completion_date>
  <phase>Phase 2/Phase 3</phase>
  <study_type>Interventional</study_type>
  <has_expanded_access>No</has_expanded_access>
  <study_design_info>
    <allocation>Randomized</allocation>
    <intervention_model>Parallel Assignment</intervention_model>
    <primary_purpose>Treatment</primary_purpose>
    <masking>None (Open Label)</masking>
  </study_design_info>
  <primary_outcome>
    <measure>Incidence of leukemia relapse</measure>
    <time_frame>1 year</time_frame>
  </primary_outcome>
  <secondary_outcome>
    <measure>Overall survival</measure>
    <time_frame>3 year</time_frame>
  </secondary_outcome>
  <secondary_outcome>
    <measure>leukemia-free survival</measure>
    <time_frame>3 year</time_frame>
  </secondary_outcome>
  <secondary_outcome>
    <measure>Incidence of side effect of sorafenib</measure>
    <time_frame>6 months</time_frame>
  </secondary_outcome>
  <number_of_arms>2</number_of_arms>
  <enrollment type="Actual">202</enrollment>
  <condition>Acute Myeloid Leukemia</condition>
  <condition>Hematopoietic Stem Cell Transplantation</condition>
  <arm_group>
    <arm_group_label>Sorafenib group</arm_group_label>
    <arm_group_type>Experimental</arm_group_type>
    <description>Sorafenib will be used from day 30 to 180 post-transplantation.</description>
  </arm_group>
  <arm_group>
    <arm_group_label>non-Sorafenib group</arm_group_label>
    <arm_group_type>No Intervention</arm_group_type>
  </arm_group>
  <intervention>
    <intervention_type>Drug</intervention_type>
    <intervention_name>Sorafenib</intervention_name>
    <description>The initial dose of sorafenib is 400 mg orally twice daily and is adjusted in case of suspected toxicity or resistance (dose range, 200-800 mg daily).</description>
    <arm_group_label>Sorafenib group</arm_group_label>
  </intervention>
  <eligibility>
    <criteria>
      <textblock>
        Inclusion Criteria:&#xD;
&#xD;
          -  FLT3-ITD Positive AML&#xD;
&#xD;
          -  Allo-HSCT Recipients&#xD;
&#xD;
        Exclusion Criteria:&#xD;
&#xD;
          -  cardiac dysfunction (particularly congestive heart failure)&#xD;
&#xD;
          -  hepatic abnormalities (bilirubin ≥ 3 mg/dL, aminotransferase&gt; 2 times the upper limit&#xD;
             of normal)&#xD;
&#xD;
          -  renal dysfunction (creatinine clearance rate &lt; 30 mL/min)&#xD;
&#xD;
          -  Any abnormality in a vital sign (e.g., heart rate, respiratory rate, or blood&#xD;
             pressure)&#xD;
&#xD;
          -  Patients with any conditions not suitable for the trial (investigators' decision)&#xD;
      </textblock>
    </criteria>
    <gender>All</gender>
    <minimum_age>18 Years</minimum_age>
    <maximum_age>60 Years</maximum_age>
    <healthy_volunteers>No</healthy_volunteers>
  </eligibility>
  <overall_official>
    <last_name>Qifa Liu</last_name>
    <role>Principal Investigator</role>
    <affiliation>Nanfang Hospital, Southern Medical University</affiliation>
  </overall_official>
  <location>
    <facility>
      <name>Department of Hematology,Nanfang Hospital, Southern Medical University</name>
      <address>
        <city>Guangzhou</city>
        <state>Guangdong</state>
        <zip>510515</zip>
        <country>China</country>
      </address>
    </facility>
  </location>
  <location_countries>
    <country>China</country>
  </location_countries>
  <reference>
    <citation>Ravandi F, Cortes JE, Jones D, Faderl S, Garcia-Manero G, Konopleva MY, O'Brien S, Estrov Z, Borthakur G, Thomas D, Pierce SR, Brandt M, Byrd A, Bekele BN, Pratz K, Luthra R, Levis M, Andreeff M, Kantarjian HM. Phase I/II study of combination therapy with sorafenib, idarubicin, and cytarabine in younger patients with acute myeloid leukemia. J Clin Oncol. 2010 Apr 10;28(11):1856-62. doi: 10.1200/JCO.2009.25.4888. Epub 2010 Mar 8.</citation>
    <PMID>20212254</PMID>
  </reference>
  <reference>
    <citation>Metzelder SK, Schroeder T, Finck A, Scholl S, Fey M, Gotze K, Linn YC, Kroger M, Reiter A, Salih HR, Heinicke T, Stuhlmann R, Muller L, Giagounidis A, Meyer RG, Brugger W, Vohringer M, Dreger P, Mori M, Basara N, Schafer-Eckart K, Schultheis B, Baldus C, Neubauer A, Burchert A. High activity of sorafenib in FLT3-ITD-positive acute myeloid leukemia synergizes with allo-immune effects to induce sustained responses. Leukemia. 2012 Nov;26(11):2353-9. doi: 10.1038/leu.2012.105. Epub 2012 Apr 16.</citation>
    <PMID>22504140</PMID>
  </reference>
  <verification_date>June 2015</verification_date>
  <study_first_submitted>June 14, 2015</study_first_submitted>
  <study_first_submitted_qc>June 14, 2015</study_first_submitted_qc>
  <study_first_posted type="Estimate">June 17, 2015</study_first_posted>
  <last_update_submitted>August 21, 2019</last_update_submitted>
  <last_update_submitted_qc>August 21, 2019</last_update_submitted_qc>
  <last_update_posted type="Actual">August 26, 2019</last_update_posted>
  <responsible_party>
    <responsible_party_type>Principal Investigator</responsible_party_type>
    <investigator_affiliation>Nanfang Hospital, Southern Medical University</investigator_affiliation>
    <investigator_full_name>Qifa Liu</investigator_full_name>
    <investigator_title>Professor</investigator_title>
  </responsible_party>
  <keyword>Acute Myeloid Leukemia</keyword>
  <keyword>FLT3-ITD</keyword>
  <keyword>Hematopoietic Stem Cell Transplantation</keyword>
  <condition_browse>
    <!-- CAUTION:  The following MeSH terms are assigned with an imperfect algorithm            -->
    <mesh_term>Leukemia</mesh_term>
    <mesh_term>Leukemia, Myeloid</mesh_term>
    <mesh_term>Leukemia, Myeloid, Acute</mesh_term>
  </condition_browse>
  <intervention_browse>
    <!-- CAUTION:  The following MeSH terms are assigned with an imperfect algorithm            -->
    <mesh_term>Sorafenib</mesh_term>
  </intervention_browse>
  <!-- Results have not yet been posted for this study                                          -->
</clinical_study>

