<?xml version="1.0" encoding="UTF-8"?>
<clinical_study rank="381">
  <!-- This xml conforms to an XML Schema at:
    https://clinicaltrials.gov/ct2/html/images/info/public.xsd -->
  <required_header>
    <download_date>ClinicalTrials.gov processed this data on February 06, 2024</download_date>
    <link_text>Link to the current ClinicalTrials.gov record.</link_text>
    <url>https://clinicaltrials.gov/ct2/show/NCT05829434</url>
  </required_header>
  <id_info>
    <org_study_id>MAGROLIC</org_study_id>
    <secondary_id>EU Trial Number</secondary_id>
    <nct_id>NCT05829434</nct_id>
  </id_info>
  <brief_title>Magrolimab Plus Intensive Chemotherapy in Newly Diagnosed AML or HR-MDS</brief_title>
  <acronym>MAGROLIC</acronym>
  <official_title>Magrolimab Plus Intensive Chemotherapy in Newly Diagnosed &quot;ELN 2022 Intermediate or Adverse-risk&quot; AML or High Risk MDS Patients Intended to Undergo Allogeneic Stem Cell Transplantation, a Phase 2, Single-arm, Open-Label Study</official_title>
  <sponsors>
    <lead_sponsor>
      <agency>Uwe Platzbecker</agency>
      <agency_class>Other</agency_class>
    </lead_sponsor>
    <collaborator>
      <agency>Gilead Sciences</agency>
      <agency_class>Industry</agency_class>
    </collaborator>
  </sponsors>
  <source>University of Leipzig</source>
  <oversight_info>
    <has_dmc>No</has_dmc>
    <is_fda_regulated_drug>No</is_fda_regulated_drug>
    <is_fda_regulated_device>No</is_fda_regulated_device>
  </oversight_info>
  <brief_summary>
    <textblock>
      Use of magrolimab in combination with standard intensive chemotherapy (&quot;7+3&quot; or CPX-351) in&#xD;
      newly diagnosed &quot;ELN 2022 intermediate or adverse-risk&quot; AML or high risk MDS patients, who&#xD;
      intend to undergo allogeneic stem cell transplantation&#xD;
    </textblock>
  </brief_summary>
  <detailed_description>
    <textblock>
      Patients will receive magrolimab in combination with &quot;7+3&quot; or CPX-351 at:&#xD;
&#xD;
        -  Day 1, 4: IV 1 mg/kg&#xD;
&#xD;
        -  Day 8: IV 15 mg/kg&#xD;
&#xD;
        -  Day 11, 15 and 22: IV 30 mg/kg&#xD;
&#xD;
        -  Followed by weekly doses for 5 weeks and then q2w until the end of consolidation&#xD;
&#xD;
      If &quot;7+3&quot;:&#xD;
&#xD;
        -  Induction cycle 1 (IND 1):&#xD;
&#xD;
        -  Cytarabine at 100 mg/m² on study days 1-7 as a continuous infusion over 22-24 hours&#xD;
&#xD;
        -  Daunorubicin at 60 mg/m² on study days 3, 4, 5&#xD;
&#xD;
        -  Induction cycle 2 (IND 2, optional):&#xD;
&#xD;
        -  Cytarabine at 100 mg/m² on days 1-7 of the second induction cycle (i.e. study days&#xD;
           29-35) as a continuous infusion over 22-24 hours&#xD;
&#xD;
        -  Daunorubicin at 60 mg/m² on days 3, 4, 5 of the second induction cycle (i.e. study days&#xD;
           31, 32, 33)&#xD;
&#xD;
        -  Consolidation cycle (CONS, optional):&#xD;
&#xD;
        -  Cytarabine at 1 g/m² administered on days 1, 3, 5 of each consolidation cycle as an&#xD;
           infusion for 2 hours every 12 hours (for patients &lt; 60 years up to 3 CONS cycles and for&#xD;
           patients ≥ 60 years up to 2 CONS cycles)&#xD;
&#xD;
      If CPX-351:&#xD;
&#xD;
        -  Induction cycle 1 (IND 1): CPX-351 (fixed combination daunorubicin 44 mg/m² and&#xD;
           cytarabine 100 mg/m²) days 1, 3, 5&#xD;
&#xD;
        -  Induction cycle 2 (IND 2, optional): CPX-351 (fixed combination daunorubicin 44 mg/m²&#xD;
           and cytarabine 100 mg/m²) days 1, 3 (i.e. study days 29, 30)&#xD;
&#xD;
        -  Consolidation cycle 1 (CONS, optional): CPX-351 (fixed combination daunorubicin 29 mg/m²&#xD;
           and cytarabine 65 mg/m²) days 1, 3&#xD;
    </textblock>
  </detailed_description>
  <overall_status>Not yet recruiting</overall_status>
  <start_date type="Anticipated">January 31, 2024</start_date>
  <completion_date type="Anticipated">June 30, 2029</completion_date>
  <primary_completion_date type="Anticipated">June 30, 2028</primary_completion_date>
  <phase>Phase 2</phase>
  <study_type>Interventional</study_type>
  <has_expanded_access>No</has_expanded_access>
  <study_design_info>
    <allocation>Non-Randomized</allocation>
    <intervention_model>Parallel Assignment</intervention_model>
    <intervention_model_description>Patients are either treated with CPX-351 or 7+3</intervention_model_description>
    <primary_purpose>Treatment</primary_purpose>
    <masking>None (Open Label)</masking>
  </study_design_info>
  <primary_outcome>
    <measure>Best CR/CRi/CRh</measure>
    <time_frame>Up to 28 days</time_frame>
    <description>Analysis of best CR/CRi/CRh (taken into count: number of neutrophils, platelets and bone marrow blasts) to describe efficacy of magrolimab in combination with intensive chemotherapy</description>
  </primary_outcome>
  <secondary_outcome>
    <measure>Overall Survival</measure>
    <time_frame>up to 28 months</time_frame>
    <description>Analysis of overall survival, OS (Time from study inclusion until death from any cause)</description>
  </secondary_outcome>
  <secondary_outcome>
    <measure>Event Free Survival</measure>
    <time_frame>up to 57 days</time_frame>
    <description>Analysis of event free survival, EFS (Time from study inclusion until end of induction (after up to two induction chemotherapies), hematological relapse or death from any cause (whichever comes first))</description>
  </secondary_outcome>
  <secondary_outcome>
    <measure>Relapse Free Survival</measure>
    <time_frame>up to 28 months</time_frame>
    <description>Analysis of relapse free survival, RFS (only for patients achieving CR); Time from achievement of complete remission until hematological relapse or death from any cause (whichever comes first)</description>
  </secondary_outcome>
  <secondary_outcome>
    <measure>Rate of allo HSCT</measure>
    <time_frame>up to 28 days</time_frame>
    <description>Rate of allogeneic hematopoietic stem cell transplantation, After induction cycle</description>
  </secondary_outcome>
  <secondary_outcome>
    <measure>Quality of life (EORTC QLQ-C30)</measure>
    <time_frame>up to 4 months</time_frame>
    <description>Evaluation according to EORTC QLQ-C30 Scoring Manual, Registration, during treatment and end of treatment&#xD;
To assess patient-reported quality of life during magrolimab treatment: 30 questions assessing the quality of life of oncology patients across 10 subscales will be analyzed. All subscales have a score range from 0 to 100 points.&#xD;
Function subscales: a higher score represents a higher quality of life. Symptoms subscales: higher score represents higher level of symptoms/problems, i.e., represents lower quality of life.</description>
  </secondary_outcome>
  <secondary_outcome>
    <measure>Quality of life (EQ-5D-5L)</measure>
    <time_frame>up to 4 months</time_frame>
    <description>Evaluation according to EQ-5D-5L User Guide, Registration, during treatment and end of treatment&#xD;
To assess patient-reported quality of life during magrolimab treatment within five dimensions: mobility, self-care, usual activities, pain/discomfort and anxiety/depression. Each dimension has 5 levels: no problems, slight problems, moderate problems, severe problems and extreme problems.&#xD;
Level 1 is coded as a '1', Level 2 is coded as a '2' and so on. Higher levels indicate lower quality of life..</description>
  </secondary_outcome>
  <secondary_outcome>
    <measure>Rate and severity of adverse events</measure>
    <time_frame>up to 4 months</time_frame>
    <description>Rate and severity of adverse events for patients treated with magrolimab and induction chemotherapy (Start of treatment up to end of treatment)</description>
  </secondary_outcome>
  <number_of_arms>2</number_of_arms>
  <enrollment type="Anticipated">108</enrollment>
  <condition>Acute Myeloid Leukemia</condition>
  <condition>Myelodysplastic Neoplasm</condition>
  <arm_group>
    <arm_group_label>Magrolimab + intensive chemotherapy (7+3)</arm_group_label>
    <arm_group_type>Experimental</arm_group_type>
    <description>Patients will receive magrolimab in combination with &quot;7+3&quot;</description>
  </arm_group>
  <arm_group>
    <arm_group_label>Magrolimab + intensive chemotherapy (CPX-351)</arm_group_label>
    <arm_group_type>Experimental</arm_group_type>
    <description>Patients will receive magrolimab in combination with CPX-351</description>
  </arm_group>
  <intervention>
    <intervention_type>Drug</intervention_type>
    <intervention_name>Magrolimab</intervention_name>
    <description>Patients will receive magrolimab on day 1; 4: IV 1 mg/kg; day 8: IV 15 mg/kg; day 11, 15 and 22: IV 30 mg/kg (plus 30 mg/kg for 5 weeks weekly and then q2w until the end of consolidation)</description>
    <arm_group_label>Magrolimab + intensive chemotherapy (7+3)</arm_group_label>
    <arm_group_label>Magrolimab + intensive chemotherapy (CPX-351)</arm_group_label>
    <other_name>Hu5F9-G4</other_name>
    <other_name>GS-4721</other_name>
  </intervention>
  <intervention>
    <intervention_type>Drug</intervention_type>
    <intervention_name>7+3</intervention_name>
    <description>Patients will receive during Induction cycle 1: cytarabine at 100 mg/m² on study days 1-7 as a continuous infusion over 22-24 hours and daunorubicin at 60 mg/m² on study days 3, 4, 5&#xD;
optional during Induction cycle 2: cytarabine at 100 mg/m² on days 1-7 of the second induction cycle (i.e. study days 29-35) as a continuous infusion over 22-24 hours and daunorubicin at 60 mg/m² on days 3, 4, 5 of the second induction cycle (i.e. study days 31, 32, 33)&#xD;
optional during Consolidation cycle: cytarabine at 1 g/m² administered on days 1, 3, 5 of each consolidation cycle as an infusion for 2 hours every 12 hours (for patients &lt; 60 years up to 3 CONS cycles and for patients ≥ 60 years up to 2 CONS cycles)</description>
    <arm_group_label>Magrolimab + intensive chemotherapy (7+3)</arm_group_label>
    <other_name>Daunorubicine and Cytarabine</other_name>
  </intervention>
  <intervention>
    <intervention_type>Drug</intervention_type>
    <intervention_name>CPX-351</intervention_name>
    <description>Patients will receive during Induction cycle 1: CPX-351 with daunorubicin 44 mg/m² and cytarabine 100 mg/m² on days 1, 3, 5&#xD;
optional during Induction cycle 2: CPX-351 with daunorubicin 44 mg/m² and cytarabine 100 mg/m² on days 29 + 30&#xD;
optional during Consolidation cycle: CPX-351 with daunorubicin 29 mg/m² and cytarabine 65 mg/m² on days 1, 3</description>
    <arm_group_label>Magrolimab + intensive chemotherapy (CPX-351)</arm_group_label>
    <other_name>Vyxeos®</other_name>
  </intervention>
  <eligibility>
    <criteria>
      <textblock>
        Inclusion Criteria:&#xD;
&#xD;
          -  AML or MDS-IB2 according to WHO 2022 criteria&#xD;
&#xD;
          -  For both MDS and AML: &quot;Intermediate&quot; or &quot;adverse risk&quot; genetic changes according to&#xD;
             ELN 2022 category&#xD;
&#xD;
          -  Eligible for and intention to undergo intensive chemotherapy (IC) (CPX-351 or &quot;7+3&quot;)&#xD;
             followed by allogeneic HSCT, as judged by the investigator&#xD;
&#xD;
        Exclusion Criteria:&#xD;
&#xD;
          -  Patients harboring a FLT3mut, regardless of FLT3-ITD or FLT3-TKD mutation status and&#xD;
             intended to receive midostaurin during induction and consolidation&#xD;
&#xD;
          -  Patients intended to receive gemtuzumab-ozogamicin during intensive chemotherapy&#xD;
&#xD;
          -  Patient does not accept bone marrow sampling during screening, during and after the&#xD;
             treatment&#xD;
&#xD;
          -  Patient does not accept several blood samplings during screening, treatment and after&#xD;
             the treatment&#xD;
&#xD;
          -  Patients who are not eligible for standard intensive chemotherapy as assessed by the&#xD;
             treating physician&#xD;
&#xD;
          -  Previous anthracycline-containing chemotherapy (Exception: cumulative dose for 1 cycle&#xD;
             of planned induction therapy (CPX-351 or &quot;7+3&quot;) not reached)&#xD;
&#xD;
          -  Any prior treatment for AML or MDS (except for hydroxyurea or treatment for low-risk&#xD;
             MDS e.g. growth factors) or prior treatment with CD47 or SIRPα-targeting agents,&#xD;
             including magrolimab&#xD;
&#xD;
          -  Inadequate organ function as defined as any criterion in the list below:&#xD;
&#xD;
               1. Congestive heart failure or documented cardiomyopathy with an EF ≤50%&#xD;
&#xD;
               2. Documented pulmonary disease with DLCO ≤65% or FEV1 ≤65%, or dyspnea at rest or&#xD;
                  requiring oxygen, or any pleural neoplasm or uncontrolled lung neoplasm&#xD;
&#xD;
               3. On dialysis and age older than 60 years or uncontrolled renal carcinoma&#xD;
&#xD;
               4. Aspartate aminotransferase (AST)/serum glutamic oxaloacetic transaminase (SGOT)&#xD;
                  and alanine aminotransferase (ALT)/serum glutamic pyruvic transaminase (SGPT) &gt;&#xD;
                  5× upper limit of normal (ULN) or liver cirrhosis Child B or C or any biliary&#xD;
                  tree carcinoma or uncontrolled liver carcinoma or acute viral hepatitis&#xD;
&#xD;
               5. Bilirubin &gt; 1.5× ULN, or 3.0× ULN and primarily unconjugated if patient has a&#xD;
                  documented history of Gilbert's syndrome or genetic equivalent&#xD;
&#xD;
               6. Serum creatinine &gt; 1.5× ULN or calculated glomerular filtration rate (GFR) &lt; 40&#xD;
                  mL/min/1.73 m²&#xD;
&#xD;
          -  ECOG performance status of ≥ 3&#xD;
&#xD;
          -  Medical conditions other than MDS-IB-2 or AML with an estimated life expectancy below&#xD;
             3 months&#xD;
&#xD;
          -  Relapsed or primary refractory AML&#xD;
&#xD;
          -  Acute promyelocytic leukemia&#xD;
&#xD;
          -  Known severe cardiopulmonary disease (e.g., unstable angina, congestive heart failure&#xD;
             with an EF ≤50%, myocardial infarction within 6 months prior to screening, symptomatic&#xD;
             cardiomyopathy, clinically significant arrhythmia17, clinically significant pulmonary&#xD;
             hypertension requiring pharmacologic therapy)&#xD;
&#xD;
          -  Uncontrolled high blood pressure (i.e., systolic blood pressure &gt; 180 mm Hg, diastolic&#xD;
             blood pressure &gt; 95 mm Hg)18&#xD;
&#xD;
          -  Known prolonged rate-corrected QT interval ≥ 500 msec, calculated according to&#xD;
             Fridericia's formula&#xD;
&#xD;
          -  Active uncontrolled infection or severe infectious disease, such as severe pneumonia,&#xD;
             meningitis, or septicemia&#xD;
&#xD;
          -  Known psychiatric or substance abuse disorders that would interfere with cooperation&#xD;
             with the requirements of the trial.&#xD;
&#xD;
          -  Known active Human Immunodeficiency Virus infection (HIV 1/2 antibodies) with&#xD;
             detectable viral load&#xD;
&#xD;
          -  Known active Hepatitis B (i.e., HBsAg reactive) or Hepatitis C (i.e., HCV RNA&#xD;
             [qualitative] is detected).&#xD;
&#xD;
          -  Major surgery within 14 days of registration or a scheduled surgery during study&#xD;
             period, depending on investigator decision&#xD;
&#xD;
          -  Known uncontrolled central nervous system (CNS) involvement of MDS-IB-2 or AML&#xD;
             (assessment by lumbar puncture is not mandatory for screening)&#xD;
&#xD;
          -  Diagnosis or treatment for another malignancy within 1 year before registration and&#xD;
             currently not in complete remission&#xD;
&#xD;
          -  Any evidence of residual disease of another malignancy&#xD;
&#xD;
          -  Patients with uncontrolled coagulopathy or bleeding disorder&#xD;
&#xD;
          -  History or current evidence of any condition, therapy, or laboratory abnormality that&#xD;
             might the results of the trial, interfere with the subject's participation for the&#xD;
             full duration of the trial, or is not in the best interest of the subject to&#xD;
             participate, in the opinion of the treating investigator&#xD;
&#xD;
          -  Current or planned pregnancy or nursing women (negative urine or serum pregnancy test&#xD;
             within 3 days prior to receiving study treatment is needed. If the urine test is&#xD;
             positive or cannot be confirmed as negative, a serum pregnancy test must be&#xD;
             performed.)&#xD;
&#xD;
          -  Female patients of childbearing potential, who are not using or not willing to use one&#xD;
             highly effective method and one additional effective (barrier) method of&#xD;
             contraception, at the same time, from the time of signing the informed consent through&#xD;
             6 months after the last dose of study drug. Note: Abstinence is acceptable if this is&#xD;
             the usual lifestyle and preferred contraception for the subject.&#xD;
&#xD;
          -  Female patients who intend to donate eggs (ova) during the course of this study or 4&#xD;
             months after receiving their last dose of study drug(s).&#xD;
&#xD;
          -  Male patients, who do not agree to use an adequate method of contraception, starting&#xD;
             with the first dose of study therapy during the entire study treatment period and&#xD;
             through 3 months after the last dose of study drug. Note: Abstinence is acceptable if&#xD;
             this is the usual lifestyle and preferred contraception for the subject.&#xD;
&#xD;
          -  Male patients who intend to donate sperm during the course of this study or 4 months&#xD;
             after receiving their last dose of study drug(s).&#xD;
&#xD;
          -  Age under 18 years at registration&#xD;
&#xD;
          -  Subject is unable to understand the nature, scope, significance and consequences of&#xD;
             this clinical trial or has no legal capacity&#xD;
&#xD;
          -  Simultaneous participation in another interventional clinical trial or participation&#xD;
             in any clinical trial involving administration of an investigational medicinal product&#xD;
             within 30 days prior to MAGROLIC trial registration&#xD;
      </textblock>
    </criteria>
    <gender>All</gender>
    <minimum_age>18 Years</minimum_age>
    <maximum_age>N/A</maximum_age>
    <healthy_volunteers>No</healthy_volunteers>
  </eligibility>
  <overall_official>
    <last_name>Uwe Platzbecker, Prof. Dr.</last_name>
    <role>Principal Investigator</role>
    <affiliation>University of Leipzig</affiliation>
  </overall_official>
  <overall_contact>
    <last_name>Susanne Melzer</last_name>
    <phone>+49 3419716317</phone>
    <email>susanne.melzer@zks.uni-leipzig.de</email>
  </overall_contact>
  <overall_contact_backup>
    <last_name>Magrolic ZKS Team</last_name>
    <email>magrolic@zks.uni-leipzig.de</email>
  </overall_contact_backup>
  <verification_date>November 2023</verification_date>
  <study_first_submitted>March 22, 2023</study_first_submitted>
  <study_first_submitted_qc>April 24, 2023</study_first_submitted_qc>
  <study_first_posted type="Actual">April 25, 2023</study_first_posted>
  <last_update_submitted>November 28, 2023</last_update_submitted>
  <last_update_submitted_qc>November 28, 2023</last_update_submitted_qc>
  <last_update_posted type="Actual">November 29, 2023</last_update_posted>
  <responsible_party>
    <responsible_party_type>Sponsor-Investigator</responsible_party_type>
    <investigator_affiliation>University of Leipzig</investigator_affiliation>
    <investigator_full_name>Uwe Platzbecker</investigator_full_name>
    <investigator_title>Clinical professor</investigator_title>
  </responsible_party>
  <keyword>AML</keyword>
  <keyword>Hihg-risk MDS</keyword>
  <condition_browse>
    <!-- CAUTION:  The following MeSH terms are assigned with an imperfect algorithm            -->
    <mesh_term>Preleukemia</mesh_term>
    <mesh_term>Myelodysplastic Syndromes</mesh_term>
  </condition_browse>
  <intervention_browse>
    <!-- CAUTION:  The following MeSH terms are assigned with an imperfect algorithm            -->
    <mesh_term>Cytarabine</mesh_term>
    <mesh_term>Magrolimab</mesh_term>
  </intervention_browse>
  <patient_data>
    <sharing_ipd>No</sharing_ipd>
  </patient_data>
  <!-- Results have not yet been posted for this study                                          -->
</clinical_study>

