<?xml version="1.0" encoding="UTF-8"?>
<clinical_study rank="222">
  <!-- This xml conforms to an XML Schema at:
    https://clinicaltrials.gov/ct2/html/images/info/public.xsd -->
  <required_header>
    <download_date>ClinicalTrials.gov processed this data on February 06, 2024</download_date>
    <link_text>Link to the current ClinicalTrials.gov record.</link_text>
    <url>https://clinicaltrials.gov/ct2/show/NCT05144243</url>
  </required_header>
  <id_info>
    <org_study_id>M21-569</org_study_id>
    <nct_id>NCT05144243</nct_id>
  </id_info>
  <brief_title>Study to Assess Adverse Events and Change in Disease State of Oral Venetoclax in Combination With Subcutaneous (SC) Azacitidine in Newly Diagnosed Adult Participants With Acute Myeloid Leukemia (AML) Who Are Ineligible for Intensive Chemotherapy in China</brief_title>
  <official_title>A Phase 4 Study of Venetoclax in Combination With Azacitidine in Newly Diagnosed Subjects With Acute Myeloid Leukemia Who Are Ineligible for Intensive Chemotherapy in China</official_title>
  <sponsors>
    <lead_sponsor>
      <agency>AbbVie</agency>
      <agency_class>Industry</agency_class>
    </lead_sponsor>
    <collaborator>
      <agency>Genentech, Inc.</agency>
      <agency_class>Industry</agency_class>
    </collaborator>
  </sponsors>
  <source>AbbVie</source>
  <oversight_info>
    <has_dmc>No</has_dmc>
    <is_fda_regulated_drug>No</is_fda_regulated_drug>
    <is_fda_regulated_device>No</is_fda_regulated_device>
    <is_us_export>No</is_us_export>
  </oversight_info>
  <brief_summary>
    <textblock>
      Acute myeloid leukemia (AML) is one of the most aggressive blood cancers, with a very low&#xD;
      survival rate and few options for participants who are unable to undergo intensive&#xD;
      chemotherapy, the current standard of care. This study is to evaluate how safe the&#xD;
      combination of azacitidine and venetoclax is and how effective the combination of azacitidine&#xD;
      and venetoclax is in adult participants with acute myeloid leukemia (AML), in China. Adverse&#xD;
      events and change in disease state will be assessed.&#xD;
&#xD;
      The combination of azacitidine and venetoclax is being evaluated in the treatment of acute&#xD;
      myeloid leukemia (AML). Participants will receive azacitidine with increasing doses of&#xD;
      venetoclax. Adult participants with a diagnosis of AML will be enrolled. Around 40&#xD;
      participants will be enrolled in the study in approximately 30 sites in China.&#xD;
&#xD;
      At cycle 1 during ramp-up period, participants will receive venetoclax oral tablets once&#xD;
      daily in increasing doses until the study dose is achieved on day 3. Then ventoclax oral&#xD;
      tablets will continue once daily thereafter. Azacitidine will be given by subcutaneous&#xD;
      injection (SC) for 7 days beginning on Day 1 of each 28-day cycle.&#xD;
&#xD;
      There may be higher treatment burden for participants in this trial compared to their&#xD;
      standard of care. Participants will attend regular visits during the study at a hospital or&#xD;
      clinic. The effect of the treatment will be checked by medical assessments, blood tests, and&#xD;
      checking for side effects.&#xD;
    </textblock>
  </brief_summary>
  <overall_status>Active, not recruiting</overall_status>
  <start_date type="Actual">January 6, 2022</start_date>
  <completion_date type="Anticipated">July 28, 2024</completion_date>
  <primary_completion_date type="Anticipated">July 28, 2024</primary_completion_date>
  <phase>Phase 4</phase>
  <study_type>Interventional</study_type>
  <has_expanded_access>No</has_expanded_access>
  <study_design_info>
    <allocation>N/A</allocation>
    <intervention_model>Single Group Assignment</intervention_model>
    <primary_purpose>Treatment</primary_purpose>
    <masking>None (Open Label)</masking>
  </study_design_info>
  <primary_outcome>
    <measure>Number of Participants With Treatment-emergent Adverse Events (TEAEs)</measure>
    <time_frame>Up to Approximately 19 Months</time_frame>
    <description>An adverse event (AE) is defined as any untoward medical occurrence in a patient or clinical investigation participant administered a pharmaceutical product which does not necessarily have a causal relationship with this treatment. Treatment-emergent events (TEAEs) are defined as any event that began or worsened in severity after the first dose of study drug. The investigator assesses the relationship of each event to the use of study.</description>
  </primary_outcome>
  <primary_outcome>
    <measure>Number of Laboratory Abnormalities from Clinical Laboratory Values (Hematology and Chemistry)</measure>
    <time_frame>Up to Approximately 19 Months</time_frame>
    <description>Number of Laboratory abnormalities from clinical laboratory values (hematology and chemistry).</description>
  </primary_outcome>
  <secondary_outcome>
    <measure>Percentage of Participants with Composite Complete Remission (CR [Complete Remission] + CRi [Complete Remission with Incomplete Blood Count Recovery]) Based on the Modified International Working Group (IWG) Criteria for Acute Myeloid Leukemia (AML)</measure>
    <time_frame>Up to Approximately 19 Months</time_frame>
    <description>CR + CRi is defined as achieving a CR or CRi at any time point during the study prior to the start of post-treatment anti-AML therapies per the modified IWG criteria for AML. CR is defined as absolute neutrophil count (ANC) &gt; 10^3/μL, platelets &gt; 10^5/μL, red cell transfusion independence, and bone marrow with &lt; 5% blasts. Absence of circulating blasts and blasts with Auer rods; absence of extramedullary disease. CRi is defined as all of the criteria for CR except for residual neutropenia &lt;= 10^3/μL (1000/μL) or thrombocytopenia &lt;= 10^5/μL (100,000/μL). Red blood cell (RBC) transfusion dependence is also defined as CRi.</description>
  </secondary_outcome>
  <secondary_outcome>
    <measure>Percentage of Participants with CR based on the modified IWG criteria for AML</measure>
    <time_frame>Up to Approximately 19 Months</time_frame>
    <description>CR is defined as absolute neutrophil count (ANC) &gt; 10^3/μL, platelets &gt; 10^5/μL, red cell transfusion independence, and bone marrow with &lt; 5% blasts. Absence of circulating blasts and blasts with Auer rods; absence of extramedullary disease.</description>
  </secondary_outcome>
  <number_of_arms>1</number_of_arms>
  <enrollment type="Actual">44</enrollment>
  <condition>Acute Myeloid Leukemia (AML)</condition>
  <arm_group>
    <arm_group_label>Venetoclax in Combination with Azacitidine</arm_group_label>
    <arm_group_type>Experimental</arm_group_type>
    <description>Participants will receive oral tablet venetoclax dose ramp-up only in Cycle 1 Days 1-3 until target dose is reached. Particpants will then receive oral tablet venetoclax at the target dose every day (QD) on Cycle Days 1 - 28 plus Azacitidine through subcutaneous injection (SC) QD on Cycle Days 1 - 7 (28-day cycle).</description>
  </arm_group>
  <intervention>
    <intervention_type>Drug</intervention_type>
    <intervention_name>Venetoclax</intervention_name>
    <description>Tablet: Oral</description>
    <arm_group_label>Venetoclax in Combination with Azacitidine</arm_group_label>
    <other_name>ABT-199</other_name>
    <other_name>GDC-0199</other_name>
    <other_name>Venclexta</other_name>
  </intervention>
  <intervention>
    <intervention_type>Drug</intervention_type>
    <intervention_name>Azacitidine</intervention_name>
    <description>Subcutaneous Injection (SC)</description>
    <arm_group_label>Venetoclax in Combination with Azacitidine</arm_group_label>
  </intervention>
  <eligibility>
    <criteria>
      <textblock>
        Inclusion Criteria:&#xD;
&#xD;
          -  Confirmation of Acute myeloid leukemia (AML) diagnosis by World Health Organization&#xD;
             (WHO) criteria, have a projected life expectancy of at least 12 weeks, previously&#xD;
             untreated, and ineligible for treatment with intensive chemotherapy.&#xD;
&#xD;
          -  Participant must be considered ineligible for induction therapy defined by the&#xD;
             following:&#xD;
&#xD;
               -  &gt;= 75 years of age&#xD;
&#xD;
               -  &gt;=18 to 74 years of age with at least one of the following comorbidities:&#xD;
&#xD;
                    -  Eastern Cooperative Oncology Group (ECOG) performance status of 2 or 3.&#xD;
&#xD;
                    -  Cardiac history of congestive heart failure requiring treatment or ejection&#xD;
                       fraction &lt;= 50% or chronic stable angina.&#xD;
&#xD;
                    -  Diffusing capacity of the lung for carbon monoxide (DLCO) &lt;= 65% or forced&#xD;
                       expiratory volume during the first second (FEV1) &lt;= 65%.&#xD;
&#xD;
                    -  Creatinine clearance &gt;= 30 mL/min to &lt; 45 mL/min.&#xD;
&#xD;
                    -  Moderate hepatic impairment with total bilirubin &gt; 1.5 to &lt;= 3.0 × upper&#xD;
                       limit of normal (ULN).&#xD;
&#xD;
                    -  Any other comorbidity that the physician judges to be incompatible with&#xD;
                       intensive chemotherapy.&#xD;
&#xD;
          -  Must meet the laboratory requirements per the protocol.&#xD;
&#xD;
          -  Must have an ECOG performance status of:&#xD;
&#xD;
               -  0 to 2 for subject ≥ 75 year of age; or&#xD;
&#xD;
               -  0 to 3 for subject ≥ 18 to 74 years of age.&#xD;
&#xD;
          -  Female participant must not be pregnant or breastfeeding and is not considering&#xD;
             becoming pregnant or donating eggs during the study or for approximately six months&#xD;
             after the last dose of study drug.&#xD;
&#xD;
          -  Female participants of childbearing potential must agree to use at least 1&#xD;
             protocol-specified method of birth control and male participants, if sexually active&#xD;
             with female partner(s) of childbearing potential, must agree to practice the&#xD;
             protocol-specified contraception.&#xD;
&#xD;
        Exclusion Criteria:&#xD;
&#xD;
          -  History of any malignancies within 2 years prior to study entry with exception noted&#xD;
             in the protocol.&#xD;
&#xD;
          -  Have received any investigational drug 30 days prior to the first dose of study drug.&#xD;
&#xD;
          -  Have received strong and/or moderate CYP3A inducers within 7 days prior to initiation&#xD;
             of study treatment.&#xD;
&#xD;
          -  Must not have received treatment with the following:&#xD;
&#xD;
               -  An hypomethylating agent (HMA), venetoclax, and/or any chemotherapeutic agent for&#xD;
                  myelodysplastic syndrome (MDS).&#xD;
&#xD;
               -  Prior therapy or experimental therapies for MDS or Acute myeloid leukemia (AML).&#xD;
&#xD;
          -  Current participation in another research or observational study.&#xD;
&#xD;
          -  Myeloproliferative neoplasm including myelofibrosis, essential thrombocythemia,&#xD;
             polycythemia vera, chronic myeloid leukemia with or without BCR-ABL1 translocation,&#xD;
             and AML with BCR-ABL1 translocation.&#xD;
&#xD;
          -  Participant has acute promyelocytic leukemia.&#xD;
&#xD;
          -  Participant has known active central nervous system (CNS) involvement with AML.&#xD;
&#xD;
          -  Participant has a history of malabsorption syndrome or other condition that precludes&#xD;
             enteral route of administration.&#xD;
&#xD;
          -  Participant has known HIV infection (due to potential drug-drug interactions between&#xD;
             antiretroviral medications and venetoclax). HIV testing will be performed at&#xD;
             Screening, only if required per local guidelines or institutional standards.&#xD;
&#xD;
          -  Active hepatitis B virus (HBV) and/or hepatitis C virus (HCV) with high viral titers.&#xD;
             Participants with HBV inactive carrier status and/or HCV with low viral titers on&#xD;
             antivirals (non-exclusionary medications) are eligible.&#xD;
&#xD;
          -  Participant has consumed grapefruit, grapefruit products, Seville oranges (including&#xD;
             marmalade containing Seville oranges) or Starfruit within 3 days prior to the&#xD;
             initiation of study treatment.&#xD;
&#xD;
          -  Participant has chronic respiratory disease that requires continuous oxygen, or&#xD;
             significant history of renal, neurologic, psychiatric, endocrinologic, metabolic,&#xD;
             immunologic, hepatic, cardiovascular disease, or any other medical condition or known&#xD;
             hypersensitivity to any of the study medications including excipients of azacitidine&#xD;
             that in the opinion of the investigator would adversely affect his/her participating&#xD;
             in this study.&#xD;
&#xD;
          -  Participant exhibits evidence of other clinically significant uncontrolled systemic&#xD;
             infection requiring therapy (viral, bacterial or fungal).&#xD;
      </textblock>
    </criteria>
    <gender>All</gender>
    <minimum_age>18 Years</minimum_age>
    <maximum_age>N/A</maximum_age>
    <healthy_volunteers>No</healthy_volunteers>
  </eligibility>
  <overall_official>
    <last_name>ABBVIE INC.</last_name>
    <role>Study Director</role>
    <affiliation>AbbVie</affiliation>
  </overall_official>
  <location>
    <facility>
      <name>Peking Union Medical College Hospital /ID# 233179</name>
      <address>
        <city>Beijing</city>
        <state>Beijing</state>
        <zip>100730</zip>
        <country>China</country>
      </address>
    </facility>
  </location>
  <location>
    <facility>
      <name>Sun Yat-Sen University Cancer Center /ID# 231793</name>
      <address>
        <city>Guangzhou</city>
        <state>Guangdong</state>
        <zip>510060</zip>
        <country>China</country>
      </address>
    </facility>
  </location>
  <location>
    <facility>
      <name>Zhujiang Hospital of Southern Medical University /ID# 231792</name>
      <address>
        <city>Guangzhou</city>
        <state>Guangdong</state>
        <zip>510280</zip>
        <country>China</country>
      </address>
    </facility>
  </location>
  <location>
    <facility>
      <name>Guangdong Second Provincial General Hospital /ID# 232059</name>
      <address>
        <city>Guangzhou</city>
        <state>Guangdong</state>
        <zip>510310</zip>
        <country>China</country>
      </address>
    </facility>
  </location>
  <location>
    <facility>
      <name>Nanfang Hospital of Southern Medical University /ID# 231938</name>
      <address>
        <city>Guangzhou</city>
        <state>Guangdong</state>
        <zip>510515</zip>
        <country>China</country>
      </address>
    </facility>
  </location>
  <location>
    <facility>
      <name>Shenzhen Second People's Hospital /ID# 231444</name>
      <address>
        <city>Shenzhen</city>
        <state>Guangdong</state>
        <zip>518025</zip>
        <country>China</country>
      </address>
    </facility>
  </location>
  <location>
    <facility>
      <name>Henan Provincial People's Hospital /ID# 232568</name>
      <address>
        <city>Zhengzhou</city>
        <state>Henan</state>
        <zip>450003</zip>
        <country>China</country>
      </address>
    </facility>
  </location>
  <location>
    <facility>
      <name>Henan Cancer Hospital /ID# 231940</name>
      <address>
        <city>Zhengzhou</city>
        <state>Henan</state>
        <zip>450008</zip>
        <country>China</country>
      </address>
    </facility>
  </location>
  <location>
    <facility>
      <name>Union Hospital Tongji Medical College Huazhong University of Science and Technol /ID# 233178</name>
      <address>
        <city>Wuhan</city>
        <state>Hubei</state>
        <zip>430022</zip>
        <country>China</country>
      </address>
    </facility>
  </location>
  <location>
    <facility>
      <name>Xiangyang Central Hospital /ID# 232452</name>
      <address>
        <city>Xiangyang</city>
        <state>Hubei</state>
        <zip>441106</zip>
        <country>China</country>
      </address>
    </facility>
  </location>
  <location>
    <facility>
      <name>The First Affiliated Hospital of Soochow University /ID# 232418</name>
      <address>
        <city>Suzhou</city>
        <state>Jiangsu</state>
        <zip>215006</zip>
        <country>China</country>
      </address>
    </facility>
  </location>
  <location>
    <facility>
      <name>The First Affiliated Hospital of Nanchang University /ID# 231442</name>
      <address>
        <city>Nanchang</city>
        <state>Jiangxi</state>
        <zip>330006</zip>
        <country>China</country>
      </address>
    </facility>
  </location>
  <location>
    <facility>
      <name>Qinghai University Affiliated Hospital /ID# 232419</name>
      <address>
        <city>Xining</city>
        <state>Qinghai</state>
        <zip>810001</zip>
        <country>China</country>
      </address>
    </facility>
  </location>
  <location>
    <facility>
      <name>The Second People's Hospital of Yibin /ID# 233180</name>
      <address>
        <city>Yibin</city>
        <state>Sichuan</state>
        <zip>644099</zip>
        <country>China</country>
      </address>
    </facility>
  </location>
  <location>
    <facility>
      <name>Institute of Hematology &amp; Blood Diseases Hospital, Chinese Academy of Medical Sc /ID# 232253</name>
      <address>
        <city>Tianjin</city>
        <state>Tianjin</state>
        <zip>300020</zip>
        <country>China</country>
      </address>
    </facility>
  </location>
  <location>
    <facility>
      <name>The First Affiliated Hospital of Wenzhou Medical University /ID# 233704</name>
      <address>
        <city>Wenzhou</city>
        <state>Zhejiang</state>
        <zip>325000</zip>
        <country>China</country>
      </address>
    </facility>
  </location>
  <location>
    <facility>
      <name>Peking University International Hospital /ID# 232254</name>
      <address>
        <city>Beijing</city>
        <zip>102206</zip>
        <country>China</country>
      </address>
    </facility>
  </location>
  <location>
    <facility>
      <name>The Affiliated Hospital of Guizhou Medical University /ID# 232465</name>
      <address>
        <city>Guiyang</city>
        <zip>550002</zip>
        <country>China</country>
      </address>
    </facility>
  </location>
  <location_countries>
    <country>China</country>
  </location_countries>
  <verification_date>June 2023</verification_date>
  <study_first_submitted>November 22, 2021</study_first_submitted>
  <study_first_submitted_qc>November 22, 2021</study_first_submitted_qc>
  <study_first_posted type="Actual">December 3, 2021</study_first_posted>
  <last_update_submitted>June 27, 2023</last_update_submitted>
  <last_update_submitted_qc>June 27, 2023</last_update_submitted_qc>
  <last_update_posted type="Actual">June 29, 2023</last_update_posted>
  <responsible_party>
    <responsible_party_type>Sponsor</responsible_party_type>
  </responsible_party>
  <keyword>Acute Myeloid Leukemia</keyword>
  <keyword>AML</keyword>
  <keyword>Venetoclax</keyword>
  <keyword>Venclexta</keyword>
  <keyword>Azacitidine</keyword>
  <keyword>Treatment Naïve AML</keyword>
  <keyword>Untreated AML</keyword>
  <condition_browse>
    <!-- CAUTION:  The following MeSH terms are assigned with an imperfect algorithm            -->
    <mesh_term>Leukemia</mesh_term>
    <mesh_term>Leukemia, Myeloid</mesh_term>
    <mesh_term>Leukemia, Myeloid, Acute</mesh_term>
  </condition_browse>
  <intervention_browse>
    <!-- CAUTION:  The following MeSH terms are assigned with an imperfect algorithm            -->
    <mesh_term>Azacitidine</mesh_term>
    <mesh_term>Venetoclax</mesh_term>
  </intervention_browse>
  <patient_data>
    <sharing_ipd>Yes</sharing_ipd>
    <ipd_description>AbbVie is committed to responsible data sharing regarding the clinical trials we sponsor. This includes access to anonymized, individual and trial-level data (analysis data sets), as well as other information (e.g., protocols, analyses plans, clinical study reports), as long as the trials are not part of an ongoing or planned regulatory submission. This includes requests for clinical trial data for unlicensed products and indications.</ipd_description>
    <ipd_info_type>Study Protocol</ipd_info_type>
    <ipd_info_type>Statistical Analysis Plan (SAP)</ipd_info_type>
    <ipd_info_type>Clinical Study Report (CSR)</ipd_info_type>
    <ipd_time_frame>For details on when studies are available for sharing visit https://vivli.org/ourmember/abbvie/</ipd_time_frame>
    <ipd_access_criteria>Access to this clinical trial data can be requested by any qualified researchers who engage in rigorous independent scientific research, and will be provided following review and approval of a research proposal and statistical analysis plan and execution of a data sharing statement. Data requests can be submitted at any time after approval in the US and/or EU and a primary manuscript is accepted for publication. For more information on the process, or to submit a request, visit the following link https://www.abbvieclinicaltrials.com/hcp/data-sharing/</ipd_access_criteria>
    <ipd_url>https://vivli.org/ourmember/abbvie/</ipd_url>
  </patient_data>
  <!-- Results have not yet been posted for this study                                          -->
</clinical_study>

