<?xml version="1.0" encoding="UTF-8"?>
<clinical_study rank="465">
  <!-- This xml conforms to an XML Schema at:
    https://clinicaltrials.gov/ct2/html/images/info/public.xsd -->
  <required_header>
    <download_date>ClinicalTrials.gov processed this data on February 06, 2024</download_date>
    <link_text>Link to the current ClinicalTrials.gov record.</link_text>
    <url>https://clinicaltrials.gov/ct2/show/NCT04973618</url>
  </required_header>
  <id_info>
    <org_study_id>5002</org_study_id>
    <nct_id>NCT04973618</nct_id>
  </id_info>
  <brief_title>Study of APVO436 in Elderly or Unfit Patients With Newly Diagnosed AML</brief_title>
  <official_title>Phase 1B Study of APVO436 in Combination With Venetoclax and Azacitidine in Elderly or Unfit Patients With Newly Diagnosed Acute Myeloid Leukemia (AML)</official_title>
  <sponsors>
    <lead_sponsor>
      <agency>Aptevo Therapeutics</agency>
      <agency_class>Industry</agency_class>
    </lead_sponsor>
  </sponsors>
  <source>Aptevo Therapeutics</source>
  <oversight_info>
    <has_dmc>No</has_dmc>
    <is_fda_regulated_drug>Yes</is_fda_regulated_drug>
    <is_fda_regulated_device>No</is_fda_regulated_device>
  </oversight_info>
  <brief_summary>
    <textblock>
      The goal of this Phase IB study is to evaluate the safety and tolerability of APVO436 in&#xD;
      naïve elderly unfit patients with newly diagnosed primary AML at the RP2D level when it is&#xD;
      used as an adjunct to the standard of care and obtain a preliminary assessment of the&#xD;
      anti-leukemia activity of an APVO436-containing combination therapy.&#xD;
&#xD;
      Study Objectives:&#xD;
&#xD;
      - Primary Objective: Evaluate the safety and tolerability of APVO436 at the RP2D level when&#xD;
      it is used as an adjunct to the standard of care (venetoclax and azacitidine).&#xD;
&#xD;
      - Secondary Objectives:&#xD;
&#xD;
        -  Obtain a preliminary assessment of the anti-leukemia activity of APVO436-containing&#xD;
           experimental triple drug combination therapy modalities.&#xD;
&#xD;
        -  Determine pharmacodynamics (PD) of APVO436, including changes in CD123 antigen density&#xD;
           and measures of T cell number and function over time.&#xD;
&#xD;
        -  Determine correlations between response and MRD level and cytogenetic and molecular&#xD;
           genetic profiles.&#xD;
    </textblock>
  </brief_summary>
  <detailed_description>
    <textblock>
      The goal of this Phase IB study is to evaluate the safety and tolerability of APVO436 at the&#xD;
      RP2D level when it is used as an adjunct to the standard of care and obtain a preliminary&#xD;
      assessment of the anti-leukemia activity of an APVO436-containing combination therapy.&#xD;
&#xD;
      The MTD for APVO436 was not reached at a dose level of 240 µg/cycle in the ongoing Phase 1&#xD;
      FIHT (Cohort 10 in the dose escalation phase; weekly dose 60 mcg). 46 patients have received&#xD;
      intravenous infusions of APVO436 across multiple dose-escalation cohorts, with dosing&#xD;
      escalated from 0.3 micrograms to 60 micrograms. Long half-life of APVO436 enabled its&#xD;
      administration over short infusion times. APVO436 exhibited a manageable safety profile,&#xD;
      encouraging single agent activity and a promising benefit to risk profile in relapsed&#xD;
      advanced stage AML. Of 7 evaluable relapsed AML patients treated in Cohort 6, 5 showed&#xD;
      stabilization of their leukemia. Of the 5 AML patients with disease stabilization, 3 lived&#xD;
      246+ days, 261+ days, and 281+ days, respectively and 2 progressed after a month. Two of the&#xD;
      patients who experienced a stabilization of their relapsed leukemia achieved first a partial&#xD;
      remission (PR) and subsequently a complete remission (CR). No partial or complete remissions&#xD;
      were observed at APVO436 dose levels lower or higher than the Cohort 6 dose level. The&#xD;
      sub-MTD dose level of Cohort 6 was identified as the RP2D level of APVO436 for further&#xD;
      evaluation in this study. Therefore, APVO436 will be used at the Cohort 6 dose level from&#xD;
      Study 5001 in this study. CRS has occurred in some patients and has been managed using the&#xD;
      generally recommended standard CRS treatments&quot;. In Cohort 6, among 9 AML/MDS patients&#xD;
      evaluable for toxicity, 2 patients developed a Grade 1 CRS and one patient developed a&#xD;
      transient Grade 3 CRS related to APVO436 which resolved with routine clinical management.&#xD;
&#xD;
      A total of 20 eligible patients will be enrolled in the current study. APVO436 will be&#xD;
      administered intravenously over 4 hours weekly on days 1, 8, 15, and 22 of each cycle at a&#xD;
      fixed dosage of 18 mcg after a weekly ramp up during Cycle 1 (Step-up dosing: C1D15: 6 mcg&#xD;
      over 22 hours, C1D22: 12 mcg over 8 hours, C2D1: 18 mcg over 6 hours, C2D8: 18 mcg over 4&#xD;
      hours). The infusion time may be increased to 22 hours if deemed appropriate and/or necessary&#xD;
      by the PI.&#xD;
&#xD;
      Patients will receive 4 x 28-day cycles of combined 3-drug immunochemotherapy: APVA&#xD;
      [APVO436+Venetoclax+Azacitidine]&#xD;
&#xD;
      Optional continued triple therapy for 4 additional cycles (up to 8 total cycles) will be&#xD;
      available for patients with an objective working group response or prolonged stable&#xD;
      disease/clinical benefit. Patients completing 8 cycles of triple therapy on protocol will&#xD;
      then move to follow-up and continue SOC therapy per their treating physician.&#xD;
&#xD;
      Venetoclax will be administered orally daily on days 1-21 of each cycle at a fixed dosage of&#xD;
      400 mg/daily after a daily ramp up (Day 1: 100 mg; Day 2: 200 mg; Day 3-Day 21: 400 mg).&#xD;
      Standard dose adjustments will be made for patients on azole antifungals.&#xD;
&#xD;
      Azacitidine will be administered intravenously over 30 min daily on days 1-7 of each cycle at&#xD;
      a dosage of 75 mg/m2&#xD;
    </textblock>
  </detailed_description>
  <overall_status>Withdrawn</overall_status>
  <why_stopped>
    Change of strategy&#xD;
  </why_stopped>
  <start_date type="Anticipated">January 2025</start_date>
  <completion_date type="Anticipated">January 2027</completion_date>
  <primary_completion_date type="Anticipated">January 2026</primary_completion_date>
  <phase>Phase 1</phase>
  <study_type>Interventional</study_type>
  <has_expanded_access>No</has_expanded_access>
  <study_design_info>
    <allocation>N/A</allocation>
    <intervention_model>Single Group Assignment</intervention_model>
    <intervention_model_description>APVO436 will be administered at a fixed dosage of 18 mcg after a weekly ramp up during Cycle 1 (Step-up dosing: C1D15: 6 mcg over 22 hours, C1D22: 12 mcg over 8 hours, C2D1: 18 mcg over 6 hours, C2D8: 18 mcg over 4 hours), totaling 18 µg in Cycle 1 and 72 µg/cycle for Cycles 2-4 for a total of 234 µg for the projected 4-cycle treatment course.</intervention_model_description>
    <primary_purpose>Treatment</primary_purpose>
    <masking>None (Open Label)</masking>
  </study_design_info>
  <primary_outcome>
    <measure>Safety - Incidence of Grade 3-4 AEs and SAEs</measure>
    <time_frame>during first 28 to 35 days of treatment</time_frame>
    <description>The cumulative incidence of Grade 3-4 AEs, and SAEs, and the incidence of AES of interest (≥Grade 2 CRS, ≥Grade 2 Infusion related reaction, ≥2 cardiac toxicity and ≥2 neurotoxicity as complications of CRS) for safety</description>
  </primary_outcome>
  <secondary_outcome>
    <measure>Efficacy - Incidence of composite CR (CR + CRi + CRh)</measure>
    <time_frame>Patient will have assessment at the end of each Cycle (each Cycle is 28 days) up to 6 months</time_frame>
    <description>Incidence of CR/CRi/CRh (composite CR rate) as a measure of efficacy within the confines of a Phase 1B study</description>
  </secondary_outcome>
  <secondary_outcome>
    <measure>Efficacy - Incidence of HSCT</measure>
    <time_frame>Patient will have assessment after 1 year</time_frame>
    <description>Incidence of HSCT post protocol therapy</description>
  </secondary_outcome>
  <secondary_outcome>
    <measure>Exploratory - LFS rate</measure>
    <time_frame>up to 6 months</time_frame>
    <description>Leukemia-free survival (LFS)</description>
  </secondary_outcome>
  <secondary_outcome>
    <measure>Exploratory - 1-year LFS rate</measure>
    <time_frame>1 year</time_frame>
    <description>1-year LFS rate</description>
  </secondary_outcome>
  <secondary_outcome>
    <measure>Exploratory - 2-year LFS rate</measure>
    <time_frame>2 year</time_frame>
    <description>2-year LFS rate</description>
  </secondary_outcome>
  <secondary_outcome>
    <measure>Exploratory - MRD burden</measure>
    <time_frame>Patient will have assessment at the end of Cycle 1, 2 an 4 (each Cycle is 28 days) up to 6 months</time_frame>
    <description>Post-protocol therapy (after 1 cycle, 2 cycles, and 4 cycles) MRD burden by MPFC</description>
  </secondary_outcome>
  <number_of_arms>1</number_of_arms>
  <enrollment type="Actual">0</enrollment>
  <condition>AML</condition>
  <arm_group>
    <arm_group_label>APVO436</arm_group_label>
    <arm_group_type>Experimental</arm_group_type>
    <description>CD123 and CD3 epsilon bispecific antibody</description>
  </arm_group>
  <intervention>
    <intervention_type>Biological</intervention_type>
    <intervention_name>APVO436</intervention_name>
    <description>APVO436&#xD;
Dosage: APVO436 will be administered at a fixed dosage of 18 mcg after a weekly ramp up during Cycle 1 (Step-up dosing: C1D15: 6 mcg over 22 hours, C1D22: 12 mcg over 8 hours, C2D1: 18 mcg over 6 hours, C2D8: 18 mcg over 4 hours), totaling 18 µg in Cycle 1 and 72 µg/cycle for Cycles 2-4 for a total of 234 µg for the projected 4-cycle treatment course.&#xD;
Dosage Form: IV Solutions for Intravenous Administration&#xD;
Frequency: Weekly</description>
    <arm_group_label>APVO436</arm_group_label>
  </intervention>
  <eligibility>
    <criteria>
      <textblock>
        Inclusion Criteria:&#xD;
&#xD;
        Individuals eligible to participate in this study must meet all of the following:&#xD;
&#xD;
        All patients must meet the following criteria prior to the first dose of study drug:&#xD;
&#xD;
          1. Signed informed consent. Consent must be obtained prior to any study-related&#xD;
             procedure.&#xD;
&#xD;
          2. Age ≥60 years&#xD;
&#xD;
          3. Histologically confirmed AML: Subjects must have de novo (primary) or secondary AML&#xD;
             (any WHO 2016 classification excluding acute promyelocytic leukemia) who have either&#xD;
             comorbidities and/or advanced age (≥ 75 years) that preclude use of intensive&#xD;
             induction chemotherapy as determined by the investigator.&#xD;
&#xD;
          4. Patients must be therapy-naïve (newly diagnosed)&#xD;
&#xD;
          5. Patients must have CD123-positive AML as confirmed by centralized flow cytometry (or&#xD;
             immunohistochemistry [IHC]).&#xD;
&#xD;
          6. Patients with precedent MDS are eligible&#xD;
&#xD;
          7. Eastern Cooperative Oncology Group (ECOG) performance status of 0-3&#xD;
&#xD;
          8. Patients with previously untreated AML (by the World Health Organization (WHO)&#xD;
             criteria, i.e. &gt;/= 20% blasts). Prior biologic therapies (such as growth factors) and&#xD;
             targeted therapies administered for the treatment of prior myelodysplastic syndrome&#xD;
             are allowed (such as lenalidomide or luspatercept), with the exception of&#xD;
             hypomethylating agents 5-azacytidine or decitabine. Patients must have been off such&#xD;
             therapy for 1 week prior to entering this study and recovered from the toxic effects&#xD;
             of that therapy, unless there is evidence of rapidly progressive disease. Hydroxyurea&#xD;
             is permitted for control of counts prior to treatment.&#xD;
&#xD;
          9. Life expectancy of &gt; 2 months in the Investigator's opinion&#xD;
&#xD;
         10. Creatinine ≤ 2.5 × upper limit of normal (ULN)&#xD;
&#xD;
         11. Adequate liver test parameters: total bilirubin &lt; 2.5 × ULN (if disease related or&#xD;
             secondary to Gilbert's disease, then total bilirubin &lt; 3.5 mg/dL), aspartate&#xD;
             aminotransferase (AST), and alanine aminotransferase (ALT) &lt; 5 × ULN&#xD;
&#xD;
         12. Prothrombin time (PT) / international normalized ratio (INR) and partial&#xD;
             thromboplastin time (PTT) &lt; 2 × ULN&#xD;
&#xD;
         13. Women of child-bearing potential (i.e., women who are pre-menopausal or not surgically&#xD;
             sterile) may participate, provided they meet the following conditions:&#xD;
&#xD;
               1. Must agree to use physician-approved contraceptive methods (e.g., abstinence,&#xD;
                  intrauterine device, oral contraceptive, double barrier device) throughout the&#xD;
                  study and for 3 months following the last dose of APVO436; and&#xD;
&#xD;
               2. Must have a negative serum or urine pregnancy test within 7 days prior to&#xD;
                  beginning treatment on this study.&#xD;
&#xD;
         14. Males with female partners of child-bearing potential must agree to use&#xD;
             physician-approved contraceptive methods (e.g., abstinence, condoms, vasectomy)&#xD;
             throughout the study and should avoid conceiving children for 3 months following the&#xD;
             last dose of APVO436&#xD;
&#xD;
        Exclusion Criteria:&#xD;
&#xD;
        Subjects with any of the following will not be eligible for study participation:&#xD;
&#xD;
          1. Acute promyelocytic leukemia (APL) with t(15;17) translocation&#xD;
&#xD;
          2. Absolute peripheral blood myeloblast count greater than 20,000/mm3 - may receive&#xD;
             hydroxyurea to reduce and control the myeloblast count down prior to and during the&#xD;
             first week of the first cycle of treatment with study drug if necessary if deemed&#xD;
             medically necessary and appropriate by the treating physician&#xD;
&#xD;
          3. Patients with active central nervous system (CNS) involvement by AML will be excluded.&#xD;
             A lumbar puncture does not need to be performed unless there is clinical suspicion of&#xD;
             CNS involvement per investigator judgement. Concurrent therapy for CNS prophylaxis or&#xD;
             continuation of therapy for controlled CNS AML is allowed with the approval of the&#xD;
             sponsor.&#xD;
&#xD;
          4. History of seizures&#xD;
&#xD;
          5. Prior solid organ transplant is acceptable provided the patient is on no&#xD;
             immunosuppressive therapy.&#xD;
&#xD;
          6. Any therapy or experimental treatment for AML within 7 days of the first dose of study&#xD;
             drug. The use of hydroxyurea is acceptable and does not exclude the patient.&#xD;
&#xD;
          7. Active, uncontrolled infection requiring systemic therapy. If the infection is&#xD;
             controlled or has resolved, maintenance and/or prophylactic systemic antimicrobials&#xD;
             are permitted.&#xD;
&#xD;
          8. Major surgery within 3 weeks prior to first dose of study drug&#xD;
&#xD;
          9. Known to be positive for HIV, hepatitis B virus surface antigen (HBsAg), hepatitis B&#xD;
             core antibody (HBcAb), or hepatitis C virus (HCV)&#xD;
&#xD;
         10. Uncontrolled hypertension, defined as blood pressure ≥ 140/90 mm Hg despite maximum&#xD;
             medical intervention&#xD;
&#xD;
         11. History of congenital long QT syndrome or torsades de pointes&#xD;
&#xD;
         12. Pathologic bradycardia or heart block (excluding first degree heart block)&#xD;
&#xD;
         13. Prolonged baseline QTc, defined as QTcF (Fredericia correction) interval &gt;480 msec&#xD;
             (other correction formulas may be used for patients with bundle branch block or&#xD;
             ventricular pacemaker)&#xD;
&#xD;
         14. History of ventricular arrhythmia (excluding PVCs)&#xD;
&#xD;
         15. Major surgery within 28 days prior to informed consent&#xD;
&#xD;
         16. Unstable angina pectoris within 28 days&#xD;
&#xD;
         17. Myocardial infarction and/or new ST elevation or depression or new Q wave on ECG&#xD;
             within 6 months&#xD;
&#xD;
         18. Any history of stroke&#xD;
&#xD;
         19. Symptomatic congestive heart failure Class III or greater (New York Heart Association&#xD;
             Functional Classification)&#xD;
&#xD;
         20. On full dose anti-coagulation defined as warfarin intended to raise the INR to 2-3&#xD;
&#xD;
         21. Major hemorrhagic event within 28 days requiring transfusion of packed red blood cells&#xD;
&#xD;
         22. Prior history of hypertensive crisis or hypertensive encephalopathy&#xD;
&#xD;
         23. Clinical evidence suggestive of central nervous system (CNS) involvement with leukemia&#xD;
             unless a lumbar puncture was performed to confirm the absence of leukemic blasts in&#xD;
             the cerebrospinal fluid (CSF)&#xD;
&#xD;
         24. Systemic fungal, bacterial, viral, or other infection not controlled (defined as&#xD;
             exhibiting ongoing signs/symptoms related to the infection and without improvement,&#xD;
             despite appropriate antibiotics or other treatment)&#xD;
&#xD;
         25. Any open wound&#xD;
&#xD;
         26. Pregnant and nursing subjects are excluded because the effects of APVO436 on a fetus&#xD;
             or nursing child are unknown&#xD;
&#xD;
         27. Hydroxyurea is allowed prior to starting the study, and may be used for two weeks&#xD;
             after dosing in Cycle 1 (e.g., Days 1-14 dosed with hydroxyurea)&#xD;
&#xD;
         28. Substance use disorder, psychiatric, cognitive, or any other condition that, in the&#xD;
             opinion of the Investigator, would pose a risk to the patient's safety, may compromise&#xD;
             the patient's ability to understand and comply with the protocol or provide informed&#xD;
             consent, or interfere with the study evaluation, study participation, or follow-up&#xD;
&#xD;
         29. Any difficulty complying with protocol requirements that may increase the risk&#xD;
             associated with study participation or study drug administration, or may cause a&#xD;
             safety concern for the patient&#xD;
&#xD;
         30. Any uncontrolled medical condition, including but not limited to:&#xD;
&#xD;
         31. Uncontrolled metabolic disorders such as hypercalcemia&#xD;
&#xD;
         32. Any other active systemic malignancies. Exceptions: noninvasive non-melanoma skin&#xD;
             cancer, in situ carcinoma, cervical intraepithelial neoplasia, and breast or prostate&#xD;
             cancer that is well controlled with anti-hormonal therapy&#xD;
&#xD;
         33. Any current autoimmune disorder requiring immunosuppressive therapy with more than a&#xD;
             replacement dose of corticosteroids (i.e., &gt; 10 mg/day of prednisone or equivalent)&#xD;
      </textblock>
    </criteria>
    <gender>All</gender>
    <minimum_age>60 Years</minimum_age>
    <maximum_age>N/A</maximum_age>
    <healthy_volunteers>No</healthy_volunteers>
  </eligibility>
  <verification_date>November 2021</verification_date>
  <study_first_submitted>July 12, 2021</study_first_submitted>
  <study_first_submitted_qc>July 20, 2021</study_first_submitted_qc>
  <study_first_posted type="Actual">July 22, 2021</study_first_posted>
  <last_update_submitted>November 29, 2021</last_update_submitted>
  <last_update_submitted_qc>November 29, 2021</last_update_submitted_qc>
  <last_update_posted type="Actual">December 1, 2021</last_update_posted>
  <responsible_party>
    <responsible_party_type>Sponsor</responsible_party_type>
  </responsible_party>
  <keyword>APVO436</keyword>
  <!-- Results have not yet been posted for this study                                          -->
</clinical_study>

