<?xml version="1.0" encoding="UTF-8"?>
<clinical_study rank="411">
  <!-- This xml conforms to an XML Schema at:
    https://clinicaltrials.gov/ct2/html/images/info/public.xsd -->
  <required_header>
    <download_date>ClinicalTrials.gov processed this data on February 06, 2024</download_date>
    <link_text>Link to the current ClinicalTrials.gov record.</link_text>
    <url>https://clinicaltrials.gov/ct2/show/NCT05335369</url>
  </required_header>
  <id_info>
    <org_study_id>UOCPC22010</org_study_id>
    <nct_id>NCT05335369</nct_id>
  </id_info>
  <brief_title>A Patient-Centered Communication Tool (UR-GOAL) Versus Usual Care for Older Patients With Acute Myeloid Leukemia, Their Caregivers, and Their Oncologists</brief_title>
  <acronym>UR-GOAL 2</acronym>
  <official_title>A Pilot Randomized Controlled Trial of a Patient-centered Communication Tool (UR-GOAL) for Older Patients With Acute Myeloid Leukemia, Their Caregivers, and Their Oncologists</official_title>
  <sponsors>
    <lead_sponsor>
      <agency>University of Rochester</agency>
      <agency_class>Other</agency_class>
    </lead_sponsor>
  </sponsors>
  <source>University of Rochester</source>
  <oversight_info>
    <has_dmc>No</has_dmc>
    <is_fda_regulated_drug>No</is_fda_regulated_drug>
    <is_fda_regulated_device>No</is_fda_regulated_device>
  </oversight_info>
  <brief_summary>
    <textblock>
      The objective of this study is to conduct a pilot randomized trial to evaluate the&#xD;
      preliminary efficacy of the UR-GOAL tool vs. usual care in improving shared decision making&#xD;
      and communication between 100 older patients with AML and their oncologists.&#xD;
    </textblock>
  </brief_summary>
  <detailed_description>
    <textblock>
      The investigators have developed a patient-centered communication tool (University of&#xD;
      Rochester-Geriatric Oncology assessment for Acute myeloid Leukemia or UR-GOAL) that 1)&#xD;
      conducts assessments of fitness, 2) elicits patient values via Best-Worst Scaling, and 3)&#xD;
      elicits preferences for prognostic information and assesses prognostic awareness. The tool&#xD;
      also includes an AML educational video. The investigators have refined the tool based on&#xD;
      feedback from stakeholders consisting of older patients with cancer, caregivers, and&#xD;
      oncologists. This was further adapted in a qualitative study of 15 older patients with AML.&#xD;
      In a single arm pilot study, the investigators have demonstrated feasibility of recruiting&#xD;
      older patients with newly diagnosed AML to a single arm study, as well as their caregivers&#xD;
      and oncologists.&#xD;
    </textblock>
  </detailed_description>
  <overall_status>Recruiting</overall_status>
  <start_date type="Actual">June 17, 2022</start_date>
  <completion_date type="Anticipated">June 30, 2025</completion_date>
  <primary_completion_date type="Anticipated">June 30, 2025</primary_completion_date>
  <phase>N/A</phase>
  <study_type>Interventional</study_type>
  <has_expanded_access>No</has_expanded_access>
  <study_design_info>
    <allocation>Randomized</allocation>
    <intervention_model>Parallel Assignment</intervention_model>
    <intervention_model_description>The UR-GOAL 1) conducts assessments of fitness, 2) elicits patient values via Best-Worst Scaling, and 3) elicits preferences for prognostic information and assesses prognostic awareness. The tool also includes an AML educational video.</intervention_model_description>
    <primary_purpose>Supportive Care</primary_purpose>
    <masking>None (Open Label)</masking>
  </study_design_info>
  <primary_outcome>
    <measure>Shared Decision Making</measure>
    <time_frame>Within 1-4 weeks after treatment initiation</time_frame>
    <description>A 9-item reliable questionnaire assessing patient satisfaction with the medical decision-making process, range 0-45, higher score indicates greater shared decision making</description>
  </primary_outcome>
  <secondary_outcome>
    <measure>Patient-Centered Communication in Cancer Care (PCC-Ca-36)</measure>
    <time_frame>Within 1-4 weeks after treatment initiation</time_frame>
    <description>A 36-item questionnaire assessing patient-centered communication in six domains: exchanging information, making decisions, fostering healing relationships, enabling patient self-management, managing uncertainty, and responding to emotions. Scores in each domain range from 1-5, higher scores indicate better communication. Scores are reported in each domain and overall.</description>
  </secondary_outcome>
  <number_of_arms>2</number_of_arms>
  <enrollment type="Anticipated">100</enrollment>
  <condition>Acute Myeloid Leukemia</condition>
  <arm_group>
    <arm_group_label>Usual care</arm_group_label>
    <arm_group_type>No Intervention</arm_group_type>
    <description>Usual care</description>
  </arm_group>
  <arm_group>
    <arm_group_label>UR-GOAL</arm_group_label>
    <arm_group_type>Experimental</arm_group_type>
    <description>UR-GOAL helps conducts assessments of fitness, elicits patient values via Best-Worst Scaling, and elicits preferences for prognostic information and assesses prognostic awareness. The tool also includes an AML educational video.</description>
  </arm_group>
  <intervention>
    <intervention_type>Behavioral</intervention_type>
    <intervention_name>UR-GOAL</intervention_name>
    <description>UR-GOAL helps conducts assessments of fitness, elicits patient values via Best-Worst Scaling, and elicits preferences for prognostic information and assesses prognostic awareness. The tool also includes an AML educational video.</description>
    <arm_group_label>UR-GOAL</arm_group_label>
  </intervention>
  <eligibility>
    <criteria>
      <textblock>
        Inclusion Criteria:&#xD;
&#xD;
        Patients&#xD;
&#xD;
          1. Age ≥60 years&#xD;
&#xD;
          2. Newly diagnosed AML or being worked up for possible AML&#xD;
&#xD;
          3. Able to provide informed consent&#xD;
&#xD;
          4. Agreement of their oncologist to participate in the study&#xD;
&#xD;
          5. English-speaking&#xD;
&#xD;
        If patients screen positive for cognitive impairment on the Mini-Cog test performed as part&#xD;
        of the baseline assessment, they can still enroll if they are able to provide informed&#xD;
        consent and have decision making capacity as determined by their treating oncologist&#xD;
&#xD;
        Caregivers&#xD;
&#xD;
          1. Selected by the patient when asked if there is a &quot;family member, partner, friend or&#xD;
             caregiver [age 21 or older] with whom the patient discuss or who can be helpful in&#xD;
             health-related matters;&quot; patients who cannot identify such a person (&quot;caregiver&quot;) can&#xD;
             be eligible for the study. A caregiver need not be someone who lives with the patient&#xD;
             or provides direct hands-on care. A caregiver can be any person who provides support&#xD;
             (in any way) to the patient&#xD;
&#xD;
          2. Able to provide informed consent&#xD;
&#xD;
          3. English-speaking&#xD;
&#xD;
        Oncologists&#xD;
&#xD;
          1. A practicing oncologist&#xD;
&#xD;
          2. At least one of their patients are recruited to the study&#xD;
&#xD;
          3. English-speaking&#xD;
      </textblock>
    </criteria>
    <gender>All</gender>
    <minimum_age>60 Years</minimum_age>
    <maximum_age>N/A</maximum_age>
    <healthy_volunteers>No</healthy_volunteers>
  </eligibility>
  <overall_official>
    <last_name>Kah Poh Loh</last_name>
    <role>Principal Investigator</role>
    <affiliation>University of Rochester</affiliation>
  </overall_official>
  <overall_contact>
    <last_name>Kah Poh Loh</last_name>
    <phone>585-275-4401</phone>
    <email>kahpoh_loh@urmc.rochester.edu</email>
  </overall_contact>
  <overall_contact_backup>
    <last_name>Lauren Mitchell</last_name>
    <phone>585-275-1192</phone>
    <email>Lauren_Mitchell@URMC.rochester.edu</email>
  </overall_contact_backup>
  <location>
    <facility>
      <name>University of Rochester</name>
      <address>
        <city>Rochester</city>
        <state>New York</state>
        <zip>14642</zip>
        <country>United States</country>
      </address>
    </facility>
    <status>Recruiting</status>
    <contact>
      <last_name>Kah Poh Loh</last_name>
      <phone>585-275-4401</phone>
      <email>Kahpoh_Loh@URMC.Rochester.edu</email>
    </contact>
  </location>
  <location_countries>
    <country>United States</country>
  </location_countries>
  <reference>
    <citation>DuMontier C, Loh KP, Soto-Perez-de-Celis E, Dale W. Decision Making in Older Adults With Cancer. J Clin Oncol. 2021 Jul 1;39(19):2164-2174. doi: 10.1200/JCO.21.00165. Epub 2021 May 27. No abstract available.</citation>
    <PMID>34043434</PMID>
  </reference>
  <reference>
    <citation>Loh KP, Abdallah M, Kadambi S, Wells M, Kumar AJ, Mendler JH, Liesveld JL, Wittink M, O'Dwyer K, Becker MW, McHugh C, Stock W, Majhail NS, Wildes TM, Duberstein P, Mohile SG, Klepin HD. Treatment decision-making in acute myeloid leukemia: a qualitative study of older adults and community oncologists. Leuk Lymphoma. 2021 Feb;62(2):387-398. doi: 10.1080/10428194.2020.1832662. Epub 2020 Oct 11.</citation>
    <PMID>33040623</PMID>
  </reference>
  <verification_date>April 2023</verification_date>
  <study_first_submitted>April 12, 2022</study_first_submitted>
  <study_first_submitted_qc>April 12, 2022</study_first_submitted_qc>
  <study_first_posted type="Actual">April 19, 2022</study_first_posted>
  <last_update_submitted>April 4, 2023</last_update_submitted>
  <last_update_submitted_qc>April 4, 2023</last_update_submitted_qc>
  <last_update_posted type="Actual">April 5, 2023</last_update_posted>
  <responsible_party>
    <responsible_party_type>Principal Investigator</responsible_party_type>
    <investigator_affiliation>University of Rochester</investigator_affiliation>
    <investigator_full_name>Kah Poh Loh</investigator_full_name>
    <investigator_title>Assistant Professor - Department of Medicine , Hematology/Oncology (SMD)</investigator_title>
  </responsible_party>
  <keyword>Acute myeloid leukemia</keyword>
  <keyword>communication</keyword>
  <keyword>shared decision making</keyword>
  <keyword>older adults</keyword>
  <keyword>geriatric hematology</keyword>
  <condition_browse>
    <!-- CAUTION:  The following MeSH terms are assigned with an imperfect algorithm            -->
    <mesh_term>Leukemia</mesh_term>
    <mesh_term>Leukemia, Myeloid</mesh_term>
    <mesh_term>Leukemia, Myeloid, Acute</mesh_term>
  </condition_browse>
  <patient_data>
    <sharing_ipd>Yes</sharing_ipd>
    <ipd_description>De-identified data will be shared with other investigators if requested. The investigators will publish our study protocol. Published papers will be made available in portable document format.</ipd_description>
    <ipd_info_type>Study Protocol</ipd_info_type>
    <ipd_time_frame>The data will be available for 7 years after study completion</ipd_time_frame>
  </patient_data>
  <!-- Results have not yet been posted for this study                                          -->
</clinical_study>

