<?xml version="1.0" encoding="UTF-8"?>
<clinical_study rank="467">
  <!-- This xml conforms to an XML Schema at:
    https://clinicaltrials.gov/ct2/html/images/info/public.xsd -->
  <required_header>
    <download_date>ClinicalTrials.gov processed this data on February 06, 2024</download_date>
    <link_text>Link to the current ClinicalTrials.gov record.</link_text>
    <url>https://clinicaltrials.gov/ct2/show/NCT05401097</url>
  </required_header>
  <id_info>
    <org_study_id>OSU-21330</org_study_id>
    <secondary_id>NCI-2022-01324</secondary_id>
    <secondary_id>R01CA262496</secondary_id>
    <nct_id>NCT05401097</nct_id>
  </id_info>
  <brief_title>IDH Targeted/Non- Targeted vs Non-targeted/IDH-targeted Approaches in the Treatment of Newly Diagnosed IDH Mutated AML Patients Not Candidates for Intensive Induction Therapy (I- DATA Study)</brief_title>
  <official_title>Randomized, Sequential, Open-Label Study to Evaluate the Efficacy of IDH Targeted/Non- Targeted Versus Non-targeted/IDH-targeted Approaches in the Treatment of Newly Diagnosed IDH Mutated AML Patients Not Candidates for Intensive Induction Therapy (I- DATA Study)</official_title>
  <sponsors>
    <lead_sponsor>
      <agency>Alice Mims</agency>
      <agency_class>Other</agency_class>
    </lead_sponsor>
    <collaborator>
      <agency>National Cancer Institute (NCI)</agency>
      <agency_class>NIH</agency_class>
    </collaborator>
  </sponsors>
  <source>Ohio State University Comprehensive Cancer Center</source>
  <oversight_info>
    <has_dmc>Yes</has_dmc>
    <is_fda_regulated_drug>Yes</is_fda_regulated_drug>
    <is_fda_regulated_device>No</is_fda_regulated_device>
  </oversight_info>
  <brief_summary>
    <textblock>
      This phase II study compares the order of treatment with ivosidenib or enasidenib and&#xD;
      azacitidine plus venetoclax in treating older patients with acute myeloid leukemia with&#xD;
      genetic changes in the IDH1 or IDH2 genes (IDH mutated). Ivosidenib is in a class of&#xD;
      medications called isocitrate dehydrogenase-1 (IDH1) inhibitors. It works by slowing or&#xD;
      stopping the growth of cancer cells. Enasidenib is in a class of medications called an IDH2&#xD;
      inhibitor. It also works by slowing or stopping the growth of cancer cells. Venetoclax is in&#xD;
      a class of medications called B-cell lymphoma-2 (BCL-2) inhibitors. It may stop the growth of&#xD;
      cancer cells by blocking Bcl-2, a protein needed for cancer cell survival. Azacitidine is in&#xD;
      a class of medications called demethylation agents. It works by helping the bone marrow to&#xD;
      produce normal blood cells and by killing abnormal cells. This study may help researchers&#xD;
      determine which treatment order is best for older patients with IDH mutated acute myeloid&#xD;
      leukemia: 1) ivosidenib or enasidenib followed by azacitidine plus venetoclax; or 2)&#xD;
      azacitidine plus venetoclax followed by ivosidenib or enasidenib.&#xD;
    </textblock>
  </brief_summary>
  <detailed_description>
    <textblock>
      PRIMARY OBJECTIVE:&#xD;
&#xD;
      I. To compare overall treatment failure at 24 months in newly diagnosed IDH1 or IDH2 mutated&#xD;
      AML patients ≥18 years who are not candidates for intensive induction chemotherapy randomized&#xD;
      to either sequential treatment with an IDH inhibitor in combination with azacitidine followed&#xD;
      by venetoclax in combination with azacitidine (Arm A) or sequential treatment with venetoclax&#xD;
      in combination with azacitidine followed by an IDH inhibitor in combination with azacitidine&#xD;
      (Arm B).&#xD;
&#xD;
      SECONDARY OBJECTIVES:&#xD;
&#xD;
      I. To compare overall survival at 24 months between patients treated on the two sequential&#xD;
      treatment arms.&#xD;
&#xD;
      II. To compare time to overall treatment failure and time-to-event overall survival between&#xD;
      patients treated on the two sequential treatment arms.&#xD;
&#xD;
      III. To determine the degree of response and compare complete remission (CR) rates,&#xD;
      CR/complete remission with hematologic improvement (CRh)/complete remission with incomplete&#xD;
      blood count recovery (CRi) rates, and overall response rates (CR/CRh/CRi/morphologic leukemia&#xD;
      free state [MLFS]) for first-line therapy and second-line therapy between patients treated on&#xD;
      the two sequential treatment arms.&#xD;
&#xD;
      IV. To compare the duration of response (CR/CRh/CRi) to first-line therapy and second-line&#xD;
      therapy between patients treated on the two sequential treatment arms.&#xD;
&#xD;
      V. To determine toxicity profiles for patients treated on the two sequential treatment arms,&#xD;
      overall and by first-line treatment and by second-line treatment.&#xD;
&#xD;
      VI. To determine causes that would not allow patients who fail first line treatment to go on&#xD;
      to second line treatment.&#xD;
&#xD;
      VII. To determine the number and proportion of patients who are able to go onto allogeneic&#xD;
      transplantation in both treatment arms.&#xD;
&#xD;
      EXPLORATORY OBJECTIVES:&#xD;
&#xD;
      I. To assess the clonal, biochemical and differentiation changes in AML cells during&#xD;
      IDH-inhibitor and venetoclax treatment using flow cytometry and serial next generation&#xD;
      sequencing on bone marrow specimens before and during treatment to assess for potential&#xD;
      resistance mutations or clonal evolution that may be predictors of relapse.&#xD;
&#xD;
      II. To examine molecular properties of AML cells associated with primary and secondary&#xD;
      resistance to each treatment arm to determine if particular subtypes of AML may be more or&#xD;
      less likely to respond to a certain treatment modality.&#xD;
&#xD;
      III. To perform minimal residual disease (MRD) monitoring via liquid biopsy via our&#xD;
      custom-designed 30-gene mutation ArcherPlex panel to monitor clonal dynamics during both&#xD;
      sequential treatment arms.&#xD;
&#xD;
      OUTLINE: Patients are randomized into 1 of 2 arms.&#xD;
&#xD;
      ARM A: For IDH1 mutated AML patients randomized to first-line therapy with IDHi+aza, patients&#xD;
      will receive Ivosidenib 500mg po orally daily on Days 1-28 of each 28 day cycle. For IDH2&#xD;
      mutated AML patients randomized to first-line therapy with IDHi+aza, patients will receive&#xD;
      Enasidenib 100mg po orally daily on Days 1-28 of each 28 day cycle. Azacitidine will be given&#xD;
      to both groups intravenously at 75mg/m2 daily on days 1-7 of each 28 day cycle. Subsequent&#xD;
      cycles may be adjusted in timing and dosing based off the FDA-label for the combination&#xD;
      therapy based off cytopenias or other toxicities.&#xD;
&#xD;
      ARM B: For both IDH1 and IDH2 mutated AML patient randomized to first-line therapy with&#xD;
      Ven+aza, patients will receive venetoclax dosing with the ramp-up and dosing per the&#xD;
      FDA-label (based off of concurrent drug interactions). Azacitidine will be given&#xD;
      intravenously at 75mg/m2 daily on days 1-7 of each 28-day cycle. Subsequent cycles may be&#xD;
      adjusted in timing and dosing based off the FDA-label for the combination therapy based off&#xD;
      cytopenias or other toxicities.&#xD;
&#xD;
      After completion of the study treatment, patients are followed up at 30 days and then every 3&#xD;
      months for 5 years from registration, until death, or withdrawal of consent from study&#xD;
      assessments and all further follow-up.&#xD;
    </textblock>
  </detailed_description>
  <overall_status>Recruiting</overall_status>
  <start_date type="Actual">September 13, 2022</start_date>
  <completion_date type="Anticipated">June 30, 2027</completion_date>
  <primary_completion_date type="Anticipated">September 30, 2025</primary_completion_date>
  <phase>Phase 2</phase>
  <study_type>Interventional</study_type>
  <study_design_info>
    <allocation>Randomized</allocation>
    <intervention_model>Sequential Assignment</intervention_model>
    <primary_purpose>Treatment</primary_purpose>
    <masking>None (Open Label)</masking>
  </study_design_info>
  <primary_outcome>
    <measure>Overall treatment failure</measure>
    <time_frame>At 12 months from date of randomization</time_frame>
    <description>Defined as: 1) second occurrence of any of disease progression, relapse, failure to achieve complete remission (CR)/complete remission with hematologic improvement (CRh)/complete remission with incomplete blood count recovery (CRi), or 2) death from any cause. Within each treatment sequence, overall treatment failure rate will be defined as the number of patients with events divided by the number of eligible patients randomized. Patients who go to transplant will be considered a treatment success for a particular treatment sequence. All randomized patients meeting the eligibility criteria will be evaluable for treatment failure status by intention to treat. Will be analyzed using a Cochran-Mantel-Haenszel test, testing for a difference in proportions and stratifying on isocitrate dehydrogenase (IDH) mutation status.</description>
  </primary_outcome>
  <secondary_outcome>
    <measure>Difference in treatment failure rates between the two arms</measure>
    <time_frame>Up to 2 years</time_frame>
    <description>Will use a two-sided Cochran-Mantel-Haenszel test, stratifying on IDH mutation status.</description>
  </secondary_outcome>
  <secondary_outcome>
    <measure>Overall survival (OS)</measure>
    <time_frame>Up to 5 years</time_frame>
    <description>Will be summarized using the Kaplan-Meier method and will be compared between arms using a stratified log-rank test (stratified on IDH mutation status).</description>
  </secondary_outcome>
  <secondary_outcome>
    <measure>Duration of response</measure>
    <time_frame>Up to 5 years</time_frame>
    <description>Will be summarized using the Kaplan-Meier method and will be compared between arms using a stratified log-rank test (stratified on IDH mutation status).</description>
  </secondary_outcome>
  <number_of_arms>2</number_of_arms>
  <enrollment type="Anticipated">125</enrollment>
  <condition>Acute Myeloid Leukemia</condition>
  <arm_group>
    <arm_group_label>Arm A (IDHi+Aza followed by Ven+aza)</arm_group_label>
    <arm_group_type>Experimental</arm_group_type>
    <description>For IDH1 mutated AML patients randomized to first-line therapy with IDHi+aza, patients will receive Ivosidenib 500mg po orally daily on Days 1-28 of each 28 day cycle. For IDH2 mutated AML patients randomized to first-line therapy with IDHi+aza, patients will receive Enasidenib 100mg po orally daily on Days 1-28 of each 28 day cycle. Azacitidine will be given to both groups intravenously at 75mg/m2 daily on days 1-7 of each 28 day cycle. Subsequent cycles may be adjusted in timing and dosing based off the FDA-label for the combination therapy based off cytopenias or other toxicities.</description>
  </arm_group>
  <arm_group>
    <arm_group_label>Arm B (Ven+aza followed by IDHi+aza)</arm_group_label>
    <arm_group_type>Experimental</arm_group_type>
    <description>For both IDH1 and IDH2 mutated AML patient randomized to first-line therapy with Ven+aza, patients will receive venetoclax dosing with the ramp-up and dosing per the FDA-label (based off of concurrent drug interactions). Azacitidine will be given intravenously at 75mg/m2 daily on days 1-7 of each 28-day cycle. Subsequent cycles may be adjusted in timing and dosing based off the FDA-label for the combination therapy based off cytopenias or other toxicities.</description>
  </arm_group>
  <intervention>
    <intervention_type>Drug</intervention_type>
    <intervention_name>Azacitidine</intervention_name>
    <description>Given IV</description>
    <arm_group_label>Arm A (IDHi+Aza followed by Ven+aza)</arm_group_label>
    <arm_group_label>Arm B (Ven+aza followed by IDHi+aza)</arm_group_label>
    <other_name>5 AZC</other_name>
    <other_name>5-AC</other_name>
    <other_name>5-Azacytidine</other_name>
    <other_name>5-AZC</other_name>
    <other_name>Azacytidine</other_name>
    <other_name>Azacytidine, 5-</other_name>
    <other_name>Ladakamycin</other_name>
    <other_name>Mylosar</other_name>
    <other_name>Onureg</other_name>
    <other_name>U-18496</other_name>
    <other_name>Vidaza</other_name>
  </intervention>
  <intervention>
    <intervention_type>Procedure</intervention_type>
    <intervention_name>Biopsy</intervention_name>
    <description>Undergo biopsy of the bone marrow</description>
    <arm_group_label>Arm A (IDHi+Aza followed by Ven+aza)</arm_group_label>
    <arm_group_label>Arm B (Ven+aza followed by IDHi+aza)</arm_group_label>
    <other_name>BIOPSY_TYPE</other_name>
    <other_name>Bx</other_name>
  </intervention>
  <intervention>
    <intervention_type>Drug</intervention_type>
    <intervention_name>Enasidenib</intervention_name>
    <description>Given PO</description>
    <arm_group_label>Arm A (IDHi+Aza followed by Ven+aza)</arm_group_label>
    <arm_group_label>Arm B (Ven+aza followed by IDHi+aza)</arm_group_label>
    <other_name>AG-221</other_name>
    <other_name>CC-90007 Free Base</other_name>
  </intervention>
  <intervention>
    <intervention_type>Drug</intervention_type>
    <intervention_name>Ivosidenib</intervention_name>
    <description>Given PO</description>
    <arm_group_label>Arm A (IDHi+Aza followed by Ven+aza)</arm_group_label>
    <arm_group_label>Arm B (Ven+aza followed by IDHi+aza)</arm_group_label>
    <other_name>AG-120</other_name>
    <other_name>Tibsovo</other_name>
  </intervention>
  <intervention>
    <intervention_type>Drug</intervention_type>
    <intervention_name>Venetoclax</intervention_name>
    <description>Given PO</description>
    <arm_group_label>Arm A (IDHi+Aza followed by Ven+aza)</arm_group_label>
    <arm_group_label>Arm B (Ven+aza followed by IDHi+aza)</arm_group_label>
    <other_name>ABT-0199</other_name>
    <other_name>ABT-199</other_name>
    <other_name>ABT199</other_name>
    <other_name>GDC-0199</other_name>
    <other_name>RG7601</other_name>
    <other_name>Venclexta</other_name>
    <other_name>Venclyxto</other_name>
  </intervention>
  <eligibility>
    <criteria>
      <textblock>
        Inclusion Criteria:&#xD;
&#xD;
          -  Patients with newly diagnosed IDH1 or IDH2 mutated AML&#xD;
&#xD;
          -  Not a candidate for or refuses intensive induction therapy&#xD;
&#xD;
          -  Eastern Cooperative Oncology Group (ECOG) performance status of 0-2&#xD;
&#xD;
          -  Creatinine clearance &gt; 40 ml/min&#xD;
&#xD;
          -  Aspartate aminotransferase (AST)/ alanine aminotransferase (ALT) &lt; 5 x upper limit of&#xD;
             normal&#xD;
&#xD;
          -  Total bilirubin &lt; 1.5 x upper limit of normal (except for patients with Gilbert's&#xD;
             disease)&#xD;
&#xD;
          -  For female patients of childbearing potential, willingness to abstain from&#xD;
             heterosexual intercourse or use a protocol-recommended method of contraception from&#xD;
             the screening visit throughout the study treatment period and for 30 days following&#xD;
             the last dose of either study drug&#xD;
&#xD;
               -  For male patients of childbearing potential having intercourse with females of&#xD;
                  childbearing potential, the willingness to abstain from heterosexual intercourse&#xD;
                  or use a protocol recommended method of contraception from the start of study&#xD;
                  treatment throughout the study treatment period and for 90 days following the&#xD;
                  last dose of either study drug. Males must also refrain from sperm donation from&#xD;
                  the start of study treatment throughout the study treatment period and for 90&#xD;
                  days following the last dose of either dose of study drug&#xD;
&#xD;
          -  Willingness to comply with scheduled visits, drug administration plan, imaging&#xD;
             studies, laboratory tests, other study procedures and study restrictions&#xD;
&#xD;
        Exclusion Criteria:&#xD;
&#xD;
          -  Patients with acute promyelocytic leukemia&#xD;
&#xD;
          -  Known active central nervous system involvement of leukemia&#xD;
&#xD;
          -  History of active non-myeloid malignancy except for the following: adequately treated&#xD;
             local basal cell carcinoma or squamous cell carcinoma of the skin, cervical carcinoma&#xD;
             in situ, superficial bladder cancer, asymptomatic prostate cancer without known&#xD;
             metastatic disease or any other cancer that has been in complete remission without&#xD;
             treatment for &gt;= 5 years prior to enrollment&#xD;
&#xD;
          -  Evidence of ongoing uncontrolled systemic bacterial, fungal or viral infection at the&#xD;
             time of start of study treatment&#xD;
&#xD;
          -  Uncontrolled infection with hepatitis C, hepatitis B, or human immunodeficiency virus&#xD;
             (HIV)&#xD;
&#xD;
          -  Pregnancy or breast feeding&#xD;
&#xD;
          -  Concurrent participation in an investigational drug trial with therapeutic intent&#xD;
             defined as prior study therapy within 14 days prior to study treatment&#xD;
&#xD;
          -  Inability to tolerate oral medications including symptomatic disease significantly&#xD;
             affecting gastrointestinal function such as inflammatory bowel disease or resection of&#xD;
             stomach or small bowel&#xD;
      </textblock>
    </criteria>
    <gender>All</gender>
    <minimum_age>18 Years</minimum_age>
    <maximum_age>N/A</maximum_age>
    <healthy_volunteers>No</healthy_volunteers>
  </eligibility>
  <overall_official>
    <last_name>Alice S Mims, MD</last_name>
    <role>Principal Investigator</role>
    <affiliation>Ohio State University Comprehensive Cancer Center</affiliation>
  </overall_official>
  <overall_contact>
    <last_name>The Ohio State University Comprehensive Cancer Center</last_name>
    <phone>800-293-5066</phone>
    <email>OSUCCCClinicaltrials@osumc.edu</email>
  </overall_contact>
  <overall_contact_backup>
    <last_name>Molly Brandenburg</last_name>
    <phone>614-685-9573</phone>
    <email>molly.brandenburg@osumc.edu</email>
  </overall_contact_backup>
  <location>
    <facility>
      <name>Ohio State University Comprehensive Cancer Center</name>
      <address>
        <city>Columbus</city>
        <state>Ohio</state>
        <zip>43210</zip>
        <country>United States</country>
      </address>
    </facility>
    <status>Recruiting</status>
    <contact>
      <last_name>Molly Brandenburg</last_name>
      <phone>614-685-9573</phone>
      <email>molly.brandenburg@osumc.edu</email>
    </contact>
    <investigator>
      <last_name>Alice S. Mims, MD</last_name>
      <role>Principal Investigator</role>
    </investigator>
  </location>
  <location_countries>
    <country>United States</country>
  </location_countries>
  <link>
    <url>http://cancer.osu.edu</url>
    <description>The Jamesline</description>
  </link>
  <verification_date>June 2023</verification_date>
  <study_first_submitted>May 16, 2022</study_first_submitted>
  <study_first_submitted_qc>May 27, 2022</study_first_submitted_qc>
  <study_first_posted type="Actual">June 2, 2022</study_first_posted>
  <last_update_submitted>June 12, 2023</last_update_submitted>
  <last_update_submitted_qc>June 12, 2023</last_update_submitted_qc>
  <last_update_posted type="Actual">June 15, 2023</last_update_posted>
  <responsible_party>
    <responsible_party_type>Sponsor-Investigator</responsible_party_type>
    <investigator_affiliation>Ohio State University Comprehensive Cancer Center</investigator_affiliation>
    <investigator_full_name>Alice Mims</investigator_full_name>
    <investigator_title>Principal Investigator</investigator_title>
  </responsible_party>
  <intervention_browse>
    <!-- CAUTION:  The following MeSH terms are assigned with an imperfect algorithm            -->
    <mesh_term>Azacitidine</mesh_term>
    <mesh_term>Venetoclax</mesh_term>
    <mesh_term>Ivosidenib</mesh_term>
  </intervention_browse>
  <patient_data>
    <sharing_ipd>No</sharing_ipd>
  </patient_data>
  <!-- Results have not yet been posted for this study                                          -->
</clinical_study>

