<?xml version="1.0" encoding="UTF-8"?>
<clinical_study rank="463">
  <!-- This xml conforms to an XML Schema at:
    https://clinicaltrials.gov/ct2/html/images/info/public.xsd -->
  <required_header>
    <download_date>ClinicalTrials.gov processed this data on February 06, 2024</download_date>
    <link_text>Link to the current ClinicalTrials.gov record.</link_text>
    <url>https://clinicaltrials.gov/ct2/show/NCT03449745</url>
  </required_header>
  <id_info>
    <org_study_id>CHUBX 2016/37</org_study_id>
    <nct_id>NCT03449745</nct_id>
  </id_info>
  <brief_title>Immune Checkpoint Receptors in AML-Leukemic Initiating Cells</brief_title>
  <acronym>ICAML-LIC</acronym>
  <official_title>Analysis of Immune Checkpoint Receptors Expression in the LIC Fraction pf AML Cells - ICAML-LIC</official_title>
  <sponsors>
    <lead_sponsor>
      <agency>University Hospital, Bordeaux</agency>
      <agency_class>Other</agency_class>
    </lead_sponsor>
  </sponsors>
  <source>University Hospital, Bordeaux</source>
  <oversight_info>
    <has_dmc>No</has_dmc>
    <is_fda_regulated_drug>No</is_fda_regulated_drug>
    <is_fda_regulated_device>No</is_fda_regulated_device>
  </oversight_info>
  <brief_summary>
    <textblock>
      This project aim at deciphering immune mechanisms that allow the immunoescape of AML&#xD;
      initiating cells.&#xD;
    </textblock>
  </brief_summary>
  <detailed_description>
    <textblock>
      Leukemic Initiating Cells (LIC) were shown to play a key role in AML relapses, and are&#xD;
      characterized by resistance to treatment and a high capacity to escape to immune system.&#xD;
      Immune checkpoints (ICP) maintain self-tolerance and physiological amplitude of the immune&#xD;
      response. We decided to focus our work on ICP receptors and ligand that could be expressed by&#xD;
      AML LIC and lymphocytes subsets. The tumor cells are able to express these ligands to exploit&#xD;
      the ICP to overcome the anti-cancer immune response. Few studies are published in AML in the&#xD;
      field of ICP, some studied limited cohort and others analyzed the expression of these ligands&#xD;
      in total leukemic population, with a limited interest since the LIC fraction represents a&#xD;
      small subset but mainly contributes to relapse. These cells are rare and their profile of&#xD;
      expression could be highly different but not detectable in these studies because of technical&#xD;
      limits. We aim at analyzing ICP ligands and receptors expression at diagnosis and relapse,&#xD;
      the phenotype of BM cells will be analyzed by flow cytometry according to different panels of&#xD;
      monoclonal antibodies using standard immunostaining protocols.&#xD;
    </textblock>
  </detailed_description>
  <overall_status>Completed</overall_status>
  <start_date type="Actual">May 29, 2018</start_date>
  <completion_date type="Actual">June 9, 2021</completion_date>
  <primary_completion_date type="Actual">June 9, 2021</primary_completion_date>
  <study_type>Observational</study_type>
  <has_expanded_access>No</has_expanded_access>
  <study_design_info>
    <observational_model>Cohort</observational_model>
    <time_perspective>Prospective</time_perspective>
  </study_design_info>
  <primary_outcome>
    <measure>Immune checkpoints (ICP) ligand expression</measure>
    <time_frame>At inclusion</time_frame>
    <description>Compare large panel of ICP ligand expression between LIC and HSC by flow cytometry</description>
  </primary_outcome>
  <secondary_outcome>
    <measure>Levels of ICP ligand expression</measure>
    <time_frame>At inclusion</time_frame>
    <description>Compare levels of ICP ligand expression according to FAB classification, cytogenetic classification and molecular abnormalities</description>
  </secondary_outcome>
  <secondary_outcome>
    <measure>Levels of ICP ligand expression</measure>
    <time_frame>At inclusion</time_frame>
    <description>Study levels of ICP ligand expression on minimal residual disease</description>
  </secondary_outcome>
  <enrollment type="Actual">199</enrollment>
  <condition>Acute Myeloid Leukemia</condition>
  <eligibility>
    <study_pop>
      <textblock>
        Patients with Acute Myeloid Leukemia&#xD;
      </textblock>
    </study_pop>
    <sampling_method>Probability Sample</sampling_method>
    <criteria>
      <textblock>
        Inclusion Criteria:&#xD;
&#xD;
          -  ≥ 18 years of age&#xD;
&#xD;
          -  newly diagnosed AML&#xD;
&#xD;
        Exclusion Criteria:&#xD;
&#xD;
          -  isolated extramedullary AML&#xD;
&#xD;
          -  mixed phenotype acute leukemia&#xD;
      </textblock>
    </criteria>
    <gender>All</gender>
    <minimum_age>18 Years</minimum_age>
    <maximum_age>N/A</maximum_age>
    <healthy_volunteers>No</healthy_volunteers>
  </eligibility>
  <overall_official>
    <last_name>Edouard FORCADE</last_name>
    <role>Principal Investigator</role>
    <affiliation>University Hospital, Bordeaux</affiliation>
  </overall_official>
  <location>
    <facility>
      <name>CHU de Bordeaux</name>
      <address>
        <city>Bordeaux</city>
        <country>France</country>
      </address>
    </facility>
  </location>
  <location_countries>
    <country>France</country>
  </location_countries>
  <verification_date>April 2022</verification_date>
  <study_first_submitted>February 22, 2018</study_first_submitted>
  <study_first_submitted_qc>February 22, 2018</study_first_submitted_qc>
  <study_first_posted type="Actual">February 28, 2018</study_first_posted>
  <last_update_submitted>April 19, 2022</last_update_submitted>
  <last_update_submitted_qc>April 19, 2022</last_update_submitted_qc>
  <last_update_posted type="Actual">April 20, 2022</last_update_posted>
  <responsible_party>
    <responsible_party_type>Sponsor</responsible_party_type>
  </responsible_party>
  <keyword>Acute Myeloid Leukemia</keyword>
  <keyword>Immune Checkpoint Ligand</keyword>
  <keyword>Flow Cytometry</keyword>
  <condition_browse>
    <!-- CAUTION:  The following MeSH terms are assigned with an imperfect algorithm            -->
    <mesh_term>Leukemia, Myeloid</mesh_term>
    <mesh_term>Leukemia, Myeloid, Acute</mesh_term>
  </condition_browse>
  <patient_data>
    <sharing_ipd>No</sharing_ipd>
  </patient_data>
  <!-- Results have not yet been posted for this study                                          -->
</clinical_study>

