<?xml version="1.0" encoding="UTF-8"?>
<clinical_study rank="37">
  <!-- This xml conforms to an XML Schema at:
    https://clinicaltrials.gov/ct2/html/images/info/public.xsd -->
  <required_header>
    <download_date>ClinicalTrials.gov processed this data on February 06, 2024</download_date>
    <link_text>Link to the current ClinicalTrials.gov record.</link_text>
    <url>https://clinicaltrials.gov/ct2/show/NCT06162325</url>
  </required_header>
  <id_info>
    <org_study_id>AML-VEN PLUS</org_study_id>
    <nct_id>NCT06162325</nct_id>
  </id_info>
  <brief_title>Venetoclax in Combination With Standard Induction and Consolidation Chemotherapy in Newly Diagnosed Young AML Patients</brief_title>
  <official_title>The Efficacy and Safety of Venetoclax in Combination With Standard Induction and Consolidation Chemotherapy in Newly Diagnosed Young Acute Myeloid Leukemia</official_title>
  <sponsors>
    <lead_sponsor>
      <agency>Peking Union Medical College Hospital</agency>
      <agency_class>Other</agency_class>
    </lead_sponsor>
  </sponsors>
  <source>Peking Union Medical College Hospital</source>
  <oversight_info>
    <is_fda_regulated_drug>No</is_fda_regulated_drug>
    <is_fda_regulated_device>No</is_fda_regulated_device>
  </oversight_info>
  <brief_summary>
    <textblock>
      The goal of this observational study is to to evaluate the efficacy and safety of Venetoclax&#xD;
      in combination with DA60(daunorubicin 60 mg/m2/d for 3 days, and cytarabine 100 mg/m2 every&#xD;
      12 h for 7 days) induction and HD-AraC(cytarabine 3 g/m2 every 12 h for 3 days)&#xD;
      consolidation, in young patients with newly diagnosed acute myeloid leukemia (AML).&#xD;
    </textblock>
  </brief_summary>
  <overall_status>Enrolling by invitation</overall_status>
  <start_date type="Actual">January 21, 2022</start_date>
  <completion_date type="Anticipated">December 31, 2025</completion_date>
  <primary_completion_date type="Anticipated">December 31, 2024</primary_completion_date>
  <study_type>Observational</study_type>
  <has_expanded_access>No</has_expanded_access>
  <study_design_info>
    <observational_model>Cohort</observational_model>
    <time_perspective>Prospective</time_perspective>
  </study_design_info>
  <primary_outcome>
    <measure>Disease-free survival (DFS)</measure>
    <time_frame>Assess up to 24 months.</time_frame>
    <description>DFS is calculated from the date of remission (inclusive of CR and CRi) to the date of relapse, death from any cause, or last follow-up.</description>
  </primary_outcome>
  <secondary_outcome>
    <measure>Complete remission (CR) rate</measure>
    <time_frame>On Day 21 (window Day 21 to Day 35), a bone marrow aspirate specimen will be collected for morphology and pathology.</time_frame>
    <description>The rate of patient who get CR after induction therapy.</description>
  </secondary_outcome>
  <secondary_outcome>
    <measure>Rate of minimal residual disease (MRD) negativity</measure>
    <time_frame>MRD will be tested after every cycle of therapy and during follow-up.</time_frame>
    <description>Percentage of patients achieving CR with no evidence of MRD after induction therapy, 1 cycle of consolidation therapy, and 4 cycles of consolidation therapy. MRD negativity is defined as &lt; 0.1% of CD45 expressing cells with the target immunophenotype, or as cycling threshold (Ct) ≥ 40 in ≥ 2 of 3 replicates by qPCR.</description>
  </secondary_outcome>
  <secondary_outcome>
    <measure>Overall survival (OS)</measure>
    <time_frame>Assess up to 24 months.</time_frame>
    <description>OS is defined as the duration from initiation of induction treatment to the date of death from any cause or last follow-up.</description>
  </secondary_outcome>
  <enrollment type="Anticipated">45</enrollment>
  <condition>Acute Myeloid Leukemia</condition>
  <eligibility>
    <study_pop>
      <textblock>
        Newly diagnosed acute myeloid leukemia (AML) patients of the age 18 to 59 years old.&#xD;
      </textblock>
    </study_pop>
    <sampling_method>Probability Sample</sampling_method>
    <criteria>
      <textblock>
        Inclusion Criteria:&#xD;
&#xD;
          -  Newly diagnosed, morphologically documented AML based on the World Health Organization&#xD;
             (WHO) 2016 classification.&#xD;
&#xD;
          -  Age ≥ 18 years and ≤ 59 years&#xD;
&#xD;
          -  Have been treat with the &quot;venetoclax in combination with standard induction and&#xD;
             consolidation chemotherapy&quot; therapy, and in follow-up.&#xD;
&#xD;
          -  Be comprehensive of the research, and able to provide informed consent.&#xD;
&#xD;
        Exclusion Criteria:&#xD;
&#xD;
          -  Diagnosis of acute promyelocytic leukemia (APL).&#xD;
&#xD;
          -  Prior treatment for AML, except for: leukapheresis, hydroxyurea, and growth&#xD;
             factor/cytokine.&#xD;
&#xD;
          -  Unable to understand or participate.&#xD;
      </textblock>
    </criteria>
    <gender>All</gender>
    <minimum_age>18 Years</minimum_age>
    <maximum_age>59 Years</maximum_age>
    <healthy_volunteers>No</healthy_volunteers>
  </eligibility>
  <location>
    <facility>
      <name>Peking Union Medical College Hospital</name>
      <address>
        <city>Beijing</city>
        <state>Beijing</state>
        <zip>100730</zip>
        <country>China</country>
      </address>
    </facility>
  </location>
  <location_countries>
    <country>China</country>
  </location_countries>
  <verification_date>December 2023</verification_date>
  <study_first_submitted>December 1, 2023</study_first_submitted>
  <study_first_submitted_qc>December 1, 2023</study_first_submitted_qc>
  <study_first_posted type="Actual">December 8, 2023</study_first_posted>
  <last_update_submitted>December 1, 2023</last_update_submitted>
  <last_update_submitted_qc>December 1, 2023</last_update_submitted_qc>
  <last_update_posted type="Actual">December 8, 2023</last_update_posted>
  <responsible_party>
    <responsible_party_type>Sponsor</responsible_party_type>
  </responsible_party>
  <condition_browse>
    <!-- CAUTION:  The following MeSH terms are assigned with an imperfect algorithm            -->
    <mesh_term>Leukemia</mesh_term>
    <mesh_term>Leukemia, Myeloid</mesh_term>
    <mesh_term>Leukemia, Myeloid, Acute</mesh_term>
  </condition_browse>
  <!-- Results have not yet been posted for this study                                          -->
</clinical_study>

