<?xml version="1.0" encoding="UTF-8"?>
<clinical_study rank="100">
  <!-- This xml conforms to an XML Schema at:
    https://clinicaltrials.gov/ct2/html/images/info/public.xsd -->
  <required_header>
    <download_date>ClinicalTrials.gov processed this data on February 06, 2024</download_date>
    <link_text>Link to the current ClinicalTrials.gov record.</link_text>
    <url>https://clinicaltrials.gov/ct2/show/NCT02078609</url>
  </required_header>
  <id_info>
    <org_study_id>CLGH447X2102</org_study_id>
    <secondary_id>2013-003756-20</secondary_id>
    <nct_id>NCT02078609</nct_id>
  </id_info>
  <brief_title>A Safety and Efficacy Study of LGH447 in Patients With Acute Myeloid Leukemia (AML) or High Risk Myelodysplastic Syndrome (MDS)</brief_title>
  <official_title>A Phase I, Multicenter, Open-label Study of Oral LGH447 in Patients With Acute Myeloid Leukemia or High Risk Myelodysplastic Syndrome</official_title>
  <sponsors>
    <lead_sponsor>
      <agency>Novartis Pharmaceuticals</agency>
      <agency_class>Industry</agency_class>
    </lead_sponsor>
  </sponsors>
  <source>Novartis</source>
  <oversight_info>
    <has_dmc>No</has_dmc>
    <is_fda_regulated_drug>Yes</is_fda_regulated_drug>
    <is_fda_regulated_device>No</is_fda_regulated_device>
  </oversight_info>
  <brief_summary>
    <textblock>
      This study will assess the safety and preliminary efficacy of escalating doses of LGH447&#xD;
      monotherapy in AML and MDS and LGH447 in combination with midostaurin in AML.&#xD;
    </textblock>
  </brief_summary>
  <overall_status>Completed</overall_status>
  <start_date type="Actual">March 20, 2014</start_date>
  <completion_date type="Actual">April 18, 2019</completion_date>
  <primary_completion_date type="Actual">April 18, 2019</primary_completion_date>
  <phase>Phase 1</phase>
  <study_type>Interventional</study_type>
  <has_expanded_access>No</has_expanded_access>
  <study_design_info>
    <allocation>Non-Randomized</allocation>
    <intervention_model>Parallel Assignment</intervention_model>
    <primary_purpose>Treatment</primary_purpose>
    <masking>None (Open Label)</masking>
  </study_design_info>
  <primary_outcome>
    <measure>Incidence rate of dose limiting toxicities (DLTs) of LGH447 monotherapy arm in patients with AML or MDS and of LGH447 + midostaurin in patients with AML</measure>
    <time_frame>28 days post study treatment</time_frame>
    <description>Frequency and characteristics of dose limiting toxicities</description>
  </primary_outcome>
  <secondary_outcome>
    <measure>Number of participants with the type, frequency, and severity of adverse events (AEs) as a measure of safety and tolerability of the LGH447 monotherapy arm in patients with AML or MDS and of the LGH447 + midostaurin treatment arm in patients with AML</measure>
    <time_frame>weekly to bi-weekly up to 1.5 years</time_frame>
    <description>Includes changes in hematology and blood chemistry values, assessments of physical examinations, vital signs, and electrocardiograms (ECGs)</description>
  </secondary_outcome>
  <secondary_outcome>
    <measure>PK parameters of the LGH447 monotherapy arm in patients with AML or MDS and of the LGH447 + midostaurin treatment arm in patients with AML</measure>
    <time_frame>days 1, 2, 15, 16, 29, 30, 44, 57, and approximately monthly through Cycle 3</time_frame>
    <description>LGH447 and midostaurin plasma concentrations and basic PK parameters</description>
  </secondary_outcome>
  <secondary_outcome>
    <measure>Changes between pre- and post-treatment levels of pS6RP and p4EBP1 in bone marrow aspirates and p4EBP1 in peripheral blood of the LGH447 monotherapy arm in patients with AML or MDS and of the LGH447 + midostaurin treatment arm in patients with AML</measure>
    <time_frame>screening, days 1 and 29 up to 1.5 years</time_frame>
    <description>Assess pharmacodynamic effects of LGH447</description>
  </secondary_outcome>
  <secondary_outcome>
    <measure>Anti-tumor activity in AML or high risk MDS associated wtih LGH447</measure>
    <time_frame>Day 29 up to 1.5 years</time_frame>
    <description>To assess any preliminary anti-tumor activity in AML or high risk MDS associated with LGH447</description>
  </secondary_outcome>
  <secondary_outcome>
    <measure>Anti-tumor activity in AML or high risk MDS associated wtih LGH447 in combination with midostaurin</measure>
    <time_frame>Day 29 up to 1.5 years</time_frame>
    <description>To assess any preliminary anti-tumor activity in AML or high risk MDS associated with LGH447 in combination with midostaurin</description>
  </secondary_outcome>
  <number_of_arms>2</number_of_arms>
  <enrollment type="Actual">70</enrollment>
  <condition>AML and High Risk MDS</condition>
  <arm_group>
    <arm_group_label>LGH447 monotherapy arm</arm_group_label>
    <arm_group_type>Experimental</arm_group_type>
    <description>LGH447 monotherapy in patients with AML or MDS</description>
  </arm_group>
  <arm_group>
    <arm_group_label>LGH447 + midostaurin combination arm</arm_group_label>
    <arm_group_type>Experimental</arm_group_type>
    <description>LGH447 + midostaurin in patients with AML</description>
  </arm_group>
  <intervention>
    <intervention_type>Drug</intervention_type>
    <intervention_name>LGH447</intervention_name>
    <description>LGH447 in patients with AML or MDS</description>
    <arm_group_label>LGH447 monotherapy arm</arm_group_label>
  </intervention>
  <intervention>
    <intervention_type>Drug</intervention_type>
    <intervention_name>LGH447 + midostaurin</intervention_name>
    <description>LGH447 + midostaurin in patients with AML</description>
    <arm_group_label>LGH447 + midostaurin combination arm</arm_group_label>
  </intervention>
  <eligibility>
    <criteria>
      <textblock>
        Inclusion Criteria&#xD;
&#xD;
        -Male or female patients ≥18 years of age who present with one of the following:&#xD;
&#xD;
        LGH447 monotherapy arm&#xD;
&#xD;
          -  Refractory/Relapsed AML following no more than 2 prior therapies, or in previously&#xD;
             untreated AML patients who are not candidates for standard therapy.&#xD;
&#xD;
          -  High and very high risk MDS according to the revised International Prognostic Scoring&#xD;
             System (rIPSS) who have failed prior therapies, such as azacitidine and decitabine&#xD;
&#xD;
          -  Patients with rIPSS score of &gt; 4.5&#xD;
&#xD;
        LGH447 and midostaurin combination arm&#xD;
&#xD;
          -  Refractory/Relapsed AML following no more than 2 prior therapies, or in previously&#xD;
             untreated AML patients who are not candidates for standard therapy. AML patients may&#xD;
             have either FLT3 wild type or FLT3-ITD/TKD mutant disease, and FLT3 mutation status&#xD;
             needs to be defined at study entry.&#xD;
&#xD;
               -  For AML patients, peripheral blast counts &lt; 50,000 blasts/mm3&#xD;
&#xD;
               -  For MDS patients;&#xD;
&#xD;
          -  Platelet count &gt; 25,000/mm3&#xD;
&#xD;
          -  Neutrophils &gt; 500/mm3&#xD;
&#xD;
          -  Blood transfusions are allowed to maintain clinically adequate hemoglobin and&#xD;
             hematocrit levels&#xD;
&#xD;
               -  Patients with active central nervous system (CNS) disease are eligible to&#xD;
                  participate and may be treated concurrently with intrathecal (or intra Ommaya)&#xD;
                  chemotherapy&#xD;
&#xD;
               -  Patients who are maintained on prophylactic antibiotics are eligible to&#xD;
                  participate as long as agents comply with the list of approved concomitant&#xD;
                  medications&#xD;
&#xD;
               -  Performance status ≤ 2&#xD;
&#xD;
               -  Meet other lab criteria&#xD;
&#xD;
        Exclusion Criteria&#xD;
&#xD;
          -  Systemic antineoplastic therapy (including unconjugated therapeutic antibodies and&#xD;
             toxin immunoconjugates) or any experimental therapy within 7 days or 5 half-lives,&#xD;
             whichever is longer, before the first dose of LGH447 monotherapy or LGH447 in&#xD;
             combination with midostaurin&#xD;
&#xD;
          -  Radiotherapy with a wide field of radiation within 28 days or radiotherapy with a&#xD;
             limited field of radiation for palliation within 7 days of the first dose of LGH447&#xD;
             monotherapy or LGH447 in combination with midostaurin&#xD;
&#xD;
          -  Patients who received CNS irradiation for meningeal leukemia, except if radiotherapy&#xD;
             occurred &gt; 3 months previously&#xD;
&#xD;
          -  Major surgery within 4 weeks before the first dose of LGH447 monotherapy or LGH447 in&#xD;
             combination with midostaurin&#xD;
&#xD;
          -  Ongoing therapy with corticosteroids greater than 10 mg of prednisone or its&#xD;
             equivalent per day. Inhaled and topical steroids are permitted&#xD;
&#xD;
          -  Patients who are currently receiving hydroxyurea to control peripheral blood leukemic&#xD;
             blasts and cannot be discontinued for at least 48 hours prior to obtaining PD&#xD;
             biomarkers at screening/baseline and during the study&#xD;
&#xD;
          -  Patients who are currently receiving treatment with prohibited medication and that&#xD;
             cannot be discontinued at least one week prior to the start of treatment with LGH447&#xD;
             monotherapy or LGH447 in combination with midostaurin&#xD;
&#xD;
          -  Active infection requiring systemic therapy or other severe infection, including&#xD;
             pneumonia, within 2 weeks before the first dose of LGH447 monotherapy or LGH447 in&#xD;
             combination with midostaurin&#xD;
&#xD;
          -  Known human immunodeficiency virus (HIV) positive&#xD;
&#xD;
          -  Corrected QT interval (QTc) of &gt; 450 milliseconds (ms) in males and &gt; 470 milliseconds&#xD;
             (ms) in females on baseline electrocardiogram (ECG) (using corrected QT interval using&#xD;
             Fridericia [QTcF] or local standards).&#xD;
&#xD;
          -  Uncontrolled cardiovascular condition, including ongoing cardiac arrhythmias,&#xD;
             congestive heart failure, angina, or myocardial infarction within the past 6 months&#xD;
&#xD;
          -  Pregnant or nursing&#xD;
      </textblock>
    </criteria>
    <gender>All</gender>
    <minimum_age>18 Years</minimum_age>
    <maximum_age>N/A</maximum_age>
    <healthy_volunteers>No</healthy_volunteers>
  </eligibility>
  <overall_official>
    <last_name>Novartis Pharmaceuticals</last_name>
    <role>Study Director</role>
    <affiliation>Novartis Pharmaceuticals</affiliation>
  </overall_official>
  <location>
    <facility>
      <name>Novartis Investigative Site</name>
      <address>
        <city>Ann Arbor</city>
        <state>Michigan</state>
        <zip>48109</zip>
        <country>United States</country>
      </address>
    </facility>
  </location>
  <location>
    <facility>
      <name>Novartis Investigative Site</name>
      <address>
        <city>Prahran</city>
        <state>Victoria</state>
        <zip>3181</zip>
        <country>Australia</country>
      </address>
    </facility>
  </location>
  <location>
    <facility>
      <name>Novartis Investigative Site</name>
      <address>
        <city>Marseille</city>
        <zip>13273</zip>
        <country>France</country>
      </address>
    </facility>
  </location>
  <location>
    <facility>
      <name>Novartis Investigative Site</name>
      <address>
        <city>Ulm</city>
        <zip>89081</zip>
        <country>Germany</country>
      </address>
    </facility>
  </location>
  <location>
    <facility>
      <name>Novartis Investigative Site</name>
      <address>
        <city>Milano</city>
        <state>MI</state>
        <zip>20132</zip>
        <country>Italy</country>
      </address>
    </facility>
  </location>
  <location>
    <facility>
      <name>Novartis Investigative Site</name>
      <address>
        <city>Milano</city>
        <state>MI</state>
        <zip>20162</zip>
        <country>Italy</country>
      </address>
    </facility>
  </location>
  <location>
    <facility>
      <name>Novartis Investigative Site</name>
      <address>
        <city>Roma</city>
        <state>RM</state>
        <zip>00133</zip>
        <country>Italy</country>
      </address>
    </facility>
  </location>
  <location>
    <facility>
      <name>Novartis Investigative Site</name>
      <address>
        <city>Shinagawa ku</city>
        <state>Tokyo</state>
        <zip>141 8625</zip>
        <country>Japan</country>
      </address>
    </facility>
  </location>
  <location>
    <facility>
      <name>Novartis Investigative Site</name>
      <address>
        <city>Amsterdam</city>
        <zip>1081 HV</zip>
        <country>Netherlands</country>
      </address>
    </facility>
  </location>
  <location_countries>
    <country>Australia</country>
    <country>France</country>
    <country>Germany</country>
    <country>Italy</country>
    <country>Japan</country>
    <country>Netherlands</country>
    <country>United States</country>
  </location_countries>
  <link>
    <url>https://www.novctrd.com/ctrdweb/trialresult/trialresults/pdf?trialResultId=17619</url>
    <description>Results for CLGH447X2102 can be found on the Novartis Clinical Trial Results Website</description>
  </link>
  <verification_date>January 2020</verification_date>
  <study_first_submitted>January 31, 2014</study_first_submitted>
  <study_first_submitted_qc>March 3, 2014</study_first_submitted_qc>
  <study_first_posted type="Estimate">March 5, 2014</study_first_posted>
  <last_update_submitted>December 16, 2020</last_update_submitted>
  <last_update_submitted_qc>December 16, 2020</last_update_submitted_qc>
  <last_update_posted type="Actual">December 17, 2020</last_update_posted>
  <responsible_party>
    <responsible_party_type>Sponsor</responsible_party_type>
  </responsible_party>
  <keyword>AML,</keyword>
  <keyword>MDS,</keyword>
  <keyword>PIM,</keyword>
  <keyword>LGH447,</keyword>
  <keyword>acute myelod leukemia,</keyword>
  <keyword>myelodysplastic syndrome,</keyword>
  <keyword>midostaurin,</keyword>
  <keyword>PKC412</keyword>
  <condition_browse>
    <!-- CAUTION:  The following MeSH terms are assigned with an imperfect algorithm            -->
    <mesh_term>Leukemia</mesh_term>
    <mesh_term>Leukemia, Myeloid, Acute</mesh_term>
    <mesh_term>Preleukemia</mesh_term>
    <mesh_term>Myelodysplastic Syndromes</mesh_term>
  </condition_browse>
  <intervention_browse>
    <!-- CAUTION:  The following MeSH terms are assigned with an imperfect algorithm            -->
    <mesh_term>Midostaurin</mesh_term>
  </intervention_browse>
  <patient_data>
    <sharing_ipd>No</sharing_ipd>
  </patient_data>
  <!-- Results have not yet been posted for this study                                          -->
</clinical_study>

