<?xml version="1.0" encoding="UTF-8"?>
<clinical_study rank="277">
  <!-- This xml conforms to an XML Schema at:
    https://clinicaltrials.gov/ct2/html/images/info/public.xsd -->
  <required_header>
    <download_date>ClinicalTrials.gov processed this data on February 06, 2024</download_date>
    <link_text>Link to the current ClinicalTrials.gov record.</link_text>
    <url>https://clinicaltrials.gov/ct2/show/NCT03705858</url>
  </required_header>
  <id_info>
    <org_study_id>AAAR9075</org_study_id>
    <nct_id>NCT03705858</nct_id>
  </id_info>
  <brief_title>Actinium-225-Lintuzumab in Patients With Acute Myeloid Leukemia</brief_title>
  <official_title>Postremission Therapy With Actinium-225 (225Ac)-Lintuzumab (Actimab-A®) in Patients With Acute Myeloid Leukemia</official_title>
  <sponsors>
    <lead_sponsor>
      <agency>Joseph Jurcic</agency>
      <agency_class>Other</agency_class>
    </lead_sponsor>
  </sponsors>
  <source>Columbia University</source>
  <oversight_info>
    <has_dmc>Yes</has_dmc>
    <is_fda_regulated_drug>Yes</is_fda_regulated_drug>
    <is_fda_regulated_device>No</is_fda_regulated_device>
  </oversight_info>
  <brief_summary>
    <textblock>
      The purpose of this study is to see what dose of 225Ac-lintuzumab is safest to give to acute&#xD;
      myeloid leukemia (AML) patients who are in remission but still have minimal residual disease&#xD;
      (MRD). About 12 subjects will be asked to take part in this phase 1, 3+3 dose-escalation&#xD;
      study. In addition to confirming the safety profile of postremission therapy with&#xD;
      225Ac-lintuzumab, preliminary evidence of efficacy will be assessed by estimating&#xD;
      progression-free survival (PFS) and overall survival (OS), and serially evaluating for MRD&#xD;
      using cytogenetics, fluorescence in situ hybridization (FISH), or flow cytometric assays, as&#xD;
      applicable.&#xD;
    </textblock>
  </brief_summary>
  <detailed_description>
    <textblock>
      Therapy with α particle-emitting constructs of the anti-CD33 monoclonal antibody lintuzumab&#xD;
      has demonstrated significant tumor effects in AML. Because therapy is selectively targeted to&#xD;
      leukemic blasts, it has the potential advantage of less extramedullary toxicity than&#xD;
      conventional systemic agents. Moreover, the unique radiobiological features of α particle&#xD;
      emissions may permit more efficient tumor cell kill with greater specificity than treatment&#xD;
      with β particle-emitting radioisotopes. Objective responses in AML following treatment with&#xD;
      225Ac-lintuzumab have been seen in cytoreduced disease, either following chemotherapy or&#xD;
      using a fractionated dosing scheme.&#xD;
&#xD;
      The presence of MRD detectable by cytogenetic techniques and flow cytometric assays indicates&#xD;
      a high risk of relapse for AML patients, despite achieving a clinical complete remission. The&#xD;
      high linear energy and short range of α emissions make them ideally suited to eradicate MRD,&#xD;
      as suggested by the clinical responses observed in earlier studies. To date, 225Ac-lintuzumab&#xD;
      has only been studied in patients with overt leukemia. The aim of this phase 1 study is to&#xD;
      identify the maximum tolerated dose (MTD) of 225Ac-lintuzumab that can be given safely to AML&#xD;
      patients in the postremission setting in order to eliminate detectable MRD and ultimately&#xD;
      prolong PFS and OS.&#xD;
    </textblock>
  </detailed_description>
  <overall_status>Withdrawn</overall_status>
  <why_stopped>
    Due to difficulty in finalizing the contract&#xD;
  </why_stopped>
  <start_date type="Actual">February 28, 2019</start_date>
  <completion_date type="Actual">February 28, 2019</completion_date>
  <primary_completion_date type="Actual">February 28, 2019</primary_completion_date>
  <phase>Phase 1</phase>
  <study_type>Interventional</study_type>
  <has_expanded_access>No</has_expanded_access>
  <study_design_info>
    <allocation>N/A</allocation>
    <intervention_model>Single Group Assignment</intervention_model>
    <primary_purpose>Treatment</primary_purpose>
    <masking>None (Open Label)</masking>
  </study_design_info>
  <primary_outcome>
    <measure>Maximum Tolerated Dose (MTD) of postremission therapy</measure>
    <time_frame>Up to 2 years</time_frame>
    <description>The 3+3 dose-escalation is designed to establish the MTD of postremission therapy with 225Ac-lintuzumab in patients with AML in first, second, or third CR/CRp who have detectable minimal residual disease (MRD) and have completed all planned therapy.</description>
  </primary_outcome>
  <secondary_outcome>
    <measure>Progression Free Survival (PFS)</measure>
    <time_frame>Up to 3 years</time_frame>
    <description>The length of time during and after the treatment of AML that a subject lives with the disease but it does not get worse. It will be calculated from the time of study entry to relapse, death or last follow-up. That includes subjects with at least one cycle of therapy.</description>
  </secondary_outcome>
  <secondary_outcome>
    <measure>Overall Survival (OS)</measure>
    <time_frame>Up to 3 years</time_frame>
    <description>The Length of time in days during and after the treatment of AML that a subject lives. It will be calculated from the time of entry onto study to death or last follow-up. That includes all subjects who receive at least one cycle of therapy.</description>
  </secondary_outcome>
  <number_of_arms>1</number_of_arms>
  <enrollment type="Actual">0</enrollment>
  <condition>Acute Myeloid Leukemia</condition>
  <arm_group>
    <arm_group_label>Ac-lintuzumab</arm_group_label>
    <arm_group_type>Experimental</arm_group_type>
    <description>Subjects with AML will receive Ac-lintuzumab.</description>
  </arm_group>
  <intervention>
    <intervention_type>Drug</intervention_type>
    <intervention_name>Ac-Lintuzumab</intervention_name>
    <description>225Ac-lintuzumab will administered at 4 dose levels: 0.25, 0.5, 0.75 or 1 µCi/kg intravenously (IV) over 30 ± 10 minutes. The starting dose will be 0.5 µCi/kg. A dose of 0.25 µCi/kg will be studied only if 0.5 µCi/kg is determined to exceed the MTD. The lintuzumab dose will be adjusted to maintain a specific activity of 0.16 µCi/µg</description>
    <arm_group_label>Ac-lintuzumab</arm_group_label>
    <other_name>Actimab-A ®</other_name>
  </intervention>
  <eligibility>
    <criteria>
      <textblock>
        Inclusion Criteria:&#xD;
&#xD;
          1. Subjects must have histologically confirmed AML in first, second, or third clinical&#xD;
             CR/CRp after any standard or investigational therapy.&#xD;
&#xD;
          2. Subjects must have detectable MRD by cytogenetics, FISH, or flow cytometry after the&#xD;
             completion of all planned therapy. Detectable MRD by flow cytometry is defined by the&#xD;
             presence of a myeloid blast population with an atypical immunophenotype, constituting&#xD;
             less than 5% of all events. Examples of planned therapy courses include induction&#xD;
             chemotherapy with cytarabine and an anthracycline followed by consolidation&#xD;
             chemotherapy or 4-6 cycles of a hypomethylating agent-based regimen.&#xD;
&#xD;
          3. At the time of diagnosis or most recent relapse, greater than 25% of bone marrow&#xD;
             blasts must have been CD33 positive.&#xD;
&#xD;
          4. Age ≥18 years. Because no dosing or adverse event data are currently available on the&#xD;
             use of 225Ac-lintuzumab in patients &lt;18 years of age, children are excluded from this&#xD;
             study.&#xD;
&#xD;
          5. Eastern Cooperative Oncology Group (ECOG) performance status ≤ 2.&#xD;
&#xD;
          6. Subjects must have adequate bone marrow and organ function documented within 14 days&#xD;
             of study entry as follows:&#xD;
&#xD;
               1. Absolute neutrophil count (ANC) ≥ 1,000/μL;&#xD;
&#xD;
               2. Platelet count ≥ 50,000/μL;&#xD;
&#xD;
               3. Serum creatinine ≤ 1.5 × upper limit of normal (ULN) or estimated glomerular&#xD;
                  filtration rate of &gt; 50 mL/min;&#xD;
&#xD;
               4. Serum total bilirubin ≤ 1.5 × ULN (unless attributable to Gilbert's disease);&#xD;
&#xD;
               5. Alkaline phosphatase, serum aspartate aminotransferase (AST), and serum alanine&#xD;
                  aminotransferase (ALT) ≤ 2.5 × ULN.&#xD;
&#xD;
          7. The effects of 225Ac-lintuzumab on the developing human fetus are unknown. Since&#xD;
             radiation exposure, however, is known to be teratogenic, women of child-bearing&#xD;
             potential and men must agree to use adequate contraception (hormonal or barrier method&#xD;
             of birth control; abstinence) prior to study entry and for the duration of treatment&#xD;
             on study. Men treated or enrolled on this protocol must also agree to use adequate&#xD;
             contraception prior to the study, for the duration of study participation, and 4&#xD;
             months after completion of 225Ac-lintuzumab administration.&#xD;
&#xD;
          8. Ability to understand and the willingness to sign a written informed consent document.&#xD;
&#xD;
        Exclusion Criteria:&#xD;
&#xD;
          1. Subjects with acute promyelocytic leukemia or BCR-ABL-positive leukemia.&#xD;
&#xD;
          2. Subjects who have had chemotherapy or radiotherapy within 4 weeks prior to entering&#xD;
             the study or those who have not recovered from adverse events due to agents&#xD;
             administered more than 4 weeks earlier. Prior clofarabine is not allowed due to risk&#xD;
             of liver dysfunction.&#xD;
&#xD;
          3. Subjects who have previously received 225Ac-lintuzumab.&#xD;
&#xD;
          4. Subjects with an human leukocyte antigen (HLA)-compatible donor or stem cell source&#xD;
             who are immediate candidates for allogeneic hematopoietic cell transplantation (HCT).&#xD;
&#xD;
          5. Subjects who are receiving any other investigational agents concurrently.&#xD;
&#xD;
          6. Subjects with active central nervous system (CNS) involvement by AML.&#xD;
&#xD;
          7. Uncontrolled intercurrent illness including, but not limited to, active serious&#xD;
             infections uncontrolled by antibiotics, symptomatic congestive heart failure, unstable&#xD;
             angina pectoris, cardiac arrhythmia, documented liver cirrhosis, or psychiatric&#xD;
             illness/social situations that would limit compliance with study requirements.&#xD;
&#xD;
          8. Active malignancy within 3 years of study entry, except previously treated melanoma&#xD;
             grade 2 or less, non-melanoma skin cancer, carcinoma in situ or cervical&#xD;
             intraepithelial neoplasia, and organ confined prostate cancer with no evidence of&#xD;
             recurrent or progressive disease based on prostate-specific antigen (PSA) levels and&#xD;
             are not on active therapy.&#xD;
&#xD;
          9. Prior organ transplant, including allogeneic HCT.&#xD;
&#xD;
         10. Pregnant or nursing women.&#xD;
&#xD;
         11. Subjects with known human immunodeficiency virus (HIV) infection, active hepatitis B,&#xD;
             or active hepatitis C.&#xD;
      </textblock>
    </criteria>
    <gender>All</gender>
    <minimum_age>18 Years</minimum_age>
    <maximum_age>99 Years</maximum_age>
    <healthy_volunteers>No</healthy_volunteers>
  </eligibility>
  <overall_official>
    <last_name>Joseph Jurcic, MD</last_name>
    <role>Principal Investigator</role>
    <affiliation>Columbia University/Herbert Irving Cancer Center</affiliation>
  </overall_official>
  <removed_countries>
    <country>United States</country>
  </removed_countries>
  <verification_date>March 2019</verification_date>
  <study_first_submitted>October 10, 2018</study_first_submitted>
  <study_first_submitted_qc>October 10, 2018</study_first_submitted_qc>
  <study_first_posted type="Actual">October 15, 2018</study_first_posted>
  <last_update_submitted>March 6, 2019</last_update_submitted>
  <last_update_submitted_qc>March 6, 2019</last_update_submitted_qc>
  <last_update_posted type="Actual">March 8, 2019</last_update_posted>
  <responsible_party>
    <responsible_party_type>Sponsor-Investigator</responsible_party_type>
    <investigator_affiliation>Columbia University</investigator_affiliation>
    <investigator_full_name>Joseph Jurcic</investigator_full_name>
    <investigator_title>Assistant Professor of Medicine at the Columbia University Medic, Dept of Med Hematology &amp; Onc</investigator_title>
  </responsible_party>
  <keyword>Acute Myeloid Leukemia</keyword>
  <keyword>Actinium-225</keyword>
  <keyword>Lintuzumab</keyword>
  <keyword>Columbia</keyword>
  <keyword>Post-remission</keyword>
  <keyword>Phase I</keyword>
  <condition_browse>
    <!-- CAUTION:  The following MeSH terms are assigned with an imperfect algorithm            -->
    <mesh_term>Leukemia</mesh_term>
    <mesh_term>Leukemia, Myeloid</mesh_term>
    <mesh_term>Leukemia, Myeloid, Acute</mesh_term>
  </condition_browse>
  <intervention_browse>
    <!-- CAUTION:  The following MeSH terms are assigned with an imperfect algorithm            -->
    <mesh_term>Lintuzumab</mesh_term>
  </intervention_browse>
  <patient_data>
    <sharing_ipd>Undecided</sharing_ipd>
  </patient_data>
  <!-- Results have not yet been posted for this study                                          -->
</clinical_study>

