<?xml version="1.0" encoding="UTF-8"?>
<clinical_study rank="281">
  <!-- This xml conforms to an XML Schema at:
    https://clinicaltrials.gov/ct2/html/images/info/public.xsd -->
  <required_header>
    <download_date>ClinicalTrials.gov processed this data on February 06, 2024</download_date>
    <link_text>Link to the current ClinicalTrials.gov record.</link_text>
    <url>https://clinicaltrials.gov/ct2/show/NCT04173585</url>
  </required_header>
  <id_info>
    <org_study_id>NCT-2017-0530</org_study_id>
    <nct_id>NCT04173585</nct_id>
  </id_info>
  <brief_title>TEAM-Trial: Targeting Epigenetic Therapy Resistance in AML With Bortezomib</brief_title>
  <acronym>TEAM</acronym>
  <official_title>TEAM-Trial: Targeting Epigenetic Therapy Resistance in AML With Bortezomib: A Multi-centre Matched Threshold Crossing Phase II Approach</official_title>
  <sponsors>
    <lead_sponsor>
      <agency>University Hospital Heidelberg</agency>
      <agency_class>Other</agency_class>
    </lead_sponsor>
    <collaborator>
      <agency>National Center for Tumor Diseases, Heidelberg</agency>
      <agency_class>Other</agency_class>
    </collaborator>
  </sponsors>
  <source>University Hospital Heidelberg</source>
  <oversight_info>
    <has_dmc>Yes</has_dmc>
    <is_fda_regulated_drug>No</is_fda_regulated_drug>
    <is_fda_regulated_device>No</is_fda_regulated_device>
  </oversight_info>
  <brief_summary>
    <textblock>
      The long-term outcome of patients with acute myeloid leukemia (AML) remains poor, with less&#xD;
      than 30% of patients achieving long lasting remission or cure. This poor outcome is largely&#xD;
      due to refractoriness to induction chemotherapy as well as relapses during and after&#xD;
      completion of intensive induction and consolidation therapy. In patients with&#xD;
      refractory/relapsed AML hematopoietic cell transplantation (allo-HCT) is currently the only&#xD;
      treatment option offering a prospect of cure but outcome is heavy influenced by the remission&#xD;
      status before allo-HCT. Therefore, patients are typically treated with salvage regimens based&#xD;
      on high dose cytarabine (HiDAC) combined with mitoxantrone, fludarabine or idarubicin.&#xD;
      Nevertheless, the remission rates remain poor and currently there is no accepted standard&#xD;
      salvage regimen. Recent studies indicate that combination chemotherapy including HiDAC and&#xD;
      gemtuzumab ozogamicin (GO) at a dose of 3 mg/m² leads to improved response rates in&#xD;
      refractory AML.&#xD;
&#xD;
      Proteasome inhibition with bortezomib appears to be a promising treatment strategy to restore&#xD;
      chemo-sensitivity via EZH2 stabilisation.&#xD;
&#xD;
      This study aims at improving response rates in refractory/ relapsed AML by combining high&#xD;
      dose cytarabine, gemtuzumab ozogamicin (GA) and bortezomib (B).&#xD;
&#xD;
      During this phase II study efficacy of B-GA is assessed in comparison to matched historical&#xD;
      controls using the Matched Threshold Crossing (MTC)-approach. If results are promising, a&#xD;
      subsequent randomized phase III study is intended to assess the efficacy of GA with or&#xD;
      without bortezomib.&#xD;
    </textblock>
  </brief_summary>
  <detailed_description>
    <textblock>
      Acute Myeloid Leukemia (AML) is a clonal malignant disorder which is characterized by the&#xD;
      expansion of leukemic blasts in the bone marrow and the peripheral blood, which goes along&#xD;
      with a suppression of normal hematopoiesis including granulopoiesis, erythropoiesis and&#xD;
      thrombocytopoiesis. The prognosis is largely determined by cytogenetic and molecular risk&#xD;
      factors, age, performance status and antecedent Myelodysplastic Syndrome (MDS).&#xD;
&#xD;
      With the exception of old and frail patients, most AML patients are eligible for intensive&#xD;
      chemotherapy, which is given in curative intent consisting of induction and consolidation&#xD;
      therapy. However, despite intensive therapy, the long-term outcome of AML patients remains&#xD;
      poor, with less than 30% of patients achieving long lasting remission and even cure. This&#xD;
      poor outcome is largely due to refractoriness to induction chemotherapy as well as relapses&#xD;
      during and after completion of intensive induction and consolidation therapy. Regarding&#xD;
      refractoriness, about 20-30% of AML patients under the age of 60 years and about 50% of older&#xD;
      patients fail to attain complete remission (CR) following cytarabine plus anthracycline based&#xD;
      standard induction therapy. Regarding relapses, even patients having achieved complete&#xD;
      remission are at a high risk of relapse, particularly within the first two years after&#xD;
      completion of chemotherapy.&#xD;
&#xD;
      In patients with blast persistence after induction therapy or relapse, allogeneic&#xD;
      hematopoietic cell transplantation (allo-HCT) is currently the only treatment strategy to&#xD;
      offer the prospect of cure. Outcome of allo-HCT is heavily influenced by the remission state&#xD;
      before allo-HCT. With the aim to induce a complete remission (CR) before allo-HCT, salvage&#xD;
      chemotherapy regimens are administered in refractory/relapsed patients. Typically, these&#xD;
      salvage regimens are based on high dose cytarabine (HiDAC), which is frequently combined with&#xD;
      either mitoxantrone (HAM regimen) or fludarabine plus idarubicin (idaFLA regimen). Currently,&#xD;
      there is no commonly accepted standard salvage regime, but a large individual patient data&#xD;
      meta-analysis and single arm phase-II studies suggest that combination chemotherapy including&#xD;
      HiDAC and gemtuzumab ozogamicin, an antibody drug conjugate, are very effective. Since&#xD;
      patients with refractory or relapsed AML are candidates for allo-HCT, the main purpose of the&#xD;
      salvage regimen is to bridge patients to allo-HCT with induction of a CR before allo-HCT.&#xD;
      Therapy resistance in cancer is still poorly understood. Beyond genetic aberrations&#xD;
      epigenetic mechanisms are important components of resistance to cancer therapy. Recently, the&#xD;
      investigators discovered an epigenetic therapy resistance mechanism in AML (Figure 1). This&#xD;
      mechanism might be relevant in up to 50% of relapsed/refractory AML patients. This epigenetic&#xD;
      mediated resistance can be successfully overcome in in vitro models by proteasome inhibition.&#xD;
      Currently, relapsed and refractory r/r-AML still carries a dismal prognosis. In this&#xD;
      multicentre, phase II trial the investigators will analyze efficacy of a novel therapy&#xD;
      regimen for r/r-AML.&#xD;
&#xD;
      As detailed above, combination-chemotherapy including GO and HiDAC based chemotherapy is an&#xD;
      effective regimen in r/r-AML.&#xD;
&#xD;
      Proteasome inhibitors can restore EZH2 protein levels in vitro and in vivo. The restoration&#xD;
      of EZH2 significantly improved efficacy of anti-leukemic therapy. Based on the data mentioned&#xD;
      above we combine the treatment efficacy of GO plus cytarabine based chemotherapy with the&#xD;
      proteasome inhibitor bortezomib in the B-GA regimen. With such an approach the investigators&#xD;
      believe that they can substantially improve treatment results in r/r-AML. Part of the study&#xD;
      is a pre-specified biomarker analysis for EZH2 restoration after bortezomib exposure in vitro&#xD;
      and in vivo. Accordingly, we will be able to determine whether EZH2 restoration after&#xD;
      bortezomib exposure is associated with response and outcome. There have been rare reports of&#xD;
      acute diffuse infiltrative pulmonary disease of unknown etiology such as pneumonitis,&#xD;
      interstitial pneumonia, lung infiltration and Acute Respiratory Distress Syndrome (ARDS) in&#xD;
      patients receiving bortezomib. In particular, 2 patients with r/r-AML given high-dose&#xD;
      cytarabine (2 g/m²/day) by continuous infusion in combination with daunorubicin and&#xD;
      bortezomib died of ARDS early in the course of therapy. However, in several trials evaluating&#xD;
      the combination of bortezomib with standard and high-dose cytarabine in AML patients no&#xD;
      toxicity signal was detected, especially with respect to ARDS.&#xD;
&#xD;
      Taken together, the rationale for this trial is based on the high unmet clinical need and&#xD;
      strong in vitro evidence.&#xD;
    </textblock>
  </detailed_description>
  <overall_status>Completed</overall_status>
  <start_date type="Actual">October 22, 2019</start_date>
  <completion_date type="Actual">March 24, 2023</completion_date>
  <primary_completion_date type="Actual">February 28, 2023</primary_completion_date>
  <phase>Phase 2</phase>
  <study_type>Interventional</study_type>
  <has_expanded_access>No</has_expanded_access>
  <study_design_info>
    <allocation>N/A</allocation>
    <intervention_model>Single Group Assignment</intervention_model>
    <intervention_model_description>Simon's Optimal Two-Stage Design: The Matched Threshold Crossing (MTC) Design</intervention_model_description>
    <primary_purpose>Treatment</primary_purpose>
    <masking>None (Open Label)</masking>
  </study_design_info>
  <primary_outcome>
    <measure>CR/CRi rate</measure>
    <time_frame>two years</time_frame>
    <description>Primary endpoint is the CR/CRi rate (response rate), defined as the proportion of patients achieving a complete remission (CR) or complete remission with incomplete hematologic recovery (CRi) according to ELN 2017 criteria after B-GA treatment.</description>
  </primary_outcome>
  <number_of_arms>1</number_of_arms>
  <enrollment type="Actual">50</enrollment>
  <condition>Acute Myeloid Leukemia</condition>
  <arm_group>
    <arm_group_label>Bortezomib-Gemtuzumab Ozogamicin Treatment</arm_group_label>
    <arm_group_type>Experimental</arm_group_type>
    <description>one cycle of combined chemotherapy:&#xD;
Bortezomib (1.3 mg/m2) sc on day 1 and 3. Dose will be given 3 hours prior to Cytarabine on day 1 and 3&#xD;
Cytarabine (1g/m² twice daily) iv over 3 hours on day 1, 2 and 3 Gemtuzumab Ozogamicin (3 mg/m²,up to a maximum of one 5 mg vial) iv over 2 hours on day 1 after first dose of Cytarabine and day 4&#xD;
Pegfilgrastim 6 mg sc on day 8 (optional)</description>
  </arm_group>
  <intervention>
    <intervention_type>Drug</intervention_type>
    <intervention_name>Bortezomib</intervention_name>
    <description>Bortezomib is a small molecule dipeptide binding the catalytic site of the 26 S proteasome. It acts as a potent, reversible, and specific inhibitor of proteasomes and thus impairs the degradation of ubiquitinated proteins. It has demonstrated anti-neoplastic activity in myeloma and lymphoma. It is approved and widely used in multiple myeloma both for first line treatment and relapsed patients.</description>
    <arm_group_label>Bortezomib-Gemtuzumab Ozogamicin Treatment</arm_group_label>
    <other_name>Velcade</other_name>
  </intervention>
  <intervention>
    <intervention_type>Drug</intervention_type>
    <intervention_name>Gemtuzumab Ozogamicin</intervention_name>
    <description>Gemtuzumab Ozogamicin is a monoclonal antibody directed against the myeloid surface antigen CD33. The antibody is linked to calicheamicin which serves as cytotoxic agent. For years, gemtuzumab ozogamicin has been tested in clinical AML trials. Though withdrawn from the US market in 2010, FDA approval was granted in September 2018, EU approval in April 2018 based on encouraging results from recent clinical trials using enhanced dosing schedules.</description>
    <arm_group_label>Bortezomib-Gemtuzumab Ozogamicin Treatment</arm_group_label>
    <other_name>Mylotarg</other_name>
  </intervention>
  <eligibility>
    <criteria>
      <textblock>
        Inclusion Criteria:&#xD;
&#xD;
          -  Patients with confirmed diagnosis of AML according to WHO-2016 [27] (except acute&#xD;
             promyelocytic leukemia) either de novo AML, AML after preceding myelodysplastic or&#xD;
             myeloproliferative syndrome (MDS/MPD), and therapy related AML (t-AML) after previous&#xD;
             cytotoxic therapy or radiation are eligible either refractory (A) to first line&#xD;
             chemotherapy or in first relapse (B), also after stem cell transplantation. FLT3-ITD&#xD;
             status, cytogenetics (refractory and relapsed patients), in addition status of&#xD;
             core-binding-factor as well as double mutant CEBPA in relapsed patients must be&#xD;
             available.&#xD;
&#xD;
        A) Refractory to induction therapy is defined as no CR, CRi (according to standard&#xD;
        criteria) [4] after 2 intensive induction cycles of at least 7 days of cytarabine 100-200&#xD;
        mg/m² continuously or an equivalent regimen with cytarabine with total dose not less than&#xD;
        700 mg/m² per cycle and 3 days of an anthracycline/ anthraquinone (e.g. daunorubicin,&#xD;
        idarubicin).&#xD;
&#xD;
        B) Relapsed after first line therapy is defined as relapsed AML after CR or CRi (according&#xD;
        to standard criteria) after at least one intensive induction and consolidation (including&#xD;
        intensive chemotherapy and/or hematopoietic cell transplantation) therapy.&#xD;
&#xD;
          -  ECOG performance status ≤ 2&#xD;
&#xD;
          -  Discontinuation of prior AML treatment before the start of study treatment (except&#xD;
             hydroxyurea or other treatment to control hyperleukocytosis) for at least 10 days for&#xD;
             cytotoxic agents and 5 half-lives for non-cytotoxic/ investigational drug treatment&#xD;
             preceding the first dose of trial medications&#xD;
&#xD;
          -  Age ≥ 18 years&#xD;
&#xD;
          -  Pregnancy and childbearing potential:&#xD;
&#xD;
               -  Non-pregnant and non-nursing women of childbearing potential must have a negative&#xD;
                  serum or urine ß-HCG pregnancy test within a sensitivity of at least 25 mIU/mL&#xD;
                  within 72 hours prior to registration (&quot;Women of childbearing potential&quot; is&#xD;
                  defined as a sexually active mature woman who has not undergone a hysterectomy or&#xD;
                  who has had menses at any time in the preceding 24 consecutive months).&#xD;
&#xD;
               -  Female patients of reproductive age must agree to avoid getting pregnant while on&#xD;
                  therapy.&#xD;
&#xD;
               -  Women of child-bearing potential must either commit to continued abstinence from&#xD;
                  heterosexual intercourse or begin highly effective methods of birth control&#xD;
                  during study and for at least 7 months after end of treatment.&#xD;
&#xD;
               -  Men must use a latex condom during any sexual contact with women of childbearing&#xD;
                  potential, even if they have undergone a successful vasectomy and must agree to&#xD;
                  avoid to father a child during study and until 6 months after end of&#xD;
                  study/treatment.&#xD;
&#xD;
          -  Willingness of patient to adhere to protocol specific requirements and capacity to&#xD;
             give written informed consent&#xD;
&#xD;
          -  Ability of patient to understand the character and individual consequences of clinical&#xD;
             Trial&#xD;
&#xD;
          -  Following receipt of verbal and written information about the study, the patient must&#xD;
             provide signed informed consent before any study related activity is carried out&#xD;
&#xD;
        Exclusion Criteria:&#xD;
&#xD;
          -  Acute promyelocytic leukemia (AML M3)&#xD;
&#xD;
          -  Acute myeloid leukemia previously treated with gemtuzumab ozogamicin&#xD;
&#xD;
          -  Hyperleukocytosis (leukocytes &gt; 30,000/μl) at the time of study entry. These patients&#xD;
             should be treated with hydroxyurea and / or receive leukocytapheresis treatment&#xD;
             according to routine practice and are only allowed to enter into the study when&#xD;
             leukocyte counts of 30,000/μl or below are reached. If hydroxyurea is not sufficient&#xD;
             to control hyperleukocytosis i.v. application of 100 mg cytarabine continuously over&#xD;
             24 hours may be discussed with the coordinating investigator or the scientific&#xD;
             coordinator&#xD;
&#xD;
          -  Known central nervous system manifestation of AML&#xD;
&#xD;
          -  uncontrolled or significant cardiovascular disease, including any of the following:&#xD;
&#xD;
               -  History of heart failure NYHA class 3 or 4&#xD;
&#xD;
               -  Left ventricular ejection fraction (LVEF) ≤ 40% by echocardiogram&#xD;
&#xD;
               -  History of uncontrolled angina pectoris or myocardial infarction within 12 months&#xD;
                  prior to screening&#xD;
&#xD;
               -  History of second (Mobitz II) or third degree heart block or any cardiac&#xD;
                  arrhythmias requiring anti-arrhythmic therapy (beta blockers or digoxin are&#xD;
                  permitted)&#xD;
&#xD;
          -  Pregnant or nursing woman&#xD;
&#xD;
          -  Chronically impaired renal function (creatinine clearance &lt; 30 ml / min)&#xD;
&#xD;
          -  Inadequate liver function (ALT and AST ≥ 2 x ULN), total bilirubin ≥ 1.5 x ULN&#xD;
&#xD;
          -  Known liver cirrhosis or history of veno-occlusive disease (VOD)&#xD;
&#xD;
          -  HIV infection and/or active hepatitis B or C infection (active hepatitis B defined by&#xD;
             HBs Ag positivity, active hepatitis C defined by positive virus load)&#xD;
&#xD;
          -  Evidence or history of severe non-leukemia associated bleeding diathesis or&#xD;
             coagulopathy&#xD;
&#xD;
          -  Uncontrolled active infection&#xD;
&#xD;
          -  Concurrent malignancies other than AML with an estimated life expectancy of less than&#xD;
             two years&#xD;
&#xD;
          -  Known hypersensitivity to cytarabine (AraC) (not including drug fever, conjunctivitis&#xD;
             or exanthema)&#xD;
&#xD;
          -  Known hypersensitivity to bortezomib, boron or mannitol&#xD;
&#xD;
          -  Isolated extramedullary manifestation of AML&#xD;
&#xD;
          -  Patients within 100 days after allogeneic stem cell transplantation at the time of&#xD;
             Screening&#xD;
&#xD;
          -  Patients with clinically relevant Graft-versus-Host-Disease (GvHD) requiring&#xD;
             initiation of treatment or treatment escalation within 21 days prior to Screening&#xD;
&#xD;
          -  Patients with pre-existing severe neuropathy&#xD;
&#xD;
          -  Acute diffuse infiltrative pulmonary disease&#xD;
&#xD;
          -  Pericardial disease&#xD;
&#xD;
          -  Expected incompliance of patient&#xD;
      </textblock>
    </criteria>
    <gender>All</gender>
    <minimum_age>18 Years</minimum_age>
    <maximum_age>100 Years</maximum_age>
    <healthy_volunteers>No</healthy_volunteers>
  </eligibility>
  <overall_official>
    <last_name>Carsten Müller-Tidow, Prof., MD</last_name>
    <role>Principal Investigator</role>
    <affiliation>Medical Director of Internal Medicine V, University Hospital Heidelberg</affiliation>
  </overall_official>
  <location>
    <facility>
      <name>University Hospital Heidelberg, Internal Medicine V</name>
      <address>
        <city>Heidelberg</city>
        <state>Baden-Württemberg</state>
        <zip>69120</zip>
        <country>Germany</country>
      </address>
    </facility>
  </location>
  <location_countries>
    <country>Germany</country>
  </location_countries>
  <verification_date>March 2023</verification_date>
  <study_first_submitted>November 20, 2019</study_first_submitted>
  <study_first_submitted_qc>November 20, 2019</study_first_submitted_qc>
  <study_first_posted type="Actual">November 22, 2019</study_first_posted>
  <last_update_submitted>March 24, 2023</last_update_submitted>
  <last_update_submitted_qc>March 24, 2023</last_update_submitted_qc>
  <last_update_posted type="Actual">March 27, 2023</last_update_posted>
  <responsible_party>
    <responsible_party_type>Principal Investigator</responsible_party_type>
    <investigator_affiliation>University Hospital Heidelberg</investigator_affiliation>
    <investigator_full_name>Prof. Dr. Richard F Schlenk</investigator_full_name>
    <investigator_title>Scientific Coordinator</investigator_title>
  </responsible_party>
  <keyword>Acute Myeloid Leukemia</keyword>
  <keyword>therapy resistance</keyword>
  <keyword>refractory/relapsed</keyword>
  <keyword>AML</keyword>
  <condition_browse>
    <!-- CAUTION:  The following MeSH terms are assigned with an imperfect algorithm            -->
    <mesh_term>Leukemia, Myeloid</mesh_term>
    <mesh_term>Leukemia, Myeloid, Acute</mesh_term>
  </condition_browse>
  <intervention_browse>
    <!-- CAUTION:  The following MeSH terms are assigned with an imperfect algorithm            -->
    <mesh_term>Bortezomib</mesh_term>
    <mesh_term>Gemtuzumab</mesh_term>
  </intervention_browse>
  <!-- Results have not yet been posted for this study                                          -->
</clinical_study>

