<?xml version="1.0" encoding="UTF-8"?>
<clinical_study rank="224">
  <!-- This xml conforms to an XML Schema at:
    https://clinicaltrials.gov/ct2/html/images/info/public.xsd -->
  <required_header>
    <download_date>ClinicalTrials.gov processed this data on February 06, 2024</download_date>
    <link_text>Link to the current ClinicalTrials.gov record.</link_text>
    <url>https://clinicaltrials.gov/ct2/show/NCT01184898</url>
  </required_header>
  <id_info>
    <org_study_id>10D.21</org_study_id>
    <secondary_id>2009-42</secondary_id>
    <nct_id>NCT01184898</nct_id>
  </id_info>
  <brief_title>Pilot Trial of Sirolimus/MEC in High Risk Acute Myelogenous Leukemia (AML)</brief_title>
  <official_title>A Pilot, Pharmacodynamic Correlate, Multi-Institutional Trial of Sirolimus in Combination With Chemotherapy (Mitoxantrone, Etoposide, Cytarabine) for the Treatment of High Risk, Acute Myelogenous Leukemia</official_title>
  <sponsors>
    <lead_sponsor>
      <agency>Sidney Kimmel Cancer Center at Thomas Jefferson University</agency>
      <agency_class>Other</agency_class>
    </lead_sponsor>
    <collaborator>
      <agency>University of Pennsylvania</agency>
      <agency_class>Other</agency_class>
    </collaborator>
  </sponsors>
  <source>Thomas Jefferson University</source>
  <oversight_info>
    <has_dmc>Yes</has_dmc>
  </oversight_info>
  <brief_summary>
    <textblock>
      The purpose of this study is to evaluate the addition of Sirolimus (rapamycin) to standard&#xD;
      chemotherapy for the treatment of patients with high risk acute myelogenous leukemia (AML).&#xD;
      Cancer cells taken from the patients will be studied in the laboratory to see if rapamycin is&#xD;
      affecting the mTOR pathway in the cells and if this effect is correlated with how well&#xD;
      patients respond to the therapy.&#xD;
    </textblock>
  </brief_summary>
  <detailed_description>
    <textblock>
      Recent improvements in our understanding of leukemia biology have led to the introduction of&#xD;
      highly effective, molecularly targeted therapies. This is exemplified by the development of&#xD;
      BCR-ABL tyrosine kinase inhibitors such as imatinib as monotherapy for chronic myeloid&#xD;
      leukemia (CML) and in combination with chemotherapy for BCR-ABL+ acute lymphoblastic leukemia&#xD;
      (ALL). Imatinib mesylate blocks the protein made by the BCR-ABL oncogene.&#xD;
&#xD;
      The PI3K (phosphatidylinositol 3-kinases) signaling is critical to leukemia cell survival and&#xD;
      can be targeted. Growth and survival stimulating signal transduction pathways are abnormally&#xD;
      and universally activated in AML (Acute Myeloid Leukemia). This signal cascade is thought to&#xD;
      contribute to survival and growth in tumor cells via downstream effects upon target proteins&#xD;
      AKT/Protein kinase B and mammalian target of rapamycin (mTOR) a protein that helps control&#xD;
      several cell functions.&#xD;
&#xD;
      In AML, we and others have shown that PI3K signaling is constitutively activated in over 85%&#xD;
      of primary samples and that the small molecule PI3K inhibitor LY294002 is cytotoxic in vitro&#xD;
      to virtually all samples tested. As LY294002 is poorly suited for drug development, we have&#xD;
      concentrated upon other ways to inhibit signal transduction through this pathway. Mammalian&#xD;
      target of rapamycin (mTOR) emerged as a reasonable target due to the availability of&#xD;
      clinically available, highly specific inhibitors with favorable safety profiles. Mammalian&#xD;
      target of rapamycin (mTOR) plays a central but complex role in cancer cells' metabolic&#xD;
      regulation and survival. This serine/threonine kinase coordinates several important cellular&#xD;
      functions and its activity is modulated in response to amino acid, glucose, oxygen, and ATP&#xD;
      availability as well as extracellular growth factor ligation. Mammalian target of rapamycin&#xD;
      (mTOR) activity regulates protein translation, nutrient and amino acid uptake, mitochondrial&#xD;
      respiration, glycolysis, cell size regulation, cell cycle entry and progression, ribosome&#xD;
      biogenesis, and autophagy. Constitutive mammalian target of rapamycin (mTOR) activation is&#xD;
      commonly seen in cancer cells and is thought to promote survival in the setting of a wide&#xD;
      variety of cellular insults. Importantly, mTOR opening may cause chemotherapy resistance.&#xD;
      Although regulation of mTOR signaling in leukemia occurs through by several inputs, mTOR&#xD;
      activity in AML is thought to be primarily regulated by PI3K signaling through AKT via the&#xD;
      agent tumor suppressor tuberous sclerosis complex (TSC1&amp; 2) and its target rheb GTPase.&#xD;
&#xD;
      Taken together, mammalian target of rapamycin mTOR is a smart target for molecularly targeted&#xD;
      therapy in AML due to its importance in the growth and survival of AML cells, its necessity&#xD;
      for AML cell survival in certain contexts, and its probable role in chemotherapy resistance&#xD;
      and relapse.&#xD;
    </textblock>
  </detailed_description>
  <overall_status>Completed</overall_status>
  <start_date>July 2010</start_date>
  <completion_date type="Actual">February 2016</completion_date>
  <primary_completion_date type="Actual">January 2012</primary_completion_date>
  <phase>N/A</phase>
  <study_type>Interventional</study_type>
  <has_expanded_access>No</has_expanded_access>
  <study_design_info>
    <allocation>N/A</allocation>
    <intervention_model>Single Group Assignment</intervention_model>
    <primary_purpose>Treatment</primary_purpose>
    <masking>None (Open Label)</masking>
  </study_design_info>
  <primary_outcome>
    <measure>Association Between the Magnitude of mTOR Target Inhibition Post-treatment in Leukemic Blasts and Clinical Response in Patients With High Risk AML Treated With Sirolimus MEC</measure>
    <time_frame>From pre- to post-treatment</time_frame>
    <description>Percent change compared between response groups (responder vs nonresponder).&#xD;
This outcome measure only includes patients who survived to outcome assessment.</description>
  </primary_outcome>
  <secondary_outcome>
    <measure>Complete Response</measure>
    <time_frame>Within one week of peripheral count recovery but no later than day 42</time_frame>
    <description>Complete response is defined as:&#xD;
Peripheral Blood Counts -Neutrophil count &gt;1 x 109/L.&#xD;
Platelet count ≥ 100 x 109/L.&#xD;
Reduced hemoglobin concentration or hematocrit has no bearing on remission status.&#xD;
Leukemic blasts must not be present in the peripheral blood.&#xD;
Cellularity of bone marrow biopsy must be &gt; 20% with maturation of all cell lines with &lt; 5% blasts and no Auer rods.&#xD;
Extramedullary leukemia, such as CNS or soft tissue involvement, must not be present</description>
  </secondary_outcome>
  <secondary_outcome>
    <measure>Complete Response in the Absence of Platelet Recovery</measure>
    <time_frame>Within one week of peripheral count recovery but no later than day 42</time_frame>
    <description>Complete response in the absence of platelet recovery is defined as:&#xD;
- Bone marrow (&lt;5% blasts) with adequate bone marrow cellularity, no evidence of circulating blasts or extramedullary disease and normalization of peripheral blood counts except for platelets (neutrophil count =1,000/µL)</description>
  </secondary_outcome>
  <secondary_outcome>
    <measure>Partial Response</measure>
    <time_frame>Within one week of peripheral count recovery but no later than day 42</time_frame>
    <description>Partial response is defined as:&#xD;
Requires that all of the criteria for complete remission be satisfied except that the bone marrow may contain ≥ 5% blasts but &lt; 25% blasts.&#xD;
A marrow with &lt;5% blasts that contain Auer rods will also be considered a PR</description>
  </secondary_outcome>
  <number_of_arms>1</number_of_arms>
  <enrollment type="Actual">36</enrollment>
  <condition>AML</condition>
  <arm_group>
    <arm_group_label>Sirolimus and MEC</arm_group_label>
    <arm_group_type>Experimental</arm_group_type>
    <description>Sirolimus and MEC (Mitoxantrone, Etoposide, and Cytarabine)</description>
  </arm_group>
  <intervention>
    <intervention_type>Drug</intervention_type>
    <intervention_name>Sirolimus</intervention_name>
    <description>Sirolimus, by mouth, will be given as a 12mg loading dose followed by 8 daily doses of 4mg/day.</description>
    <arm_group_label>Sirolimus and MEC</arm_group_label>
    <other_name>Rapamycin</other_name>
  </intervention>
  <intervention>
    <intervention_type>Drug</intervention_type>
    <intervention_name>Mitoxantrone</intervention_name>
    <description>Mitoxantrone 8mg/m2/day IV</description>
    <arm_group_label>Sirolimus and MEC</arm_group_label>
    <other_name>Mitozantrone</other_name>
    <other_name>Novantrone</other_name>
  </intervention>
  <intervention>
    <intervention_type>Drug</intervention_type>
    <intervention_name>Etoposide</intervention_name>
    <description>100 mg/m2/day IV</description>
    <arm_group_label>Sirolimus and MEC</arm_group_label>
    <other_name>Etoposide phosphate</other_name>
    <other_name>VP-16</other_name>
    <other_name>Etopophos</other_name>
  </intervention>
  <intervention>
    <intervention_type>Drug</intervention_type>
    <intervention_name>Cytarabine</intervention_name>
    <description>1000mg/m2/day IV every 24 hours for 5 days</description>
    <arm_group_label>Sirolimus and MEC</arm_group_label>
    <other_name>Cytosine arabinoside</other_name>
    <other_name>Cytosar-U</other_name>
    <other_name>Depocyt</other_name>
    <other_name>ara-C</other_name>
  </intervention>
  <eligibility>
    <criteria>
      <textblock>
        Inclusion Criteria:&#xD;
&#xD;
          -  Patients must have histologic evidence of high risk acute myeloid leukemia defined as&#xD;
             one of the following:&#xD;
&#xD;
               1. Primary refractory non-M3 AML (i) Residual leukemia after a minimum of 2 prior&#xD;
                  courses of chemotherapy (Same or different) (ii) Evidence of leukemia after a&#xD;
                  nadir bone marrow biopsy demonstrates no evidence of residual leukemia.&#xD;
&#xD;
               2. Relapsed non-M3 AML&#xD;
&#xD;
               3. Any non-M3 AML age &gt;60 with no evidence of favorable karyotype (stratum 2 ONLY),&#xD;
                  defined by presence of t(8;21)(q22;q22) [AML1-ETO], inv16(p13;q22), or&#xD;
                  t(16;16)(p13;q22) [CBF;MYH11] by cytogenetics, FISH, or RT-PCR&#xD;
&#xD;
               4. Secondary AML (from antecedent hematologic malignancy or following therapy with&#xD;
                  radiation or chemotherapy for another disease) with no evidence of favorable&#xD;
                  karyotype (stratum 2 ONLY), defined by presence of t(8;21)(q22;q22) [AML1-ETO],&#xD;
                  inv16(p13;q22), or t(16;16)(p13;q22) [CBF;MYH11] by cytogenetics, FISH, or RT-PCR&#xD;
&#xD;
          -  Age &gt; or = 18&#xD;
&#xD;
          -  ECOG = 0 or 1&#xD;
&#xD;
        Exclusion Criteria:&#xD;
&#xD;
          -  Subjects with FAB M3 (t(15;17)(q22;q21)[PML-RAR]) are not eligible&#xD;
&#xD;
          -  Subjects taking the following are not eligible:&#xD;
&#xD;
               -  Carbamazepine (e.g., Tegretol)&#xD;
&#xD;
               -  Rifabutin (e.g., Mycobutin) or&#xD;
&#xD;
               -  Rifampin (e.g., Rifadin)&#xD;
&#xD;
               -  Rifapentine (e.g., Priftin)&#xD;
&#xD;
               -  St. John's wort&#xD;
&#xD;
               -  Clarithromycin (e.g., Biaxin)&#xD;
&#xD;
               -  Cyclosporine (e.g. Neoral or Sandimmune)&#xD;
&#xD;
               -  Diltiazem (e.g., Cardizem)&#xD;
&#xD;
               -  Erythromycin (e.g., Akne-Mycin, Ery-Tab)&#xD;
&#xD;
               -  Itraconazole (e.g., Sporanox)&#xD;
&#xD;
               -  Ketoconazole (e.g., Nizoral)&#xD;
&#xD;
               -  Telithromycin (e.g., Ketek)&#xD;
&#xD;
               -  Verapamil (e.g., Calan SR, Isoptin, Verelan)&#xD;
&#xD;
               -  Voriconazole (e.g., VFEND)&#xD;
&#xD;
               -  Tacrolimus (e.g. Prograf)&#xD;
&#xD;
          -  Subjects taking fluconazole, voriconazole, itraconazole, posaconazole, and&#xD;
             ketoconazole within 72 hours of study entry are not eligible. Reinstitution of&#xD;
             fluconazole, voriconazole, itraconazole, posaconazole, ketoconazole and diltiazem is&#xD;
             permissible 72 hours after the last dose of sirolimus.&#xD;
&#xD;
          -  Subjects must not be receiving any chemotherapy agents (except Hydroxyurea).&#xD;
             Intrathecal methotrexate and cytarabine are permissible&#xD;
&#xD;
          -  Subjects must not be receiving growth factors, except for erythropoietin&#xD;
      </textblock>
    </criteria>
    <gender>All</gender>
    <minimum_age>18 Years</minimum_age>
    <maximum_age>N/A</maximum_age>
    <healthy_volunteers>No</healthy_volunteers>
  </eligibility>
  <overall_official>
    <last_name>Margaret Kasner, MD</last_name>
    <role>Principal Investigator</role>
    <affiliation>Thomas Jefferson University</affiliation>
  </overall_official>
  <location>
    <facility>
      <name>University of Pennsylvania</name>
      <address>
        <city>Philadelphia</city>
        <state>Pennsylvania</state>
        <zip>19104</zip>
        <country>United States</country>
      </address>
    </facility>
  </location>
  <location>
    <facility>
      <name>Thomas Jefferson University</name>
      <address>
        <city>Philadelphia</city>
        <state>Pennsylvania</state>
        <zip>19107</zip>
        <country>United States</country>
      </address>
    </facility>
  </location>
  <location_countries>
    <country>United States</country>
  </location_countries>
  <link>
    <url>http://www.JeffersonHospital.org</url>
    <description>Thomas Jefferson University Hospitals</description>
  </link>
  <verification_date>October 2016</verification_date>
  <study_first_submitted>August 17, 2010</study_first_submitted>
  <study_first_submitted_qc>August 18, 2010</study_first_submitted_qc>
  <study_first_posted type="Estimate">August 19, 2010</study_first_posted>
  <results_first_submitted>August 12, 2014</results_first_submitted>
  <results_first_submitted_qc>August 12, 2014</results_first_submitted_qc>
  <results_first_posted type="Estimate">August 27, 2014</results_first_posted>
  <last_update_submitted>October 19, 2016</last_update_submitted>
  <last_update_submitted_qc>October 19, 2016</last_update_submitted_qc>
  <last_update_posted type="Estimate">November 29, 2016</last_update_posted>
  <responsible_party>
    <responsible_party_type>Sponsor</responsible_party_type>
  </responsible_party>
  <keyword>AML</keyword>
  <keyword>mTOR</keyword>
  <keyword>rapamycin</keyword>
  <condition_browse>
    <!-- CAUTION:  The following MeSH terms are assigned with an imperfect algorithm            -->
    <mesh_term>Leukemia, Myeloid</mesh_term>
    <mesh_term>Leukemia, Myeloid, Acute</mesh_term>
  </condition_browse>
  <intervention_browse>
    <!-- CAUTION:  The following MeSH terms are assigned with an imperfect algorithm            -->
    <mesh_term>Cytarabine</mesh_term>
    <mesh_term>Sirolimus</mesh_term>
    <mesh_term>Etoposide</mesh_term>
    <mesh_term>Mitoxantrone</mesh_term>
    <mesh_term>Etoposide phosphate</mesh_term>
  </intervention_browse>

  <clinical_results>

    <participant_flow>
      <group_list>
        <group group_id="P1">
          <title>Sirolimus and MEC</title>
          <description>Sirolimus and MEC (Mitoxantrone, Etoposide, and Cytarabine)&#xD;
Sirolimus: Sirolimus, by mouth, will be given as a 12mg loading dose followed by 8 daily doses of 4mg/day.&#xD;
MEC (Mitoxantrone, Etoposide, and Cytarabine): MEC (Mitoxantrone 8mg/m2/day IV, Etoposide 100mg/m2/day IV and Cytarabine 1000mg/ m2/day IV every 24 hours for 5 days) will be administered after sirolimus loading dose and 3 daily doses.</description>
        </group>
      </group_list>
      <period_list>
        <period>
          <title>Overall Study</title>
          <milestone_list>
            <milestone>
              <title>STARTED</title>
              <participants_list>
                <participants group_id="P1" count="36"/>
              </participants_list>
            </milestone>
            <milestone>
              <title>COMPLETED</title>
              <participants_list>
                <participants group_id="P1" count="36"/>
              </participants_list>
            </milestone>
            <milestone>
              <title>NOT COMPLETED</title>
              <participants_list>
                <participants group_id="P1" count="0"/>
              </participants_list>
            </milestone>
          </milestone_list>
        </period>
      </period_list>
    </participant_flow>

    <baseline>
      <group_list>
        <group group_id="B1">
          <title>Sirolimus and MEC</title>
          <description>Sirolimus and MEC (Mitoxantrone, Etoposide, and Cytarabine)&#xD;
Sirolimus: Sirolimus, by mouth, will be given as a 12mg loading dose followed by 8 daily doses of 4mg/day.&#xD;
MEC (Mitoxantrone, Etoposide, and Cytarabine): MEC (Mitoxantrone 8mg/m2/day IV, Etoposide 100mg/m2/day IV and Cytarabine 1000mg/ m2/day IV every 24 hours for 5 days) will be administered after sirolimus loading dose and 3 daily doses.</description>
        </group>
      </group_list>
      <analyzed_list>
        <analyzed>
          <units>Participants</units>
          <scope>Overall</scope>
          <count_list>
            <count group_id="B1" value="36"/>
          </count_list>
        </analyzed>
      </analyzed_list>
      <measure_list>
        <measure>
          <title>Age</title>
          <units>years</units>
          <param>Mean</param>
          <dispersion>Standard Deviation</dispersion>
          <class_list>
            <class>
              <category_list>
                <category>
                  <measurement_list>
                    <measurement group_id="B1" value="60.05" spread="11.84"/>
                  </measurement_list>
                </category>
              </category_list>
            </class>
          </class_list>
        </measure>
        <measure>
          <title>Age</title>
          <units>Participants</units>
          <param>Count of Participants</param>
          <class_list>
            <class>
              <category_list>
                <category>
                  <title>&lt;=18 years</title>
                  <measurement_list>
                    <measurement group_id="B1" value="0"/>
                  </measurement_list>
                </category>
                <category>
                  <title>Between 18 and 65 years</title>
                  <measurement_list>
                    <measurement group_id="B1" value="24"/>
                  </measurement_list>
                </category>
                <category>
                  <title>&gt;=65 years</title>
                  <measurement_list>
                    <measurement group_id="B1" value="12"/>
                  </measurement_list>
                </category>
              </category_list>
            </class>
          </class_list>
        </measure>
        <measure>
          <title>Sex: Female, Male</title>
          <units>Participants</units>
          <param>Count of Participants</param>
          <class_list>
            <class>
              <category_list>
                <category>
                  <title>Female</title>
                  <measurement_list>
                    <measurement group_id="B1" value="16"/>
                  </measurement_list>
                </category>
                <category>
                  <title>Male</title>
                  <measurement_list>
                    <measurement group_id="B1" value="20"/>
                  </measurement_list>
                </category>
              </category_list>
            </class>
          </class_list>
        </measure>
        <measure>
          <title>Region of Enrollment</title>
          <units>participants</units>
          <param>Number</param>
          <class_list>
            <class>
              <title>United States</title>
              <category_list>
                <category>
                  <measurement_list>
                    <measurement group_id="B1" value="36"/>
                  </measurement_list>
                </category>
              </category_list>
            </class>
          </class_list>
        </measure>
      </measure_list>
    </baseline>

    <outcome_list>
      <outcome>
        <type>Primary</type>
        <title>Association Between the Magnitude of mTOR Target Inhibition Post-treatment in Leukemic Blasts and Clinical Response in Patients With High Risk AML Treated With Sirolimus MEC</title>
        <description>Percent change compared between response groups (responder vs nonresponder).&#xD;
This outcome measure only includes patients who survived to outcome assessment.</description>
        <time_frame>From pre- to post-treatment</time_frame>
        <group_list>
          <group group_id="O1">
            <title>Sirolimus and MEC</title>
            <description>Sirolimus and MEC (Mitoxantrone, Etoposide, and Cytarabine)&#xD;
Sirolimus: Sirolimus, by mouth, will be given as a 12mg loading dose followed by 8 daily doses of 4mg/day.&#xD;
MEC (Mitoxantrone, Etoposide, and Cytarabine): MEC (Mitoxantrone 8mg/m2/day IV, Etoposide 100mg/m2/day IV and Cytarabine 1000mg/ m2/day IV every 24 hours for 5 days) will be administered after sirolimus loading dose and 3 daily doses.</description>
          </group>
        </group_list>
        <measure>
          <title>Association Between the Magnitude of mTOR Target Inhibition Post-treatment in Leukemic Blasts and Clinical Response in Patients With High Risk AML Treated With Sirolimus MEC</title>
          <description>Percent change compared between response groups (responder vs nonresponder).&#xD;
This outcome measure only includes patients who survived to outcome assessment.</description>
          <units>percentage change in leukemic blasts</units>
          <param>Mean</param>
          <dispersion>Full Range</dispersion>
          <analyzed_list>
            <analyzed>
              <units>Participants</units>
              <scope>Measure</scope>
              <count_list>
                <count group_id="O1" value="27"/>
              </count_list>
            </analyzed>
          </analyzed_list>
          <class_list>
            <class>
              <title>Responders (17 pts)</title>
              <category_list>
                <category>
                  <measurement_list>
                    <measurement group_id="O1" value="69" lower_limit="42" upper_limit="98"/>
                  </measurement_list>
                </category>
              </category_list>
            </class>
            <class>
              <title>Nonresponders (10 pts)</title>
              <category_list>
                <category>
                  <measurement_list>
                    <measurement group_id="O1" value="-36" lower_limit="-225" upper_limit="32"/>
                  </measurement_list>
                </category>
              </category_list>
            </class>
          </class_list>
        </measure>
      </outcome>
      <outcome>
        <type>Secondary</type>
        <title>Complete Response</title>
        <description>Complete response is defined as:&#xD;
Peripheral Blood Counts -Neutrophil count &gt;1 x 109/L.&#xD;
Platelet count ≥ 100 x 109/L.&#xD;
Reduced hemoglobin concentration or hematocrit has no bearing on remission status.&#xD;
Leukemic blasts must not be present in the peripheral blood.&#xD;
Cellularity of bone marrow biopsy must be &gt; 20% with maturation of all cell lines with &lt; 5% blasts and no Auer rods.&#xD;
Extramedullary leukemia, such as CNS or soft tissue involvement, must not be present</description>
        <time_frame>Within one week of peripheral count recovery but no later than day 42</time_frame>
        <group_list>
          <group group_id="O1">
            <title>Sirolimus and MEC</title>
            <description>Sirolimus and MEC (Mitoxantrone, Etoposide, and Cytarabine)&#xD;
Sirolimus: Sirolimus, by mouth, will be given as a 12mg loading dose followed by 8 daily doses of 4mg/day.&#xD;
MEC (Mitoxantrone, Etoposide, and Cytarabine): MEC (Mitoxantrone 8mg/m2/day IV, Etoposide 100mg/m2/day IV and Cytarabine 1000mg/ m2/day IV every 24 hours for 5 days) will be administered after sirolimus loading dose and 3 daily doses.</description>
          </group>
        </group_list>
        <measure>
          <title>Complete Response</title>
          <description>Complete response is defined as:&#xD;
Peripheral Blood Counts -Neutrophil count &gt;1 x 109/L.&#xD;
Platelet count ≥ 100 x 109/L.&#xD;
Reduced hemoglobin concentration or hematocrit has no bearing on remission status.&#xD;
Leukemic blasts must not be present in the peripheral blood.&#xD;
Cellularity of bone marrow biopsy must be &gt; 20% with maturation of all cell lines with &lt; 5% blasts and no Auer rods.&#xD;
Extramedullary leukemia, such as CNS or soft tissue involvement, must not be present</description>
          <units>participants</units>
          <param>Number</param>
          <analyzed_list>
            <analyzed>
              <units>Participants</units>
              <scope>Measure</scope>
              <count_list>
                <count group_id="O1" value="34"/>
              </count_list>
            </analyzed>
          </analyzed_list>
          <class_list>
            <class>
              <category_list>
                <category>
                  <measurement_list>
                    <measurement group_id="O1" value="11"/>
                  </measurement_list>
                </category>
              </category_list>
            </class>
          </class_list>
        </measure>
      </outcome>
      <outcome>
        <type>Secondary</type>
        <title>Complete Response in the Absence of Platelet Recovery</title>
        <description>Complete response in the absence of platelet recovery is defined as:&#xD;
- Bone marrow (&lt;5% blasts) with adequate bone marrow cellularity, no evidence of circulating blasts or extramedullary disease and normalization of peripheral blood counts except for platelets (neutrophil count =1,000/µL)</description>
        <time_frame>Within one week of peripheral count recovery but no later than day 42</time_frame>
        <group_list>
          <group group_id="O1">
            <title>Sirolimus and MEC</title>
            <description>Sirolimus and MEC (Mitoxantrone, Etoposide, and Cytarabine)&#xD;
Sirolimus: Sirolimus, by mouth, will be given as a 12mg loading dose followed by 8 daily doses of 4mg/day.&#xD;
MEC (Mitoxantrone, Etoposide, and Cytarabine): MEC (Mitoxantrone 8mg/m2/day IV, Etoposide 100mg/m2/day IV and Cytarabine 1000mg/ m2/day IV every 24 hours for 5 days) will be administered after sirolimus loading dose and 3 daily doses.</description>
          </group>
        </group_list>
        <measure>
          <title>Complete Response in the Absence of Platelet Recovery</title>
          <description>Complete response in the absence of platelet recovery is defined as:&#xD;
- Bone marrow (&lt;5% blasts) with adequate bone marrow cellularity, no evidence of circulating blasts or extramedullary disease and normalization of peripheral blood counts except for platelets (neutrophil count =1,000/µL)</description>
          <units>participants</units>
          <param>Number</param>
          <analyzed_list>
            <analyzed>
              <units>Participants</units>
              <scope>Measure</scope>
              <count_list>
                <count group_id="O1" value="34"/>
              </count_list>
            </analyzed>
          </analyzed_list>
          <class_list>
            <class>
              <category_list>
                <category>
                  <measurement_list>
                    <measurement group_id="O1" value="2"/>
                  </measurement_list>
                </category>
              </category_list>
            </class>
          </class_list>
        </measure>
      </outcome>
      <outcome>
        <type>Secondary</type>
        <title>Partial Response</title>
        <description>Partial response is defined as:&#xD;
Requires that all of the criteria for complete remission be satisfied except that the bone marrow may contain ≥ 5% blasts but &lt; 25% blasts.&#xD;
A marrow with &lt;5% blasts that contain Auer rods will also be considered a PR</description>
        <time_frame>Within one week of peripheral count recovery but no later than day 42</time_frame>
        <group_list>
          <group group_id="O1">
            <title>Sirolimus and MEC</title>
            <description>Sirolimus and MEC (Mitoxantrone, Etoposide, and Cytarabine)&#xD;
Sirolimus: Sirolimus, by mouth, will be given as a 12mg loading dose followed by 8 daily doses of 4mg/day.&#xD;
MEC (Mitoxantrone, Etoposide, and Cytarabine): MEC (Mitoxantrone 8mg/m2/day IV, Etoposide 100mg/m2/day IV and Cytarabine 1000mg/ m2/day IV every 24 hours for 5 days) will be administered after sirolimus loading dose and 3 daily doses.</description>
          </group>
        </group_list>
        <measure>
          <title>Partial Response</title>
          <description>Partial response is defined as:&#xD;
Requires that all of the criteria for complete remission be satisfied except that the bone marrow may contain ≥ 5% blasts but &lt; 25% blasts.&#xD;
A marrow with &lt;5% blasts that contain Auer rods will also be considered a PR</description>
          <units>participants</units>
          <param>Number</param>
          <analyzed_list>
            <analyzed>
              <units>Participants</units>
              <scope>Measure</scope>
              <count_list>
                <count group_id="O1" value="34"/>
              </count_list>
            </analyzed>
          </analyzed_list>
          <class_list>
            <class>
              <category_list>
                <category>
                  <measurement_list>
                    <measurement group_id="O1" value="3"/>
                  </measurement_list>
                </category>
              </category_list>
            </class>
          </class_list>
        </measure>
      </outcome>
    </outcome_list>

    <reported_events>
      <group_list>
        <group group_id="E1">
          <title>Sirolimus and MEC</title>
          <description>Sirolimus and MEC (Mitoxantrone, Etoposide, and Cytarabine)&#xD;
Sirolimus: Sirolimus, by mouth, will be given as a 12mg loading dose followed by 8 daily doses of 4mg/day.&#xD;
MEC (Mitoxantrone, Etoposide, and Cytarabine): MEC (Mitoxantrone 8mg/m2/day IV, Etoposide 100mg/m2/day IV and Cytarabine 1000mg/ m2/day IV every 24 hours for 5 days) will be administered after sirolimus loading dose and 3 daily doses.</description>
        </group>
      </group_list>
      <serious_events>
        <category_list>
          <category>
            <title>Total</title>
            <event_list>
              <event>
                <sub_title>Total, serious adverse events</sub_title>
                <counts group_id="E1" subjects_affected="8" subjects_at_risk="36"/>
              </event>
            </event_list>
          </category>
          <category>
            <title>Cardiac disorders</title>
            <event_list>
              <event>
                <sub_title>Left ventricular systolic dysfunction</sub_title>
                <description>Left ventricular failure</description>
                <counts group_id="E1" events="1" subjects_affected="1" subjects_at_risk="36"/>
              </event>
            </event_list>
          </category>
          <category>
            <title>General disorders</title>
            <event_list>
              <event>
                <sub_title>Infection</sub_title>
                <counts group_id="E1" events="2" subjects_affected="2" subjects_at_risk="36"/>
              </event>
              <event>
                <sub_title>Bone marrow cellularity</sub_title>
                <counts group_id="E1" events="2" subjects_affected="2" subjects_at_risk="36"/>
              </event>
              <event>
                <sub_title>Abdominal pain</sub_title>
                <counts group_id="E1" events="1" subjects_affected="1" subjects_at_risk="36"/>
              </event>
              <event>
                <sub_title>Prolonged QTc interval</sub_title>
                <description>Electrocardiogram QT prolonged</description>
                <counts group_id="E1" events="1" subjects_affected="1" subjects_at_risk="36"/>
              </event>
              <event>
                <sub_title>Sepsis</sub_title>
                <counts group_id="E1" events="1" subjects_affected="1" subjects_at_risk="36"/>
              </event>
              <event>
                <sub_title>Multi-organ failure</sub_title>
                <counts group_id="E1" events="1" subjects_affected="1" subjects_at_risk="36"/>
              </event>
            </event_list>
          </category>
          <category>
            <title>Respiratory, thoracic and mediastinal disorders</title>
            <event_list>
              <event>
                <sub_title>Dyspnea</sub_title>
                <counts group_id="E1" events="1" subjects_affected="1" subjects_at_risk="36"/>
              </event>
              <event>
                <sub_title>Respiratory syncytial virus</sub_title>
                <counts group_id="E1" events="1" subjects_affected="1" subjects_at_risk="36"/>
              </event>
            </event_list>
          </category>
        </category_list>
      </serious_events>
      <other_events>
        <frequency_threshold>0</frequency_threshold>
        <category_list>
          <category>
            <title>Total</title>
            <event_list>
              <event>
                <sub_title>Total, other adverse events</sub_title>
                <counts group_id="E1" subjects_affected="36" subjects_at_risk="36"/>
              </event>
            </event_list>
          </category>
          <category>
            <title>Blood and lymphatic system disorders</title>
            <event_list>
              <event>
                <sub_title>Neutropenia</sub_title>
                <counts group_id="E1" events="24" subjects_affected="18" subjects_at_risk="36"/>
              </event>
              <event>
                <sub_title>Hypotension</sub_title>
                <counts group_id="E1" events="17" subjects_affected="12" subjects_at_risk="36"/>
              </event>
              <event>
                <sub_title>Pancytopenia</sub_title>
                <counts group_id="E1" events="8" subjects_affected="8" subjects_at_risk="36"/>
              </event>
              <event>
                <sub_title>Febrile neutropenia</sub_title>
                <counts group_id="E1" events="30" subjects_affected="22" subjects_at_risk="36"/>
              </event>
              <event>
                <sub_title>Hypertension</sub_title>
                <counts group_id="E1" events="15" subjects_affected="9" subjects_at_risk="36"/>
              </event>
              <event>
                <sub_title>Thrombocytopenia</sub_title>
                <counts group_id="E1" events="14" subjects_affected="10" subjects_at_risk="36"/>
              </event>
              <event>
                <sub_title>Hypokalemia</sub_title>
                <counts group_id="E1" events="48" subjects_affected="16" subjects_at_risk="36"/>
              </event>
              <event>
                <sub_title>Thrombosis</sub_title>
                <counts group_id="E1" events="1" subjects_affected="1" subjects_at_risk="36"/>
              </event>
              <event>
                <sub_title>Disseminated intravascular coagulation</sub_title>
                <counts group_id="E1" events="1" subjects_affected="1" subjects_at_risk="36"/>
              </event>
              <event>
                <sub_title>Hypomagnesemia</sub_title>
                <counts group_id="E1" events="31" subjects_affected="8" subjects_at_risk="36"/>
              </event>
              <event>
                <sub_title>B-12 deficiency</sub_title>
                <counts group_id="E1" events="1" subjects_affected="1" subjects_at_risk="36"/>
              </event>
              <event>
                <sub_title>Hypocalcemia</sub_title>
                <counts group_id="E1" events="36" subjects_affected="11" subjects_at_risk="36"/>
              </event>
              <event>
                <sub_title>Hypophosphatemia</sub_title>
                <counts group_id="E1" events="6" subjects_affected="4" subjects_at_risk="36"/>
              </event>
              <event>
                <sub_title>Hyperphosphatemia</sub_title>
                <counts group_id="E1" events="2" subjects_affected="2" subjects_at_risk="36"/>
              </event>
              <event>
                <sub_title>Decreased pH</sub_title>
                <counts group_id="E1" events="2" subjects_affected="2" subjects_at_risk="36"/>
              </event>
              <event>
                <sub_title>Hyperglycemia</sub_title>
                <counts group_id="E1" events="24" subjects_affected="11" subjects_at_risk="36"/>
              </event>
              <event>
                <sub_title>Hyperbilirubinemia</sub_title>
                <counts group_id="E1" events="4" subjects_affected="3" subjects_at_risk="36"/>
              </event>
              <event>
                <sub_title>Fluid overload</sub_title>
                <counts group_id="E1" events="1" subjects_affected="1" subjects_at_risk="36"/>
              </event>
              <event>
                <sub_title>Hyponatremia</sub_title>
                <counts group_id="E1" events="17" subjects_affected="7" subjects_at_risk="36"/>
              </event>
              <event>
                <sub_title>Hypernatremia</sub_title>
                <counts group_id="E1" events="2" subjects_affected="2" subjects_at_risk="36"/>
              </event>
              <event>
                <sub_title>Hyperkalemia</sub_title>
                <counts group_id="E1" events="2" subjects_affected="2" subjects_at_risk="36"/>
              </event>
              <event>
                <sub_title>Lymphocytopenia</sub_title>
                <counts group_id="E1" events="22" subjects_affected="10" subjects_at_risk="36"/>
              </event>
              <event>
                <sub_title>Decreased hemoglobin</sub_title>
                <counts group_id="E1" events="15" subjects_affected="10" subjects_at_risk="36"/>
              </event>
              <event>
                <sub_title>Hyopalbuminemia</sub_title>
                <counts group_id="E1" events="40" subjects_affected="7" subjects_at_risk="36"/>
              </event>
              <event>
                <sub_title>Leukopenia</sub_title>
                <counts group_id="E1" events="16" subjects_affected="10" subjects_at_risk="36"/>
              </event>
              <event>
                <sub_title>Hypoglycemia</sub_title>
                <counts group_id="E1" events="1" subjects_affected="1" subjects_at_risk="36"/>
              </event>
              <event>
                <sub_title>Non-occlusive clot</sub_title>
                <counts group_id="E1" events="1" subjects_affected="1" subjects_at_risk="36"/>
              </event>
              <event>
                <sub_title>Hypermagnesemia</sub_title>
                <counts group_id="E1" events="3" subjects_affected="2" subjects_at_risk="36"/>
              </event>
              <event>
                <sub_title>Hypouricemia</sub_title>
                <counts group_id="E1" events="1" subjects_affected="1" subjects_at_risk="36"/>
              </event>
            </event_list>
          </category>
          <category>
            <title>Cardiac disorders</title>
            <event_list>
              <event>
                <sub_title>Tachycardia</sub_title>
                <counts group_id="E1" events="20" subjects_affected="17" subjects_at_risk="36"/>
              </event>
              <event>
                <sub_title>Heart irregularity</sub_title>
                <counts group_id="E1" events="1" subjects_affected="1" subjects_at_risk="36"/>
              </event>
              <event>
                <sub_title>Atrial fibrillation</sub_title>
                <counts group_id="E1" events="3" subjects_affected="3" subjects_at_risk="36"/>
              </event>
              <event>
                <sub_title>Heart murmur</sub_title>
                <counts group_id="E1" events="1" subjects_affected="1" subjects_at_risk="36"/>
              </event>
              <event>
                <sub_title>Heart failure</sub_title>
                <counts group_id="E1" events="1" subjects_affected="1" subjects_at_risk="36"/>
              </event>
              <event>
                <sub_title>Elevated cardiac troponin</sub_title>
                <counts group_id="E1" events="1" subjects_affected="1" subjects_at_risk="36"/>
              </event>
              <event>
                <sub_title>Sinus bradycardia</sub_title>
                <counts group_id="E1" events="2" subjects_affected="2" subjects_at_risk="36"/>
              </event>
              <event>
                <sub_title>Restrictive cardiomyopathy</sub_title>
                <counts group_id="E1" events="2" subjects_affected="1" subjects_at_risk="36"/>
              </event>
              <event>
                <sub_title>Heart palpitations</sub_title>
                <counts group_id="E1" events="1" subjects_affected="1" subjects_at_risk="36"/>
              </event>
              <event>
                <sub_title>Sinus tachycardia</sub_title>
                <counts group_id="E1" events="3" subjects_affected="1" subjects_at_risk="36"/>
              </event>
            </event_list>
          </category>
          <category>
            <title>Ear and labyrinth disorders</title>
            <event_list>
              <event>
                <sub_title>Cholesteatoma</sub_title>
                <counts group_id="E1" events="4" subjects_affected="1" subjects_at_risk="36"/>
              </event>
              <event>
                <sub_title>JVT (Jahn ventilating tube) to ears</sub_title>
                <counts group_id="E1" events="1" subjects_affected="1" subjects_at_risk="36"/>
              </event>
            </event_list>
          </category>
          <category>
            <title>Eye disorders</title>
            <event_list>
              <event>
                <sub_title>Floaters in both eyes</sub_title>
                <counts group_id="E1" events="1" subjects_affected="1" subjects_at_risk="36"/>
              </event>
              <event>
                <sub_title>Eyelid dysfunction</sub_title>
                <counts group_id="E1" events="1" subjects_affected="1" subjects_at_risk="36"/>
              </event>
              <event>
                <sub_title>Dry eyes</sub_title>
                <counts group_id="E1" events="2" subjects_affected="2" subjects_at_risk="36"/>
              </event>
              <event>
                <sub_title>Slightly muddy sclera</sub_title>
                <counts group_id="E1" events="1" subjects_affected="1" subjects_at_risk="36"/>
              </event>
              <event>
                <sub_title>Blurred vision</sub_title>
                <counts group_id="E1" events="1" subjects_affected="1" subjects_at_risk="36"/>
              </event>
            </event_list>
          </category>
          <category>
            <title>Gastrointestinal disorders</title>
            <event_list>
              <event>
                <sub_title>Diarrhea</sub_title>
                <counts group_id="E1" events="49" subjects_affected="30" subjects_at_risk="36"/>
              </event>
              <event>
                <sub_title>Constipation</sub_title>
                <counts group_id="E1" events="14" subjects_affected="11" subjects_at_risk="36"/>
              </event>
              <event>
                <sub_title>Mucositis</sub_title>
                <counts group_id="E1" events="25" subjects_affected="16" subjects_at_risk="36"/>
              </event>
              <event>
                <sub_title>Vomiting</sub_title>
                <counts group_id="E1" events="15" subjects_affected="13" subjects_at_risk="36"/>
              </event>
              <event>
                <sub_title>Typhlitis</sub_title>
                <counts group_id="E1" events="5" subjects_affected="5" subjects_at_risk="36"/>
              </event>
              <event>
                <sub_title>Dyspepsia</sub_title>
                <counts group_id="E1" events="6" subjects_affected="5" subjects_at_risk="36"/>
              </event>
              <event>
                <sub_title>Clostridium difficile colitis</sub_title>
                <counts group_id="E1" events="1" subjects_affected="1" subjects_at_risk="36"/>
              </event>
              <event>
                <sub_title>Gas pains</sub_title>
                <counts group_id="E1" events="1" subjects_affected="1" subjects_at_risk="36"/>
              </event>
              <event>
                <sub_title>Bloating</sub_title>
                <counts group_id="E1" events="3" subjects_affected="3" subjects_at_risk="36"/>
              </event>
              <event>
                <sub_title>Pancolitis</sub_title>
                <counts group_id="E1" events="1" subjects_affected="1" subjects_at_risk="36"/>
              </event>
              <event>
                <sub_title>Weight loss</sub_title>
                <counts group_id="E1" events="2" subjects_affected="2" subjects_at_risk="36"/>
              </event>
              <event>
                <sub_title>Gastroesophageal reflux disease</sub_title>
                <counts group_id="E1" events="2" subjects_affected="2" subjects_at_risk="36"/>
              </event>
              <event>
                <sub_title>Colitis</sub_title>
                <counts group_id="E1" events="1" subjects_affected="1" subjects_at_risk="36"/>
              </event>
            </event_list>
          </category>
          <category>
            <title>General disorders</title>
            <event_list>
              <event>
                <sub_title>Chest pain</sub_title>
                <counts group_id="E1" events="12" subjects_affected="8" subjects_at_risk="36"/>
              </event>
              <event>
                <sub_title>Sore throat</sub_title>
                <counts group_id="E1" events="2" subjects_affected="2" subjects_at_risk="36"/>
              </event>
              <event>
                <sub_title>Cough</sub_title>
                <counts group_id="E1" events="39" subjects_affected="21" subjects_at_risk="36"/>
              </event>
              <event>
                <sub_title>Back pain</sub_title>
                <counts group_id="E1" events="15" subjects_affected="12" subjects_at_risk="36"/>
              </event>
              <event>
                <sub_title>Nausea</sub_title>
                <counts group_id="E1" events="47" subjects_affected="28" subjects_at_risk="36"/>
              </event>
              <event>
                <sub_title>Pain from bone marrow biopsy</sub_title>
                <counts group_id="E1" events="1" subjects_affected="1" subjects_at_risk="36"/>
              </event>
              <event>
                <sub_title>Fever</sub_title>
                <counts group_id="E1" events="6" subjects_affected="6" subjects_at_risk="36"/>
              </event>
              <event>
                <sub_title>Generalized achiness</sub_title>
                <counts group_id="E1" events="3" subjects_affected="2" subjects_at_risk="36"/>
              </event>
              <event>
                <sub_title>Neck pain</sub_title>
                <counts group_id="E1" events="7" subjects_affected="4" subjects_at_risk="36"/>
              </event>
              <event>
                <sub_title>Lightheadedness</sub_title>
                <counts group_id="E1" events="3" subjects_affected="3" subjects_at_risk="36"/>
              </event>
              <event>
                <sub_title>Fatigue</sub_title>
                <counts group_id="E1" events="63" subjects_affected="30" subjects_at_risk="36"/>
              </event>
              <event>
                <sub_title>Chills</sub_title>
                <counts group_id="E1" events="17" subjects_affected="13" subjects_at_risk="36"/>
              </event>
              <event>
                <sub_title>Headache</sub_title>
                <counts group_id="E1" events="18" subjects_affected="14" subjects_at_risk="36"/>
              </event>
              <event>
                <sub_title>Insomnia</sub_title>
                <counts group_id="E1" events="22" subjects_affected="13" subjects_at_risk="36"/>
              </event>
              <event>
                <sub_title>Unsteady gait</sub_title>
                <counts group_id="E1" events="5" subjects_affected="5" subjects_at_risk="36"/>
              </event>
              <event>
                <sub_title>Night sweats</sub_title>
                <counts group_id="E1" events="5" subjects_affected="3" subjects_at_risk="36"/>
              </event>
              <event>
                <sub_title>Bleeding gums</sub_title>
                <counts group_id="E1" events="1" subjects_affected="1" subjects_at_risk="36"/>
              </event>
              <event>
                <sub_title>Lesions</sub_title>
                <counts group_id="E1" events="6" subjects_affected="5" subjects_at_risk="36"/>
              </event>
              <event>
                <sub_title>Pain at PICC site</sub_title>
                <counts group_id="E1" events="4" subjects_affected="3" subjects_at_risk="36"/>
              </event>
              <event>
                <sub_title>Stomach pain</sub_title>
                <counts group_id="E1" events="1" subjects_affected="1" subjects_at_risk="36"/>
              </event>
              <event>
                <sub_title>Gum pain</sub_title>
                <counts group_id="E1" events="6" subjects_affected="4" subjects_at_risk="36"/>
              </event>
              <event>
                <sub_title>Hoarseness</sub_title>
                <counts group_id="E1" events="2" subjects_affected="2" subjects_at_risk="36"/>
              </event>
              <event>
                <sub_title>Fungal pneumonia</sub_title>
                <counts group_id="E1" events="1" subjects_affected="1" subjects_at_risk="36"/>
              </event>
              <event>
                <sub_title>Blotchy face with itchiness</sub_title>
                <counts group_id="E1" events="1" subjects_affected="1" subjects_at_risk="36"/>
              </event>
              <event>
                <sub_title>Hip pain</sub_title>
                <counts group_id="E1" events="5" subjects_affected="5" subjects_at_risk="36"/>
              </event>
              <event>
                <sub_title>Decreased appetite</sub_title>
                <counts group_id="E1" events="9" subjects_affected="7" subjects_at_risk="36"/>
              </event>
              <event>
                <sub_title>Throat discomfort</sub_title>
                <counts group_id="E1" events="1" subjects_affected="1" subjects_at_risk="36"/>
              </event>
              <event>
                <sub_title>Stool incontinence</sub_title>
                <counts group_id="E1" events="2" subjects_affected="2" subjects_at_risk="36"/>
              </event>
              <event>
                <sub_title>Abdominal pain</sub_title>
                <counts group_id="E1" events="21" subjects_affected="15" subjects_at_risk="36"/>
              </event>
              <event>
                <sub_title>Difficulty swallowing</sub_title>
                <counts group_id="E1" events="4" subjects_affected="4" subjects_at_risk="36"/>
              </event>
              <event>
                <sub_title>Head pain</sub_title>
                <counts group_id="E1" events="3" subjects_affected="2" subjects_at_risk="36"/>
              </event>
              <event>
                <sub_title>Dizziness</sub_title>
                <counts group_id="E1" events="8" subjects_affected="8" subjects_at_risk="36"/>
              </event>
              <event>
                <sub_title>Dry heaves</sub_title>
                <counts group_id="E1" events="3" subjects_affected="3" subjects_at_risk="36"/>
              </event>
              <event>
                <sub_title>Generalized weakness</sub_title>
                <counts group_id="E1" events="12" subjects_affected="11" subjects_at_risk="36"/>
              </event>
              <event>
                <sub_title>Rigors</sub_title>
                <counts group_id="E1" events="4" subjects_affected="4" subjects_at_risk="36"/>
              </event>
              <event>
                <sub_title>Burning sensation</sub_title>
                <counts group_id="E1" events="1" subjects_affected="1" subjects_at_risk="36"/>
              </event>
              <event>
                <sub_title>Shoulder pain</sub_title>
                <counts group_id="E1" events="5" subjects_affected="5" subjects_at_risk="36"/>
              </event>
              <event>
                <sub_title>Sweats</sub_title>
                <counts group_id="E1" events="10" subjects_affected="10" subjects_at_risk="36"/>
              </event>
              <event>
                <sub_title>Eye pain</sub_title>
                <counts group_id="E1" events="3" subjects_affected="3" subjects_at_risk="36"/>
              </event>
              <event>
                <sub_title>Bone pain</sub_title>
                <counts group_id="E1" events="1" subjects_affected="1" subjects_at_risk="36"/>
              </event>
              <event>
                <sub_title>Arm pain</sub_title>
                <counts group_id="E1" events="7" subjects_affected="6" subjects_at_risk="36"/>
              </event>
              <event>
                <sub_title>Trouble sleeping</sub_title>
                <counts group_id="E1" events="1" subjects_affected="1" subjects_at_risk="36"/>
              </event>
              <event>
                <sub_title>Alopecia</sub_title>
                <counts group_id="E1" events="9" subjects_affected="5" subjects_at_risk="36"/>
              </event>
              <event>
                <sub_title>Muscle ache/pain</sub_title>
                <counts group_id="E1" events="2" subjects_affected="2" subjects_at_risk="36"/>
              </event>
              <event>
                <sub_title>Post nasal drip</sub_title>
                <counts group_id="E1" events="1" subjects_affected="1" subjects_at_risk="36"/>
              </event>
              <event>
                <sub_title>Dry oropharynx</sub_title>
                <counts group_id="E1" events="1" subjects_affected="1" subjects_at_risk="36"/>
              </event>
              <event>
                <sub_title>Folliculitis</sub_title>
                <counts group_id="E1" events="1" subjects_affected="1" subjects_at_risk="36"/>
              </event>
              <event>
                <sub_title>Mouth ulcer</sub_title>
                <counts group_id="E1" events="2" subjects_affected="2" subjects_at_risk="36"/>
              </event>
              <event>
                <sub_title>Tooth pain</sub_title>
                <counts group_id="E1" events="2" subjects_affected="2" subjects_at_risk="36"/>
              </event>
              <event>
                <sub_title>Fullness sensation in stomach</sub_title>
                <counts group_id="E1" events="3" subjects_affected="3" subjects_at_risk="36"/>
              </event>
              <event>
                <sub_title>Mouth soreness</sub_title>
                <counts group_id="E1" events="5" subjects_affected="3" subjects_at_risk="36"/>
              </event>
              <event>
                <sub_title>Pain with ambulation</sub_title>
                <counts group_id="E1" events="1" subjects_affected="1" subjects_at_risk="36"/>
              </event>
              <event>
                <sub_title>Esophageal discomfort</sub_title>
                <counts group_id="E1" events="1" subjects_affected="1" subjects_at_risk="36"/>
              </event>
              <event>
                <sub_title>Epistaxis</sub_title>
                <counts group_id="E1" events="13" subjects_affected="8" subjects_at_risk="36"/>
              </event>
              <event>
                <sub_title>Chest pain upon cough</sub_title>
                <counts group_id="E1" events="1" subjects_affected="1" subjects_at_risk="36"/>
              </event>
              <event>
                <sub_title>Sinus congestion</sub_title>
                <counts group_id="E1" events="2" subjects_affected="2" subjects_at_risk="36"/>
              </event>
              <event>
                <sub_title>Anal fissure</sub_title>
                <counts group_id="E1" events="1" subjects_affected="1" subjects_at_risk="36"/>
              </event>
              <event>
                <sub_title>Elevated creatinine level</sub_title>
                <counts group_id="E1" events="3" subjects_affected="3" subjects_at_risk="36"/>
              </event>
              <event>
                <sub_title>Bilateral cracks in lung</sub_title>
                <counts group_id="E1" events="2" subjects_affected="2" subjects_at_risk="36"/>
              </event>
              <event>
                <sub_title>Fullness in abdomen upon cough</sub_title>
                <counts group_id="E1" events="1" subjects_affected="1" subjects_at_risk="36"/>
              </event>
              <event>
                <sub_title>Swollen throat/pharyngeal abscess</sub_title>
                <counts group_id="E1" events="2" subjects_affected="1" subjects_at_risk="36"/>
              </event>
              <event>
                <sub_title>Upper extremity swelling</sub_title>
                <counts group_id="E1" events="1" subjects_affected="1" subjects_at_risk="36"/>
              </event>
              <event>
                <sub_title>Bleeding</sub_title>
                <counts group_id="E1" events="2" subjects_affected="2" subjects_at_risk="36"/>
              </event>
              <event>
                <sub_title>Jaw swelling</sub_title>
                <counts group_id="E1" events="1" subjects_affected="1" subjects_at_risk="36"/>
              </event>
              <event>
                <sub_title>Tongue pain</sub_title>
                <counts group_id="E1" events="3" subjects_affected="2" subjects_at_risk="36"/>
              </event>
              <event>
                <sub_title>Dry mouth</sub_title>
                <counts group_id="E1" events="8" subjects_affected="6" subjects_at_risk="36"/>
              </event>
              <event>
                <sub_title>Periodontal disease</sub_title>
                <counts group_id="E1" events="5" subjects_affected="2" subjects_at_risk="36"/>
              </event>
              <event>
                <sub_title>Leg pain</sub_title>
                <counts group_id="E1" events="6" subjects_affected="6" subjects_at_risk="36"/>
              </event>
              <event>
                <sub_title>Anorexia</sub_title>
                <counts group_id="E1" events="32" subjects_affected="21" subjects_at_risk="36"/>
              </event>
              <event>
                <sub_title>Generalized pain</sub_title>
                <counts group_id="E1" events="3" subjects_affected="3" subjects_at_risk="36"/>
              </event>
              <event>
                <sub_title>Dry mucous membrane</sub_title>
                <counts group_id="E1" events="3" subjects_affected="2" subjects_at_risk="36"/>
              </event>
              <event>
                <sub_title>Throat pain</sub_title>
                <counts group_id="E1" events="14" subjects_affected="7" subjects_at_risk="36"/>
              </event>
              <event>
                <sub_title>Lip pain</sub_title>
                <counts group_id="E1" events="1" subjects_affected="1" subjects_at_risk="36"/>
              </event>
              <event>
                <sub_title>Decreased range of motion</sub_title>
                <counts group_id="E1" events="1" subjects_affected="1" subjects_at_risk="36"/>
              </event>
              <event>
                <sub_title>Abdominal tenderness</sub_title>
                <counts group_id="E1" events="5" subjects_affected="3" subjects_at_risk="36"/>
              </event>
              <event>
                <sub_title>Pelvis pain</sub_title>
                <counts group_id="E1" events="1" subjects_affected="1" subjects_at_risk="36"/>
              </event>
              <event>
                <sub_title>Distension</sub_title>
                <counts group_id="E1" events="5" subjects_affected="4" subjects_at_risk="36"/>
              </event>
              <event>
                <sub_title>Taste alteration</sub_title>
                <counts group_id="E1" events="3" subjects_affected="3" subjects_at_risk="36"/>
              </event>
              <event>
                <sub_title>Thrush</sub_title>
                <counts group_id="E1" events="7" subjects_affected="5" subjects_at_risk="36"/>
              </event>
              <event>
                <sub_title>Ears popping</sub_title>
                <counts group_id="E1" events="1" subjects_affected="1" subjects_at_risk="36"/>
              </event>
              <event>
                <sub_title>Ear pain</sub_title>
                <counts group_id="E1" events="3" subjects_affected="2" subjects_at_risk="36"/>
              </event>
              <event>
                <sub_title>Cracked tooth</sub_title>
                <counts group_id="E1" events="1" subjects_affected="1" subjects_at_risk="36"/>
              </event>
              <event>
                <sub_title>Umbilical hernia</sub_title>
                <counts group_id="E1" events="1" subjects_affected="1" subjects_at_risk="36"/>
              </event>
              <event>
                <sub_title>Hot flashes</sub_title>
                <counts group_id="E1" events="1" subjects_affected="1" subjects_at_risk="36"/>
              </event>
              <event>
                <sub_title>Obesity</sub_title>
                <counts group_id="E1" events="2" subjects_affected="2" subjects_at_risk="36"/>
              </event>
              <event>
                <sub_title>Reducible central hernia</sub_title>
                <counts group_id="E1" events="1" subjects_affected="1" subjects_at_risk="36"/>
              </event>
              <event>
                <sub_title>Tremor</sub_title>
                <counts group_id="E1" events="2" subjects_affected="2" subjects_at_risk="36"/>
              </event>
              <event>
                <sub_title>Cold sore</sub_title>
                <counts group_id="E1" events="1" subjects_affected="1" subjects_at_risk="36"/>
              </event>
              <event>
                <sub_title>Hypoxia</sub_title>
                <counts group_id="E1" events="6" subjects_affected="3" subjects_at_risk="36"/>
              </event>
              <event>
                <sub_title>Decreased electrolytes</sub_title>
                <counts group_id="E1" events="1" subjects_affected="1" subjects_at_risk="36"/>
              </event>
              <event>
                <sub_title>Sinus pain</sub_title>
                <counts group_id="E1" events="1" subjects_affected="1" subjects_at_risk="36"/>
              </event>
              <event>
                <sub_title>Acute infusion reaction</sub_title>
                <counts group_id="E1" events="3" subjects_affected="3" subjects_at_risk="36"/>
              </event>
              <event>
                <sub_title>Hemhorrage</sub_title>
                <counts group_id="E1" events="13" subjects_affected="5" subjects_at_risk="36"/>
              </event>
              <event>
                <sub_title>Increased alkaline phosphatase</sub_title>
                <counts group_id="E1" events="2" subjects_affected="2" subjects_at_risk="36"/>
              </event>
              <event>
                <sub_title>Increased alanine aminotransferase</sub_title>
                <counts group_id="E1" events="3" subjects_affected="2" subjects_at_risk="36"/>
              </event>
              <event>
                <sub_title>Weight gain</sub_title>
                <counts group_id="E1" events="1" subjects_affected="1" subjects_at_risk="36"/>
              </event>
              <event>
                <sub_title>Knee pain</sub_title>
                <counts group_id="E1" events="2" subjects_affected="2" subjects_at_risk="36"/>
              </event>
              <event>
                <sub_title>Rhinitis</sub_title>
                <counts group_id="E1" events="3" subjects_affected="3" subjects_at_risk="36"/>
              </event>
              <event>
                <sub_title>Change in signature</sub_title>
                <counts group_id="E1" events="1" subjects_affected="1" subjects_at_risk="36"/>
              </event>
              <event>
                <sub_title>Jaw pain</sub_title>
                <counts group_id="E1" events="1" subjects_affected="1" subjects_at_risk="36"/>
              </event>
              <event>
                <sub_title>Blister on tongue</sub_title>
                <counts group_id="E1" events="8" subjects_affected="1" subjects_at_risk="36"/>
              </event>
              <event>
                <sub_title>MSSA VRE (infection)</sub_title>
                <counts group_id="E1" events="1" subjects_affected="1" subjects_at_risk="36"/>
              </event>
              <event>
                <sub_title>Increased INR (international normalized ratio)</sub_title>
                <counts group_id="E1" events="7" subjects_affected="2" subjects_at_risk="36"/>
              </event>
              <event>
                <sub_title>Increased PTT (partial thromboblastin time)</sub_title>
                <counts group_id="E1" events="7" subjects_affected="3" subjects_at_risk="36"/>
              </event>
              <event>
                <sub_title>Sinusitis</sub_title>
                <counts group_id="E1" events="1" subjects_affected="1" subjects_at_risk="36"/>
              </event>
              <event>
                <sub_title>Facial pain</sub_title>
                <counts group_id="E1" events="3" subjects_affected="2" subjects_at_risk="36"/>
              </event>
              <event>
                <sub_title>Vaginal bleeding</sub_title>
                <counts group_id="E1" events="2" subjects_affected="1" subjects_at_risk="36"/>
              </event>
              <event>
                <sub_title>General incontinence</sub_title>
                <counts group_id="E1" events="3" subjects_affected="2" subjects_at_risk="36"/>
              </event>
              <event>
                <sub_title>Hemorrhoid pain</sub_title>
                <counts group_id="E1" events="3" subjects_affected="2" subjects_at_risk="36"/>
              </event>
              <event>
                <sub_title>Mouth pain</sub_title>
                <counts group_id="E1" events="7" subjects_affected="2" subjects_at_risk="36"/>
              </event>
              <event>
                <sub_title>Dehydration</sub_title>
                <counts group_id="E1" events="7" subjects_affected="6" subjects_at_risk="36"/>
              </event>
              <event>
                <sub_title>Groin pain</sub_title>
                <counts group_id="E1" events="6" subjects_affected="1" subjects_at_risk="36"/>
              </event>
              <event>
                <sub_title>Increased PT (prothrombin time)</sub_title>
                <counts group_id="E1" events="9" subjects_affected="1" subjects_at_risk="36"/>
              </event>
              <event>
                <sub_title>Hemorrhoids</sub_title>
                <counts group_id="E1" events="1" subjects_affected="1" subjects_at_risk="36"/>
              </event>
              <event>
                <sub_title>Hiccups</sub_title>
                <counts group_id="E1" events="1" subjects_affected="1" subjects_at_risk="36"/>
              </event>
              <event>
                <sub_title>Abdominal cramping</sub_title>
                <counts group_id="E1" events="1" subjects_affected="1" subjects_at_risk="36"/>
              </event>
              <event>
                <sub_title>Esophagitis</sub_title>
                <counts group_id="E1" events="2" subjects_affected="1" subjects_at_risk="36"/>
              </event>
              <event>
                <sub_title>Restlessness in legs</sub_title>
                <counts group_id="E1" events="1" subjects_affected="1" subjects_at_risk="36"/>
              </event>
              <event>
                <sub_title>Gram-negative bacteria</sub_title>
                <counts group_id="E1" events="2" subjects_affected="1" subjects_at_risk="36"/>
              </event>
            </event_list>
          </category>
          <category>
            <title>Hepatobiliary disorders</title>
            <event_list>
              <event>
                <sub_title>Increased LFTs</sub_title>
                <counts group_id="E1" events="1" subjects_affected="1" subjects_at_risk="36"/>
              </event>
              <event>
                <sub_title>Increased aspartate aminotransferase</sub_title>
                <counts group_id="E1" events="7" subjects_affected="4" subjects_at_risk="36"/>
              </event>
              <event>
                <sub_title>Decreased fibrinogen</sub_title>
                <counts group_id="E1" events="4" subjects_affected="3" subjects_at_risk="36"/>
              </event>
              <event>
                <sub_title>Low creatinine</sub_title>
                <counts group_id="E1" events="2" subjects_affected="2" subjects_at_risk="36"/>
              </event>
              <event>
                <sub_title>High creatinine</sub_title>
                <counts group_id="E1" events="1" subjects_affected="1" subjects_at_risk="36"/>
              </event>
            </event_list>
          </category>
          <category>
            <title>Immune system disorders</title>
            <event_list>
              <event>
                <sub_title>Sepsis</sub_title>
                <counts group_id="E1" events="4" subjects_affected="4" subjects_at_risk="36"/>
              </event>
            </event_list>
          </category>
          <category>
            <title>Infections and infestations</title>
            <event_list>
              <event>
                <sub_title>Infection</sub_title>
                <counts group_id="E1" events="22" subjects_affected="15" subjects_at_risk="36"/>
              </event>
              <event>
                <sub_title>Blood infection</sub_title>
                <counts group_id="E1" events="2" subjects_affected="1" subjects_at_risk="36"/>
              </event>
              <event>
                <sub_title>Yeast infection</sub_title>
                <counts group_id="E1" events="1" subjects_affected="1" subjects_at_risk="36"/>
              </event>
            </event_list>
          </category>
          <category>
            <title>Metabolism and nutrition disorders</title>
            <event_list>
              <event>
                <sub_title>Diabetes</sub_title>
                <counts group_id="E1" events="1" subjects_affected="1" subjects_at_risk="36"/>
              </event>
            </event_list>
          </category>
          <category>
            <title>Musculoskeletal and connective tissue disorders</title>
            <event_list>
              <event>
                <sub_title>Joint pain/stiffness</sub_title>
                <counts group_id="E1" events="2" subjects_affected="2" subjects_at_risk="36"/>
              </event>
              <event>
                <sub_title>Decreased musculature</sub_title>
                <counts group_id="E1" events="1" subjects_affected="1" subjects_at_risk="36"/>
              </event>
              <event>
                <sub_title>Muscle weakness</sub_title>
                <counts group_id="E1" events="3" subjects_affected="3" subjects_at_risk="36"/>
              </event>
              <event>
                <sub_title>Spinal change</sub_title>
                <counts group_id="E1" events="1" subjects_affected="1" subjects_at_risk="36"/>
              </event>
              <event>
                <sub_title>Muscle spasm</sub_title>
                <counts group_id="E1" events="1" subjects_affected="1" subjects_at_risk="36"/>
              </event>
              <event>
                <sub_title>Muscular atrophy</sub_title>
                <counts group_id="E1" events="2" subjects_affected="1" subjects_at_risk="36"/>
              </event>
            </event_list>
          </category>
          <category>
            <title>Nervous system disorders</title>
            <event_list>
              <event>
                <sub_title>Neuropathy</sub_title>
                <counts group_id="E1" events="5" subjects_affected="4" subjects_at_risk="36"/>
              </event>
              <event>
                <sub_title>Numbness/tingling</sub_title>
                <counts group_id="E1" events="4" subjects_affected="4" subjects_at_risk="36"/>
              </event>
              <event>
                <sub_title>Saddle anesthesia</sub_title>
                <counts group_id="E1" events="1" subjects_affected="1" subjects_at_risk="36"/>
              </event>
            </event_list>
          </category>
          <category>
            <title>Psychiatric disorders</title>
            <event_list>
              <event>
                <sub_title>Anxiety</sub_title>
                <counts group_id="E1" events="25" subjects_affected="13" subjects_at_risk="36"/>
              </event>
              <event>
                <sub_title>Mental status change/confusion</sub_title>
                <counts group_id="E1" events="2" subjects_affected="2" subjects_at_risk="36"/>
              </event>
              <event>
                <sub_title>Depression</sub_title>
                <counts group_id="E1" events="6" subjects_affected="4" subjects_at_risk="36"/>
              </event>
              <event>
                <sub_title>Hallucinations</sub_title>
                <counts group_id="E1" events="2" subjects_affected="2" subjects_at_risk="36"/>
              </event>
              <event>
                <sub_title>Flat affect</sub_title>
                <counts group_id="E1" events="3" subjects_affected="1" subjects_at_risk="36"/>
              </event>
            </event_list>
          </category>
          <category>
            <title>Renal and urinary disorders</title>
            <event_list>
              <event>
                <sub_title>Urinary frequency</sub_title>
                <counts group_id="E1" events="8" subjects_affected="8" subjects_at_risk="36"/>
              </event>
              <event>
                <sub_title>Urinary incontinence</sub_title>
                <counts group_id="E1" events="3" subjects_affected="3" subjects_at_risk="36"/>
              </event>
              <event>
                <sub_title>Low urine output</sub_title>
                <counts group_id="E1" events="1" subjects_affected="1" subjects_at_risk="36"/>
              </event>
              <event>
                <sub_title>Hematuria</sub_title>
                <counts group_id="E1" events="3" subjects_affected="3" subjects_at_risk="36"/>
              </event>
              <event>
                <sub_title>Bladder spasm</sub_title>
                <counts group_id="E1" events="1" subjects_affected="1" subjects_at_risk="36"/>
              </event>
              <event>
                <sub_title>Urinary retention</sub_title>
                <counts group_id="E1" events="1" subjects_affected="1" subjects_at_risk="36"/>
              </event>
              <event>
                <sub_title>Dysuria</sub_title>
                <counts group_id="E1" events="2" subjects_affected="1" subjects_at_risk="36"/>
              </event>
            </event_list>
          </category>
          <category>
            <title>Respiratory, thoracic and mediastinal disorders</title>
            <event_list>
              <event>
                <sub_title>Dyspnea</sub_title>
                <counts group_id="E1" events="31" subjects_affected="19" subjects_at_risk="36"/>
              </event>
              <event>
                <sub_title>Respiratory distress</sub_title>
                <counts group_id="E1" events="1" subjects_affected="1" subjects_at_risk="36"/>
              </event>
              <event>
                <sub_title>Pleural effusion</sub_title>
                <counts group_id="E1" events="4" subjects_affected="4" subjects_at_risk="36"/>
              </event>
              <event>
                <sub_title>Pneumonia</sub_title>
                <counts group_id="E1" events="2" subjects_affected="2" subjects_at_risk="36"/>
              </event>
              <event>
                <sub_title>Breathing difficulty</sub_title>
                <counts group_id="E1" events="1" subjects_affected="1" subjects_at_risk="36"/>
              </event>
              <event>
                <sub_title>Lobar pneumonia</sub_title>
                <counts group_id="E1" events="1" subjects_affected="1" subjects_at_risk="36"/>
              </event>
              <event>
                <sub_title>Wheezing</sub_title>
                <counts group_id="E1" events="7" subjects_affected="3" subjects_at_risk="36"/>
              </event>
              <event>
                <sub_title>Coarse lung sounds</sub_title>
                <counts group_id="E1" events="4" subjects_affected="3" subjects_at_risk="36"/>
              </event>
              <event>
                <sub_title>Decreased breath sounds</sub_title>
                <counts group_id="E1" events="3" subjects_affected="3" subjects_at_risk="36"/>
              </event>
              <event>
                <sub_title>Pulmonary nodules</sub_title>
                <counts group_id="E1" events="1" subjects_affected="1" subjects_at_risk="36"/>
              </event>
              <event>
                <sub_title>Pericardial effusion</sub_title>
                <counts group_id="E1" events="1" subjects_affected="1" subjects_at_risk="36"/>
              </event>
            </event_list>
          </category>
          <category>
            <title>Skin and subcutaneous tissue disorders</title>
            <event_list>
              <event>
                <sub_title>Rash</sub_title>
                <counts group_id="E1" events="35" subjects_affected="23" subjects_at_risk="36"/>
              </event>
              <event>
                <sub_title>Edema</sub_title>
                <counts group_id="E1" events="55" subjects_affected="28" subjects_at_risk="36"/>
              </event>
              <event>
                <sub_title>Cellultitis</sub_title>
                <counts group_id="E1" events="1" subjects_affected="1" subjects_at_risk="36"/>
              </event>
              <event>
                <sub_title>Bruising</sub_title>
                <counts group_id="E1" events="11" subjects_affected="8" subjects_at_risk="36"/>
              </event>
              <event>
                <sub_title>Ecchymosis</sub_title>
                <counts group_id="E1" events="2" subjects_affected="2" subjects_at_risk="36"/>
              </event>
              <event>
                <sub_title>Itching</sub_title>
                <counts group_id="E1" events="14" subjects_affected="12" subjects_at_risk="36"/>
              </event>
              <event>
                <sub_title>Hematoma</sub_title>
                <counts group_id="E1" events="1" subjects_affected="1" subjects_at_risk="36"/>
              </event>
              <event>
                <sub_title>Petechiae</sub_title>
                <counts group_id="E1" events="10" subjects_affected="6" subjects_at_risk="36"/>
              </event>
              <event>
                <sub_title>Erythema</sub_title>
                <counts group_id="E1" events="16" subjects_affected="9" subjects_at_risk="36"/>
              </event>
              <event>
                <sub_title>Redness at PICC site</sub_title>
                <counts group_id="E1" events="2" subjects_affected="2" subjects_at_risk="36"/>
              </event>
              <event>
                <sub_title>Flushing</sub_title>
                <counts group_id="E1" events="2" subjects_affected="2" subjects_at_risk="36"/>
              </event>
              <event>
                <sub_title>Xanthoma</sub_title>
                <counts group_id="E1" events="1" subjects_affected="1" subjects_at_risk="36"/>
              </event>
              <event>
                <sub_title>Hyperpigmentation</sub_title>
                <counts group_id="E1" events="1" subjects_affected="1" subjects_at_risk="36"/>
              </event>
              <event>
                <sub_title>Hives</sub_title>
                <counts group_id="E1" events="2" subjects_affected="2" subjects_at_risk="36"/>
              </event>
              <event>
                <sub_title>Purpura</sub_title>
                <counts group_id="E1" events="3" subjects_affected="1" subjects_at_risk="36"/>
              </event>
              <event>
                <sub_title>Macular rash</sub_title>
                <counts group_id="E1" events="1" subjects_affected="1" subjects_at_risk="36"/>
              </event>
              <event>
                <sub_title>Dry skin</sub_title>
                <counts group_id="E1" events="1" subjects_affected="1" subjects_at_risk="36"/>
              </event>
            </event_list>
          </category>
        </category_list>
      </other_events>
    </reported_events>

    <certain_agreements>
      <pi_employee>All Principal Investigators ARE employed by the organization sponsoring the study.</pi_employee>
      <restrictive_agreement>There is NOT an agreement between Principal Investigators and the Sponsor (or its agents) that restricts the PI's rights to discuss or publish trial results after the trial is completed. </restrictive_agreement>
    </certain_agreements>
    <point_of_contact>
      <name_or_title>Margaret Kasner, MD</name_or_title>
      <organization>Thomas Jefferson University</organization>
      <phone>215-955-8874</phone>
      <email>Margaret.Kasner@jefferson.edu</email>
    </point_of_contact>
  </clinical_results>
</clinical_study>

