<?xml version="1.0" encoding="UTF-8"?>
<clinical_study rank="252">
  <!-- This xml conforms to an XML Schema at:
    https://clinicaltrials.gov/ct2/html/images/info/public.xsd -->
  <required_header>
    <download_date>ClinicalTrials.gov processed this data on February 06, 2024</download_date>
    <link_text>Link to the current ClinicalTrials.gov record.</link_text>
    <url>https://clinicaltrials.gov/ct2/show/NCT03138395</url>
  </required_header>
  <id_info>
    <org_study_id>IRB201700351</org_study_id>
    <secondary_id>iCare3</secondary_id>
    <secondary_id>15963</secondary_id>
    <nct_id>NCT03138395</nct_id>
  </id_info>
  <brief_title>iCare3: Monitoring Circulating Cancer DNA After Chemotherapy in MDS and AML</brief_title>
  <acronym>iCare3</acronym>
  <official_title>Predicting Disease Relapse by Monitoring Circulating Cancer DNA After Chemotherapy in Patients With MDS and AML</official_title>
  <sponsors>
    <lead_sponsor>
      <agency>University of Florida</agency>
      <agency_class>Other</agency_class>
    </lead_sponsor>
  </sponsors>
  <source>University of Florida</source>
  <oversight_info>
    <has_dmc>Yes</has_dmc>
    <is_fda_regulated_drug>No</is_fda_regulated_drug>
    <is_fda_regulated_device>No</is_fda_regulated_device>
  </oversight_info>
  <brief_summary>
    <textblock>
      This study will use droplet digital PCR (ddPCR) method to quantify and track peripheral blood&#xD;
      plasma mutant allele frequency (MAF) in MDS and AML patients before, during and after&#xD;
      chemotherapy treatment. Quantification of MAF from fingersticks and saliva samples will also&#xD;
      be performed to determine feasibility of obtaining adequate circulating tumor DNA (ctDNA) for&#xD;
      ddPCR.&#xD;
    </textblock>
  </brief_summary>
  <detailed_description>
    <textblock>
      The greatest challenge in cancer is relapsed disease. Despite best available therapies,&#xD;
      approximately 20% of acute myeloid leukemia (AML) patients and 80% of myelodysplastic&#xD;
      syndrome (MDS) patients die of relapsed disease. Minimal residual disease (MRD) is the main&#xD;
      predictor of refractory disease following chemotherapy. In AML and MDS patients, mutant&#xD;
      allele frequency (MAF) associates with future occurrence of relapse. Current oncology&#xD;
      practice relies on painful bone marrow biopsies and light microscopy to monitor disease&#xD;
      progression, remission, and relapse. Because of the bias in disease sampling and low&#xD;
      sensitivity testing, there is an urgent need for a higher sensitivity test to monitor the&#xD;
      tumor burden in these patients. The Investigator developed a rapid and ultrahigh sensitivity&#xD;
      method to detect cancer-associated mutant alleles. This study will use our droplet digital&#xD;
      PCR (ddPCR) method to quantify and track peripheral blood plasma MAF in MDS and AML patients&#xD;
      before, during and after chemotherapy treatment. Quantification of MAF from fingersticks and&#xD;
      saliva samples will also be performed to determine feasibility of obtaining adequate&#xD;
      circulating tumor DNA (ctDNA) for ddPCR. Results from this project will generate a&#xD;
      non-invasive means to monitor cancer response and progression months before current clinical&#xD;
      methods, and provide an opportunity to intervene before the patient relapses. Furthermore,&#xD;
      establishing a quantitative method to measure cancer burden will empower clinical researchers&#xD;
      to measure biological activity in phase II and III clinical trials of new therapeutic agents.&#xD;
    </textblock>
  </detailed_description>
  <overall_status>Withdrawn</overall_status>
  <why_stopped>
    Study design modified to collect specimens from a bank requiring a separate IRB-approved&#xD;
    protocol.&#xD;
  </why_stopped>
  <start_date type="Anticipated">September 15, 2017</start_date>
  <completion_date type="Anticipated">August 15, 2019</completion_date>
  <primary_completion_date type="Anticipated">February 15, 2018</primary_completion_date>
  <study_type>Observational</study_type>
  <has_expanded_access>No</has_expanded_access>
  <study_design_info>
    <observational_model>Cohort</observational_model>
    <time_perspective>Prospective</time_perspective>
  </study_design_info>
  <primary_outcome>
    <measure>Number of Myeloid Mutations</measure>
    <time_frame>1 year</time_frame>
    <description>To count the number of myeloid mutations with the use of a droplet digital PCR (ddPCR) method which will quantify and track peripheral blood plasma, finger stick blood sample, and saliva mutant allele frequency (MAF) in myelodysplastic syndrome (MDS) and acute myeloid leukemia (AML) patients before, during and after chemotherapy treatment.</description>
  </primary_outcome>
  <secondary_outcome>
    <measure>Number of Myeloid Mutations in circulating DNA tumor (ctDNA) mutations</measure>
    <time_frame>1 year</time_frame>
    <description>To count the number myeloid mutations in ctDNA through the collection of serial samples from AML and MDS patients to determine minimal residual disease (MRD) or relapse free survival.</description>
  </secondary_outcome>
  <secondary_outcome>
    <measure>Mutant Allele Frequency (MAF) Ratio</measure>
    <time_frame>1 year</time_frame>
    <description>To count the overall number of finger stick and saliva ctDNA MAF and compare it to the overall number of peripheral blood and bone marrow MAF.</description>
  </secondary_outcome>
  <number_of_groups>1</number_of_groups>
  <enrollment type="Actual">0</enrollment>
  <condition>Acute Leukemia</condition>
  <condition>Myelodysplastic Syndromes</condition>
  <condition>AML</condition>
  <condition>MDS</condition>
  <arm_group>
    <arm_group_label>Experimental: Specimen Collection</arm_group_label>
    <description>Collection of peripheral blood and bone marrow samples will occur during routine care procedures. Collection of finger stick and saliva specimens will occur on the same day as the peripheral blood and bone marrow procedure, or during routine clinical procedures.</description>
  </arm_group>
  <intervention>
    <intervention_type>Diagnostic Test</intervention_type>
    <intervention_name>droplet digital PCR</intervention_name>
    <description>This study will use our droplet digital PCR (ddPCR) method to quantify and track peripheral blood plasma MAF in MDS and AML patients before, during and after chemotherapy treatment. Quantification of MAF from fingersticks and saliva samples will also be performed to determine feasibility of obtaining adequate circulating tumor DNA (ctDNA) for ddPCR. Results from this project will generate a non-invasive means to monitor cancer response and progression months before current clinical methods, and provide an opportunity to intervene before the patient relapses.</description>
    <arm_group_label>Experimental: Specimen Collection</arm_group_label>
    <other_name>ddPCR</other_name>
  </intervention>
  <biospec_retention>Samples With DNA</biospec_retention>
  <biospec_descr>
    <textblock>
      -  venipuncture peripheral blood&#xD;
&#xD;
        -  bone marrow&#xD;
&#xD;
        -  finger stick peripheral blood&#xD;
&#xD;
        -  saliva&#xD;
    </textblock>
  </biospec_descr>
  <eligibility>
    <study_pop>
      <textblock>
        AML and MDS patients who have already consented or prospectively consent to participate on&#xD;
        iCare for Cancer (IRB 201500073) and the Malignant Hematology Bank (IRB 201501063) to&#xD;
        participate in this study.&#xD;
      </textblock>
    </study_pop>
    <sampling_method>Non-Probability Sample</sampling_method>
    <criteria>
      <textblock>
        Inclusion Criteria:&#xD;
&#xD;
          -  Clinical diagnosis of MDS or AML;&#xD;
&#xD;
          -  Have previously consented or prospectively consent to participate in iCare for Cancer&#xD;
             (IRB201500073) and the Malignant Hematology Bank (IRB201501063); and&#xD;
&#xD;
          -  Must be 18 years of age or older.&#xD;
&#xD;
        Exclusion Criteria:&#xD;
&#xD;
          -  Have not previously consented or prospectively consent to participate in iCare for&#xD;
             Cancer (IRB201500073) and the Malignant Hematology Bank (IRB201501063); and&#xD;
&#xD;
          -  Must be 100 years of age or less.&#xD;
      </textblock>
    </criteria>
    <gender>All</gender>
    <minimum_age>18 Years</minimum_age>
    <maximum_age>100 Years</maximum_age>
  </eligibility>
  <overall_official>
    <last_name>Leylah Drusbosky, PhD</last_name>
    <role>Principal Investigator</role>
    <affiliation>University of Florida</affiliation>
  </overall_official>
  <removed_countries>
    <country>United States</country>
  </removed_countries>
  <verification_date>August 2017</verification_date>
  <study_first_submitted>April 25, 2017</study_first_submitted>
  <study_first_submitted_qc>April 28, 2017</study_first_submitted_qc>
  <study_first_posted type="Actual">May 3, 2017</study_first_posted>
  <last_update_submitted>August 29, 2017</last_update_submitted>
  <last_update_submitted_qc>August 29, 2017</last_update_submitted_qc>
  <last_update_posted type="Actual">August 31, 2017</last_update_posted>
  <responsible_party>
    <responsible_party_type>Sponsor</responsible_party_type>
  </responsible_party>
  <keyword>acute myeloid leukemia</keyword>
  <keyword>myelodysplastic syndrome</keyword>
  <keyword>relapse</keyword>
  <keyword>PCR</keyword>
  <keyword>droplet digital</keyword>
  <keyword>polymerase chain reaction</keyword>
  <condition_browse>
    <!-- CAUTION:  The following MeSH terms are assigned with an imperfect algorithm            -->
    <mesh_term>Preleukemia</mesh_term>
    <mesh_term>Myelodysplastic Syndromes</mesh_term>
  </condition_browse>
  <patient_data>
    <sharing_ipd>No</sharing_ipd>
  </patient_data>
  <!-- Results have not yet been posted for this study                                          -->
</clinical_study>

