<?xml version="1.0" encoding="UTF-8"?>
<clinical_study rank="267">
  <!-- This xml conforms to an XML Schema at:
    https://clinicaltrials.gov/ct2/html/images/info/public.xsd -->
  <required_header>
    <download_date>ClinicalTrials.gov processed this data on February 06, 2024</download_date>
    <link_text>Link to the current ClinicalTrials.gov record.</link_text>
    <url>https://clinicaltrials.gov/ct2/show/NCT05944211</url>
  </required_header>
  <id_info>
    <org_study_id>22-OBU-SH-CIT-II-001</org_study_id>
    <nct_id>NCT05944211</nct_id>
  </id_info>
  <brief_title>Hetrombopag for the Treatment of Chemotherapy-Induced Thrombocytopenia(CIT) in Patients With Acute Myeloid Leukemia</brief_title>
  <acronym>H-CIT-AML</acronym>
  <official_title>A Randomized, Controlled Study on the Efficacy and Safety of Hetrombopag in the Treatment of Chemotherapy-induced Thrombocytopenia(CIT) in Patients With Acute Myeloid Leukemia</official_title>
  <sponsors>
    <lead_sponsor>
      <agency>RenJi Hospital</agency>
      <agency_class>Other</agency_class>
    </lead_sponsor>
    <collaborator>
      <agency>Jiangsu HengRui Medicine Co., Ltd.</agency>
      <agency_class>Industry</agency_class>
    </collaborator>
  </sponsors>
  <source>RenJi Hospital</source>
  <oversight_info>
    <is_fda_regulated_drug>No</is_fda_regulated_drug>
    <is_fda_regulated_device>No</is_fda_regulated_device>
  </oversight_info>
  <brief_summary>
    <textblock>
      Randomized, controlled, open study to evaluate the efficacy and safety of Hetrombopag in the&#xD;
      treatment of chemotherapy-induced thrombocytopenia(CIT) in patients with acute myeloid&#xD;
      leukemia&#xD;
    </textblock>
  </brief_summary>
  <detailed_description>
    <textblock>
      This study is a prospective, single center, randomized, controlled and open clinical trial&#xD;
      initiated by the researchers to evaluate the efficacy and safety of Hetrombopag in the&#xD;
      treatment of thrombocytopenia caused by chemotherapy in acute myeloid leukemia. The study&#xD;
      focuses on acute myeloid leukemia patients aged 18-70 who have completed induction&#xD;
      chemotherapy and achieved complete remission, and have received ≤ 1 course of intensive&#xD;
      therapy for consolidation. Patients were randomly divided into the treatment group and the&#xD;
      control group through the random number table by 1:1. The treatment group received&#xD;
      Hetrombopag and platelet transfusion, and the control group did not receive other platelet&#xD;
      raising therapy except platelet transfusion. The study used the proportion of subjects with&#xD;
      effective treatment during the randomized treatment period as the main efficacy indicator. 72&#xD;
      patients are planned to be enrolled, with treatment group and control group=1:1.&#xD;
    </textblock>
  </detailed_description>
  <overall_status>Not yet recruiting</overall_status>
  <start_date type="Anticipated">July 2023</start_date>
  <completion_date type="Anticipated">January 2027</completion_date>
  <primary_completion_date type="Anticipated">July 2026</primary_completion_date>
  <phase>Phase 2</phase>
  <study_type>Interventional</study_type>
  <has_expanded_access>No</has_expanded_access>
  <study_design_info>
    <allocation>Randomized</allocation>
    <intervention_model>Parallel Assignment</intervention_model>
    <primary_purpose>Treatment</primary_purpose>
    <masking>None (Open Label)</masking>
  </study_design_info>
  <primary_outcome>
    <measure>Days that platelet count firstly rebound to 100×109/L</measure>
    <time_frame>Randomization up to 28 days</time_frame>
  </primary_outcome>
  <secondary_outcome>
    <measure>Days that platelet count firstly rebound to 50×109/L</measure>
    <time_frame>Randomization up to 28 days</time_frame>
  </secondary_outcome>
  <secondary_outcome>
    <measure>The median dose and duration of hetrombopag from starting treatment to platelet count ≥100×109/L</measure>
    <time_frame>Randomization up to 28 days</time_frame>
  </secondary_outcome>
  <secondary_outcome>
    <measure>The minimum platelet count at the chemotherapy cycle</measure>
    <time_frame>Randomization up to 28 days</time_frame>
  </secondary_outcome>
  <secondary_outcome>
    <measure>The lasting days of platelet count below 50×109/L at the chemotherapy cycle</measure>
    <time_frame>Randomization up to 28 days</time_frame>
  </secondary_outcome>
  <secondary_outcome>
    <measure>The lasting days of platelet count below 25×109/L at the chemotherapy cycle</measure>
    <time_frame>Randomization up to 28 days</time_frame>
  </secondary_outcome>
  <secondary_outcome>
    <measure>The number of platelet transfusions at the chemotherapy cycle</measure>
    <time_frame>Randomization up to 28 days</time_frame>
  </secondary_outcome>
  <number_of_arms>2</number_of_arms>
  <enrollment type="Anticipated">72</enrollment>
  <condition>Chemotherapy-Induced Thrombocytopenia</condition>
  <arm_group>
    <arm_group_label>Hetrombopag</arm_group_label>
    <arm_group_type>Experimental</arm_group_type>
    <description>The study in a 1:1 randomization ratio (36 subjects to experimental group). The treatment group received Herteppa Ethanolamine tablets and platelet transfusion.</description>
  </arm_group>
  <arm_group>
    <arm_group_label>Control</arm_group_label>
    <arm_group_type>No Intervention</arm_group_type>
    <description>The study in a 1:1 randomization ratio (36 subjects to control group). The control group did not receive other platelet raising therapy except platelet transfusion.</description>
  </arm_group>
  <intervention>
    <intervention_type>Drug</intervention_type>
    <intervention_name>Hetrombopag Olamine</intervention_name>
    <description>The subjects will initiate treatment with 7.5 mg hetrombopag once a day, starting orally 24 hours after the end of chemotherapy. Platelet counts is obtained weekly and dose adjustment should be done according to platelet counts once every two weeks, and maximum dose should not exceed 15 mg daily. Subjects whose platelet count &lt;25×109/L for 2 weeks, the hetrombopag dose will be increased by 2.5mg. If subjects whose platelet count ≥100×109/L or who had received hetrombopag for 28 days, hetrombopag can be stopped. Hetrombopag Olamine is sponsored by Jiangsu Hengrui Pharmaceuticals Co., Ltd.&#xD;
Emergency treatment: When the platelet count was less than 20×109/L, platelet transfusion was given according to the evaluation of the investigator.</description>
    <arm_group_label>Hetrombopag</arm_group_label>
  </intervention>
  <eligibility>
    <criteria>
      <textblock>
        Inclusion Criteria:&#xD;
&#xD;
          -  Ages 18-70;&#xD;
&#xD;
          -  Participant with a histologically or cytologically confirmed acute myeloid leukemia in&#xD;
             complete remission (PLT≥100×109/L) (except acute promyelocytic leukemia);&#xD;
&#xD;
          -  Participant who have completed induction therapy and achieved complete remission, have&#xD;
             received ≤1 course of intensive consolidation chemotherapy, and will continue to&#xD;
             receive intensive consolidation or maintenance chemotherapy;&#xD;
&#xD;
          -  Intensive chemotherapy after complete remission including: high-dose or medium-dose&#xD;
             cytarabine chemotherapy (1-1.5g/m2 q12h×3 days), standard-dose chemotherapy&#xD;
             (cytarabine combined with anthracycline/anthraquinones, HHT, pohyllotoxin, etc.);&#xD;
&#xD;
          -  Participant whose Expected survival time ≥3 months, and who can receive at least 2&#xD;
             cycles of intensive chemotherapy;&#xD;
&#xD;
          -  ECOG performance status &lt;=2;&#xD;
&#xD;
          -  Participants of childbearing age who agree to use reliable contraceptive methods;&#xD;
&#xD;
          -  Patients signed the informed consent form and volunteered to participate in this study&#xD;
             with good compliance;&#xD;
&#xD;
        Exclusion Criteria:&#xD;
&#xD;
          -  Participant has any history of hematologic diseases other than chemotherapy-induced&#xD;
             thrombocytopenia;&#xD;
&#xD;
          -  Participant has a history of arterial or venous thrombosis within 6 months before&#xD;
             screening (stroke, transient ischemic attack, myocardial infarction, deep vein&#xD;
             thrombosis, or pulmonary embolism), or has clinical symptoms and medical history&#xD;
             suggestive of thrombophilia;&#xD;
&#xD;
          -  Participant has a history of severe cardiovascular disease within 6 months before&#xD;
             screening, such as congestive heart failure (NYHA class III-IV), arrhythmia known to&#xD;
             increase the risk of thromboembolism (atrial fibrillation), post-coronary stent&#xD;
             implantation, angioplasty, or coronary artery bypass grafting;&#xD;
&#xD;
          -  Known human immunodeficiency virus infection,or hepatitis C infection (if hepatitis B&#xD;
             surface antigen is positive, or hepatitis B surface antigen is negative but hepatitis&#xD;
             B core antibody is positive, HBV-DNA testing is required, if virus replication is&#xD;
             suggested, the subject should be excluded);&#xD;
&#xD;
          -  Abnormal liver function (TBL&gt;3xULN; alanine aminotransferase [ALT] or aspartate&#xD;
             aminotransferase [AST]&gt;3xULN);&#xD;
&#xD;
          -  Abnormal renal function with serum creatinine&gt;1.5xULN or creatinine clearance ≤ 60&#xD;
             ml/min using Cockcroft-Gault estimated creatinine clearance;&#xD;
&#xD;
          -  Pregnant or lactating women, or those planning to receive/give birth in the near 6&#xD;
             months;&#xD;
&#xD;
          -  Participant participated in other clinical trials within 3 months before enrollment;&#xD;
&#xD;
          -  Previous use of thrombopoietin receptor agonist (TPO-RA), recombinant human TPO,&#xD;
             recombinant human interleukin-11(rhlL-11) within 1 month before screening;&#xD;
&#xD;
          -  Received platelet transfusions within 3 days before enrollment;&#xD;
&#xD;
          -  Patients with known or expected allergy or intolerance to the active ingredient or&#xD;
             excipients of hetrombopag;&#xD;
&#xD;
          -  Inability to understand the nature of the study or failure to obtain informed consent;&#xD;
&#xD;
          -  The investigator considers that there are any other conditions that may prevent the&#xD;
             subject from completing the study or present a significant risk to the subject;&#xD;
      </textblock>
    </criteria>
    <gender>All</gender>
    <minimum_age>18 Years</minimum_age>
    <maximum_age>70 Years</maximum_age>
    <healthy_volunteers>No</healthy_volunteers>
  </eligibility>
  <overall_official>
    <last_name>Xiaofeng Han, MD.,Ph.D</last_name>
    <role>Principal Investigator</role>
    <affiliation>Renji Hospital Affiliated to Shanghai Jiao Tong University School of Medicine</affiliation>
  </overall_official>
  <overall_official>
    <last_name>Yi Fang, MD.,Ph.D</last_name>
    <role>Principal Investigator</role>
    <affiliation>Renji Hospital Affiliated to Shanghai Jiao Tong University School of Medicine</affiliation>
  </overall_official>
  <overall_contact>
    <last_name>Yi Fang, MD.,Ph.D</last_name>
    <phone>86-21-68383144</phone>
    <email>fangyi@renji.com</email>
  </overall_contact>
  <verification_date>July 2023</verification_date>
  <study_first_submitted>July 5, 2023</study_first_submitted>
  <study_first_submitted_qc>July 5, 2023</study_first_submitted_qc>
  <study_first_posted type="Actual">July 13, 2023</study_first_posted>
  <last_update_submitted>July 5, 2023</last_update_submitted>
  <last_update_submitted_qc>July 5, 2023</last_update_submitted_qc>
  <last_update_posted type="Actual">July 13, 2023</last_update_posted>
  <responsible_party>
    <responsible_party_type>Sponsor</responsible_party_type>
  </responsible_party>
  <keyword>Chemotherapy-Induced Thrombocytopenia</keyword>
  <keyword>Acute Myeloid Leukemia</keyword>
  <keyword>Hetrombopag</keyword>
  <condition_browse>
    <!-- CAUTION:  The following MeSH terms are assigned with an imperfect algorithm            -->
    <mesh_term>Leukemia</mesh_term>
    <mesh_term>Leukemia, Myeloid</mesh_term>
    <mesh_term>Leukemia, Myeloid, Acute</mesh_term>
    <mesh_term>Thrombocytopenia</mesh_term>
  </condition_browse>
  <!-- Results have not yet been posted for this study                                          -->
</clinical_study>

