<?xml version="1.0" encoding="UTF-8"?>
<clinical_study rank="436">
  <!-- This xml conforms to an XML Schema at:
    https://clinicaltrials.gov/ct2/html/images/info/public.xsd -->
  <required_header>
    <download_date>ClinicalTrials.gov processed this data on February 06, 2024</download_date>
    <link_text>Link to the current ClinicalTrials.gov record.</link_text>
    <url>https://clinicaltrials.gov/ct2/show/NCT00136422</url>
  </required_header>
  <id_info>
    <org_study_id>99-249</org_study_id>
    <nct_id>NCT00136422</nct_id>
  </id_info>
  <brief_title>Study of Vaccination With Autologous Acute Myeloblastic Leukemia Cells in Patients With Advanced Myelodysplasia or Acute Myelogenous Leukemia</brief_title>
  <official_title>A Phase I Study of Vaccination With Lethally Irradiated, Autologous Acute Myeloblastic Leukemia Cells Engineered by Adenoviral Mediated Gene Transfer to Secrete Human Granulocyte-Macrophage Colony Stimulating Factor in Patients With Advanced Myelodysplasia or Acute Myelogenous Leukemia</official_title>
  <sponsors>
    <lead_sponsor>
      <agency>Dana-Farber Cancer Institute</agency>
      <agency_class>Other</agency_class>
    </lead_sponsor>
    <collaborator>
      <agency>Brigham and Women's Hospital</agency>
      <agency_class>Other</agency_class>
    </collaborator>
  </sponsors>
  <source>Dana-Farber Cancer Institute</source>
  <brief_summary>
    <textblock>
      The purpose of this study is to test the safety of a new investigational acute myeloblastic&#xD;
      leukemia (AML) vaccine and see what effects (good and bad) it has on patients with advanced&#xD;
      myelodysplasia or acute myelogenous leukemia.&#xD;
    </textblock>
  </brief_summary>
  <detailed_description>
    <textblock>
      This study will make use of leukemic myeloblasts harvested by bone marrow aspirate in&#xD;
      patients with myelodysplasia and acute myelogenous leukemia. These harvested tumor cells will&#xD;
      be modified by adenoviral mediated gene transfer to secrete granulocyte-macrophage colony&#xD;
      stimulating factor (GM-CSF).&#xD;
&#xD;
      Patients will be administered vaccines at one of three dose levels (as determined by total&#xD;
      cell yield). Vaccinations will be given weekly for three weeks, followed by every other week&#xD;
      until the vaccine supply is exhausted or when patients are removed from the study.&#xD;
&#xD;
      The patient will receive a minimum of six vaccinations, but more will be administered if the&#xD;
      vaccine is available.&#xD;
&#xD;
      During the course of the study, patients will be tested to see how their immune system is&#xD;
      reacting to the vaccinations. Testing will include bloodwork evaluating the immune cells in&#xD;
      the body at monthly intervals. Skin biopsies may also be performed to see if an immune&#xD;
      reaction is occuring at the injection site.&#xD;
&#xD;
      During the first course of treatment, a bone marrow biopsy and aspirate may be performed&#xD;
      monthly.&#xD;
&#xD;
      The length of time on this study depends upon the number of vaccines available and whether or&#xD;
      not unacceptable side effects occur.&#xD;
    </textblock>
  </detailed_description>
  <overall_status>Completed</overall_status>
  <start_date>January 2000</start_date>
  <completion_date type="Actual">March 2006</completion_date>
  <primary_completion_date type="Actual">March 2006</primary_completion_date>
  <phase>Phase 1</phase>
  <study_type>Interventional</study_type>
  <has_expanded_access>No</has_expanded_access>
  <study_design_info>
    <allocation>Non-Randomized</allocation>
    <intervention_model>Parallel Assignment</intervention_model>
    <primary_purpose>Prevention</primary_purpose>
    <masking>None (Open Label)</masking>
  </study_design_info>
  <primary_outcome>
    <measure>To determine the feasibility of preparing lethally irradiated autologous myeloblastic leukemia cells engineered by adenoviral mediated gene transfer to secrete GM-CSF in patients with myelodysplastic syndromes (MDS) or AML</measure>
  </primary_outcome>
  <secondary_outcome>
    <measure>To determine the safety and biologic activity of vaccination with lethally irradiated, autologous myeloblastic leukemia cells engineered by adenoviral mediated gene transfer to secrete GM-CSF in patients with MDS or AML</measure>
  </secondary_outcome>
  <enrollment>30</enrollment>
  <condition>Acute Myelogenous Leukemia</condition>
  <condition>Myelodysplasia</condition>
  <intervention>
    <intervention_type>Biological</intervention_type>
    <intervention_name>autologous tumor cells</intervention_name>
  </intervention>
  <eligibility>
    <criteria>
      <textblock>
        Inclusion Criteria:&#xD;
&#xD;
          -  Patients must have pathologically documented myelodysplasia or acute myelogenous&#xD;
             leukemia.&#xD;
&#xD;
          -  The patients with myelodysplasia must also have: French-American-British (FAB) subtype&#xD;
             refractory anemia with excess blasts (RAEB) or refractory anemia with excess blasts in&#xD;
             transformation (RAEB-T), or normal or hypercellular bone marrow.&#xD;
&#xD;
          -  The patients with acute myelogenous leukemia must also: not be candidates for&#xD;
             myelosuppressive chemotherapy due to age or comorbid disease, or have relapsed acute&#xD;
             myelogenous leukemia or be refractory to standard therapy and not likely to require&#xD;
             cytoreductive therapy within 60 days&#xD;
&#xD;
          -  Eastern Cooperative Oncology Group (ECOG) performance status 0 or 1.&#xD;
&#xD;
          -  Estimated life expectancy of 6 months or greater.&#xD;
&#xD;
          -  Age at least 18 years.&#xD;
&#xD;
          -  Greater than 4 weeks from any chemotherapy, radiotherapy, immunotherapy, or systemic&#xD;
             glucocorticoid therapy (non-glucocorticoid hormonal therapy allowed).&#xD;
&#xD;
          -  Greater than 2 months following bone marrow or peripheral blood stem cell&#xD;
             transplantation or treatment with donor lymphocyte infusion (DLI).&#xD;
&#xD;
        Exclusion Criteria:&#xD;
&#xD;
          -  Uncontrolled active infection.&#xD;
&#xD;
          -  Pregnancy or nursing mothers.&#xD;
&#xD;
          -  Previous participation in an adenovirus based trial.&#xD;
&#xD;
          -  The patients with myelodysplasia who have either: FAB subtype refractory anemia (RA),&#xD;
             refractory anemia with ringed sideroblasts (RARS), chronic myelomonocytic leukemia&#xD;
             (CMML), or the presence of hypocellular bone marrow.&#xD;
&#xD;
          -  Chemotherapy, radiotherapy, immunotherapy, or systemic steroid therapy within the last&#xD;
             4 weeks.&#xD;
&#xD;
          -  Active central nervous system (CNS) disease.&#xD;
&#xD;
          -  Evidence of infection with the human immunodeficiency virus.&#xD;
&#xD;
          -  Active psychiatric or mental illness making informed consent or careful clinical&#xD;
             follow-up unlikely.&#xD;
      </textblock>
    </criteria>
    <gender>All</gender>
    <minimum_age>18 Years</minimum_age>
    <maximum_age>N/A</maximum_age>
    <healthy_volunteers>No</healthy_volunteers>
  </eligibility>
  <overall_official>
    <last_name>Daniel J. DeAngelo, MD, PhD</last_name>
    <role>Principal Investigator</role>
    <affiliation>Dana-Farber Cancer Institute</affiliation>
  </overall_official>
  <location>
    <facility>
      <name>Dana-Farber Cancer Institute</name>
      <address>
        <city>Boston</city>
        <state>Massachusetts</state>
        <zip>02115</zip>
        <country>United States</country>
      </address>
    </facility>
  </location>
  <location_countries>
    <country>United States</country>
  </location_countries>
  <verification_date>March 2011</verification_date>
  <study_first_submitted>August 25, 2005</study_first_submitted>
  <study_first_submitted_qc>August 25, 2005</study_first_submitted_qc>
  <study_first_posted type="Estimate">August 29, 2005</study_first_posted>
  <last_update_submitted>March 9, 2011</last_update_submitted>
  <last_update_submitted_qc>March 9, 2011</last_update_submitted_qc>
  <last_update_posted type="Estimate">March 10, 2011</last_update_posted>
  <keyword>AML</keyword>
  <keyword>acute myelogenous leukemia</keyword>
  <keyword>MDS</keyword>
  <keyword>myelodysplasia</keyword>
  <keyword>vaccine</keyword>
  <condition_browse>
    <!-- CAUTION:  The following MeSH terms are assigned with an imperfect algorithm            -->
    <mesh_term>Leukemia</mesh_term>
    <mesh_term>Leukemia, Myeloid</mesh_term>
    <mesh_term>Leukemia, Myeloid, Acute</mesh_term>
    <mesh_term>Preleukemia</mesh_term>
    <mesh_term>Myelodysplastic Syndromes</mesh_term>
  </condition_browse>
  <!-- Results have not yet been posted for this study                                          -->
</clinical_study>

