<?xml version="1.0" encoding="UTF-8"?>
<clinical_study rank="357">
  <!-- This xml conforms to an XML Schema at:
    https://clinicaltrials.gov/ct2/html/images/info/public.xsd -->
  <required_header>
    <download_date>ClinicalTrials.gov processed this data on February 06, 2024</download_date>
    <link_text>Link to the current ClinicalTrials.gov record.</link_text>
    <url>https://clinicaltrials.gov/ct2/show/NCT06146257</url>
  </required_header>
  <id_info>
    <org_study_id>GLB-001-01</org_study_id>
    <nct_id>NCT06146257</nct_id>
  </id_info>
  <brief_title>A Study of GLB-001 in Patients With Relapsed or Refractory Acute Myeloid Leukemia or Relapsed or Refractory Higher Risk Myelodysplastic Syndromes</brief_title>
  <official_title>A First-in-human, Phase 1, Dose Escalation and Expansion Study to Evaluate the Safety, Pharmacokinetics, Pharmacodynamics and Preliminary Efficacy of GLB-001 in Patients With Relapsed or Refractory Acute Myeloid Leukemia or Relapsed or Refractory Higher-risk Myelodysplastic Syndromes</official_title>
  <sponsors>
    <lead_sponsor>
      <agency>GluBio Therapeutics Inc.</agency>
      <agency_class>Industry</agency_class>
    </lead_sponsor>
  </sponsors>
  <source>GluBio Therapeutics Inc.</source>
  <oversight_info>
    <is_fda_regulated_drug>Yes</is_fda_regulated_drug>
    <is_fda_regulated_device>No</is_fda_regulated_device>
  </oversight_info>
  <brief_summary>
    <textblock>
      Study GLB-001-01 is a first-in-human (FIH), Phase 1, open-label, dose escalation and&#xD;
      expansion clinical study of GLB-001 in participants with relapsed or refractory acute myeloid&#xD;
      leukemia (R/R AML) or in participants with relapsed or refractory higher-risk myelodysplastic&#xD;
      syndromes (R/R HR-MDS). The dose escalation part (Phase 1a) of the study will evaluate the&#xD;
      safety, tolerability, pharmacokinetics (PK), pharmacodynamics (PD) and preliminary efficacy&#xD;
      of GLB-001 administered orally. Approximately 24 participants (up to 42 participants) may be&#xD;
      enrolled in Phase 1a of the study.&#xD;
&#xD;
      The dose expansion part (Phase 1b) will be followed to understand the relationships among&#xD;
      dose, exposure, toxicity, tolerability and clinical activity, to identify minimally active&#xD;
      dose, and to select the recommended dose(s) for phase 2 study. Up to 24 participants (12&#xD;
      participants per dose level) may be enrolled in Phase 1b of the study.&#xD;
    </textblock>
  </brief_summary>
  <detailed_description>
    <textblock>
      A standard 3+3 dose-escalation design will be applied to evaluate a set of several dose&#xD;
      levels to determine the maximum tolerated dose (MTD) or maximum administered dose (MAD) of&#xD;
      GLB-001 in R/R AML or R/R HR-MDS patients who are eligible for DLT evaluation. The actual&#xD;
      dose-escalation magnitude or dosing frequency may be adjusted based on the available PK and&#xD;
      safety data in human.&#xD;
&#xD;
      After the MTD or MAD of GLB-001 is defined in Phase 1a, 1 or 2 dose levels will be selected&#xD;
      for expansion per safety review committee (SRC) recommendation, approximately 12 patients&#xD;
      will be enrolled per dose level. Recommended phase 2 dose (RP2D) will be selected based on&#xD;
      the results of PK, PD, safety and efficacy in the dose escalation and expansion study.&#xD;
    </textblock>
  </detailed_description>
  <overall_status>Recruiting</overall_status>
  <start_date type="Actual">January 11, 2024</start_date>
  <completion_date type="Anticipated">October 8, 2026</completion_date>
  <primary_completion_date type="Anticipated">October 6, 2025</primary_completion_date>
  <phase>Phase 1</phase>
  <study_type>Interventional</study_type>
  <has_expanded_access>No</has_expanded_access>
  <study_design_info>
    <allocation>Non-Randomized</allocation>
    <intervention_model>Sequential Assignment</intervention_model>
    <primary_purpose>Treatment</primary_purpose>
    <masking>None (Open Label)</masking>
  </study_design_info>
  <primary_outcome>
    <measure>Dose-limiting Toxicity (DLT)</measure>
    <time_frame>Up to 28 days after first dose of study treatment in Phase 1a</time_frame>
    <description>Dose-limiting toxicity is defined as the treatment emergent adverse events (TEAEs) meeting protocol specified DLT criteria and occurring within the DLT assessment period.</description>
  </primary_outcome>
  <primary_outcome>
    <measure>Maximum Tolerated Dose (MTD)/Maximum Administered Dose (MAD)</measure>
    <time_frame>Up to 2 years</time_frame>
    <description>Maximum tolerated dose is defined as the highest dose level at which no more than 1 of 6 DLT-evaluable participants experienced a DLT. If MTD is not established at the end of dose escalation phase, the maximum safety dose will be defined as Maximum administered dose.</description>
  </primary_outcome>
  <primary_outcome>
    <measure>Incidence of Adverse Events (AEs)</measure>
    <time_frame>Up to 2 years</time_frame>
    <description>Adverse Events will be graded according to the National Cancer Institute Common Terminology Criteria for AE (NCI CTCAE) version 5.0.</description>
  </primary_outcome>
  <primary_outcome>
    <measure>Recommended Phase 2 Dose (RP2D)</measure>
    <time_frame>Up to 2 years</time_frame>
    <description>Recommended phase 2 dose based on the totality of data across dosing cohorts in the dose escalation and expansion phases of the study including PK, PD, safety and efficacy outcomes.</description>
  </primary_outcome>
  <secondary_outcome>
    <measure>GLB-001 Pharmacokinetics-AUC0-last</measure>
    <time_frame>Up to 2 years</time_frame>
    <description>Area under the concentration-time curve from zero to the last measurable concentration.</description>
  </secondary_outcome>
  <secondary_outcome>
    <measure>GLB-001 Pharmacokinetics-AUC0-24</measure>
    <time_frame>Up to 2 years</time_frame>
    <description>Area under the concentration-time curve from 0 to 24 hours.</description>
  </secondary_outcome>
  <secondary_outcome>
    <measure>GLB-001 Pharmacokinetics-AUC0-∞</measure>
    <time_frame>Up to 2 years</time_frame>
    <description>Area under the concentration-time curve from 0 to infinity.</description>
  </secondary_outcome>
  <secondary_outcome>
    <measure>GLB-001 Pharmacokinetics-Cmax</measure>
    <time_frame>Up to 2 years</time_frame>
    <description>Maximum plasma concentration.</description>
  </secondary_outcome>
  <secondary_outcome>
    <measure>GLB-001 Pharmacokinetics-Tmax</measure>
    <time_frame>Up to 2 years</time_frame>
    <description>The time to reach maximum concentration.</description>
  </secondary_outcome>
  <secondary_outcome>
    <measure>GLB-001 Pharmacokinetics-T1/2</measure>
    <time_frame>Up to 2 years</time_frame>
    <description>Terminal half-life.</description>
  </secondary_outcome>
  <secondary_outcome>
    <measure>GLB-001 Pharmacokinetics-Vd/F</measure>
    <time_frame>Up to 2 years</time_frame>
    <description>Apparent volume of distribution.</description>
  </secondary_outcome>
  <secondary_outcome>
    <measure>GLB-001 Pharmacokinetics-LI</measure>
    <time_frame>Up to 2 years</time_frame>
    <description>Linear index.</description>
  </secondary_outcome>
  <secondary_outcome>
    <measure>GLB-001 Pharmacokinetics-CL/F</measure>
    <time_frame>Up to 2 years</time_frame>
    <description>Apparent clearance.</description>
  </secondary_outcome>
  <secondary_outcome>
    <measure>GLB-C183-A-2R (Isomer of GLB-001) Pharmacokinetics-AUC0-last</measure>
    <time_frame>Up to 2 years</time_frame>
    <description>Area under the concentration-time curve from zero to the last measurable concentration.</description>
  </secondary_outcome>
  <secondary_outcome>
    <measure>GLB-C183-A-2R Pharmacokinetics-AUC0-24</measure>
    <time_frame>Up to 2 years</time_frame>
    <description>Area under the concentration-time curve from 0 to 24 hours.</description>
  </secondary_outcome>
  <secondary_outcome>
    <measure>GLB-C183-A-2R Pharmacokinetics-AUC0-∞</measure>
    <time_frame>Up to 2 years</time_frame>
    <description>Area under the concentration-time curve from 0 to infinity.</description>
  </secondary_outcome>
  <secondary_outcome>
    <measure>GLB-C183-A-2R Pharmacokinetics-Cmax</measure>
    <time_frame>Up to 2 years</time_frame>
    <description>Maximum plasma concentration.</description>
  </secondary_outcome>
  <secondary_outcome>
    <measure>GLB-C183-A-2R Pharmacokinetics-Tmax</measure>
    <time_frame>Up to 2 years</time_frame>
    <description>The time to reach maximum concentration.</description>
  </secondary_outcome>
  <secondary_outcome>
    <measure>GLB-C183-A-2R Pharmacokinetics-T1/2</measure>
    <time_frame>Up to 2 years</time_frame>
    <description>Terminal half-life.</description>
  </secondary_outcome>
  <secondary_outcome>
    <measure>GLB-C183-A-2R Pharmacokinetics-Vd/F</measure>
    <time_frame>Up to 2 years</time_frame>
    <description>Apparent volume of distribution.</description>
  </secondary_outcome>
  <secondary_outcome>
    <measure>GLB-C183-A-2R Pharmacokinetics-LI</measure>
    <time_frame>Up to 2 years</time_frame>
    <description>Linear index.</description>
  </secondary_outcome>
  <secondary_outcome>
    <measure>GLB-C183-A-2R Pharmacokinetics-CL/F</measure>
    <time_frame>Up to 2 years</time_frame>
    <description>Apparent clearance.</description>
  </secondary_outcome>
  <secondary_outcome>
    <measure>Complete Remission Without Minimal Residual Disease (CRMRD-) Rate in Participants with Acute Myeloid Leukemia (AML)</measure>
    <time_frame>Up to 2 years</time_frame>
    <description>CRMRD- rate is defined as the percent of participants with minimal residual disease negative complete remission. CRMRD- will be assessed by the 2022 European Leukemia Net Response Criteria (2022 ELN) for AML .</description>
  </secondary_outcome>
  <secondary_outcome>
    <measure>Complete Remission (CR) Rate in Participants with AML</measure>
    <time_frame>Up to 2 years</time_frame>
    <description>CR rate is defined as the percent of participants whose best response is CR. CR will be assessed by 2022 ELN for AML.</description>
  </secondary_outcome>
  <secondary_outcome>
    <measure>CR with Incomplete Hematologic Recovery (CRi) Rate in Participants with AML</measure>
    <time_frame>Up to 2 years</time_frame>
    <description>CRi rate is defined as the percent of participants whose best response is CRi. CRi will be assessed by 2022 ELN for AML.</description>
  </secondary_outcome>
  <secondary_outcome>
    <measure>CR with Partial Hematological Recovery (CRh) Rate in Participants with AML</measure>
    <time_frame>Up to 2 years</time_frame>
    <description>CRh rate is defined as the percent of participants whose best response is CRh. CRh will be assessed by 2022 ELN for AML.</description>
  </secondary_outcome>
  <secondary_outcome>
    <measure>Morphologic Leukemia-free State (MLFS) Rate in Participants with AML</measure>
    <time_frame>Up to 2 years</time_frame>
    <description>MLFS rate is defined as the percent of participants with the best response of morphologic leukemia-free state. MLFS will be assessed by 2022 ELN for AML.</description>
  </secondary_outcome>
  <secondary_outcome>
    <measure>Partial Remission (PR) Rate in Participants with AML</measure>
    <time_frame>Up to 2 years</time_frame>
    <description>PR rate is defined as the percent of participants whose best response is PR. PR will be assessed by 2022 ELN for AML.</description>
  </secondary_outcome>
  <secondary_outcome>
    <measure>Duration of Remission or Response (DOR) in Participants with AML</measure>
    <time_frame>Up to 2 years</time_frame>
    <description>For participants with best response of any of CRMRD-, CR, CRh, CRi, PR, and MLFS, DOR is measured from the time when criteria (2022 ELN for AML) for the best response of any of CRMRD-, CR, CRh, CRi, PR, and MLFS are first met (whichever is first recorded) until the first date at which relapse, or progressive disease is objectively documented assessment.</description>
  </secondary_outcome>
  <secondary_outcome>
    <measure>Time to Remission or Response (TOR) in Participants with AML</measure>
    <time_frame>Up to 2 years</time_frame>
    <description>Time to onset of first remission or response is defined as the time interval from the date of first dose and the earliest date any remission or response [any CRs (including CR, CRh and CRi) or PR] is observed.</description>
  </secondary_outcome>
  <secondary_outcome>
    <measure>Stable Disease (SD) Rate in Participants with AML</measure>
    <time_frame>Up to 2 years</time_frame>
    <description>SD rate is defined as the percent of participants with the best response of stable disease. SD will be assessed by 2022 ELN for AML.</description>
  </secondary_outcome>
  <secondary_outcome>
    <measure>CR Rate in Participants with Higher Risk Myelodysplastic Syndromes (HR-MDS)</measure>
    <time_frame>Up to 2 years</time_frame>
    <description>CR rate is defined as the percent of participants whose best response is CR. CR will be assessed by 2006 Modified International Working Group (IWG) MDS response criteria.</description>
  </secondary_outcome>
  <secondary_outcome>
    <measure>PR Rate in Participants with HR-MDS</measure>
    <time_frame>Up to 2 years</time_frame>
    <description>PR rate is defined as the percent of participants whose best response is PR. PR will be assessed by 2006 Modified IWG MDS response criteria.</description>
  </secondary_outcome>
  <secondary_outcome>
    <measure>SD Rate in Participants with HR-MDS</measure>
    <time_frame>Up to 2 years</time_frame>
    <description>SD rate is defined as the percent of participants with the best response of stable disease. SD will be assessed by 2006 Modified IWG MDS response criteria.</description>
  </secondary_outcome>
  <secondary_outcome>
    <measure>DOR in Participants with HR-MDS</measure>
    <time_frame>Up to 2 years</time_frame>
    <description>For participants with best response of any of CR, marrow CR, or PR, DOR is measured from the time when criteria (2006 Modified IWG MDS response criteria) for the best response of any of CR, marrow CR, or PR are first met (whichever is first recorded) until the first date at which relapse or progressive disease is objectively documented assessment.</description>
  </secondary_outcome>
  <secondary_outcome>
    <measure>TOR in Participants with HR-MDS</measure>
    <time_frame>Up to 2 years</time_frame>
    <description>Time to onset of first remission or response is defined as the time interval from the date of first dose of GLB-001 and the earliest date any remission or response [any CRs (including CR, marrow CR or PR)] is observed.</description>
  </secondary_outcome>
  <secondary_outcome>
    <measure>Progression-free Survival (PFS) in Participants with AML or HR-MDS</measure>
    <time_frame>Up to 2 years</time_frame>
    <description>PFS is defined as the time from the first dose of GLB-001 to the first occurrence of relapse or progression or death from any cause.</description>
  </secondary_outcome>
  <secondary_outcome>
    <measure>Overall Survival (OS) in Participants with AML or HR-MDS</measure>
    <time_frame>Up to 2 years</time_frame>
    <description>OS is defined as the time from the first dose of GLB-001 to death due to any cause.</description>
  </secondary_outcome>
  <number_of_arms>2</number_of_arms>
  <enrollment type="Anticipated">48</enrollment>
  <condition>Acute Myeloid Leukemia</condition>
  <condition>Myelodysplastic Syndromes</condition>
  <arm_group>
    <arm_group_label>Dose Escalation of GLB-001 as a Monotherapy in Participants with R/R AML and R/R HR-MDS-Phase 1a</arm_group_label>
    <arm_group_type>Experimental</arm_group_type>
    <description>Part 1a (Dose Escalation) of the study will enroll R/R AML and R/R HR-MDS participants and will evaluate the safety, tolerability, PK, PD and preliminary efficacy of GLB-001 administered orally, and determine the maximum tolerated dose/maximum administered dose (MTD/MAD) in R/R AML or R/R HR-MDS patients who are eligible for dose limiting toxicity (DLT) evaluation.</description>
  </arm_group>
  <arm_group>
    <arm_group_label>Dose Expansion of GLB-001 as a Monotherapy in Participants with R/R AML and R/R HR-MDS-Phase 1b</arm_group_label>
    <arm_group_type>Experimental</arm_group_type>
    <description>Part 1b (Dose Expansion) will confirm tolerability of the selected doses and schedules and evaluate whether efficacy is in a range that warrants further clinical development for R/R AML and R/R HR-MDS participants.</description>
  </arm_group>
  <intervention>
    <intervention_type>Drug</intervention_type>
    <intervention_name>GLB-001</intervention_name>
    <description>Administered orally according to the assigned treatment schedule</description>
    <arm_group_label>Dose Escalation of GLB-001 as a Monotherapy in Participants with R/R AML and R/R HR-MDS-Phase 1a</arm_group_label>
    <arm_group_label>Dose Expansion of GLB-001 as a Monotherapy in Participants with R/R AML and R/R HR-MDS-Phase 1b</arm_group_label>
    <other_name>GLB-C183-A-2</other_name>
  </intervention>
  <eligibility>
    <criteria>
      <textblock>
        Inclusion Criteria:&#xD;
&#xD;
          -  Participants is ≥ 18 years of age at the time of signing the Informed Consent Form&#xD;
             (ICF).&#xD;
&#xD;
          -  Participants must understand and voluntarily sign an ICF prior to any study-related&#xD;
             assessments/procedures being conducted.&#xD;
&#xD;
          -  Participants are willing and able to adhere to the study visit schedule and other&#xD;
             protocol requirements.&#xD;
&#xD;
          -  Participants with histologically or cytologically confirmed AML including de novo AML&#xD;
             or secondary AML transformed from MDS according to 2022 World Health Organization&#xD;
             (WHO) criteria classification, or with histologically or cytologically confirmed&#xD;
             HR-MDS.&#xD;
&#xD;
          -  R/R AML and R/R HR-MDS who have failed or are ineligible for all available therapies&#xD;
             which may provide clinical benefit.&#xD;
&#xD;
          -  Participants must have the following screening laboratory values:&#xD;
&#xD;
               -  Total white blood cell count (WBC) &lt; 25 x 10^9/L prior to the first dose of the&#xD;
                  study drug.&#xD;
&#xD;
               -  Aspartate aminotransferase (AST) and alanine aminotransferase (ALT) ≤ 3.0 × upper&#xD;
                  limit of normal (ULN), unless considered due to extensive leukemic liver&#xD;
                  involvement, in which case AST and ALT can be ≤ 5.0 x ULN.&#xD;
&#xD;
               -  Serum total bilirubin ≤ 1.5 x ULN, unless considered due to Gilbert's syndrome,&#xD;
                  in which case serum total bilirubin &lt; 3 x ULN.&#xD;
&#xD;
               -  Estimated serum creatinine clearance of ≥ 60 mL/min using the Cockcroft-Gault&#xD;
                  equation. Measured creatinine clearance from a 24-hour urine collection is&#xD;
                  acceptable if clinically indicated.&#xD;
&#xD;
               -  International normalized ratio (INR) ≤ 1.5 x ULN and active partial&#xD;
                  thromboplastin time (aPTT) ≤ 1.5 x ULN.&#xD;
&#xD;
          -  Life expectancy ≥ 12 weeks.&#xD;
&#xD;
          -  Eastern Cooperative Oncology Group (ECOG) Performance Status of 0 to 2.&#xD;
&#xD;
          -  Female Participants of child-bearing potential must have a negative serum or urine&#xD;
             pregnancy test at screening and at pre-dose on Cycle 1 Day 1 (C1D1).&#xD;
&#xD;
        Exclusion Criteria:&#xD;
&#xD;
          -  Participants with acute promyelocytic leukemia (APML).&#xD;
&#xD;
          -  Participants with known leukemic involvement in central nervous system (CNS).&#xD;
&#xD;
          -  Receipt of anticancer medications/therapies within 5 half-lives or 28 days before the&#xD;
             first administration of the study drug.&#xD;
&#xD;
          -  Participants with unresolved clinically significant non-hematologic toxicities of ≥&#xD;
             Grade 2 AE from prior therapies with exception of residual alopecia.&#xD;
&#xD;
          -  Participants with chronic graft versus host disease (GVHD) requiring systemic&#xD;
             immunosuppressive therapy.&#xD;
&#xD;
          -  Participants with active malignancies other than AML or MDS.&#xD;
&#xD;
          -  Participants who have undergone major surgery ≤ 4 weeks prior to the first dose of the&#xD;
             study drug.&#xD;
&#xD;
          -  Participants with immediately life-threatening, severe complications of leukemia such&#xD;
             as disseminated/uncontrolled infection (bacterial and/or fungal), uncontrolled&#xD;
             bleeding, and/or uncontrolled disseminated intravascular coagulation.&#xD;
&#xD;
          -  Participants with known chronic, active infection of hepatitis B virus (HBV),&#xD;
             hepatitis C virus C (HCV), human immunodeficiency virus (HIV).&#xD;
&#xD;
          -  Participants unable to swallow oral medications, or Participants with clinically&#xD;
             significant diarrhea, vomiting or malabsorption felt limited absorption of orally&#xD;
             administered medications.&#xD;
&#xD;
          -  Participants with any other significant medical conditions, any other conditions,&#xD;
             laboratory abnormality, or psychiatric illness which place the Participants at&#xD;
             unacceptable risk if he/she were to participate in the study or that would hamper the&#xD;
             Participants understanding of the study, or would prevent the Participant from&#xD;
             complying with the study.&#xD;
&#xD;
          -  Medications or supplements that are known to be strong and moderate inhibitors or&#xD;
             inducers of CYP450 isozyme 3A4 (CYP3A4) and/or P-glycoprotein (P-gp), or strong&#xD;
             inhibitors or inducers of CYP450 isozyme 2C8 (CYP2C8) within 14 days or 5 half-lives,&#xD;
             whichever is shorter, before the first dose of study drug.&#xD;
&#xD;
          -  Pregnant or lactating women.&#xD;
      </textblock>
    </criteria>
    <gender>All</gender>
    <minimum_age>18 Years</minimum_age>
    <maximum_age>N/A</maximum_age>
    <healthy_volunteers>No</healthy_volunteers>
  </eligibility>
  <overall_official>
    <last_name>Gang Lu, Ph.D.</last_name>
    <role>Study Director</role>
    <affiliation>GluBio Therapeutics Inc.</affiliation>
  </overall_official>
  <overall_contact>
    <last_name>Hongying Zhang, MD</last_name>
    <phone>619-859-4586</phone>
    <email>Hongying.Zhang@glubiotx.com</email>
  </overall_contact>
  <location>
    <facility>
      <name>City of Hope Medical Center</name>
      <address>
        <city>Duarte</city>
        <state>California</state>
        <zip>91010</zip>
        <country>United States</country>
      </address>
    </facility>
    <status>Recruiting</status>
    <contact>
      <last_name>Brian Ball, MD</last_name>
      <phone>626-218-4784</phone>
      <email>brball@coh.org</email>
    </contact>
  </location>
  <location>
    <facility>
      <name>University of California Irvine</name>
      <address>
        <city>Irvine</city>
        <state>California</state>
        <zip>92697</zip>
        <country>United States</country>
      </address>
    </facility>
    <status>Recruiting</status>
    <contact>
      <last_name>Deepa Jeyakumar, MD</last_name>
      <phone>714-456-2880</phone>
      <email>djeyakum@hs.uci.edu</email>
    </contact>
  </location>
  <location>
    <facility>
      <name>University of Kansas Medical Center Research Institute, Inc.</name>
      <address>
        <city>Kansas City</city>
        <state>Kansas</state>
        <zip>66160</zip>
        <country>United States</country>
      </address>
    </facility>
    <status>Recruiting</status>
    <contact>
      <last_name>Jesus Gonzalez Lugo, MD</last_name>
      <phone>913-588-4138</phone>
      <email>jgonzalezlugo@kumc.edu</email>
    </contact>
  </location>
  <location>
    <facility>
      <name>Alliance for Multispecialty Research, LLC</name>
      <address>
        <city>Merriam</city>
        <state>Kansas</state>
        <zip>66204</zip>
        <country>United States</country>
      </address>
    </facility>
    <status>Recruiting</status>
    <contact>
      <last_name>Jaswinder Singh, MD</last_name>
      <phone>660-383-3197</phone>
      <email>jaswinder.singh@armllc.com</email>
    </contact>
  </location>
  <location>
    <facility>
      <name>Memorial Sloan Kettering Cancer Center-David H. Koch Center</name>
      <address>
        <city>New York</city>
        <state>New York</state>
        <zip>10021</zip>
        <country>United States</country>
      </address>
    </facility>
    <status>Recruiting</status>
    <contact>
      <last_name>Eytan Stein, MD</last_name>
      <phone>646-608-3749</phone>
      <email>steine@mskcc.org</email>
    </contact>
  </location>
  <location>
    <facility>
      <name>Icahn School of Medicine at Mount Sinai</name>
      <address>
        <city>New York</city>
        <state>New York</state>
        <zip>10029</zip>
        <country>United States</country>
      </address>
    </facility>
    <status>Recruiting</status>
    <contact>
      <last_name>Lewis Silverman, MD</last_name>
      <phone>212-241-5520</phone>
      <email>Lewis.silverman@mssm.edu</email>
    </contact>
  </location>
  <location_countries>
    <country>United States</country>
  </location_countries>
  <verification_date>December 2023</verification_date>
  <study_first_submitted>November 10, 2023</study_first_submitted>
  <study_first_submitted_qc>November 21, 2023</study_first_submitted_qc>
  <study_first_posted type="Actual">November 24, 2023</study_first_posted>
  <last_update_submitted>January 12, 2024</last_update_submitted>
  <last_update_submitted_qc>January 12, 2024</last_update_submitted_qc>
  <last_update_posted type="Actual">January 16, 2024</last_update_posted>
  <responsible_party>
    <responsible_party_type>Sponsor</responsible_party_type>
  </responsible_party>
  <condition_browse>
    <!-- CAUTION:  The following MeSH terms are assigned with an imperfect algorithm            -->
    <mesh_term>Leukemia</mesh_term>
    <mesh_term>Leukemia, Myeloid</mesh_term>
    <mesh_term>Leukemia, Myeloid, Acute</mesh_term>
    <mesh_term>Preleukemia</mesh_term>
    <mesh_term>Myelodysplastic Syndromes</mesh_term>
    <mesh_term>Syndrome</mesh_term>
  </condition_browse>
  <!-- Results have not yet been posted for this study                                          -->
</clinical_study>

