<?xml version="1.0" encoding="UTF-8"?>
<clinical_study rank="98">
  <!-- This xml conforms to an XML Schema at:
    https://clinicaltrials.gov/ct2/html/images/info/public.xsd -->
  <required_header>
    <download_date>ClinicalTrials.gov processed this data on February 06, 2024</download_date>
    <link_text>Link to the current ClinicalTrials.gov record.</link_text>
    <url>https://clinicaltrials.gov/ct2/show/NCT05501171</url>
  </required_header>
  <id_info>
    <org_study_id>22-257</org_study_id>
    <nct_id>NCT05501171</nct_id>
  </id_info>
  <brief_title>Psychological Mobile App for Patients With AML</brief_title>
  <official_title>Randomized Controlled Trial of a Psychological Mobile Application (App) to Promote Coping for Patients With Acute Myeloid Leukemia (AML)</official_title>
  <sponsors>
    <lead_sponsor>
      <agency>Massachusetts General Hospital</agency>
      <agency_class>Other</agency_class>
    </lead_sponsor>
    <collaborator>
      <agency>Blue Note Therapeutics</agency>
      <agency_class>Industry</agency_class>
    </collaborator>
  </sponsors>
  <source>Massachusetts General Hospital</source>
  <oversight_info>
    <has_dmc>No</has_dmc>
    <is_fda_regulated_drug>No</is_fda_regulated_drug>
    <is_fda_regulated_device>No</is_fda_regulated_device>
  </oversight_info>
  <brief_summary>
    <textblock>
      This research study is evaluating whether a psychological mobile application (app), is&#xD;
      efficacious in reducing anxiety and depression symptoms and improving quality of life for&#xD;
      patients diagnosed with acute myeloid leukemia (AML) compared to a physical health promotion&#xD;
      app.&#xD;
    </textblock>
  </brief_summary>
  <detailed_description>
    <textblock>
      Patients with a new diagnosis of AML often confront a sudden and life-threatening diagnosis,&#xD;
      requiring an immediate disruption of their life and an urgent 4-6 week hospitalization to&#xD;
      initiate intensive chemotherapy. During this hospitalization, they endure substantial&#xD;
      physical symptoms due to the side-effects of intensive chemotherapy, which negatively impacts&#xD;
      their quality of life. Patients with AML also experience significant psychological distress&#xD;
      as they struggle with the abrupt onset of illness, uncertainty regarding their prognosis,&#xD;
      physical and social isolation during their hospitalization, and complete loss of&#xD;
      independence.&#xD;
&#xD;
      From our prior studies, we learnt that the use of DREAMLAND, a psychological mobile app, was&#xD;
      feasible to integrate in the care of patients with AML receiving intensive chemotherapy and&#xD;
      has promising efficacy for improving patients' physical and psychological symptoms and their&#xD;
      quality of life. In this project, the study doctors want to compare the effectiveness of&#xD;
      DREAMLAND versus CERENA in improving the patient experience when diagnosed with AML. CERENA&#xD;
      is a mobile app that provides medical information about how to best take care of one´s&#xD;
      health. Using this research, the study doctors hope to find out the best way to help patients&#xD;
      cope with the diagnosis and treatment for AML.&#xD;
&#xD;
      The study will use questionnaires to measure patient's quality of life, physical symptoms,&#xD;
      mood, and the participant sense of control over their situation. Study questionnaires will be&#xD;
      completed in the hospital or clinic. The participants will also have the option of completing&#xD;
      these questionnaires remotely through a secure web link or through a mailed paper copy.&#xD;
&#xD;
      Blue Note Therapeutics, Inc. is supporting this research study by providing funding. Blue&#xD;
      Note Therapeutics is a digital health technology company that focuses on the health needs of&#xD;
      patients with a cancer diagnosis.&#xD;
    </textblock>
  </detailed_description>
  <overall_status>Terminated</overall_status>
  <why_stopped>
    the funding agency (blue note therapeutics) pulled out and did not provide funding&#xD;
  </why_stopped>
  <start_date type="Actual">October 15, 2022</start_date>
  <completion_date type="Actual">February 1, 2023</completion_date>
  <primary_completion_date type="Actual">February 1, 2023</primary_completion_date>
  <phase>N/A</phase>
  <study_type>Interventional</study_type>
  <has_expanded_access>No</has_expanded_access>
  <study_design_info>
    <allocation>Randomized</allocation>
    <intervention_model>Parallel Assignment</intervention_model>
    <primary_purpose>Supportive Care</primary_purpose>
    <masking>Double (Care Provider, Investigator)</masking>
    <masking_description>This is a double-blind multi-site randomized efficacy trial of two mobile apps: DreAMLand versus CERENA in 180 patients with AML. Patients will be recruited from 5 sites and randomized in 1:1 fashion, stratified by study site, to DreAMLand versus CERENA. The study investigators and clinicians caring for these patients will be blinded to the study group assignment.</masking_description>
  </study_design_info>
  <primary_outcome>
    <measure>Anxiety Symptoms</measure>
    <time_frame>Day 20</time_frame>
    <description>Compare anxiety symptoms between participants receiving DREAMLAND versus CERENA as measured by the Hospital Anxiety and Depression Scale (HADS)-anxiety subscale over 20 days.&#xD;
Higher scores on the HADS anxiety subscale (range 0-21) indicate greater anxiety symptoms.</description>
  </primary_outcome>
  <secondary_outcome>
    <measure>Anxiety Symptoms</measure>
    <time_frame>Up to Day 90</time_frame>
    <description>Compare anxiety symptoms between participants receiving DREAMLAND versus CERENA as measured by the Hospital Anxiety and Depression Scale (HADS)-anxiety subscale over 90 days.&#xD;
Higher scores on the HADS-anxiety subscale (range 0-21) indicate greater anxiety symptoms.</description>
  </secondary_outcome>
  <secondary_outcome>
    <measure>Depression Symptoms</measure>
    <time_frame>Up to Day 90</time_frame>
    <description>Compare depression symptoms between participants receiving DREAMLAND versus CERENA as measured by the Hospital Anxiety and Depression Scale (HADS)-depression subscale and the Patient Health Questionnaire-9 (PHQ-9) over 90 days.&#xD;
Higher scores on the HADS-depression subscale (range 0-21) indicate greater depression symptoms.&#xD;
Higher scores on the PHQ-9 (range 0-27) indicate greater depression symptoms.</description>
  </secondary_outcome>
  <secondary_outcome>
    <measure>Quality of Life in Patients with Leukemia</measure>
    <time_frame>Up to Day 90</time_frame>
    <description>Compare quality of life between participants receiving DREAMLAND versus CERENA as measured by the Functional Assessment of Cancer Therapy-Leukemia (FACT-Leukemia) over 90 days.&#xD;
Higher scores on FACT-Leukemia (range 0-176) indicate better quality of life.</description>
  </secondary_outcome>
  <secondary_outcome>
    <measure>Symptom Burden</measure>
    <time_frame>Up to Day 90</time_frame>
    <description>Compare symptom burden between participants receiving DREAMLAND versus CERENA as measured by the Edmonton Symptom Assessment Scale-Revised (ESAS-R) over 90 days.&#xD;
Higher scores on the ESAS-R (range 0-100) indicate worse symptom burden.</description>
  </secondary_outcome>
  <secondary_outcome>
    <measure>Post-Traumatic Stress Disorder (PTSD) Symptoms</measure>
    <time_frame>Up to Day 90</time_frame>
    <description>Compare PTSD symptoms between participants receiving DREAMLAND versus CERENA as measured by the PTSD Checklist-Civilian Version over 90 days.&#xD;
Higher scores on the PTSD Checklist-Civilian Version (range 17-85) indicate greater PTSD symptoms.</description>
  </secondary_outcome>
  <other_outcome>
    <measure>Coping</measure>
    <time_frame>Up to Day 90</time_frame>
    <description>Compare coping between participants receiving DREAMLAND versus CERENA as measured by the Measure of Current Status - Part A (MOCS-A) over 90 days.&#xD;
Higher scores on the MOCS-A (range 0-52) indicate better coping.</description>
  </other_outcome>
  <other_outcome>
    <measure>Self-efficacy</measure>
    <time_frame>Up to Day 90</time_frame>
    <description>Compare self-efficacy between participants receiving DREAMLAND versus CERENA as measured by the Cancer Self-Efficacy Scale (CASE) over 90 days.&#xD;
Higher scores on the CASE (range 0-170) indicate greater self-efficacy.</description>
  </other_outcome>
  <other_outcome>
    <measure>Health care utilization</measure>
    <time_frame>Up to 6 months</time_frame>
    <description>to explore differences in hospitalizations, emergency department visits, and days spent in the hospital between participants receiving DREAMLAND versus CERENA as measured based on data obtained from the Electronic Health Record up to 6 months</description>
  </other_outcome>
  <number_of_arms>2</number_of_arms>
  <enrollment type="Actual">11</enrollment>
  <condition>AML</condition>
  <condition>Acute Myeloid Leukemia</condition>
  <arm_group>
    <arm_group_label>DREAMLAND</arm_group_label>
    <arm_group_type>Experimental</arm_group_type>
    <description>Participants will be recruited from 5 sites and randomized in 1:1 fashion, stratified by study site, to DREAMLAND versus CERENA.&#xD;
Participants will use DREAMLAND and during hospitalization for treatment of AML to learn how to cope most effectively with the diagnosis of AML using an iPad provided by the study team or participant's own iPad.&#xD;
Questionnaires (in-person, over the computer or telephone, or by mail) at predetermined days per protocol days.</description>
  </arm_group>
  <arm_group>
    <arm_group_label>CERENA</arm_group_label>
    <arm_group_type>Active Comparator</arm_group_type>
    <description>Participants will be recruited from 5 sites and randomized in 1:1 fashion, stratified by study site, to DREAMLAND versus CERENA.&#xD;
Participants will use the mobile app CERENA during hospitalization for treatment of AML to learn how to best care for themselves using an iPad provided by the study team or participant's own iPad.&#xD;
Questionnaires (in-person, over the computer or telephone, or by mail) at predetermined days per protocol days.</description>
  </arm_group>
  <intervention>
    <intervention_type>Behavioral</intervention_type>
    <intervention_name>DREAMLAND</intervention_name>
    <description>DREAMLAND is self-administered psychological app for patients with AML that includes four modules, focused on:&#xD;
Supportive psychotherapy strategies to help patients deal with the initial shock of diagnosis, cope with the loss of independence and abrupt life disruptions, and provide validation and reassurance.&#xD;
Psychoeducation to manage expectations and enhance preparedness for extended hospitalization and mobilize social support.&#xD;
Psychosocial skill-building to promote effective coping strategies and facilitate acceptance while living with uncertainty.&#xD;
Self-care to promote positive health behaviors and enhance patients´ sense of control especially as they transition from the hospital to outpatient care.&#xD;
Each module takes 20 minutes to complete. DREAMLAND also includes three optional models that also take 15 minutes to complete.&#xD;
Other names BNT200</description>
    <arm_group_label>DREAMLAND</arm_group_label>
  </intervention>
  <intervention>
    <intervention_type>Behavioral</intervention_type>
    <intervention_name>CERENA</intervention_name>
    <description>CERENA is a self-administered physical health app that includes 4 modules focused, focused on:&#xD;
Education about general wellness.&#xD;
Nutrition.&#xD;
Exercise.&#xD;
Cancer prevention.&#xD;
Each module takes 20 minutes to complete. CERENA also includes three optional modules that also take 15 minutes to complete.</description>
    <arm_group_label>CERENA</arm_group_label>
  </intervention>
  <eligibility>
    <criteria>
      <textblock>
        Inclusion Criteria:&#xD;
&#xD;
          -  Hospitalized patients (aged 18 years or older) with a new diagnosis of AML&#xD;
&#xD;
          -  Receiving treatment with either a) intensive chemotherapy (7+3) or modification of&#xD;
             this regimen on a clinical trial, or b) a similar intensive regimen requiring&#xD;
             prolonged 3-6-week hospitalization&#xD;
&#xD;
          -  Ability to comprehend and speak English as the mobile apps are only available in&#xD;
             English&#xD;
&#xD;
        Exclusion Criteria:&#xD;
&#xD;
          -  Patients with a diagnosis of acute promyelocytic leukemia&#xD;
&#xD;
          -  Patients with acute or unstable psychiatric or cognitive conditions which the treating&#xD;
             clinicians believes prohibits informed consent or compliance with study procedures&#xD;
      </textblock>
    </criteria>
    <gender>All</gender>
    <minimum_age>18 Years</minimum_age>
    <maximum_age>N/A</maximum_age>
    <healthy_volunteers>No</healthy_volunteers>
  </eligibility>
  <overall_official>
    <last_name>Areej El-Jawahri, MD</last_name>
    <role>Principal Investigator</role>
    <affiliation>Massachusetts General Hospital</affiliation>
  </overall_official>
  <location>
    <facility>
      <name>Massachusetts General Hospital</name>
      <address>
        <city>Boston</city>
        <state>Massachusetts</state>
        <zip>02115</zip>
        <country>United States</country>
      </address>
    </facility>
  </location>
  <location>
    <facility>
      <name>Duke University</name>
      <address>
        <city>Durham</city>
        <state>North Carolina</state>
        <zip>27710</zip>
        <country>United States</country>
      </address>
    </facility>
  </location>
  <location>
    <facility>
      <name>Fred Hutchinson Cancer Research Center</name>
      <address>
        <city>Seattle</city>
        <state>Washington</state>
        <zip>98109</zip>
        <country>United States</country>
      </address>
    </facility>
  </location>
  <location_countries>
    <country>United States</country>
  </location_countries>
  <verification_date>July 2023</verification_date>
  <study_first_submitted>August 12, 2022</study_first_submitted>
  <study_first_submitted_qc>August 12, 2022</study_first_submitted_qc>
  <study_first_posted type="Actual">August 15, 2022</study_first_posted>
  <last_update_submitted>July 31, 2023</last_update_submitted>
  <last_update_submitted_qc>July 31, 2023</last_update_submitted_qc>
  <last_update_posted type="Actual">August 2, 2023</last_update_posted>
  <responsible_party>
    <responsible_party_type>Principal Investigator</responsible_party_type>
    <investigator_affiliation>Massachusetts General Hospital</investigator_affiliation>
    <investigator_full_name>El-Jawahri, Areej,M.D.</investigator_full_name>
    <investigator_title>Principal Investigator</investigator_title>
  </responsible_party>
  <keyword>AML</keyword>
  <keyword>Acute Myeloid Leukemia</keyword>
  <condition_browse>
    <!-- CAUTION:  The following MeSH terms are assigned with an imperfect algorithm            -->
    <mesh_term>Leukemia</mesh_term>
    <mesh_term>Leukemia, Myeloid</mesh_term>
    <mesh_term>Leukemia, Myeloid, Acute</mesh_term>
  </condition_browse>
  <patient_data>
    <sharing_ipd>Yes</sharing_ipd>
    <ipd_description>The Dana-Farber / Harvard Cancer Center encourages and supports the responsible and ethical sharing of data from clinical trials. De-identified participant data from the final research dataset used in the published manuscript may only be shared under the terms of a Data Use Agreement. Requests may be directed to Sponsor Investigator or designee. The protocol and statistical analysis plan will be made available on Clinicaltrials.gov only as required by federal regulation or as a condition of awards and agreements supporting the research.</ipd_description>
    <ipd_info_type>Study Protocol</ipd_info_type>
    <ipd_info_type>Statistical Analysis Plan (SAP)</ipd_info_type>
    <ipd_time_frame>Data can be shared no earlier than 1 year following the date of publication</ipd_time_frame>
    <ipd_access_criteria>Contact the Partners Innovations team at http://www.partners.org/innovation</ipd_access_criteria>
  </patient_data>
  <!-- Results have not yet been posted for this study                                          -->
</clinical_study>

