<?xml version="1.0" encoding="UTF-8"?>
<clinical_study rank="48">
  <!-- This xml conforms to an XML Schema at:
    https://clinicaltrials.gov/ct2/html/images/info/public.xsd -->
  <required_header>
    <download_date>ClinicalTrials.gov processed this data on February 06, 2024</download_date>
    <link_text>Link to the current ClinicalTrials.gov record.</link_text>
    <url>https://clinicaltrials.gov/ct2/show/NCT04240600</url>
  </required_header>
  <id_info>
    <org_study_id>DI/19/11/03/017</org_study_id>
    <nct_id>NCT04240600</nct_id>
  </id_info>
  <brief_title>Effect of a Hyperproteic Hyperenergetic Enteral Formula on Body Composition and VEGF in AML During Hospital Stay</brief_title>
  <acronym>HEMVEF</acronym>
  <official_title>Effect of a Hyperproteic Hyperenergetic Enteral Formula on Body Composition, Muscle Strength and Concentration of Vascular Endothelial Growth Factor (VEGF) in Patients With Actue Myeloid Leukemia (AML) During the Hospital Stay</official_title>
  <sponsors>
    <lead_sponsor>
      <agency>Hospital General de Mexico</agency>
      <agency_class>Other</agency_class>
    </lead_sponsor>
    <collaborator>
      <agency>Fresenius Kabi</agency>
      <agency_class>Industry</agency_class>
    </collaborator>
  </sponsors>
  <source>Hospital General de Mexico</source>
  <oversight_info>
    <has_dmc>Yes</has_dmc>
    <is_fda_regulated_drug>No</is_fda_regulated_drug>
    <is_fda_regulated_device>No</is_fda_regulated_device>
  </oversight_info>
  <brief_summary>
    <textblock>
      A randomized controlled clinical trial in two groups of supplementation with high protein&#xD;
      enteral formula and a normocaloric enteral formula in two groups of 37 patients .&#xD;
    </textblock>
  </brief_summary>
  <detailed_description>
    <textblock>
      Patients with acute myeloid leukemia have a high risk of suffering sarcopenia, which&#xD;
      decreases the oncology therapy clinical response, functional ability and quality of life.&#xD;
      Chemotherapy is used in these patients, some of them inhibit angiogenesis and act in an&#xD;
      important way in physiological processes of muscle anabolism. The vascular endothelial growth&#xD;
      factor (VEGF) and its receptors (VEGFR) play a crucial role in both normal and malignant&#xD;
      angiogenesis. Activation of the VEGF pathway leads to endothelial cell activation,&#xD;
      proliferation and survival.&#xD;
&#xD;
      The objective of this study is to compare the effect of the use of a high protein, high&#xD;
      energy enteral with omega 3 formula (Supportan DKN) against a standard enteral formula&#xD;
      (Fresubin® Original DRINK) on body composition, days of hospital stay, quality of life,&#xD;
      associated muscular strength with levels of VEGF in patients with acute myeloid leukemia&#xD;
      during induction chemotherapy.&#xD;
&#xD;
      An open clinical trial was designed, in which a group of patients will receive, as part of&#xD;
      their nutritional requirements a hyperproteic hyperenergetic enteral formula versus standard&#xD;
      formula during the 21 days of the first cycle of antineoplastic treatment. We will measure&#xD;
      body composition, muscle strength and serum concentrations of VEGFR in both groups to be able&#xD;
      to compare its effect.&#xD;
    </textblock>
  </detailed_description>
  <overall_status>Unknown status</overall_status>
  <last_known_status>Recruiting</last_known_status>
  <start_date type="Anticipated">December 1, 2020</start_date>
  <completion_date type="Anticipated">December 1, 2021</completion_date>
  <primary_completion_date type="Anticipated">January 1, 2021</primary_completion_date>
  <phase>N/A</phase>
  <study_type>Interventional</study_type>
  <has_expanded_access>No</has_expanded_access>
  <study_design_info>
    <allocation>Randomized</allocation>
    <intervention_model>Parallel Assignment</intervention_model>
    <intervention_model_description>A randomized clinical trial study</intervention_model_description>
    <primary_purpose>Treatment</primary_purpose>
    <masking>Double (Participant, Investigator)</masking>
  </study_design_info>
  <primary_outcome>
    <measure>Effect of use of hyperproteic, hypercaloric enteral formula in body composition and VEGF</measure>
    <time_frame>21 days</time_frame>
    <description>The aim of this study is to compare the effect of the use of a hyperproteic hypercaloric enteral formula (Supportan DKN.) With a standard enteral formula (Fresubin® Original DRINK) in patients with AML during antineoplastic treatment.</description>
  </primary_outcome>
  <secondary_outcome>
    <measure>Body composition fat mass</measure>
    <time_frame>21 days</time_frame>
    <description>To messured fat mass with seca mBCA 525medical Body Composition Analyzer at the beginning and after intervention therapy.</description>
  </secondary_outcome>
  <secondary_outcome>
    <measure>Body compositition: fat-free mass</measure>
    <time_frame>21 days</time_frame>
    <description>To messured fat-free mass with seca mBCA 525medical Body Composition Analyzer at the beginning and after intervention therapy.</description>
  </secondary_outcome>
  <secondary_outcome>
    <measure>Body composition: phase angle</measure>
    <time_frame>21 days</time_frame>
    <description>To messured phase angle with seca mBCA 525medical Body Composition Analyzer at the beginning and after intervention therapy.</description>
  </secondary_outcome>
  <secondary_outcome>
    <measure>SARC-F</measure>
    <time_frame>21 days</time_frame>
    <description>To evaluate the score of SARC-F (an scale of symptoms to predict patients with sarcopenia at risk of low functional outcome) at the beginning and after intervention therapy.</description>
  </secondary_outcome>
  <secondary_outcome>
    <measure>Length of stay</measure>
    <time_frame>It depends of the patients health condition</time_frame>
    <description>To evaluate the length of stay (in days) of their induction chemotherapy recovery</description>
  </secondary_outcome>
  <secondary_outcome>
    <measure>Early mortality</measure>
    <time_frame>21 days</time_frame>
    <description>Estimation of early mortality (first three weeks) in patients receiving chemotherapy treatment</description>
  </secondary_outcome>
  <secondary_outcome>
    <measure>Late mortality</measure>
    <time_frame>1 year</time_frame>
    <description>Estimation of late mortality (one-year follow-up) in patients receiving chemotherapy</description>
  </secondary_outcome>
  <secondary_outcome>
    <measure>Changes in nutritional status during oncological therapy</measure>
    <time_frame>21 days</time_frame>
    <description>To documented in text format presence of changes in nutritional status according biochemical,clinical and anthropometric paramethers . This changes will be evaluated by a standarized nutricionist acording ESPEN guideliness for oncological patients</description>
  </secondary_outcome>
  <secondary_outcome>
    <measure>Evaluation of the quality of life at the beginning and after the intervention.</measure>
    <time_frame>21 days</time_frame>
    <description>To evaluate the score of the European Organization for Research and Treatment of Cancer (EORTC) at the beginning and after intervention therapy.</description>
  </secondary_outcome>
  <secondary_outcome>
    <measure>Levels of VEGF</measure>
    <time_frame>2 years</time_frame>
    <description>To determinate cuantitative levels of VEGF´s RNA expression at the beginning and after treatment</description>
  </secondary_outcome>
  <secondary_outcome>
    <measure>Response to induction chemotherapy.</measure>
    <time_frame>28 days</time_frame>
    <description>To evaluate response to induction chemotherapy from to blast citometry percentaje</description>
  </secondary_outcome>
  <secondary_outcome>
    <measure>Early biochemical recovery values</measure>
    <time_frame>28 days</time_frame>
    <description>To evaluate the recovery of platelets, neutrophils, hemoglobin</description>
  </secondary_outcome>
  <number_of_arms>2</number_of_arms>
  <enrollment type="Anticipated">74</enrollment>
  <condition>Acute Myeloid Leukemia, Adult</condition>
  <arm_group>
    <arm_group_label>Hyperproteic, hypercaloric formula</arm_group_label>
    <arm_group_type>Experimental</arm_group_type>
    <description>Each patient will receive 2 bottles per day of Supportan DKN during the hospital stay (nutritional contribution: 600 kcal and 40 g of protein).</description>
  </arm_group>
  <arm_group>
    <arm_group_label>Standard formula</arm_group_label>
    <arm_group_type>Active Comparator</arm_group_type>
    <description>Each patient will receive 2 cans or bottles per day of Fresubin® Original DRINK (nutritional contribution: 474.2 kcal and 17.6 g of protein).</description>
  </arm_group>
  <intervention>
    <intervention_type>Dietary Supplement</intervention_type>
    <intervention_name>Experimental group</intervention_name>
    <description>2 cans or bottles (200ml)per day, orally</description>
    <arm_group_label>Hyperproteic, hypercaloric formula</arm_group_label>
    <other_name>Supportan DKN</other_name>
  </intervention>
  <intervention>
    <intervention_type>Dietary Supplement</intervention_type>
    <intervention_name>Control group</intervention_name>
    <description>2 cans or bottles (200ml)per day, orally</description>
    <arm_group_label>Standard formula</arm_group_label>
    <other_name>Fresubin® Original DRINK</other_name>
  </intervention>
  <eligibility>
    <criteria>
      <textblock>
        Inclusion Criteria:&#xD;
&#xD;
          -  Adult patients with a confirmed diagnosis of AML&#xD;
&#xD;
          -  Tolerance to oral feeding&#xD;
&#xD;
          -  Induction Chemotherapy&#xD;
&#xD;
          -  Patients with nutritional risk of positive malnutrition (Score +3 NRS).&#xD;
&#xD;
          -  Candidates to receive enteral nutrition, as well as chemotherapy according to medical&#xD;
             indications.&#xD;
&#xD;
          -  Life expectancy greater than a week and with the possibility of starting oncological&#xD;
             treatment. Have informed consent obtained by the patient prior to randomization&#xD;
&#xD;
        Exclusion Criteria:&#xD;
&#xD;
          -  Geriatric patients (&gt; 60 years)&#xD;
&#xD;
          -  Patients with acute gastrointestinal bleeding, ileus and shock&#xD;
&#xD;
          -  History of recurrence of neoplasm&#xD;
&#xD;
          -  Renal failure&#xD;
&#xD;
          -  Atrophy of the gastrointestinal mucosa&#xD;
&#xD;
          -  Central nervous system disease,&#xD;
&#xD;
          -  impaired cardiac function.&#xD;
&#xD;
        Elimination criteria:&#xD;
&#xD;
        Lack of follow up Incomplete data. Insufficient amount of genetic material to perform the&#xD;
        determination of the VEGF material.&#xD;
&#xD;
        Absence of the determination of the levels of VEGF prior to the start of oncological&#xD;
        therapy.&#xD;
      </textblock>
    </criteria>
    <gender>All</gender>
    <minimum_age>18 Years</minimum_age>
    <maximum_age>60 Years</maximum_age>
    <healthy_volunteers>No</healthy_volunteers>
  </eligibility>
  <overall_official>
    <last_name>Vanessa Fuchs Tarlovsky, PhD</last_name>
    <role>Study Director</role>
    <affiliation>Hospital General de México</affiliation>
  </overall_official>
  <overall_contact>
    <last_name>Vanessa Fuchs Tarlovsky, PhD</last_name>
    <phone>+52 27 89 20 00</phone>
    <phone_ext>1453</phone_ext>
    <email>vanessafuchstarlovsky@gmail.com</email>
  </overall_contact>
  <location>
    <facility>
      <name>Vannesa Fuchs Tarlovsky</name>
      <address>
        <city>Mexico city</city>
        <zip>06720</zip>
        <country>Mexico</country>
      </address>
    </facility>
    <status>Recruiting</status>
    <contact>
      <last_name>Monica P Bejarano, MSc</last_name>
      <phone>+525527027026</phone>
    </contact>
  </location>
  <location>
    <facility>
      <name>Hospital General de México</name>
      <address>
        <city>Mexico City</city>
        <zip>06726</zip>
        <country>Mexico</country>
      </address>
    </facility>
    <status>Not yet recruiting</status>
    <contact>
      <last_name>Vanessa Fuchs, PhD</last_name>
      <phone>551 85331635</phone>
      <email>vanessafuchs@hotmail.com</email>
    </contact>
    <investigator>
      <last_name>Karolina Alvarez- Altamirano, MSc</last_name>
      <role>Sub-Investigator</role>
    </investigator>
    <investigator>
      <last_name>Erika Rosas- Gonzalez, MD</last_name>
      <role>Sub-Investigator</role>
    </investigator>
    <investigator>
      <last_name>Monica Bejarano- Rosales, MSc</last_name>
      <role>Sub-Investigator</role>
    </investigator>
    <investigator>
      <last_name>Christian Ramos- Peñafiel, PhD</last_name>
      <role>Sub-Investigator</role>
    </investigator>
  </location>
  <location_countries>
    <country>Mexico</country>
  </location_countries>
  <verification_date>September 2020</verification_date>
  <study_first_submitted>January 22, 2020</study_first_submitted>
  <study_first_submitted_qc>January 22, 2020</study_first_submitted_qc>
  <study_first_posted type="Actual">January 27, 2020</study_first_posted>
  <last_update_submitted>September 2, 2020</last_update_submitted>
  <last_update_submitted_qc>September 2, 2020</last_update_submitted_qc>
  <last_update_posted type="Actual">September 3, 2020</last_update_posted>
  <responsible_party>
    <responsible_party_type>Principal Investigator</responsible_party_type>
    <investigator_affiliation>Hospital General de Mexico</investigator_affiliation>
    <investigator_full_name>Dr. Vanessa Fuchs Tarlovsky</investigator_full_name>
    <investigator_title>Principal Investigator</investigator_title>
  </responsible_party>
  <keyword>nutrition</keyword>
  <keyword>acute myeloid leukemia</keyword>
  <keyword>body composition</keyword>
  <keyword>chemotherapy recovery</keyword>
  <keyword>VEGF</keyword>
  <condition_browse>
    <!-- CAUTION:  The following MeSH terms are assigned with an imperfect algorithm            -->
    <mesh_term>Leukemia</mesh_term>
    <mesh_term>Leukemia, Myeloid</mesh_term>
    <mesh_term>Leukemia, Myeloid, Acute</mesh_term>
  </condition_browse>
  <!-- Results have not yet been posted for this study                                          -->
</clinical_study>

