<?xml version="1.0" encoding="UTF-8"?>
<clinical_study rank="29">
  <!-- This xml conforms to an XML Schema at:
    https://clinicaltrials.gov/ct2/html/images/info/public.xsd -->
  <required_header>
    <download_date>ClinicalTrials.gov processed this data on February 06, 2024</download_date>
    <link_text>Link to the current ClinicalTrials.gov record.</link_text>
    <url>https://clinicaltrials.gov/ct2/show/NCT05939180</url>
  </required_header>
  <id_info>
    <org_study_id>Victor AML-1</org_study_id>
    <nct_id>NCT05939180</nct_id>
  </id_info>
  <brief_title>VA vs DA for ND Hig-risk AML</brief_title>
  <official_title>Study of the Efficacy and Safety of Venetoclax Plus Azacytidine Versus Daunorubicin Plus Cytarabine in Adult Acute Myeloid Leukemia (AML) Patients With Adverse Risk Features</official_title>
  <sponsors>
    <lead_sponsor>
      <agency>The First Affiliated Hospital of Soochow University</agency>
      <agency_class>Other</agency_class>
    </lead_sponsor>
  </sponsors>
  <source>The First Affiliated Hospital of Soochow University</source>
  <oversight_info>
    <is_fda_regulated_drug>No</is_fda_regulated_drug>
    <is_fda_regulated_device>No</is_fda_regulated_device>
  </oversight_info>
  <brief_summary>
    <textblock>
      This is an open-label, multicenter, phase 2b, randomized study aiming to compare the efficacy&#xD;
      and safety of venetoclax plus azacytidine Versus daunorubicin plus cytarabine (conventional&#xD;
      7+3 regimen) in adult acute myeloid leukemia (AML) patients with adverse risk featuress.&#xD;
      Participants will be 1:1 randomly assigned to the VA and DA groups. Once remission was&#xD;
      achieved, consolidated chemotherapy will be performed and allogeneic hematopoietic stem cell&#xD;
      transplantation is strongly recommended. After completion of the study intervention,&#xD;
      participants will be followed-up every 1 to 2 months for up to 2 years.&#xD;
    </textblock>
  </brief_summary>
  <detailed_description>
    <textblock>
      This is an open-label, multicenter, phase 2b, randomized study aiming to compare the efficacy&#xD;
      and safety of venetoclax plus azacytidine Versus daunorubicin plus cytarabine (conventional&#xD;
      7+3 regimen) in adult acute myeloid leukemia (AML) patients with adverse risk featuress.&#xD;
      Newly diagnosed AML patients with adverse risk features according to 2022 European Leukemia&#xD;
      Net risk stratification will be enrolled. In the study, a novel second generation targeted&#xD;
      sequencing panel for the fast screening of adverse mutations with 72-hours after the bone&#xD;
      marrow samples will be utilized. Randomized participants will receive induction treatment .&#xD;
      Participants will be 1:1 randomly assigned to the VA and DA groups. VA regimen comprises of&#xD;
      azacytidine, 75mg/m2, subcutaneously, on days 1-7; venetoclax, orally, once a day, 100mg, d1;&#xD;
      200mg, d2; 400mg, days 3-28. DA regimen comprises of daunorubicin (60mg/m2) on days 1-3,&#xD;
      intraveneously injection, and cytarabine (100mg/m2) on days 1-7, intraveneously injection,&#xD;
      for 1 cycle. Once remission was achieved, consolidated chemotherapy will be performed and&#xD;
      allogeneic hematopoietic stem cell transplantation is strongly recommended. After completion&#xD;
      of the study intervention, participants will be followed-up every 1 to 2 months for up to 2&#xD;
      years.&#xD;
    </textblock>
  </detailed_description>
  <overall_status>Recruiting</overall_status>
  <start_date type="Anticipated">July 1, 2023</start_date>
  <completion_date type="Anticipated">July 1, 2027</completion_date>
  <primary_completion_date type="Anticipated">July 1, 2025</primary_completion_date>
  <phase>Phase 2/Phase 3</phase>
  <study_type>Interventional</study_type>
  <has_expanded_access>No</has_expanded_access>
  <study_design_info>
    <allocation>Randomized</allocation>
    <intervention_model>Parallel Assignment</intervention_model>
    <primary_purpose>Treatment</primary_purpose>
    <masking>None (Open Label)</masking>
  </study_design_info>
  <primary_outcome>
    <measure>Overall response rate (ORR)</measure>
    <time_frame>From randomization to the end of induction therapy (before consolidation therapy, within 60 days)</time_frame>
    <description>Rates of complete remission/complete remission with incomplete count recovery/morphologic leukemia free state.</description>
  </primary_outcome>
  <secondary_outcome>
    <measure>DOR: duration of remission</measure>
    <time_frame>2 years</time_frame>
    <description>Time between the first remission and relapse</description>
  </secondary_outcome>
  <secondary_outcome>
    <measure>EFS：event-free survival</measure>
    <time_frame>2 years</time_frame>
    <description>time from the date of enrollment to treatment failure, relapse, death from any cause or the last follow-up</description>
  </secondary_outcome>
  <secondary_outcome>
    <measure>OS: overall survival</measure>
    <time_frame>2 years</time_frame>
    <description>time from the date of enrollment to death from any cause or the last follow-up</description>
  </secondary_outcome>
  <secondary_outcome>
    <measure>Volume of infused blood products</measure>
    <time_frame>Within 60 days after randomization</time_frame>
    <description>The volume of infused blood products during the induction treatment.</description>
  </secondary_outcome>
  <secondary_outcome>
    <measure>AE</measure>
    <time_frame>Within 60 days after randomization</time_frame>
    <description>Adverse events during the induction treatment.</description>
  </secondary_outcome>
  <number_of_arms>2</number_of_arms>
  <enrollment type="Anticipated">108</enrollment>
  <condition>Acute Myeloid Leukemia</condition>
  <arm_group>
    <arm_group_label>VA regimen</arm_group_label>
    <arm_group_type>Experimental</arm_group_type>
    <description>VA regimen: azacytidine and venetoclax</description>
  </arm_group>
  <arm_group>
    <arm_group_label>DA regimen</arm_group_label>
    <arm_group_type>Active Comparator</arm_group_type>
    <description>DA regimen: daunorubicin and cytarabine</description>
  </arm_group>
  <intervention>
    <intervention_type>Drug</intervention_type>
    <intervention_name>Venetoclax Oral Tablet</intervention_name>
    <description>VA regimen: azacytidine, 75mg/m2, subcutaneously, on days 1-7; venetoclax, orally, once a day, 100mg, d1; 200mg, d2; 400mg, days 3-28.</description>
    <arm_group_label>VA regimen</arm_group_label>
    <other_name>venetoclax plus azacytidine</other_name>
  </intervention>
  <intervention>
    <intervention_type>Drug</intervention_type>
    <intervention_name>Daunorubicin</intervention_name>
    <description>DA regimen: daunorubicin (60mg/m2) on days 1-3, intraveneously injection, and cytarabine (100mg/m2) on days 1-7, intraveneously injection, for 1 cycle.</description>
    <arm_group_label>DA regimen</arm_group_label>
    <other_name>daunorubicin plus cytarabine</other_name>
  </intervention>
  <eligibility>
    <criteria>
      <textblock>
        Inclusion Criteria:&#xD;
&#xD;
          1. Gender: female or male.&#xD;
&#xD;
          2. Age:18-64 years old.&#xD;
&#xD;
          3. Patients with newly diagnosed AML according to the WHO 2022 classification.&#xD;
&#xD;
          4. AML patients with adverse risk features according to the 2022 European Leukemia Net&#xD;
             risk stratification.&#xD;
&#xD;
          5. Untreated AML (hydroxyurea, and low dose cytarabine with cummulative dose &lt;1.0g are&#xD;
             permitted).&#xD;
&#xD;
          6. ECOG: 0-2.&#xD;
&#xD;
          7. Adequate liver function: Total bilirubin ≤ 1.5×upper limit of normal (ULN); aspartate&#xD;
             aminotransferase (AST) ≤3×ULN (liver infiltration of leukemia: ≤5×ULN); alanine&#xD;
             aminotransferase (ALT)≤3×ULN (liver infiltration of leukemia: ≤5×ULN) .&#xD;
&#xD;
          8. Adequate Renal function: Ccr (Creatinine Clearance Rate) ≥30 ml/min.&#xD;
&#xD;
          9. Be able to understand and be willing to participate in the study. Be able to provide&#xD;
             written informed consent.&#xD;
&#xD;
        Exclusion Criteria:&#xD;
&#xD;
          1. Patients with acute promyeloid leukemia.&#xD;
&#xD;
          2. AML with central nervous system infiltration.&#xD;
&#xD;
          3. Patients diagnosed with myeloid sarcoma.&#xD;
&#xD;
          4. Patients have AML secondary to MDS and previously been treated with hypomethylating&#xD;
             agents.&#xD;
&#xD;
          5. Patients with active infection, which is considered as uncontrollable by the&#xD;
             investigator.&#xD;
&#xD;
          6. Patients with active hepatitis B, hepatitis C and HIV infection.&#xD;
&#xD;
          7. Patients with heart failure (grade 3-4);&#xD;
&#xD;
          8. Patients who are pregnant or breastfeeding.&#xD;
&#xD;
          9. Patients who refused to be enrolled in the study. Patients who are considered as&#xD;
             ineligible for the enrollment by the investigators.&#xD;
      </textblock>
    </criteria>
    <gender>All</gender>
    <minimum_age>18 Years</minimum_age>
    <maximum_age>64 Years</maximum_age>
    <healthy_volunteers>No</healthy_volunteers>
  </eligibility>
  <overall_official>
    <last_name>Su-ning Chen</last_name>
    <role>Principal Investigator</role>
    <affiliation>The First Affiliated Hospital of Soochow University</affiliation>
  </overall_official>
  <overall_contact>
    <last_name>Su-ning Chen</last_name>
    <phone>008613814881746</phone>
    <email>chensuning@sina.com</email>
  </overall_contact>
  <location>
    <facility>
      <name>The First Affiliated Hospital of Soochow University, Jiangsu Institute of Hematology</name>
      <address>
        <city>Suzhou</city>
        <state>Jiangsu</state>
        <zip>215000</zip>
        <country>China</country>
      </address>
    </facility>
    <status>Recruiting</status>
    <contact>
      <last_name>Suning Chen</last_name>
      <phone>13814881746</phone>
      <email>chensuning@sina.com</email>
    </contact>
  </location>
  <location>
    <facility>
      <name>Ethical Committee of the First Affliated Hospital of Soochow University</name>
      <address>
        <city>Suzhou</city>
        <state>Jiangsu</state>
        <zip>215006</zip>
        <country>China</country>
      </address>
    </facility>
    <status>Recruiting</status>
    <contact>
      <last_name>Zhou-lin Lu</last_name>
      <phone>13914086271</phone>
    </contact>
  </location>
  <location_countries>
    <country>China</country>
  </location_countries>
  <verification_date>June 2023</verification_date>
  <study_first_submitted>July 3, 2023</study_first_submitted>
  <study_first_submitted_qc>July 3, 2023</study_first_submitted_qc>
  <study_first_posted type="Actual">July 11, 2023</study_first_posted>
  <last_update_submitted>July 3, 2023</last_update_submitted>
  <last_update_submitted_qc>July 3, 2023</last_update_submitted_qc>
  <last_update_posted type="Actual">July 11, 2023</last_update_posted>
  <responsible_party>
    <responsible_party_type>Sponsor</responsible_party_type>
  </responsible_party>
  <keyword>Adverse risk, newly diagnosed, induction therapy</keyword>
  <condition_browse>
    <!-- CAUTION:  The following MeSH terms are assigned with an imperfect algorithm            -->
    <mesh_term>Leukemia</mesh_term>
    <mesh_term>Leukemia, Myeloid</mesh_term>
    <mesh_term>Leukemia, Myeloid, Acute</mesh_term>
  </condition_browse>
  <intervention_browse>
    <!-- CAUTION:  The following MeSH terms are assigned with an imperfect algorithm            -->
    <mesh_term>Cytarabine</mesh_term>
    <mesh_term>Azacitidine</mesh_term>
    <mesh_term>Daunorubicin</mesh_term>
    <mesh_term>Venetoclax</mesh_term>
  </intervention_browse>
  <patient_data>
    <sharing_ipd>No</sharing_ipd>
  </patient_data>
  <!-- Results have not yet been posted for this study                                          -->
</clinical_study>

