<?xml version="1.0" encoding="UTF-8"?>
<clinical_study rank="261">
  <!-- This xml conforms to an XML Schema at:
    https://clinicaltrials.gov/ct2/html/images/info/public.xsd -->
  <required_header>
    <download_date>ClinicalTrials.gov processed this data on February 06, 2024</download_date>
    <link_text>Link to the current ClinicalTrials.gov record.</link_text>
    <url>https://clinicaltrials.gov/ct2/show/NCT05001828</url>
  </required_header>
  <id_info>
    <org_study_id>POLARIS2020-002</org_study_id>
    <nct_id>NCT05001828</nct_id>
  </id_info>
  <brief_title>Study of ADI-PEG 20, Venetoclax and Azacitidine in Acute Myeloid Leukemia</brief_title>
  <official_title>Phase IA/B Combination Study of ADI-PEG 20, Venetoclax and Azacitidine in Patients With Acute Myeloid Leukemia (AML)</official_title>
  <sponsors>
    <lead_sponsor>
      <agency>Polaris Group</agency>
      <agency_class>Industry</agency_class>
    </lead_sponsor>
  </sponsors>
  <source>Polaris Group</source>
  <oversight_info>
    <has_dmc>No</has_dmc>
    <is_fda_regulated_drug>Yes</is_fda_regulated_drug>
    <is_fda_regulated_device>No</is_fda_regulated_device>
  </oversight_info>
  <brief_summary>
    <textblock>
      Pegylated arginine deiminase (ADI-PEG 20) will be combined with venetoclax and azacitidine&#xD;
      for treatment of subjects with previously treated or untreated with high risk factor acute&#xD;
      myeloid leukemia (AML). Venetoclax and azacitidine are front-line therapy for such patients,&#xD;
      and ADI-PEG 20 will be added to this regimen in a phase IA/B study.&#xD;
    </textblock>
  </brief_summary>
  <detailed_description>
    <textblock>
      This is an open label, single arm, phase 1 trial with recommended phase 2 dose (RP2D) cohorts&#xD;
      based on subject inclusion criteria.&#xD;
&#xD;
      Lead In: 6 patients will be enrolled to be treated with standard dose of azacitidine and&#xD;
      venetoclax and the expected RP2D of ADI-PEG 20 (dose level 0). In case of DLT occurring in &gt;1&#xD;
      patient in cycle 1, 6 additional patients will be accrued at dose level -1 of ADI-PEG 20&#xD;
      while keeping the doses of azacitidine and venetoclax unchanged (Dose level -1). Enrollment&#xD;
      to cohort 1 and 2 will start after ≤1 patient out of 6 encounters DLT in cycle 1 at one of&#xD;
      these dose levels. The 6 patients enrolled at that dose level will be counted for efficacy&#xD;
      analysis in Cohort 1. Cohort 1: Relapsed or refractory AML: target response 25%. Historical&#xD;
      expectation for venetoclax and azacitidine is 15%.&#xD;
&#xD;
      Cohort 2: Newly diagnosed high risk AML: Target response 55%. Historical expectation for&#xD;
      venetoclax and azacitidine is 40%.&#xD;
&#xD;
      Treatment may be continued for a total of 24 cycles, each of 28 days.&#xD;
    </textblock>
  </detailed_description>
  <overall_status>Recruiting</overall_status>
  <start_date type="Actual">April 5, 2022</start_date>
  <completion_date type="Anticipated">December 2025</completion_date>
  <primary_completion_date type="Anticipated">July 2025</primary_completion_date>
  <phase>Phase 1</phase>
  <study_type>Interventional</study_type>
  <has_expanded_access>No</has_expanded_access>
  <study_design_info>
    <allocation>Non-Randomized</allocation>
    <intervention_model>Single Group Assignment</intervention_model>
    <primary_purpose>Treatment</primary_purpose>
    <masking>None (Open Label)</masking>
  </study_design_info>
  <primary_outcome>
    <measure>Determine the RP2D of ADI-PEG 20 in combination with venetoclax and azacitidine, per the number of subjects with treatment-related adverse events by current CTCAE</measure>
    <time_frame>6 months</time_frame>
  </primary_outcome>
  <secondary_outcome>
    <measure>Determine preliminary evidence of tumor activity, per the revised 2017 European LeukemiaNet criteria</measure>
    <time_frame>2 years</time_frame>
  </secondary_outcome>
  <secondary_outcome>
    <measure>Determine the peripheral blood arginine levels of ADI-PEG 20 in combination with venetoclax and azacitidine</measure>
    <time_frame>2 years</time_frame>
  </secondary_outcome>
  <secondary_outcome>
    <measure>Determine the peripheral blood citrulline levels of ADI-PEG 20 in combination with venetoclax and azacitidine</measure>
    <time_frame>2 years</time_frame>
  </secondary_outcome>
  <secondary_outcome>
    <measure>Determine the anti-drug antibodies of ADI-PEG 20 in combination with venetoclax and azacitidine</measure>
    <time_frame>2 years</time_frame>
  </secondary_outcome>
  <number_of_arms>2</number_of_arms>
  <enrollment type="Anticipated">60</enrollment>
  <condition>Acute Myeloid Leukemia, Adult</condition>
  <arm_group>
    <arm_group_label>Previously Treated AML</arm_group_label>
    <arm_group_type>Experimental</arm_group_type>
    <description>Previously treated AML based on the revised 2017 European LeukemiaNet (ELN) criteria with age at least 18 years, and having ≥10% blasts in bone marrow or peripheral blood</description>
  </arm_group>
  <arm_group>
    <arm_group_label>Untreated AML With High Risk Features</arm_group_label>
    <arm_group_type>Experimental</arm_group_type>
    <description>Untreated AML per ELN criteria with high risk features, or age ≥ 65 years and ineligible for intensive chemotherapy because of older than 75 years, cardiac disease or prior anthracycline use or high probability of treatment-related mortality</description>
  </arm_group>
  <intervention>
    <intervention_type>Drug</intervention_type>
    <intervention_name>ADI-PEG 20</intervention_name>
    <description>ADI-PEG 20 in combination with venetoclax and azacitidine</description>
    <arm_group_label>Previously Treated AML</arm_group_label>
    <arm_group_label>Untreated AML With High Risk Features</arm_group_label>
    <other_name>Venetoclax</other_name>
    <other_name>Azacitidine</other_name>
  </intervention>
  <eligibility>
    <criteria>
      <textblock>
        Inclusion Criteria:&#xD;
&#xD;
          -  Cohort 1: Previously treated (relapsed/recurrent) or refractory AML based on the 2016&#xD;
             revision to the World Health Organization (WHO) criteria (Arber 2016)&#xD;
&#xD;
          -  Cohort 2: Untreated AML per 2016 WHO (Arber 2016) criteria with high-risk features and&#xD;
             not a candidate for intensive chemotherapy because of age 60 years or older,&#xD;
             age-related comorbidities, cardiac disease, prior anthracycline use, high probability&#xD;
             of treatment-related mortality, or otherwise would not benefit from intensive&#xD;
             chemotherapy treatment.&#xD;
&#xD;
          -  Age ≥ 18 years&#xD;
&#xD;
          -  Life expectancy reasonably adequate for evaluating the treatment&#xD;
&#xD;
          -  White blood cell (WBC) count of 10 × 109/L or less. (Use of hydroxyurea to control WBC&#xD;
             is allowed till 48 hours prior to protocol treatment)&#xD;
&#xD;
          -  Adequate renal function: Creatinine ≤ 1.5 x upper limit of normal (ULN) or creatinine&#xD;
             clearance &gt; 40 mL/minute (measured or calculated according to the Cockcroft-Gault&#xD;
             formula)&#xD;
&#xD;
          -  Adequate liver function&#xD;
&#xD;
               -  Total bilirubin ≤ 1.5 x ULN&#xD;
&#xD;
               -  ALT and AST both ≤ 2.5 x institutional ULN or ≤ 5 times the ULN for patients with&#xD;
                  leukemic involvement of liver&#xD;
&#xD;
        Exclusion Criteria:&#xD;
&#xD;
          -  Prior treatments as follows:&#xD;
&#xD;
               1. Cohort 1: &gt;2 cycles of prior combination treatment with&#xD;
                  venetoclax+hypomethelating agent (i.e. azacitidine, decitabine) is exclusionary.&#xD;
                  All other prior treatment for antecedent hematological disorders and/or for AML&#xD;
                  is permitted.&#xD;
&#xD;
               2. Cohort 2: Prior treatment for antecedent hematological disorders with venetoclax&#xD;
                  or chemotherapy or any prior treatment for their AML is exclusionary. However,&#xD;
                  treatment with other agents, including hydroxyurea or ≤2 cycles of&#xD;
                  hypomethylating agent (i.e. azacitidine, decitabine), for MDS or&#xD;
                  myeloproliferative neoplasm is permitted.&#xD;
&#xD;
          -  Cohort 2: Favorable risk AML per European LeukemiaNet (ELN) 2022 criteria (Döhner&#xD;
             2022)&#xD;
&#xD;
          -  Known active CNS involvement by leukemia&#xD;
      </textblock>
    </criteria>
    <gender>All</gender>
    <minimum_age>18 Years</minimum_age>
    <maximum_age>99 Years</maximum_age>
    <healthy_volunteers>No</healthy_volunteers>
  </eligibility>
  <overall_official>
    <last_name>John S Bomalaski</last_name>
    <role>Study Director</role>
    <affiliation>Polaris Group</affiliation>
  </overall_official>
  <overall_contact>
    <last_name>Nicole DeFord</last_name>
    <phone>619-808-5065</phone>
    <email>ndeford@polarispharma.com</email>
  </overall_contact>
  <overall_contact_backup>
    <last_name>Mirla Langlois</last_name>
    <phone>858-452-6688</phone>
    <phone_ext>161</phone_ext>
    <email>mlanglois@polarispharma.com</email>
  </overall_contact_backup>
  <location>
    <facility>
      <name>Orchard Healthcare Research Inc</name>
      <address>
        <city>Skokie</city>
        <state>Illinois</state>
        <zip>60077</zip>
        <country>United States</country>
      </address>
    </facility>
    <status>Recruiting</status>
    <contact>
      <last_name>Joy Jardinico, RN</last_name>
      <phone>224-534-7580</phone>
      <email>jjardinico@orchardhr.com</email>
    </contact>
    <contact_backup>
      <last_name>Ofelia Hernandez</last_name>
      <phone>224-534-7580</phone>
      <email>ohernandez@orchardhr.com</email>
    </contact_backup>
  </location>
  <location>
    <facility>
      <name>Levine Cancer Institute</name>
      <address>
        <city>Charlotte</city>
        <state>North Carolina</state>
        <zip>28204</zip>
        <country>United States</country>
      </address>
    </facility>
    <status>Not yet recruiting</status>
    <contact>
      <last_name>Kelly Bumgarner, RN</last_name>
      <phone>980-521-8696</phone>
      <email>Kelly.Bumgarner@atriumhealth.org</email>
    </contact>
    <contact_backup>
      <last_name>Neha Upadhyay, RN</last_name>
      <phone>980-442-2393</phone>
      <email>Neha.Upadhyay@atriumhealth.org</email>
    </contact_backup>
  </location>
  <location>
    <facility>
      <name>MD Anderson Cancer Center</name>
      <address>
        <city>Houston</city>
        <state>Texas</state>
        <zip>77030</zip>
        <country>United States</country>
      </address>
    </facility>
    <status>Recruiting</status>
    <contact>
      <last_name>Gautam Borthakur</last_name>
      <phone>713-563-1586</phone>
      <email>GBorthak@mdanderson.org</email>
    </contact>
  </location>
  <location_countries>
    <country>United States</country>
  </location_countries>
  <verification_date>May 2023</verification_date>
  <study_first_submitted>July 26, 2021</study_first_submitted>
  <study_first_submitted_qc>August 3, 2021</study_first_submitted_qc>
  <study_first_posted type="Actual">August 12, 2021</study_first_posted>
  <last_update_submitted>May 9, 2023</last_update_submitted>
  <last_update_submitted_qc>May 9, 2023</last_update_submitted_qc>
  <last_update_posted type="Actual">May 11, 2023</last_update_posted>
  <responsible_party>
    <responsible_party_type>Sponsor</responsible_party_type>
  </responsible_party>
  <condition_browse>
    <!-- CAUTION:  The following MeSH terms are assigned with an imperfect algorithm            -->
    <mesh_term>Leukemia</mesh_term>
    <mesh_term>Leukemia, Myeloid</mesh_term>
    <mesh_term>Leukemia, Myeloid, Acute</mesh_term>
  </condition_browse>
  <intervention_browse>
    <!-- CAUTION:  The following MeSH terms are assigned with an imperfect algorithm            -->
    <mesh_term>Azacitidine</mesh_term>
    <mesh_term>Venetoclax</mesh_term>
  </intervention_browse>
  <patient_data>
    <sharing_ipd>No</sharing_ipd>
  </patient_data>
  <!-- Results have not yet been posted for this study                                          -->
</clinical_study>

